# EXP02 capture  port=COM8  start=2026-10-01T22:06:41.7669926+03:00
[00:00:48.832,244] [0m<inf> exp02_logging: XY 48832 -5000297 -402_logging: XY 50565 -4473920 -5000238[ exp02_logging: XY 48840 -4737205 -4342412[0m
[00:00:48.848,297] [0m<inf> exp02_logging: XY 48848 -4474099 -5000235[0m
[00:00:48.856,292] [0m<inf> exp02_logging: XY 48856 -4934538 -4802941[0m
[00:00:48.864,349] [0m<inf> exp02_logging: XY 48864 -3750163 -4671477[0m
[00:00:48.872,375] [0m<inf> exp02_logging: XY 48872 -5000289 -4934532[0m
[00:00:48.880,401] [0m<inf> exp02_logging: XY 48880 -4737161 -4276692[0m
[00:00:48.888,458] [0m<inf> exp02_logging: XY 48888 -4539787 -5000236[0m
[00:00:48.896,453] [0m<inf> exp02_logging: XY 48896 -4934519 -4802900[0m
[00:00:48.904,479] [0m<inf> exp02_logging: XY 48904 -3618606 -4737177[0m
[00:00:48.912,506] [0m<inf> exp02_logging: XY 48912 -5000280 -4934522[0m
[00:00:48.920,562] [0m<inf> exp02_logging: XY 48920 -4737088 -4210857[0m
[00:00:48.928,558] [0m<inf> exp02_logging: XY 48928 -4539829 -5000233[0m
[00:00:48.936,584] [0m<inf> exp02_logging: XY 48936 -4934503 -4802846[0m
[00:00:48.944,610] [0m<inf> exp02_logging: XY 48944 -3552874 -4802836[0m
[00:00:48.952,667] [0m<inf> exp02_logging: XY 48952 -5000275 -4934505[0m
[00:00:48.960,662] [0m<inf> exp02_logging: XY 48960 -4737046 -4145102[0m
[00:00:48.968,719] [0m<inf> exp02_logging: XY 48968 -4605470 -5000228[0m
[00:00:48.976,715] [0m<inf> exp02_logging: XY 48976 -4934479 -4737268[0m
[00:00:48.984,741] [0m<inf> exp02_logging: XY 48984 -3552792 -4802977[0m
[00:00:48.992,767] [0m<inf> exp02_logging: XY 48992 -5000270 -4934495[0m
[00:00:49.000,793] [0m<inf> exp02_logging: XY 49000 -4671450 -4079286[0m
[00:00:49.008,819] [0m<inf> exp02_logging: XY 49008 -4605542 -5000223[0m
[00:00:49.016,876] [0m<inf> exp02_logging: XY 49016 -4934451 -4737212[0m
[00:00:49.024,871] [0m<inf> exp02_logging: XY 49024 -3552829 -4868629[0m
[00:00:49.032,897] [0m<inf> exp02_logging: XY 49032 -5000262 -4934483[0m
[00:00:49.040,924] [0m<inf> exp02_logging: XY 49040 -4671409 -4013522[0m
[00:00:49.048,950] [0m<inf> exp02_logging: XY 49048 -4605645 -5000218[0m
[00:00:49.056,976] [0m<inf> exp02_logging: XY 49056 -4934428 -4737173[0m
[00:00:49.065,002] [0m<inf> exp02_logging: XY 49065 -3618575 -4868745[0m
[00:00:49.073,028] [0m<inf> exp02_logging: XY 49072 -5000256 -4934467[0m
[00:00:49.081,085] [0m<inf> exp02_logging: XY 49081 -4671360 -4013331[0m
[00:00:49.089,080] [0m<inf> exp02_logging: XY 49089 -4671301 -5000211[0m
[00:00:49.097,106] [0m<inf> exp02_logging: XY 49097 -4868856 -4737130[0m
[00:00:49.105,133] [0m<inf> exp02_logging: XY 49105 -3618690 -4868811[0m
[00:00:49.113,159] [0m<inf> exp02_logging: XY 49113 -5000245 -4934441[0m
[00:00:49.121,185] [0m<inf> exp02_logging: XY 49121 -4671323 -4013336[0m
[00:00:49.129,241] [0m<inf> exp02_logging: XY 49129 -4671458 -5000204[0m
[00:00:49.137,237] [0m<inf> exp02_logging: XY 49137 -4868830 -4737104[0m
[00:00:49.145,263] [0m<inf> exp02_logging: XY 49145 -3684552 -4934414[0m
[00:00:49.153,289] [0m<inf> exp02_logging: XY 49153 -5000237 -4934420[0m
[00:00:49.161,315] [0m<inf> exp02_logging: XY 49161 -4671259 -4013354[0m
[00:00:49.169,342] [0m<inf> exp02_logging: XY 49169 -4737157 -5000198[0m
[00:00:49.177,398] [0m<inf> exp02_logging: XY 49177 -4868796 -4737064[0m
[00:00:49.185,394] [0m<inf> exp02_logging: XY 49185 -3750344 -4934469[0m
[00:00:49.193,420] [0m<inf> exp02_logging: XY 49193 -5000235 -4868859[0m
[00:00:49.201,446] [0m<inf> exp02_logging: XY 49201 -4605656 -4013438[0m
[00:00:49.209,472] [0m<inf> exp02_logging: XY 49209 -4802859 -4934653[0m
[00:00:49.217,498] [0m<inf> exp02_logging: XY 49217 -4868777 -4737041[0m
[00:00:49.225,524] [0m<inf> exp02_logging: XY 49225 -3881756 -4934521[0m
[00:00:49.233,551] [0m<inf> exp02_logging: XY 49233 -5000231 -4868835[0m
[00:00:49.241,577] [0m<inf> exp02_logging: XY 49241 -4605513 -4013531[0m
[00:00:49.249,603] [0m<inf> exp02_logging: XY 49249 -4803015 -4934647[0m
[00:00:49.257,629] [0m<inf> exp02_logging: XY 49257 -4868748 -4671468[0m
[00:00:49.265,655] [0m<inf> exp02_logging: XY 49265 -3947526 -4934570[0m
[00:00:49.273,681] [0m<inf> exp02_logging: XY 49273 -5000230 -4868809[0m
[00:00:49.281,707] [0m<inf> exp02_logging: XY 49281 -4539852 -4079230[0m
[00:00:49.289,733] [0m<inf> exp02_logging: XY 49289 -4868694 -4934643[0m
[00:00:49.297,760] [0m<inf> exp02_logging: XY 49297 -4868733 -4671438[0m
[00:00:49.305,786] [0m<inf> exp02_logging: XY 49305 -4013386 -4934608[0m
[00:00:49.313,812] [0m<inf> exp02_logging: XY 49313 -5000227 -4868788[0m
[00:00:49.321,838] [0m<inf> exp02_logging: XY 49321 -4474094 -4144921[0m
[00:00:49.329,864] [0m<inf> exp02_logging: XY 49329 -4868827 -4934638[0m
[00:00:49.337,890] [0m<inf> exp02_logging: XY 49337 -4868702 -4671376[0m
[00:00:49.345,916] [0m<inf> exp02_logging: XY 49345 -4079130 -4934639[0m
[00:00:49.353,942] [0m<inf> exp02_logging: XY 49353 -5000219 -4868758[0m
[00:00:49.361,968] [0m<inf> exp02_logging: XY 49361 -4473913 -4145081[0m
[00:00:49.369,995] [0m<inf> exp02_logging: XY 49369 -4934479 -4934636[0m
[00:00:49.378,021] [0m<inf> exp02_logging: XY 49377 -4868677 -4671308[0m
[00:00:49.386,047] [0m<inf> exp02_logging: XY 49386 -4145115 -5000200[0m
[00:00:49.394,073] [0m<inf> exp02_logging: XY 49394 -5000208 -4868742[0m
[00:00:49.402,130] [0m<inf> exp02_logging: XY 49402 -4408083 -4210844[0m
[00:00:49.410,125] [0m<inf> exp02_logging: XY 49410 -4934575 -4934635[0m
[00:00:49.418,121] [0m<inf> exp02_logging: XY 49418 -4868648 -4605679[0m
[00:00:49.426,177] [0m<inf> exp02_logging: XY 49426 -4210735 -5000217[0m
[00:00:49.434,204] [0m<inf> exp02_logging: XY 49434 -4934656 -4868718[0m
[00:00:49.442,230] [0m<inf> exp02_logging: XY 49442 -4342327 -4276528[0m
[00:00:49.450,256] [0m<inf> exp02_logging: XY 49450 -4934655 -4934629[0m
[00:00:49.458,282] [0m<inf> exp02_logging: XY 49458 -4868609 -4605567[0m
[00:00:49.466,339] [0m<inf> exp02_logging: XY 49466 -4276498 -5000226[0m
[00:00:49.474,334] [0m<inf> exp02_logging: XY 49474 -4934645 -4868700[0m
[00:00:49.482,391] [0m<inf> exp02_logging: XY 49482 -4210930 -4342302[0m
[00:00:49.490,386] [0m<inf> exp02_logging: XY 49490 -5000252 -4934622[0m
[00:00:49.498,413] [0m<inf> exp02_logging: XY 49498 -4803027 -4539892[0m
[00:00:49.506,439] [0m<inf> exp02_logging: XY 49506 -4342279 -5000228[0m
[00:00:49.514,465] [0m<inf> exp02_logging: XY 49514 -4934628 -4868672[0m
[00:00:49.522,491] [0m<inf> exp02_logging: XY 49522 -4210704 -4342521[0m
[00:00:49.530,548] [0m<inf> exp02_logging: XY 49530 -5000297 -4934612[0m
[00:00:49.538,543] [0m<inf> exp02_logging: XY 49538 -4802988 -4539761[0m
[00:00:49.546,569] [0m<inf> exp02_logging: XY 49546 -4342342 -5000234[0m
[00:00:49.554,595] [0m<inf> exp02_logging: XY 49554 -4934617 -4868651[0m
[00:00:49.562,622] [0m<inf> exp02_logging: XY 49562 -4079280 -4408302[0m
[00:00:49.570,648] [0m<inf> exp02_logging: XY 49570 -5000317 -4934600[0m
[00:00:49.578,704] [0m<inf> exp02_logging: XY 49578 -4802929 -4474036[0m
[00:00:49.586,700] [0m<inf> exp02_logging: XY 49586 -4342488 -5000233[0m
[00:00:49.594,726] [0m<inf> exp02_logging: XY 49594 -4934593 -4868614[0m
[00:00:49.602,752] [0m<inf> exp02_logging: XY 49602 -4013426 -4474053[0m
[00:00:49.610,778] [0m<inf> exp02_logging: XY 49610 -5000318 -4934587[0m
[00:00:49.618,804] [0m<inf> exp02_logging: XY 49618 -4802886 -4473909[0m
[00:00:49.626,861] [0m<inf> exp02_logging: XY 49626 -4408192 -5000236[0m
[00:00:49.634,857] [0m<inf> exp02_logging: XY 49634 -4934579 -4803048[0m
[00:00:49.642,913] [0m<inf> exp02_logging: XY 49642 -3881938 -4539820[0m
[00:00:49.650,909] [0m<inf> exp02_logging: XY 49650 -5000317 -4934579[0m
[00:00:49.658,935] [0m<inf> exp02_logging: XY 49658 -4802827 -4408202[0m
[00:00:49.666,961] [0m<inf> exp02_logging: XY 49666 -4473861 -5000237[0m
[00:00:49.674,987] [0m<inf> exp02_logging: XY 49674 -4934562 -4802999[0m
[00:00:49.683,013] [0m<inf> exp02_logging: XY 49682 -3816079 -4605533[0m
[00:00:49.691,070] [0m<inf> exp02_logging: XY 49691 -5000307 -4934559[0m
[00:00:49.699,066] [0m<inf> exp02_logging: XY 49699 -4737250 -4342514[0m
[00:00:49.707,122] [0m<inf> exp02_logging: XY 49707 -4474005 -5000238[0m
[00:00:49.715,118] [0m<inf> exp02_logging: XY 49715 -4934546 -4802963[0m
[00:00:49.723,144] [0m<inf> exp02_logging: XY 49723 -3684587 -4671293[0m
[00:00:49.731,170] [0m<inf> exp02_logging: XY 49731 -5000298 -4934547[0m
[00:00:49.739,196] [0m<inf> exp02_logging: XY 49739 -4737182 -4342301[0m
[00:00:49.747,222] [0m<inf> exp02_logging: XY 49747 -4539667 -5000237[0m
[00:00:49.755,279] [0m<inf> exp02_logging: XY 49755 -4934528 -4802918[0m
[00:00:49.763,275] [0m<inf> exp02_logging: XY 49763 -3618783 -4671480[0m
[00:00:49.771,331] [0m<inf> exp02_logging: XY 49771 -5000289 -4934530[0m
[00:00:49.779,327] [0m<inf> exp02_logging: XY 49779 -4737133 -4276586[0m
[00:00:49.787,353] [0m<inf> exp02_logging: XY 49787 -4539790 -5000239[0m
[00:00:49.795,379] [0m<inf> exp02_logging: XY 49795 -4934519 -4802881[0m
[00:00:49.803,405] [0m<inf> exp02_logging: XY 49803 -3552958 -4737197[0m
[00:00:49.811,431] [0m<inf> exp02_logging: XY 49811 -5000283 -4934517[0m
[00:00:49.819,488] [0m<inf> exp02_logging: XY 49819 -4737079 -4210785[0m
[00:00:49.827,484] [0m<inf> exp02_logging: XY 49827 -4539852 -5000234[0m
[00:00:49.835,510] [0m<inf> exp02_logging: XY 49835 -4934496 -4802833[0m
[00:00:49.843,536] [0m<inf> exp02_logging: XY 49843 -3552936 -4802878[0m
[00:00:49.851,562] [0m<inf> exp02_logging: XY 49851 -5000275 -4934503[0m
[00:00:49.859,588] [0m<inf> exp02_logging: XY 49859 -4737034 -4145038[0m
[00:00:49.867,645] [0m<inf> exp02_logging: XY 49867 -4605501 -5000228[0m
[00:00:49.875,640] [0m<inf> exp02_logging: XY 49875 -4934474 -4737259[0m
[00:00:49.883,697] [0m<inf> exp02_logging: XY 49883 -3552807 -4803014[0m
[00:00:49.891,693] [0m<inf> exp02_logging: XY 49891 -5000269 -4934493[0m
[00:00:49.899,719] [0m<inf> exp02_logging: XY 49899 -4671447 -4079238[0m
[00:00:49.907,745] [0m<inf> exp02_logging: XY 49907 -4605670 -5000224[0m
[00:00:49.915,771] [0m<inf> exp02_logging: XY 49915 -4934443 -4737205[0m
[00:00:49.923,797] [0m<inf> exp02_logging: XY 49923 -3552913 -4868662[0m
[00:00:49.931,854] [0m<inf> exp02_logging: XY 49931 -5000260 -4934478[0m
[00:00:49.939,849] [0m<inf> exp02_logging: XY 49939 -4671411 -4013512[0m
[00:00:49.947,906] [0m<inf> exp02_logging: XY 49947 -4605685 -5000215[0m
[00:00:49.955,902] [0m<inf> exp02_logging: XY 49955 -4934421 -4737171[0m
[00:00:49.963,958] [0m<inf> exp02_logging: XY 49963 -3618602 -4868767[0m
[00:00:49.971,954] [0m<inf> exp02_logging: XY 49971 -5000252 -4934460[0m
[00:00:49.980,010] [0m<inf> exp02_logging: XY 49979 -4671356 -4013359[0m
[00:00:49.988,006] [0m<inf> exp02_logging: XY 49987 -4671343 -5000213[0m
[00:00:49.996,032] [0m<inf> exp02_logging: XY 49996 -4868848 -4737130[0m
[00:00:50.004,058] [0m<inf> exp02_logging: XY 50004 -3684362 -4868832[0m
[00:00:50.012,084] [0m<inf> exp02_logging: XY 50012 -5000240 -4934436[0m
[00:00:50.020,111] [0m<inf> exp02_logging: XY 50020 -4671323 -4013368[0m
[00:00:50.028,137] [0m<inf> exp02_logging: XY 50028 -4737134 -5000204[0m
[00:00:50.036,163] [0m<inf> exp02_logging: XY 50036 -4868829 -4737100[0m
[00:00:50.044,219] [0m<inf> exp02_logging: XY 50044 -3750216 -4934434[0m
[00:00:50.052,215] [0m<inf> exp02_logging: XY 50052 -5000235 -4934415[0m
[00:00:50.060,241] [0m<inf> exp02_logging: XY 50060 -4671257 -4013416[0m
[00:00:50.068,267] [0m<inf> exp02_logging: XY 50068 -4737232 -5000193[0m
[00:00:50.076,293] [0m<inf> exp02_logging: XY 50076 -4868796 -4737069[0m
[00:00:50.084,320] [0m<inf> exp02_logging: XY 50084 -3816006 -4934478[0m
[00:00:50.092,376] [0m<inf> exp02_logging: XY 50092 -5000233 -4868851[0m
[00:00:50.100,372] [0m<inf> exp02_logging: XY 50100 -4605642 -4013498[0m
[00:00:50.108,398] [0m<inf> exp02_logging: XY 50108 -4802901 -4934651[0m
[00:00:50.116,424] [0m<inf> exp02_logging: XY 50116 -4868772 -4737040[0m
[00:00:50.124,481] [0m<inf> exp02_logging: XY 50124 -3881861 -4934539[0m
[00:00:50.132,476] [0m<inf> exp02_logging: XY 50132 -5000229 -4868829[0m
[00:00:50.140,533] [0m<inf> exp02_logging: XY 50140 -4605492 -4079156[0m
[00:00:50.148,529] [0m<inf> exp02_logging: XY 50148 -4803058 -4934644[0m
[00:00:50.156,585] [0m<inf> exp02_logging: XY 50156 -4868741 -4671470[0m
[00:00:50.164,581] [0m<inf> exp02_logging: XY 50164 -3947715 -4934578[0m
[00:00:50.172,607] [0m<inf> exp02_logging: XY 50172 -5000227 -4868803[0m
[00:00:50.180,633] [0m<inf> exp02_logging: XY 50180 -4539833 -4079322[0m
[00:00:50.188,659] [0m<inf> exp02_logging: XY 50188 -4868725 -4934641[0m
[00:00:50.196,685] [0m<inf> exp02_logging: XY 50196 -4868722 -4671437[0m
[00:00:50.204,711] [0m<inf> exp02_logging: XY 50204 -4013478 -4934623[0m
[00:00:50.212,738] [0m<inf> exp02_logging: XY 50212 -5000223 -4868783[0m
[00:00:50.220,764] [0m<inf> exp02_logging: XY 50220 -4474059 -4145016[0m
[00:00:50.228,790] [0m<inf> exp02_logging: XY 50228 -4934409 -4934637[0m
[00:00:50.236,816] [0m<inf> exp02_logging: XY 50236 -4868692 -4671364[0m
[00:00:50.244,842] [0m<inf> exp02_logging: XY 50244 -4079344 -4934643[0m
[00:00:50.252,868] [0m<inf> exp02_logging: XY 50252 -5000213 -4868756[0m
[00:00:50.260,894] [0m<inf> exp02_logging: XY 50260 -4473857 -4210721[0m
[00:00:50.268,920] [0m<inf> exp02_logging: XY 50268 -4934512 -4934634[0m
[00:00:50.276,947] [0m<inf> exp02_logging: XY 50276 -4868668 -4671287[0m
[00:00:50.284,973] [0m<inf> exp02_logging: XY 50284ng: XY 50292 -5000204 -4868734[0m
[00:00:50.301,025] [0m<inf> exp02_logging: XY 50301 -4342500 -4210917[0m
[00:00:50.309,051] [0m<inf> exp02_logging: XY 50309 -4934598 -4934632[0m
[00:00:50.317,077] [0m<inf> exp02_logging: XY 50317 -4868633 -4605646[0m
[00:00:50.325,103] [0m<inf> exp02_logging: XY 50325 -4210801 -5000216[0m
[00:00:50.333,129] [0m<inf> exp02_logging: XY 50333 -4934648 -4868713[0m
[00:00:50.341,156] [0m<inf> exp02_logging: XY 50341 -4342274 -4276624[0m
[00:00:50.349,182] [0m<inf> exp02_logging: XY 50349 -5000219 -4934627[0m
[00:00:50.357,208] [0m<inf> exp02_logging: XY 50357 -4803063 -4605543[0m
[00:00:50.365,234] [0m<inf> exp02_logging: XY 50365 -4276685 -5000229[0m
[00:00:50.373,260] [0m<inf> exp02_logging: XY 50373 -4934639 -4868694[0m
[00:00:50.381,286] [0m<inf> exp02_logging: XY 50381 -4210866 -4342388[0m
[00:00:50.389,312] [0m<inf> exp02_logging: XY 50389 -5000270 -4934617[0m
[00:00:50.397,338] [0m<inf> exp02_logging: XY 50397 -4803014 -4539852[0m
[00:00:50.405,364] [0m<inf> exp02_logging: XY 50405 -4342353 -5000230[0m
[00:00:50.413,391] [0m<inf> exp02_logging: XY 50413 -4934621 -4868665[0m
[00:00:50.421,417] [0m<inf> exp02_logging: XY 50421 -4145087 -4408157[0m
[00:00:50.429,473] [0m<inf> exp02_logging: XY 50429 -5000307 -4934611[0m
[00:00:50.437,469] [0m<inf> exp02_logging: XY 50437 -4802972 -4539720[0m
[00:00:50.445,526] [0m<inf> exp02_logging: XY 50445 -4342417 -5000234[0m
[00:00:50.453,521] [0m<inf> exp02_logging: XY 50453 -4934609 -4868639[0m
[00:00:50.461,547] [0m<inf> exp02_logging: XY 50461 -4079168 -4473912[0m
[00:00:50.469,573] [0m<inf> exp02_logging: XY 50469 -5000320 -4934597[0m
[00:00:50.477,600] [0m<inf> exp02_logging: XY 50477 -4802911 -4473999[0m
[00:00:50.485,626] [0m<inf> exp02_logging: XY 50485 -4408070 -5000236[0m
[00:00:50.493,682] [0m<inf> exp02_logging: XY 50493 -4934587 -4803064[0m
[00:00:50.501,678] [0m<inf> exp02_logging: XY 50501 -4013343 -4539666[0m
[00:00:50.509,704] [0m<inf> exp02_logging: XY 50509 -5000321 -4934581[0m
[00:00:50.517,730] [0m<inf> exp02_logging: XY 50517 -4802870 -4473869[0m
[00:00:50.525,756] [0m<inf> exp02_logging: XY 50525 -4408248 -5000234[0m
[00:00:50.533,782] [0m<inf> exp02_logging: XY 50533 -4934573 -4803033[0m
[00:00:50.541,809] [0m<inf> exp02_logging: XY 50541 -3881887 -4539897[0m
[00:00:50.549,835] [0m<inf> exp02_logging: XY 50549 -5000314 -4934573[0m
[00:00:50.557,861] [0m<inf> exp02_logging: XY 50557 -4737278 -4408136[0m
[00:00:50.565,887] [0m<inf> exp02_logging: XY 50565 -4473920 -5000238[[00:02:53.461,883] [0m<inf> exp02_logging: XY 173461 -5395116 -5526657[0m
[00:02:53.462,005] [0m<dbg> zmk: zmk_hid_mouse_movement_set: Mouse movement set to 0/0[0m
[00:02:53.462,036] [0m<dbg> zmk: zmk_hid_mouse_scroll_set: Mouse scroll set to 0/0[0m
[00:02:53.462,036] [0m<dbg> zmk: zmk_hid_mouse_movement_set: Mouse movement set to 0/0[0m
[00:02:53.470,092] [0m<inf> exp02_logging: XY 173470 -4671482 -263278[0m
[00:02:53.470,367] [0m<dbg> zmk: zmk_hid_mouse_movement_set: Mouse movement set to 0/-127[0m
[00:02:53.470,397] [0m<dbg> zmk: zmk_hid_mouse_scroll_set: Mouse scroll set to 0/0[0m
[00:02:53.470,397] [0m<dbg> zmk: zmk_hid_mouse_movement_set: Mouse movement set to 0/0[0m
[00:02:53.478,118] [0m<inf> exp02_logging: XY 173478 -987008 -5197605[0m
[00:02:53.478,271] [0m<dbg> zmk: zmk_hid_mouse_movement_set: Mouse movement set to -127/0[0m
[00:02:53.478,302] [0m<dbg> zmk: zmk_hid_mouse_scroll_set: Mouse scroll set to 0/0[0m
[00:02:53.478,302] [0m<dbg> zmk: zmk_hid_mouse_movement_set: Mouse movement set to 0/0[0m
[00:02:53.485,992] [0m<inf> exp02_logging: XY 173485 -5526699 -5066101[0m
[00:02:53.486,083] [0m<dbg> zmk: zmk_hid_mouse_movement_set: Mouse movement set to 0/0[0m
[00:02:53.486,114] [0m<dbg> zmk: zmk_hid_mouse_scroll_set: Mouse scroll set to 0/0[0m
[00:02:53.486,145] [0m<dbg> zmk: zmk_hid_mouse_movement_set: Mouse movement set to 0/0[0m
[00:02:53.494,049] [0m<inf> exp02_logging: XY 173494 -226 -460615[0m
[00:02:53.494,201] [0m<dbg> zmk: zmk_hid_mouse_movement_set: Mouse movement set to -127/-127[0m
[00:02:53.494,201] [0m<dbg> zmk: zmk_hid_mouse_scroll_set: Mouse scroll set to 0/0[0m
[00:02:53.494,232] [0m<dbg> zmk: zmk_hid_mouse_movement_set: Mouse movement set to 0/0[0m
[00:02:53.502,105] [0m<inf> exp02_logging: XY 173502 -5460972 -5526620[0m
[00:02:53.502,227] [0m<dbg> zmk: zmk_hid_mouse_movement_set: Mouse movement set to 0/0[0m
[00:02:53.502,258] [0m<dbg> zmk: zmk_hid_mouse_scroll_set: Mouse scroll set to 0/0[0m
[00:02:53.502,258] [0m<dbg> zmk: zmk_hid_mouse_movement_set: Mouse movement set to 0/0[0m
[00:02:53.510,131] [0m<inf> exp02_logging: XY 173510 -4539799 -131824[0m
[00:02:53.510,223] [0m<dbg> zmk: zmk_hid_mouse_movement_set: Mouse movement set to 0/-127[0m
[00:02:53.510,223] [0m<dbg> zmk: zmk_hid_mouse_scroll_set: Mouse scroll set to 0/0[0m
[00:02:53.510,253] [0m<dbg> zmk: zmk_hid_mouse_movement_set: Mouse movement set to 0/0[0m
[00:02:53.518,035] [0m<inf> exp02_logging: XY 173518 -987111 -5131974[0m
[00:02:53.518,157] [0m<dbg> zmk: zmk_hid_mouse_movement_set: Mouse movement set to -127/0[0m
[00:02:53.518,188] [0m<dbg> zmk: zmk_hid_mouse_scroll_set: Mouse scroll set to 0/0[0m
[00:02:53.518,188] [0m<dbg> zmk: zmk_hid_mouse_movement_set: Mouse movement set to 0/0[0m
[00:02:53.526,123] [0m<inf> exp02_logging: XY 173526 -5526656 -4934594[0m
[00:02:53.526,214] [0m<dbg> zmk: zmk_hid_mouse_movement_set: Mouse movement set to 0/0[0m
[00:02:53.526,214] [0m<dbg> zmk: zmk_hid_mouse_scroll_set: Mouse scroll set to 0/0[0m
[00:02:53.526,245] [0m<dbg> zmk: zmk_hid_mouse_movement_set: Mouse movement set to 0/0[0m
[00:02:53.534,088] [0m<inf> exp02_logging: XY 173534 -253 -526548[0m
[00:02:53.534,210] [0m<dbg> zmk: zmk_hid_mouse_movement_set: Mouse movement set to -127/-127[0m
[00:02:53.534,240] [0m<dbg> zmk: zmk_hid_mouse_scroll_set: Mouse scroll set to 0/0[0m
[00:02:53.534,240] [0m<dbg> zmk: zmk_hid_mouse_movement_set: Mouse movement set to 0/0[0m
[00:02:53.542,114] [0m<inf> exp02_logging: XY 173542 -5526592 -5526573[0m
[00:02:53.542,236] [0m<dbg> zmk: zmk_hid_mouse_movement_set: Mouse movement set to 0/0[0m
[00:02:53.542,236] [0m<dbg> zmk: zmk_hid_mouse_scroll_set: Mouse scroll set to 0/0[0m
[00:02:53.542,266] [0m<dbg> zmk: zmk_hid_mouse_movement_set: Mouse movement set to 0/0[0m
[00:02:53.550,201] [0m<inf> exp02_logging: XY 173550 -4408210 -131703[0m
[00:02:53.550,292] [0m<dbg> zmk: zmk_hid_mouse_movement_set: Mouse movement set to 0/-127[0m
[00:02:53.550,323] [0m<dbg> zmk: zmk_hid_mouse_scroll_set: Mouse scroll set to 0/0[0m
[00:02:53.550,323] [0m<dbg> zmk: zmk_hid_mouse_movement_set: Mouse movement set to 0/0[0m
[00:02:53.558,166] [0m<inf> exp02_logging: XY 173558 -1250165 -5263460[0m
[00:02:53.558,288] [0m<dbg> zmk: zmk_hid_mouse_movement_set: Mouse movement set to -127/0[0m
[00:02:53.558,288] [0m<dbg> zmk: zmk_hid_mouse_scroll_set: Mouse scroll set to 0/0[0m
[00:02:53.558,319] [0m<dbg> zmk: zmk_hid_mouse_movement_set: Mouse movement set to 0/0[0m
[00:02:53.566,192] [0m<inf> exp02_logging: XY 173566 -5526606 -4868862[0m
[00:02:53.566,253] [0m<dbg> zmk: zmk_hid_mouse_movement_set: Mouse movement set to 0/0[0m
[00:02:53.566,284] [0m<dbg> zmk: zmk_hid_mouse_scroll_set: Mouse scroll set to 0/0[0m
[00:02:53.566,284] [0m<dbg> zmk: zmk_hid_mouse_movement_set: Mouse movement set to 0/0[0m
[00:02:53.574,310] [0m<inf> exp02_logging: XY 173574 -220 -789602[0m
[00:02:53.574,432] [0m<dbg> zmk: zmk_hid_mouse_movement_set: Mouse movement set to -127/-127[0m
[00:02:53.574,432] [0m<dbg> zmk: zmk_hid_mouse_scroll_set: Mouse scroll set to 0/0[0m
[00:02:53.574,462] [0m<dbg> zmk: zmk_hid_mouse_movement_set: Mouse movement set to 0/0[0m
[00:02:53.582,244] [0m<inf> exp02_logging: XY 173582 -5526649 -5526536[0m
[00:02:53.582,336] [0m<dbg> zmk: zmk_hid_mouse_movement_set: Mouse movement set to 0/0[0m
[00:02:53.582,366] [0m<dbg> zmk: zmk_hid_mouse_scroll_set: Mouse scroll set to 0/0[0m
[00:02:53.582,366] [0m<dbg> zmk: zmk_hid_mouse_movement_set: Mouse movement set to 0/0[0m
[00:02:53.590,270] [0m<inf> exp02_logging: XY 173590 -4276663 -131638[0m
[00:02:53.590,362] [0m<dbg> zmk: zmk_hid_mouse_movement_set: Mouse movement set to 0/-127[0m
[00:02:53.590,362] [0m<dbg> zmk: zmk_hid_mouse_scroll_set: Mouse scroll set to 0/0[0m
[00:02:53.590,393] [0m<dbg> zmk: zmk_hid_mouse_movement_set: Mouse movement set to 0/0[0m
[00:02:53.598,388] [0m<inf> exp02_logging: XY 173598 -1579094 -5329380[0m
[00:02:53.598,510] [0m<dbg> zmk: zmk_hid_mouse_movement_set: Mouse movement set to -127/0[0m
[00:02:53.598,510] [0m<dbg> zmk: zmk_hid_mouse_scroll_set: Mouse scroll set to 0/0[0m
[00:02:53.598,541] [0m<dbg> zmk: zmk_hid_mouse_movement_set: Mouse movement set to 0/0[0m
[00:02:53.606,323] [0m<inf> exp02_logging: XY 173606 -5526543 -4802831[0m
[00:02:53.606,384] [0m<dbg> zmk: zmk_hid_mouse_movement_set: Mouse movement set to 0/0[0m
[00:02:53.606,414] [0m<dbg> zmk: zmk_hid_mouse_scroll_set: Mouse scroll set to 0/0[0m
[00:02:53.606,414] [0m<dbg> zmk: zmk_hid_mouse_movement_set: Mouse movement set to 0/0[0m
[00:02:53.614,349] [0m<inf> exp02_logging: XY 173614 -231 -855540[0m
[00:02:53.614,501] [0m<dbg> zmk: zmk_hid_mouse_movement_set: Mouse movement set to -127/-127[0m
[00:02:53.614,501] [0m<dbg> zmk: zmk_hid_mouse_scroll_set: Mouse scroll set to 0/0[0m
[00:02:53.614,532] [0m<dbg> zmk: zmk_hid_mouse_movement_set: Mouse movement set to 0/0[0m
[00:02:53.622,436] [0m<inf> exp02_logging: XY 173622 -5526719 -5460955[0m
[00:02:53.622,558] [0m<dbg> zmk: zmk_hid_mouse_movement_set: Mouse movement set to 0/0[0m
[00:02:53.622,589] [0m<dbg> zmk: zmk_hid_mouse_scroll_set: Mouse scroll set to 0/0[0m
[00:02:53.622,589] [0m<dbg> zmk: zmk_hid_mouse_movement_set: Mouse movement set to 0/0[0m
[00:02:53.630,401] [0m<inf> exp02_logging: XY 173630 -4079160 -65977[0m
[00:02:53.630,493] [0m<dbg> zmk: zmk_hid_mouse_movement_set: Mouse movement set to 0/-127[0m
[00:02:53.630,493] [0m<dbg> zmk: zmk_hid_mouse_scroll_set: Mouse scroll set to 0/0[0m
[00:02:53.630,523] [0m<dbg> zmk: zmk_hid_mouse_movement_set: Mouse movement set to 0/0[0m
[00:02:53.638,427] [0m<inf> exp02_logging: XY 173638 -1776558 -5395033[0m
[00:02:53.638,549] [0m<dbg> zmk: zmk_hid_mouse_movement_set: Mouse movement set to -127/0[0m
[00:02:53.638,580] [0m<dbg> zmk: zmk_hid_mouse_scroll_set: Mouse scroll set to 0/0[0m
[00:02:53.638,580] [0m<dbg> zmk: zmk_hid_mouse_movement_set: Mouse movement set to 0/0[0m
[00:02:53.646,514] [0m<inf> exp02_logging: XY 173646 -5460937 -4605584[0m
[00:02:53.646,606] [0m<dbg> zmk: zmk_hid_mouse_movement_set: Mouse movement set to 0/0[0m
[00:02:53.646,606] [0m<dbg> zmk: zmk_hid_mouse_scroll_set: Mouse scroll set to 0/0[0m
[00:02:53.646,636] [0m<dbg> zmk: zmk_hid_mouse_movement_set: Mouse movement set to 0/0[0m
[00:02:53.654,479] [0m<inf> exp02_logging: XY 173654 -229 -1118673[0m
[00:02:53.654,602] [0m<dbg> zmk: zmk_hid_mouse_movement_set: Mouse movement set to -127/-127[0m
[00:02:53.654,632] [0m<dbg> zmk: zmk_hid_mouse_scroll_set: Mouse scroll set to 0/0[0m
[00:02:53.654,632] [0m<dbg> zmk: zmk_hid_mouse_movement_set: Mouse movement set to 0/0[0m
[00:02:53.662,506] [0m<inf> exp02_logging: XY 173662 -5526722 -5460916[0m
[00:02:53.662,628] [0m<dbg> zmk: zmk_hid_mouse_movement_set: Mouse movement set to 0/0[0m
[00:02:53.662,628] [0m<dbg> zmk: zmk_hid_mouse_scroll_set: Mouse scroll set to 0/0[0m
[00:02:53.662,658] [0m<dbg> zmk: zmk_hid_mouse_movement_set: Mouse movement set to 0/0[0m
[00:02:53.670,593] [0m<inf> exp02_logging: XY 173670 -3816103 -65918[0m
[00:02:53.670,684] [0m<dbg> zmk: zmk_hid_mouse_movement_set: Mouse movement set to 0/-127[0m
[00:02:53.670,715] [0m<dbg> zmk: zmk_hid_mouse_scroll_set: Mouse scroll set to 0/0[0m
[00:02:53.670,715] [0m<dbg> zmk: zmk_hid_mouse_movement_set: Mouse movement set to 0/0[0m
[00:02:53.678,558] [0m<inf> exp02_logging: XY 173678 -2171274 -5460751[0m
[00:02:53.678,680] [0m<dbg> zmk: zmk_hid_mouse_movement_set: Mouse movement set to -84/0[0m
[00:02:53.678,680] [0m<dbg> zmk: zmk_hid_mouse_scroll_set: Mouse scroll set to 0/0[0m
[00:02:53.678,710] [0m<dbg> zmk: zmk_hid_mouse_movement_set: Mouse movement set to 0/0[0m
[00:02:53.686,584] [0m<inf> exp02_logging: XY 173686 -5460886 -4539834[0m
[00:02:53.686,645] [0m<dbg> zmk: zmk_hid_mouse_movement_set: Mouse movement set to 0/0[0m
[00:02:53.686,676] [0m<dbg> zmk: zmk_hid_mouse_scroll_set: Mouse scroll set to 0/0[0m
[00:02:53.686,676] [0m<dbg> zmk: zmk_hid_mouse_movement_set: Mouse movement set to 0/0[0m
[00:02:53.694,702] [0m<inf> exp02_logging: XY 173694 -253 -1447556[0m
[00:02:53.694,824] [0m<dbg> zmk: zmk_hid_mouse_movement_set: Mouse movement set to -127/-127[0m
[00:02:53.694,854] [0m<dbg> zmk: zmk_hid_mouse_scroll_set: Mouse scroll set to 0/0[0m
[00:02:53.694,854] [0m<dbg> zmk: zmk_hid_mouse_movement_set: Mouse movement set to 0/0[0m
[00:02:53.702,636] [0m<inf> exp02_logging: XY 173702 -5526737 -5460871[0m
[00:02:53.702,728] [0m<dbg> zmk: zmk_hid_mouse_movement_set: Mouse movement set to 0/0[0m
[00:02:53.702,758] [0m<dbg> zmk: zmk_hid_mouse_scroll_set: Mouse scroll set to 0/0[0m
[00:02:53.702,758] [0m<dbg> zmk: zmk_hid_mouse_movement_set: Mouse movement set to 0/0[0m
[00:02:53.710,662] [0m<inf> exp02_logging: XY 173710 -3684462 -65900[0m
[00:02:53.710,754] [0m<dbg> zmk: zmk_hid_mouse_movement_set: Mouse movement set to 0/-127[0m
[00:02:53.710,754] [0m<dbg> zmk: zmk_hid_mouse_scroll_set: Mouse scroll set to 0/0[0m
[00:02:53.710,784] [0m<dbg> zmk: zmk_hid_mouse_movement_set: Mouse movement set to 0/0[0m
[00:02:53.718,780] [0m<inf> exp02_logging: XY 173718 -2565925 -5460856[0m
[00:02:53.718,902] [0m<dbg> zmk: zmk_hid_mouse_movement_set: Mouse movement set to -34/0[0m
[00:02:53.718,902] [0m<dbg> zmk: zmk_hid_mouse_scroll_set: Mouse scroll set to 0/0[0m
[00:02:53.718,933] [0m<dbg> zmk: zmk_hid_mouse_movement_set: Mouse movement set to 0/0[0m
[00:02:53.726,715] [0m<inf> exp02_logging: XY 173726 -5460805 -4342493[0m
[00:02:53.726,776] [0m<dbg> zmk: zmk_hid_mouse_movement_set: Mouse movement set to 0/0[0m
[00:02:53.726,806] [0m<dbg> zmk: zmk_hid_mouse_scroll_set: Mouse scroll set to 0/0[0m
[00:02:53.726,806] [0m<dbg> zmk: zmk_hid_mouse_movement_set: Mouse movement set to 0/0[0m
[00:02:53.734,741] [0m<inf> exp02_logging: XY 173734 -250 -1644801[0m
[00:02:53.734,863] [0m<dbg> zmk: zmk_hid_mouse_movement_set: Mouse movement set to -127/-127[0m
[00:02:53.734,893] [0m<dbg> zmk: zmk_hid_mouse_scroll_set: Mouse scroll set to 0/0[0m
[00:02:53.734,924] [0m<dbg> zmk: zmk_hid_mouse_movement_set: Mouse movement set to 0/0[0m
[00:02:53.742,858] [0m<inf> exp02_logging: XY 173742 -5526723 -5460810[0m
[00:02:53.742,950] [0m<dbg> zmk: zmk_hid_mouse_movement_set: Mouse movement set to 0/0[0m
[00:02:53.742,980] [0m<dbg> zmk: zmk_hid_mouse_scroll_set: Mouse scroll set to 0/0[0m
[00:02:53.742,980] [0m<dbg> zmk: zmk_hid_mouse_movement_set: Mouse movement set to 0/0[0m
[00:02:53.750,793] [0m<inf> exp02_logging: XY 173750 -3355625 -65862[0m
[00:02:53.750,885] [0m<dbg> zmk: zmk_hid_mouse_movement_set: Mouse movement set to 0/-127[0m
[00:02:53.750,885] [0m<dbg> zmk: zmk_hid_mouse_scroll_set: Mouse scroll set to 0/0[0m
[00:02:53.750,915] [0m<dbg> zmk: zmk_hid_mouse_movement_set: Mouse movement set to 0/0[0m
[00:02:53.758,819] [0m<inf> exp02_logging: XY 173758 -2763494 -5460901[0m
[00:02:53.758,941] [0m<dbg> zmk: zmk_hid_mouse_movement_set: Mouse movement set to -10/0[0m
[00:02:53.758,972] [0m<dbg> zmk: zmk_hid_mouse_scroll_set: Mouse scroll set to 0/0[0m
[00:02:53.758,972] [0m<dbg> zmk: zmk_hid_mouse_movement_set: Mouse movement set to 0/0[0m
[00:02:53.766,937] [0m<inf> exp02_logging: XY 173766 -5395183 -4079319[0m
[00:02:53.766,998] [0m<dbg> zmk: zmk_hid_mouse_movement_set: Mouse movement set to 0/0[0m
[00:02:53.766,998] [0m<dbg> zmk: zmk_hid_mouse_scroll_set: Mouse scroll set to 0/0[0m
[00:02:53.767,028] [0m<dbg> zmk: zmk_hid_mouse_movement_set: Mouse movement set to 0/0[0m
[00:02:53.774,871] [0m<inf> exp02_logging: XY 173774 -235 -1908221[0m
[00:02:53.774,993] [0m<dbg> zmk: zmk_hid_mouse_movement_set: Mouse movement set to -127/-127[0m
[00:02:53.775,024] [0m<dbg> zmk: zmk_hid_mouse_scroll_set: Mouse scroll set to 0/0[0m
[00:02:53.775,024] [0m<dbg> zmk: zmk_hid_mouse_movement_set: Mouse movement set to 0/0[0m
[00:02:53.782,897] [0m<inf> exp02_logging: XY 173782 -5526705 -5460771[0m
[00:02:53.783,020] [0m<dbg> zmk: zmk_hid_mouse_movement_set: Mouse movement set to 0/0[0m
[00:02:53.783,020] [0m<dbg> zmk: zmk_hid_mouse_scroll_set: Mouse scroll set to 0/0[0m
[00:02:53.783,050] [0m<dbg> zmk: zmk_hid_mouse_movement_set: Mouse movement set to 0/0[0m
[00:02:53.791,015] [0m<inf> exp02_logging: XY 173790 -3026530 -65845[0m
[00:02:53.791,076] [0m<dbg> zmk: zmk_hid_mouse_movement_set: Mouse movement set to 0/-127[0m
[00:02:53.791,107] [0m<dbg> zmk: zmk_hid_mouse_scroll_set: Mouse scroll set to 0/0[0m
[00:02:53.791,107] [0m<dbg> zmk: zmk_hid_mouse_movement_set: Mouse movement set to 0/0[0m
[00:02:53.798,950] [0m<inf> exp02_logging: XY 173798 -3158164 -5460955[0m
[00:02:53.799,011] [0m<dbg> zmk: zmk_hid_mouse_movement_set: Mouse movement set to 0/0[0m
[00:02:53.799,041] [0m<dbg> zmk: zmk_hid_mouse_scroll_set: Mouse scroll set to 0/0[0m
[00:02:53.799,041] [0m<dbg> zmk: zmk_hid_mouse_movement_set: Mouse movement set to 0/0[0m
[00:02:53.806,976] [0m<inf> exp02_logging: XY 173806 -5395128 -3947717[0m
[00:02:53.815,093] [0m<inf> exp02_logging: XY 173815 -212 -2302976[0m
[00:02:53.815,216] [0m<dbg> zmk: zmk_hid_mouse_movement_set: Mouse movement set to -127/-127[0m
[00:02:53.815,246] [0m<dbg> zmk: zmk_hid_mouse_scroll_set: Mouse scroll set to 0/0[0m
[00:02:53.815,246] [0m<dbg> zmk: zmk_hid_mouse_movement_set: Mouse movement set to 0/0[0m
[00:02:53.823,028] [0m<inf> exp02_logging: XY 173823 -5526686 -5395168[0m
[00:02:53.823,150] [0m<dbg> zmk: zmk_hid_mouse_movement_set: Mouse movement set to 0/0[0m
[00:02:53.823,181] [0m<dbg> zmk: zmk_hid_mouse_scroll_set: Mouse scroll set to 0/0[0m
[00:02:53.823,181] [0m<dbg> zmk: zmk_hid_mouse_movement_set: Mouse movement set to 0/0[0m
[00:02:53.831,146] [0m<inf> exp02_logging: XY 173831 -2697613 -65831[0m
[00:02:53.831,268] [0m<dbg> zmk: zmk_hid_mouse_movement_set: Mouse movement set to -18/-127[0m
[00:02:53.831,268] [0m<dbg> zmk: zmk_hid_mouse_scroll_set: Mouse scroll set to 0/0[0m
[00:02:53.831,298] [0m<dbg> zmk: zmk_hid_mouse_movement_set: Mouse movement set to 0/0[0m
[00:02:53.839,080] [0m<inf> exp02_logging: XY 173839 -3552919 -5526529[0m
[00:02:53.839,172] [0m<dbg> zmk: zmk_hid_mouse_movement_set: Mouse movement set to 0/0[0m
[00:02:53.839,202] [0m<dbg> zmk: zmk_hid_mouse_scroll_set: Mouse scroll set to 0/0[0m
[00:02:53.839,233] [0m<dbg> zmk: zmk_hid_mouse_movement_set: Mouse movement set to 0/0[0m
[00:02:53.847,106] [0m<inf> exp02_logging: XY 173847 -5395046 -3684503[0m
[00:02:53.855,224] [0m<inf> exp02_logging: XY 173855 -210 -2631898[0m
[00:02:53.855,346] [0m<dbg> zmk: zmk_hid_mouse_movement_set: Mouse movement set to -127/-127[0m
[00:02:53.855,346] [0m<dbg> zmk: zmk_hid_mouse_scroll_set: Mouse scroll set to 0/0[0m
[00:02:53.855,377] [0m<dbg> zmk: zmk_hid_mouse_movement_set: Mouse movement set to 0/0[0m
[00:02:53.863,189] [0m<inf> exp02_logging: XY 173863 -5526666 -5395099[0m
[00:02:53.863,281] [0m<dbg> zmk: zmk_hid_mouse_movement_set: Mouse movement set to 0/0[0m
[00:02:53.863,311] [0m<dbg> zmk: zmk_hid_mouse_scroll_set: Mouse scroll set to 0/0[0m
[00:02:53.863,311] [0m<dbg> zmk: zmk_hid_mouse_movement_set: Mouse movement set to 0/0[0m
[00:02:53.871,276] [0m<inf> exp02_logging: XY 173871 -2368584 -65830[0m
[00:02:53.871,398] [0m<dbg> zmk: zmk_hid_mouse_movement_set: Mouse movement set to -59/-127[0m
[00:02:53.871,429] [0m<dbg> zmk: zmk_hid_mouse_scroll_set: Mouse scroll set to 0/0[0m
[00:02:53.871,429] [0m<dbg> zmk: zmk_hid_mouse_movement_set: Mouse movement set to 0/0[0m
[00:02:53.879,211] [0m<inf> exp02_logging: XY 173879 -3816018 -5526543[0m
[00:02:53.879,302] [0m<dbg> zmk: zmk_hid_mouse_movement_set: Mouse movement set to 0/0[0m
[00:02:53.879,333] [0m<dbg> zmk: zmk_hid_mouse_scroll_set: Mouse scroll set to 0/0[0m
[00:02:53.879,333] [0m<dbg> zmk: zmk_hid_mouse_movement_set: Mouse movement set to 0/0[0m
[00:02:53.887,237] [0m<inf> exp02_logging: XY 173887 -5394977 -3421238[0m
[00:02:53.887,329] [0m<dbg> zmk: zmk_hid_mouse_movement_set: Mouse movement set to 0/-35[0m
[00:02:53.887,329] [0m<dbg> zmk: zmk_hid_mouse_scroll_set: Mouse scroll set to 0/0[0m
[00:02:53.887,359] [0m<dbg> zmk: zmk_hid_mouse_movement_set: Mouse movement set to 0/0[0m
[00:02:53.895,355] [0m<inf> exp02_logging: XY 173895 -202 -2960876[0m
[00:02:53.895,477] [0m<dbg> zmk: zmk_hid_mouse_movement_set: Mouse movement set to -127/-127[0m
[00:02:53.895,507] [0m<dbg> zmk: zmk_hid_mouse_scroll_set: Mouse scroll set to 0/0[0m
[00:02:53.895,507] [0m<dbg> zmk: zmk_hid_mouse_movement_set: Mouse movement set to 0/0[0m
[00:02:53.903,289] [0m<inf> exp02_logging: XY 173903 -5526635 -5395044[0m
[00:02:53.903,381] [0m<dbg> zmk: zmk_hid_mouse_movement_set: Mouse movement set to 0/0[0m
[00:02:53.903,411] [0m<dbg> zmk: zmk_hid_mouse_scroll_set: Mouse scroll set to 0/0[0m
[00:02:53.903,442] [0m<dbg> zmk: zmk_hid_mouse_movement_set: Mouse movement set to 0/0[0m
[00:02:53.911,315] [0m<inf> exp02_logging: XY 173911 -2105504 -65827[0m
[00:02:53.911,468] [0m<dbg> zmk: zmk_hid_mouse_movement_set: Mouse movement set to -92/-127[0m
[00:02:53.911,468] [0m<dbg> zmk: zmk_hid_mouse_scroll_set: Mouse scroll set to 0/0[0m
[00:02:53.911,499] [0m<dbg> zmk: zmk_hid_mouse_movement_set: Mouse movement set to 0/0[0m
[00:02:53.919,433] [0m<inf> exp02_logging: XY 173919 -4079231 -5526529[0m
[00:02:53.919,525] [0m<dbg> zmk: zmk_hid_mouse_movement_set: Mouse movement set to 0/0[0m
[00:02:53.919,555] [0m<dbg> zmk: zmk_hid_mouse_scroll_set: Mouse scroll set to 0/0[0m
[00:02:53.919,555] [0m<dbg> zmk: zmk_hid_mouse_movement_set: Mouse movement set to 0/0[0m
[00:02:53.927,368] [0m<inf> exp02_logging: XY 173927 -5329343 -3026657[0m
[00:02:53.927,459] [0m<dbg> zmk: zmk_hid_mouse_movement_set: Mouse movement set to 0/-127[0m
[00:02:53.927,459] [0m<dbg> zmk: zmk_hid_mouse_scroll_set: Mouse scroll set to 0/0[0m
[00:02:53.927,490] [0m<dbg> zmk: zmk_hid_mouse_movement_set: Mouse movement set to 0/0[0m
[00:02:53.935,394] [0m<inf> exp02_logging: XY 173935 -204 -3158155[0m
[00:02:53.935,546] [0m<dbg> zmk: zmk_hid_mouse_movement_set: Mouse movement set to -127/-112[0m
[00:02:53.935,546] [0m<dbg> zmk: zmk_hid_mouse_scroll_set: Mouse scroll set to 0/0[0m
[00:02:53.935,577] [0m<dbg> zmk: zmk_hid_mouse_movement_set: Mouse movement set to 0/0[0m
[00:02:53.943,481] [0m<inf> exp02_logging: XY 173943 -5526597 -5329405[0m
[00:02:53.943,603] [0m<dbg> zmk: zmk_hid_mouse_movement_set: Mouse movement set to 0/0[0m
[00:02:53.943,634] [0m<dbg> zmk: zmk_hid_mouse_scroll_set: Mouse scroll set to 0/0[0m
[00:02:53.943,634] [0m<dbg> zmk: zmk_hid_mouse_movement_set: Mouse movement set to 0/0[0m
[00:02:53.951,446] [0m<inf> exp02_logging: XY 173951 -1776557 -65806[0m
[00:02:53.951,568] [0m<dbg> zmk: zmk_hid_mouse_movement_set: Mouse movement set to -127/-127[0m
[00:02:53.951,599] [0m<dbg> zmk: zmk_hid_mouse_scroll_set: Mouse scroll set to 0/0[0m
[00:02:53.951,599] [0m<dbg> zmk: zmk_hid_mouse_movement_set: Mouse movement set to 0/0[0m
[00:02:53.959,472] [0m<inf> exp02_logging: XY 173959 -4210912 -5460977[0m
[00:02:53.959,594] [0m<dbg> zmk: zmk_hid_mouse_movement_set: Mouse movement set to 0/0[0m
[00:02:53.959,594] [0m<dbg> zmk: zmk_hid_mouse_scroll_set: Mouse scroll set to 0/0[0m
[00:02:53.959,625] [0m<dbg> zmk: zmk_hid_mouse_movement_set: Mouse movement set to 0/0[0m
[00:02:53.967,590] [0m<inf> exp02_logging: XY 173967 -5329238 -2566124[0m
[00:02:53.967,651] [0m<dbg> zmk: zmk_hid_mouse_movement_set: Mouse movement set to 0/-127[0m
[00:02:53.967,681] [0m<dbg> zmk: zmk_hid_mouse_scroll_set: Mouse scroll set to 0/0[0m
[00:02:53.967,681] [0m<dbg> zmk: zmk_hid_mouse_movement_set: Mouse movement set to 0/0[0m
[00:02:53.975,524] [0m<inf> exp02_logging: XY 173975 -201 -3552939[0m
[00:02:53.975,646] [0m<dbg> zmk: zmk_hid_mouse_movement_set: Mouse movement set to -127/0[0m
[00:02:53.975,646] [0m<dbg> zmk: zmk_hid_mouse_scroll_set: Mouse scroll set to 0/0[0m
[00:02:53.975,677] [0m<dbg> zmk: zmk_hid_mouse_movement_set: Mouse movement set to 0/0[0m
[00:02:53.983,551] [0m<inf> exp02_logging: XY 173983 -5526571 -5329363[0m
[00:02:53.983,612] [0m<dbg> zmk: zmk_hid_mouse_movement_set: Mouse movement set to 0/0[0m
[00:02:53.983,642] [0m<dbg> zmk: zmk_hid_mouse_scroll_set: Mouse scroll set to 0/0[0m
[00:02:53.983,673] [0m<dbg> zmk: zmk_hid_mouse_movement_set: Mouse movement set to 0/0[0m
[00:02:53.991,668] [0m<inf> exp02_logging: XY 173991 -1447597 -252[0m
[00:02:53.991,790] [0m<dbg> zmk: zmk_hid_mouse_movement_set: Mouse movement set to -127/-127[0m
[00:02:53.991,821] [0m<dbg> zmk: zmk_hid_mouse_scroll_set: Mouse scroll set to 0/0[0m
[00:02:53.991,821] [0m<dbg> zmk: zmk_hid_mouse_movement_set: Mouse movement set to 0/0[0m
[00:02:53.999,603] [0m<inf> exp02_logging: XY 173999 -4473985 -5460961[0m
[00:02:53.999,694] [0m<dbg> zmk: zmk_hid_mouse_movement_set: Mouse movement set to 0/0[0m
[00:02:53.999,725] [0m<dbg> zmk: zmk_hid_mouse_scroll_set: Mouse scroll set to 0/0[0m
[00:02:53.999,755] [0m<dbg> zmk: zmk_hid_mouse_movement_set: Mouse movement set to 0/0[0m
[00:02:54.007,629] [0m<inf> exp02_logging: XY 174007 -5329191 -2368688[0m
[00:02:54.007,720] [0m<dbg> zmk: zmk_hid_mouse_movement_set: Mouse movement set to 0/-127[0m
[00:02:54.007,720] [0m<dbg> zmk: zmk_hid_mouse_scroll_set: Mouse scroll set to 0/0[0m
[00:02:54.007,751] [0m<dbg> zmk: zmk_hid_mouse_movement_set: Mouse movement set to 0/0[0m
[00:02:54.015,747] [0m<inf> exp02_logging: XY 174015 -221 -3881841[0m
[00:02:54.015,869] [0m<dbg> zmk: zmk_hid_mouse_movement_set: Mouse movement set to -127/0[0m
[00:02:54.015,869] [0m<dbg> zmk: zmk_hid_mouse_scroll_set: Mouse scroll set to 0/0[0m
[00:02:54.015,899] [0m<dbg> zmk: zmk_hid_mouse_movement_set: Mouse movement set to 0/0[0m
[00:02:54.023,681] [0m<inf> exp02_logging: XY 174023 -5526539 -5329277[0m
[00:02:54.023,742] [0m<dbg> zmk: zmk_hid_mouse_movement_set: Mouse movement set to 0/0[0m
[00:02:54.023,773] [0m<dbg> zmk: zmk_hid_mouse_scroll_set: Mouse scroll set to 0/0[0m
[00:02:54.023,773] [0m<dbg> zmk: zmk_hid_mouse_movement_set: Mouse movement set to 0/0[0m
[00:02:54.031,707] [0m<inf> exp02_logging: XY 174031 -1250195 -244[0m
[00:02:54.031,860] [0m<dbg> zmk: zmk_hid_mouse_movement_set: Mouse movement set to -127/-127[0m
[00:02:54.031,860] [0m<dbg> zmk: zmk_hid_mouse_scroll_set: Mouse scroll set to 0/0[0m
[00:02:54.031,890] [0m<dbg> zmk: zmk_hid_mouse_movement_set: Mouse movement set to 0/0[0m
[00:02:54.039,794] [0m<inf> exp02_logging: XY 174039 -4671424 -5460918[0m
[00:02:54.039,916] [0m<dbg> zmk: zmk_hid_mouse_movement_set: Mouse movement set to 0/0[0m
[00:02:54.039,947] [0m<dbg> zmk: zmk_hid_mouse_scroll_set: Mouse scroll set to 0/0[0m
[00:02:54.039,947] [0m<dbg> zmk: zmk_hid_mouse_movement_set: Mouse movement set to 0/0[0m
[00:02:54.047,760] [0m<inf> exp02_logging: XY 174047 -5263486 -2039555[0m
[00:02:54.047,851] [0m<dbg> zmk: zmk_hid_mouse_movement_set: Mouse movement set to 0/-127[0m
[00:02:54.047,851] [0m<dbg> zmk: zmk_hid_mouse_scroll_set: Mouse scroll set to 0/0[0m
[00:02:54.047,882] [0m<dbg> zmk: zmk_hid_mouse_movement_set: Mouse movement set to 0/0[0m
[00:02:54.055,786] [0m<inf> exp02_logging: XY 174055 -255 -4013416[0m
[00:02:54.055,908] [0m<dbg> zmk: zmk_hid_mouse_movement_set: Mouse movement set to -127/0[0m
[00:02:54.055,938] [0m<dbg> zmk: zmk_hid_mouse_scroll_set: Mouse scroll set to 0/0[0m
[00:02:54.055,938] [0m<dbg> zmk: zmk_hid_mouse_movement_set: Mouse movement set to 0/0[0m
[00:02:54.063,873] [0m<inf> exp02_logging: XY 174063 -5460972 -5329182[0m
[00:02:54.063,964] [0m<dbg> zmk: zmk_hid_mouse_movement_set: Mouse movement set to 0/0[0m
[00:02:54.063,964] [0m<dbg> zmk: zmk_hid_mouse_scroll_set: Mouse scroll set to 0/0[0m
[00:02:54.063,995] [0m<dbg> zmk: zmk_hid_mouse_movement_set: Mouse movement set to 0/0[0m
[00:02:54.071,838] [0m<inf> exp02_logging: XY 174071 -921333 -231[0m
[00:02:54.071,960] [0m<dbg> zmk: zmk_hid_mouse_movement_set: Mouse movement set to -127/-127[0m
[00:02:54.071,990] [0m<dbg> zmk: zmk_hid_mouse_scroll_set: Mouse scroll set to 0/0[0m
[00:02:54.071,990] [0m<dbg> zmk: zmk_hid_mouse_movement_set: Mouse movement set to 0/0[0m
[00:02:54.079,864] [0m<inf> exp02_logging: XY 174079 -4803005 -5460898[0m
[00:02:54.079,986] [0m<dbg> zmk: zmk_hid_mouse_movement_set: Mouse movement set to 0/0[0m
[00:02:54.079,986] [0m<dbg> zmk: zmk_hid_mouse_scroll_set: Mouse scroll set to 0/0[0m
[00:02:54.080,017] [0m<dbg> zmk: zmk_hid_mouse_movement_set: Mouse movement set to 0/0[0m
[00:02:54.087,951] [0m<inf> exp02_logging: XY 174087 -5197785 -1579239[0m
[00:02:54.088,043] [0m<dbg> zmk: zmk_hid_mouse_movement_set: Mouse movement set to 0/-127[0m
[00:02:54.088,073] [0m<dbg> zmk: zmk_hid_mouse_scroll_set: Mouse scroll set to 0/0[0m
[00:02:54.088,073] [0m<dbg> zmk: zmk_hid_mouse_movement_set: Mouse movement set to 0/0[0m
[00:02:54.095,916] [0m<inf> exp02_logging: XY 174095 -65968 -4276601[0m
[00:02:54.096,038] [0m<dbg> zmk: zmk_hid_mouse_movement_set: Mouse movement set to -127/0[0m
[00:02:54.096,038] [0m<dbg> zmk: zmk_hid_mouse_scroll_set: Mouse scroll set to 0/0[0m
[00:02:54.096,069] [0m<dbg> zmk: zmk_hid_mouse_movement_set: Mouse movement set to 0/0[0m
[00:02:54.103,942] [0m<inf> exp02_logging: XY 174103 -5460937 -5263610[0m
[00:02:54.104,003] [0m<dbg> zmk: zmk_hid_mouse_movement_set: Mouse movement set to 0/0[0m
[00:02:54.104,034] [0m<dbg> zmk: zmk_hid_mouse_scroll_set: Mouse scroll set to 0/0[0m
[00:02:54.104,034] [0m<dbg> zmk: zmk_hid_mouse_movement_set: Mouse movement set to 0/0[0m
[00:02:54.112,060] [0m<inf> exp02_logging: XY 174112 -723724 -249[0m
[00:02:54.112,182] [0m<dbg> zmk: zmk_hid_mouse_movement_set: Mouse movement set to -127/-127[0m
[00:02:54.112,182] [0m<dbg> zmk: zmk_hid_mouse_scroll_set: Mouse scroll set to 0/0[0m
[00:02:54.112,213] [0m<dbg> zmk: zmk_hid_mouse_movement_set: Mouse movement set to 0/0[0m
[00:02:54.119,995] [0m<inf> exp02_logging: XY 174119 -4934542 -5460865[0m
[00:02:54.120,086] [0m<dbg> zmk: zmk_hid_mouse_movement_set: Mouse movement set to 0/0[0m
[00:02:54.120,117] [0m<dbg> zmk: zmk_hid_mouse_scroll_set: Mouse scroll set to 0/0[0m
[00:02:54.120,117] [0m<dbg> zmk: zmk_hid_mouse_movement_set: Mouse movement set to 0/0[0m
[00:02:54.128,021] [0m<inf> exp02_logging: XY 174127 -5197639 -1447469[0m
[00:02:54.128,112] [0m<dbg> zmk: zmk_hid_mouse_movement_set: Mouse movement set to 0/-127[0m
[00:02:54.128,112] [0m<dbg> zmk: zmk_hid_mouse_scroll_set: Mouse scroll set to 0/0[0m
[00:02:54.128,143] [0m<dbg> zmk: zmk_hid_mouse_movement_set: Mouse movement set to 0/0[0m
[00:02:54.136,138] [0m<inf> exp02_logging: XY 174136 -197397 -4539795[0m
[00:02:54.136,260] [0m<dbg> zmk: zmk_hid_mouse_movement_set: Mouse movement set to -127/0[0m
[00:02:54.136,260] [0m<dbg> zmk: zmk_hid_mouse_scroll_set: Mouse scroll set to 0/0[0m
[00:02:54.136,291] [0m<dbg> zmk: zmk_hid_mouse_movement_set: Mouse movement set to 0/0[0m
[00:02:54.144,073] [0m<inf> exp02_logging: XY 174144 -5460896 -5263470[0m
[00:02:54.144,134] [0m<dbg> zmk: zmk_hid_mouse_movement_set: Mouse movement set to 0/0[0m
[00:02:54.144,165] [0m<dbg> zmk: zmk_hid_mouse_scroll_set: Mouse scroll set to 0/0[0m
[00:02:54.144,165] [0m<dbg> zmk: zmk_hid_mouse_movement_set: Mouse movement set to 0/0[0m
[00:02:54.152,099] [0m<inf> exp02_logging: XY 174152 -526536 -65800[0m
[00:02:54.152,252] [0m<dbg> zmk: zmk_hid_mouse_movement_set: Mouse movement set to -127/-127[0m
[00:02:54.152,252] [0m<dbg> zmk: zmk_hid_mouse_scroll_set: Mouse scroll set to 0/0[0m
[00:02:54.152,282] [0m<dbg> zmk: zmk_hid_mouse_movement_set: Mouse movement set to 0/0[0m
[00:02:54.160,186] [0m<inf> exp02_logging: XY 174160 -5000440 -5460832[0m
[00:02:54.160,308] [0m<dbg> zmk: zmk_hid_mouse_movement_set: Mouse movement set to 0/0[0m
[00:02:54.160,339] [0m<dbg> zmk: zmk_hid_mouse_scroll_set: Mouse scroll set to 0/0[0m
[00:02:54.160,339] [0m<dbg> zmk: zmk_hid_mouse_movement_set: Mouse movement set to 0/0[0m
[00:02:54.168,182] [0m<inf> exp02_logging: XY 174168 -5131824 -1118491[0m
[00:02:54.168,243] [0m<dbg> zmk: zmk_hid_mouse_movement_set: Mouse movement set to 0/-127[0m
[00:02:54.168,273] [0m<dbg> zmk: zmk_hid_mouse_scroll_set: Mouse scroll set to 0/0[0m
[00:02:54.168,273] [0m<dbg> zmk: zmk_hid_mouse_movement_set: Mouse movement set to 0/0[0m
[00:02:54.176,177] [0m<inf> exp02_logging: XY 174176 -263286 -4605685[0m
[00:02:54.176,300] [0m<dbg> zmk: zmk_hid_mouse_movement_set: Mouse movement set to -127/0[0m
[00:02:54.176,330] [0m<dbg> zmk: zmk_hid_mouse_scroll_set: Mouse scroll set to 0/0[0m
[00:02:54.176,330] [0m<dbg> zmk: zmk_hid_mouse_movement_set: Mouse movement set to 0/0[0m
[00:02:54.184,265] [0m<inf> exp02_logging: XY 174184 -5460865 -5197775[0m
[00:02:54.184,356] [0m<dbg> zmk: zmk_hid_mouse_movement_set: Mouse movement set to 0/0[0m
[00:02:54.184,356] [0m<dbg> zmk: zmk_hid_mouse_scroll_set: Mouse scroll set to 0/0[0m
[00:02:54.184,387] [0m<dbg> zmk: zmk_hid_mouse_movement_set: Mouse movement set to 0/0[0m
[00:02:54.192,230] [0m<inf> exp02_logging: XY 174192 -329170 -65864[0m
[00:02:54.192,352] [0m<dbg> zmk: zmk_hid_mouse_movement_set: Mouse movement set to -127/-127[0m
[00:02:54.192,382] [0m<dbg> zmk: zmk_hid_mouse_scroll_set: Mouse scroll set to 0/0[0m
[00:02:54.192,382] [0m<dbg> zmk: zmk_hid_mouse_movement_set: Mouse movement set to 0/0[0m
[00:02:54.200,256] [0m<inf> exp02_logging: XY 174200 -5066224 -5460817[0m
[00:02:54.200,378] [0m<dbg> zmk: zmk_hid_mouse_movement_set: Mouse movement set to 0/0[0m
[00:02:54.200,378] [0m<dbg> zmk: zmk_hid_mouse_scroll_set: Mouse scroll set to 0/0[0m
[00:02:54.200,408] [0m<dbg> zmk: zmk_hid_mouse_movement_set: Mouse movement set to 0/0[0m
[00:02:54.208,343] [0m<inf> exp02_logging: XY 174208 -5000376 -789559[0m
[00:02:54.208,435] [0m<dbg> zmk: zmk_hid_mouse_movement_set: Mouse movement set to 0/-127[0m
[00:02:54.208,465] [0m<dbg> zmk: zmk_hid_mouse_scroll_set: Mouse scroll set to 0/0[0m
[00:02:54.208,465] [0m<dbg> zmk: zmk_hid_mouse_movement_set: Mouse movement set to 0/0[0m
[00:02:54.216,308] [0m<inf> exp02_logging: XY 174216 -394828 -4802971[0m
[00:02:54.216,430] [0m<dbg> zmk: zmk_hid_mouse_movement_set: Mouse movement set to -127/0[0m
[00:02:54.216,430] [0m<dbg> zmk: zmk_hid_mouse_scroll_set: Mouse scroll set to 0/0[0m
[00:02:54.216,461] [0m<dbg> zmk: zmk_hid_mouse_movement_set: Mouse movement set to 0/0[0m
[00:02:54.224,334] [0m<inf> exp02_logging: XY 174224 -5460859 -5197682[0m
[00:02:54.224,395] [0m<dbg> zmk: zmk_hid_mouse_movement_set: Mouse movement set to 0/0[0m
[00:02:54.224,426] [0m<dbg> zmk: zmk_hid_mouse_scroll_set: Mouse scroll set to 0/0[0m
[00:02:54.224,426] [0m<dbg> zmk: zmk_hid_mouse_movement_set: Mouse movement set to 0/0[0m
[00:02:54.232,452] [0m<inf> exp02_logging: XY 174232 -197377 -131677[0m
[00:02:54.232,574] [0m<dbg> zmk: zmk_hid_mouse_movement_set: Mouse movement set to -127/-127[0m
[00:02:54.232,574] [0m<dbg> zmk: zmk_hid_mouse_scroll_set: Mouse scroll set to 0/0[0m
[00:02:54.232,604] [0m<dbg> zmk: zmk_hid_mouse_movement_set: Mouse movement set to 0/0[0m
[00:02:54.240,386] [0m<inf> exp02_logging: XY 174240 -5197630 -5460798[0m
[00:02:54.240,478] [0m<dbg> zmk: zmk_hid_mouse_movement_set: Mouse movement set to 0/0[0m
[00:02:54.240,509] [0m<dbg> zmk: zmk_hid_mouse_scroll_set: Mouse scroll set to 0/0[0m
[00:02:54.240,539] [0m<dbg> zmk: zmk_hid_mouse_movement_set: Mouse movement set to 0/0[0m
[00:02:54.248,413] [0m<inf> exp02_logging: XY 174248 -4934403 -592191[0m
[00:02:54.248,504] [0m<dbg> zmk: zmk_hid_mouse_movement_set: Mouse movement set to 0/-127[0m
[00:02:54.248,504] [0m<dbg> zmk: zmk_hid_mouse_scroll_set: Mouse scroll set to 0/0[0m
[00:02:54.248,535] [0m<dbg> zmk: zmk_hid_mouse_movement_set: Mouse movement set to 0/0[0m
[00:02:54.256,530] [0m<inf> exp02_logging: XY 174256 -526500 -4934494[0m
[00:02:54.256,622] [0m<dbg> zmk: zmk_hid_mouse_movement_set: Mouse movement set to -127/0[0m
[00:02:54.256,652] [0m<dbg> zmk: zmk_hid_mouse_scroll_set: Mouse scroll set to 0/0[0m
[00:02:54.256,652] [0m<dbg> zmk: zmk_hid_mouse_movement_set: Mouse movement set to 0/0[0m
[00:02:54.264,465] [0m<inf> exp02_logging: XY 174264 -5460836 -5131846[0m
[00:02:54.264,526] [0m<dbg> zmk: zmk_hid_mouse_movement_set: Mouse movement set to 0/0[0m
[00:02:54.264,556] [0m<dbg> zmk: zmk_hid_mouse_scroll_set: Mouse scroll set to 0/0[0m
[00:02:54.264,556] [0m<dbg> zmk: zmk_hid_mouse_movement_set: Mouse movement set to 0/0[0m
[00:02:54.272,491] [0m<inf> exp02_logging: XY 174272 -65915 -197387[0m
[00:02:54.272,613] [0m<dbg> zmk: zmk_hid_mouse_movement_set: Mouse movement set to -127/-127[0m
[00:02:54.272,644] [0m<dbg> zmk: zmk_hid_mouse_scroll_set: Mouse scroll set to 0/0[0m
[00:02:54.272,644] [0m<dbg> zmk: zmk_hid_mouse_movement_set: Mouse movement set to 0/0[0m
[00:02:54.280,578] [0m<inf> exp02_logging: XY 174280 -5263604 -5460770[0m
[00:02:54.280,700] [0m<dbg> zmk: zmk_hid_mouse_movement_set: Mouse movement set to 0/0[0m
[00:02:54.280,700] [0m<dbg> zmk: zmk_hid_mouse_scroll_set: Mouse scroll set to 0/0[0m
[00:02:54.280,731] [0m<dbg> zmk: zmk_hid_mouse_movement_set: Mouse movement set to 0/0[0m
[00:02:54.288,543] [0m<inf> exp02_logging: XY 174288 -4737040 -329032[0m
[00:02:54.288,635] [0m<dbg> zmk: zmk_hid_mouse_movement_set: Mouse movement set to 0/-127[0m
[00:02:54.288,635] [0m<dbg> zmk: zmk_hid_mouse_scroll_set: Mouse scroll set to 0/0[0m
[00:02:54.288,665] [0m<dbg> zmk: zmk_hid_mouse_movement_set: Mouse movement set to 0/0[0m
[00:02:54.296,569] [0m<inf> exp02_logging: XY 174296 -657954 -4934651[0m
[00:02:54.296,691] [0m<dbg> zmk: zmk_hid_mouse_movement_set: Mouse movement set to -127/0[0m
[00:02:54.296,722] [0m<dbg> zmk: zmk_hid_mouse_scroll_set: Mouse scroll set to 0/0[0m
[00:02:54.296,722] [0m<dbg> zmk: zmk_hid_mouse_movement_set: Mouse movement set to 0/0[0m
[00:02:54.304,656] [0m<inf> exp02_logging: XY 174304 -5460828 -5000326[0m
[00:02:54.304,748] [0m<dbg> zmk: zmk_hid_mouse_movement_set: Mouse movement set to 0/0[0m
[00:02:54.304,748] [0m<dbg> zmk: zmk_hid_mouse_scroll_set: Mouse scroll set to 0/0[0m
[00:02:54.304,779] [0m<dbg> zmk: zmk_hid_mouse_movement_set: Mouse movement set to 0/0[0m
[00:02:54.312,622] [0m<inf> exp02_logging: XY 174312 -165 -263328[0m
[00:02:54.312,744] [0m<dbg> zmk: zmk_hid_mouse_movement_set: Mouse movement set to -127/-127[0m
[00:02:54.312,774] [0m<dbg> zmk: zmk_hid_mouse_scroll_set: Mouse scroll set to 0/0[0m
[00:02:54.312,774] [0m<dbg> zmk: zmk_hid_mouse_movement_set: Mouse movement set to 0/0[0m
[00:02:54.320,648] [0m<inf> exp02_logging: XY 174320 -5329380 -5460761[0m
[00:02:54.320,770] [0m<dbg> zmk: zmk_hid_mouse_movement_set: Mouse movement set to 0/0[0m
[00:02:54.320,770] [0m<dbg> zmk: zmk_hid_mouse_scroll_set: Mouse scroll set to 0/0[0m
[00:02:54.320,800] [0m<dbg> zmk: zmk_hid_mouse_movement_set: Mouse movement set to 0/0[0m
[00:02:54.328,735] [0m<inf> exp02_logging: XY 174328 -4473913 -131602[0m
[00:02:54.328,826] [0m<dbg> zmk: zmk_hid_mouse_movement_set: Mouse movement set to 0/-127[0m
[00:02:54.328,857] [0m<dbg> zmk: zmk_hid_mouse_scroll_set: Mouse scroll set to 0/0[0m
[00:02:54.328,857] [0m<dbg> zmk: zmk_hid_mouse_movement_set: Mouse movement set to 0/0[0m
[00:02:54.336,700] [0m<inf> exp02_logging: XY 174336 -789720 -5066074[0m
[00:02:54.336,822] [0m<dbg> zmk: zmk_hid_mouse_movement_set: Mouse movement set to -127/0[0m
[00:02:54.336,822] [0m<dbg> zmk: zmk_hid_mouse_scroll_set: Mouse scroll set to 0/0[0m
[00:02:54.336,853] [0m<dbg> zmk: zmk_hid_mouse_movement_set: Mouse movement set to 0/0[0m
[00:02:54.344,726] [0m<inf> exp02_logging: XY 174344 -5460822 -4868815[0m
[00:02:54.344,787] [0m<dbg> zmk: zmk_hid_mouse_movement_set: Mouse movement set to 0/0[0m
[00:02:54.344,818] [0m<dbg> zmk: zmk_hid_mouse_scroll_set: Mouse scroll set to 0/0[0m
[00:02:54.344,818] [0m<dbg> zmk: zmk_hid_mouse_movement_set: Mouse movement set to 0/0[0m
[00:02:54.352,844] [0m<inf> exp02_logging: XY 174352 -98 -394939[0m
[00:02:54.352,966] [0m<dbg> zmk: zmk_hid_mouse_movement_set: Mouse movement set to -127/-127[0m
[00:02:54.352,966] [0m<dbg> zmk: zmk_hid_mouse_scroll_set: Mouse scroll set to 0/0[0m
[00:02:54.352,996] [0m<dbg> zmk: zmk_hid_mouse_movement_set: Mouse movement set to 0/0[0m
[00:02:54.360,778] [0m<inf> exp02_logging: XY 174360 -5395178 -5460760[0m
[00:02:54.360,870] [0m<dbg> zmk: zmk_hid_mouse_movement_set: Mouse movement set to 0/0[0m
[00:02:54.360,900] [0m<dbg> zmk: zmk_hid_mouse_scroll_set: Mouse scroll set to 0/0[0m
[00:02:54.360,900] [0m<dbg> zmk: zmk_hid_mouse_movement_set: Mouse movement set to 0/0[0m
[00:02:54.368,804] [0m<inf> exp02_logging: XY 174368 -4210736 -205[0m
[00:02:54.368,896] [0m<dbg> zmk: zmk_hid_mouse_movement_set: Mouse movement set to 0/-127[0m
[00:02:54.368,896] [0m<dbg> zmk: zmk_hid_mouse_scroll_set: Mouse scroll set to 0/0[0m
[00:02:54.368,927] [0m<dbg> zmk: zmk_hid_mouse_movement_set: Mouse movement set to 0/0[0m
[00:02:54.376,922] [0m<inf> exp02_logging: XY 174376 -986913 -5131995[0m
[00:02:54.377,014] [0m<dbg> zmk: zmk_hid_mouse_movement_set: Mouse movement set to -127/0[0m
[00:02:54.377,044] [0m<dbg> zmk: zmk_hid_mouse_scroll_set: Mouse scroll set to 0/0[0m
[00:02:54.377,044] [0m<dbg> zmk: zmk_hid_mouse_movement_set: Mouse movement set to 0/0[0m
[00:02:54.384,857] [0m<inf> exp02_logging: XY 174384 -5460797 -4671267[0m
[00:02:54.384,918] [0m<dbg> zmk: zmk_hid_mouse_movement_set: Mouse movement set to 0/0[0m
[00:02:54.384,948] [0m<dbg> zmk: zmk_hid_mouse_scroll_set: Mouse scroll set to 0/0[0m
[00:02:54.384,948] [0m<dbg> zmk: zmk_hid_mouse_movement_set: Mouse movement set to 0/0[0m
[00:02:54.392,883] [0m<inf> exp02_logging: XY 174392 -37 -460559[0m
[00:02:54.393,035] [0m<dbg> zmk: zmk_hid_mouse_movement_set: Mouse movement set to -127/-127[0m
[00:02:54.393,035] [0m<dbg> zmk: zmk_hid_mouse_scroll_set: Mouse scroll set to 0/0[0m
[00:02:54.393,066] [0m<dbg> zmk: zmk_hid_mouse_movement_set: Mouse movement set to 0/0[0m
[00:02:54.400,970] [0m<inf> exp02_logging: XY 174400 -5460892 -5460749[0m
[00:02:54.401,092] [0m<dbg> zmk: zmk_hid_mouse_movement_set: Mouse movement set to 0/0[0m
[00:02:54.401,123] [0m<dbg> zmk: zmk_hid_mouse_scroll_set: Mouse scroll set to 0/0[0m
[00:02:54.401,123] [0m<dbg> zmk: zmk_hid_mouse_movement_set: Mouse movement set to 0/0[0m
[00:02:54.408,935] [0m<inf> exp02_logging: XY 174408 -3618798 -19[0m
[00:02:54.409,027] [0m<dbg> zmk: zmk_hid_mouse_movement_set: Mouse movement set to 0/-127[0m
[00:02:54.409,027] [0m<dbg> zmk: zmk_hid_mouse_scroll_set: Mouse scroll set to 0/0[0m
[00:02:54.409,057] [0m<dbg> zmk: zmk_hid_mouse_movement_set: Mouse movement set to 0/0[0m
[00:02:54.416,961] [0m<inf> exp02_logging: XY 174416 184 -3684445[0m
[00:02:54.417,083] [0m<dbg> zmk: zmk_hid_mouse_movement_set: Mouse movement set to -127/0[0m
[00:02:54.417,114] [0m<dbg> zmk: zmk_hid_mouse_scroll_set: Mouse scroll set to 0/0[0m
[00:02:54.417,114] [0m<dbg> zmk: zmk_hid_mouse_movement_set: Mouse movement set to 0/0[0m
[00:02:54.425,079] [0m<inf> exp02_logging: XY 174425 -1973974 -2829144[0m
[00:02:54.425,201] [0m<dbg> zmk: zmk_hid_mouse_movement_set: Mouse movement set to -109/-127[0m
[00:02:54.425,201] [0m<dbg> zmk: zmk_hid_mouse_scroll_set: Mouse scroll set to 0/0[0m
[00:02:54.425,231] [0m<dbg> zmk: zmk_hid_mouse_movement_set: Mouse movement set to 0/0[0m
[00:02:54.433,013] [0m<inf> exp02_logging: XY 174433 178 178[0m
[00:02:54.433,105] [0m<dbg> zmk: zmk_hid_mouse_movement_set: Mouse movement set to -127/0[0m
[00:02:54.433,135] [0m<dbg> zmk: zmk_hid_mouse_scroll_set: Mouse scroll set to 0/0[0m
[00:02:54.433,135] [0m<dbg> zmk: zmk_hid_mouse_movement_set: Mouse movement set to 0/0[0m
[00:02:54.441,040] [0m<inf> exp02_logging: XY 174441 -4276611 -2302876[0m
[00:02:54.441,131] [0m<dbg> zmk: zmk_hid_mouse_movement_set: Mouse movement set to 0/0[0m
[00:02:54.441,131] [0m<dbg> zmk: zmk_hid_mouse_scroll_set: Mouse scroll set to 0/0[0m
[00:02:54.441,162] [0m<dbg> zmk: zmk_hid_mouse_movement_set: Mouse movement set to 0/0[0m
[00:02:54.449,157] [0m<inf> exp02_logging: XY 174449 -2039626 184[0m
[00:02:54.449,249] [0m<dbg> zmk: zmk_hid_mouse_movement_set: Mouse movement set to -101/0[0m
[00:02:54.449,249] [0m<dbg> zmk: zmk_hid_mouse_scroll_set: Mouse scroll set to 0/0[0m
[00:02:54.449,279] [0m<dbg> zmk: zmk_hid_mouse_movement_set: Mouse movement set to 0/0[0m
[00:02:54.457,092] [0m<inf> exp02_logging: XY 174457 169 -4737163[0m
[00:02:54.457,214] [0m<dbg> zmk: zmk_hid_mouse_movement_set: Mouse movement set to -127/0[0m
[00:02:54.457,244] [0m<dbg> zmk: zmk_hid_mouse_scroll_set: Mouse scroll set to 0/0[0m
[00:02:54.457,244] [0m<dbg> zmk: zmk_hid_mouse_movement_set: Mouse movement set to 0/0[0m
[00:02:54.465,118] [0m<inf> exp02_logging: XY 174465 -2565901 -3158210[0m
[00:02:54.465,240] [0m<dbg> zmk: zmk_hid_mouse_movement_set: Mouse movement set to -34/-112[0m
[00:02:54.465,270] [0m<dbg> zmk: zmk_hid_mouse_scroll_set: Mouse scroll set to 0/0[0m
[00:02:54.465,301] [0m<dbg> zmk: zmk_hid_mouse_movement_set: Mouse movement set to 0/0[0m
[00:02:54.473,236] [0m<inf> exp02_logging: XY 174473 182 179[0m
[00:02:54.473,358] [0m<dbg> zmk: zmk_hid_mouse_movement_set: Mouse movement set to -127/-127[0m
[00:02:54.473,388] [0m<dbg> zmk: zmk_hid_mouse_scroll_set: Mouse scroll set to 0/0[0m
[00:02:54.473,388] [0m<dbg> zmk: zmk_hid_mouse_movement_set: Mouse movement set to 0/0[0m
[00:02:54.481,201] [0m<inf> exp02_logging: XY 174481 -5131943 -2565991[0m
[00:02:54.481,262] [0m<dbg> zmk: zmk_hid_mouse_movement_set: Mouse movement set to 0/0[0m
[00:02:54.481,292] [0m<dbg> zmk: zmk_hid_mouse_scroll_set: Mouse scroll set to 0/0[0m
[00:02:54.481,323] [0m<dbg> zmk: zmk_hid_mouse_movement_set: Mouse movement set to 0/0[0m
[00:02:54.489,196] [0m<inf> exp02_logging: XY 174489 -2566123 189[0m
[00:02:54.489,288] [0m<dbg> zmk: zmk_hid_mouse_movement_set: Mouse movement set to -34/0[0m
[00:02:54.489,318] [0m<dbg> zmk: zmk_hid_mouse_scroll_set: Mouse scroll set to 0/0[0m
[00:02:54.489,318] [0m<dbg> zmk: zmk_hid_mouse_movement_set: Mouse movement set to 0/0[0m
[00:02:54.497,314] [0m<inf> exp02_logging: XY 174497 172 -5000410[0m
[00:02:54.497,436] [0m<dbg> zmk: zmk_hid_mouse_movement_set: Mouse movement set to -127/0[0m
[00:02:54.497,436] [0m<dbg> zmk: zmk_hid_mouse_scroll_set: Mouse scroll set to 0/0[0m
[00:02:54.497,467] [0m<dbg> zmk: zmk_hid_mouse_movement_set: Mouse movement set to 0/0[0m
[00:02:54.505,249] [0m<inf> exp02_logging: XY 174505 -2500267 -3355407[0m
[00:02:54.505,371] [0m<dbg> zmk: zmk_hid_mouse_movement_set: Mouse movement set to -43/-54[0m
[00:02:54.505,401] [0m<dbg> zmk: zmk_hid_mouse_scroll_set: Mouse scroll set to 0/0[0m
[00:02:54.505,401] [0m<dbg> zmk: zmk_hid_mouse_movement_set: Mouse movement set to 0/0[0m
[00:02:54.513,275] [0m<inf> exp02_logging: XY 174513 183 181[0m
[00:02:54.513,427] [0m<dbg> zmk: zmk_hid_mouse_movement_set: Mouse movement set to -127/-127[0m
[00:02:54.513,427] [0m<dbg> zmk: zmk_hid_mouse_scroll_set: Mouse scroll set to 0/0[0m
[00:02:54.513,458] [0m<dbg> zmk: zmk_hid_mouse_movement_set: Mouse movement set to 0/0[0m
[00:02:54.521,362] [0m<inf> exp02_logging: XY 174521 -5592380 -3158159[0m
[00:02:54.521,484] [0m<dbg> zmk: zmk_hid_mouse_movement_set: Mouse movement set to 0/-112[0m
[00:02:54.521,514] [0m<dbg> zmk: zmk_hid_mouse_scroll_set: Mouse scroll set to 0/0[0m
[00:02:54.521,545] [0m<dbg> zmk: zmk_hid_mouse_movement_set: Mouse movement set to 0/0[0m
[00:02:54.529,327] [0m<inf> exp02_logging: XY 174529 -3552943 194[0m
[00:02:54.529,418] [0m<dbg> zmk: zmk_hid_mouse_movement_set: Mouse movement set to 0/-127[0m
[00:02:54.529,418] [0m<dbg> zmk: zmk_hid_mouse_scroll_set: Mouse scroll set to 0/0[0m
[00:02:54.529,449] [0m<dbg> zmk: zmk_hid_mouse_movement_set: Mouse movement set to 0/0[0m
[00:02:54.537,353] [0m<inf> exp02_logging: XY 174537 187 -4276584[0m
[00:02:54.537,475] [0m<dbg> zmk: zmk_hid_mouse_movement_set: Mouse movement set to -127/0[0m
[00:02:54.537,506] [0m<dbg> zmk: zmk_hid_mouse_scroll_set: Mouse scroll set to 0/0[0m
[00:02:54.537,506] [0m<dbg> zmk: zmk_hid_mouse_movement_set: Mouse movement set to 0/0[0m
[00:02:54.545,471] [0m<inf> exp02_logging: XY 174545 -4473911 -3355594[0m
[00:02:54.545,593] [0m<dbg> zmk: zmk_hid_mouse_movement_set: Mouse movement set to 0/-54[0m
[00:02:54.545,593] [0m<dbg> zmk: zmk_hid_mouse_scroll_set: Mouse scroll set to 0/0[0m
[00:02:54.545,623] [0m<dbg> zmk: zmk_hid_mouse_movement_set: Mouse movement set to 0/0[0m
[00:02:54.553,405] [0m<inf> exp02_logging: XY 174553 177 176[0m
[00:02:54.553,527] [0m<dbg> zmk: zmk_hid_mouse_movement_set: Mouse movement set to -127/-127[0m
[00:02:54.553,558] [0m<dbg> zmk: zmk_hid_mouse_scroll_set: Mouse scroll set to 0/0[0m
[00:02:54.553,558] [0m<dbg> zmk: zmk_hid_mouse_movement_set: Mouse movement set to 0/0[0m
[00:02:54.561,431] [0m<inf> exp02_logging: XY 174561 -4868787 -2960790[0m
[00:02:54.561,523] [0m<dbg> zmk: zmk_hid_mouse_movement_set: Mouse movement set to 0/0[0m
[00:02:54.561,523] [0m<dbg> zmk: zmk_hid_mouse_scroll_set: Mouse scroll set to 0/0[0m
[00:02:54.561,553] [0m<dbg> zmk: zmk_hid_mouse_movement_set: Mouse movement set to 0/0[0m
[00:02:54.569,549] [0m<inf> exp02_logging: XY 174569 -2894940 189[0m
[00:02:54.577,514] [0m<inf> exp02_logging: XY 174577 -2105543 -5460961[0m
[00:02:54.577,636] [0m<dbg> zmk: zmk_hid_mouse_movement_set: Mouse movement set to -92/0[0m
[00:02:54.577,636] [0m<dbg> zmk: zmk_hid_mouse_scroll_set: Mouse scroll set to 0/0[0m
[00:02:54.577,667] [0m<dbg> zmk: zmk_hid_mouse_movement_set: Mouse movement set to 0/0[0m
[00:02:54.585,571] [0m<inf> exp02_logging: XY 174585 -5460746 -2829179[0m
[00:02:54.585,693] [0m<dbg> zmk: zmk_hid_mouse_movement_set: Mouse movement set to 0/-127[0m
[00:02:54.585,723] [0m<dbg> zmk: zmk_hid_mouse_scroll_set: Mouse scroll set to 0/0[0m
[00:02:54.585,754] [0m<dbg> zmk: zmk_hid_mouse_movement_set: Mouse movement set to 0/0[0m
[00:02:54.593,536] [0m<inf> exp02_logging: XY 174593 26 -1381704[0m
[00:02:54.593,627] [0m<dbg> zmk: zmk_hid_mouse_movement_set: Mouse movement set to -127/0[0m
[00:02:54.593,658] [0m<dbg> zmk: zmk_hid_mouse_scroll_set: Mouse scroll set to 0/0[0m
[00:02:54.593,658] [0m<dbg> zmk: zmk_hid_mouse_movement_set: Mouse movement set to 0/0[0m
[00:02:54.601,562] [0m<inf> exp02_logging: XY 174601 -5592422 -5460857[0m
[00:02:54.601,684] [0m<dbg> zmk: zmk_hid_mouse_movement_set: Mouse movement set to 0/0[0m
[00:02:54.601,684] [0m<dbg> zmk: zmk_hid_mouse_scroll_set: Mouse scroll set to 0/0[0m
[00:02:54.601,715] [0m<dbg> zmk: zmk_hid_mouse_movement_set: Mouse movement set to 0/0[0m
[00:02:54.609,680] [0m<inf> exp02_logging: XY 174609 -1710612 8[0m
[00:02:54.609,802] [0m<dbg> zmk: zmk_hid_mouse_movement_set: Mouse movement set to -127/-127[0m
[00:02:54.609,832] [0m<dbg> zmk: zmk_hid_mouse_scroll_set: Mouse scroll set to 0/0[0m
[00:02:54.609,832] [0m<dbg> zmk: zmk_hid_mouse_movement_set: Mouse movement set to 0/0[0m
[00:02:54.617,614] [0m<inf> exp02_logging: XY 174617 -2566112 -5526555[0m
[00:02:54.617,736] [0m<dbg> zmk: zmk_hid_mouse_movement_set: Mouse movement set to -34/0[0m
[00:02:54.617,736] [0m<dbg> zmk: zmk_hid_mouse_scroll_set: Mouse scroll set to 0/0[0m
[00:02:54.617,767] [0m<dbg> zmk: zmk_hid_mouse_movement_set: Mouse movement set to 0/0[0m
[00:02:54.625,640] [0m<inf> exp02_logging: XY 174625 -5395149 -2631772[0m
[00:02:54.625,762] [0m<dbg> zmk: zmk_hid_mouse_movement_set: Mouse movement set to 0/-127[0m
[00:02:54.625,793] [0m<dbg> zmk: zmk_hid_mouse_scroll_set: Mouse scroll set to 0/0[0m
[00:02:54.625,793] [0m<dbg> zmk: zmk_hid_mouse_movement_set: Mouse movement set to 0/0[0m
[00:02:54.633,758] [0m<inf> exp02_logging: XY 174633 30 -1776584[0m
[00:02:54.633,850] [0m<dbg> zmk: zmk_hid_mouse_movement_set: Mouse movement set to -127/0[0m
[00:02:54.633,850] [0m<dbg> zmk: zmk_hid_mouse_scroll_set: Mouse scroll set to 0/0[0m
[00:02:54.633,880] [0m<dbg> zmk: zmk_hid_mouse_movement_set: Mouse movement set to 0/0[0m
[00:02:54.641,693] [0m<inf> exp02_logging: XY 174641 -5592414 -5460776[0m
[00:02:54.641,784] [0m<dbg> zmk: zmk_hid_mouse_movement_set: Mouse movement set to 0/0[0m
[00:02:54.641,815] [0m<dbg> zmk: zmk_hid_mouse_scroll_set: Mouse scroll set to 0/0[0m
[00:02:54.641,815] [0m<dbg> zmk: zmk_hid_mouse_movement_set: Mouse movement set to 0/0[0m
[00:02:54.649,719] [0m<inf> exp02_logging: XY 174649 -1447537 14[0m
[00:02:54.649,841] [0m<dbg> zmk: zmk_hid_mouse_movement_set: Mouse movement set to -127/-127[0m
[00:02:54.649,871] [0m<dbg> zmk: zmk_hid_mouse_scroll_set: Mouse scroll set to 0/0[0m
[00:02:54.649,902] [0m<dbg> zmk: zmk_hid_mouse_movement_set: Mouse movement set to 0/0[0m
[00:02:54.657,836] [0m<inf> exp02_logging: XY 174657 -2960836 -5526656[0m
[00:02:54.657,928] [0m<dbg> zmk: zmk_hid_mouse_movement_set: Mouse movement set to 0/0[0m
[00:02:54.657,958] [0m<dbg> zmk: zmk_hid_mouse_scroll_set: Mouse scroll set to 0/0[0m
[00:02:54.657,958] [0m<dbg> zmk: zmk_hid_mouse_movement_set: Mouse movement set to 0/0[0m
[00:02:54.665,802] [0m<inf> exp02_logging: XY 174665 -5394997 -2237170[0m
[00:02:54.665,893] [0m<dbg> zmk: zmk_hid_mouse_movement_set: Mouse movement set to 0/-127[0m
[00:02:54.665,893] [0m<dbg> zmk: zmk_hid_mouse_scroll_set: Mouse scroll set to 0/0[0m
[00:02:54.665,924] [0m<dbg> zmk: zmk_hid_mouse_movement_set: Mouse movement set to 0/0[0m
[00:02:54.673,797] [0m<inf> exp02_logging: XY 174673 30 -1973931[0m
[00:02:54.673,889] [0m<dbg> zmk: zmk_hid_mouse_movement_set: Mouse movement set to -127/0[0m
[00:02:54.673,919] [0m<dbg> zmk: zmk_hid_mouse_scroll_set: Mouse scroll set to 0/0[0m
[00:02:54.673,919] [0m<dbg> zmk: zmk_hid_mouse_movement_set: Mouse movement set to 0/0[0m
[00:02:54.681,915] [0m<inf> exp02_logging: XY 174681 -5592404 -5395117[0m
[00:02:54.682,006] [0m<dbg> zmk: zmk_hid_mouse_movement_set: Mouse movement set to 0/0[0m
[00:02:54.682,037] [0m<dbg> zmk: zmk_hid_mouse_scroll_set: Mouse scroll set to 0/0[0m
[00:02:54.682,037] [0m<dbg> zmk: zmk_hid_mouse_movement_set: Mouse movement set to 0/0[0m
[00:02:54.689,849] [0m<inf> exp02_logging: XY 174689 -1118610 1[0m
[00:02:54.689,971] [0m<dbg> zmk: zmk_hid_mouse_movement_set: Mouse movement set to -127/-127[0m
[00:02:54.690,002] [0m<dbg> zmk: zmk_hid_mouse_scroll_set: Mouse scroll set to 0/0[0m
[00:02:54.690,002] [0m<dbg> zmk: zmk_hid_mouse_movement_set: Mouse movement set to 0/0[0m
[00:02:54.697,875] [0m<inf> exp02_logging: XY 174697 -3355565 -5526670[0m
[00:02:54.697,998] [0m<dbg> zmk: zmk_hid_mouse_movement_set: Mouse movement set to 0/0[0m
[00:02:54.697,998] [0m<dbg> zmk: zmk_hid_mouse_scroll_set: Mouse scroll set to 0/0[0m
[00:02:54.698,028] [0m<dbg> zmk: zmk_hid_mouse_movement_set: Mouse movement set to 0/0[0m
[00:02:54.705,993] [0m<inf> exp02_logging: XY 174705 -5329352 -1908177[0m
[00:02:54.706,054] [0m<dbg> zmk: zmk_hid_mouse_movement_set: Mouse movement set to 0/-127[0m
[00:02:54.706,085] [0m<dbg> zmk: zmk_hid_mouse_scroll_set: Mouse scroll set to 0/0[0m
[00:02:54.706,085] [0m<dbg> zmk: zmk_hid_mouse_movement_set: Mouse movement set to 0/0[0m
[00:02:54.713,928] [0m<inf> exp02_logging: XY 174713 10 -2434557[0m
[00:02:54.714,019] [0m<dbg> zmk: zmk_hid_mouse_movement_set: Mouse movement set to -127/0[0m
[00:02:54.714,019] [0m<dbg> zmk: zmk_hid_mouse_scroll_set: Mouse scroll set to 0/0[0m
[00:02:54.714,050] [0m<dbg> zmk: zmk_hid_mouse_movement_set: Mouse movement set to 0/0[0m
[00:02:54.721,954] [0m<inf> exp02_logging: XY 174721 -5592348 -5395080[0m
[00:02:54.722,076] [0m<dbg> zmk: zmk_hid_mouse_movement_set: Mouse movement set to 0/0[0m
[00:02:54.722,076] [0m<dbg> zmk: zmk_hid_mouse_scroll_set: Mouse scroll set to 0/0[0m
[00:02:54.722,106] [0m<dbg> zmk: zmk_hid_mouse_movement_set: Mouse movement set to 0/0[0m
[00:02:54.730,072] [0m<inf> exp02_logging: XY 174730 -986992 -34[0m
[00:02:54.730,194] [0m<dbg> zmk: zmk_hid_mouse_movement_set: Mouse movement set to -127/-127[0m
[00:02:54.730,224] [0m<dbg> zmk: zmk_hid_mouse_scroll_set: Mouse scroll set to 0/0[0m
[00:02:54.730,224] [0m<dbg> zmk: zmk_hid_mouse_movement_set: Mouse movement set to 0/0[0m
[00:02:54.738,006] [0m<inf> exp02_logging: XY 174737 -3816155 -5526645[0m
[00:02:54.738,128] [0m<dbg> zmk: zmk_hid_mouse_movement_set: Mouse movement set to 0/0[0m
[00:02:54.738,128] [0m<dbg> zmk: zmk_hid_mouse_scroll_set: Mouse scroll set to 0/0[0m
[00:02:54.738,159] [0m<dbg> zmk: zmk_hid_mouse_movement_set: Mouse movement set to 0/0[0m
[00:02:54.746,032] [0m<inf> exp02_logging: XY 174746 -5329328 -2105454[0m
[00:02:54.746,124] [0m<dbg> zmk: zmk_hid_mouse_movement_set: Mouse movement set to 0/-127[0m
[00:02:54.746,124] [0m<dbg> zmk: zmk_hid_mouse_scroll_set: Mouse scroll set to 0/0[0m
[00:02:54.746,154] [0m<dbg> zmk: zmk_hid_mouse_movement_set: Mouse movement set to 0/0[0m
[00:02:54.754,150] [0m<inf> exp02_logging: XY 174754 -44 -3026594[0m
[00:02:54.754,241] [0m<dbg> zmk: zmk_hid_mouse_movement_set: Mouse movement set to -127/0[0m
[00:02:54.754,241] [0m<dbg> zmk: zmk_hid_mouse_scroll_set: Mouse scroll set to 0/0[0m
[00:02:54.754,272] [0m<dbg> zmk: zmk_hid_mouse_movement_set: Mouse movement set to 0/0[0m
[00:02:54.762,084] [0m<inf> exp02_logging: XY 174762 -5526723 -5394992[0m
[00:02:54.762,176] [0m<dbg> zmk: zmk_hid_mouse_movement_set: Mouse movement set to 0/0[0m
[00:02:54.762,207] [0m<dbg> zmk: zmk_hid_mouse_scroll_set: Mouse scroll set to 0/0[0m
[00:02:54.762,207] [0m<dbg> zmk: zmk_hid_mouse_movement_set: Mouse movement set to 0/0[0m
[00:02:54.770,111] [0m<inf> exp02_logging: XY 174770 -1184424 -72[0m
[00:02:54.770,233] [0m<dbg> zmk: zmk_hid_mouse_movement_set: Mouse movement set to -127/-127[0m
[00:02:54.770,263] [0m<dbg> zmk: zmk_hid_mouse_scroll_set: Mouse scroll set to 0/0[0m
[00:02:54.770,294] [0m<dbg> zmk: zmk_hid_mouse_movement_set: Mouse movement set to 0/0[0m
[00:02:54.778,228] [0m<inf> exp02_logging: XY 174778 -4079335 -5526611[0m
[00:02:54.778,320] [0m<dbg> zmk: zmk_hid_mouse_movement_set: Mouse movement set to 0/0[0m
[00:02:54.778,350] [0m<dbg> zmk: zmk_hid_mouse_scroll_set: Mouse scroll set to 0/0[0m
[00:02:54.778,350] [0m<dbg> zmk: zmk_hid_mouse_movement_set: Mouse movement set to 0/0[0m
[00:02:54.786,163] [0m<inf> exp02_logging: XY 174786 -5329217 -2039570[0m
[00:02:54.786,254] [0m<dbg> zmk: zmk_hid_mouse_movement_set: Mouse movement set to 0/-127[0m
[00:02:54.786,254] [0m<dbg> zmk: zmk_hid_mouse_scroll_set: Mouse scroll set to 0/0[0m
[00:02:54.786,285] [0m<dbg> zmk: zmk_hid_mouse_movement_set: Mouse movement set to 0/0[0m
[00:02:54.794,189] [0m<inf> exp02_logging: XY 174794 -64 -3223835[0m
[00:02:54.794,311] [0m<dbg> zmk: zmk_hid_mouse_movement_set: Mouse movement set to -127/-93[0m
[00:02:54.794,342] [0m<dbg> zmk: zmk_hid_mouse_scroll_set: Mouse scroll set to 0/0[0m
[00:02:54.794,372] [0m<dbg> zmk: zmk_hid_mouse_movement_set: Mouse movement set to 0/0[0m
[00:02:54.802,307] [0m<inf> exp02_logging: XY 174802 -5526667 -5329340[0m
[00:02:54.802,398] [0m<dbg> zmk: zmk_hid_mouse_movement_set: Mouse movement set to 0/0[0m
[00:02:54.802,429] [0m<dbg> zmk: zmk_hid_mouse_scroll_set: Mouse scroll set to 0/0[0m
[00:02:54.802,429] [0m<dbg> zmk: zmk_hid_mouse_movement_set: Mouse movement set to 0/0[0m
[00:02:54.810,241] [0m<inf> exp02_logging: XY 174810 -986942 -84[0m
[00:02:54.810,363] [0m<dbg> zmk: zmk_hid_mouse_movement_set: Mouse movement set to -127/-127[0m
[00:02:54.810,394] [0m<dbg> zmk: zmk_hid_mouse_scroll_set: Mouse scroll set to 0/0[0m
[00:02:54.810,394] [0m<dbg> zmk: zmk_hid_mouse_movement_set: Mouse movement set to 0/0[0m
[00:02:54.818,267] [0m<inf> exp02_logging: XY 174818 -4276664 -5526596[0m
[00:02:54.818,389] [0m<dbg> zmk: zmk_hid_mouse_movement_set: Mouse movement set to 0/0[0m
[00:02:54.818,389] [0m<dbg> zmk: zmk_hid_mouse_scroll_set: Mouse scroll set to 0/0[0m
[00:02:54.818,420] [0m<dbg> zmk: zmk_hid_mouse_movement_set: Mouse movement set to 0/0[0m
[00:02:54.826,354] [0m<inf> exp02_logging: XY 174826 -5263596 -1710644[0m
[00:02:54.826,446] [0m<dbg> zmk: zmk_hid_mouse_movement_set: Mouse movement set to 0/-127[0m
[00:02:54.826,477] [0m<dbg> zmk: zmk_hid_mouse_scroll_set: Mouse scroll set to 0/0[0m
[00:02:54.826,477] [0m<dbg> zmk: zmk_hid_mouse_movement_set: Mouse movement set to 0/0[0m
[00:02:54.834,320] [0m<inf> exp02_logging: XY 174834 -111 -3618739[0m
[00:02:54.834,442] [0m<dbg> zmk: zmk_hid_mouse_movement_set: Mouse movement set to -127/0[0m
[00:02:54.834,472] [0m<dbg> zmk: zmk_hid_mouse_scroll_set: Mouse scroll set to 0/0[0m
[00:02:54.834,472] [0m<dbg> zmk: zmk_hid_mouse_movement_set: Mouse movement set to 0/0[0m
[00:02:54.842,346] [0m<inf> exp02_logging: XY 174842 -5526616 -5329313[0m
[00:02:54.842,407] [0m<dbg> zmk: zmk_hid_mouse_movement_set: Mouse movement set to 0/0[0m
[00:02:54.842,437] [0m<dbg> zmk: zmk_hid_mouse_scroll_set: Mouse scroll set to 0/0[0m
[00:02:54.842,437] [0m<dbg> zmk: zmk_hid_mouse_movement_set: Mouse movement set to 0/0[0m
[00:02:54.850,463] [0m<inf> exp02_logging: XY 174850 -855301 -116[0m
[00:02:54.850,585] [0m<dbg> zmk: zmk_hid_mouse_movement_set: Mouse movement set to -127/-127[0m
[00:02:54.850,616] [0m<dbg> zmk: zmk_hid_mouse_scroll_set: Mouse scroll set to 0/0[0m
[00:02:54.850,616] [0m<dbg> zmk: zmk_hid_mouse_movement_set: Mouse movement set to 0/0[0m
[00:02:54.858,398] [0m<inf> exp02_logging: XY 174858 -4539831 -5526540[0m
[00:02:54.858,489] [0m<dbg> zmk: zmk_hid_mouse_movement_set: Mouse movement set to 0/0[0m
[00:02:54.858,520] [0m<dbg> zmk: zmk_hid_mouse_scroll_set: Mouse scroll set to 0/0[0m
[00:02:54.858,551] [0m<dbg> zmk: zmk_hid_mouse_movement_set: Mouse movement set to 0/0[0m
[00:02:54.866,424] [0m<inf> exp02_logging: XY 174866 -5263513 -1710628[0m
[00:02:54.866,516] [0m<dbg> zmk: zmk_hid_mouse_movement_set: Mouse movement set to 0/-127[0m
[00:02:54.866,516] [0m<dbg> zmk: zmk_hid_mouse_scroll_set: Mouse scroll set to 0/0[0m
[00:02:54.866,546] [0m<dbg> zmk: zmk_hid_mouse_movement_set: Mouse movement set to 0/0[0m
[00:02:54.874,542] [0m<inf> exp02_logging: XY 174874 -158 -3947727[0m
[00:02:54.874,664] [0m<dbg> zmk: zmk_hid_mouse_movement_set: Mouse movement set to -127/0[0m
[00:02:54.874,664] [0m<dbg> zmk: zmk_hid_mouse_scroll_set: Mouse scroll set to 0/0[0m
[00:02:54.874,694] [0m<dbg> zmk: zmk_hid_mouse_movement_set: Mouse movement set to 0/0[0m
[00:02:54.882,476] [0m<inf> exp02_logging: XY 174882 -5526570 -5329208[0m
[00:02:54.882,537] [0m<dbg> zmk: zmk_hid_mouse_movement_set: Mouse movement set to 0/0[0m
[00:02:54.882,568] [0m<dbg> zmk: zmk_hid_mouse_scroll_set: Mouse scroll set to 0/0[0m
[00:02:54.882,568] [0m<dbg> zmk: zmk_hid_mouse_movement_set: Mouse movement set to 0/0[0m
[00:02:54.890,502] [0m<inf> exp02_logging: XY 174890 -789621 -149[0m
[00:02:54.890,625] [0m<dbg> zmk: zmk_hid_mouse_movement_set: Mouse movement set to -127/-127[0m
[00:02:54.890,655] [0m<dbg> zmk: zmk_hid_mouse_scroll_set: Mouse scroll set to 0/0[0m
[00:02:54.890,686] [0m<dbg> zmk: zmk_hid_mouse_movement_set: Mouse movement set to 0/0[0m
[00:02:54.898,620] [0m<inf> exp02_logging: XY 174898 -4737260 -5460949[0m
[00:02:54.898,712] [0m<dbg> zmk: zmk_hid_mouse_movement_set: Mouse movement set to 0/0[0m
[00:02:54.898,742] [0m<dbg> zmk: zmk_hid_mouse_scroll_set: Mouse scroll set to 0/0[0m
[00:02:54.898,742] [0m<dbg> zmk: zmk_hid_mouse_movement_set: Mouse movement set to 0/0[0m
[00:02:54.906,555] [0m<inf> exp02_logging: XY 174906 -5263367 -1513312[0m
[00:02:54.906,646] [0m<dbg> zmk: zmk_hid_mouse_movement_set: Mouse movement set to 0/-127[0m
[00:02:54.906,646] [0m<dbg> zmk: zmk_hid_mouse_scroll_set: Mouse scroll set to 0/0[0m
[00:02:54.906,677] [0m<dbg> zmk: zmk_hid_mouse_movement_set: Mouse movement set to 0/0[0m
[00:02:54.914,581] [0m<inf> exp02_logging: XY 174914 -65817 -4079351[0m
[00:02:54.914,703] [0m<dbg> zmk: zmk_hid_mouse_movement_set: Mouse movement set to -127/0[0m
[00:02:54.914,733] [0m<dbg> zmk: zmk_hid_mouse_scroll_set: Mouse scroll set to 0/0[0m
[00:02:54.914,733] [0m<dbg> zmk: zmk_hid_mouse_movement_set: Mouse movement set to 0/0[0m
[00:02:54.922,698] [0m<inf> exp02_logging: XY 174922 -5460984 -5263576[0m
[00:02:54.922,760] [0m<dbg> zmk: zmk_hid_mouse_movement_set: Mouse movement set to 0/0[0m
[00:02:54.922,760] [0m<dbg> zmk: zmk_hid_mouse_scroll_set: Mouse scroll set to 0/0[0m
[00:02:54.922,790] [0m<dbg> zmk: zmk_hid_mouse_movement_set: Mouse movement set to 0/0[0m
[00:02:54.930,633] [0m<inf> exp02_logging: XY 174930 -657926 -182[0m
[00:02:54.930,755] [0m<dbg> zmk: zmk_hid_mouse_movement_set: Mouse movement set to -127/-127[0m
[00:02:54.930,786] [0m<dbg> zmk: zmk_hid_mouse_scroll_set: Mouse scroll set to 0/0[0m
[00:02:54.930,786] [0m<dbg> zmk: zmk_hid_mouse_movement_set: Mouse movement set to 0/0[0m
[00:02:54.938,659] [0m<inf> exp02_logging: XY 174938 -4868760 -5460920[0m
[00:02:54.938,781] [0m<dbg> zmk: zmk_hid_mouse_movement_set: Mouse movement set to 0/0[0m
[00:02:54.938,781] [0m<dbg> zmk: zmk_hid_mouse_scroll_set: Mouse scroll set to 0/0[0m
[00:02:54.938,812] [0m<dbg> zmk: zmk_hid_mouse_movement_set: Mouse movement set to 0/0[0m
[00:02:54.946,746] [0m<inf> exp02_logging: XY 174946 -5197650 -1184462[0m
[00:02:54.946,838] [0m<dbg> zmk: zmk_hid_mouse_movement_set: Mouse movement set to 0/-127[0m
[00:02:54.946,868] [0m<dbg> zmk: zmk_hid_mouse_scroll_set: Mouse scroll set to 0/0[0m
[00:02:54.946,868] [0m<dbg> zmk: zmk_hid_mouse_movement_set: Mouse movement set to 0/0[0m
[00:02:54.954,711] [0m<inf> exp02_logging: XY 174954 -131603 -4342519[0m
[00:02:54.954,833] [0m<dbg> zmk: zmk_hid_mouse_movement_set: Mouse movement set to -127/0[0m
[00:02:54.954,864] [0m<dbg> zmk: zmk_hid_mouse_scroll_set: Mouse scroll set to 0/0[0m
[00:02:54.954,864] [0m<dbg> zmk: zmk_hid_mouse_movement_set: Mouse movement set to 0/0[0m
[00:02:54.962,738] [0m<inf> exp02_logging: XY 174962 -5460948 -5263545[0m
[00:02:54.962,799] [0m<dbg> zmk: zmk_hid_mouse_movement_set: Mouse movement set to 0/0[0m
[00:02:54.962,829] [0m<dbg> zmk: zmk_hid_mouse_scroll_set: Mouse scroll set to 0/0[0m
[00:02:54.962,829] [0m<dbg> zmk: zmk_hid_mouse_movement_set: Mouse movement set to 0/0[0m
[00:02:54.970,855] [0m<inf> exp02_logging: XY 174970 -460722 -233[0m
[00:02:54.970,977] [0m<dbg> zmk: zmk_hid_mouse_movement_set: Mouse movement set to -127/-127[0m
[00:02:54.970,977] [0m<dbg> zmk: zmk_hid_mouse_scroll_set: Mouse scroll set to 0/0[0m
[00:02:54.971,008] [0m<dbg> zmk: zmk_hid_mouse_movement_set: Mouse movement set to 0/0[0m
[00:02:54.978,790] [0m<inf> exp02_logging: XY 174978 -5000267 -5460884[0m
[00:02:54.978,881] [0m<dbg> zmk: zmk_hid_mouse_movement_set: Mouse movement set to 0/0[0m
[00:02:54.978,912] [0m<dbg> zmk: zmk_hid_mouse_scroll_set: Mouse scroll set to 0/0[0m
[00:02:54.978,912] [0m<dbg> zmk: zmk_hid_mouse_movement_set: Mouse movement set to 0/0[0m
[00:02:54.986,816] [0m<inf> exp02_logging: XY 174986 -5131946 -1184258[0m
[00:02:54.986,907] [0m<dbg> zmk: zmk_hid_mouse_movement_set: Mouse movement set to 0/-127[0m
[00:02:54.986,907] [0m<dbg> zmk: zmk_hid_mouse_scroll_set: Mouse scroll set to 0/0[0m
[00:02:54.986,938] [0m<dbg> zmk: zmk_hid_mouse_movement_set: Mouse movement set to 0/0[0m
[00:02:54.994,934] [0m<inf> exp02_logging: XY 174994 -197546 -4605630[0m
[00:02:54.995,056] [0m<dbg> zmk: zmk_hid_mouse_movement_set: Mouse movement set to -127/0[0m
[00:02:54.995,056] [0m<dbg> zmk: zmk_hid_mouse_scroll_set: Mouse scroll set to 0/0[0m
[00:02:54.995,086] [0m<dbg> zmk: zmk_hid_mouse_movement_set: Mouse movement set to 0/0[0m
[00:02:55.002,868] [0m<inf> exp02_logging: XY 175002 -5460913 -5263399[0m
[00:02:55.002,929] [0m<dbg> zmk: zmk_hid_mouse_movement_set: Mouse movement set to 0/0[0m
[00:02:55.002,960] [0m<dbg> zmk: zmk_hid_mouse_scroll_set: Mouse scroll set to 0/0[0m
[00:02:55.002,960] [0m<dbg> zmk: zmk_hid_mouse_movement_set: Mouse movement set to 0/0[0m
[00:02:55.010,894] [0m<inf> exp02_logging: XY 175010 -394843 -65808[0m
[00:02:55.011,047] [0m<dbg> zmk: zmk_hid_mouse_movement_set: Mouse movement set to -127/-127[0m
[00:02:55.011,047] [0m<dbg> zmk: zmk_hid_mouse_scroll_set: Mouse scroll set to 0/0[0m
[00:02:55.011,077] [0m<dbg> zmk: zmk_hid_mouse_movement_set: Mouse movement set to 0/0[0m
[00:02:55.018,981] [0m<inf> exp02_logging: XY 175018 -5066171 -5460850[0m
[00:02:55.019,104] [0m<dbg> zmk: zmk_hid_mouse_movement_set: Mouse movement set to 0/0[0m
[00:02:55.019,134] [0m<dbg> zmk: zmk_hid_mouse_scroll_set: Mouse scroll set to 0/0[0m
[00:02:55.019,134] [0m<dbg> zmk: zmk_hid_mouse_movement_set: Mouse movement set to 0/0[0m
[00:02:55.026,947] [0m<inf> exp02_logging: XY 175026 -5066089 -921205[0m
[00:02:55.027,038] [0m<dbg> zmk: zmk_hid_mouse_movement_set: Mouse movement set to 0/-127[0m
[00:02:55.027,038] [0m<dbg> zmk: zmk_hid_mouse_scroll_set: Mouse scroll set to 0/0[0m
[00:02:55.027,069] [0m<dbg> zmk: zmk_hid_mouse_movement_set: Mouse movement set to 0/0[0m
[00:02:55.034,973] [0m<inf> exp02_logging: XY 175034 -263407 -4737070[0m
[00:02:55.035,095] [0m<dbg> zmk: zmk_hid_mouse_movement_set: Mouse movement set to -127/0[0m
[00:02:55.035,125] [0m<dbg> zmk: zmk_hid_mouse_scroll_set: Mouse scroll set to 0/0[0m
[00:02:55.035,125] [0m<dbg> zmk: zmk_hid_mouse_movement_set: Mouse movement set to 0/0[0m
[00:02:55.043,090] [0m<inf> exp02_logging: XY 175043 -5460888 -5197714[0m
[00:02:55.043,151] [0m<dbg> zmk: zmk_hid_mouse_movement_set: Mouse movement set to 0/0[0m
[00:02:55.043,151] [0m<dbg> zmk: zmk_hid_mouse_scroll_set: Mouse scroll set to 0/0[0m
[00:02:55.043,182] [0m<dbg> zmk: zmk_hid_mouse_movement_set: Mouse movement set to 0/0[0m
[00:02:55.051,025] [0m<inf> exp02_logging: XY 175051 -263260 -65913[0m
[00:02:55.051,147] [0m<dbg> zmk: zmk_hid_mouse_movement_set: Mouse movement set to -127/-127[0m
[00:02:55.051,177] [0m<dbg> zmk: zmk_hid_mouse_scroll_set: Mouse scroll set to 0/0[0m
[00:02:55.051,177] [0m<dbg> zmk: zmk_hid_mouse_movement_set: Mouse movement set to 0/0[0m
[00:02:55.059,051] [0m<inf> exp02_logging: XY 175059 -5131959 -5460832[0m
[00:02:55.059,173] [0m<dbg> zmk: zmk_hid_mouse_movement_set: Mouse movement set to 0/0[0m
[00:02:55.059,173] [0m<dbg> zmk: zmk_hid_mouse_scroll_set: Mouse scroll set to 0/0[0m
[00:02:55.059,204] [0m<dbg> zmk: zmk_hid_mouse_movement_set: Mouse movement set to 0/0[0m
[00:02:55.067,169] [0m<inf> exp02_logging: XY 175067 -4934610 -658018[0m
[00:02:55.067,230] [0m<dbg> zmk: zmk_hid_mouse_movement_set: Mouse movement set to 0/-127[0m
[00:02:55.067,260] [0m<dbg> zmk: zmk_hid_mouse_scroll_set: Mouse scroll set to 0/0[0m
[00:02:55.067,260] [0m<dbg> zmk: zmk_hid_mouse_movement_set: Mouse movement set to 0/0[0m
[00:02:55.075,103] [0m<inf> exp02_logging: XY 175075 -460610 -4868748[0m
[00:02:55.075,225] [0m<dbg> zmk: zmk_hid_mouse_movement_set: Mouse movement set to -127/0[0m
[00:02:55.075,225] [0m<dbg> zmk: zmk_hid_mouse_scroll_set: Mouse scroll set to 0/0[0m
[00:02:55.075,256] [0m<dbg> zmk: zmk_hid_mouse_movement_set: Mouse movement set to 0/0[0m
[00:02:55.083,129] [0m<inf> exp02_logging: XY 175083 -5460876 -5197591[0m
[00:02:55.083,190] [0m<dbg> zmk: zmk_hid_mouse_movement_set: Mouse movement set to 0/0[0m
[00:02:55.083,221] [0m<dbg> zmk: zmk_hid_mouse_scroll_set: Mouse scroll set to 0/0[0m
[00:02:55.083,251] [0m<dbg> zmk: zmk_hid_mouse_movement_set: Mouse movement set to 0/0[0m
[00:02:55.091,247] [0m<inf> exp02_logging: XY 175091 -131708 -131830[0m
[00:02:55.091,369] [0m<dbg> zmk: zmk_hid_mouse_movement_set: Mouse movement set to -127/-127[0m
[00:02:55.091,400] [0m<dbg> zmk: zmk_hid_mouse_scroll_set: Mouse scroll set to 0/0[0m
[00:02:55.091,400] [0m<dbg> zmk: zmk_hid_mouse_movement_set: Mouse movement set to 0/0[0m
[00:02:55.099,182] [0m<inf> exp02_logging: XY 175099 -5263471 -5460811[0m
[00:02:55.099,273] [0m<dbg> zmk: zmk_hid_mouse_movement_set: Mouse movement set to 0/0[0m
[00:02:55.099,304] [0m<dbg> zmk: zmk_hid_mouse_scroll_set: Mouse scroll set to 0/0[0m
[00:02:55.099,304] [0m<dbg> zmk: zmk_hid_mouse_movement_set: Mouse movement set to 0/0[0m
[00:02:55.107,208] [0m<inf> exp02_logging: XY 175107 -4868652 -526442[0m
[00:02:55.107,299] [0m<dbg> zmk: zmk_hid_mouse_movement_set: Mouse movement set to 0/-127[0m
[00:02:55.107,299] [0m<dbg> zmk: zmk_hid_mouse_scroll_set: Mouse scroll set to 0/0[0m
[00:02:55.107,330] [0m<dbg> zmk: zmk_hid_mouse_movement_set: Mouse movement set to 0/0[0m
[00:02:55.115,325] [0m<inf> exp02_logging: XY 175115 -592376 -5000259[0m
[00:02:55.115,447] [0m<dbg> zmk: zmk_hid_mouse_movement_set: Mouse movement set to -127/0[0m
[00:02:55.115,447] [0m<dbg> zmk: zmk_hid_mouse_scroll_set: Mouse scroll set to 0/0[0m
[00:02:55.115,478] [0m<dbg> zmk: zmk_hid_mouse_movement_set: Mouse movement set to 0/0[0m
[00:02:55.123,260] [0m<inf> exp02_logging: XY 175123 -5460875 -5131789[0m
[00:02:55.123,321] [0m<dbg> zmk: zmk_hid_mouse_movement_set: Mouse movement set to 0/0[0m
[00:02:55.123,352] [0m<dbg> zmk: zmk_hid_mouse_scroll_set: Mouse scroll set to 0/0[0m
[00:02:55.123,352] [0m<dbg> zmk: zmk_hid_mouse_movement_set: Mouse movement set to 0/0[0m
[00:02:55.131,286] [0m<inf> exp02_logging: XY 175131 -65812 -197590[0m
[00:02:55.131,439] [0m<dbg> zmk: zmk_hid_mouse_movement_set: Mouse movement set to -127/-127[0m
[00:02:55.131,439] [0m<dbg> zmk: zmk_hid_mouse_scroll_set: Mouse scroll set to 0/0[0m
[00:02:55.131,469] [0m<dbg> zmk: zmk_hid_mouse_movement_set: Mouse movement set to 0/0[0m
[00:02:55.139,404] [0m<inf> exp02_logging: XY 175139 -5394955 -5460783[0m
[00:02:55.139,495] [0m<dbg> zmk: zmk_hid_mouse_movement_set: Mouse movement set to 0/0[0m
[00:02:55.139,526] [0m<dbg> zmk: zmk_hid_mouse_scroll_set: Mouse scroll set to 0/0[0m
[00:02:55.139,526] [0m<dbg> zmk: zmk_hid_mouse_movement_set: Mouse movement set to 0/0[0m
[00:02:55.147,338] [0m<inf> exp02_logging: XY 175147 -4671440 -329099[0m
[00:02:55.147,430] [0m<dbg> zmk: zmk_hid_mouse_movement_set: Mouse movement set to 0/-127[0m
[00:02:55.147,430] [0m<dbg> zmk: zmk_hid_mouse_scroll_set: Mouse scroll set to 0/0[0m
[00:02:55.147,460] [0m<dbg> zmk: zmk_hid_mouse_movement_set: Mouse movement set to 0/0[0m
[00:02:55.155,364] [0m<inf> exp02_logging: XY 175155 -723852 -5000406[0m
[00:02:55.155,487] [0m<dbg> zmk: zmk_hid_mouse_movement_set: Mouse movement set to -127/0[0m
[00:02:55.155,517] [0m<dbg> zmk: zmk_hid_mouse_scroll_set: Mouse scroll set to 0/0[0m
[00:02:55.155,517] [0m<dbg> zmk: zmk_hid_mouse_movement_set: Mouse movement set to 0/0[0m
[00:02:55.163,482] [0m<inf> exp02_logging: XY 175163 -5460873 -5000285[0m
[00:02:55.163,543] [0m<dbg> zmk: zmk_hid_mouse_movement_set: Mouse movement set to 0/0[0m
[00:02:55.163,543] [0m<dbg> zmk: zmk_hid_mouse_scroll_set: Mouse scroll set to 0/0[0m
[00:02:55.163,574] [0m<dbg> zmk: zmk_hid_mouse_movement_set: Mouse movement set to 0/0[0m
[00:02:55.171,417] [0m<inf> exp02_logging: XY 175171 -218 -329177[0m
[00:02:55.171,539] [0m<dbg> zmk: zmk_hid_mouse_movement_set: Mouse movement set to -127/-127[0m
[00:02:55.171,569] [0m<dbg> zmk: zmk_hid_mouse_scroll_set: Mouse scroll set to 0/0[0m
[00:02:55.171,569] [0m<dbg> zmk: zmk_hid_mouse_movement_set: Mouse movement set to 0/0[0m
[00:02:55.179,443] [0m<inf> exp02_logging: XY 175179 -5395178 -5460783[0m
[00:02:55.179,565] [0m<dbg> zmk: zmk_hid_mouse_movement_set: Mouse movement set to 0/0[0m
[00:02:55.179,565] [0m<dbg> zmk: zmk_hid_mouse_scroll_set: Mouse scroll set to 0/0[0m
[00:02:55.179,595] [0m<dbg> zmk: zmk_hid_mouse_movement_set: Mouse movement set to 0/0[0m
[00:02:55.187,530] [0m<inf> exp02_logging: XY 175187 -4473892 -131796[0m
[00:02:55.187,622] [0m<dbg> zmk: zmk_hid_mouse_movement_set: Mouse movement set to 0/-127[0m
[00:02:55.187,652] [0m<dbg> zmk: zmk_hid_mouse_scroll_set: Mouse scroll set to 0/0[0m
[00:02:55.187,652] [0m<dbg> zmk: zmk_hid_mouse_movement_set: Mouse movement set to 0/0[0m
[00:02:55.195,495] [0m<inf> exp02_logging: XY 175195 -921206 -5066213[0m
[00:02:55.195,617] [0m<dbg> zmk: zmk_hid_mouse_movement_set: Mouse movement set to -127/0[0m
[00:02:55.195,617] [0m<dbg> zmk: zmk_hid_mouse_scroll_set: Mouse scroll set to 0/0[0m
[00:02:55.195,648] [0m<dbg> zmk: zmk_hid_mouse_movement_set: Mouse movement set to 0/0[0m
[00:02:55.203,521] [0m<inf> exp02_logging: XY 175203 -5460885 -4868798[0m
[00:02:55.203,582] [0m<dbg> zmk: zmk_hid_mouse_movement_set: Mouse movement set to 0/0[0m
[00:02:55.203,613] [0m<dbg> zmk: zmk_hid_mouse_scroll_set: Mouse scroll set to 0/0[0m
[00:02:55.203,613] [0m<dbg> zmk: zmk_hid_mouse_movement_set: Mouse movement set to 0/0[0m
[00:02:55.211,639] [0m<inf> exp02_logging: XY 175211 -158 -526499[0m
[00:02:55.211,761] [0m<dbg> zmk: zmk_hid_mouse_movement_set: Mouse movement set to -127/-127[0m
[00:02:55.211,761] [0m<dbg> zmk: zmk_hid_mouse_scroll_set: Mouse scroll set to 0/0[0m
[00:02:55.211,791] [0m<dbg> zmk: zmk_hid_mouse_movement_set: Mouse movement set to 0/0[0m
[00:02:55.219,573] [0m<inf> exp02_logging: XY 175219 -5460976 -5460773[0m
[00:02:55.219,665] [0m<dbg> zmk: zmk_hid_mouse_movement_set: Mouse movement set to 0/0[0m
[00:02:55.219,696] [0m<dbg> zmk: zmk_hid_mouse_scroll_set: Mouse scroll set to 0/0[0m
[00:02:55.219,696] [0m<dbg> zmk: zmk_hid_mouse_movement_set: Mouse movement set to 0/0[0m
[00:02:55.227,600] [0m<inf> exp02_logging: XY 175227 -4276489 -65981[0m
[00:02:55.227,691] [0m<dbg> zmk: zmk_hid_mouse_movement_set: Mouse movement set to 0/-127[0m
[00:02:55.227,691] [0m<dbg> zmk: zmk_hid_mouse_scroll_set: Mouse scroll set to 0/0[0m
[00:02:55.227,722] [0m<dbg> zmk: zmk_hid_mouse_movement_set: Mouse movement set to 0/0[0m
[00:02:55.235,717] [0m<inf> exp02_logging: XY 175235 -1184348 -5263382[0m
[00:02:55.235,809] [0m<dbg> zmk: zmk_hid_mouse_movement_set: Mouse movement set to -127/0[0m
[00:02:55.235,839] [0m<dbg> zmk: zmk_hid_mouse_scroll_set: Mouse scroll set to 0/0[0m
[00:02:55.235,839] [0m<dbg> zmk: zmk_hid_mouse_movement_set: Mouse movement set to 0/0[0m
[00:02:55.243,652] [0m<inf> exp02_logging: XY 175243 -5460858 -4737171[0m
[00:02:55.243,713] [0m<dbg> zmk: zmk_hid_mouse_movement_set: Mouse movement set to 0/0[0m
[00:02:55.243,743] [0m<dbg> zmk: zmk_hid_mouse_scroll_set: Mouse scroll set to 0/0[0m
[00:02:55.243,743] [0m<dbg> zmk: zmk_hid_mouse_movement_set: Mouse movement set to 0/0[0m
[00:02:55.251,678] [0m<inf> exp02_logging: XY 175251 -117 -657936[0m
[00:02:55.251,831] [0m<dbg> zmk: zmk_hid_mouse_movement_set: Mouse movement set to -127/-127[0m
[00:02:55.251,831] [0m<dbg> zmk: zmk_hid_mouse_scroll_set: Mouse scroll set to 0/0[0m
[00:02:55.251,861] [0m<dbg> zmk: zmk_hid_mouse_movement_set: Mouse movement set to 0/0[0m
[00:02:55.259,765] [0m<inf> exp02_logging: XY 175259 -5526605 -5460758[0m
[00:02:55.259,887] [0m<dbg> zmk: zmk_hid_mouse_movement_set: Mouse movement set to 0/0[0m
[00:02:55.259,887] [0m<dbg> zmk: zmk_hid_mouse_scroll_set: Mouse scroll set to 0/0[0m
[00:02:55.259,918] [0m<dbg> zmk: zmk_hid_mouse_movement_set: Mouse movement set to 0/0[0m
[00:02:55.267,730] [0m<inf> exp02_logging: XY 175267 -3947690 -65829[0m
[00:02:55.267,822] [0m<dbg> zmk: zmk_hid_mouse_movement_set: Mouse movement set to 0/-127[0m
[00:02:55.267,852] [0m<dbg> zmk: zmk_hid_mouse_scroll_set: Mouse scroll set to 0/0[0m
[00:02:55.267,852] [0m<dbg> zmk: zmk_hid_mouse_movement_set: Mouse movement set to 0/0[0m
[00:02:55.275,756] [0m<inf> exp02_logging: XY 175275 -1315995 -5263590[0m
[00:02:55.275,878] [0m<dbg> zmk: zmk_hid_mouse_movement_set: Mouse movement set to -127/0[0m
[00:02:55.275,909] [0m<dbg> zmk: zmk_hid_mouse_scroll_set: Mouse scroll set to 0/0[0m
[00:02:55.275,909] [0m<dbg> zmk: zmk_hid_mouse_movement_set: Mouse movement set to 0/0[0m
[00:02:55.283,843] [0m<inf> exp02_logging: XY 175283 -5460845 -4539671[0m
[00:02:55.283,935] [0m<dbg> zmk: zmk_hid_mouse_movement_set: Mouse movement set to 0/0[0m
[00:02:55.283,935] [0m<dbg> zmk: zmk_hid_mouse_scroll_set: Mouse scroll set to 0/0[0m
[00:02:55.283,966] [0m<dbg> zmk: zmk_hid_mouse_movement_set: Mouse movement set to 0/0[0m
[00:02:55.291,809] [0m<inf> exp02_logging: XY 175291 -82 -789749[0m
[00:02:55.291,931] [0m<dbg> zmk: zmk_hid_mouse_movement_set: Mouse movement set to -127/-127[0m
[00:02:55.291,961] [0m<dbg> zmk: zmk_hid_mouse_scroll_set: Mouse scroll set to 0/0[0m
[00:02:55.291,961] [0m<dbg> zmk: zmk_hid_mouse_movement_set: Mouse movement set to 0/0[0m
[00:02:55.299,835] [0m<inf> exp02_logging: XY 175299 -5526678 -5460748[0m
[00:02:55.299,957] [0m<dbg> zmk: zmk_hid_mouse_movement_set: Mouse movement set to 0/0[0m
[00:02:55.299,957] [0m<dbg> zmk: zmk_hid_mouse_scroll_set: Mouse scroll set to 0/0[0m
[00:02:55.299,987] [0m<dbg> zmk: zmk_hid_mouse_movement_set: Mouse movement set to 0/0[0m
[00:02:55.307,922] [0m<inf> exp02_logging: XY 175307 -3552896 -65796[0m
[00:02:55.308,013] [0m<dbg> zmk: zmk_hid_mouse_movement_set: Mouse movement set to 0/-127[0m
[00:02:55.308,044] [0m<dbg> zmk: zmk_hid_mouse_scroll_set: Mouse scroll set to 0/0[0m
[00:02:55.308,044] [0m<dbg> zmk: zmk_hid_mouse_movement_set: Mouse movement set to 0/0[0m
[00:02:55.315,887] [0m<inf> exp02_logging: XY 175315 -1645001 -5329401[0m
[00:02:55.316,009] [0m<dbg> zmk: zmk_hid_mouse_movement_set: Mouse movement set to -127/0[0m
[00:02:55.316,009] [0m<dbg> zmk: zmk_hid_mouse_scroll_set: Mouse scroll set to 0/0[0m
[00:02:55.316,040] [0m<dbg> zmk: zmk_hid_mouse_movement_set: Mouse movement set to 0/0[0m
[00:02:55.323,913] [0m<inf> exp02_logging: XY 175323 -5460810 -4408112[0m
[00:02:55.323,974] [0m<dbg> zmk: zmk_hid_mouse_movement_set: Mouse movement set to 0/0[0m
[00:02:55.324,005] [0m<dbg> zmk: zmk_hid_mouse_scroll_set: Mouse scroll set to 0/0[0m
[00:02:55.324,005] [0m<dbg> zmk: zmk_hid_mouse_movement_set: Mouse movement set to 0/0[0m
[00:02:55.332,031] [0m<inf> exp02_logging: XY 175332 -83 -1052918[0m
[00:02:55.332,153] [0m<dbg> zmk: zmk_hid_mouse_movement_set: Mouse movement set to -127/-127[0m
[00:02:55.332,153] [0m<dbg> zmk: zmk_hid_mouse_scroll_set: Mouse scroll set to 0/0[0m
[00:02:55.332,183] [0m<dbg> zmk: zmk_hid_mouse_movement_set: Mouse movement set to 0/0[0m
[00:02:55.339,965] [0m<inf> exp02_logging: XY 175339 -5526672 -5395181[0m
[00:02:55.340,057] [0m<dbg> zmk: zmk_hid_mouse_movement_set: Mouse movement set to 0/0[0m
[00:02:55.340,087] [0m<dbg> zmk: zmk_hid_mouse_scroll_set: Mouse scroll set to 0/0[0m
[00:02:55.340,087] [0m<dbg> zmk: zmk_hid_mouse_movement_set: Mouse movement set to 0/0[0m
[00:02:55.347,991] [0m<inf> exp02_logging: XY 175347 -3355465 -65794[0m
[00:02:55.348,083] [0m<dbg> zmk: zmk_hid_mouse_movement_set: Mouse movement set to 0/-127[0m
[00:02:55.348,083] [0m<dbg> zmk: zmk_hid_mouse_scroll_set: Mouse scroll set to 0/0[0m
[00:02:55.348,114] [0m<dbg> zmk: zmk_hid_mouse_movement_set: Mouse movement set to 0/0[0m
[00:02:55.356,109] [0m<inf> exp02_logging: XY 175356 -2039775 -5395100[0m
[00:02:55.356,201] [0m<dbg> zmk: zmk_hid_mouse_movement_set: Mouse movement set to -101/0[0m
[00:02:55.356,231] [0m<dbg> zmk: zmk_hid_mouse_scroll_set: Mouse scroll set to 0/0[0m
[00:02:55.356,262] [0m<dbg> zmk: zmk_hid_mouse_movement_set: Mouse movement set to 0/0[0m
[00:02:55.364,044] [0m<inf> exp02_logging: XY 175364 -5460743 -4145091[0m
[00:02:55.364,105] [0m<dbg> zmk: zmk_hid_mouse_movement_set: Mouse movement set to 0/0[0m
[00:02:55.364,135] [0m<dbg> zmk: zmk_hid_mouse_scroll_set: Mouse scroll set to 0/0[0m
[00:02:55.364,135] [0m<dbg> zmk: zmk_hid_mouse_movement_set: Mouse movement set to 0/0[0m
[00:02:55.372,070] [0m<inf> exp02_logging: XY 175372 -72 -1184461[0m
[00:02:55.372,222] [0m<dbg> zmk: zmk_hid_mouse_movement_set: Mouse movement set to -127/-127[0m
[00:02:55.372,222] [0m<dbg> zmk: zmk_hid_mouse_scroll_set: Mouse scroll set to 0/0[0m
[00:02:55.372,253] [0m<dbg> zmk: zmk_hid_mouse_movement_set: Mouse movement set to 0/0[0m
[00:02:55.380,157] [0m<inf> exp02_logging: XY 175380 -5526687 -5395151[0m
[00:02:55.380,279] [0m<dbg> zmk: zmk_hid_mouse_movement_set: Mouse movement set to 0/0[0m
[00:02:55.380,310] [0m<dbg> zmk: zmk_hid_mouse_scroll_set: Mouse scroll set to 0/0[0m
[00:02:55.380,310] [0m<dbg> zmk: zmk_hid_mouse_movement_set: Mouse movement set to 0/0[0m
[00:02:55.388,153] [0m<inf> exp02_logging: XY 175388 -2960835 -232[0m
[00:02:55.388,244] [0m<dbg> zmk: zmk_hid_mouse_movement_set: Mouse movement set to 0/-127[0m
[00:02:55.388,244] [0m<dbg> zmk: zmk_hid_mouse_scroll_set: Mouse scroll set to 0/0[0m
[00:02:55.388,275] [0m<dbg> zmk: zmk_hid_mouse_movement_set: Mouse movement set to 0/0[0m
[00:02:55.396,148] [0m<inf> exp02_logging: XY 175396 -2302880 -5395184[0m
[00:02:55.396,270] [0m<dbg> zmk: zmk_hid_mouse_movement_set: Mouse movement set to -68/0[0m
[00:02:55.396,301] [0m<dbg> zmk: zmk_hid_mouse_scroll_set: Mouse scroll set to 0/0[0m
[00:02:55.396,301] [0m<dbg> zmk: zmk_hid_mouse_movement_set: Mouse movement set to 0/0[0m
[00:02:55.404,235] [0m<inf> exp02_logging: XY 175404 -5395127 -3816141[0m
[00:02:55.404,327] [0m<dbg> zmk: zmk_hid_mouse_movement_set: Mouse movement set to 0/0[0m
[00:02:55.404,327] [0m<dbg> zmk: zmk_hid_mouse_scroll_set: Mouse scroll set to 0/0[0m
[00:02:55.404,357] [0m<dbg> zmk: zmk_hid_mouse_movement_set: Mouse movement set to 0/0[0m
[00:02:55.412,231] [0m<inf> exp02_logging: XY 175412 -71 -1579081[0m
[00:02:55.412,353] [0m<dbg> zmk: zmk_hid_mouse_movement_set: Mouse movement set to -127/-127[0m
[00:02:55.412,384] [0m<dbg> zmk: zmk_hid_mouse_scroll_set: Mouse scroll set to 0/0[0m
[00:02:55.412,414] [0m<dbg> zmk: zmk_hid_mouse_movement_set: Mouse movement set to 0/0[0m
[00:02:55.420,227] [0m<inf> exp02_logging: XY 175420 -5526664 -5395121[0m
[00:02:55.420,349] [0m<dbg> zmk: zmk_hid_mouse_movement_set: Mouse movement set to 0/0[0m
[00:02:55.420,349] [0m<dbg> zmk: zmk_hid_mouse_scroll_set: Mouse scroll set to 0/0[0m
[00:02:55.420,379] [0m<dbg> zmk: zmk_hid_mouse_movement_set: Mouse movement set to 0/0[0m
[00:02:55.428,344] [0m<inf> exp02_logging: XY 175428 -2566142 -218[0m
[00:02:55.428,466] [0m<dbg> zmk: zmk_hid_mouse_movement_set: Mouse movement set to -34/-127[0m
[00:02:55.428,497] [0m<dbg> zmk: zmk_hid_mouse_scroll_set: Mouse scroll set to 0/0[0m
[00:02:55.428,497] [0m<dbg> zmk: zmk_hid_mouse_movement_set: Mouse movement set to 0/0[0m
[00:02:55.436,279] [0m<inf> exp02_logging: XY 175436 -2697561 -5460846[0m
[00:02:55.436,401] [0m<dbg> zmk: zmk_hid_mouse_movement_set: Mouse movement set to -18/0[0m
[00:02:55.436,401] [0m<dbg> zmk: zmk_hid_mouse_scroll_set: Mouse scroll set to 0/0[0m
[00:02:55.436,431] [0m<dbg> zmk: zmk_hid_mouse_movement_set: Mouse movement set to 0/0[0m
[00:02:55.444,305] [0m<inf> exp02_logging: XY 175444 -5395042 -3684513[0m
[00:02:55.444,366] [0m<dbg> zmk: zmk_hid_mouse_movement_set: Mouse movement set to 0/0[0m
[00:02:55.444,396] [0m<dbg> zmk: zmk_hid_mouse_scroll_set: Mouse scroll set to 0/0[0m
[00:02:55.444,396] [0m<dbg> zmk: zmk_hid_mouse_movement_set: Mouse movement set to 0/0[0m
[00:02:55.452,423] [0m<inf> exp02_logging: XY 175452 -81 -1908106[0m
[00:02:55.452,545] [0m<dbg> zmk: zmk_hid_mouse_movement_set: Mouse movement set to -127/-127[0m
[00:02:55.452,575] [0m<dbg> zmk: zmk_hid_mouse_scroll_set: Mouse scroll set to 0/0[0m
[00:02:55.452,575] [0m<dbg> zmk: zmk_hid_mouse_movement_set: Mouse movement set to 0/0[0m
[00:02:55.460,357] [0m<inf> exp02_logging: XY 175460 -5526612 -5395047[0m
[00:02:55.460,449] [0m<dbg> zmk: zmk_hid_mouse_movement_set: Mouse movement set to 0/0[0m
[00:02:55.460,479] [0m<dbg> zmk: zmk_hid_mouse_scroll_set: Mouse scroll set to 0/0[0m
[00:02:55.460,479] [0m<dbg> zmk: zmk_hid_mouse_movement_set: Mouse movement set to 0/0[0m
[00:02:55.468,383] [0m<inf> exp02_logging: XY 175468 -2434389 -199[0m
[00:02:55.468,505] [0m<dbg> zmk: zmk_hid_mouse_movement_set: Mouse movement set to -51/-127[0m
[00:02:55.468,536] [0m<dbg> zmk: zmk_hid_mouse_scroll_set: Mouse scroll set to 0/0[0m
[00:02:55.468,566] [0m<dbg> zmk: zmk_hid_mouse_movement_set: Mouse movement set to 0/0[0m
[00:02:55.476,501] [0m<inf> exp02_logging: XY 175476 -3092277 -5460888[0m
[00:02:55.476,593] [0m<dbg> zmk: zmk_hid_mouse_movement_set: Mouse movement set to 0/0[0m
[00:02:55.476,623] [0m<dbg> zmk: zmk_hid_mouse_scroll_set: Mouse scroll set to 0/0[0m
[00:02:55.476,623] [0m<dbg> zmk: zmk_hid_mouse_movement_set: Mouse movement set to 0/0[0m
[00:02:55.484,436] [0m<inf> exp02_logging: XY 175484 -5329403 -3421217[0m
[00:02:55.484,527] [0m<dbg> zmk: zmk_hid_mouse_movement_set: Mouse movement set to 0/-35[0m
[00:02:55.484,527] [0m<dbg> zmk: zmk_hid_mouse_scroll_set: Mouse scroll set to 0/0[0m
[00:02:55.484,558] [0m<dbg> zmk: zmk_hid_mouse_movement_set: Mouse movement set to 0/0[0m
[00:02:55.492,462] [0m<inf> exp02_logging: XY 175492 -74 -2105403[0m
[00:02:55.492,614] [0m<dbg> zmk: zmk_hid_mouse_movement_set: Mouse movement set to -127/-127[0m
[00:02:55.492,614] [0m<dbg> zmk: zmk_hid_mouse_scroll_set: Mouse scroll set to 0/0[0m
[00:02:55.492,645] [0m<dbg> zmk: zmk_hid_mouse_movement_set: Mouse movement set to 0/0[0m
[00:02:55.500,579] [0m<inf> exp02_logging: XY 175500 -5526594 -5394967[0m
[00:02:55.500,671] [0m<dbg> zmk: zmk_hid_mouse_movement_set: Mouse movement set to 0/0[0m
[00:02:55.500,701] [0m<dbg> zmk: zmk_hid_mouse_scroll_set: Mouse scroll set to 0/0[0m
[00:02:55.500,701] [0m<dbg> zmk: zmk_hid_mouse_movement_set: Mouse movement set to 0/0[0m
[00:02:55.508,514] [0m<inf> exp02_logging: XY 175508 -2039779 -189[0m
[00:02:55.508,636] [0m<dbg> zmk: zmk_hid_mouse_movement_set: Mouse movement set to -101/-127[0m
[00:02:55.508,666] [0m<dbg> zmk: zmk_hid_mouse_scroll_set: Mouse scroll set to 0/0[0m
[00:02:55.508,666] [0m<dbg> zmk: zmk_hid_mouse_movement_set: Mouse movement set to 0/0[0m
[00:02:55.516,540] [0m<inf> exp02_logging: XY 175516 -3355393 -5460883[0m
[00:02:55.516,662] [0m<dbg> zmk: zmk_hid_mouse_movement_set: Mouse movement set to 0/0[0m
[00:02:55.516,662] [0m<dbg> zmk: zmk_hid_mouse_scroll_set: Mouse scroll set to 0/0[0m
[00:02:55.516,693] [0m<dbg> zmk: zmk_hid_mouse_movement_set: Mouse movement set to 0/0[0m
[00:02:55.524,658] [0m<inf> exp02_logging: XY 175524 -5329293 -2960805[0m
[00:02:55.524,719] [0m<dbg> zmk: zmk_hid_mouse_movement_set: Mouse movement set to 0/-127[0m
[00:02:55.524,749] [0m<dbg> zmk: zmk_hid_mouse_scroll_set: Mouse scroll set to 0/0[0m
[00:02:55.524,749] [0m<dbg> zmk: zmk_hid_mouse_movement_set: Mouse movement set to 0/0[0m
[00:02:55.532,592] [0m<inf> exp02_logging: XY 175532 -73 -2434553[0m
[00:02:55.532,684] [0m<dbg> zmk: zmk_hid_mouse_movement_set: Mouse movement set to -127/0[0m
[00:02:55.532,714] [0m<dbg> zmk: zmk_hid_mouse_scroll_set: Mouse scroll set to 0/0[0m
[00:02:55.532,714] [0m<dbg> zmk: zmk_hid_mouse_movement_set: Mouse movement set to 0/0[0m
[00:02:55.540,618] [0m<inf> exp02_logging: XY 175540 -5526575 -5329391[0m
[00:02:55.540,740] [0m<dbg> zmk: zmk_hid_mouse_movement_set: Mouse movement set to 0/0[0m
[00:02:55.540,740] [0m<dbg> zmk: zmk_hid_mouse_scroll_set: Mouse scroll set to 0/0[0m
[00:02:55.540,771] [0m<dbg> zmk: zmk_hid_mouse_movement_set: Mouse movement set to 0/0[0m
[00:02:55.548,736] [0m<inf> exp02_logging: XY 175548 -1710765 -176[0m
[00:02:55.548,858] [0m<dbg> zmk: zmk_hid_mouse_movement_set: Mouse movement set to -127/-127[0m
[00:02:55.548,889] [0m<dbg> zmk: zmk_hid_mouse_scroll_set: Mouse scroll set to 0/0[0m
[00:02:55.548,889] [0m<dbg> zmk: zmk_hid_mouse_movement_set: Mouse movement set to 0/0[0m
[00:02:55.556,671] [0m<inf> exp02_logging: XY 175556 -3750164 -5460871[0m
[00:02:55.556,762] [0m<dbg> zmk: zmk_hid_mouse_movement_set: Mouse movement set to 0/0[0m
[00:02:55.556,793] [0m<dbg> zmk: zmk_hid_mouse_scroll_set: Mouse scroll set to 0/0[0m
[00:02:55.556,823] [0m<dbg> zmk: zmk_hid_mouse_movement_set: Mouse movement set to 0/0[0m
[00:02:55.564,697] [0m<inf> exp02_logging: XY 175564 -5329222 -2829156[0m
[00:02:55.564,788] [0m<dbg> zmk: zmk_hid_mouse_movement_set: Mouse movement set to 0/-127[0m
[00:02:55.564,788] [0m<dbg> zmk: zmk_hid_mouse_scroll_set: Mouse scroll set to 0/0[0m
[00:02:55.564,819] [0m<dbg> zmk: zmk_hid_mouse_movement_set: Mouse movement set to 0/0[0m
[00:02:55.572,814] [0m<inf> exp02_logging: XY 175572 -80 -2894887[0m
[00:02:55.572,906] [0m<dbg> zmk: zmk_hid_mouse_movement_set: Mouse movement set to -127/0[0m
[00:02:55.572,906] [0m<dbg> zmk: zmk_hid_mouse_scroll_set: Mouse scroll set to 0/0[0m
[00:02:55.572,937] [0m<dbg> zmk: zmk_hid_mouse_movement_set: Mouse movement set to 0/0[0m
[00:02:55.580,749] [0m<inf> exp02_logging: XY 175580 -5460988 -5329323[0m
[00:02:55.580,841] [0m<dbg> zmk: zmk_hid_mouse_movement_set: Mouse movement set to 0/0[0m
[00:02:55.580,871] [0m<dbg> zmk: zmk_hid_mouse_scroll_set: Mouse scroll set to 0/0[0m
[00:02:55.580,902] [0m<dbg> zmk: zmk_hid_mouse_movement_set: Mouse movement set to 0/0[0m
[00:02:55.588,775] [0m<inf> exp02_logging: XY 175588 -1579027 -173[0m
[00:02:55.588,928] [0m<dbg> zmk: zmk_hid_mouse_movement_set: Mouse movement set to -127/-127[0m
[00:02:55.588,928] [0m<dbg> zmk: zmk_hid_mouse_scroll_set: Mouse scroll set to 0/0[0m
[00:02:55.588,958] [0m<dbg> zmk: zmk_hid_mouse_movement_set: Mouse movement set to 0/0[0m
[00:02:55.596,862] [0m<inf> exp02_logging: XY 175596 -4013336 -5460856[0m
[00:02:55.596,984] [0m<dbg> zmk: zmk_hid_mouse_movement_set: Mouse movement set to 0/0[0m
[00:02:55.597,015] [0m<dbg> zmk: zmk_hid_mouse_scroll_set: Mouse scroll set to 0/0[0m
[00:02:55.597,015] [0m<dbg> zmk: zmk_hid_mouse_movement_set: Mouse movement set to 0/0[0m
[00:02:55.604,827] [0m<inf> exp02_logging: XY 175604 -5263593 -2434404[0m
[00:02:55.604,919] [0m<dbg> zmk: zmk_hid_mouse_movement_set: Mouse movement set to 0/-127[0m
[00:02:55.604,949] [0m<dbg> zmk: zmk_hid_mouse_scroll_set: Mouse scroll set to 0/0[0m
[00:02:55.604,949] [0m<dbg> zmk: zmk_hid_mouse_movement_set: Mouse movement set to 0/0[0m
[00:02:55.612,854] [0m<inf> exp02_logging: XY 175612 -82 -3026668[0m
[00:02:55.612,945] [0m<dbg> zmk: zmk_hid_mouse_movement_set: Mouse movement set to -127/0[0m
[00:02:55.612,976] [0m<dbg> zmk: zmk_hid_mouse_scroll_set: Mouse scroll set to 0/0[0m
[00:02:55.612,976] [0m<dbg> zmk: zmk_hid_mouse_movement_set: Mouse movement set to 0/0[0m
[00:02:55.620,971] [0m<inf> exp02_logging: XY 175620 -5460945 -5329196[0m
[00:02:55.621,063] [0m<dbg> zmk: zmk_hid_mouse_movement_set: Mouse movement set to 0/0[0m
[00:02:55.621,093] [0m<dbg> zmk: zmk_hid_mouse_scroll_set: Mouse scroll set to 0/0[0m
[00:02:55.621,093] [0m<dbg> zmk: zmk_hid_mouse_movement_set: Mouse movement set to 0/0[0m
[00:02:55.628,906] [0m<inf> exp02_logging: XY 175628 -1250124 -149[0m
[00:02:55.629,028] [0m<dbg> zmk: zmk_hid_mouse_movement_set: Mouse movement set to -127/-127[0m
[00:02:55.629,058] [0m<dbg> zmk: zmk_hid_mouse_scroll_set: Mouse scroll set to 0/0[0m
[00:02:55.629,058] [0m<dbg> zmk: zmk_hid_mouse_movement_set: Mouse movement set to 0/0[0m
[00:02:55.636,932] [0m<inf> exp02_logging: XY 175636 -4145071 -5460840[0m
[00:02:55.637,054] [0m<dbg> zmk: zmk_hid_mouse_movement_set: Mouse movement set to 0/0[0m
[00:02:55.637,054] [0m<dbg> zmk: zmk_hid_mouse_scroll_set: Mouse scroll set to 0/0[0m
[00:02:55.637,084] [0m<dbg> zmk: zmk_hid_mouse_movement_set: Mouse movement set to 0/0[0m
[00:02:55.645,050] [0m<inf> exp02_logging: XY 175645 -5263477 -1973993[0m
[00:02:55.645,111] [0m<dbg> zmk: zmk_hid_mouse_movement_set: Mouse movement set to 0/-127[0m
[00:02:55.645,141] [0m<dbg> zmk: zmk_hid_mouse_scroll_set: Mouse scroll set to 0/0[0m
[00:02:55.645,141] [0m<dbg> zmk: zmk_hid_mouse_movement_set: Mouse movement set to 0/0[0m
[00:02:55.652,984] [0m<inf> exp02_logging: XY 175652 -101 -3487085[0m
[00:02:55.653,106] [0m<dbg> zmk: zmk_hid_mouse_movement_set: Mouse movement set to -127/-15[0m
[00:02:55.653,137] [0m<dbg> zmk: zmk_hid_mouse_scroll_set: Mouse scroll set to 0/0[0m
[00:02:55.653,137] [0m<dbg> zmk: zmk_hid_mouse_movement_set: Mouse movement set to 0/0[0m
[00:02:55.661,010] [0m<inf> exp02_logging: XY 175660 -5460908 -5329153[0m
[00:02:55.661,132] [0m<dbg> zmk: zmk_hid_mouse_movement_set: Mouse movement set to 0/0[0m
[00:02:55.661,132] [0m<dbg> zmk: zmk_hid_mouse_scroll_set: Mouse scroll set to 0/0[0m
[00:02:55.661,163] [0m<dbg> zmk: zmk_hid_mouse_movement_set: Mouse movement set to 0/0[0m
[00:02:55.669,128] [0m<inf> exp02_logging: XY 175669 -986907 -147[0m
[00:02:55.669,250] [0m<dbg> zmk: zmk_hid_mouse_movement_set: Mouse movement set to -127/-127[0m
[00:02:55.669,250] [0m<dbg> zmk: zmk_hid_mouse_scroll_set: Mouse scroll set to 0/0[0m
[00:02:55.669,281] [0m<dbg> zmk: zmk_hid_mouse_movement_set: Mouse movement set to 0/0[0m
[00:02:55.677,062] [0m<inf> exp02_logging: XY 175677 -4408233 -5460830[0m
[00:02:55.677,154] [0m<dbg> zmk: zmk_hid_mouse_movement_set: Mouse movement set to 0/0[0m
[00:02:55.677,185] [0m<dbg> zmk: zmk_hid_mouse_scroll_set: Mouse scroll set to 0/0[0m
[00:02:55.677,185] [0m<dbg> zmk: zmk_hid_mouse_movement_set: Mouse movement set to 0/0[0m
[00:02:55.685,089] [0m<inf> exp02_logging: XY 175685 -5263421 -1842260[0m
[00:02:55.685,180] [0m<dbg> zmk: zmk_hid_mouse_movement_set: Mouse movement set to 0/-127[0m
[00:02:55.685,180] [0m<dbg> zmk: zmk_hid_mouse_scroll_set: Mouse scroll set to 0/0[0m
[00:02:55.685,211] [0m<dbg> zmk: zmk_hid_mouse_movement_set: Mouse movement set to 0/0[0m
[00:02:55.693,206] [0m<inf> exp02_logging: XY 175693 -140 -3816046[0m
[00:02:55.693,298] [0m<dbg> zmk: zmk_hid_mouse_movement_set: Mouse movement set to -127/0[0m
[00:02:55.693,328] [0m<dbg> zmk: zmk_hid_mouse_scroll_set: Mouse scroll set to 0/0[0m
[00:02:55.693,359] [0m<dbg> zmk: zmk_hid_mouse_movement_set: Mouse movement set to 0/0[0m
[00:02:55.701,141] [0m<inf> exp02_logging: XY 175701 -5460876 -5263535[0m
[00:02:55.701,202] [0m<dbg> zmk: zmk_hid_mouse_movement_set: Mouse movement set to 0/0[0m
[00:02:55.701,232] [0m<dbg> zmk: zmk_hid_mouse_scroll_set: Mouse scroll set to 0/0[0m
[00:02:55.701,232] [0m<dbg> zmk: zmk_hid_mouse_movement_set: Mouse movement set to 0/0[0m
[00:02:55.709,167] [0m<inf> exp02_logging: XY 175709 -789653 -141[0m
[00:02:55.709,320] [0m<dbg> zmk: zmk_hid_mouse_movement_set: Mouse movement set to -127/-127[0m
[00:02:55.709,320] [0m<dbg> zmk: zmk_hid_mouse_scroll_set: Mouse scroll set to 0/0[0m
[00:02:55.709,350] [0m<dbg> zmk: zmk_hid_mouse_movement_set: Mouse movement set to 0/0[0m
[00:02:55.717,254] [0m<inf> exp02_logging: XY 175717 -4605672 -5460791[0m
[00:02:55.717,376] [0m<dbg> zmk: zmk_hid_mouse_movement_set: Mouse movement set to 0/0[0m
[00:02:55.717,407] [0m<dbg> zmk: zmk_hid_mouse_scroll_set: Mouse scroll set to 0/0[0m
[00:02:55.717,407] [0m<dbg> zmk: zmk_hid_mouse_movement_set: Mouse movement set to 0/0[0m
[00:02:55.725,250] [0m<inf> exp02_logging: XY 175725 -5197671 -1447491[0m
[00:02:55.725,341] [0m<dbg> zmk: zmk_hid_mouse_movement_set: Mouse movement set to 0/-127[0m
[00:02:55.725,341] [0m<dbg> zmk: zmk_hid_mouse_scroll_set: Mouse scroll set to 0/0[0m
[00:02:55.725,372] [0m<dbg> zmk: zmk_hid_mouse_movement_set: Mouse movement set to 0/0[0m
[00:02:55.733,245] [0m<inf> exp02_logging: XY 175733 -164 -3947654[0m
[00:02:55.733,367] [0m<dbg> zmk: zmk_hid_mouse_movement_set: Mouse movement set to -127/0[0m
[00:02:55.733,398] [0m<dbg> zmk: zmk_hid_mouse_scroll_set: Mouse scroll set to 0/0[0m
[00:02:55.733,398] [0m<dbg> zmk: zmk_hid_mouse_movement_set: Mouse movement set to 0/0[0m
[00:02:55.741,333] [0m<inf> exp02_logging: XY 175741 -5460842 -5263398[0m
[00:02:55.741,424] [0m<dbg> zmk: zmk_hid_mouse_movement_set: Mouse movement set to 0/0[0m
[00:02:55.741,424] [0m<dbg> zmk: zmk_hid_mouse_scroll_set: Mouse scroll set to 0/0[0m
[00:02:55.741,455] [0m<dbg> zmk: zmk_hid_mouse_movement_set: Mouse movement set to 0/0[0m
[00:02:55.749,298] [0m<inf> exp02_logging: XY 175749 -526487 -130[0m
[00:02:55.749,420] [0m<dbg> zmk: zmk_hid_mouse_movement_set: Mouse movement set to -127/-127[0m
[00:02:55.749,450] [0m<dbg> zmk: zmk_hid_mouse_scroll_set: Mouse scroll set to 0/0[0m
[00:02:55.749,450] [0m<dbg> zmk: zmk_hid_mouse_movement_set: Mouse movement set to 0/0[0m
[00:02:55.757,324] [0m<inf> exp02_logging: XY 175757 -4737243 -5460771[0m
[00:02:55.757,446] [0m<dbg> zmk: zmk_hid_mouse_movement_set: Mouse movement set to 0/0[0m
[00:02:55.757,446] [0m<dbg> zmk: zmk_hid_mouse_scroll_set: Mouse scroll set to 0/0[0m
[00:02:55.757,476] [0m<dbg> zmk: zmk_hid_mouse_movement_set: Mouse movement set to 0/0[0m
[00:02:55.765,411] [0m<inf> exp02_logging: XY 175765 -5131909 -1052877[0m
[00:02:55.765,502] [0m<dbg> zmk: zmk_hid_mouse_movement_set: Mouse movement set to 0/-127[0m
[00:02:55.765,533] [0m<dbg> zmk: zmk_hid_mouse_scroll_set: Mouse scroll set to 0/0[0m
[00:02:55.765,533] [0m<dbg> zmk: zmk_hid_mouse_movement_set: Mouse movement set to 0/0[0m
[00:02:55.773,376] [0m<inf> exp02_logging: XY 175773 -65849 -4210817[0m
[00:02:55.773,498] [0m<dbg> zmk: zmk_hid_mouse_movement_set: Mouse movement set to -127/0[0m
[00:02:55.773,498] [0m<dbg> zmk: zmk_hid_mouse_scroll_set: Mouse scroll set to 0/0[0m
[00:02:55.773,529] [0m<dbg> zmk: zmk_hid_mouse_movement_set: Mouse movement set to 0/0[0m
[00:02:55.781,402] [0m<inf> exp02_logging: XY 175781 -5460806 -5263365[0m
[00:02:55.781,463] [0m<dbg> zmk: zmk_hid_mouse_movement_set: Mouse movement set to 0/0[0m
[00:02:55.781,494] [0m<dbg> zmk: zmk_hid_mouse_scroll_set: Mouse scroll set to 0/0[0m
[00:02:55.781,494] [0m<dbg> zmk: zmk_hid_mouse_movement_set: Mouse movement set to 0/0[0m
[00:02:55.789,520] [0m<inf> exp02_logging: XY 175789 -329149 -152[0m
[00:02:55.789,642] [0m<dbg> zmk: zmk_hid_mouse_movement_set: Mouse movement set to -127/-127[0m
[00:02:55.789,672] [0m<dbg> zmk: zmk_hid_mouse_scroll_set: Mouse scroll set to 0/0[0m
[00:02:55.789,672] [0m<dbg> zmk: zmk_hid_mouse_movement_set: Mouse movement set to 0/0[0m
[00:02:55.797,454] [0m<inf> exp02_logging: XY 175797 -4934451 -5395184[0m
[00:02:55.797,546] [0m<dbg> zmk: zmk_hid_mouse_movement_set: Mouse movement set to 0/0[0m
[00:02:55.797,576] [0m<dbg> zmk: zmk_hid_mouse_scroll_set: Mouse scroll set to 0/0[0m
[00:02:55.797,607] [0m<dbg> zmk: zmk_hid_mouse_movement_set: Mouse movement set to 0/0[0m
[00:02:55.805,480] [0m<inf> exp02_logging: XY 175805 -5066169 -921311[0m
[00:02:55.805,572] [0m<dbg> zmk: zmk_hid_mouse_movement_set: Mouse movement set to 0/-127[0m
[00:02:55.805,572] [0m<dbg> zmk: zmk_hid_mouse_scroll_set: Mouse scroll set to 0/0[0m
[00:02:55.805,603] [0m<dbg> zmk: zmk_hid_mouse_movement_set: Mouse movement set to 0/0[0m
[00:02:55.813,598] [0m<inf> exp02_logging: XY 175813 -131722 -4474049[0m
[00:02:55.813,720] [0m<dbg> zmk: zmk_hid_mouse_movement_set: Mouse movement set to -127/0[0m
[00:02:55.813,720] [0m<dbg> zmk: zmk_hid_mouse_scroll_set: Mouse scroll set to 0/0[0m
[00:02:55.813,751] [0m<dbg> zmk: zmk_hid_mouse_movement_set: Mouse movement set to 0/0[0m
[00:02:55.821,533] [0m<inf> exp02_logging: XY 175821 -5460746 -5197656[0m
[00:02:55.821,594] [0m<dbg> zmk: zmk_hid_mouse_movement_set: Mouse movement set to 0/0[0m
[00:02:55.821,624] [0m<dbg> zmk: zmk_hid_mouse_scroll_set: Mouse scroll set to 0/0[0m
[00:02:55.821,624] [0m<dbg> zmk: zmk_hid_mouse_movement_set: Mouse movement set to 0/0[0m
[00:02:55.829,559] [0m<inf> exp02_logging: XY 175829 -263352 -189[0m
[00:02:55.829,681] [0m<dbg> zmk: zmk_hid_mouse_movement_set: Mouse movement set to -127/-127[0m
[00:02:55.829,711] [0m<dbg> zmk: zmk_hid_mouse_scroll_set: Mouse scroll set to 0/0[0m
[00:02:55.829,742] [0m<dbg> zmk: zmk_hid_mouse_movement_set: Mouse movement set to 0/0[0m
[00:02:55.837,677] [0m<inf> exp02_logging: XY 175837 -5000352 -5395146[0m
[00:02:55.837,768] [0m<dbg> zmk: zmk_hid_mouse_movement_set: Mouse movement set to 0/0[0m
[00:02:55.837,799] [0m<dbg> zmk: zmk_hid_mouse_scroll_set: Mouse scroll set to 0/0[0m
[00:02:55.837,799] [0m<dbg> zmk: zmk_hid_mouse_movement_set: Mouse movement set to 0/0[0m
[00:02:55.845,611] [0m<inf> exp02_logging: XY 175845 -5000287 -789556[0m
[00:02:55.845,703] [0m<dbg> zmk: zmk_hid_mouse_movement_set: Mouse movement set to 0/-127[0m
[00:02:55.845,703] [0m<dbg> zmk: zmk_hid_mouse_scroll_set: Mouse scroll set to 0/0[0m
[00:02:55.845,733] [0m<dbg> zmk: zmk_hid_mouse_movement_set: Mouse movement set to 0/0[0m
[00:02:55.853,637] [0m<inf> exp02_logging: XY 175853 -197563 -4605557[0m
[00:02:55.853,759] [0m<dbg> zmk: zmk_hid_mouse_movement_set: Mouse movement set to -127/0[0m
[00:02:55.853,790] [0m<dbg> zmk: zmk_hid_mouse_scroll_set: Mouse scroll set to 0/0[0m
[00:02:55.853,790] [0m<dbg> zmk: zmk_hid_mouse_movement_set: Mouse movement set to 0/0[0m
[00:02:55.861,724] [0m<inf> exp02_logging: XY 175861 -5395176 -5131961[0m
[00:02:55.861,816] [0m<dbg> zmk: zmk_hid_mouse_movement_set: Mouse movement set to 0/0[0m
[00:02:55.861,816] [0m<dbg> zmk: zmk_hid_mouse_scroll_set: Mouse scroll set to 0/0[0m
[00:02:55.861,846] [0m<dbg> zmk: zmk_hid_mouse_movement_set: Mouse movement set to 0/0[0m
[00:02:55.869,689] [0m<inf> exp02_logging: XY 175869 -197446 -256[0m
[00:02:55.869,812] [0m<dbg> zmk: zmk_hid_mouse_movement_set: Mouse movement set to -127/-127[0m
[00:02:55.869,842] [0m<dbg> zmk: zmk_hid_mouse_scroll_set: Mouse scroll set to 0/0[0m
[00:02:55.869,842] [0m<dbg> zmk: zmk_hid_mouse_movement_set: Mouse movement set to 0/0[0m
[00:02:55.877,716] [0m<inf> exp02_logging: XY 175877 -5066121 -5395115[0m
[00:02:55.877,838] [0m<dbg> zmk: zmk_hid_mouse_movement_set: Mouse movement set to 0/0[0m
[00:02:55.877,838] [0m<dbg> zmk: zmk_hid_mouse_scroll_set: Mouse scroll set to 0/0[0m
[00:02:55.877,868] [0m<dbg> zmk: zmk_hid_mouse_movement_set: Mouse movement set to 0/0[0m
[00:02:55.885,803] [0m<inf> exp02_logging: XY 175885 -4934411 -592179[0m
[00:02:55.885,894] [0m<dbg> zmk: zmk_hid_mouse_movement_set: Mouse movement set to 0/-127[0m
[00:02:55.885,925] [0m<dbg> zmk: zmk_hid_mouse_scroll_set: Mouse scroll set to 0/0[0m
[00:02:55.885,925] [0m<dbg> zmk: zmk_hid_mouse_movement_set: Mouse movement set to 0/0[0m
[00:02:55.893,768] [0m<inf> exp02_logging: XY 175893 -329165 -4802844[0m
[00:02:55.893,890] [0m<dbg> zmk: zmk_hid_mouse_movement_set: Mouse movement set to -127/0[0m
[00:02:55.893,890] [0m<dbg> zmk: zmk_hid_mouse_scroll_set: Mouse scroll set to 0/0[0m
[00:02:55.893,920] [0m<dbg> zmk: zmk_hid_mouse_movement_set: Mouse movement set to 0/0[0m
[00:02:55.901,794] [0m<inf> exp02_logging: XY 175901 -5395146 -5131866[0m
[00:02:55.901,855] [0m<dbg> zmk: zmk_hid_mouse_movement_set: Mouse movement set to 0/0[0m
[00:02:55.901,885] [0m<dbg> zmk: zmk_hid_mouse_scroll_set: Mouse scroll set to 0/0[0m
[00:02:55.901,885] [0m<dbg> zmk: zmk_hid_mouse_movement_set: Mouse movement set to 0/0[0m
[00:02:55.909,912] [0m<inf> exp02_logging: XY 175909 -66039 -131605[0m
[00:02:55.910,034] [0m<dbg> zmk: zmk_hid_mouse_movement_set: Mouse movement set to -127/-127[0m
[00:02:55.910,034] [0m<dbg> zmk: zmk_hid_mouse_scroll_set: Mouse scroll set to 0/0[0m
[00:02:55.910,064] [0m<dbg> zmk: zmk_hid_mouse_movement_set: Mouse movement set to 0/0[0m
[00:02:55.917,846] [0m<inf> exp02_logging: XY 175917 -5132000 -5395078[0m
[00:02:55.917,938] [0m<dbg> zmk: zmk_hid_mouse_movement_set: Mouse movement set to 0/0[0m
[00:02:55.917,968] [0m<dbg> zmk: zmk_hid_mouse_scroll_set: Mouse scroll set to 0/0[0m
[00:02:55.917,999] [0m<dbg> zmk: zmk_hid_mouse_movement_set: Mouse movement set to 0/0[0m
[00:02:55.925,872] [0m<inf> exp02_logging: XY 175925 -4802984 -460782[0m
[00:02:55.925,964] [0m<dbg> zmk: zmk_hid_mouse_movement_set: Mouse movement set to 0/-127[0m
[00:02:55.925,964] [0m<dbg> zmk: zmk_hid_mouse_scroll_set: Mouse scroll set to 0/0[0m
[00:02:55.925,994] [0m<dbg> zmk: zmk_hid_mouse_movement_set: Mouse movement set to 0/0[0m
[00:02:55.933,990] [0m<inf> exp02_logging: XY 175933 -526469 -4868862[0m
[00:02:55.934,082] [0m<dbg> zmk: zmk_hid_mouse_movement_set: Mouse movement set to -127/0[0m
[00:02:55.934,112] [0m<dbg> zmk: zmk_hid_mouse_scroll_set: Mouse scroll set to 0/0[0m
[00:02:55.934,143] [0m<dbg> zmk: zmk_hid_mouse_movement_set: Mouse movement set to 0/0[0m
[00:02:55.941,925] [0m<inf> exp02_logging: XY 175941 -5395120 -5066069[0m
[00:02:55.941,986] [0m<dbg> zmk: zmk_hid_mouse_movement_set: Mouse movement set to 0/0[0m
[00:02:55.942,016] [0m<dbg> zmk: zmk_hid_mouse_scroll_set: Mouse scroll set to 0/0[0m
[00:02:55.942,016] [0m<dbg> zmk: zmk_hid_mouse_movement_set: Mouse movement set to 0/0[0m
[00:02:55.949,951] [0m<inf> exp02_logging: XY 175949 -65848 -131839[0m
[00:02:55.950,103] [0m<dbg> zmk: zmk_hid_mouse_movement_set: Mouse movement set to -127/-127[0m
[00:02:55.950,103] [0m<dbg> zmk: zmk_hid_mouse_scroll_set: Mouse scroll set to 0/0[0m
[00:02:55.950,134] [0m<dbg> zmk: zmk_hid_mouse_movement_set: Mouse movement set to 0/0[0m
[00:02:55.958,038] [0m<inf> exp02_logging: XY 175958 -5263477 -5395042[0m
[00:02:55.958,160] [0m<dbg> zmk: zmk_hid_mouse_movement_set: Mouse movement set to 0/0[0m
[00:02:55.958,190] [0m<dbg> zmk: zmk_hid_mouse_scroll_set: Mouse scroll set to 0/0[0m
[00:02:55.958,190] [0m<dbg> zmk: zmk_hid_mouse_movement_set: Mouse movement set to 0/0[0m
[00:02:55.966,003] [0m<inf> exp02_logging: XY 175965 -4671299 -329087[0m
[00:02:55.966,094] [0m<dbg> zmk: zmk_hid_mouse_movement_set: Mouse movement set to 0/-127[0m
[00:02:55.966,094] [0m<dbg> zmk: zmk_hid_mouse_scroll_set: Mouse scroll set to 0/0[0m
[00:02:55.966,125] [0m<dbg> zmk: zmk_hid_mouse_movement_set: Mouse movement set to 0/0[0m
[00:02:55.974,029] [0m<inf> exp02_logging: XY 175974 -657995 -4934492[0m
[00:02:55.974,151] [0m<dbg> zmk: zmk_hid_mouse_movement_set: Mouse movement set to -127/0[0m
[00:02:55.974,182] [0m<dbg> zmk: zmk_hid_mouse_scroll_set: Mouse scroll set to 0/0[0m
[00:02:55.974,182] [0m<dbg> zmk: zmk_hid_mouse_movement_set: Mouse movement set to 0/0[0m
[00:02:55.982,147] [0m<inf> exp02_logging: XY 175982 -5395107 -5000195[0m
[00:02:55.982,208] [0m<dbg> zmk: zmk_hid_mouse_movement_set: Mouse movement set to 0/0[0m
[00:02:55.982,208] [0m<dbg> zmk: zmk_hid_mouse_scroll_set: Mouse scroll set to 0/0[0m
[00:02:55.982,238] [0m<dbg> zmk: zmk_hid_mouse_movement_set: Mouse movement set to 0/0[0m
[00:02:55.990,081] [0m<inf> exp02_logging: XY 175990 -217 -263360[0m
[00:02:55.990,203] [0m<dbg> zmk: zmk_hid_mouse_movement_set: Mouse movement set to -127/-127[0m
[00:02:55.990,234] [0m<dbg> zmk: zmk_hid_mouse_scroll_set: Mouse scroll set to 0/0[0m
[00:02:55.990,234] [0m<dbg> zmk: zmk_hid_mouse_movement_set: Mouse movement set to 0/0[0m
[00:02:55.998,107] [0m<inf> exp02_logging: XY 175998 -5329236 -5395029[0m
[00:02:55.998,229] [0m<dbg> zmk: zmk_hid_mouse_movement_set: Mouse movement set to 0/0[0m
[00:02:55.998,229] [0m<dbg> zmk: zmk_hid_mouse_scroll_set: Mouse scroll set to 0/0[0m
[00:02:55.998,260] [0m<dbg> zmk: zmk_hid_mouse_movement_set: Mouse movement set to 0/0[0m
[00:02:56.006,225] [0m<inf> exp02_logging: XY 176006 -4474004 -197409[0m
[00:02:56.006,286] [0m<dbg> zmk: zmk_hid_mouse_movement_set: Mouse movement set to 0/-127[0m
[00:02:56.006,317] [0m<dbg> zmk: zmk_hid_mouse_scroll_set: Mouse scroll set to 0/0[0m
[00:02:56.006,317] [0m<dbg> zmk: zmk_hid_mouse_movement_set: Mouse movement set to 0/0[0m
[00:02:56.014,160] [0m<inf> exp02_logging: XY 176014 -855362 -5000399[0m
[00:02:56.014,282] [0m<dbg> zmk: zmk_hid_mouse_movement_set: Mouse movement set to -127/0[0m
[00:02:56.014,282] [0m<dbg> zmk: zmk_hid_mouse_scroll_set: Mouse scroll set to 0/0[0m
[00:02:56.014,312] [0m<dbg> zmk: zmk_hid_mouse_movement_set: Mouse movement set to 0/0[0m
[00:02:56.022,186] [0m<inf> exp02_logging: XY 176022 -5395090 -4868839[0m
[00:02:56.022,247] [0m<dbg> zmk: zmk_hid_mouse_movement_set: Mouse movement set to 0/0[0m
[00:02:56.022,277] [0m<dbg> zmk: zmk_hid_mouse_scroll_set: Mouse scroll set to 0/0[0m
[00:02:56.022,308] [0m<dbg> zmk: zmk_hid_mouse_movement_set: Mouse movement set to 0/0[0m
[00:02:56.030,303] [0m<inf> exp02_logging: XY 176030 -196 -460684[0m
[00:02:56.030,426] [0m<dbg> zmk: zmk_hid_mouse_movement_set: Mouse movement set to -127/-127[0m
[00:02:56.030,456] [0m<dbg> zmk: zmk_hid_mouse_scroll_set: Mouse scroll set to 0/0[0m
[00:02:56.030,456] [0m<dbg> zmk: zmk_hid_mouse_movement_set: Mouse movement set to 0/0[0m
[00:02:56.038,238] [0m<inf> exp02_logging: XY 176038 -5395015 -5395013[0m
[00:02:56.038,360] [0m<dbg> zmk: zmk_hid_mouse_movement_set: Mouse movement set to 0/0[0m
[00:02:56.038,360] [0m<dbg> zmk: zmk_hid_mouse_scroll_set: Mouse scroll set to 0/0[0m
[00:02:56.038,391] [0m<dbg> zmk: zmk_hid_mouse_movement_set: Mouse movement set to 0/0[0m
[00:02:56.046,264] [0m<inf> exp02_logging: XY 176046 -4342361 -131712[0m
[00:02:56.046,356] [0m<dbg> zmk: zmk_hid_mouse_movement_set: Mouse movement set to 0/-127[0m
[00:02:56.046,356] [0m<dbg> zmk: zmk_hid_mouse_scroll_set: Mouse scroll set to 0/0[0m
[00:02:56.046,386] [0m<dbg> zmk: zmk_hid_mouse_movement_set: Mouse movement set to 0/0[0m
[00:02:56.054,382] [0m<inf> exp02_logging: XY 176054 -1118511 -5131857[0m
[00:02:56.054,504] [0m<dbg> zmk: zmk_hid_mouse_movement_set: Mouse movement set to -127/0[0m
[00:02:56.054,504] [0m<dbg> zmk: zmk_hid_mouse_scroll_set: Mouse scroll set to 0/0[0m
[00:02:56.054,534] [0m<dbg> zmk: zmk_hid_mouse_movement_set: Mouse movement set to 0/0[0m
[00:02:56.062,316] [0m<inf> exp02_logging: XY 176062 -5395055 -4737269[0m
[00:02:56.062,377] [0m<dbg> zmk: zmk_hid_mouse_movement_set: Mouse movement set to 0/0[0m
[00:02:56.062,408] [0m<dbg> zmk: zmk_hid_mouse_scroll_set: Mouse scroll set to 0/0[0m
[00:02:56.062,408] [0m<dbg> zmk: zmk_hid_mouse_movement_set: Mouse movement set to 0/0[0m
[00:02:56.070,343] [0m<inf> exp02_logging: XY 176070 -179 -592132[0m
[00:02:56.070,465] [0m<dbg> zmk: zmk_hid_mouse_movement_set: Mouse movement set to -127/-127[0m
[00:02:56.070,495] [0m<dbg> zmk: zmk_hid_mouse_scroll_set: Mouse scroll set to 0/0[0m
[00:02:56.070,526] [0m<dbg> zmk: zmk_hid_mouse_movement_set: Mouse movement set to 0/0[0m
[00:02:56.078,460] [0m<inf> exp02_logging: XY 176078 -5395110 -5394993[0m
[00:02:56.078,552] [0m<dbg> zmk: zmk_hid_mouse_movement_set: Mouse movement set to 0/0[0m
[00:02:56.078,582] [0m<dbg> zmk: zmk_hid_mouse_scroll_set: Mouse scroll set to 0/0[0m
[00:02:56.078,582] [0m<dbg> zmk: zmk_hid_mouse_movement_set: Mouse movement set to 0/0[0m
[00:02:56.086,395] [0m<inf> exp02_logging: XY 176086 -4144900 -65891[0m
[00:02:56.086,486] [0m<dbg> zmk: zmk_hid_mouse_movement_set: Mouse movement set to 0/-127[0m
[00:02:56.086,486] [0m<dbg> zmk: zmk_hid_mouse_scroll_set: Mouse scroll set to 0/0[0m
[00:02:56.086,517] [0m<dbg> zmk: zmk_hid_mouse_movement_set: Mouse movement set to 0/0[0m
[00:02:56.094,421] [0m<inf> exp02_logging: XY 176094 -1250178 -5197597[0m
[00:02:56.094,543] [0m<dbg> zmk: zmk_hid_mouse_movement_set: Mouse movement set to -127/0[0m
[00:02:56.094,573] [0m<dbg> zmk: zmk_hid_mouse_scroll_set: Mouse scroll set to 0/0[0m
[00:02:56.094,573] [0m<dbg> zmk: zmk_hid_mouse_movement_set: Mouse movement set to 0/0[0m
[00:02:56.102,539] [0m<inf> exp02_logging: XY 176102 -5395029 -4605445[0m
[00:02:56.102,600] [0m<dbg> zmk: zmk_hid_mouse_movement_set: Mouse movement set to 0/0[0m
[00:02:56.102,600] [0m<dbg> zmk: zmk_hid_mouse_scroll_set: Mouse scroll set to 0/0[0m
[00:02:56.102,630] [0m<dbg> zmk: zmk_hid_mouse_movement_set: Mouse movement set to 0/0[0m
[00:02:56.110,473] [0m<inf> exp02_logging: XY 176110 -151 -789579[0m
[00:02:56.110,595] [0m<dbg> zmk: zmk_hid_mouse_movement_set: Mouse movement set to -127/-127[0m
[00:02:56.110,626] [0m<dbg> zmk: zmk_hid_mouse_scroll_set: Mouse scroll set to 0/0[0m
[00:02:56.110,656] [0m<dbg> zmk: zmk_hid_mouse_movement_set: Mouse movement set to 0/0[0m
[00:02:56.118,499] [0m<inf> exp02_logging: XY 176118 -5395187 -5394977[0m
[00:02:56.118,621] [0m<dbg> zmk: zmk_hid_mouse_movement_set: Mouse movement set to 0/0[0m
[00:02:56.118,621] [0m<dbg> zmk: zmk_hid_mouse_scroll_set: Mouse scroll set to 0/0[0m
[00:02:56.118,652] [0m<dbg> zmk: zmk_hid_mouse_movement_set: Mouse movement set to 0/0[0m
[00:02:56.126,617] [0m<inf> exp02_logging: XY 176126 -3816057 -65839[0m
[00:02:56.126,678] [0m<dbg> zmk: zmk_hid_mouse_movement_set: Mouse movement set to 0/-127[0m
[00:02:56.126,708] [0m<dbg> zmk: zmk_hid_mouse_scroll_set: Mouse scroll set to 0/0[0m
[00:02:56.126,708] [0m<dbg> zmk: zmk_hid_mouse_movement_set: Mouse movement set to 0/0[0m
[00:02:56.134,552] [0m<inf> exp02_logging: XY 176134 -1710623 -5263596[0m
[00:02:56.134,674] [0m<dbg> zmk: zmk_hid_mouse_movement_set: Mouse movement set to -127/0[0m
[00:02:56.134,674] [0m<dbg> zmk: zmk_hid_mouse_scroll_set: Mouse scroll set to 0/0[0m
[00:02:56.134,704] [0m<dbg> zmk: zmk_hid_mouse_movement_set: Mouse movement set to 0/0[0m
[00:02:56.142,578] [0m<inf> exp02_logging: XY 176142 -5395000 -4605618[0m
[00:02:56.142,639] [0m<dbg> zmk: zmk_hid_mouse_movement_set: Mouse movement set to 0/0[0m
[00:02:56.142,669] [0m<dbg> zmk: zmk_hid_mouse_scroll_set: Mouse scroll set to 0/0[0m
[00:02:56.142,700] [0m<dbg> zmk: zmk_hid_mouse_movement_set: Mouse movement set to 0/0[0m
[00:02:56.150,695] [0m<inf> exp02_logging: XY 176150 -65837 -1381819[0m
[00:02:56.150,817] [0m<dbg> zmk: zmk_hid_mouse_movement_set: Mouse movement set to -127/-127[0m
[00:02:56.150,848] [0m<dbg> zmk: zmk_hid_mouse_scroll_set: Mouse scroll set to 0/0[0m
[00:02:56.150,848] [0m<dbg> zmk: zmk_hid_mouse_movement_set: Mouse movement set to 0/0[0m
[00:02:56.158,630] [0m<inf> exp02_logging: XY 176158 -5460749 -5329351[0m
[00:02:56.158,721] [0m<dbg> zmk: zmk_hid_mouse_movement_set: Mouse movement set to 0/0[0m
[00:02:56.158,752] [0m<dbg> zmk: zmk_hid_mouse_scroll_set: Mouse scroll set to 0/0[0m
[00:02:56.158,752] [0m<dbg> zmk: zmk_hid_mouse_movement_set: Mouse movement set to 0/0[0m
[00:02:56.166,656] [0m<inf> exp02_logging: XY 176166 -4144962 -197393[0m
[00:02:56.166,748] [0m<dbg> zmk: zmk_hid_mouse_movement_set: Mouse movement set to 0/-127[0m
[00:02:56.166,748] [0m<dbg> zmk: zmk_hid_mouse_scroll_set: Mouse scroll set to 0/0[0m
[00:02:56.166,778] [0m<dbg> zmk: zmk_hid_mouse_movement_set: Mouse movement set to 0/0[0m
[00:02:56.174,774] [0m<inf> exp02_logging: XY 176174 -2434310 -5329235[0m
[00:02:56.174,896] [0m<dbg> zmk: zmk_hid_mouse_movement_set: Mouse movement set to -51/0[0m
[00:02:56.174,896] [0m<dbg> zmk: zmk_hid_mouse_scroll_set: Mouse scroll set to 0/0[0m
[00:02:56.174,926] [0m<dbg> zmk: zmk_hid_mouse_movement_set: Mouse movement set to 0/0[0m
[00:02:56.182,708] [0m<inf> exp02_logging: XY 176182 -5329275 -4671424[0m
[00:02:56.182,769] [0m<dbg> zmk: zmk_hid_mouse_movement_set: Mouse movement set to 0/0[0m
[00:02:56.182,800] [0m<dbg> zmk: zmk_hid_mouse_scroll_set: Mouse scroll set to 0/0[0m
[00:02:56.182,800] [0m<dbg> zmk: zmk_hid_mouse_movement_set: Mouse movement set to 0/0[0m
[00:02:56.190,734] [0m<inf> exp02_logging: XY 176190 -65931 -1644842[0m
[00:02:56.190,856] [0m<dbg> zmk: zmk_hid_mouse_movement_set: Mouse movement set to -127/-127[0m
[00:02:56.190,887] [0m<dbg> zmk: zmk_hid_mouse_scroll_set: Mouse scroll set to 0/0[0m
[00:02:56.190,917] [0m<dbg> zmk: zmk_hid_mouse_movement_set: Mouse movement set to 0/0[0m
[00:02:56.198,822] [0m<inf> exp02_logging: XY 176198 -5395057 -5329244[0m
[00:02:56.198,944] [0m<dbg> zmk: zmk_hid_mouse_movement_set: Mouse movement set to 0/0[0m
[00:02:56.198,974] [0m<dbg> zmk: zmk_hid_mouse_scroll_set: Mouse scroll set to 0/0[0m
[00:02:56.198,974] [0m<dbg> zmk: zmk_hid_mouse_movement_set: Mouse movement set to 0/0[0m
[00:02:56.206,787] [0m<inf> exp02_logging: XY 176206 -4210803 -723956[0m
[00:02:56.206,878] [0m<dbg> zmk: zmk_hid_mouse_movement_set: Mouse movement set to 0/-127[0m
[00:02:56.206,878] [0m<dbg> zmk: zmk_hid_mouse_scroll_set: Mouse scroll set to 0/0[0m
[00:02:56.206,909] [0m<dbg> zmk: zmk_hid_mouse_movement_set: Mouse movement set to 0/0[0m
[00:02:56.214,813] [0m<inf> exp02_logging: XY 176214 -2763432 -5329176[0m
[00:02:56.214,935] [0m<dbg> zmk: zmk_hid_mouse_movement_set: Mouse movement set to -10/0[0m
[00:02:56.214,965] [0m<dbg> zmk: zmk_hid_mouse_scroll_set: Mouse scroll set to 0/0[0m
[00:02:56.214,965] [0m<dbg> zmk: zmk_hid_mouse_movement_set: Mouse movement set to 0/0[0m
[00:02:56.222,900] [0m<inf> exp02_logging: XY 176222 -5263614 -4671382[0m
[00:02:56.222,991] [0m<dbg> zmk: zmk_hid_mouse_movement_set: Mouse movement set to 0/0[0m
[00:02:56.222,991] [0m<dbg> zmk: zmk_hid_mouse_scroll_set: Mouse scroll set to 0/0[0m
[00:02:56.223,022] [0m<dbg> zmk: zmk_hid_mouse_movement_set: Mouse movement set to 0/0[0m
[00:02:56.230,895] [0m<inf> exp02_logging: XY 176230 -658148 -2500097[0m
[00:02:56.231,018] [0m<dbg> zmk: zmk_hid_mouse_movement_set: Mouse movement set to -127/-127[0m
[00:02:56.231,018] [0m<dbg> zmk: zmk_hid_mouse_scroll_set: Mouse scroll set to 0/0[0m
[00:02:56.231,048] [0m<dbg> zmk: zmk_hid_mouse_movement_set: Mouse movement set to 0/0[0m
[00:02:56.238,891] [0m<inf> exp02_logging: XY 176238 -5329314 -5263560[0m
[00:02:56.239,013] [0m<dbg> zmk: zmk_hid_mouse_movement_set: Mouse movement set to 0/0[0m
[00:02:56.239,013] [0m<dbg> zmk: zmk_hid_mouse_scroll_set: Mouse scroll set to 0/0[0m
[00:02:56.239,044] [0m<dbg> zmk: zmk_hid_mouse_movement_set: Mouse movement set to 0/0[0m
[00:02:56.246,978] [0m<inf> exp02_logging: XY 176246 -4671348 -2237077[0m
[00:02:56.247,070] [0m<dbg> zmk: zmk_hid_mouse_movement_set: Mouse movement set to 0/-127[0m
[00:02:56.247,100] [0m<dbg> zmk: zmk_hid_mouse_scroll_set: Mouse scroll set to 0/0[0m
[00:02:56.247,100] [0m<dbg> zmk: zmk_hid_mouse_movement_set: Mouse movement set to 0/0[0m
[00:02:56.254,943] [0m<inf> exp02_logging: XY 176254 -4144904 -5329193[0m
[00:02:56.255,004] [0m<dbg> zmk: zmk_hid_mouse_movement_set: Mouse movement set to 0/0[0m
[00:02:56.255,035] [0m<dbg> zmk: zmk_hid_mouse_scroll_set: Mouse scroll set to 0/0[0m
[00:02:56.255,035] [0m<dbg> zmk: zmk_hid_mouse_movement_set: Mouse movement set to 0/0[0m
[00:02:56.262,969] [0m<inf> exp02_logging: XY 176262 -5263443 -5000441[0m
[00:02:56.271,087] [0m<inf> exp02_logging: XY 176271 -2697489 -3816064[0m
[00:02:56.271,148] [0m<dbg> zmk: zmk_hid_mouse_movement_set: Mouse movement set to -18/0[0m
[00:02:56.271,179] [0m<dbg> zmk: zmk_hid_mouse_scroll_set: Mouse scroll set to 0/0[0m
[00:02:56.271,179] [0m<dbg> zmk: zmk_hid_mouse_movement_set: Mouse movement set to 0/0[0m
[00:02:56.279,022] [0m<inf> exp02_logging: XY 176279 -5329199 -5263419[0m
[00:02:56.279,113] [0m<dbg> zmk: zmk_hid_mouse_movement_set: Mouse movement set to 0/0[0m
[00:02:56.279,144] [0m<dbg> zmk: zmk_hid_mouse_scroll_set: Mouse scroll set to 0/0[0m
[00:02:56.279,144] [0m<dbg> zmk: zmk_hid_mouse_movement_set: Mouse movement set to 0/0[0m
[00:02:56.287,109] [0m<inf> exp02_logging: XY 176287 -4934548 -3618597[0m
[00:02:56.295,074] [0m<inf> exp02_logging: XY 176295 -4145111 -5263526[0m
[00:02:56.303,161] [0m<inf> exp02_logging: XY 176303 -5263451 -5066059[0m
[00:02:56.311,187] [0m<inf> exp02_logging: XY 176311 -3026549 -4079116[0m
[00:02:56.319,213] [0m<inf> exp02_logging: XY 176319 -5329210 -5263404[0m
[00:02:56.327,239] [0m<inf> exp02_logging: XY 176327 -5000199 -3881797[0m
[00:02:56.335,266] [0m<inf> exp02_logging: XY 176335 -4539763 -5263531[0m
[00:02:56.343,292] [0m<inf> exp02_logging: XY 176343 -5197816 -5066065[0m
[00:02:56.351,318] [0m<inf> exp02_logging: XY 176351 -3092430 -4210750[0m
[00:02:56.359,344] [0m<inf> exp02_logging: XY 176359 -5263588 -5197804[0m
[00:02:56.367,370] [0m<inf> exp02_logging: XY 176367 -4934498 -3750254[0m
[00:02:56.375,396] [0m<inf> exp02_logging: XY 176375 -4605442 -5263526[0m
[00:02:56.383,422] [0m<inf> exp02_logging: XY 176383 -5197816 -5066087[0m
[00:02:56.391,448] [0m<inf> exp02_logging: XY 176391 -3552792 -4605478[0m
[00:02:56.399,475] [0m<inf> exp02_logging: XY 176399 -5263562 -5197775[0m
[00:02:56.407,501] [0m<inf> exp02_logging: XY 176407 -5000267 -4276604[0m
[00:02:56.415,527] [0m<inf> exp02_logging: XY 176415 -4605553 -5263456[0m
[00:02:56.423,553] [0m<inf> exp02_logging: XY 176423 -5197738 -5066041[0m
[00:02:56.431,579] [0m<inf> exp02_logging: XY 176431 -3421253 -4671277[0m
[00:02:56.439,605] [0m<inf> exp02_logging: XY 176439 -5263519 -5197744[0m
[00:02:56.447,662] [0m<inf> exp02_logging: XY 176447 -5000199 -4276490[0m
[00:02:56.455,657] [0m<inf> exp02_logging: XY 176455 -4671311 -5263448[0m
[00:02:56.463,684] [0m<inf> exp02_logging: XY 176463 -5197729 -5066045[0m
[00:02:56.471,710] [0m<inf> exp02_logging: XY 176471 -3618769 -4868717[0m
[00:02:56.479,736] [0m<inf> exp02_logging: XY 176479 -5263489 -5197709[0m
[00:02:56.487,762] [0m<inf> exp02_logging: XY 176487 -5000219 -4342464[0m
[00:02:56.495,819] [0m<inf> exp02_logging: XY 176495 -4737057 -5263417[0m
[00:02:56.503,814] [0m<inf> exp02_logging: XY 176503 -5197688 -5066002[0m
[00:02:56.511,840] [0m<inf> exp02_logging: XY 176511 -3552907 -4934448[0m
[00:02:56.519,866] [0m<inf> exp02_logging: XY 176519 -5263466 -5197685[0m
[00:02:56.527,893] [0m<inf> exp02_logging: XY 176527 -4934627 -4342283[0m
[00:02:56.535,919] [0m<inf> exp02_logging: XY 176535 -4737245 -5263401[0m
[00:02:56.543,975] [0m<inf> exp02_logging: XY 176543 -5197658 -5000423[0m
[00:02:56.551,971] [0m<inf> exp02_logging: XY 176551 -3684364 -5000332[0m
[00:02:56.560,028] [0m<inf> exp02_logging: XY 176559 -5263444 -5197653[0m
[00:02:56.568,023] [0m<inf> exp02_logging: XY 176567 -4934599 -4276645[0m
[00:02:56.576,049] [0m<inf> exp02_logging: XY 176576 -4802921 -5263378[0m
[00:02:56.584,075] [0m<inf> exp02_logging: XY 176584 -5197624 -5000370[0m
[00:02:56.592,102] [0m<inf> exp02_logging: XY 176592 -3618718 -5066052[0m
[00:02:56.600,128] [0m<inf> exp02_logging: XY 176600 -5263430 -5197639[0m
[00:02:56.608,184] [0m<inf> exp02_logging: XY 176608 -4934544 -4210857[0m
[00:02:56.616,180] [0m<inf> exp02_logging: XY 176616 -4803029 -5263365[0m
[00:02:56.624,206] [0m<inf> exp02_logging: XY 176624 -5197583 -5000323[0m
[00:02:56.632,232] [0m<inf> exp02_logging: XY 176632 -3684463 -5066191[0m
[00:02:56.640,258] [0m<inf> exp02_logging: XY 176640 -5263404 -5197611[0m
[00:02:56.648,284] [0m<inf> exp02_logging: XY 176648 -4934501 -4210694[0m
[00:02:56.656,341] [0m<inf> exp02_logging: XY 176656 -4868702 -5197816[0m
[00:02:56.664,337] [0m<inf> exp02_logging: XY 176664 -5132012 -5000282[0m
[00:02:56.672,363] [0m<inf> exp02_logging: XY 176672 -3750229 -5131855[0m
[00:02:56.680,389] [0m<inf> exp02_logging: XY 176680 -5263386 -5197582[0m
[00:02:56.688,415] [0m<inf> exp02_logging: XY 176688 -4934451 -4145074[0m
[00:02:56.696,441] [0m<inf> exp02_logging: XY 176696 -4934429 -5197801[0m
[00:02:56.704,467] [0m<inf> exp02_logging: XY 176704 -5131969 -5000231[0m
[00:02:56.712,493] [0m<inf> exp02_logging: XY 176712 -3816073 -5131929[0m
[00:02:56.720,550] [0m<inf> exp02_logging: XY 176720 -5263367 -5132014[0m
[00:02:56.728,546] [0m<inf> exp02_logging: XY 176728 -4868864 -4145099[0m
[00:02:56.736,572] [0m<inf> exp02_logging: XY 176736 -5000212 -5197783[0m
[00:02:56.744,598] [0m<inf> exp02_logging: XY 176744 -5131943 -5000195[0m
[00:02:56.752,624] [0m<inf> exp02_logging: XY 176752 -3881946 -5132000[0m
[00:02:56.760,650] [0m<inf> exp02_logging: XY 176760 -5197820 -5131984[0m
[00:02:56.768,676] [0m<inf> exp02_logging: XY 176768 -4868751 -4210717[0m
[00:02:56.776,702] [0m<inf> exp02_logging: XY 176776 -5000330 -5197764[0m
[00:02:56.784,729] [0m<inf> exp02_logging: XY 176784 -5131899 -4934612[0m
[00:02:56.792,755] [0m<inf> exp02_logging: XY 176792 -3947749 -5197578[0m
[00:02:56.800,811] [0m<inf> exp02_logging: XY 176800 -5197810 -5131943[0m
[00:02:56.808,807] [0m<inf> exp02_logging: XY 176808 -4868647 -4210820[0m
[00:02:56.816,833] [0m<inf> exp02_logging: XY 176816 -5066030 -5197752[0m
[00:02:56.824,859] [0m<inf> exp02_logging: XY 176824 -5131868 -4934578[0m
[00:02:56.832,885] [0m<inf> exp02_logging: XY 176832 -4079183 -5197627[0m
[00:02:56.840,911] [0m<inf> exp02_logging: XY 176840 -5197797 -5131912[0m
[00:02:56.848,968] [0m<inf> exp02_logging: XY 176848 -4802915 -4276550[0m
[00:02:56.856,964] [0m<inf> exp02_logging: XY 176856 -5066220 -5197736[0m
[00:02:56.865,020] [0m<inf> exp02_logging: XY 176864 -5131831 -4934524[0m
[00:02:56.873,016] [0m<inf> exp02_logging: XY 176872 -4144941 -5197662[0m
[00:02:56.881,042] [0m<inf> exp02_logging: XY 176881 -5197780 -5131878[0m
[00:02:56.889,068] [0m<inf> exp02_logging: XY 176889 -4737190 -4276674[0m
[00:02:56.897,094] [0m<inf> exp02_logging: XY 176897 -5131867 -5197725[0m
[00:02:56.905,120] [0m<inf> exp02_logging: XY 176905 -5131802 -4934462[0m
[00:02:56.913,177] [0m<inf> exp02_logging: XY 176913 -4210810 -5197692[0m
[00:02:56.921,173] [0m<inf> exp02_logging: XY 176921 -5197769 -5131850[0m
[00:02:56.929,199] [0m<inf> exp02_logging: XY 176929 -4671361 -4342420[0m
[00:02:56.937,225] [0m<inf> exp02_logging: XY 176937 -5131981 -5197715[0m
[00:02:56.945,281] [0m<inf> exp02_logging: XY 176945 -5066219 -4868822[0m
[00:02:56.953,277] [0m<inf> exp02_logging: XY 176953 -4342289 -5197712[0m
[00:02:56.961,334] [0m<inf> exp02_logging: XY 176961 -5197750 -5131817[0m
[00:02:56.969,329] [0m<inf> exp02_logging: XY 176969 -4605590 -4408107[0m
[00:02:56.977,355] [0m<inf> exp02_logging: XY 176977 -5197621 -5197703[0m
[00:02:56.985,382] [0m<inf> exp02_logging: XY 176985 -5066186 -4868733[0m
[00:02:56.993,438] [0m<inf> exp02_logging: XY 176993 -4342407 -5197726[0m
[00:02:57.001,434] [0m<inf> exp02_logging: XY 177001 -5197730 -5131792[0m
[00:02:57.009,460] [0m<inf> exp02_logging: XY 177009 -4539657 -4473862[0m
[00:02:57.017,486] [0m<inf> exp02_logging: XY 177017 -5197701 -5197692[0m
[00:02:57.025,512] [0m<inf> exp02_logging: XY 177025 -5066129 -4803055[0m
[00:02:57.033,538] [0m<inf> exp02_logging: XY 177033 -4408142 -5197728[0m
[00:02:57.041,564] [0m<inf> exp02_logging: XY 177041 -5197705 -5066225[0m
[00:02:57.049,591] [0m<inf> exp02_logging: XY 177049 -4473899 -4474063[0m
[00:02:57.057,617] [0m<inf> exp02_logging: XY 177057 -5197757 -5197676[0m
[00:02:57.065,643] [0m<inf> exp02_logging: XY 177065 -5066088 -4802919[0m
[00:02:57.073,669] [0m<inf> exp02_logging: XY 177073 -4473874 -5197732[0m
[00:02:57.081,695] [0m<inf> exp02_logging: XY 177081 -5197687 -5066191[0m
[00:02:57.089,752] [0m<inf> exp02_logging: XY 177089 -4342402 -4539796[0m
[00:02:57.097,747] [0m<inf> exp02_logging: XY 177097 -5197795 -5197661[0m
[00:02:57.105,804] [0m<inf> exp02_logging: XY 177105 -5066019 -4737175[0m
[00:02:57.113,800] [0m<inf> exp02_logging: XY 177113 -4474020 -5197729[0m
[00:02:57.121,826] [0m<inf> exp02_logging: XY 177121 -5197662 -5066151[0m
[00:02:57.129,852] [0m<inf> exp02_logging: XY 177129 -4276564 -4605600[0m
[00:02:57.137,878] [0m<inf> exp02_logging: XY 177137 -5197808 -5197642[0m
[00:02:57.145,904] [0m<inf> exp02_logging: XY 177145 -5000436 -4671473[0m
[00:02:57.153,930] [0m<inf> exp02_logging: XY 177153 -4539713 -5197729[0m
[00:02:57.161,956] [0m<inf> exp02_logging: XY 177161 -5197639 -5066113[0m
[00:02:57.169,982] [0m<inf> exp02_logging: XY 177169 -4145005 -4671382[0m
[00:02:57.178,009] [0m<inf> exp02_logging: XY 177177 -5197807 -5197621[0m
[00:02:57.186,035] [0m<inf> exp02_logging: XY 177186 -5000375 -4671296[0m
[00:02:57.194,061] [0m<inf> exp02_logging: XY 177194 -4605562 -5197726[0m
[00:02:57.202,087] [0m<inf> exp02_logging: XY 177202 -5197611 -5066060[0m
[00:02:57.210,113] [0m<inf> exp02_logging: XY 177210 -4013530 -4737139[0m
[00:02:57.218,139] [0m<inf> exp02_logging: XY 177218 -5197799 -5197602[0m
[00:02:57.226,165] [0m<inf> exp02_logging: XY 177226 -5000321 -4605588[0m
[00:02:57.234,191] [0m<inf> exp02_logging: XY 177234 -4605650 -5197722[0m
[00:02:57.242,218] [0m<inf> exp02_logging: XY 177242 -5197592 -5066016[0m
[00:02:57.250,244] [0m<inf> exp02_logging: XY 177250 -3881979 -4802924[0m
[00:02:57.258,270] [0m<inf> exp02_logging: XY 177258 -5197791 -5197580[0m
[00:02:57.266,296] [0m<inf> exp02_logging: XY 177266 -5000246 -4539852[0m
[00:02:57.274,291] [0m<inf> exp02_logging: XY 177274 -4671272 -5197716[0m
[00:02:57.282,348] [0m<inf> exp02_logging: XY 177282 -5197569 -5000428[0m
[00:02:57.290,374] [0m<inf> exp02_logging: XY 177290 -3816141 -4868656[0m
[00:02:57.298,400] [0m<inf> exp02_logging: XY 177298 -5197775 -5132021[0m
[00:02:57.306,427] [0m<inf> exp02_logging: XY 177306 -4934653 -4474095[0m
[00:02:57.314,453] [0m<inf> exp02_logging: XY 177314 -4671423 -5197713[0m
[00:02:57.322,479] [0m<inf> exp02_logging: XY 177322 -5132010 -5000380[0m
[00:02:57.330,505] [0m<inf> exp02_logging: XY 177330 -3750262 -4934451[0m
[00:02:57.338,531] [0m<inf> exp02_logging: XY 177338 -5197763 -5132001[0m
[00:02:57.346,557] [0m<inf> exp02_logging: XY 177346 -4934579 -4408303[0m
[00:02:57.354,583] [0m<inf> exp02_logging: XY 177354 -4737154 -5197703[0m
[00:02:57.362,609] [0m<inf> exp02_logging: XY 177362 -5131985 -5000329[0m
[00:02:57.370,635] [0m<inf> exp02_logging: XY 177370 -3684530 -4934591[0m
[00:02:57.378,662] [0m<inf> exp02_logging: XY 177378 -5197754 -5131975[0m
[00:02:57.386,749] [0m<inf> exp02_logging: XY 177386 -4934521 -4342402[0m
[00:02:57.394,714] [0m<inf> exp02_logging: XY 177394 -4737213 -5197693[0m
[00:02:57.402,740] [0m<inf> exp02_logging: XY 177402 -5131955 -5000276[0m
[00:02:57.410,797] [0m<inf> exp02_logging: XY 177410 -3684443 -5000335[0m
[00:02:57.418,792] [0m<inf> exp02_logging: XY 177418 -5197741 -5131960[0m
[00:02:57.426,818] [0m<inf> exp02_logging: XY 177426 -4934460 -4276635[0m
[00:02:57.434,844] [0m<inf> exp02_logging: XY 177434 -4802849 -5197682[0m
[00:02:57.442,871] [0m<inf> exp02_logging: XY 177442 -5131918 -5000216[0m
[00:02:57.450,897] [0m<inf> exp02_logging: XY 177450 -3684513 -5065998[0m
[00:02:57.458,923] [0m<inf> exp02_logging: XY 177458 -5197726 -5131939[0m
[00:02:57.466,949] [0m<inf> exp02_logging: XY 177466 -4934414 -4210873[0m
[00:02:57.474,975] [0m<inf> exp02_logging: XY 177474 -4802984 -5197668[0m
[00:02:57.483,001] [0m<inf> exp02_logging: XY 177482 -5131887 -4934638[0m
[00:02:57.491,027] [0m<inf> exp02_logging: XY 177491 -3750175 -5066124[0m
[00:02:57.499,053] [0m<inf> exp02_logging: XY 177499 -5197709 -5131914[0m
[00:02:57.507,080] [0m<inf> exp02_logging: XY 177507 -4868820 -4145071[0m
[00:02:57.515,106] [0m<inf> exp02_logging: XY 177515 -4868684 -5197657[0m
[00:02:57.523,162] [0m<inf> exp02_logging: XY 177523 -5131846 -4934587[0m

### phase: cue 'CIRCLE THE NUB NOW' at 2026-10-01T22:06:45.8269881+03:00
[00:02:57.531,158] [0m<inf> exp02_logging: XY 177531 -3815969 -5066210[0m
[00:02:57.539,184] [0m<inf> exp02_logging: XY 177539 -5197690 -5131883[0m
[00:02:57.547,210] [0m<inf> exp02_logging: XY 177547 -4868771 -4145058[0m
[00:02:57.555,236] [0m<inf> exp02_logging: XY 177555 -4934423 -5197644[0m
[00:02:57.563,262] [0m<inf> exp02_logging: XY 177563 -5131816 -4934549[0m
[00:02:57.571,289] [0m<inf> exp02_logging: XY 177571 -3881746 -5131824[0m
[00:02:57.579,315] [0m<inf> exp02_logging: XY 177579 -5197678 -5131855[0m
[00:02:57.587,341] [0m<inf> exp02_logging: XY 177587 -4868694 -4145105[0m
[00:02:57.595,367] [0m<inf> exp02_logging: XY 177595 -4934581 -5197636[0m
[00:02:57.603,393] [0m<inf> exp02_logging: XY 177603 -5131778 -4934503[0m
[00:02:57.611,419] [0m<inf> exp02_logging: XY 177611 -3947563 -5131880[0m
[00:02:57.619,445] [0m<inf> exp02_logging: XY 177619 -5197669 -5131823[0m
[00:02:57.627,471] [0m<inf> exp02_logging: XY 177627 -4803064 -4210737[0m
[00:02:57.635,498] [0m<inf> exp02_logging: XY 177635 -5000266 -5197616[0m
[00:02:57.643,524] [0m<inf> exp02_logging: XY 177643 -5066200 -4934469[0m
[00:02:57.651,550] [0m<inf> exp02_logging: XY 177651 -4013462 -5131935[0m
[00:02:57.659,576] [0m<inf> exp02_logging: XY 177659 -5197660 -5131795[0m
[00:02:57.667,602] [0m<inf> exp02_logging: XY 177667 -4802896 -4210877[0m
[00:02:57.675,628] [0m<inf> exp02_logging: XY 177675 -5066041 -5197603[0m
[00:02:57.683,685] [0m<inf> exp02_logging: XY 177683 -5066172 -4934429[0m
[00:02:57.691,680] [0m<inf> exp02_logging: XY 177691 -4079251 -5131971[0m
[00:02:57.699,707] [0m<inf> exp02_logging: XY 177699 -5197650 -5066219[0m
[00:02:57.707,763] [0m<inf> exp02_logging: XY 177707 -4737205 -4276535[0m
[00:02:57.715,759] [0m<inf> exp02_logging: XY 177715 -5066157 -5197590[0m
[00:02:57.723,785] [0m<inf> exp02_logging: XY 177723 -5066150 -4868849[0m
[00:02:57.731,811] [0m<inf> exp02_logging: XY 177731 -4144991 -5132010[0m
[00:02:57.739,837] [0m<inf> exp02_logging: XY 177739 -5197640 -5066189[0m
[00:02:57.747,863] [0m<inf> exp02_logging: XY 177747 -4671399 -4276709[0m
[00:02:57.755,889] [0m<inf> exp02_logging: XY 177755 -5131797 -5197583[0m
[00:02:57.763,916] [0m<inf> exp02_logging: XY 177763 -5066111 -4868758[0m
[00:02:57.771,942] [0m<inf> exp02_logging: XY 177771 -4210822 -5132032[0m
[00:02:57.779,968] [0m<inf> exp02_logging: XY 177779 -5197625 -5066163[0m
[00:02:57.787,994] [0m<inf> exp02_logging: XY 177787 -4605664 -4342401[0m
[00:02:57.796,051] [0m<inf> exp02_logging: XY 177796 -5131907 -5197573[0m
[00:02:57.804,046] [0m<inf> exp02_logging: XY 177804 -5066076 -4868661[0m
[00:02:57.812,103] [0m<inf> exp02_logging: XY 177812 -4276691 -5197591[0m
[00:02:57.820,098] [0m<inf> exp02_logging: XY 177820 -5197612 -5066137[0m
[00:02:57.828,125] [0m<inf> exp02_logging: XY 177828 -4539748 -4408154[0m
[00:02:57.836,151] [0m<inf> exp02_logging: XY 177836 -5131994 -5132030[0m
[00:02:57.844,177] [0m<inf> exp02_logging: XY 177844 -5066030 -4803004[0m
[00:02:57.852,203] [0m<inf> exp02_logging: XY 177852 -4342411 -5197596[0m
[00:02:57.860,229] [0m<inf> exp02_logging: XY 177860 -5197585 -5066108[0m
[00:02:57.868,255] [0m<inf> exp02_logging: XY 177868 -4473982 -4408313[0m
[00:02:57.876,281] [0m<inf> exp02_logging: XY 177876 -5197602 -5132018[0m
[00:02:57.884,307] [0m<inf> exp02_logging: XY 177884 -5065985 -4802891[0m
[00:02:57.892,333] [0m<inf> exp02_logging: XY 177892 -4408181 -5197603[0m
[00:02:57.900,360] [0m<inf> exp02_logging: XY 177900 -5132032 -5066083[0m
[00:02:57.908,416] [0m<inf> exp02_logging: XY 177908 -4408077 -4539666[0m
[00:02:57.916,412] [0m<inf> exp02_logging: XY 177916 -5197653 -5132004[0m
[00:02:57.924,438] [0m<inf> exp02_logging: XY 177924 -5000396 -4737177[0m
[00:02:57.932,464] [0m<inf> exp02_logging: XY 177932 -4473897 -5197604[0m
[00:02:57.940,490] [0m<inf> exp02_logging: XY 177940 -5132012 -5066042[0m
[00:02:57.948,516] [0m<inf> exp02_logging: XY 177948 -4276698 -4539877[0m
[00:02:57.956,542] [0m<inf> exp02_logging: XY 177956 -5197678 -5131990[0m
[00:02:57.964,569] [0m<inf> exp02_logging: XY 177964 -5000342 -4671470[0m
[00:02:57.972,595] [0m<inf> exp02_logging: XY 177972 -4474029 -5197605[0m
[00:02:57.980,621] [0m<inf> exp02_logging: XY 177980 -5131993 -5066010[0m
[00:02:57.988,647] [0m<inf> exp02_logging: XY 177988 -4210694 -4605623[0m
[00:02:57.996,673] [0m<inf> exp02_logging: XY 177996 -5197683 -5131971[0m
[00:02:58.004,730] [0m<inf> exp02_logging: XY 178004 -5000276 -4671248[0m
[00:02:58.012,725] [0m<inf> exp02_logging: XY 178012 -4539736 -5197604[0m
[00:02:58.020,751] [0m<inf> exp02_logging: XY 178020 -5131966 -5000426[0m
[00:02:58.028,778] [0m<inf> exp02_logging: XY 178028 -4079259 -4671401[0m
[00:02:58.036,804] [0m<inf> exp02_logging: XY 178036 -5197682 -5131952[0m
[00:02:58.044,830] [0m<inf> exp02_logging: XY 178044 -5000224 -4605576[0m
[00:02:58.052,856] [0m<inf> exp02_logging: XY 178052 -4539871 -5197600[0m
[00:02:58.060,882] [0m<inf> exp02_logging: XY 178060 -5131944 -5000381[0m
[00:02:58.068,908] [0m<inf> exp02_logging: XY 178068 -3947669 -4737189[0m
[00:02:58.076,934] [0m<inf> exp02_logging: XY 178076 -5197672 -5131935[0m
[00:02:58.084,991] [0m<inf> exp02_logging: XY 178084 -4934630 -4539840[0m
[00:02:58.092,987] [0m<inf> exp02_logging: XY 178092 -4605629 -5197598[0m
[00:02:58.101,043] [0m<inf> exp02_logging: XY 178101 -5131918 -5000331[0m
[00:02:58.109,039] [0m<inf> exp02_logging: XY 178109 -3881792 -4802935[0m
[00:02:58.117,065] [0m<inf> exp02_logging: XY 178117 -5197664 -5131908[0m
[00:02:58.125,091] [0m<inf> exp02_logging: XY 178125 -4934570 -4539661[0m
[00:02:58.133,117] [0m<inf> exp02_logging: XY 178133 -4671277 -5197593[0m
[00:02:58.141,143] [0m<inf> exp02_logging: XY 178141 -5131900 -5000287[0m
[00:02:58.149,169] [0m<inf> exp02_logging: XY 178149 -3750320 -4868713[0m
[00:02:58.157,196] [0m<inf> exp02_logging: XY 178157 -5197653 -5131892[0m
[00:02:58.165,252] [0m<inf> exp02_logging: XY 178165 -4934494 -4473886[0m
[00:02:58.173,248] [0m<inf> exp02_logging: XY 178173 -4671449 -5197587[0m
[00:02:58.181,274] [0m<inf> exp02_logging: XY 178181 -5131878 -5000235[0m
[00:02:58.189,300] [0m<inf> exp02_logging: XY 178189 -3750151 -4934424[0m
[00:02:58.197,326] [0m<inf> exp02_logging: XY 178197 -5197638 -5131871[0m
[00:02:58.205,352] [0m<inf> exp02_logging: XY 178205 -4934441 -4408102[0m
[00:02:58.213,378] [0m<inf> exp02_logging: XY 178213 -4737051 -5197581[0m
[00:02:58.221,405] [0m<inf> exp02_logging: XY 178221 -5131852 -4934650[0m
[00:02:58.229,431] [0m<inf> exp02_logging: XY 178229 -3684425 -4934590[0m
[00:02:58.237,457] [0m<inf> exp02_logging: XY 178237 -5197630 -5131853[0m
[00:02:58.245,483] [0m<inf> exp02_logging: XY 178245 -4868847 -4276692[0m
[00:02:58.253,509] [0m<inf> exp02_logging: XY 178253 -4737169 -5132032[0m
[00:02:58.261,535] [0m<inf> exp02_logging: XY 178261 -5131815 -4934597[0m
[00:02:58.269,561] [0m<inf> exp02_logging: XY 178269 -3684421 -5000280[0m
[00:02:58.277,587] [0m<inf> exp02_logging: XY 178277 -5197614 -5131834[0m
[00:02:58.285,614] [0m<inf> exp02_logging: XY 178285 -4868797 -4210925[0m
[00:02:58.293,640] [0m<inf> exp02_logging: XY 178293 -4737274 -5132023[0m
[00:02:58.301,666] [0m<inf> exp02_logging: XY 178301 -5131791 -4934548[0m
[00:02:58.309,692] [0m<inf> exp02_logging: XY 178309 -3684567 -5000419[0m
[00:02:58.317,718] [0m<inf> exp02_logging: XY 178317 -5197603 -5131814[0m
[00:02:58.325,744] [0m<inf> exp02_logging: XY 178325 -4868733 -4145121[0m
[00:02:58.333,770] [0m<inf> exp02_logging: XY 178333 -4802955 -5132013[0m
[00:02:58.341,796] [0m<inf> exp02_logging: XY 178341 -5066217 -4934497[0m
[00:02:58.349,822] [0m<inf> exp02_logging: XY 178349 -3750223 -5066067[0m
[00:02:58.357,849] [0m<inf> exp02_logging: XY 178357 -5197584 -5131786[0m
[00:02:58.365,875] [0m<inf> exp02_logging: XY 178365 -4868696 -4145014[0m
[00:02:58.373,901] [0m<inf> exp02_logging: XY 178373 -4868631 -5132004[0m
[00:02:58.381,927] [0m<inf> exp02_logging: XY 178381 -5066183 -4934459[0m
[00:02:58.389,953] [0m<inf> exp02_logging: XY 178389 -3816011 -5066129[0m
[00:02:58.397,979] [0m<inf> exp02_logging: XY 178397 -5197574 -5066226[0m
[00:02:58.406,005] [0m<inf> exp02_logging: XY 178406 -4868619 -4144967[0m
[00:02:58.414,031] [0m<inf> exp02_logging: XY 178414 -4868846 -5131991[0m
[00:02:58.422,088] [0m<inf> exp02_logging: XY 178422 -5066147 -4934418[0m
[00:02:58.430,084] [0m<inf> exp02_logging: XY 178430 -3881931 -5066199[0m
[00:02:58.438,140] [0m<inf> exp02_logging: XY 178438 -5132025 -5066193[0m
[00:02:58.446,136] [0m<inf> exp02_logging: XY 178446 -4803024 -4145101[0m
[00:02:58.454,162] [0m<inf> exp02_logging: XY 178454 -4934542 -5131974[0m
[00:02:58.462,188] [0m<inf> exp02_logging: XY 178462 -5066115 -4868846[0m
[00:02:58.470,214] [0m<inf> exp02_logging: XY 178470 -3947673 -5131801[0m
[00:02:58.478,240] [0m<inf> exp02_logging: XY 178478 -5132019 -5066165[0m
[00:02:58.486,267] [0m<inf> exp02_logging: XY 178486 -4802899 -4210703[0m
[00:02:58.494,293] [0m<inf> exp02_logging: XY 178494 -5000252 -5131966[0m
[00:02:58.502,319] [0m<inf> exp02_logging: XY 178502 -5066078 -4868802[0m
[00:02:58.510,345] [0m<inf> exp02_logging: XY 178510 -4013442 -5131851[0m
[00:02:58.518,371] [0m<inf> exp02_logging: XY 178518 -5132013 -5066130[0m
[00:02:58.526,397] [0m<inf> exp02_logging: XY 178526 -4737215 -4210806[0m
[00:02:58.534,423] [0m<inf> exp02_logging: XY 178534 -5000409 -5131953[0m
[00:02:58.542,449] [0m<inf> exp02_logging: XY 178542 -5066055 -4868776[0m
[00:02:58.550,506] [0m<inf> exp02_logging: XY 178550 -4079310 -5131883[0m
[00:02:58.558,502] [0m<inf> exp02_logging: XY 178558 -5132006 -5066107[0m
[00:02:58.566,528] [0m<inf> exp02_logging: XY 178566 -4671464 -4276548[0m
[00:02:58.574,554] [0m<inf> exp02_logging: XY 178574 -5066093 -5131945[0m
[00:02:58.582,580] [0m<inf> exp02_logging: XY 178582 -5066025 -4868706[0m
[00:02:58.590,606] [0m<inf> exp02_logging: XY 178590 -4145070 -5131914[0m
[00:02:58.598,632] [0m<inf> exp02_logging: XY 178598 -5131994 -5066076[0m
[00:02:58.606,658] [0m<inf> exp02_logging: XY 178606 -4671249 -4342273[0m
[00:02:58.614,685] [0m<inf> exp02_logging: XY 178614 -5066200 -5131939[0m
[00:02:58.622,711] [0m<inf> exp02_logging: XY 178622 -5065994 -4868630[0m
[00:02:58.630,737] [0m<inf> exp02_logging: XY 178630 -4210908 -5131940[0m
[00:02:58.638,763] [0m<inf> exp02_logging: XY 178638 -5131979 -5066049[0m
[00:02:58.646,789] [0m<inf> exp02_logging: XY 178646 -4539844 -4342485[0m
[00:02:58.654,815] [0m<inf> exp02_logging: XY 178654 -5131843 -5131933[0m
[00:02:58.662,872] [0m<inf> exp02_logging: XY 178662 -5000416 -4802970[0m
[00:02:58.670,867] [0m<inf> exp02_logging: XY 178670 -4342273 -5131953[0m
[00:02:58.678,894] [0m<inf> exp02_logging: XY 178678 -5131958 -5066019[0m
[00:02:58.686,920] [0m<inf> exp02_logging: XY 178686 -4474096 -4408142[0m
[00:02:58.694,946] [0m<inf> exp02_logging: XY 178694 -5131931 -5131922[0m
[00:02:58.702,972] [0m<inf> exp02_logging: XY 178702 -5000375 -4802858[0m
[00:02:58.710,998] [0m<inf> exp02_logging: XY 178710 -4342465 -5131964[0m
[00:02:58.719,024] [0m<inf> exp02_logging: XY 178718 -5131942 -5065998[0m
[00:02:58.727,081] [0m<inf> exp02_logging: XY 178727 -4408204 -4473953[0m
[00:02:58.735,076] [0m<inf> exp02_logging: XY 178735 -5131989 -5131912[0m
[00:02:58.743,103] [0m<inf> exp02_logging: XY 178743 -5000321 -4737158[0m
[00:02:58.751,129] [0m<inf> exp02_logging: XY 178751 -4408153 -5131968[0m
[00:02:58.759,155] [0m<inf> exp02_logging: XY 178759 -5131923 -5000427[0m
[00:02:58.767,181] [0m<inf> exp02_logging: XY 178767 -4342388 -4539693[0m
[00:02:58.775,207] [0m<inf> exp02_logging: XY 178775 -5197569 -5131899[0m
[00:02:58.783,233] [0m<inf> exp02_logging: XY 178783 -5000272 -4737032[0m
[00:02:58.791,259] [0m<inf> exp02_logging: XY 178791 -4473894 -5131971[0m
[00:02:58.799,285] [0m<inf> exp02_logging: XY 178799 -5131901 -5000398[0m
[00:02:58.807,312] [0m<inf> exp02_logging: XY 178807 -4210881 -4605455[0m
[00:02:58.815,338] [0m<inf> exp02_logging: XY 178815 -5197581 -5131881[0m
[00:02:58.823,364] [0m<inf> exp02_logging: XY 178823 -5000208 -4671279[0m
[00:02:58.831,390] [0m<inf> exp02_logging: XY 178831 -4474100 -5131969[0m
[00:02:58.839,447] [0m<inf> exp02_logging: XY 178839 -5131878 -5000354[0m
[00:02:58.847,442] [0m<inf> exp02_logging: XY 178847 -4144936 -4605673[0m
[00:02:58.855,468] [0m<inf> exp02_logging: XY 178855 -5197584 -5131864[0m
[00:02:58.863,494] [0m<inf> exp02_logging: XY 178863 -4934628 -4605607[0m
[00:02:58.871,520] [0m<inf> exp02_logging: XY 178871 -4539738 -5131967[0m
[00:02:58.879,547] [0m<inf> exp02_logging: XY 178879 -5131861 -5000313[0m
[00:02:58.887,573] [0m<inf> exp02_logging: XY 178887 -4013406 -4671473[0m
[00:02:58.895,599] [0m<inf> exp02_logging: XY 178895 -5197583 -5131846[0m
[00:02:58.903,625] [0m<inf> exp02_logging: XY 178903 -4934563 -4539891[0m
[00:02:58.911,651] [0m<inf> exp02_logging: XY 178911 -4539878 -5131963[0m
[00:02:58.919,677] [0m<inf> exp02_logging: XY 178919 -5131836 -5000263[0m
[00:02:58.927,703] [0m<inf> exp02_logging: XY 178927 -3947550 -4737191[0m
[00:02:58.935,729] [0m<inf> exp02_logging: XY 178935 -5197571 -5131829[0m
[00:02:58.943,756] [0m<inf> exp02_logging: XY 178943 -4934509 -4539714[0m
[00:02:58.951,782] [0m<inf> exp02_logging: XY 178951 -4605667 -5131964[0m
[00:02:58.959,808] [0m<inf> exp02_logging: XY 178959 -5131815 -5000222[0m
[00:02:58.967,834] [0m<inf> exp02_logging: XY 178967 -3816007 -4802943[0m
[00:02:58.975,860] [0m<inf> exp02_logging: XY 178975 -5132025 -5131808[0m
[00:02:58.983,886] [0m<inf> exp02_logging: XY 178983 -4934447 -4473944[0m
[00:02:58.991,912] [0m<inf> exp02_logging: XY 178991 -4671248 -5131962[0m
[00:02:58.999,938] [0m<inf> exp02_logging: XY 178999 -5131795 -4934636[0m
[00:02:59.007,965] [0m<inf> exp02_logging: XY 179007 -3750237 -4868693[0m
[00:02:59.015,991] [0m<inf> exp02_logging: XY 179015 -5132018 -5131789[0m
[00:02:59.024,017] [0m<inf> exp02_logging: XY 179023 -4868850 -4408208[0m
[00:02:59.032,073] [0m<inf> exp02_logging: XY 179032 -4671388 -5131957[0m
[00:02:59.040,069] [0m<inf> exp02_logging: XY 179040 -5131779 -4934595[0m
[00:02:59.048,095] [0m<inf> exp02_logging: XY 179048 -3684421 -4934423[0m
[00:02:59.056,121] [0m<inf> exp02_logging: XY 179056 -5132006 -5066233[0m
[00:02:59.064,147] [0m<inf> exp02_logging: XY 179064 -4868786 -4342347[0m
[00:02:59.072,174] [0m<inf> exp02_logging: XY 179072 -4671475 -5131945[0m
[00:02:59.080,230] [0m<inf> exp02_logging: XY 179080 -5066211 -4934536[0m
[00:02:59.088,226] [0m<inf> exp02_logging: XY 179088 -3684422 -4934573[0m
[00:02:59.096,282] [0m<inf> exp02_logging: XY 179096 -5131993 -5066217[0m
[00:02:59.104,278] [0m<inf> exp02_logging: XY 179104 -4868735 -4276557[0m
[00:02:59.112,304] [0m<inf> exp02_logging: XY 179112 -4737112 -5131936[0m
[00:02:59.120,330] [0m<inf> exp02_logging: XY 179120 -5066184 -4934490[0m
[00:02:59.128,387] [0m<inf> exp02_logging: XY 179128 -3684373 -5000252[0m
[00:02:59.136,383] [0m<inf> exp02_logging: XY 179136 -5131988 -5066201[0m
[00:02:59.144,439] [0m<inf> exp02_logging: XY 179144 -4868685 -4145132[0m
[00:02:59.152,435] [0m<inf> exp02_logging: XY 179152 -4737239 -5131929[0m
[00:02:59.160,491] [0m<inf> exp02_logging: XY 179160 -5066148 -4934438[0m
[00:02:59.168,487] [0m<inf> exp02_logging: XY 179168 -3684494 -5000366[0m
[00:02:59.176,544] [0m<inf> exp02_logging: XY 179176 -5131968 -5066180[0m
[00:02:59.184,539] [0m<inf> exp02_logging: XY 179184 -4868645 -4144993[0m
[00:02:59.192,565] [0m<inf> exp02_logging: XY 179192 -4802936 -5131921[0m
[00:02:59.200,592] [0m<inf> exp02_logging: XY 179200 -5066116 -4868861[0m
[00:02:59.208,618] [0m<inf> exp02_logging: XY 179208 -3750259 -5066008[0m
[00:02:59.216,644] [0m<inf> exp02_logging: XY 179216 -5131957 -5066155[0m
[00:02:59.224,670] [0m<inf> exp02_logging: XY 179224 -4803045 -4144954[0m
[00:02:59.232,696] [0m<inf> exp02_logging: XY 179232 -4868752 -5131911[0m
[00:02:59.240,722] [0m<inf> exp02_logging: XY 179240 -5066077 -4868811[0m
[00:02:59.248,748] [0m<inf> exp02_logging: XY 179248 -3816031 -5066079[0m
[00:02:59.256,774] [0m<inf> exp02_logging: XY 179256 -5131942 -5066124[0m
[00:02:59.264,801] [0m<inf> exp02_logging: XY 179264 -4802995 -4144964[0m
[00:02:59.272,827] [0m<inf> exp02_logging: XY 179272 -4868812 -5131897[0m
[00:02:59.280,853] [0m<inf> exp02_logging: XY 179280 -5066051 -4868787[0m
[00:02:59.288,879] [0m<inf> exp02_logging: XY 179288 -3881899 -5066142[0m
[00:02:59.296,905] [0m<inf> exp02_logging: XY 179296 -5131937 -5066097[0m
[00:02:59.304,931] [0m<inf> exp02_logging: XY 179304 -4802892 -4145068[0m
[00:02:59.312,957] [0m<inf> exp02_logging: XY 179312 -4934556 -5131886[0m
[00:02:59.320,983] [0m<inf> exp02_logging: XY 179320 -5066017 -4868740[0m
[00:02:59.329,010] [0m<inf> exp02_logging: XY 179328 -3947707 -5066188[0m
[00:02:59.337,036] [0m<inf> exp02_logging: XY 179337 -5131926 -5066066[0m
[00:02:59.345,062] [0m<inf> exp02_logging: XY 179345 -4737219 -4145133[0m
[00:02:59.353,088] [0m<inf> exp02_logging: XY 179353 -5000270 -5131873[0m
[00:02:59.361,114] [0m<inf> exp02_logging: XY 179361 -5065990 -4868713[0m
[00:02:59.369,140] [0m<inf> exp02_logging: XY 179369 -4079175 -5131778[0m
[00:02:59.377,166] [0m<inf> exp02_logging: XY 179377 -5131925 -5066040[0m
[00:02:59.385,192] [0m<inf> exp02_logging: XY 179385 -4737039 -4210796[0m
[00:02:59.393,218] [0m<inf> exp02_logging: XY 179393 -5000372 -5131867[0m
[00:02:59.401,245] [0m<inf> exp02_logging: XY 179401 -5000422 -4868656[0m
[00:02:59.409,332] [0m<inf> exp02_logging: XY 179409 -4079306 -5131819[0m
[00:02:59.417,297] [0m<inf> exp02_logging: XY 179417 -5131916 -5066011[0m
[00:02:59.425,323] [0m<inf> exp02_logging: XY 179425 -4671334 -4276519[0m
[00:02:59.433,349] [0m<inf> exp02_logging: XY 179433 -5066043 -5131860[0m
[00:02:59.441,375] [0m<inf> exp02_logging: XY 179441 -5000396 -4803058[0m
[00:02:59.449,401] [0m<inf> exp02_logging: XY 179449 -4210701 -5131845[0m
[00:02:59.457,427] [0m<inf> exp02_logging: XY 179457 -5131904 -5000448[0m
[00:02:59.465,454] [0m<inf> exp02_logging: XY 179465 -4605479 -4276708[0m
[00:02:59.473,480] [0m<inf> exp02_logging: XY 179473 -5066173 -5131855[0m
[00:02:59.481,506] [0m<inf> exp02_logging: XY 179481 -5000353 -4802966[0m
[00:02:59.489,532] [0m<inf> exp02_logging: XY 179489 -4210926 -5131867[0m
[00:02:59.497,589] [0m<inf> exp02_logging: XY 179497 -5131889 -5000416[0m
[00:02:59.505,584] [0m<inf> exp02_logging: XY 179505 -4539711 -4342411[0m
[00:02:59.513,641] [0m<inf> exp02_logging: XY 179513 -5131792 -5131846[0m
[00:02:59.521,636] [0m<inf> exp02_logging: XY 179521 -5000324 -4802848[0m
[00:02:59.529,663] [0m<inf> exp02_logging: XY 179529 -4342377 -5131878[0m
[00:02:59.537,689] [0m<inf> exp02_logging: XY 179537 -5131872 -5000400[0m
[00:02:59.545,715] [0m<inf> exp02_logging: XY 179545 -4408264 -4408178[0m
[00:02:59.553,741] [0m<inf> exp02_logging: XY 179553 -5131873 -5131835[0m
[00:02:59.561,767] [0m<inf> exp02_logging: XY 179561 -5000268 -4737175[0m
[00:02:59.569,793] [0m<inf> exp02_logging: XY 179569 -4342430 -5131886[0m
[00:02:59.577,819] [0m<inf> exp02_logging: XY 179577 -5131853 -5000365[0m
[00:02:59.585,845] [0m<inf> exp02_logging: XY 179585 -4342476 -4473863[0m
[00:02:59.593,872] [0m<inf> exp02_logging: XY 179593 -5131921 -5131824[0m
[00:02:59.601,898] [0m<inf> exp02_logging: XY 179601 -5000225 -4737044[0m
[00:02:59.609,924] [0m<inf> exp02_logging: XY 179609 -4408145 -5131887[0m
[00:02:59.617,950] [0m<inf> exp02_logging: XY 179617 -5131840 -5000341[0m
[00:02:59.625,976] [0m<inf> exp02_logging: XY 179625 -4276588 -4539694[0m
[00:02:59.634,002] [0m<inf> exp02_logging: XY 179633 -5131957 -5131814[0m
[00:02:59.642,028] [0m<inf> exp02_logging: XY 179642 -4934631 -4671311[0m
[00:02:59.650,054] [0m<inf> exp02_logging: XY 179650 -4473862 -5131889[0m
[00:02:59.658,111] [0m<inf> exp02_logging: XY 179658 -5131814 -5000300[0m
[00:02:59.666,107] [0m<inf> exp02_logging: XY 179666 -4210806 -4539895[0m
[00:02:59.674,163] [0m<inf> exp02_logging: XY 179674 -5131972 -5131795[0m
[00:02:59.682,159] [0m<inf> exp02_logging: XY 179682 -4934588 -4605649[0m
[00:02:59.690,216] [0m<inf> exp02_logging: XY 179690 -4474009 -5131887[0m
[00:02:59.698,211] [0m<inf> exp02_logging: XY 179698 -5131794 -5000266[0m
[00:02:59.706,268] [0m<inf> exp02_logging: XY 179706 -4079200 -4605686[0m
[00:02:59.714,263] [0m<inf> exp02_logging: XY 179714 -5131967 -5131783[0m
[00:02:59.722,290] [0m<inf> exp02_logging: XY 179722 -4934526 -4605477[0m
[00:02:59.730,316] [0m<inf> exp02_logging: XY 179730 -4539678 -5131888[0m
[00:02:59.738,342] [0m<inf> exp02_logging: XY 179738 -5066238 -5000222[0m
[00:02:59.746,368] [0m<inf> exp02_logging: XY 179746 -3947748 -4671430[0m
[00:02:59.754,394] [0m<inf> exp02_logging: XY 179754 -5131963 -5066225[0m
[00:02:59.762,420] [0m<inf> exp02_logging: XY 179762 -4934480 -4539779[0m
[00:02:59.770,477] [0m<inf> exp02_logging: XY 179770 -4539875 -5131886[0m
[00:02:59.778,472] [0m<inf> exp02_logging: XY 179778 -5066218 -4934646[0m
[00:02:59.786,529] [0m<inf> exp02_logging: XY 179786 -3881772 -4737205[0m
[00:02:59.794,525] [0m<inf> exp02_logging: XY 179794 -5131958 -5066209[0m
[00:02:59.802,551] [0m<inf> exp02_logging: XY 179802 -4934415 -4474038[0m
[00:02:59.810,577] [0m<inf> exp02_logging: XY 179810 -4605528 -5131883[0m
[00:02:59.818,603] [0m<inf> exp02_logging: XY 179818 -5066195 -4934597[0m
[00:02:59.826,629] [0m<inf> exp02_logging: XY 179826 -3815968 -4802918[0m
[00:02:59.834,655] [0m<inf> exp02_logging: XY 179834 -5131943 -5066191[0m
[00:02:59.842,681] [0m<inf> exp02_logging: XY 179842 -4868820 -4408276[0m
[00:02:59.850,708] [0m<inf> exp02_logging: XY 179850 -4671242 -5131881[0m
[00:02:59.858,734] [0m<inf> exp02_logging: XY 179858 -5066177 -4934552[0m
[00:02:59.866,790] [0m<inf> exp02_logging: XY 179866 -3684559 -4868667[0m
[00:02:59.874,786] [0m<inf> exp02_logging: XY 179874 -5131935 -5066173[0m
[00:02:59.882,812] [0m<inf> exp02_logging: XY 179882 -4868756 -4342460[0m
[00:02:59.890,838] [0m<inf> exp02_logging: XY 179890 -4671331 -5131879[0m
[00:02:59.898,864] [0m<inf> exp02_logging: XY 179898 -5066153 -4934503[0m
[00:02:59.906,890] [0m<inf> exp02_logging: XY 179906 -3684388 -4868833[0m
[00:02:59.914,916] [0m<inf> exp02_logging: XY 179914 -5131923 -5066151[0m
[00:02:59.922,943] [0m<inf> exp02_logging: XY 179922 -4868706 -4276708[0m
[00:02:59.930,999] [0m<inf> exp02_logging: XY 179930 -4671447 -5131867[0m
[00:02:59.938,995] [0m<inf> exp02_logging: XY 179938 -5066129 -4934454[0m
[00:02:59.947,021] [0m<inf> exp02_logging: XY 179947 -3618763 -4934549[0m
[00:02:59.955,047] [0m<inf> exp02_logging: XY 179955 -5131920 -5066137[0m
[00:02:59.963,073] [0m<inf> exp02_logging: XY 179963 -4868644 -4210893[0m
[00:02:59.971,099] [0m<inf> exp02_logging: XY 179971 -4737078 -5131863[0m
[00:02:59.979,156] [0m<inf> exp02_logging: XY 179979 -5066094 -4868861[0m
[00:02:59.987,152] [0m<inf> exp02_logging: XY 179987 -3684493 -5000221[0m
[00:02:59.995,208] [0m<inf> exp02_logging: XY 179995 -5131904 -5066120[0m
[00:03:00.003,204] [0m<inf> exp02_logging: XY 180003 -4803070 -4145130[0m
[00:03:00.011,230] [0m<inf> exp02_logging: XY 180011 -4737227 -5131850[0m
[00:03:00.019,256] [0m<inf> exp02_logging: XY 180019 -5066070 -4868824[0m
[00:03:00.027,282] [0m<inf> exp02_logging: XY 180027 -3684481 -5000321[0m
[00:03:00.035,308] [0m<inf> exp02_logging: XY 180035 -5131894 -5066098[0m
[00:03:00.043,334] [0m<inf> exp02_logging: XY 180043 -4803011 -4144942[0m
[00:03:00.051,361] [0m<inf> exp02_logging: XY 180051 -4802978 -5131842[0m
[00:03:00.059,417] [0m<inf> exp02_logging: XY 180059 -5066032 -4868776[0m
[00:03:00.067,413] [0m<inf> exp02_logging: XY 180067 -3750185 -5000414[0m
[00:03:00.075,439] [0m<inf> exp02_logging: XY 180075 -5131876 -5066073[0m
[00:03:00.083,435] [0m<inf> exp02_logging: XY 180083 -4802968 -4144922[0m
[00:03:00.091,491] [0m<inf> exp02_logging: XY 180091 -4803040 -5131835[0m
[00:03:00.099,517] [0m<inf> exp02_logging: XY 180099 -5066003 -4868741[0m
[00:03:00.107,543] [0m<inf> exp02_logging: XY 180107 -3816094 -5066024[0m
[00:03:00.115,570] [0m<inf> exp02_logging: XY 180115 -5131868 -5066049[0m
[00:03:00.123,596] [0m<inf> exp02_logging: XY 180123 -4802893 -4144962[0m
[00:03:00.131,622] [0m<inf> exp02_logging: XY 180131 -4868776 -5131823[0m
[00:03:00.139,648] [0m<inf> exp02_logging: XY 180139 -5000433 -4868695[0m
[00:03:00.147,674] [0m<inf> exp02_logging: XY 180147 -3881886 -5066078[0m
[00:03:00.155,731] [0m<inf> exp02_logging: XY 180155 -5131861 -5066017[0m
[00:03:00.163,726] [0m<inf> exp02_logging: XY 180163 -4802822 -4145031[0m
[00:03:00.171,783] [0m<inf> exp02_logging: XY 180171 -4934475 -5131810[0m
[00:03:00.179,779] [0m<inf> exp02_logging: XY 180179 -5000401 -4868670[0m
[00:03:00.187,805] [0m<inf> exp02_logging: XY 180187 -3947698 -5066133[0m
[00:03:00.195,831] [0m<inf> exp02_logging: XY 180195 -5131857 -5065991[0m
[00:03:00.203,857] [0m<inf> exp02_logging: XY 180203 -4737119 -4145139[0m
[00:03:00.211,883] [0m<inf> exp02_logging: XY 180211 -4934641 -5131800[0m
[00:03:00.219,909] [0m<inf> exp02_logging: XY 180219 -5000373 -4868636[0m
[00:03:00.227,935] [0m<inf> exp02_logging: XY 180227 -4079180 -5066176[0m
[00:03:00.235,961] [0m<inf> exp02_logging: XY 180235 -5131850 -5000423[0m
[00:03:00.243,988] [0m<inf> exp02_logging: XY 180243 -4671430 -4210841[0m
[00:03:00.252,014] [0m<inf> exp02_logging: XY 180252 -5000324 -5131797[0m
[00:03:00.260,040] [0m<inf> exp02_logging: XY 180260 -5000349 -4803056[0m
[00:03:00.268,066] [0m<inf> exp02_logging: XY 180268 -4144979 -5066212[0m
[00:03:00.276,092] [0m<inf> exp02_logging: XY 180276 -5131842 -5000397[0m
[00:03:00.284,118] [0m<inf> exp02_logging: XY 180284 -4605647 -4276542[0m
[00:03:00.292,144] [0m<inf> exp02_logging: XY 180292 -5066003 -5131789[0m
[00:03:00.300,170] [0m<inf> exp02_logging: XY 180300 -5000314 -4802971[0m
[00:03:00.308,197] [0m<inf> exp02_logging: XY 180308 -4210808 -5131778[0m
[00:03:00.316,223] [0m<inf> exp02_logging: XY 180316 -5131829 -5000368[0m
[00:03:00.324,249] [0m<inf> exp02_logging: XY 180324 -4539899 -4276734[0m
[00:03:00.332,275] [0m<inf> exp02_logging: XY 180332 -5066114 -5131781[0m
[00:03:00.340,301] [0m<inf> exp02_logging: XY 180340 -5000282 -4802891[0m
[00:03:00.348,327] [0m<inf> exp02_logging: XY 180348 -4276488 -5131793[0m
[00:03:00.356,353] [0m<inf> exp02_logging: XY 180356 -5131821 -5000346[0m
[00:03:00.364,379] [0m<inf> exp02_logging: XY 180364 -4474012 -4342418[0m
[00:03:00.372,406] [0m<inf> exp02_logging: XY 180372 -5066203 -5066239[0m
[00:03:00.380,432] [0m<inf> exp02_logging: XY 180380 -5000237 -4737225[0m
[00:03:00.388,458] [0m<inf> exp02_logging: XY 180388 -4276703 -5131810[0m
[00:03:00.396,514] [0m<inf> exp02_logging: XY 180396 -5131798 -5000321[0m
[00:03:00.404,510] [0m<inf> exp02_logging: XY 180404 -4408253 -4408165[0m
[00:03:00.412,567] [0m<inf> exp02_logging: XY 180412 -5131811 -5066230[0m
[00:03:00.420,562] [0m<inf> exp02_logging: XY 180420 -5000206 -4737115[0m
[00:03:00.428,619] [0m<inf> exp02_logging: XY 180428 -4342443 -5131815[0m
[00:03:00.436,614] [0m<inf> exp02_logging: XY 180436 -5131782 -5000298[0m
[00:03:00.444,641] [0m<inf> exp02_logging: XY 180444 -4342330 -4473900[0m
[00:03:00.452,667] [0m<inf> exp02_logging: XY 180452 -5131864 -5066218[0m
[00:03:00.460,693] [0m<inf> exp02_logging: XY 180460 -4934614 -4671406[0m
[00:03:00.468,719] [0m<inf> exp02_logging: XY 180468 -4408136 -5131820[0m
[00:03:00.476,776] [0m<inf> exp02_logging: XY 180476 -5066228 -5000261[0m
[00:03:00.484,771] [0m<inf> exp02_logging: XY 180484 -4276482 -4539690[0m
[00:03:00.492,797] [0m<inf> exp02_logging: XY 180492 -5131897 -5066206[0m
[00:03:00.500,823] [0m<inf> exp02_logging: XY 180500 -4934567 -4671244[0m
[00:03:00.508,850] [0m<inf> exp02_logging: XY 180508 -4473939 -5131821[0m
[00:03:00.516,876] [0m<inf> exp02_logging: XY 180516 -5066208 -5000232[0m
[00:03:00.524,902] [0m<inf> exp02_logging: XY 180524 -4144989 -4605445[0m
[00:03:00.532,928] [0m<inf> exp02_logging: XY 180532 -5131902 -5066193[0m
[00:03:00.540,954] [0m<inf> exp02_logging: XY 180540 -4934509 -4605514[0m
[00:03:00.548,980] [0m<inf> exp02_logging: XY 180548 -4473976 -5131824[0m
[00:03:00.557,037] [0m<inf> exp02_logging: XY 180557 -5066184 -4934653[0m
[00:03:00.565,032] [0m<inf> exp02_logging: XY 180565 -4079135 -4605641[0m
[00:03:00.573,059] [0m<inf> exp02_logging: XY 180573 -5131902 -5066177[0m
[00:03:00.581,085] [0m<inf> exp02_logging: XY 180581 -4934458 -4539843[0m
[00:03:00.589,111] [0m<inf> exp02_logging: XY 180589 -4539807 -5131825[0m
[00:03:00.597,137] [0m<inf> exp02_logging: XY 180597 -5066168 -4934620[0m
[00:03:00.605,163] [0m<inf> exp02_logging: XY 180605 -3947571 -4671398[0m
[00:03:00.613,189] [0m<inf> exp02_logging: XY 180613 -5131896 -5066160[0m
[00:03:00.621,215] [0m<inf> exp02_logging: XY 180621 -4868857 -4474098[0m
[00:03:00.629,241] [0m<inf> exp02_logging: XY 180629 -4539829 -5131819[0m
[00:03:00.637,268] [0m<inf> exp02_logging: XY 180637 -5066146 -4934562[0m
[00:03:00.645,294] [0m<inf> exp02_logging: XY 180645 -3816180 -4737148[0m
[00:03:00.653,320] [0m<inf> exp02_logging: XY 180653 -5131887 -5066141[0m
[00:03:00.661,346] [0m<inf> exp02_logging: XY 180661 -4868808 -4473932[0m
[00:03:00.669,403] [0m<inf> exp02_logging: XY 180669 -4605545 -5131818[0m
[00:03:00.677,398] [0m<inf> exp02_logging: XY 180677 -5066129 -4934525[0m
[00:03:00.685,424] [0m<inf> exp02_logging: XY 180685 -3750333 -4802948[0m
[00:03:00.693,450] [0m<inf> exp02_logging: XY 180693 -5131876 -5066126[0m
[00:03:00.701,477] [0m<inf> exp02_logging: XY 180701 -4868735 -4408157[0m
[00:03:00.709,472] [0m<inf> exp02_logging: XY 180709 -4605656 -5131816[0m
[00:03:00.717,559] [0m<inf> exp02_logging: XY 180717 -5066109 -4934480[0m
[00:03:00.725,555] [0m<inf> exp02_logging: XY 180725 -3750145 -4868662[0m
[00:03:00.733,612] [0m<inf> exp02_logging: XY 180733 -5131872 -5066103[0m
[00:03:00.741,607] [0m<inf> exp02_logging: XY 180741 -4868692 -4342449[0m
[00:03:00.749,633] [0m<inf> exp02_logging: XY 180749 -4671357 -5131815[0m
[00:03:00.757,659] [0m<inf> exp02_logging: XY 180757 -5066093 -4934434[0m
[00:03:00.765,686] [0m<inf> exp02_logging: XY 180765 -3618750 -4868830[0m
[00:03:00.773,712] [0m<inf> exp02_logging: XY 180773 -5131860 -5066090[0m
[00:03:00.781,738] [0m<inf> exp02_logging: XY 180781 -4868628 -4276597[0m
[00:03:00.789,764] [0m<inf> exp02_logging: XY 180789 -4671380 -5131805[0m
[00:03:00.797,821] [0m<inf> exp02_logging: XY 180797 -5066059 -4868846[0m
[00:03:00.805,816] [0m<inf> exp02_logging: XY 180805 -3618737 -4934505[0m
[00:03:00.813,873] [0m<inf> exp02_logging: XY 180813 -5131851 -5066071[0m
[00:03:00.821,868] [0m<inf> exp02_logging: XY 180821 -4803046 -4210868[0m
[00:03:00.829,895] [0m<inf> exp02_logging: XY 180829 -4737053 -5131797[0m
[00:03:00.837,921] [0m<inf> exp02_logging: XY 180837 -5066033 -4868802[0m
[00:03:00.845,947] [0m<inf> exp02_logging: XY 180845 -3618795 -4934645[0m
[00:03:00.853,973] [0m<inf> exp02_logging: XY 180853 -5131840 -5066055[0m
[00:03:00.861,999] [0m<inf> exp02_logging: XY 180861 -4803002 -4145042[0m
[00:03:00.870,025] [0m<inf> exp02_logging: XY 180869 -4737173 -5131790[0m
[00:03:00.878,051] [0m<inf> exp02_logging: XY 180878 -5065997 -4868751[0m
[00:03:00.886,077] [0m<inf> exp02_logging: XY 180886 -3684474 -5000280[0m
[00:03:00.894,104] [0m<inf> exp02_logging: XY 180894 -5131828 -5066031[0m
[00:03:00.902,130] [0m<inf> exp02_logging: XY 180902 -4802955 -4144901[0m
[00:03:00.910,156] [0m<inf> exp02_logging: XY 180910 -4802856 -5131782[0m
[00:03:00.918,182] [0m<inf> exp02_logging: XY 180918 -5000435 -4868710[0m
[00:03:00.926,239] [0m<inf> exp02_logging: XY 180926 -3750254 -5000370[0m
[00:03:00.934,234] [0m<inf> exp02_logging: XY 180934 -5131814 -5066010[0m
[00:03:00.942,260] [0m<inf> exp02_logging: XY 180942 -4802901 -4079317[0m
[00:03:00.950,286] [0m<inf> exp02_logging: XY 180950 -4803017 -5066239[0m
[00:03:00.958,312] [0m<inf> exp02_logging: XY 180958 -5000400 -4868669[0m
[00:03:00.966,339] [0m<inf> exp02_logging: XY 180966 -3816060 -5000428[0m
[00:03:00.974,395] [0m<inf> exp02_logging: XY 180974 -5131805 -5000445[0m
[00:03:00.982,391] [0m<inf> exp02_logging: XY 180982 -4802841 -4144947[0m
[00:03:00.990,447] [0m<inf> exp02_logging: XY 180990 -4868742 -5066224[0m
[00:03:00.998,443] [0m<inf> exp02_logging: XY 180998 -5000375 -4868645[0m
[00:03:01.006,500] [0m<inf> exp02_logging: XY 181006 -3881916 -5066029[0m
[00:03:01.014,495] [0m<inf> exp02_logging: XY 181014 -5131802 -5000422[0m
[00:03:01.022,552] [0m<inf> exp02_logging: XY 181022 -4737185 -4145017[0m
[00:03:01.030,548] [0m<inf> exp02_logging: XY 181030 -4934452 -5066213[0m
[00:03:01.038,574] [0m<inf> exp02_logging: XY 181038 -5000335 -4803068[0m
[00:03:01.046,600] [0m<inf> exp02_logging: XY 181046 -3947717 -5066071[0m
[00:03:01.054,626] [0m<inf> exp02_logging: XY 181054 -5131793 -5000388[0m
[00:03:01.062,652] [0m<inf> exp02_logging: XY 181062 -4737083 -4145150[0m
[00:03:01.070,678] [0m<inf> exp02_logging: XY 181070 -4934593 -5066200[0m
[00:03:01.078,704] [0m<inf> exp02_logging: XY 181078 -5000312 -4803038[0m
[00:03:01.086,730] [0m<inf> exp02_logging: XY 181086 -4013549 -5066123[0m
[00:03:01.094,757] [0m<inf> exp02_logging: XY 181094 -5131787 -5000362[0m
[00:03:01.102,783] [0m<inf> exp02_logging: XY 181102 -4671344 -4210859[0m
[00:03:01.110,839] [0m<inf> exp02_logging: XY 181110 -5000274 -5066192[0m
[00:03:01.118,835] [0m<inf> exp02_logging: XY 181118 -5000285 -4802984[0m
[00:03:01.126,861] [0m<inf> exp02_logging: XY 181126 -4079309 -5066153[0m
[00:03:01.134,887] [0m<inf> exp02_logging: XY 181134 -5131778 -5000337[0m
[00:03:01.142,913] [0m<inf> exp02_logging: XY 181142 -4605621 -4276507[0m
[00:03:01.150,939] [0m<inf> exp02_logging: XY 181150 -5000414 -5066188[0m
[00:03:01.158,966] [0m<inf> exp02_logging: XY 181158 -5000259 -4802925[0m
[00:03:01.167,022] [0m<inf> exp02_logging: XY 181166 -4210722 -5066182[0m
[00:03:01.175,018] [0m<inf> exp02_logging: XY 181174 -5066232 -5000307[0m
[00:03:01.183,074] [0m<inf> exp02_logging: XY 181183 -4539779 -4342280[0m
[00:03:01.191,070] [0m<inf> exp02_logging: XY 181191 -5066055 -5066185[0m
[00:03:01.199,096] [0m<inf> exp02_logging: XY 181199 -5000220 -4802819[0m
[00:03:01.207,122] [0m<inf> exp02_logging: XY 181207 -4276504 -5066200[0m
[00:03:01.215,148] [0m<inf> exp02_logging: XY 181215 -5066217 -5000286[0m
[00:03:01.223,175] [0m<inf> exp02_logging: XY 181223 -4474033 -4342389[0m
[00:03:01.231,201] [0m<inf> exp02_logging: XY 181231 -5066146 -5066180[0m
[00:03:01.239,227] [0m<inf> exp02_logging: XY 181239 -4934650 -4737188[0m
[00:03:01.247,253] [0m<inf> exp02_logging: XY 181247 -4276672 -5066215[0m
[00:03:01.255,279] [0m<inf> exp02_logging: XY 181255 -5066202 -5000262[0m
[00:03:01.263,305] [0m<inf> exp02_logging: XY 181263 -4408143 -4408180[0m
[00:03:01.271,331] [0m<inf> exp02_logging: XY 181271 -5066221 -5066173[0m
[00:03:01.279,357] [0m<inf> exp02_logging: XY 181279 -4934600 -4737043[0m
[00:03:01.287,384] [0m<inf> exp02_logging: XY 181287 -4342488 -5066218[0m
[00:03:01.295,410] [0m<inf> exp02_logging: XY 181295 -5066183 -5000235[0m
[00:03:01.303,436] [0m<inf> exp02_logging: XY 181303 -4342448 -4473918[0m
[00:03:01.311,462] [0m<inf> exp02_logging: XY 181311 -5131806 -5066160[0m
[00:03:01.319,488] [0m<inf> exp02_logging: XY 181319 -4934562 -4671380[0m
[00:03:01.327,514] [0m<inf> exp02_logging: XY 181327 -4408265 -5066223[0m
[00:03:01.335,540] [0m<inf> exp02_logging: XY 181335 -5066165 -5000213[0m
[00:03:01.343,566] [0m<inf> exp02_logging: XY 181343 -4210924 -4539682[0m
[00:03:01.351,593] [0m<inf> exp02_logging: XY 181351 -5131836 -5066145[0m
[00:03:01.359,619] [0m<inf> exp02_logging: XY 181359 -4934505 -4605659[0m
[00:03:01.367,645] [0m<inf> exp02_logging: XY 181367 -4408308 -5066225[0m
[00:03:01.375,671] [0m<inf> exp02_logging: XY 181375 -5066146 -4934631[0m
[00:03:01.383,697] [0m<inf> exp02_logging: XY 181383 -4145039 -4539904[0m
[00:03:01.391,723] [0m<inf> exp02_logging: XY 181391 -5131842 -5066132[0m
[00:03:01.399,749] [0m<inf> exp02_logging: XY 181399 -4934457 -4605515[0m
[00:03:01.407,775] [0m<inf> exp02_logging: XY 181407 -4474052 -5066228[0m
[00:03:01.415,802] [0m<inf> exp02_logging: XY 181415 -5066132 -4934601[0m
[00:03:01.423,828] [0m<inf> exp02_logging: XY 181423 -4013541 -4605634[0m
[00:03:01.431,854] [0m<inf> exp02_logging: XY 181431 -5131843 -5066117[0m
[00:03:01.439,880] [0m<inf> exp02_logging: XY 181439 -4868864 -4539758[0m
[00:03:01.447,906] [0m<inf> exp02_logging: XY 181447 -4539668 -5066227[0m
[00:03:01.455,932] [0m<inf> exp02_logging: XY 181455 -5066110 -4934554[0m
[00:03:01.463,958] [0m<inf> exp02_logging: XY 181463 -3947656 -4671359[0m
[00:03:01.472,015] [0m<inf> exp02_logging: XY 181471 -5131841 -5066101[0m
[00:03:01.480,010] [0m<inf> exp02_logging: XY 181479 -4868818 -4474091[0m
[00:03:01.488,067] [0m<inf> exp02_logging: XY 181488 -4539823 -5066227[0m
[00:03:01.496,063] [0m<inf> exp02_logging: XY 181496 -5066089 -4934513[0m
[00:03:01.504,089] [0m<inf> exp02_logging: XY 181504 -3816156 -4737129[0m
[00:03:01.512,115] [0m<inf> exp02_logging: XY 181512 -5131831 -5066086[0m
[00:03:01.520,141] [0m<inf> exp02_logging: XY 181520 -4868751 -4473890[0m
[00:03:01.528,167] [0m<inf> exp02_logging: XY 181528 -4605487 -5066227[0m
[00:03:01.536,193] [0m<inf> exp02_logging: XY 181536 -5066070 -4934467[0m
[00:03:01.544,219] [0m<inf> exp02_logging: XY 181544 -3750328 -4802877[0m
[00:03:01.552,276] [0m<inf> exp02_logging: XY 181552 -5131821 -5066064[0m
[00:03:01.560,272] [0m<inf> exp02_logging: XY 181560 -4868693 -4408171[0m
[00:03:01.568,298] [0m<inf> exp02_logging: XY 181568 -4671239 -5066226[0m
[00:03:01.576,324] [0m<inf> exp02_logging: XY 181576 -5066056 -4934432[0m
[00:03:01.584,350] [0m<inf> exp02_logging: XY 181584 -3684439 -4803064[0m
[00:03:01.592,376] [0m<inf> exp02_logging: XY 181592 -5131811 -5066052[0m
[00:03:01.600,433] [0m<inf> exp02_logging: XY 181600 -4868630 -4342351[0m
[00:03:01.608,428] [0m<inf> exp02_logging: XY 181608 -4671290 -5066221[0m
[00:03:01.616,485] [0m<inf> exp02_logging: XY 181616 -5066034 -4868837[0m
[00:03:01.624,481] [0m<inf> exp02_logging: XY 181624 -3618718 -4868766[0m
[00:03:01.632,507] [0m<inf> exp02_logging: XY 181632 -5131803 -5066028[0m
[00:03:01.640,533] [0m<inf> exp02_logging: XY 181640 -4803047 -4276608[0m
[00:03:01.648,559] [0m<inf> exp02_logging: XY 181648 -4671349 -5066215[0m
[00:03:01.656,585] [0m<inf> exp02_logging: XY 181656 -5066007 -4868795[0m
[00:03:01.664,642] [0m<inf> exp02_logging: XY 181664 -3618700 -4934473[0m
[00:03:01.672,637] [0m<inf> exp02_logging: XY 181672 -5131798 -5066020[0m
[00:03:01.680,664] [0m<inf> exp02_logging: XY 181680 -4802998 -4210723[0m
[00:03:01.688,690] [0m<inf> exp02_logging: XY 181688 -4671471 -5066204[0m
[00:03:01.696,746] [0m<inf> exp02_logging: XY 181696 -5000438 -4868740[0m
[00:03:01.704,742] [0m<inf> exp02_logging: XY 181704 -3684453 -4934592[0m
[00:03:01.712,799] [0m<inf> exp02_logging: XY 181712 -5131784 -5066000[0m
[00:03:01.720,794] [0m<inf> exp02_logging: XY 181720 -4802956 -4145022[0m
[00:03:01.728,820] [0m<inf> exp02_logging: XY 181728 -4737127 -5066199[0m
[00:03:01.736,846] [0m<inf> exp02_logging: XY 181736 -5000410 -4868708[0m
[00:03:01.744,873] [0m<inf> exp02_logging: XY 181744 -3684475 -5000232[0m
[00:03:01.752,899] [0m<inf> exp02_logging: XY 181752 -5066238 -5000447[0m
[00:03:01.760,925] [0m<inf> exp02_logging: XY 181760 -4802897 -4144897[0m
[00:03:01.768,951] [0m<inf> exp02_logging: XY 181768 -4737275 -5066194[0m
[00:03:01.776,977] [0m<inf> exp02_logging: XY 181776 -5000376 -4868658[0m
[00:03:01.785,003] [0m<inf> exp02_logging: XY 181784 -3750205 -5000316[0m
[00:03:01.793,029] [0m<inf> exp02_logging: XY 181793 -5066222 -5000417[0m
[00:03:01.801,055] [0m<inf> exp02_logging: XY 181801 -4802860 -4079323[0m
[00:03:01.809,082] [0m<inf> exp02_logging: XY 181809 -4802956 -5066183[0m
[00:03:01.817,108] [0m<inf> exp02_logging: XY 181817 -5000348 -4868624[0m
[00:03:01.825,134] [0m<inf> exp02_logging: XY 181825 -3816038 -5000375[0m
[00:03:01.833,160] [0m<inf> exp02_logging: XY 181833 -5066217 -5000395[0m
[00:03:01.841,186] [0m<inf> exp02_logging: XY 181841 -4737249 -4079343[0m
[00:03:01.849,212] [0m<inf> exp02_logging: XY 181849 -4868672 -5066172[0m
[00:03:01.857,238] [0m<inf> exp02_logging: XY 181857 -5000316 -4803053[0m
[00:03:01.865,264] [0m<inf> exp02_logging: XY 181865 -3881846 -5000435[0m
[00:03:01.873,291] [0m<inf> exp02_logging: XY 181873 -5066212 -5000364[0m
[00:03:01.881,317] [0m<inf> exp02_logging: XY 181881 -4737153 -4144994[0m
[00:03:01.889,373] [0m<inf> exp02_logging: XY 181889 -4868854 -5066160[0m
[00:03:01.897,369] [0m<inf> exp02_logging: XY 181897 -5000286 -4803024[0m
[00:03:01.905,395] [0m<inf> exp02_logging: XY 181905 -4013356 -5066025[0m
[00:03:01.913,421] [0m<inf> exp02_logging: XY 181913 -5066204 -5000337[0m
[00:03:01.921,447] [0m<inf> exp02_logging: XY 181921 -4671464 -4145111[0m
[00:03:01.929,473] [0m<inf> exp02_logging: XY 181929 -4934542 -5066152[0m
[00:03:01.937,500] [0m<inf> exp02_logging: XY 181937 -5000254 -4802985[0m
[00:03:01.945,526] [0m<inf> exp02_logging: XY 181945 -4013494 -5066066[0m
[00:03:01.953,552] [0m<inf> exp02_logging: XY 181953 -5066200 -5000312[0m
[00:03:01.961,578] [0m<inf> exp02_logging: XY 181961 -4671322 -4210802[0m
[00:03:01.969,604] [0m<inf> exp02_logging: XY 181969 -5000216 -5066144[0m
[00:03:01.977,630] [0m<inf> exp02_logging: XY 181977 -5000238 -4802944[0m
[00:03:01.985,687] [0m<inf> exp02_logging: XY 181985 -4079296 -5066102[0m
[00:03:01.993,682] [0m<inf> exp02_logging: XY 181993 -5066195 -5000285[0m
[00:03:02.001,708] [0m<inf> exp02_logging: XY 182001 -4605545 -4210940[0m
[00:03:02.009,735] [0m<inf> exp02_logging: XY 182009 -5000359 -5066139[0m
[00:03:02.017,761] [0m<inf> exp02_logging: XY 182017 -5000201 -4802863[0m
[00:03:02.025,787] [0m<inf> exp02_logging: XY 182025 -4145073 -5066131[0m
[00:03:02.033,843] [0m<inf> exp02_logging: XY 182033 -5066183 -5000255[0m
[00:03:02.041,839] [0m<inf> exp02_logging: XY 182041 -4539801 -4276663[0m
[00:03:02.049,865] [0m<inf> exp02_logging: XY 182049 -5066007 -5066134[0m
[00:03:02.057,891] [0m<inf> exp02_logging: XY 182057 -4934636 -4737259[0m
[00:03:02.065,948] [0m<inf> exp02_logging: XY 182065 -4210890 -5066151[0m
[00:03:02.073,944] [0m<inf> exp02_logging: XY 182073 -5066169 -5000241[0m
[00:03:02.081,970] [0m<inf> exp02_logging: XY 182081 -4473962 -4342366[0m
[00:03:02.089,996] [0m<inf> exp02_logging: XY 182089 -5066095 -5066127[0m
[00:03:02.098,022] [0m<inf> exp02_logging: XY 182098 -4934589 -4737135[0m
[00:03:02.106,048] [0m<inf> exp02_logging: XY 182106 -4276616 -5066162[0m
[00:03:02.114,074] [0m<inf> exp02_logging: XY 182114 -5066150 -5000211[0m
[00:03:02.122,100] [0m<inf> exp02_logging: XY 182122 -4408155 -4408105[0m
[00:03:02.130,126] [0m<inf> exp02_logging: XY 182130 -5066166 -5066120[0m
[00:03:02.138,153] [0m<inf> exp02_logging: XY 182138 -4934558 -4737027[0m
[00:03:02.146,179] [0m<inf> exp02_logging: XY 182146 -4342375 -5066171[0m
[00:03:02.154,205] [0m<inf> exp02_logging: XY 182154 -5066137 -4934652[0m
[00:03:02.162,261] [0m<inf> exp02_logging: XY 182162 -4342288 -4408306[0m
[00:03:02.170,257] [0m<inf> exp02_logging: XY 182170 -5066221 -5066113[0m
[00:03:02.178,314] [0m<inf> exp02_logging: XY 182178 -4934501 -4671312[0m
[00:03:02.186,309] [0m<inf> exp02_logging: XY 182186 -4408091 -5066174[0m
[00:03:02.194,335] [0m<inf> exp02_logging: XY 182194 -5066116 -4934619[0m
[00:03:02.202,362] [0m<inf> exp02_logging: XY 182202 -4210943 -4474048[0m
[00:03:02.210,388] [0m<inf> exp02_logging: XY 182210 -5131786 -5066099[0m
[00:03:02.218,414] [0m<inf> exp02_logging: XY 182218 -4934467 -4605646[0m
[00:03:02.226,440] [0m<inf> exp02_logging: XY 182226 -4408209 -5066181[0m
[00:03:02.234,466] [0m<inf> exp02_logging: XY 182234 -5066100 -4934595[0m
[00:03:02.242,492] [0m<inf> exp02_logging: XY 182242 -4145025 -4539826[0m
[00:03:02.250,518] [0m<inf> exp02_logging: XY 182250 -5131794 -5066084[0m
[00:03:02.258,544] [0m<inf> exp02_logging: XY 182258 -4934413 -4605455[0m
[00:03:02.266,571] [0m<inf> exp02_logging: XY 182266 -4473902 -5066181[0m
[00:03:02.274,597] [0m<inf> exp02_logging: XY 182274 -5066082 -4934550[0m
[00:03:02.282,623] [0m<inf> exp02_logging: XY 182282 -4013564 -4605563[0m
[00:03:02.290,649] [0m<inf> exp02_logging: XY 182290 -5131797 -5066064[0m
[00:03:02.298,675] [0m<inf> exp02_logging: XY 182298 -4868826 -4539768[0m
[00:03:02.306,701] [0m<inf> exp02_logging: XY 182306 -4474073 -5066183[0m
[00:03:02.314,727] [0m<inf> exp02_logging: XY 182314 -5066062 -4934513[0m
[00:03:02.322,753] [0m<inf> exp02_logging: XY 182322 -3947613 -4671329[0m
[00:03:02.330,780] [0m<inf> exp02_logging: XY 182330 -5131792 -5066053[0m
[00:03:02.338,806] [0m<inf> exp02_logging: XY 182338 -4868765 -4474057[0m
[00:03:02.346,832] [0m<inf> exp02_logging: XY 182346 -4539722 -5066180[0m
[00:03:02.354,858] [0m<inf> exp02_logging: XY 182354 -5066041 -4934466[0m
[00:03:02.362,884] [0m<inf> exp02_logging: XY 182362 -3816183 -4737058[0m
[00:03:02.370,910] [0m<inf> exp02_logging: XY 182370 -5131785 -5066035[0m
[00:03:02.378,936] [0m<inf> exp02_logging: XY 182378 -4868710 -4473873[0m
[00:03:02.386,932] [0m<inf> exp02_logging: XY 182386 -4539887 -5066178[0m
[00:03:02.394,989] [0m<inf> exp02_logging: XY 182394 -5066026 -4934421[0m
[00:03:02.403,045] [0m<inf> exp02_logging: XY 182403 -3750289 -4802831[0m
[00:03:02.411,041] [0m<inf> exp02_logging: XY 182411 -5066237 -5066021[0m
[00:03:02.419,097] [0m<inf> exp02_logging: XY 182419 -4868641 -4408073[0m
[00:03:02.427,093] [0m<inf> exp02_logging: XY 182427 -4605573 -5066177[0m
[00:03:02.435,119] [0m<inf> exp02_logging: XY 182435 -5066005 -4868843[0m
[00:03:02.443,145] [0m<inf> exp02_logging: XY 182443 -3684502 -4802999[0m
[00:03:02.451,171] [0m<inf> exp02_logging: XY 182451 -5066225 -5066006[0m
[00:03:02.459,197] [0m<inf> exp02_logging: XY 182459 -4803053 -4342405[0m
[00:03:02.467,224] [0m<inf> exp02_logging: XY 182467 -4605681 -5066172[0m
[00:03:02.475,250] [0m<inf> exp02_logging: XY 182475 -5065990 -4868799[0m
[00:03:02.483,276] [0m<inf> exp02_logging: XY 182483 -3618702 -4868729[0m
[00:03:02.491,302] [0m<inf> exp02_logging: XY 182491 -5066222 -5000447[0m
[00:03:02.499,359] [0m<inf> exp02_logging: XY 182499 -4802994 -4276563[0m
[00:03:02.507,354] [0m<inf> exp02_logging: XY 182507 -4671413 -5066167[0m
[00:03:02.515,411] [0m<inf> exp02_logging: XY 182515 -5000422 -4868752[0m
[00:03:02.523,406] [0m<inf> exp02_logging: XY 182523 -3618648 -4868852[0m
[00:03:02.531,433] [0m<inf> exp02_logging: XY 182531 -5066214 -5000436[0m
[00:03:02.539,459] [0m<inf> exp02_logging: XY 182539 -4802954 -4210808[0m
[00:03:02.547,485] [0m<inf> exp02_logging: XY 182547 -4671386 -5066161[0m
[00:03:02.555,511] [0m<inf> exp02_logging: XY 182555 -5000397 -4868701[0m
[00:03:02.563,537] [0m<inf> exp02_logging: XY 182563 -3618752 -4934543[0m
[00:03:02.571,563] [0m<inf> exp02_logging: XY 182571 -5066207 -5000420[0m
[00:03:02.579,620] [0m<inf> exp02_logging: XY 182579 -4802892 -4144952[0m
[00:03:02.587,615] [0m<inf> exp02_logging: XY 182587 -4737099 -5066152[0m
[00:03:02.595,672] [0m<inf> exp02_logging: XY 182595 -5000364 -4868652[0m
[00:03:02.603,668] [0m<inf> exp02_logging: XY 182603 -3684360 -4934619[0m
[00:03:02.611,724] [0m<inf> exp02_logging: XY 182611 -5066194 -5000397[0m
[00:03:02.619,720] [0m<inf> exp02_logging: XY 182619 -4802848 -4079330[0m
[00:03:02.627,746] [0m<inf> exp02_logging: XY 182627 -4737198 -5066143[0m
[00:03:02.635,772] [0m<inf> exp02_logging: XY 182635 -5000335 -4868624[0m
[00:03:02.643,798] [0m<inf> exp02_logging: XY 182643 -3684599 -5000255[0m
[00:03:02.651,824] [0m<inf> exp02_logging: XY 182651 -5066178 -5000377[0m
[00:03:02.659,851] [0m<inf> exp02_logging: XY 182659 -4737269 -4079241[0m
[00:03:02.667,877] [0m<inf> exp02_logging: XY 182667 -4802901 -5066138[0m
[00:03:02.675,933] [0m<inf> exp02_logging: XY 182675 -5000296 -4803039[0m
[00:03:02.683,929] [0m<inf> exp02_logging: XY 182683 -3816049 -5000317[0m
[00:03:02.691,986] [0m<inf> exp02_logging: XY 182691 -5066168 -5000348[0m
[00:03:02.699,981] [0m<inf> exp02_logging: XY 182699 -4737214 -4079284[0m
[00:03:02.708,038] [0m<inf> exp02_logging: XY 182708 -4803065 -5066125[0m
[00:03:02.716,033] [0m<inf> exp02_logging: XY 182716 -5000279 -4803013[0m
[00:03:02.724,060] [0m<inf> exp02_logging: XY 182724 -3881835 -5000384[0m
[00:03:02.732,086] [0m<inf> exp02_logging: XY 182732 -5066167 -5000327[0m
[00:03:02.740,112] [0m<inf> exp02_logging: XY 182740 -4737114 -4144906[0m
[00:03:02.748,138] [0m<inf> exp02_logging: XY 182748 -4868856 -5066121[0m
[00:03:02.756,195] [0m<inf> exp02_logging: XY 182756 -5000247 -4802977[0m
[00:03:02.764,190] [0m<inf> exp02_logging: XY 182764 -3947699 -5000428[0m
[00:03:02.772,247] [0m<inf> exp02_logging: XY 182772 -5066162 -5000296[0m
[00:03:02.780,242] [0m<inf> exp02_logging: XY 182780 -4671471 -4145056[0m
[00:03:02.788,299] [0m<inf> exp02_logging: XY 182788 -4934482 -5066108[0m
[00:03:02.796,295] [0m<inf> exp02_logging: XY 182796 -5000220 -4802946[0m
[00:03:02.804,351] [0m<inf> exp02_logging: XY 182804 -4013442 -5066018[0m
[00:03:02.812,347] [0m<inf> exp02_logging: XY 182812 -5066157 -5000271[0m
[00:03:02.820,373] [0m<inf> exp02_logging: XY 182820 -4671287 -4210735[0m
[00:03:02.828,430] [0m<inf> exp02_logging: XY 182828 -4934615 -5066100[0m
[00:03:02.836,425] [0m<inf> exp02_logging: XY 182836 -4934656 -4802908[0m
[00:03:02.844,451] [0m<inf> exp02_logging: XY 182844 -4079156 -5066050[0m
[00:03:02.852,478] [0m<inf> exp02_logging: XY 182852 -5066150 -5000245[0m
[00:03:02.860,504] [0m<inf> exp02_logging: XY 182860 -4605571 -4210840[0m
[00:03:02.868,530] [0m<inf> exp02_logging: XY 182868 -5000317 -5066095[0m
[00:03:02.876,556] [0m<inf> exp02_logging: XY 182876 -4934639 -4802837[0m
[00:03:02.884,582] [0m<inf> exp02_logging: XY 182884 -4145123 -5066082[0m
[00:03:02.892,578] [0m<inf> exp02_logging: XY 182892 -5066136 -5000221[0m
[00:03:02.900,634] [0m<inf> exp02_logging: XY 182900 -4539770 -4276623[0m
[00:03:02.908,660] [0m<inf> exp02_logging: XY 182908 -5000402 -5066090[0m
[00:03:02.916,687] [0m<inf> exp02_logging: XY 182916 -4934594 -4737224[0m
[00:03:02.924,713] [0m<inf> exp02_logging: XY 182924 -4210771 -5066105[0m
[00:03:02.932,739] [0m<inf> exp02_logging: XY 182932 -5066128 -5000197[0m
[00:03:02.940,765] [0m<inf> exp02_logging: XY 182940 -4474016 -4342276[0m
[00:03:02.948,791] [0m<inf> exp02_logging: XY 182948 -5066030 -5066086[0m
[00:03:02.956,817] [0m<inf> exp02_logging: XY 182956 -4934565 -4737134[0m
[00:03:02.964,843] [0m<inf> exp02_logging: XY 182964 -4276582 -5066120[0m
[00:03:02.972,869] [0m<inf> exp02_logging: XY 182972 -5066113 -4934643[0m
[00:03:02.980,895] [0m<inf> exp02_logging: XY 182980 -4408157 -4342518[0m
[00:03:02.988,922] [0m<inf> exp02_logging: XY 182988 -5066108 -5066078[0m
[00:03:02.996,948] [0m<inf> exp02_logging: XY 182996 -4934520 -4671459[0m
[00:03:03.004,974] [0m<inf> exp02_logging: XY 183004 -4342288 -5066128[0m
[00:03:03.013,000] [0m<inf> exp02_logging: XY 183013 -5066094 -4934615[0m
[00:03:03.021,026] [0m<inf> exp02_logging: XY 183020 -4342417 -4408226[0m
[00:03:03.029,052] [0m<inf> exp02_logging: XY 183029 -5066167 -5066068[0m
[00:03:03.037,078] [0m<inf> exp02_logging: XY 183037 -4934480 -4671335[0m
[00:03:03.045,104] [0m<inf> exp02_logging: XY 183045 -4408150 -5066132[0m
[00:03:03.053,131] [0m<inf> exp02_logging: XY 183053 -5066082 -4934588[0m
[00:03:03.061,157] [0m<inf> exp02_logging: XY 183061 -4276509 -4474005[0m
[00:03:03.069,183] [0m<inf> exp02_logging: XY 183069 -5066203 -5066061[0m
[00:03:03.077,209] [0m<inf> exp02_logging: XY 183077 -4934425 -4605619[0m
[00:03:03.085,235] [0m<inf> exp02_logging: XY 183085 -4408126 -5066136[0m
[00:03:03.093,261] [0m<inf> exp02_logging: XY 183093 -5066058 -4934555[0m
[00:03:03.101,287] [0m<inf> exp02_logging: XY 183101 -4210691 -4539710[0m
[00:03:03.109,313] [0m<inf> exp02_logging: XY 183109 -5066221 -5066045[0m
[00:03:03.117,340] [0m<inf> exp02_logging: XY 183117 -4868844 -4605471[0m
[00:03:03.125,366] [0m<inf> exp02_logging: XY 183125 -4408315 -5066140[0m
[00:03:03.133,392] [0m<inf> exp02_logging: XY 183133 -5066044 -4934519[0m
[00:03:03.141,418] [0m<inf> exp02_logging: XY 183141 -4079170 -4605499[0m
[00:03:03.149,444] [0m<inf> exp02_logging: XY 183149 -5066219 -5066031[0m
[00:03:03.157,501] [0m<inf> exp02_logging: XY 183157 -4868787 -4539762[0m
[00:03:03.165,496] [0m<inf> exp02_logging: XY 183165 -4474112 -5066138[0m
[00:03:03.173,553] [0m<inf> exp02_logging: XY 183173 -5066019 -4934472[0m
[00:03:03.181,549] [0m<inf> exp02_logging: XY 183181 -3947731 -4671253[0m
[00:03:03.189,575] [0m<inf> exp02_logging: XY 183189 -5066215 -5066012[0m
[00:03:03.197,601] [0m<inf> exp02_logging: XY 183197 -4868745 -4474088[0m
[00:03:03.205,627] [0m<inf> exp02_logging: XY 183205 -4539729 -5066140[0m
[00:03:03.213,653] [0m<inf> exp02_logging: XY 183213 -5066008 -4934440[0m
[00:03:03.221,679] [0m<inf> exp02_logging: XY 183221 -3881768 -4671470[0m
[00:03:03.229,705] [0m<inf> exp02_logging: XY 183229 -5066208 -5066000[0m
[00:03:03.237,731] [0m<inf> exp02_logging: XY 183237 -4868677 -4473895[0m
[00:03:03.245,758] [0m<inf> exp02_logging: XY 183245 -4539827 -5066136[0m
[00:03:03.253,784] [0m<inf> exp02_logging: XY 183253 -5065990 -4868856[0m
[00:03:03.261,810] [0m<inf> exp02_logging: XY 183261 -3750396 -4737205[0m
[00:03:03.269,836] [0m<inf> exp02_logging: XY 183269 -5066202 -5000446[0m
[00:03:03.277,862] [0m<inf> exp02_logging: XY 183277 -4868627 -4408180[0m
[00:03:03.285,888] [0m<inf> exp02_logging: XY 183285 -4605606 -5066137[0m
[00:03:03.293,914] [0m<inf> exp02_logging: XY 183293 -5000438 -4868815[0m
[00:03:03.301,940] [0m<inf> exp02_logging: XY 183301 -3684533 -4802934[0m
[00:03:03.309,967] [0m<inf> exp02_logging: XY 183309 -5066191 -5000433[0m
[00:03:03.317,993] [0m<inf> exp02_logging: XY 183317 -4803025 -4342424[0m
[00:03:03.326,019] [0m<inf> exp02_logging: XY 183325 -4605599 -5066135[0m
[00:03:03.334,045] [0m<inf> exp02_logging: XY 183334 -5000415 -4868768[0m
[00:03:03.342,071] [0m<inf> exp02_logging: XY 183342 -3618748 -4868637[0m
[00:03:03.350,097] [0m<inf> exp02_logging: XY 183350 -5066183 -5000412[0m
[00:03:03.358,123] [0m<inf> exp02_logging: XY 183358 -4802977 -4276666[0m
[00:03:03.366,149] [0m<inf> exp02_logging: XY 183366 -4671251 -5066127[0m
[00:03:03.374,176] [0m<inf> exp02_logging: XY 183374 -5000396 -4868729[0m
[00:03:03.382,202] [0m<inf> exp02_logging: XY 183382 -3618640 -4868801[0m
[00:03:03.390,228] [0m<inf> exp02_logging: XY 183390 -5066175 -5000403[0m
[00:03:03.398,284] [0m<inf> exp02_logging: XY 183398 -4802918 -4210825[0m
[00:03:03.406,280] [0m<inf> exp02_logging: XY 183406 -4671351 -5066120[0m
[00:03:03.414,337] [0m<inf> exp02_logging: XY 183414 -5000364 -4868669[0m
[00:03:03.422,332] [0m<inf> exp02_logging: XY 183422 -3618724 -4934457[0m
[00:03:03.430,389] [0m<inf> exp02_logging: XY 183430 -5066165 -5000382[0m
[00:03:03.438,385] [0m<inf> exp02_logging: XY 183438 -4802876 -4145100[0m
[00:03:03.446,411] [0m<inf> exp02_logging: XY 183446 -4737068 -5066111[0m
[00:03:03.454,437] [0m<inf> exp02_logging: XY 183454 -5000338 -4868638[0m
[00:03:03.462,463] [0m<inf> exp02_logging: XY 183462 -3618771 -4934572[0m
[00:03:03.470,489] [0m<inf> exp02_logging: XY 183470 -5066158 -5000365[0m
[00:03:03.478,515] [0m<inf> exp02_logging: XY 183478 -4802828 -4079284[0m
[00:03:03.486,541] [0m<inf> exp02_logging: XY 183486 -4737115 -5066106[0m
[00:03:03.494,567] [0m<inf> exp02_logging: XY 183494 -5000300 -4803050[0m
[00:03:03.502,593] [0m<inf> exp02_logging: XY 183502 -3684507 -4934654[0m
[00:03:03.510,650] [0m<inf> exp02_logging: XY 183510 -5066139 -5000340[0m
[00:03:03.518,646] [0m<inf> exp02_logging: XY 183518 -4737255 -4079253[0m
[00:03:03.526,672] [0m<inf> exp02_logging: XY 183526 -4802912 -5066100[0m
[00:03:03.534,698] [0m<inf> exp02_logging: XY 183534 -5000278 -4803016[0m
[00:03:03.542,724] [0m<inf> exp02_logging: XY 183542 -3750335 -5000270[0m
[00:03:03.550,750] [0m<inf> exp02_logging: XY 183550 -5066133 -5000323[0m
[00:03:03.558,776] [0m<inf> exp02_logging: XY 183558 -4737191 -4079262[0m
[00:03:03.566,802] [0m<inf> exp02_logging: XY 183566 -4803050 -5066092[0m
[00:03:03.574,859] [0m<inf> exp02_logging: XY 183574 -5000241 -4802988[0m
[00:03:03.582,855] [0m<inf> exp02_logging: XY 183582 -3881807 -5000325[0m
[00:03:03.590,881] [0m<inf> exp02_logging: XY 183590 -5066128 -5000291[0m
[00:03:03.598,907] [0m<inf> exp02_logging: XY 183598 -4737119 -4079336[0m
[00:03:03.606,933] [0m<inf> exp02_logging: XY 183606 -4868693 -5066081[0m
[00:03:03.614,959] [0m<inf> exp02_logging: XY 183614 -5000216 -4802952[0m
[00:03:03.622,985] [0m<inf> exp02_logging: XY 183622 -3947526 -5000384[0m
[00:03:03.631,011] [0m<inf> exp02_logging: XY 183630 -5066123 -5000269[0m
[00:03:03.639,068] [0m<inf> exp02_logging: XY 183639 -4671448 -4145026[0m
[00:03:03.647,064] [0m<inf> exp02_logging: XY 183647 -4934417 -5066071[0m
[00:03:03.655,120] [0m<inf> exp02_logging: XY 183655 -4934650 -4802924[0m
[00:03:03.663,116] [0m<inf> exp02_logging: XY 183663 -3947740 -5000427[0m
[00:03:03.671,142] [0m<inf> exp02_logging: XY 183671 -5066119 -5000237[0m
[00:03:03.679,168] [0m<inf> exp02_logging: XY 183679 -4671333 -4145122[0m
[00:03:03.687,194] [0m<inf> exp02_logging: XY 183687 -4934534 -5066060[0m
[00:03:03.695,220] [0m<inf> exp02_logging: XY 183695 -4934627 -4802887[0m
[00:03:03.703,277] [0m<inf> exp02_logging: XY 183703 -4079111 -5066004[0m
[00:03:03.711,273] [0m<inf> exp02_logging: XY 183711 -5066115 -5000214[0m
[00:03:03.719,299] [0m<inf> exp02_logging: XY 183719 -4605576 -4210784[0m
[00:03:03.727,325] [0m<inf> exp02_logging: XY 183727 -5000205 -5066058[0m
[00:03:03.735,351] [0m<inf> exp02_logging: XY 183735 -4934604 -4802826[0m
[00:03:03.743,377] [0m<inf> exp02_logging: XY 183743 -4079314 -5066031[0m
[00:03:03.751,403] [0m<inf> exp02_logging: XY 183751 -5066102 -4934653[0m
[00:03:03.759,429] [0m<inf> exp02_logging: XY 183759 -4539880 -4276483[0m
[00:03:03.767,456] [0m<inf> exp02_logging: XY 183767 -5000320 -5066055[0m
[00:03:03.775,482] [0m<inf> exp02_logging: XY 183775 -4934576 -4737218[0m
[00:03:03.783,538] [0m<inf> exp02_logging: XY 183783 -4210715 -5066063[0m
[00:03:03.791,534] [0m<inf> exp02_logging: XY 183791 -5066096 -4934630[0m
[00:03:03.799,591] [0m<inf> exp02_logging: XY 183799 -4474037 -4276645[0m
[00:03:03.807,586] [0m<inf> exp02_logging: XY 183807 -5000425 -5066055[0m
[00:03:03.815,612] [0m<inf> exp02_logging: XY 183815 -4934534 -4737117[0m
[00:03:03.823,638] [0m<inf> exp02_logging: XY 183823 -4210893 -5066077[0m
[00:03:03.831,665] [0m<inf> exp02_logging: XY 183831 -5066079 -4934613[0m
[00:03:03.839,691] [0m<inf> exp02_logging: XY 183839 -4408277 -4342403[0m
[00:03:03.847,717] [0m<inf> exp02_logging: XY 183847 -5066048 -5066044[0m
[00:03:03.855,743] [0m<inf> exp02_logging: XY 183855 -4934505 -4737028[0m
[00:03:03.863,769] [0m<inf> exp02_logging: XY 183863 -4276689 -5066088[0m
[00:03:03.871,795] [0m<inf> exp02_logging: XY 183871 -5066065 -4934591[0m
[00:03:03.879,852] [0m<inf> exp02_logging: XY 183879 -4342407 -4408128[0m
[00:03:03.887,847] [0m<inf> exp02_logging: XY 183887 -5066114 -5066039[0m
[00:03:03.895,874] [0m<inf> exp02_logging: XY 183895 -4934458 -4671329[0m
[00:03:03.903,900] [0m<inf> exp02_logging: XY 183903 -4342368 -5066094[0m
[00:03:03.911,926] [0m<inf> exp02_logging: XY 183911 -5066048 -4934557[0m
[00:03:03.919,952] [0m<inf> exp02_logging: XY 183919 -4276659 -4473916[0m
[00:03:03.927,978] [0m<inf> exp02_logging: XY 183927 -5066154 -5066024[0m
[00:03:03.936,004] [0m<inf> exp02_logging: XY 183935 -4934413 -4605669[0m
[00:03:03.944,030] [0m<inf> exp02_logging: XY 183944 -4408078 -5066100[0m
[00:03:03.952,056] [0m<inf> exp02_logging: XY 183952 -5066033 -4934534[0m
[00:03:03.960,083] [0m<inf> exp02_logging: XY 183960 -4210744 -4474106[0m
[00:03:03.968,109] [0m<inf> exp02_logging: XY 183968 -5066177 -5066016[0m
[00:03:03.976,135] [0m<inf> exp02_logging: XY 183976 -4868819 -4605469[0m
[00:03:03.984,161] [0m<inf> exp02_logging: XY 183984 -4408228 -5066104[0m
[00:03:03.992,218] [0m<inf> exp02_logging: XY 183992 -5066011 -4934494[0m
[00:03:04.000,213] [0m<inf> exp02_logging: XY 184000 -4144908 -4539862[0m
[00:03:04.008,239] [0m<inf> exp02_logging: XY 184008 -5066184 -5065999[0m
[00:03:04.016,265] [0m<inf> exp02_logging: XY 184016 -4868779 -4539807[0m
[00:03:04.024,291] [0m<inf> exp02_logging: XY 184024 -4473918 -5066101[0m
[00:03:04.032,318] [0m<inf> exp02_logging: XY 184032 -5065994 -4934464[0m
[00:03:04.040,344] [0m<inf> exp02_logging: XY 184040 -4013359 -4605624[0m
[00:03:04.048,370] [0m<inf> exp02_logging: XY 184048 -5066180 -5065989[0m
[00:03:04.056,396] [0m<inf> exp02_logging: XY 184056 -4868722 -4474092[0m
[00:03:04.064,422] [0m<inf> exp02_logging: XY 184064 -4474061 -5066101[0m
[00:03:04.072,479] [0m<inf> exp02_logging: XY 184072 -5000437 -4934414[0m
[00:03:04.080,474] [0m<inf> exp02_logging: XY 184080 -3881938 -4671358[0m
[00:03:04.088,500] [0m<inf> exp02_logging: XY 184088 -5066176 -5000433[0m
[00:03:04.096,527] [0m<inf> exp02_logging: XY 184096 -4868667 -4473964[0m
[00:03:04.104,553] [0m<inf> exp02_logging: XY 184104 -4539751 -5066101[0m
[00:03:04.112,579] [0m<inf> exp02_logging: XY 184112 -5000423 -4868838[0m
[00:03:04.120,605] [0m<inf> exp02_logging: XY 184120 -3815971 -4737114[0m
[00:03:04.128,631] [0m<inf> exp02_logging: XY 184128 -5066167 -5000418[0m
[00:03:04.136,657] [0m<inf> exp02_logging: XY 184136 -4803066 -4408221[0m
[00:03:04.144,683] [0m<inf> exp02_logging: XY 184144 -4605442 -5066099[0m
[00:03:04.152,740] [0m<inf> exp02_logging: XY 184152 -5000407 -4868797[0m
[00:03:04.160,736] [0m<inf> exp02_logging: XY 184160 -3750203 -4802840[0m
[00:03:04.168,762] [0m<inf> exp02_logging: XY 184168 -5066157 -5000401[0m
[00:03:04.176,788] [0m<inf> exp02_logging: XY 184176 -4803023 -4342507[0m
[00:03:04.184,814] [0m<inf> exp02_logging: XY 184184 -4605572 -5066102[0m
[00:03:04.192,840] [0m<inf> exp02_logging: XY 184192 -5000390 -4868759[0m
[00:03:04.200,866] [0m<inf> exp02_logging: XY 184200 -3618758 -4803022[0m
[00:03:04.208,892] [0m<inf> exp02_logging: XY 184208 -5066150 -5000385[0m
[00:03:04.216,918] [0m<inf> exp02_logging: XY 184216 -4802954 -4276690[0m
[00:03:04.224,945] [0m<inf> exp02_logging: XY 184224 -4605649 -5066095[0m
[00:03:04.232,971] [0m<inf> exp02_logging: XY 184232 -5000366 -4868709[0m
[00:03:04.240,997] [0m<inf> exp02_logging: XY 184240 -3618687 -4868700[0m
[00:03:04.249,023] [0m<inf> exp02_logging: XY 184249 -5066144 -5000371[0m
[00:03:04.257,049] [0m<inf> exp02_logging: XY 184257 -4802913 -4276504[0m
[00:03:04.265,075] [0m<inf> exp02_logging: XY 184265 -4671285 -5066089[0m
[00:03:04.273,101] [0m<inf> exp02_logging: XY 184273 -5000340 -4868662[0m
[00:03:04.281,127] [0m<inf> exp02_logging: XY 184281 -3618627 -4934402[0m
[00:03:04.289,154] [0m<inf> exp02_logging: XY 184289 -5066137 -5000355[0m
[00:03:04.297,180] [0m<inf> exp02_logging: XY 184297 -4802862 -4210712[0m
[00:03:04.305,206] [0m<inf> exp02_logging: XY 184305 -4671368 -5066084[0m
[00:03:04.313,232] [0m<inf> exp02_logging: XY 184313 -5000309 -4868615[0m
[00:03:04.321,258] [0m<inf> exp02_logging: XY 184321 -3618750 -4934508[0m
[00:03:04.329,284] [0m<inf> exp02_logging: XY 184329 -5066122 -5000338[0m
[00:03:04.337,310] [0m<inf> exp02_logging: XY 184337 -4737280 -4144898[0m
[00:03:04.345,336] [0m<inf> exp02_logging: XY 184345 -4737046 -5066075[0m
[00:03:04.353,363] [0m<inf> exp02_logging: XY 184353 -5000286 -4803043[0m
[00:03:04.361,389] [0m<inf> exp02_logging: XY 184361 -3684421 -4934594[0m
[00:03:04.369,415] [0m<inf> exp02_logging: XY 184369 -5066112 -5000320[0m
[00:03:04.377,441] [0m<inf> exp02_logging: XY 184377 -4737231 -4079223[0m
[00:03:04.385,467] [0m<inf> exp02_logging: XY 184385 -4737174 -5066067[0m
[00:03:04.393,524] [0m<inf> exp02_logging: XY 184393 -5000246 -4802992[0m
[00:03:04.401,519] [0m<inf> exp02_logging: XY 184401 -3750171 -5000208[0m
[00:03:04.409,545] [0m<inf> exp02_logging: XY 184409 -5066098 -5000296[0m
[00:03:04.417,572] [0m<inf> exp02_logging: XY 184417 -4737192 -4079230[0m
[00:03:04.425,598] [0m<inf> exp02_logging: XY 184425 -4802874 -5066059[0m
[00:03:04.433,624] [0m<inf> exp02_logging: XY 184433 -5000221 -4802965[0m
[00:03:04.441,680] [0m<inf> exp02_logging: XY 184441 -3816074 -5000271[0m
[00:03:04.449,676] [0m<inf> exp02_logging: XY 184449 -5066095 -5000274[0m
[00:03:04.457,702] [0m<inf> exp02_logging: XY 184457 -4737115 -4079276[0m
[00:03:04.465,728] [0m<inf> exp02_logging: XY 184465 -4803060 -5066050[0m
[00:03:04.473,785] [0m<inf> exp02_logging: XY 184473 -4934650 -4802923[0m
[00:03:04.481,781] [0m<inf> exp02_logging: XY 184481 -3881812 -5000323[0m
[00:03:04.489,807] [0m<inf> exp02_logging: XY 184489 -5066090 -5000245[0m
[00:03:04.497,833] [0m<inf> exp02_logging: XY 184497 -4737040 -4144913[0m
[00:03:04.505,889] [0m<inf> exp02_logging: XY 184505 -4868756 -5066039[0m
[00:03:04.513,885] [0m<inf> exp02_logging: XY 184513 -4934631 -4802905[0m
[00:03:04.521,911] [0m<inf> exp02_logging: XY 184521 -4013330 -5000381[0m
[00:03:04.529,937] [0m<inf> exp02_logging: XY 184529 -5066089 -5000216[0m
[00:03:04.537,963] [0m<inf> exp02_logging: XY 184537 -4671338 -4145062[0m
[00:03:04.545,989] [0m<inf> exp02_logging: XY 184545 -4934441 -5066029[0m
[00:03:04.554,016] [0m<inf> exp02_logging: XY 184554 -4934603 -4802866[0m
[00:03:04.562,042] [0m<inf> exp02_logging: XY 184562 -4013563 -5000421[0m
[00:03:04.570,098] [0m<inf> exp02_logging: XY 184570 -5066079 -5000196[0m
[00:03:04.578,094] [0m<inf> exp02_logging: XY 184578 -4605661 -4145145[0m
[00:03:04.586,151] [0m<inf> exp02_logging: XY 184586 -4934585 -5066026[0m
[00:03:04.594,146] [0m<inf> exp02_logging: XY 184594 -4934586 -4802828[0m
[00:03:04.602,172] [0m<inf> exp02_logging: XY 184602 -4079251 -5065988[0m
[00:03:04.610,198] [0m<inf> exp02_logging: XY 184610 -5066072 -4934634[0m
[00:03:04.618,225] [0m<inf> exp02_logging: XY 184618 -4539882 -4210871[0m
[00:03:04.626,251] [0m<inf> exp02_logging: XY 184626 -5000244 -5066022[0m
[00:03:04.634,307] [0m<inf> exp02_logging: XY 184634 -4934551 -4737207[0m
[00:03:04.642,303] [0m<inf> exp02_logging: XY 184642 -4145032 -5066020[0m
[00:03:04.650,329] [0m<inf> exp02_logging: XY 184650 -5066063 -4934604[0m
[00:03:04.658,355] [0m<inf> exp02_logging: XY 184658 -4539723 -4276553[0m
[00:03:04.666,381] [0m<inf> exp02_logging: XY 184666 -5000351 -5066016[0m
[00:03:04.674,407] [0m<inf> exp02_logging: XY 184674 -4934522 -4737141[0m
[00:03:04.682,434] [0m<inf> exp02_logging: XY 184682 -4210842 -5066039[0m
[00:03:04.690,460] [0m<inf> exp02_logging: XY 184690 -5066056 -4934589[0m
[00:03:04.698,516] [0m<inf> exp02_logging: XY 184698 -4473867 -4342276[0m
[00:03:04.706,512] [0m<inf> exp02_logging: XY 184706 -5065985 -5066015[0m
[00:03:04.714,538] [0m<inf> exp02_logging: XY 184714 -4934484 -4671474[0m
[00:03:04.722,564] [0m<inf> exp02_logging: XY 184722 -4276557 -5066050[0m
[00:03:04.730,590] [0m<inf> exp02_logging: XY 184730 -5066034 -4934561[0m
[00:03:04.738,616] [0m<inf> exp02_logging: XY 184738 -4408102 -4342488[0m
[00:03:04.746,673] [0m<inf> exp02_logging: XY 184746 -5066050 -5066006[0m
[00:03:04.754,669] [0m<inf> exp02_logging: XY 184754 -4934446 -4671379[0m
[00:03:04.762,695] [0m<inf> exp02_logging: XY 184762 -4342466 -5066060[0m
[00:03:04.770,721] [0m<inf> exp02_logging: XY 184770 -5066020 -4934542[0m
[00:03:04.778,747] [0m<inf> exp02_logging: XY 184778 -4276676 -4408243[0m
[00:03:04.786,773] [0m<inf> exp02_logging: XY 184786 -5066105 -5066000[0m
[00:03:04.794,830] [0m<inf> exp02_logging: XY 184794 -4868863 -4605672[0m
[00:03:04.802,825] [0m<inf> exp02_logging: XY 184802 -4342479 -5066063[0m
[00:03:04.810,852] [0m<inf> exp02_logging: XY 184810 -5066003 -4934509[0m
[00:03:04.818,878] [0m<inf> exp02_logging: XY 184818 -4210877 -4473974[0m
[00:03:04.826,904] [0m<inf> exp02_logging: XY 184826 -5066140 -5000448[0m
[00:03:04.834,930] [0m<inf> exp02_logging: XY 184834 -4868817 -4605535[0m
[00:03:04.842,987] [0m<inf> exp02_logging: XY 184842 -4408170 -5066070[0m
[00:03:04.850,982] [0m<inf> exp02_logging: XY 184850 -5065991 -4934478[0m
[00:03:04.859,008] [0m<inf> exp02_logging: XY 184859 -4144960 -4539773[0m
[00:03:04.867,034] [0m<inf> exp02_logging: XY 184867 -5066150 -5000437[0m
[00:03:04.875,061] [0m<inf> exp02_logging: XY 184875 -4868758 -4539817[0m
[00:03:04.883,087] [0m<inf> exp02_logging: XY 184883 -4408307 -5066070[0m
[00:03:04.891,113] [0m<inf> exp02_logging: XY 184891 -5000430 -4934442[0m
[00:03:04.899,139] [0m<inf> exp02_logging: XY 184899 -4079113 -4605460[0m
[00:03:04.907,196] [0m<inf> exp02_logging: XY 184907 -5066151 -5000423[0m
[00:03:04.915,191] [0m<inf> exp02_logging: XY 184915 -4868721 -4539702[0m
[00:03:04.923,248] [0m<inf> exp02_logging: XY 184923 -4474009 -5066071[0m
[00:03:04.931,243] [0m<inf> exp02_logging: XY 184931 -5000416 -4934407[0m
[00:03:04.939,270] [0m<inf> exp02_logging: XY 184939 -3947637 -4671243[0m
[00:03:04.947,296] [0m<inf> exp02_logging: XY 184947 -5066148 -5000412[0m
[00:03:04.955,322] [0m<inf> exp02_logging: XY 184955 -4868659 -4473985[0m
[00:03:04.963,348] [0m<inf> exp02_logging: XY 184963 -4539677 -5066070[0m
[00:03:04.971,374] [0m<inf> exp02_logging: XY 184971 -5000396 -4868826[0m
[00:03:04.979,400] [0m<inf> exp02_logging: XY 184979 -3881762 -4671457[0m
[00:03:04.987,457] [0m<inf> exp02_logging: XY 184987 -5066136 -5000394[0m
[00:03:04.995,452] [0m<inf> exp02_logging: XY 184995 -4868610 -4408313[0m
[00:03:05.003,479] [0m<inf> exp02_logging: XY 185003 -4539842 -5066070[0m
[00:03:05.011,505] [0m<inf> exp02_logging: XY 185011 -5000381 -4868788[0m
[00:03:05.019,531] [0m<inf> exp02_logging: XY 185019 -3750258 -4737212[0m
[00:03:05.027,557] [0m<inf> exp02_logging: XY 185027 -5066130 -5000378[0m
[00:03:05.035,583] [0m<inf> exp02_logging: XY 185035 -4803008 -4408134[0m
[00:03:05.043,609] [0m<inf> exp02_logging: XY 185043 -4605473 -5066069[0m
[00:03:05.051,635] [0m<inf> exp02_logging: XY 185051 -5000364 -4868745[0m
[00:03:05.059,661] [0m<inf> exp02_logging: XY 185059 -3684471 -4802893[0m
[00:03:05.067,687] [0m<inf> exp02_logging: XY 185067 -5066121 -5000361[0m
[00:03:05.075,714] [0m<inf> exp02_logging: XY 185075 -4802963 -4342399[0m
[00:03:05.083,770] [0m<inf> exp02_logging: XY 185083 -4605596 -5066071[0m
[00:03:05.091,766] [0m<inf> exp02_logging: XY 185091 -5000349 -4868705[0m
[00:03:05.099,792] [0m<inf> exp02_logging: XY 185099 -3618674 -4868612[0m
[00:03:05.107,818] [0m<inf> exp02_logging: XY 185107 -5066113 -5000346[0m
[00:03:05.115,875] [0m<inf> exp02_logging: XY 185115 -4802898 -4276541[0m
[00:03:05.123,870] [0m<inf> exp02_logging: XY 185123 -4605670 -5066064[0m
[00:03:05.131,896] [0m<inf> exp02_logging: XY 185131 -5000324 -4868654[0m
[00:03:05.139,923] [0m<inf> exp02_logging: XY 185139 -3618621 -4868742[0m
[00:03:05.147,979] [0m<inf> exp02_logging: XY 185147 -5066107 -5000332[0m
[00:03:05.155,975] [0m<inf> exp02_logging: XY 185155 -4802860 -4210803[0m
[00:03:05.164,001] [0m<inf> exp02_logging: XY 185164 -4671310 -5066054[0m
[00:03:05.172,027] [0m<inf> exp02_logging: XY 185171 -5000299 -4868615[0m
[00:03:05.180,053] [0m<inf> exp02_logging: XY 185180 -3618673 -4934419[0m
[00:03:05.188,079] [0m<inf> exp02_logging: XY 185188 -5066102 -5000317[0m
[00:03:05.196,105] [0m<inf> exp02_logging: XY 185196 -4737274 -4144980[0m
[00:03:05.204,132] [0m<inf> exp02_logging: XY 185204 -4671412 -5066050[0m
[00:03:05.212,158] [0m<inf> exp02_logging: XY 185212 -5000267 -4803025[0m
[00:03:05.220,184] [0m<inf> exp02_logging: XY 185220 -3618774 -4934521[0m
[00:03:05.228,210] [0m<inf> exp02_logging: XY 185228 -5066086 -5000297[0m
[00:03:05.236,236] [0m<inf> exp02_logging: XY 185236 -4737236 -4079282[0m
[00:03:05.244,262] [0m<inf> exp02_logging: XY 185244 -4737059 -5066046[0m
[00:03:05.252,288] [0m<inf> exp02_logging: XY 185252 -5000242 -4802991[0m
[00:03:05.260,314] [0m<inf> exp02_logging: XY 185260 -3684519 -4934606[0m
[00:03:05.268,341] [0m<inf> exp02_logging: XY 185268 -5066082 -5000277[0m
[00:03:05.276,367] [0m<inf> exp02_logging: XY 185276 -4737181 -4079207[0m
[00:03:05.284,393] [0m<inf> exp02_logging: XY 185284 -4737223 -5066036[0m
[00:03:05.292,419] [0m<inf> exp02_logging: XY 185292 -5000206 -4802951[0m
[00:03:05.300,445] [0m<inf> exp02_logging: XY 185300 -3750275 -5000209[0m
[00:03:05.308,471] [0m<inf> exp02_logging: XY 185308 -5066068 -5000254[0m
[00:03:05.316,497] [0m<inf> exp02_logging: XY 185316 -4737129 -4079202[0m
[00:03:05.324,523] [0m<inf> exp02_logging: XY 185324 -4802974 -5066029[0m
[00:03:05.332,550] [0m<inf> exp02_logging: XY 185332 -4934643 -4802923[0m
[00:03:05.340,576] [0m<inf> exp02_logging: XY 185340 -3816089 -5000260[0m
[00:03:05.348,602] [0m<inf> exp02_logging: XY 185348 -5066059 -5000229[0m
[00:03:05.356,628] [0m<inf> exp02_logging: XY 185356 -4737050 -4079330[0m
[00:03:05.364,654] [0m<inf> exp02_logging: XY 185364 -4868629 -5066019[0m
[00:03:05.372,680] [0m<inf> exp02_logging: XY 185372 -4934611 -4802885[0m
[00:03:05.380,706] [0m<inf> exp02_logging: XY 185380 -3881909 -5000317[0m
[00:03:05.388,732] [0m<inf> exp02_logging: XY 185388 -5066057 -5000201[0m
[00:03:05.396,759] [0m<inf> exp02_logging: XY 185396 -4671419 -4144946[0m
[00:03:05.404,785] [0m<inf> exp02_logging: XY 185404 -4868787 -5066009[0m
[00:03:05.412,811] [0m<inf> exp02_logging: XY 185412 -4934589 -4802864[0m
[00:03:05.420,867] [0m<inf> exp02_logging: XY 185420 -3947761 -5000368[0m
[00:03:05.428,863] [0m<inf> exp02_logging: XY 185428 -5066054 -4934644[0m
[00:03:05.436,889] [0m<inf> exp02_logging: XY 185436 -4671251 -4145036[0m
[00:03:05.444,915] [0m<inf> exp02_logging: XY 185444 -4934480 -5065998[0m
[00:03:05.452,972] [0m<inf> exp02_logging: XY 185452 -4934559 -4737279[0m
[00:03:05.460,968] [0m<inf> exp02_logging: XY 185460 -4079132 -5000401[0m
[00:03:05.469,024] [0m<inf> exp02_logging: XY 185468 -5066047 -4934614[0m
[00:03:05.477,020] [0m<inf> exp02_logging: XY 185476 -4605581 -4210714[0m
[00:03:05.485,046] [0m<inf> exp02_logging: XY 185485 -4934621 -5065996[0m
[00:03:05.493,072] [0m<inf> exp02_logging: XY 185493 -4934537 -4737241[0m
[00:03:05.501,098] [0m<inf> exp02_logging: XY 185501 -4079299 -5000435[0m
[00:03:05.509,124] [0m<inf> exp02_logging: XY 185509 -5066042 -4934591[0m
[00:03:05.517,181] [0m<inf> exp02_logging: XY 185517 -4539776 -4210913[0m
[00:03:05.525,177] [0m<inf> exp02_logging: XY 185525 -5000255 -5065989[0m
[00:03:05.533,203] [0m<inf> exp02_logging: XY 185533 -4934511 -4737163[0m
[00:03:05.541,229] [0m<inf> exp02_logging: XY 185541 -4145090 -5065995[0m
[00:03:05.549,255] [0m<inf> exp02_logging: XY 185549 -5066026 -4934566[0m
[00:03:05.557,281] [0m<inf> exp02_logging: XY 185557 -4474047 -4276617[0m
[00:03:05.565,338] [0m<inf> exp02_logging: XY 185565 -5000363 -5065988[0m
[00:03:05.573,333] [0m<inf> exp02_logging: XY 185573 -4934477 -4737073[0m
[00:03:05.581,359] [0m<inf> exp02_logging: XY 185581 -4210896 -5066012[0m
[00:03:05.589,385] [0m<inf> exp02_logging: XY 185589 -5066016 -4934548[0m
[00:03:05.597,442] [0m<inf> exp02_logging: XY 185597 -4408181 -4342336[0m
[00:03:05.605,438] [0m<inf> exp02_logging: XY 185605 -5000439 -5000445[0m
[00:03:05.613,464] [0m<inf> exp02_logging: XY 185613 -4934433 -4671425[0m
[00:03:05.621,490] [0m<inf> exp02_logging: XY 185621 -4276624 -5066026[0m
[00:03:05.629,547] [0m<inf> exp02_logging: XY 185629 -5065998 -4934526[0m
[00:03:05.637,542] [0m<inf> exp02_logging: XY 185637 -4342428 -4342506[0m
[00:03:05.645,568] [0m<inf> exp02_logging: XY 185645 -5066047 -5000436[0m
[00:03:05.653,594] [0m<inf> exp02_logging: XY 185653 -4868864 -4671305[0m
[00:03:05.661,621] [0m<inf> exp02_logging: XY 185661 -4342351 -5066032[0m
[00:03:05.669,647] [0m<inf> exp02_logging: XY 185669 -5000448 -4934502[0m
[00:03:05.677,673] [0m<inf> exp02_logging: XY 185677 -4276583 -4408304[0m
[00:03:05.685,699] [0m<inf> exp02_logging: XY 185685 -5066095 -5000429[0m
[00:03:05.693,756] [0m<inf> exp02_logging: XY 185693 -4868809 -4605603[0m
[00:03:05.701,721] [0m<inf> exp02_logging: XY 185701 -4408067 -5066037[0m
[00:03:05.709,777] [0m<inf> exp02_logging: XY 185709 -5000434 -4934470[0m
[00:03:05.717,803] [0m<inf> exp02_logging: XY 185717 -4210775 -4474009[0m
[00:03:05.725,830] [0m<inf> exp02_logging: XY 185725 -5066117 -5000416[0m
[00:03:05.733,856] [0m<inf> exp02_logging: XY 185733 -4868763 -4605472[0m
[00:03:05.741,912] [0m<inf> exp02_logging: XY 185741 -4408189 -5066043[0m
[00:03:05.749,908] [0m<inf> exp02_logging: XY 185749 -5000420 -4934443[0m
[00:03:05.757,934] [0m<inf> exp02_logging: XY 185757 -4079294 -4539763[0m
[00:03:05.765,960] [0m<inf> exp02_logging: XY 185765 -5066124 -5000404[0m
[00:03:05.774,017] [0m<inf> exp02_logging: XY 185773 -4868713 -4539748[0m
[00:03:05.782,012] [0m<inf> exp02_logging: XY 185781 -4408308 -5066041[0m
[00:03:05.790,039] [0m<inf> exp02_logging: XY 185790 -5000398 -4868863[0m
[00:03:05.798,065] [0m<inf> exp02_logging: XY 185798 -4013423 -4605545[0m
[00:03:05.806,121] [0m<inf> exp02_logging: XY 185806 -5066124 -5000388[0m
[00:03:05.814,117] [0m<inf> exp02_logging: XY 185814 -4868672 -4474085[0m
[00:03:05.822,143] [0m<inf> exp02_logging: XY 185822 -4539694 -5066041[0m
[00:03:05.830,169] [0m<inf> exp02_logging: XY 185830 -5000382 -4868828[0m
[00:03:05.838,195] [0m<inf> exp02_logging: XY 185838 -3881924 -4671297[0m
[00:03:05.846,221] [0m<inf> exp02_logging: XY 185846 -5066116 -5000375[0m
[00:03:05.854,248] [0m<inf> exp02_logging: XY 185854 -4803071 -4473920[0m
[00:03:05.862,274] [0m<inf> exp02_logging: XY 185862 -4539679 -5066042[0m
[00:03:05.870,300] [0m<inf> exp02_logging: XY 185870 -5000364 -4868782[0m
[00:03:05.878,326] [0m<inf> exp02_logging: XY 185878 -3816057 -4671485[0m
[00:03:05.886,383] [0m<inf> exp02_logging: XY 185886 -5066106 -5000359[0m
[00:03:05.894,378] [0m<inf> exp02_logging: XY 185894 -4803027 -4408232[0m
[00:03:05.902,404] [0m<inf> exp02_logging: XY 185902 -4605475 -5066044[0m
[00:03:05.910,430] [0m<inf> exp02_logging: XY 185910 -5000344 -4868745[0m
[00:03:05.918,457] [0m<inf> exp02_logging: XY 185918 -3684604 -4737248[0m
[00:03:05.926,483] [0m<inf> exp02_logging: XY 185926 -5066100 -5000344[0m
[00:03:05.934,539] [0m<inf> exp02_logging: XY 185934 -4802955 -4342471[0m
[00:03:05.942,535] [0m<inf> exp02_logging: XY 185942 -4605478 -5066041[0m
[00:03:05.950,561] [0m<inf> exp02_logging: XY 185950 -5000332 -4868702[0m
[00:03:05.958,587] [0m<inf> exp02_logging: XY 185958 -3684389 -4802921[0m
[00:03:05.966,644] [0m<inf> exp02_logging: XY 185966 -5066089 -5000325[0m
[00:03:05.974,639] [0m<inf> exp02_logging: XY 185974 -4802920 -4342309[0m
[00:03:05.982,666] [0m<inf> exp02_logging: XY 185982 -4605634 -5066040[0m
[00:03:05.990,692] [0m<inf> exp02_logging: XY 185990 -5000311 -4868663[0m
[00:03:05.998,748] [0m<inf> exp02_logging: XY 185998 -3618661 -4868636[0m
[00:03:06.006,744] [0m<inf> exp02_logging: XY 186006 -5066085 -5000314[0m
[00:03:06.014,770] [0m<inf> exp02_logging: XY 186014 -4802855 -4210900[0m
[00:03:06.022,796] [0m<inf> exp02_logging: XY 186022 -4605668 -5066032[0m
[00:03:06.030,853] [0m<inf> exp02_logging: XY 186030 -5000281 -4803068[0m
[00:03:06.038,848] [0m<inf> exp02_logging: XY 186038 -3618714 -4868759[0m
[00:03:06.046,905] [0m<inf> exp02_logging: XY 186046 -5066076 -5000298[0m
[00:03:06.054,901] [0m<inf> exp02_logging: XY 186054 -4737276 -4210709[0m
[00:03:06.062,927] [0m<inf> exp02_logging: XY 186062 -4671297 -5066023[0m
[00:03:06.070,953] [0m<inf> exp02_logging: XY 186070 -5000263 -4803032[0m
[00:03:06.079,010] [0m<inf> exp02_logging: XY 186078 -3618680 -4934425[0m
[00:03:06.087,005] [0m<inf> exp02_logging: XY 186086 -5066072 -5000288[0m
[00:03:06.095,031] [0m<inf> exp02_logging: XY 186095 -4737234 -4144930[0m
[00:03:06.103,057] [0m<inf> exp02_logging: XY 186103 -4671428 -5066016[0m
[00:03:06.111,114] [0m<inf> exp02_logging: XY 186111 -5000225 -4802985[0m
[00:03:06.119,110] [0m<inf> exp02_logging: XY 186119 -3684405 -4934514[0m
[00:03:06.127,136] [0m<inf> exp02_logging: XY 186127 -5066056 -5000264[0m
[00:03:06.135,162] [0m<inf> exp02_logging: XY 186135 -4737195 -4079222[0m
[00:03:06.143,188] [0m<inf> exp02_logging: XY 186143 -4737089 -5066011[0m
[00:03:06.151,214] [0m<inf> exp02_logging: XY 186151 -5000204 -4802953[0m
[00:03:06.159,240] [0m<inf> exp02_logging: XY 186159 -3750192 -4934598[0m
[00:03:06.167,266] [0m<inf> exp02_logging: XY 186167 -5066047 -5000246[0m
[00:03:06.175,323] [0m<inf> exp02_logging: XY 186175 -4737128 -4079183[0m
[00:03:06.183,319] [0m<inf> exp02_logging: XY 186183 -4737246 -5066004[0m
[00:03:06.191,345] [0m<inf> exp02_logging: XY 186191 -4934633 -4802912[0m
[00:03:06.199,371] [0m<inf> exp02_logging: XY 186199 -3750327 -5000194[0m
[00:03:06.207,397] [0m<inf> exp02_logging: XY 186207 -5066034 -5000217[0m
[00:03:06.215,423] [0m<inf> exp02_logging: XY 186215 -4737097 -4079224[0m
[00:03:06.223,449] [0m<inf> exp02_logging: XY 186223 -4802994 -5065991[0m
[00:03:06.231,506] [0m<inf> exp02_logging: XY 186231 -4934607 -4802877[0m
[00:03:06.239,501] [0m<inf> exp02_logging: XY 186239 -3881751 -5000252[0m
[00:03:06.247,528] [0m<inf> exp02_logging: XY 186247 -5066032 -5000197[0m
[00:03:06.255,554] [0m<inf> exp02_logging: XY 186255 -4671448 -4079358[0m
[00:03:06.263,580] [0m<inf> exp02_logging: XY 186263 -4868652 -5000446[0m
[00:03:06.271,606] [0m<inf> exp02_logging: XY 186271 -4934578 -4802846[0m
[00:03:06.279,632] [0m<inf> exp02_logging: XY 186279 -3947535 -5000299[0m
[00:03:06.287,658] [0m<inf> exp02_logging: XY 186287 -5066030 -4934633[0m
[00:03:06.295,684] [0m<inf> exp02_logging: XY 186295 -4671357 -4144936[0m
[00:03:06.303,710] [0m<inf> exp02_logging: XY 186303 -4868787 -5000438[0m
[00:03:06.311,737] [0m<inf> exp02_logging: XY 186311 -4934552 -4802827[0m
[00:03:06.319,763] [0m<inf> exp02_logging: XY 186319 -4013389 -5000352[0m
[00:03:06.327,789] [0m<inf> exp02_logging: XY 186327 -5066020 -4934606[0m
[00:03:06.335,815] [0m<inf> exp02_logging: XY 186335 -4605647 -4145064[0m
[00:03:06.343,841] [0m<inf> exp02_logging: XY 186343 -4934488 -5000433[0m
[00:03:06.351,867] [0m<inf> exp02_logging: XY 186351 -4934526 -4737248[0m
[00:03:06.359,893] [0m<inf> exp02_logging: XY 186359 -4013562 -5000385[0m
[00:03:06.367,919] [0m<inf> exp02_logging: XY 186367 -5066017 -4934583[0m
[00:03:06.375,946] [0m<inf> exp02_logging: XY 186375 -4605505 -4210773[0m
[00:03:06.383,972] [0m<inf> exp02_logging: XY 186383 -4934606 -5000430[0m
[00:03:06.391,998] [0m<inf> exp02_logging: XY 186391 -4934504 -4737198[0m
[00:03:06.400,054] [0m<inf> exp02_logging: XY 186400 -4079354 -5000415[0m
[00:03:06.408,050] [0m<inf> exp02_logging: XY 186408 -5066011 -4934559[0m
[00:03:06.416,076] [0m<inf> exp02_logging: XY 186416 -4539698 -4210933[0m
[00:03:06.424,102] [0m<inf> exp02_logging: XY 186424 -5000253 -5000426[0m
[00:03:06.432,159] [0m<inf> exp02_logging: XY 186432 -4934473 -4737115[0m
[00:03:06.440,155] [0m<inf> exp02_logging: XY 186440 -4210799 -5000443[0m
[00:03:06.448,211] [0m<inf> exp02_logging: XY 186448 -5066001 -4934536[0m
[00:03:06.456,207] [0m<inf> exp02_logging: XY 186456 -4473995 -4276635[0m
[00:03:06.464,233] [0m<inf> exp02_logging: XY 186464 -5000349 -5000424[0m
[00:03:06.472,259] [0m<inf> exp02_logging: XY 186472 -4934443 -4737042[0m
[00:03:06.480,316] [0m<inf> exp02_logging: XY 186480 -4210916 -5065992[0m
[00:03:06.488,311] [0m<inf> exp02_logging: XY 186488 -5065989 -4934517[0m
[00:03:06.496,337] [0m<inf> exp02_logging: XY 186496 -4408132 -4342369[0m
[00:03:06.504,364] [0m<inf> exp02_logging: XY 186504 -5000434 -5000416[0m
[00:03:06.512,390] [0m<inf> exp02_logging: XY 186512 -4868863 -4671363[0m
[00:03:06.520,416] [0m<inf> exp02_logging: XY 186520 -4342319 -5066002[0m
[00:03:06.528,442] [0m<inf> exp02_logging: XY 186528 -5000434 -4934490[0m
[00:03:06.536,468] [0m<inf> exp02_logging: XY 186536 -4342389 -4408080[0m
[00:03:06.544,525] [0m<inf> exp02_logging: XY 186544 -5066033 -5000407[0m
[00:03:06.552,520] [0m<inf> exp02_logging: XY 186552 -4868828 -4671252[0m
[00:03:06.560,546] [0m<inf> exp02_logging: XY 186560 -4408080 -5066007[0m
[00:03:06.568,572] [0m<inf> exp02_logging: XY 186568 -5000421 -4934473[0m
[00:03:06.576,599] [0m<inf> exp02_logging: XY 186576 -4276528 -4473882[0m
[00:03:06.584,625] [0m<inf> exp02_logging: XY 186584 -5066072 -5000402[0m
[00:03:06.592,681] [0m<inf> exp02_logging: XY 186592 -4868775 -4605544[0m
[00:03:06.600,677] [0m<inf> exp02_logging: XY 186600 -4342508 -5066010[0m
[00:03:06.608,703] [0m<inf> exp02_logging: XY 186608 -5000400 -4934435[0m
[00:03:06.616,729] [0m<inf> exp02_logging: XY 186616 -4210689 -4474053[0m
[00:03:06.624,786] [0m<inf> exp02_logging: XY 186624 -5066094 -5000385[0m
[00:03:06.632,781] [0m<inf> exp02_logging: XY 186632 -4868740 -4539870[0m
[00:03:06.640,808] [0m<inf> exp02_logging: XY 186640 -4473880 -5066012[0m
[00:03:06.648,834] [0m<inf> exp02_logging: XY 186648 -5000385 -4934407[0m
[00:03:06.656,860] [0m<inf> exp02_logging: XY 186656 -4079213 -4539801[0m
[00:03:06.664,886] [0m<inf> exp02_logging: XY 186664 -5066094 -5000377[0m
[00:03:06.672,943] [0m<inf> exp02_logging: XY 186672 -4868681 -4539706[0m
[00:03:06.680,938] [0m<inf> exp02_logging: XY 186680 -4473859 -5066016[0m
[00:03:06.688,964] [0m<inf> exp02_logging: XY 186688 -5000368 -4868830[0m
[00:03:06.696,990] [0m<inf> exp02_logging: XY 186696 -4013339 -4605575[0m
[00:03:06.705,047] [0m<inf> exp02_logging: XY 186705 -5066095 -5000358[0m
[00:03:06.713,043] [0m<inf> exp02_logging: XY 186713 -4868635 -4474029[0m
[00:03:06.721,069] [0m<inf> exp02_logging: XY 186721 -4474027 -5066012[0m
[00:03:06.729,095] [0m<inf> exp02_logging: XY 186729 -5000348 -4868796[0m
[00:03:06.737,152] [0m<inf> exp02_logging: XY 186737 -3881825 -4671319[0m
[00:03:06.745,147] [0m<inf> exp02_logging: XY 186745 -5066090 -5000346[0m
[00:03:06.753,173] [0m<inf> exp02_logging: XY 186753 -4803036 -4473868[0m
[00:03:06.761,199] [0m<inf> exp02_logging: XY 186761 -4539684 -5066015[0m
[00:03:06.769,226] [0m<inf> exp02_logging: XY 186769 -5000329 -4868747[0m
[00:03:06.777,252] [0m<inf> exp02_logging: XY 186777 -3816004 -4737032[0m
[00:03:06.785,308] [0m<inf> exp02_logging: XY 186785 -5066077 -5000330[0m
[00:03:06.793,304] [0m<inf> exp02_logging: XY 186793 -4802986 -4408174[0m
[00:03:06.801,330] [0m<inf> exp02_logging: XY 186801 -4539880 -5066012[0m
[00:03:06.809,356] [0m<inf> exp02_logging: XY 186809 -5000319 -4868713[0m
[00:03:06.817,382] [0m<inf> exp02_logging: XY 186817 -3684519 -4737239[0m
[00:03:06.825,408] [0m<inf> exp02_logging: XY 186825 -5066073 -5000312[0m
[00:03:06.833,465] [0m<inf> exp02_logging: XY 186833 -4802924 -4342405[0m
[00:03:06.841,461] [0m<inf> exp02_logging: XY 186841 -4605476 -5066014[0m
[00:03:06.849,487] [0m<inf> exp02_logging: XY 186849 -5000300 -4868667[0m
[00:03:06.857,513] [0m<inf> exp02_logging: XY 186857 -3618816 -4802950[0m
[00:03:06.865,570] [0m<inf> exp02_logging: XY 186865 -5066063 -5000297[0m
[00:03:06.873,565] [0m<inf> exp02_logging: XY 186873 -4802883 -4276710[0m
[00:03:06.881,591] [0m<inf> exp02_logging: XY 186881 -4605635 -5066010[0m
[00:03:06.889,617] [0m<inf> exp02_logging: XY 186889 -5000288 -4868619[0m
[00:03:06.897,644] [0m<inf> exp02_logging: XY 186897 -3618570 -4868634[0m
[00:03:06.905,670] [0m<inf> exp02_logging: XY 186905 -5066059 -5000281[0m
[00:03:06.913,696] [0m<inf> exp02_logging: XY 186913 -4802819 -4210828[0m
[00:03:06.921,722] [0m<inf> exp02_logging: XY 186921 -4671316 -5066003[0m
[00:03:06.929,779] [0m<inf> exp02_logging: XY 186929 -5000249 -4803036[0m
[00:03:06.937,774] [0m<inf> exp02_logging: XY 186937 -3618611 -4868744[0m
[00:03:06.945,800] [0m<inf> exp02_logging: XY 186945 -5066050 -5000269[0m
[00:03:06.953,826] [0m<inf> exp02_logging: XY 186953 -4737249 -4145112[0m
[00:03:06.961,853] [0m<inf> exp02_logging: XY 186961 -4671307 -5065997[0m
[00:03:06.969,879] [0m<inf> exp02_logging: XY 186969 -5000233 -4803003[0m
[00:03:06.977,905] [0m<inf> exp02_logging: XY 186977 -3618701 -4934425[0m
[00:03:06.985,931] [0m<inf> exp02_logging: XY 186985 -5066040 -5000257[0m
[00:03:06.993,988] [0m<inf> exp02_logging: XY 186993 -4737194 -4079284[0m
[00:03:07.001,983] [0m<inf> exp02_logging: XY 187001 -4671406 -5065991[0m
[00:03:07.010,009] [0m<inf> exp02_logging: XY 187010 -5000195 -4802958[0m
[00:03:07.018,035] [0m<inf> exp02_logging: XY 187018 -3684363 -4934500[0m
[00:03:07.026,062] [0m<inf> exp02_logging: XY 187026 -5066028 -5000235[0m
[00:03:07.034,088] [0m<inf> exp02_logging: XY 187034 -4737157 -4079176[0m
[00:03:07.042,114] [0m<inf> exp02_logging: XY 187042 -4737086 -5000447[0m
[00:03:07.050,140] [0m<inf> exp02_logging: XY 187050 -4934634 -4802923[0m
[00:03:07.058,166] [0m<inf> exp02_logging: XY 187058 -3750146 -4934590[0m
[00:03:07.066,192] [0m<inf> exp02_logging: XY 187066 -5066018 -5000213[0m
[00:03:07.074,249] [0m<inf> exp02_logging: XY 187074 -4737100 -4079167[0m
[00:03:07.082,244] [0m<inf> exp02_logging: XY 187082 -4802839 -5000441[0m
[00:03:07.090,270] [0m<inf> exp02_logging: XY 187090 -4934605 -4802886[0m
[00:03:07.098,297] [0m<inf> exp02_logging: XY 187098 -3750380 -4934650[0m
[00:03:07.106,323] [0m<inf> exp02_logging: XY 187106 -5066009 -4934652[0m
[00:03:07.114,349] [0m<inf> exp02_logging: XY 187114 -4737069 -4079169[0m
[00:03:07.122,406] [0m<inf> exp02_logging: XY 187122 -4802949 -5000434[0m
[00:03:07.130,401] [0m<inf> exp02_logging: XY 187130 -4934581 -4802853[0m
[00:03:07.138,427] [0m<inf> exp02_logging: XY 187138 -3881750 -5000238[0m
[00:03:07.146,453] [0m<inf> exp02_logging: XY 187146 -5066010 -4934629[0m
[00:03:07.154,510] [0m<inf> exp02_logging: XY 187154 -4671416 -4079306[0m
[00:03:07.162,506] [0m<inf> exp02_logging: XY 187162 -4868638 -5000422[0m
[00:03:07.170,532] [0m<inf> exp02_logging: XY 187170 -4934547 -4802828[0m
[00:03:07.178,558] [0m<inf> exp02_logging: XY 187178 -3881976 -5000288[0m
[00:03:07.186,584] [0m<inf> exp02_logging: XY 187186 -5066003 -4934604[0m
[00:03:07.194,610] [0m<inf> exp02_logging: XY 187194 -4671338 -4144953[0m
[00:03:07.202,636] [0m<inf> exp02_logging: XY 187202 -4868785 -5000415[0m
[00:03:07.210,662] [0m<inf> exp02_logging: XY 187210 -4934525 -4737263[0m
[00:03:07.218,688] [0m<inf> exp02_logging: XY 187218 -4013421 -5000341[0m
[00:03:07.226,715] [0m<inf> exp02_logging: XY 187226 -5066001 -4934577[0m
[00:03:07.234,741] [0m<inf> exp02_logging: XY 187234 -4605607 -4145069[0m
[00:03:07.242,767] [0m<inf> exp02_logging: XY 187242 -4934486 -5000407[0m
[00:03:07.250,793] [0m<inf> exp02_logging: XY 187250 -4934500 -4737223[0m
[00:03:07.258,819] [0m<inf> exp02_logging: XY 187258 -4079223 -5000364[0m
[00:03:07.266,845] [0m<inf> exp02_logging: XY 187266 -5065996 -4934551[0m
[00:03:07.274,871] [0m<inf> exp02_logging: XY 187274 -4605444 -4210742[0m
[00:03:07.282,897] [0m<inf> exp02_logging: XY 187282 -4934645 -5000404[0m
[00:03:07.290,924] [0m<inf> exp02_logging: XY 187290 -4934477 -4737166[0m
[00:03:07.298,950] [0m<inf> exp02_logging: XY 187298 -4144919 -5000396[0m
[00:03:07.306,976] [0m<inf> exp02_logging: XY 187306 -5065985 -4934533[0m
[00:03:07.315,002] [0m<inf> exp02_logging: XY 187315 -4539697 -4276487[0m
[00:03:07.323,028] [0m<inf> exp02_logging: XY 187322 -5000259 -5000401[0m
[00:03:07.331,054] [0m<inf> exp02_logging: XY 187331 -4934446 -4737073[0m
[00:03:07.339,080] [0m<inf> exp02_logging: XY 187339 -4210692 -5000419[0m
[00:03:07.347,106] [0m<inf> exp02_logging: XY 187347 -5000439 -4934511[0m
[00:03:07.355,133] [0m<inf> exp02_logging: XY 187355 -4473934 -4276619[0m
[00:03:07.363,159] [0m<inf> exp02_logging: XY 187363 -5000349 -5000400[0m
[00:03:07.371,185] [0m<inf> exp02_logging: XY 187371 -4934414 -4671465[0m
[00:03:07.379,211] [0m<inf> exp02_logging: XY 187379 -4276487 -5000437[0m
[00:03:07.387,237] [0m<inf> exp02_logging: XY 187387 -5000426 -4934491[0m
[00:03:07.395,263] [0m<inf> exp02_logging: XY 187395 -4408086 -4342397[0m
[00:03:07.403,289] [0m<inf> exp02_logging: XY 187403 -5000424 -5000391[0m
[00:03:07.411,346] [0m<inf> exp02_logging: XY 187411 -4868837 -4671324[0m
[00:03:07.419,342] [0m<inf> exp02_logging: XY 187419 -4276694 -5000443[0m
[00:03:07.427,368] [0m<inf> exp02_logging: XY 187427 -5000412 -4934465[0m
[00:03:07.435,394] [0m<inf> exp02_logging: XY 187435 -4342344 -4408108[0m
[00:03:07.443,420] [0m<inf> exp02_logging: XY 187443 -5066013 -5000386[0m
[00:03:07.451,446] [0m<inf> exp02_logging: XY 187451 -4868800 -4605679[0m
[00:03:07.459,503] [0m<inf> exp02_logging: XY 187459 -4342376 -5065988[0m
[00:03:07.467,498] [0m<inf> exp02_logging: XY 187467 -5000396 -4934439[0m
[00:03:07.475,555] [0m<inf> exp02_logging: XY 187475 -4210921 -4408308[0m
[00:03:07.483,551] [0m<inf> exp02_logging: XY 187483 -5066058 -5000379[0m
[00:03:07.491,607] [0m<inf> exp02_logging: XY 187491 -4868750 -4605497[0m

### phase: stop 'STOP - HOLD STILL' at 2026-10-01T22:06:55.7935272+03:00
[00:03:07.499,603] [0m<inf> exp02_logging: XY 187499 -4408128 -5065989[0m
[00:03:07.507,629] [0m<inf> exp02_logging: XY 187507 -5000376 -4934413[0m
[00:03:07.515,655] [0m<inf> exp02_logging: XY 187515 -4145090 -4474076[0m
[00:03:07.523,681] [0m<inf> exp02_logging: XY 187523 -5066072 -5000363[0m
[00:03:07.531,707] [0m<inf> exp02_logging: XY 187531 -4868702 -4539839[0m
[00:03:07.539,764] [0m<inf> exp02_logging: XY 187539 -4408227 -5065995[0m
[00:03:07.547,760] [0m<inf> exp02_logging: XY 187547 -5000362 -4868841[0m
[00:03:07.555,786] [0m<inf> exp02_logging: XY 187555 -4079135 -4539841[0m
[00:03:07.563,812] [0m<inf> exp02_logging: XY 187563 -5066073 -5000350[0m
[00:03:07.571,868] [0m<inf> exp02_logging: XY 187571 -4868649 -4539663[0m
[00:03:07.579,864] [0m<inf> exp02_logging: XY 187579 -4473962 -5065994[0m
[00:03:07.587,890] [0m<inf> exp02_logging: XY 187587 -5000344 -4868807[0m
[00:03:07.595,916] [0m<inf> exp02_logging: XY 187595 -3947758 -4605560[0m
[00:03:07.603,973] [0m<inf> exp02_logging: XY 187603 -5066073 -5000336[0m
[00:03:07.611,968] [0m<inf> exp02_logging: XY 187611 -4868610 -4474005[0m
[00:03:07.619,995] [0m<inf> exp02_logging: XY 187619 -4539650 -5065994[0m
[00:03:07.628,021] [0m<inf> exp02_logging: XY 187627 -5000325 -4868768[0m
[00:03:07.636,047] [0m<inf> exp02_logging: XY 187636 -3881771 -4671350[0m
[00:03:07.644,073] [0m<inf> exp02_logging: XY 187644 -5066065 -5000322[0m
[00:03:07.652,099] [0m<inf> exp02_logging: XY 187652 -4803005 -4408291[0m
[00:03:07.660,125] [0m<inf> exp02_logging: XY 187660 -4539716 -5065993[0m
[00:03:07.668,182] [0m<inf> exp02_logging: XY 187668 -5000304 -4868722[0m
[00:03:07.676,177] [0m<inf> exp02_logging: XY 187676 -3750397 -4737041[0m
[00:03:07.684,204] [0m<inf> exp02_logging: XY 187684 -5066057 -5000308[0m
[00:03:07.692,230] [0m<inf> exp02_logging: XY 187692 -4802962 -4408146[0m
[00:03:07.700,256] [0m<inf> exp02_logging: XY 187700 -4539869 -5065991[0m
[00:03:07.708,282] [0m<inf> exp02_logging: XY 187708 -5000295 -4868685[0m
[00:03:07.716,339] [0m<inf> exp02_logging: XY 187716 -3684480 -4737242[0m
[00:03:07.724,334] [0m<inf> exp02_logging: XY 187724 -5066045 -5000289[0m
[00:03:07.732,360] [0m<inf> exp02_logging: XY 187732 -4802890 -4342378[0m
[00:03:07.740,386] [0m<inf> exp02_logging: XY 187740 -4605485 -5065994[0m
[00:03:07.748,413] [0m<inf> exp02_logging: XY 187748 -5000278 -4868636[0m
[00:03:07.756,439] [0m<inf> exp02_logging: XY 187756 -3684376 -4802940[0m
[00:03:07.764,495] [0m<inf> exp02_logging: XY 187764 -5066037 -5000272[0m
[00:03:07.772,491] [0m<inf> exp02_logging: XY 187772 -4802850 -4276636[0m
[00:03:07.780,517] [0m<inf> exp02_logging: XY 187780 -4605595 -5065992[0m
[00:03:07.788,543] [0m<inf> exp02_logging: XY 187788 -5000261 -4803065[0m
[00:03:07.796,569] [0m<inf> exp02_logging: XY 187796 -3618584 -4868628[0m
[00:03:07.804,595] [0m<inf> exp02_logging: XY 187804 -5066038 -5000261[0m
[00:03:07.812,622] [0m<inf> exp02_logging: XY 187812 -4737262 -4210789[0m
[00:03:07.820,648] [0m<inf> exp02_logging: XY 187820 -4671317 -5000448[0m
[00:03:07.828,704] [0m<inf> exp02_logging: XY 187828 -5000229 -4803012[0m
[00:03:07.836,700] [0m<inf> exp02_logging: XY 187836 -3618635 -4868754[0m
[00:03:07.844,726] [0m<inf> exp02_logging: XY 187844 -5066026 -5000248[0m
[00:03:07.852,752] [0m<inf> exp02_logging: XY 187852 -4737218 -4145054[0m
[00:03:07.860,778] [0m<inf> exp02_logging: XY 187860 -4671304 -5000439[0m
[00:03:07.868,804] [0m<inf> exp02_logging: XY 187868 -5000204 -4802975[0m
[00:03:07.876,861] [0m<inf> exp02_logging: XY 187876 -3618672 -4934414[0m
[00:03:07.884,826] [0m<inf> exp02_logging: XY 187884 -5066020 -5000237[0m
[00:03:07.892,883] [0m<inf> exp02_logging: XY 187892 -4737165 -4079263[0m
[00:03:07.900,909] [0m<inf> exp02_logging: XY 187900 -4671401 -5000434[0m
[00:03:07.908,935] [0m<inf> exp02_logging: XY 187908 -4934635 -4802928[0m
[00:03:07.916,961] [0m<inf> exp02_logging: XY 187916 -3684363 -4934493[0m
[00:03:07.924,987] [0m<inf> exp02_logging: XY 187924 -5066006 -5000214[0m
[00:03:07.933,013] [0m<inf> exp02_logging: XY 187932 -4737131 -4079156[0m
[00:03:07.941,040] [0m<inf> exp02_logging: XY 187941 -4737096 -5000427[0m
[00:03:07.949,066] [0m<inf> exp02_logging: XY 187949 -4934611 -4802898[0m
[00:03:07.957,122] [0m<inf> exp02_logging: XY 187957 -3750185 -4934572[0m
[00:03:07.965,118] [0m<inf> exp02_logging: XY 187965 -5065996 -5000193[0m
[00:03:07.973,175] [0m<inf> exp02_logging: XY 187973 -4737073 -4079155[0m
[00:03:07.981,170] [0m<inf> exp02_logging: XY 187981 -4737243 -5000419[0m
[00:03:07.989,196] [0m<inf> exp02_logging: XY 187989 -4934578 -4802867[0m
[00:03:07.997,222] [0m<inf> exp02_logging: XY 187997 -3750364 -4934638[0m
[00:03:08.005,249] [0m<inf> exp02_logging: XY 188005 -5065990 -4934632[0m
[00:03:08.013,275] [0m<inf> exp02_logging: XY 188013 -4737036 -4079172[0m
[00:03:08.021,301] [0m<inf> exp02_logging: XY 188021 -4802930 -5000411[0m
[00:03:08.029,327] [0m<inf> exp02_logging: XY 188029 -4934556 -4802834[0m
[00:03:08.037,353] [0m<inf> exp02_logging: XY 188037 -3881788 -5000229[0m
[00:03:08.045,379] [0m<inf> exp02_logging: XY 188045 -5065985 -4934609[0m
[00:03:08.053,405] [0m<inf> exp02_logging: XY 188053 -4671389 -4079317[0m
[00:03:08.061,431] [0m<inf> exp02_logging: XY 188061 -4868644 -5000406[0m
[00:03:08.069,488] [0m<inf> exp02_logging: XY 188069 -4934527 -4737271[0m
[00:03:08.077,484] [0m<inf> exp02_logging: XY 188077 -3947609 -5000272[0m
[00:03:08.085,510] [0m<inf> exp02_logging: XY 188085 -5000447 -4934583[0m
[00:03:08.093,536] [0m<inf> exp02_logging: XY 188093 -4671307 -4144957[0m
[00:03:08.101,562] [0m<inf> exp02_logging: XY 188101 -4868848 -5000393[0m
[00:03:08.109,588] [0m<inf> exp02_logging: XY 188109 -4934501 -4737244[0m
[00:03:08.117,614] [0m<inf> exp02_logging: XY 188117 -4013399 -5000319[0m
[00:03:08.125,640] [0m<inf> exp02_logging: XY 188125 -5000446 -4934558[0m
[00:03:08.133,666] [0m<inf> exp02_logging: XY 188133 -4605581 -4145091[0m
[00:03:08.141,693] [0m<inf> exp02_logging: XY 188141 -4934482 -5000389[0m
[00:03:08.149,719] [0m<inf> exp02_logging: XY 188149 -4934477 -4737194[0m
[00:03:08.157,745] [0m<inf> exp02_logging: XY 188157 -4079105 -5000350[0m
[00:03:08.165,771] [0m<inf> exp02_logging: XY 188165 -5000437 -4934527[0m
[00:03:08.173,797] [0m<inf> exp02_logging: XY 188173 -4539880 -4210796[0m
[00:03:08.181,823] [0m<inf> exp02_logging: XY 188181 -4934592 -5000383[0m
[00:03:08.189,849] [0m<inf> exp02_logging: XY 188189 -4934458 -4737145[0m
[00:03:08.197,875] [0m<inf> exp02_logging: XY 188197 -4144951 -5000378[0m
[00:03:08.205,902] [0m<inf> exp02_logging: XY 188205 -5000430 -4934510[0m
[00:03:08.213,928] [0m<inf> exp02_logging: XY 188213 -4474095 -4210930[0m
[00:03:08.221,954] [0m<inf> exp02_logging: XY 188221 -5000239 -5000382[0m
[00:03:08.229,980] [0m<inf> exp02_logging: XY 188229 -4934421 -4737059[0m
[00:03:08.238,006] [0m<inf> exp02_logging: XY 188237 -4210738 -5000403[0m
[00:03:08.246,032] [0m<inf> exp02_logging: XY 188246 -5000415 -4934485[0m
[00:03:08.254,058] [0m<inf> exp02_logging: XY 188254 -4473863 -4276675[0m
[00:03:08.262,084] [0m<inf> exp02_logging: XY 188262 -5000340 -5000379[0m
[00:03:08.270,111] [0m<inf> exp02_logging: XY 188270 -4868853 -4671434[0m
[00:03:08.278,137] [0m<inf> exp02_logging: XY 188278 -4276489 -5000420[0m
[00:03:08.286,163] [0m<inf> exp02_logging: XY 188286 -5000405 -4934471[0m
[00:03:08.294,189] [0m<inf> exp02_logging: XY 188294 -4342498 -4342390[0m
[00:03:08.302,215] [0m<inf> exp02_logging: XY 188302 -5000407 -5000372[0m
[00:03:08.310,241] [0m<inf> exp02_logging: XY 188310 -4868809 -4671310[0m
[00:03:08.318,267] [0m<inf> exp02_logging: XY 188318 -4276703 -5000421[0m
[00:03:08.326,293] [0m<inf> exp02_logging: XY 188326 -5000387 -4934444[0m
[00:03:08.334,320] [0m<inf> exp02_logging: XY 188334 -4342309 -4408115[0m
[00:03:08.342,346] [0m<inf> exp02_logging: XY 188342 -5066001 -5000362[0m
[00:03:08.350,372] [0m<inf> exp02_logging: XY 188350 -4868772 -4605651[0m
[00:03:08.358,398] [0m<inf> exp02_logging: XY 188358 -4342409 -5000426[0m
[00:03:08.366,424] [0m<inf> exp02_logging: XY 188366 -5000373 -4934415[0m
[00:03:08.374,450] [0m<inf> exp02_logging: XY 188374 -4210889 -4473884[0m
[00:03:08.382,476] [0m<inf> exp02_logging: XY 188382 -5066036 -5000356[0m
[00:03:08.390,472] [0m<inf> exp02_logging: XY 188390 -4868726 -4605497[0m
[00:03:08.398,529] [0m<inf> exp02_logging: XY 188398 -4342524 -5000431[0m
[00:03:08.406,585] [0m<inf> exp02_logging: XY 188406 -5000353 -4868849[0m
[00:03:08.414,581] [0m<inf> exp02_logging: XY 188414 -4145134 -4539651[0m
[00:03:08.422,607] [0m<inf> exp02_logging: XY 188422 -5066053 -5000342[0m
[00:03:08.430,633] [0m<inf> exp02_logging: XY 188430 -4868679 -4539802[0m
[00:03:08.438,659] [0m<inf> exp02_logging: XY 188438 -4408225 -5000433[0m
[00:03:08.446,685] [0m<inf> exp02_logging: XY 188446 -5000337 -4868819[0m
[00:03:08.454,711] [0m<inf> exp02_logging: XY 188454 -4013555 -4539885[0m
[00:03:08.462,738] [0m<inf> exp02_logging: XY 188462 -5066056 -5000326[0m
[00:03:08.470,794] [0m<inf> exp02_logging: XY 188470 -4868627 -4474084[0m
[00:03:08.478,790] [0m<inf> exp02_logging: XY 188478 -4473942 -5000440[0m
[00:03:08.486,816] [0m<inf> exp02_logging: XY 188486 -5000318 -4868778[0m
[00:03:08.494,842] [0m<inf> exp02_logging: XY 188494 -3947701 -4605566[0m
[00:03:08.502,868] [0m<inf> exp02_logging: XY 188502 -5066049 -5000312[0m
[00:03:08.510,894] [0m<inf> exp02_logging: XY 188510 -4803042 -4473972[0m
[00:03:08.518,920] [0m<inf> exp02_logging: XY 188518 -4474047 -5000441[0m
[00:03:08.526,947] [0m<inf> exp02_logging: XY 188526 -5000302 -4868744[0m
[00:03:08.534,973] [0m<inf> exp02_logging: XY 188534 -3816176 -4671336[0m
[00:03:08.542,999] [0m<inf> exp02_logging: XY 188542 -5066043 -5000301[0m
[00:03:08.551,025] [0m<inf> exp02_logging: XY 188551 -4802983 -4408238[0m
[00:03:08.559,051] [0m<inf> exp02_logging: XY 188559 -4539715 -5000437[0m
[00:03:08.567,108] [0m<inf> exp02_logging: XY 188567 -5000282 -4868699[0m
[00:03:08.575,103] [0m<inf> exp02_logging: XY 188575 -3815992 -4737051[0m
[00:03:08.583,160] [0m<inf> exp02_logging: XY 188583 -5066033 -5000284[0m
[00:03:08.591,156] [0m<inf> exp02_logging: XY 188591 -4802935 -4408101[0m
[00:03:08.599,212] [0m<inf> exp02_logging: XY 188599 -4539877 -5000437[0m
[00:03:08.607,208] [0m<inf> exp02_logging: XY 188607 -5000269 -4868660[0m
[00:03:08.615,234] [0m<inf> exp02_logging: XY 188615 -3684552 -4737259[0m
[00:03:08.623,260] [0m<inf> exp02_logging: XY 188623 -5066025 -5000269[0m
[00:03:08.631,286] [0m<inf> exp02_logging: XY 188631 -4802870 -4342330[0m
[00:03:08.639,312] [0m<inf> exp02_logging: XY 188639 -4605490 -5000437[0m
[00:03:08.647,338] [0m<inf> exp02_logging: XY 188647 -5000253 -4868617[0m
[00:03:08.655,364] [0m<inf> exp02_logging: XY 188655 -3618706 -4802949[0m
[00:03:08.663,391] [0m<inf> exp02_logging: XY 188663 -5066019 -5000253[0m
[00:03:08.671,417] [0m<inf> exp02_logging: XY 188671 -4802827 -4276590[0m
[00:03:08.679,443] [0m<inf> exp02_logging: XY 188679 -4605594 -5000432[0m
[00:03:08.687,469] [0m<inf> exp02_logging: XY 188687 -5000235 -4803044[0m
[00:03:08.695,495] [0m<inf> exp02_logging: XY 188695 -3618563 -4868620[0m
[00:03:08.703,521] [0m<inf> exp02_logging: XY 188703 -5066009 -5000238[0m
[00:03:08.711,578] [0m<inf> exp02_logging: XY 188711 -4737226 -4210753[0m
[00:03:08.719,573] [0m<inf> exp02_logging: XY 188719 -4671244 -5000426[0m
[00:03:08.727,630] [0m<inf> exp02_logging: XY 188727 -5000201 -4802989[0m
[00:03:08.735,626] [0m<inf> exp02_logging: XY 188735 -3618653 -4868751[0m
[00:03:08.743,682] [0m<inf> exp02_logging: XY 188743 -5066002 -5000224[0m
[00:03:08.751,678] [0m<inf> exp02_logging: XY 188751 -4737188 -4145015[0m
[00:03:08.759,704] [0m<inf> exp02_logging: XY 188759 -4671375 -5000421[0m
[00:03:08.767,730] [0m<inf> exp02_logging: XY 188767 -4934647 -4802957[0m
[00:03:08.775,756] [0m<inf> exp02_logging: XY 188775 -3618787 -4934410[0m
[00:03:08.783,782] [0m<inf> exp02_logging: XY 188783 -5065996 -5000212[0m
[00:03:08.791,809] [0m<inf> exp02_logging: XY 188791 -4737147 -4079270[0m
[00:03:08.799,835] [0m<inf> exp02_logging: XY 188799 -4671414 -5000413[0m
[00:03:08.807,891] [0m<inf> exp02_logging: XY 188807 -4934611 -4802910[0m
[00:03:08.815,887] [0m<inf> exp02_logging: XY 188815 -3684512 -4934495[0m
[00:03:08.823,944] [0m<inf> exp02_logging: XY 188823 -5065985 -4934653[0m
[00:03:08.831,939] [0m<inf> exp02_logging: XY 188831 -4737111 -4079159[0m
[00:03:08.839,965] [0m<inf> exp02_logging: XY 188839 -4737072 -5000407[0m
[00:03:08.847,991] [0m<inf> exp02_logging: XY 188847 -4934588 -4802876[0m
[00:03:08.856,018] [0m<inf> exp02_logging: XY 188856 -3750166 -4934568[0m
[00:03:08.864,044] [0m<inf> exp02_logging: XY 188864 -5000439 -4934633[0m
[00:03:08.872,100] [0m<inf> exp02_logging: XY 188872 -4737060 -4079148[0m
[00:03:08.880,096] [0m<inf> exp02_logging: XY 188880 -4737263 -5000400[0m
[00:03:08.888,122] [0m<inf> exp02_logging: XY 188888 -4934555 -4802840[0m
[00:03:08.896,148] [0m<inf> exp02_logging: XY 188896 -3815944 -4934620[0m
[00:03:08.904,174] [0m<inf> exp02_logging: XY 188904 -5000434 -4934606[0m
[00:03:08.912,200] [0m<inf> exp02_logging: XY 188912 -4671468 -4079195[0m
[00:03:08.920,257] [0m<inf> exp02_logging: XY 188920 -4802944 -5000388[0m
[00:03:08.928,253] [0m<inf> exp02_logging: XY 188928 -4934529 -4737276[0m
[00:03:08.936,279] [0m<inf> exp02_logging: XY 188936 -3881949 -5000219[0m
[00:03:08.944,305] [0m<inf> exp02_logging: XY 188944 -5000429 -4934581[0m
[00:03:08.952,331] [0m<inf> exp02_logging: XY 188952 -4671346 -4079327[0m
[00:03:08.960,357] [0m<inf> exp02_logging: XY 188960 -4868655 -5000381[0m
[00:03:08.968,414] [0m<inf> exp02_logging: XY 188968 -4934496 -4737240[0m
[00:03:08.976,409] [0m<inf> exp02_logging: XY 188976 -3947609 -5000262[0m
[00:03:08.984,436] [0m<inf> exp02_logging: XY 188984 -5000422 -4934556[0m
[00:03:08.992,462] [0m<inf> exp02_logging: XY 188992 -4671247 -4144955[0m
[00:03:09.000,488] [0m<inf> exp02_logging: XY 189000 -4868811 -5000369[0m
[00:03:09.008,514] [0m<inf> exp02_logging: XY 189008 -4934478 -4737212[0m
[00:03:09.016,571] [0m<inf> exp02_logging: XY 189016 -4013404 -5000312[0m
[00:03:09.024,566] [0m<inf> exp02_logging: XY 189024 -5000424 -4934532[0m
[00:03:09.032,623] [0m<inf> exp02_logging: XY 189032 -4605521 -4145105[0m
[00:03:09.040,618] [0m<inf> exp02_logging: XY 189040 -4934486 -5000367[0m
[00:03:09.048,645] [0m<inf> exp02_logging: XY 189048 -4934447 -4737158[0m
[00:03:09.056,671] [0m<inf> exp02_logging: XY 189056 -4079207 -5000332[0m
[00:03:09.064,697] [0m<inf> exp02_logging: XY 189064 -5000414 -4934509[0m
[00:03:09.072,723] [0m<inf> exp02_logging: XY 189072 -4539820 -4210816[0m
[00:03:09.080,749] [0m<inf> exp02_logging: XY 189080 -4934597 -5000363[0m
[00:03:09.088,775] [0m<inf> exp02_logging: XY 189088 -4934429 -4737102[0m
[00:03:09.096,801] [0m<inf> exp02_logging: XY 189096 -4144995 -5000369[0m
[00:03:09.104,827] [0m<inf> exp02_logging: XY 189104 -5000406 -4934489[0m
[00:03:09.112,854] [0m<inf> exp02_logging: XY 189112 -4474021 -4276504[0m
[00:03:09.120,880] [0m<inf> exp02_logging: XY 189120 -5000248 -5000362[0m
[00:03:09.128,906] [0m<inf> exp02_logging: XY 189128 -4868855 -4671472[0m
[00:03:09.136,932] [0m<inf> exp02_logging: XY 189136 -4210774 -5000385[0m
[00:03:09.144,989] [0m<inf> exp02_logging: XY 189144 -5000394 -4934463[0m
[00:03:09.152,984] [0m<inf> exp02_logging: XY 189152 -4408284 -4276700[0m
[00:03:09.161,041] [0m<inf> exp02_logging: XY 189161 -5000340 -5000359[0m
[00:03:09.169,036] [0m<inf> exp02_logging: XY 189169 -4868834 -4671388[0m
[00:03:09.177,093] [0m<inf> exp02_logging: XY 189177 -4276532 -5000399[0m
[00:03:09.185,089] [0m<inf> exp02_logging: XY 189185 -5000379 -4934445[0m
[00:03:09.193,115] [0m<inf> exp02_logging: XY 189193 -4342434 -4342393[0m
[00:03:09.201,141] [0m<inf> exp02_logging: XY 189201 -5000401 -5000350[0m
[00:03:09.209,167] [0m<inf> exp02_logging: XY 189209 -4868783 -4671258[0m
[00:03:09.217,193] [0m<inf> exp02_logging: XY 189217 -4342358 -5000408[0m
[00:03:09.225,219] [0m<inf> exp02_logging: XY 189225 -5000366 -4934417[0m
[00:03:09.233,245] [0m<inf> exp02_logging: XY 189233 -4276686 -4408152[0m
[00:03:09.241,271] [0m<inf> exp02_logging: XY 189241 -5065989 -5000342[0m
[00:03:09.249,298] [0m<inf> exp02_logging: XY 189249 -4868747 -4605602[0m
[00:03:09.257,324] [0m<inf> exp02_logging: XY 189257 -4342443 -5000414[0m
[00:03:09.265,350] [0m<inf> exp02_logging: XY 189265 -5000351 -4868860[0m
[00:03:09.273,376] [0m<inf> exp02_logging: XY 189273 -4210771 -4473900[0m
[00:03:09.281,402] [0m<inf> exp02_logging: XY 189281 -5066024 -5000332[0m
[00:03:09.289,428] [0m<inf> exp02_logging: XY 189289 -4868692 -4539898[0m
[00:03:09.297,454] [0m<inf> exp02_logging: XY 189297 -4408074 -5000414[0m
[00:03:09.305,480] [0m<inf> exp02_logging: XY 189305 -5000329 -4868828[0m
[00:03:09.313,507] [0m<inf> exp02_logging: XY 189313 -4144955 -4539663[0m
[00:03:09.321,533] [0m<inf> exp02_logging: XY 189321 -5066036 -5000318[0m
[00:03:09.329,559] [0m<inf> exp02_logging: XY 189329 -4868649 -4539750[0m
[00:03:09.337,585] [0m<inf> exp02_logging: XY 189337 -4473867 -5000419[0m
[00:03:09.345,611] [0m<inf> exp02_logging: XY 189345 -5000318 -4868793[0m
[00:03:09.353,637] [0m<inf> exp02_logging: XY 189353 -4013460 -4539891[0m
[00:03:09.361,663] [0m<inf> exp02_logging: XY 189361 -5066033 -5000307[0m
[00:03:09.369,689] [0m<inf> exp02_logging: XY 189369 -4803059 -4474073[0m
[00:03:09.377,716] [0m<inf> exp02_logging: XY 189377 -4473905 -5000419[0m
[00:03:09.385,742] [0m<inf> exp02_logging: XY 189385 -5000293 -4868756[0m
[00:03:09.393,768] [0m<inf> exp02_logging: XY 189393 -3947583 -4605602[0m
[00:03:09.401,824] [0m<inf> exp02_logging: XY 189401 -5066034 -5000292[0m
[00:03:09.409,820] [0m<inf> exp02_logging: XY 189409 -4803014 -4473930[0m
[00:03:09.417,877] [0m<inf> exp02_logging: XY 189417 -4474048 -5000422[0m
[00:03:09.425,872] [0m<inf> exp02_logging: XY 189425 -5000284 -4868712[0m
[00:03:09.433,898] [0m<inf> exp02_logging: XY 189433 -3881754 -4671383[0m
[00:03:09.441,925] [0m<inf> exp02_logging: XY 189441 -5066025 -5000278[0m
[00:03:09.449,951] [0m<inf> exp02_logging: XY 189449 -4802950 -4408197[0m
[00:03:09.457,977] [0m<inf> exp02_logging: XY 189457 -4539724 -5000418[0m
[00:03:09.466,003] [0m<inf> exp02_logging: XY 189466 -5000261 -4868673[0m
[00:03:09.474,029] [0m<inf> exp02_logging: XY 189473 -3750289 -4737074[0m
[00:03:09.482,055] [0m<inf> exp02_logging: XY 189482 -5066014 -5000259[0m
[00:03:09.490,081] [0m<inf> exp02_logging: XY 189490 -4802897 -4342501[0m
[00:03:09.498,138] [0m<inf> exp02_logging: XY 189498 -4539871 -5000421[0m
[00:03:09.506,134] [0m<inf> exp02_logging: XY 189506 -5000249 -4868638[0m
[00:03:09.514,160] [0m<inf> exp02_logging: XY 189514 -3684364 -4737256[0m
[00:03:09.522,186] [0m<inf> exp02_logging: XY 189522 -5066007 -5000247[0m
[00:03:09.530,212] [0m<inf> exp02_logging: XY 189530 -4802839 -4342281[0m
[00:03:09.538,238] [0m<inf> exp02_logging: XY 189538 -4605487 -5000417[0m
[00:03:09.546,264] [0m<inf> exp02_logging: XY 189546 -5000230 -4803053[0m
[00:03:09.554,290] [0m<inf> exp02_logging: XY 189554 -3618686 -4802963[0m
[00:03:09.562,316] [0m<inf> exp02_logging: XY 189562 -5066001 -5000232[0m
[00:03:09.570,343] [0m<inf> exp02_logging: XY 189570 -4737259 -4276536[0m
[00:03:09.578,369] [0m<inf> exp02_logging: XY 189578 -4605582 -5000411[0m
[00:03:09.586,395] [0m<inf> exp02_logging: XY 189586 -5000212 -4803012[0m
[00:03:09.594,451] [0m<inf> exp02_logging: XY 189594 -3553010 -4868632[0m
[00:03:09.602,447] [0m<inf> exp02_logging: XY 189602 -5065992 -5000218[0m
[00:03:09.610,473] [0m<inf> exp02_logging: XY 189610 -4737203 -4210691[0m
[00:03:09.618,499] [0m<inf> exp02_logging: XY 189618 -4605673 -5000405[0m
[00:03:09.626,525] [0m<inf> exp02_logging: XY 189626 -4934646 -4802961[0m
[00:03:09.634,552] [0m<inf> exp02_logging: XY 189634 -3618584 -4868757[0m
[00:03:09.642,608] [0m<inf> exp02_logging: XY 189642 -5000448 -5000203[0m
[00:03:09.650,634] [0m<inf> exp02_logging: XY 189650 -4737165 -4079354[0m
[00:03:09.658,660] [0m<inf> exp02_logging: XY 189658 -4671320 -5000396[0m
[00:03:09.666,656] [0m<inf> exp02_logging: XY 189666 -4934622 -4802922[0m
[00:03:09.674,713] [0m<inf> exp02_logging: XY 189674 -3618705 -4934411[0m
[00:03:09.682,708] [0m<inf> exp02_logging: XY 189682 -5000439 -4934653[0m
[00:03:09.690,765] [0m<inf> exp02_logging: XY 189690 -4737114 -4079152[0m
[00:03:09.698,760] [0m<inf> exp02_logging: XY 189698 -4671420 -5000391[0m
[00:03:09.706,787] [0m<inf> exp02_logging: XY 189706 -4934585 -4802878[0m
[00:03:09.714,813] [0m<inf> exp02_logging: XY 189714 -3684392 -4934483[0m
[00:03:09.722,839] [0m<inf> exp02_logging: XY 189722 -5000425 -4934630[0m
[00:03:09.730,865] [0m<inf> exp02_logging: XY 189730 -4737084 -4013559[0m
[00:03:09.738,922] [0m<inf> exp02_logging: XY 189738 -4737099 -5000388[0m
[00:03:09.746,917] [0m<inf> exp02_logging: XY 189746 -4934564 -4802849[0m
[00:03:09.754,974] [0m<inf> exp02_logging: XY 189754 -3750240 -4934563[0m
[00:03:09.762,969] [0m<inf> exp02_logging: XY 189762 -5000417 -4934611[0m
[00:03:09.771,026] [0m<inf> exp02_logging: XY 189770 -4737031 -4079119[0m
[00:03:09.779,022] [0m<inf> exp02_logging: XY 189778 -4737265 -5000379[0m
[00:03:09.787,048] [0m<inf> exp02_logging: XY 189787 -4934529 -4737274[0m
[00:03:09.795,074] [0m<inf> exp02_logging: XY 189795 -3816004 -4934619[0m
[00:03:09.803,131] [0m<inf> exp02_logging: XY 189803 -5000413 -4934581[0m
[00:03:09.811,126] [0m<inf> exp02_logging: XY 189811 -4671442 -4079215[0m
[00:03:09.819,183] [0m<inf> exp02_logging: XY 189819 -4802955 -5000370[0m
[00:03:09.827,178] [0m<inf> exp02_logging: XY 189827 -4934507 -4737251[0m
[00:03:09.835,205] [0m<inf> exp02_logging: XY 189835 -3881830 -5000209[0m
[00:03:09.843,231] [0m<inf> exp02_logging: XY 189843 -5000413 -4934559[0m
[00:03:09.851,287] [0m<inf> exp02_logging: XY 189851 -4671315 -4079288[0m
[00:03:09.859,283] [0m<inf> exp02_logging: XY 189859 -4868660 -5000360[0m
[00:03:09.867,340] [0m<inf> exp02_logging: XY 189867 -4934478 -4737217[0m
[00:03:09.875,335] [0m<inf> exp02_logging: XY 189875 -3947595 -5000258[0m
[00:03:09.883,392] [0m<inf> exp02_logging: XY 189883 -5000406 -4934533[0m
[00:03:09.891,387] [0m<inf> exp02_logging: XY 189891 -4605663 -4144947[0m
[00:03:09.899,444] [0m<inf> exp02_logging: XY 189899 -4868813 -5000355[0m
[00:03:09.907,440] [0m<inf> exp02_logging: XY 189907 -4934455 -4737198[0m
[00:03:09.915,496] [0m<inf> exp02_logging: XY 189915 -4013397 -5000298[0m
[00:03:09.923,492] [0m<inf> exp02_logging: XY 189923 -5000400 -4934511[0m
[00:03:09.931,549] [0m<inf> exp02_logging: XY 189931 -4605480 -4145094[0m
[00:03:09.939,544] [0m<inf> exp02_logging: XY 189939 -4934511 -5000348[0m
[00:03:09.947,570] [0m<inf> exp02_logging: XY 189947 -4934428 -4737136[0m
[00:03:09.955,596] [0m<inf> exp02_logging: XY 189955 -4079202 -5000326[0m
[00:03:09.963,623] [0m<inf> exp02_logging: XY 189963 -5000393 -4934483[0m
[00:03:09.971,649] [0m<inf> exp02_logging: XY 189971 -4539780 -4210811[0m
[00:03:09.979,705] [0m<inf> exp02_logging: XY 189979 -4934604 -5000346[0m
[00:03:09.987,701] [0m<inf> exp02_logging: XY 189987 -4934404 -4737074[0m
[00:03:09.995,758] [0m<inf> exp02_logging: XY 189995 -4145038 -5000357[0m
[00:03:10.003,753] [0m<inf> exp02_logging: XY 190003 -5000390 -4934466[0m
[00:03:10.011,779] [0m<inf> exp02_logging: XY 190011 -4473967 -4276514[0m
[00:03:10.019,805] [0m<inf> exp02_logging: XY 190019 -5000252 -5000343[0m
[00:03:10.027,862] [0m<inf> exp02_logging: XY 190027 -4868836 -4671438[0m
[00:03:10.035,858] [0m<inf> exp02_logging: XY 190035 -4210790 -5000373[0m
[00:03:10.043,914] [0m<inf> exp02_logging: XY 190043 -5000374 -4934437[0m
[00:03:10.051,910] [0m<inf> exp02_logging: XY 190051 -4408197 -4276697[0m
[00:03:10.059,967] [0m<inf> exp02_logging: XY 190059 -5000332 -5000337[0m
[00:03:10.067,962] [0m<inf> exp02_logging: XY 190067 -4868808 -4671362[0m
[00:03:10.076,019] [0m<inf> exp02_logging: XY 190075 -4276543 -5000389[0m
[00:03:10.084,014] [0m<inf> exp02_logging: XY 190083 -5000361 -4934423[0m
[00:03:10.092,071] [0m<inf> exp02_logging: XY 190092 -4342374 -4342435[0m
[00:03:10.100,067] [0m<inf> exp02_logging: XY 190100 -5000398 -5000332[0m
[00:03:10.108,093] [0m<inf> exp02_logging: XY 190108 -4868761 -4605677[0m
[00:03:10.116,119] [0m<inf> exp02_logging: XY 190116 -4276703 -5000392[0m
[00:03:10.124,145] [0m<inf> exp02_logging: XY 190124 -5000345 -4868863[0m
[00:03:10.132,171] [0m<inf> exp02_logging: XY 190132 -4276588 -4408195[0m
[00:03:10.140,228] [0m<inf> exp02_logging: XY 190140 -5000447 -5000327[0m
[00:03:10.148,223] [0m<inf> exp02_logging: XY 190148 -4868720 -4605551[0m
[00:03:10.156,280] [0m<inf> exp02_logging: XY 190156 -4342412 -5000397[0m
[00:03:10.164,276] [0m<inf> exp02_logging: XY 190164 -5000332 -4868840[0m
[00:03:10.172,302] [0m<inf> exp02_logging: XY 190172 -4210711 -4473943[0m
[00:03:10.180,328] [0m<inf> exp02_logging: XY 190180 -5066011 -5000316[0m
[00:03:10.188,354] [0m<inf> exp02_logging: XY 190188 -4868665 -4539842[0m
[00:03:10.196,380] [0m<inf> exp02_logging: XY 190196 -4408104 -5000401[0m
[00:03:10.204,406] [0m<inf> exp02_logging: XY 190204 -5000310 -4868803[0m
[00:03:10.212,432] [0m<inf> exp02_logging: XY 190212 -4079353 -4539672[0m
[00:03:10.220,458] [0m<inf> exp02_logging: XY 190220 -5066019 -5000300[0m
[00:03:10.228,485] [0m<inf> exp02_logging: XY 190228 -4868620 -4539710[0m
[00:03:10.236,511] [0m<inf> exp02_logging: XY 190236 -4408261 -5000402[0m
[00:03:10.244,537] [0m<inf> exp02_logging: XY 190244 -5000295 -4868775[0m
[00:03:10.252,563] [0m<inf> exp02_logging: XY 190252 -4013360 -4605453[0m
[00:03:10.260,589] [0m<inf> exp02_logging: XY 190260 -5066019 -5000288[0m
[00:03:10.268,615] [0m<inf> exp02_logging: XY 190268 -4803032 -4474019[0m
[00:03:10.276,641] [0m<inf> exp02_logging: XY 190276 -4473902 -5000402[0m
[00:03:10.284,667] [0m<inf> exp02_logging: XY 190284 -5000277 -4868727[0m
[00:03:10.292,694] [0m<inf> exp02_logging: XY 190292 -3947542 -4605644[0m
[00:03:10.300,720] [0m<inf> exp02_logging: XY 190300 -5066014 -5000272[0m
[00:03:10.308,746] [0m<inf> exp02_logging: XY 190308 -4802994 -4473897[0m
[00:03:10.316,772] [0m<inf> exp02_logging: XY 190316 -4474062 -5000403[0m
[00:03:10.324,798] [0m<inf> exp02_logging: XY 190324 -5000265 -4868695[0m
[00:03:10.332,824] [0m<inf> exp02_logging: XY 190332 -3816014 -4671369[0m
[00:03:10.340,850] [0m<inf> exp02_logging: XY 190340 -5066008 -5000259[0m
[00:03:10.348,876] [0m<inf> exp02_logging: XY 190348 -4802927 -4408173[0m
[00:03:10.356,903] [0m<inf> exp02_logging: XY 190356 -4539870 -5000401[0m
[00:03:10.364,929] [0m<inf> exp02_logging: XY 190364 -5000245 -4868649[0m
[00:03:10.372,955] [0m<inf> exp02_logging: XY 190372 -3750207 -4737119[0m
[00:03:10.380,981] [0m<inf> exp02_logging: XY 190380 -5065994 -5000243[0m
[00:03:10.389,007] [0m<inf> exp02_logging: XY 190388 -4802874 -4342441[0m
[00:03:10.397,033] [0m<inf> exp02_logging: XY 190397 -4539869 -5000404[0m
[00:03:10.405,059] [0m<inf> exp02_logging: XY 190405 -5000232 -4868614[0m
[00:03:10.413,085] [0m<inf> exp02_logging: XY 190413 -3618783 -4802821[0m
[00:03:10.421,112] [0m<inf> exp02_logging: XY 190421 -5065990 -5000230[0m
[00:03:10.429,138] [0m<inf> exp02_logging: XY 190429 -4737277 -4276662[0m
[00:03:10.437,164] [0m<inf> exp02_logging: XY 190437 -4605502 -5000402[0m
[00:03:10.445,220] [0m<inf> exp02_logging: XY 190445 -5000212 -4803025[0m
[00:03:10.453,216] [0m<inf> exp02_logging: XY 190453 -3618626 -4802973[0m
[00:03:10.461,273] [0m<inf> exp02_logging: XY 190461 -5000448 -5000211[0m
[00:03:10.469,268] [0m<inf> exp02_logging: XY 190469 -4737239 -4210928[0m
[00:03:10.477,294] [0m<inf> exp02_logging: XY 190477 -4605573 -5000394[0m
[00:03:10.485,321] [0m<inf> exp02_logging: XY 190485 -4934655 -4802990[0m
[00:03:10.493,347] [0m<inf> exp02_logging: XY 190493 -3618591 -4868650[0m
[00:03:10.501,373] [0m<inf> exp02_logging: XY 190501 -5000441 -5000198[0m
[00:03:10.509,399] [0m<inf> exp02_logging: XY 190509 -4737176 -4145102[0m
[00:03:10.517,425] [0m<inf> exp02_logging: XY 190517 -4605684 -5000388[0m
[00:03:10.525,482] [0m<inf> exp02_logging: XY 190525 -4934625 -4802937[0m
[00:03:10.533,477] [0m<inf> exp02_logging: XY 190533 -3618627 -4868769[0m
[00:03:10.541,534] [0m<inf> exp02_logging: XY 190541 -5000431 -4934652[0m
[00:03:10.549,530] [0m<inf> exp02_logging: XY 190549 -4737142 -4079322[0m
[00:03:10.557,586] [0m<inf> exp02_logging: XY 190557 -4671304 -5000382[0m
[00:03:10.565,582] [0m<inf> exp02_logging: XY 190565 -4934602 -4802895[0m
[00:03:10.573,638] [0m<inf> exp02_logging: XY 190573 -3618717 -4934405[0m
[00:03:10.581,634] [0m<inf> exp02_logging: XY 190581 -5000423 -4934635[0m
[00:03:10.589,691] [0m<inf> exp02_logging: XY 190589 -4737088 -4079128[0m
[00:03:10.597,686] [0m<inf> exp02_logging: XY 190597 -4671423 -5000376[0m
[00:03:10.605,712] [0m<inf> exp02_logging: XY 190605 -4934566 -4802852[0m
[00:03:10.613,739] [0m<inf> exp02_logging: XY 190613 -3684544 -4934480[0m
[00:03:10.621,765] [0m<inf> exp02_logging: XY 190621 -5000412 -4934615[0m
[00:03:10.629,791] [0m<inf> exp02_logging: XY 190629 -4737051 -4013553[0m
[00:03:10.637,847] [0m<inf> exp02_logging: XY 190637 -4737140 -5000367[0m
[00:03:10.645,843] [0m<inf> exp02_logging: XY 190645 -4934542 -4802821[0m
[00:03:10.653,900] [0m<inf> exp02_logging: XY 190653 -3750295 -4934556[0m
[00:03:10.661,895] [0m<inf> exp02_logging: XY 190661 -5000400 -4934594[0m
[00:03:10.669,952] [0m<inf> exp02_logging: XY 190669 -4671464 -4079158[0m
[00:03:10.677,947] [0m<inf> exp02_logging: XY 190677 -4802832 -5000364[0m
[00:03:10.686,004] [0m<inf> exp02_logging: XY 190685 -4934512 -4737253[0m
[00:03:10.693,969] [0m<inf> exp02_logging: XY 190693 -3816136 -4934607[0m
[00:03:10.702,026] [0m<inf> exp02_logging: XY 190702 -5000399 -4934562[0m
[00:03:10.710,052] [0m<inf> exp02_logging: XY 190710 -4671403 -4079209[0m
[00:03:10.718,078] [0m<inf> exp02_logging: XY 190718 -4803007 -5000348[0m
[00:03:10.726,104] [0m<inf> exp02_logging: XY 190726 -4934487 -4737233[0m
[00:03:10.734,161] [0m<inf> exp02_logging: XY 190734 -3881912 -5000209[0m
[00:03:10.742,156] [0m<inf> exp02_logging: XY 190742 -5000391 -4934541[0m
[00:03:10.750,213] [0m<inf> exp02_logging: XY 190750 -4671282 -4079322[0m
[00:03:10.758,209] [0m<inf> exp02_logging: XY 190758 -4868674 -5000346[0m
[00:03:10.766,265] [0m<inf> exp02_logging: XY 190766 -4934458 -4737198[0m
[00:03:10.774,261] [0m<inf> exp02_logging: XY 190774 -3947632 -5000244[0m
[00:03:10.782,318] [0m<inf> exp02_logging: XY 190782 -5000390 -4934512[0m
[00:03:10.790,313] [0m<inf> exp02_logging: XY 190790 -4605624 -4144972[0m
[00:03:10.798,370] [0m<inf> exp02_logging: XY 190798 -4868830 -5000335[0m
[00:03:10.806,365] [0m<inf> exp02_logging: XY 190806 -4934432 -4737170[0m
[00:03:10.814,422] [0m<inf> exp02_logging: XY 190814 -4013466 -5000287[0m
[00:03:10.822,418] [0m<inf> exp02_logging: XY 190822 -5000386 -4934490[0m
[00:03:10.830,474] [0m<inf> exp02_logging: XY 190830 -4539898 -4145145[0m
[00:03:10.838,470] [0m<inf> exp02_logging: XY 190838 -4934496 -5000331[0m
[00:03:10.846,527] [0m<inf> exp02_logging: XY 190846 -4934408 -4737116[0m
[00:03:10.854,522] [0m<inf> exp02_logging: XY 190854 -4079286 -5000313[0m
[00:03:10.862,579] [0m<inf> exp02_logging: XY 190862 -5000379 -4934463[0m
[00:03:10.870,574] [0m<inf> exp02_logging: XY 190870 -4539733 -4210835[0m
[00:03:10.878,601] [0m<inf> exp02_logging: XY 190878 -4934602 -5000329[0m
[00:03:10.886,627] [0m<inf> exp02_logging: XY 190886 -4868847 -4737036[0m
[00:03:10.894,653] [0m<inf> exp02_logging: XY 190894 -4145128 -5000343[0m
[00:03:10.902,679] [0m<inf> exp02_logging: XY 190902 -5000369 -4934447[0m
[00:03:10.910,705] [0m<inf> exp02_logging: XY 190910 -4473914 -4276519[0m
[00:03:10.918,731] [0m<inf> exp02_logging: XY 190918 -5000249 -5000326[0m
[00:03:10.926,757] [0m<inf> exp02_logging: XY 190926 -4868818 -4671406[0m
[00:03:10.934,783] [0m<inf> exp02_logging: XY 190934 -4210808 -5000357[0m
[00:03:10.942,810] [0m<inf> exp02_logging: XY 190942 -5000357 -4934422[0m
[00:03:10.950,836] [0m<inf> exp02_logging: XY 190950 -4408135 -4276734[0m
[00:03:10.958,892] [0m<inf> exp02_logging: XY 190958 -5000335 -5000323[0m
[00:03:10.966,888] [0m<inf> exp02_logging: XY 190966 -4868786 -4671319[0m
[00:03:10.974,945] [0m<inf> exp02_logging: XY 190974 -4276573 -5000374[0m
[00:03:10.982,940] [0m<inf> exp02_logging: XY 190982 -5000338 -4934408[0m
[00:03:10.990,997] [0m<inf> exp02_logging: XY 190990 -4342296 -4342437[0m
[00:03:10.998,992] [0m<inf> exp02_logging: XY 190998 -5000392 -5000318[0m
[00:03:11.007,019] [0m<inf> exp02_logging: XY 191007 -4868736 -4605638[0m
[00:03:11.015,045] [0m<inf> exp02_logging: XY 191015 -4276732 -5000379[0m
[00:03:11.023,071] [0m<inf> exp02_logging: XY 191023 -5000329 -4868840[0m
[00:03:11.031,097] [0m<inf> exp02_logging: XY 191031 -4276539 -4408220[0m
[00:03:11.039,123] [0m<inf> exp02_logging: XY 191039 -5000439 -5000307[0m
[00:03:11.047,149] [0m<inf> exp02_logging: XY 191047 -4868700 -4605520[0m
[00:03:11.055,175] [0m<inf> exp02_logging: XY 191055 -4342439 -5000379[0m
[00:03:11.063,201] [0m<inf> exp02_logging: XY 191063 -5000314 -4868817[0m
[00:03:11.071,258] [0m<inf> exp02_logging: XY 191071 -4145104 -4473983[0m
[00:03:11.079,254] [0m<inf> exp02_logging: XY 191079 -5066000 -5000297[0m
[00:03:11.087,310] [0m<inf> exp02_logging: XY 191087 -4868642 -4539795[0m
[00:03:11.095,306] [0m<inf> exp02_logging: XY 191095 -4408144 -5000385[0m
[00:03:11.103,363] [0m<inf> exp02_logging: XY 191103 -5000295 -4868781[0m
[00:03:11.111,358] [0m<inf> exp02_logging: XY 191111 -4079278 -4539699[0m
[00:03:11.119,415] [0m<inf> exp02_logging: XY 191119 -5066003 -5000281[0m
[00:03:11.127,410] [0m<inf> exp02_logging: XY 191127 -4803066 -4539683[0m
[00:03:11.135,467] [0m<inf> exp02_logging: XY 191135 -4408265 -5000387[0m
[00:03:11.143,463] [0m<inf> exp02_logging: XY 191143 -5000278 -4868750[0m
[00:03:11.151,519] [0m<inf> exp02_logging: XY 191151 -3947742 -4605462[0m
[00:03:11.159,515] [0m<inf> exp02_logging: XY 191159 -5066001 -5000270[0m
[00:03:11.167,541] [0m<inf> exp02_logging: XY 191167 -4803010 -4473987[0m
[00:03:11.175,567] [0m<inf> exp02_logging: XY 191175 -4474073 -5000385[0m
[00:03:11.183,593] [0m<inf> exp02_logging: XY 191183 -5000255 -4868711[0m
[00:03:11.191,619] [0m<inf> exp02_logging: XY 191191 -3881904 -4605685[0m
[00:03:11.199,645] [0m<inf> exp02_logging: XY 191199 -5065998 -5000254[0m
[00:03:11.207,672] [0m<inf> exp02_logging: XY 191207 -4802963 -4408311[0m
[00:03:11.215,698] [0m<inf> exp02_logging: XY 191215 -4474097 -5000385[0m
[00:03:11.223,724] [0m<inf> exp02_logging: XY 191223 -5000246 -4868669[0m
[00:03:11.231,750] [0m<inf> exp02_logging: XY 191231 -3750385 -4671428[0m
[00:03:11.239,776] [0m<inf> exp02_logging: XY 191239 -5065987 -5000239[0m
[00:03:11.247,802] [0m<inf> exp02_logging: XY 191247 -4802903 -4408112[0m
[00:03:11.255,828] [0m<inf> exp02_logging: XY 191255 -4539770 -5000385[0m
[00:03:11.263,854] [0m<inf> exp02_logging: XY 191263 -5000229 -4868622[0m
[00:03:11.271,881] [0m<inf> exp02_logging: XY 191271 -3684593 -4737127[0m
[00:03:11.279,907] [0m<inf> exp02_logging: XY 191279 -5000443 -5000226[0m
[00:03:11.287,933] [0m<inf> exp02_logging: XY 191287 -4802849 -4342386[0m
[00:03:11.295,959] [0m<inf> exp02_logging: XY 191295 -4539881 -5000388[0m
[00:03:11.303,985] [0m<inf> exp02_logging: XY 191303 -5000212 -4803050[0m
[00:03:11.312,011] [0m<inf> exp02_logging: XY 191312 -3618732 -4802845[0m
[00:03:11.320,037] [0m<inf> exp02_logging: XY 191320 -5000435 -5000212[0m
[00:03:11.328,063] [0m<inf> exp02_logging: XY 191328 -4737256 -4276602[0m
[00:03:11.336,090] [0m<inf> exp02_logging: XY 191336 -4605506 -5000386[0m
[00:03:11.344,116] [0m<inf> exp02_logging: XY 191344 -4934654 -4803002[0m
[00:03:11.352,142] [0m<inf> exp02_logging: XY 191352 -3618577 -4802990[0m
[00:03:11.360,168] [0m<inf> exp02_logging: XY 191360 -5000431 -5000193[0m
[00:03:11.368,255] [0m<inf> exp02_logging: XY 191368 -4737211 -4210756[0m
[00:03:11.376,220] [0m<inf> exp02_logging: XY 191376 -4605600 -5000380[0m
[00:03:11.384,216] [0m<inf> exp02_logging: XY 191384 -4934634 -4802965[0m
[00:03:11.392,303] [0m<inf> exp02_logging: XY 191392 -3552999 -4868661[0m
[00:03:11.400,299] [0m<inf> exp02_logging: XY 191400 -5000426 -4934646[0m
[00:03:11.408,355] [0m<inf> exp02_logging: XY 191408 -4737151 -4145025[0m
[00:03:11.416,351] [0m<inf> exp02_logging: XY 191416 -4671248 -5000372[0m
[00:03:11.424,377] [0m<inf> exp02_logging: XY 191424 -4934605 -4802911[0m
[00:03:11.432,403] [0m<inf> exp02_logging: XY 191432 -3618741 -4868777[0m
[00:03:11.440,429] [0m<inf> exp02_logging: XY 191440 -5000414 -4934630[0m
[00:03:11.448,455] [0m<inf> exp02_logging: XY 191448 -4737119 -4079283[0m
[00:03:11.456,481] [0m<inf> exp02_logging: XY 191456 -4671312 -5000368[0m
[00:03:11.464,508] [0m<inf> exp02_logging: XY 191464 -4934580 -4802874[0m
[00:03:11.472,534] [0m<inf> exp02_logging: XY 191472 -3618768 -4934422[0m

# end=2026-10-01T22:06:59.8331944+03:00
