t_ms,raw_x,raw_y,phase
2837338,-8355840,-6710883,rest
2837346,-8355840,-8355840,rest
2837354,-8355840,-8355840,rest
2837362,-4276719,-8355840,rest
2837370,-8355840,-8355840,rest
2837378,-8355840,-5987247,rest
2837386,-8355840,-8355840,rest
2837394,-8355840,-8355840,rest
2837402,-3881895,-8355840,rest
2837410,-8355840,-8355840,rest
2837418,-8355840,-6052989,rest
2837426,-8355840,-8355840,rest
2837434,-8355840,-8355840,rest
2837442,-3289842,-8355840,rest
2837450,-8355840,-8355840,rest
2837458,-8355840,-5724108,rest
2837466,-8355840,-8355840,rest
2837474,-8355840,-8355840,rest
2837482,-2829269,-8355840,rest
2837490,-8355840,-8355840,rest
2837498,-8355840,-3750165,rest
2837506,-8355840,-8355840,rest
2837514,-8355840,-8355840,rest
2837522,-2368702,-8355840,rest
2837530,-8355840,-8355840,rest
2837538,-8355840,-3092263,rest
2837546,-8355840,-8355840,rest
2837554,-8355840,-8355840,rest
2837562,-2105400,-8355840,rest
2837571,-8355840,-8355840,rest
2837578,-8355840,-2500302,rest
2837587,-8355840,-8355840,rest
2837595,-8355840,-8355840,rest
2837602,-1776419,-8355840,rest
2837611,-8355840,-8355840,rest
2837619,-8355840,-2039729,rest
2837627,-8355840,-8355840,rest
2837634,-8355840,-8355840,rest
2837643,-1644922,-8355840,rest
2837651,-8355840,-8355840,rest
2837659,-8355840,-1710848,rest
2837667,-8355840,-8355840,rest
2837675,-8355840,-8355840,rest
2837683,-2105503,-8355840,rest
2837691,-8355840,-8355840,rest
2837699,-8355840,-2039797,rest
2837707,-8355840,-8355840,rest
2837715,-8355840,-8355840,rest
2837723,-2500334,-8355840,rest
2837731,-8355840,-8355840,rest
2837739,-8355840,-2237000,rest
2837747,-8355840,-8355840,rest
2837755,-8355840,-8355840,rest
2837763,-2960787,-8355840,rest
2837771,-8355840,-8355840,rest
2837779,-8355840,-2500334,rest
2837787,-8355840,-8355840,rest
2837795,-8355840,-8355840,rest
2837803,-3289785,-8355840,rest
2837811,-8355840,-8355840,rest
2837819,-8355840,-2895039,rest
2837827,-8355840,-8355840,rest
2837836,-8355840,-8355840,rest
2837843,-3684532,-8355840,rest
2837851,-8355840,-8355840,rest
2837859,-8158431,-3289785,rest
2837868,-8355840,-8355840,rest
2837875,-8355840,-8355840,rest
2837883,-4210776,-8355840,rest
2837891,-8355840,-8355840,rest
2837899,-7697889,-3750238,rest
2837908,-8355840,-8355840,rest
2837915,-8355840,-8355840,rest
2837924,-4539901,-8355840,rest
2837932,-8355840,-8355840,rest
2837940,-7237189,-4210733,rest
2837948,-8355840,-8355840,rest
2837956,-8355840,-8355728,rest
2837964,-5000269,-8355840,rest
2837972,-8355840,-8355840,rest
2837980,-6579393,-4539859,rest
2837988,-8355840,-8355840,rest
2837996,-8355840,-7500407,rest
2838004,-5197770,-8355840,rest
2838012,-8355840,-8355840,rest
2838020,-6118865,-4605608,rest
2838028,-8355840,-8355840,rest
2838036,-8355840,-7105773,rest
2838044,-5658350,-8355840,rest
2838052,-8355840,-8355840,rest
2838060,-5263528,-5395058,rest
2838068,-8355840,-8355840,rest
2838076,-8355840,-6184568,rest
2838084,-6053097,-8355840,rest
2838092,-8355840,-8355840,rest
2838100,-5000227,-5395058,rest
2838108,-8355840,-8355840,rest
2838116,-8355840,-6052934,rest
2838124,-6447674,-8355840,rest
2838132,-8355840,-8355840,rest
2838140,-4210917,-6118676,rest
2838148,-8355840,-8355840,rest
2838156,-8355840,-5592556,rest
2838164,-6776629,-8355840,rest
2838172,-8355840,-8355840,rest
2838181,-3355461,-6776629,rest
2838188,-8355840,-8355840,rest
2838196,-8355840,-4868676,rest
2838205,-6842420,-8355840,rest
2838212,-8355840,-8355840,rest
2838221,-3092295,-6776757,rest
2838229,-8355840,-8355840,rest
2838237,-8355840,-4342471,rest
2838245,-8355701,-8355840,rest
2838253,-8355840,-8355840,rest
2838261,-3158180,-7039794,rest
2838269,-8355840,-8355840,rest
2838277,-8355840,-3881984,rest
2838285,-8355840,-8355840,rest
2838293,-8355840,-8355840,rest
2838301,-2894856,-8355840,rest
2838309,-8355840,-8355840,rest
2838317,-8355840,-3881984,rest
2838325,-8355786,-8355840,rest
2838333,-8355840,-8355840,rest
2838341,-2500222,-8355828,rest
2838349,-8355840,-8355840,rest
2838357,-8355840,-3289849,rest
2838365,-8355840,-8355840,rest
2838373,-8355840,-8355840,rest
2838381,-2368522,-8355840,rest
2838389,-8355840,-8355840,rest
2838397,-8355840,-2829122,rest
2838405,-8355840,-8355840,rest
2838413,-8355840,-8355840,rest
2838421,-1973866,-8355840,rest
2838429,-8355840,-8355840,rest
2838437,-8355840,-2895074,rest
2838445,-8355840,-8355840,rest
2838453,-8355840,-8355840,rest
2838461,-1579076,-8355840,rest
2838469,-8355840,-8355840,rest
2838477,-8355840,-2236988,rest
2838486,-8355840,-8355840,rest
2838493,-8355840,-8355840,rest
2838501,-1316085,-8355840,rest
2838509,-8355840,-8355840,rest
2838518,-8355840,-1447546,rest
2838526,-8355840,-8355840,rest
2838533,-8355840,-8355840,rest
2838542,-1381832,-8355840,rest
2838550,-8355840,-8355840,rest
2838558,-8355840,-1513419,rest
2838565,-8355840,-8355840,rest
2838574,-8355840,-8355840,rest
2838582,-1710841,-8355840,rest
2838590,-8355840,-8355840,rest
2838598,-8355840,-1381789,rest
2838606,-8355840,-8355840,rest
2838614,-8355840,-8355840,rest
2838622,-1974006,-8355840,rest
2838630,-8355840,-8355840,rest
2838638,-8355840,-1908002,rest
2838646,-8355840,-8355840,rest
2838654,-8355840,-8355840,rest
2838662,-2500164,-8355840,rest
2838670,-8355840,-8355840,rest
2838678,-8355840,-2237127,rest
2838686,-8355840,-8355840,rest
2838694,-8355840,-8355840,rest
2838702,-2894911,-8355840,rest
2838710,-8355840,-8355840,rest
2838718,-8355840,-2500249,rest
2838726,-8355840,-8355840,rest
2838734,-8355840,-8355840,rest
2838742,-3355576,-8355840,rest
2838750,-8355840,-8355840,rest
2838758,-8355840,-2895039,rest
2838766,-8355840,-8355840,rest
2838774,-8355840,-8355840,rest
2838782,-3552950,-8355840,rest
2838790,-8355840,-8355840,rest
2838799,-8355719,-3815944,rest
2838806,-8355840,-8355840,rest
2838814,-8355840,-8355840,rest
2838823,-4079279,-8355840,rest
2838830,-8355840,-8355840,rest
2838839,-8092633,-4013530,rest
2838846,-8355840,-8355840,rest
2838854,-8355840,-8355840,rest
2838863,-4605480,-8355840,rest
2838871,-8355840,-8355840,rest
2838879,-7697746,-4276609,rest
2838887,-8355840,-8355840,rest
2838895,-8355840,-8355840,rest
2838903,-5000354,-8355840,rest
2838911,-8355840,-8355840,rest
2838919,-7368713,-4737147,rest
2838927,-8355840,-8355840,rest
2838935,-8355840,-8355840,rest
2838943,-5460764,-8355840,rest
2838951,-8355840,-8355840,rest
2838959,-6908258,-5263434,rest
2838967,-8355840,-8355840,rest
2838975,-8355840,-8158438,rest
2838983,-5855554,-8355840,rest
2838991,-8355840,-8355840,rest
2838999,-6316215,-5921302,rest
2839007,-8355840,-8355840,rest
2839015,-8355840,-7895072,rest
2839023,-6053012,-8355840,rest
2839031,-8355840,-8355840,rest
2839039,-6118689,-5987221,rest
2839047,-8355840,-8355840,rest
2839055,-8355840,-6842600,rest
2839063,-6710923,-8355840,rest
2839071,-8355840,-8355840,rest
2839079,-5855717,-5921472,rest
2839087,-8355840,-8355840,rest
2839095,-8355840,-6776822,rest
2839103,-7105542,-8355840,rest
2839112,-8355840,-8355840,rest
2839119,-5263503,-6579341,rest
2839128,-8355840,-8355840,rest
2839135,-8355840,-6645193,rest
2839143,-8289825,-8355840,rest
2839152,-8355840,-8355840,rest
2839160,-4934598,-7237337,rest
2839168,-8355840,-8355840,rest
2839176,-8355840,-6052866,rest
2839184,-8355786,-8355840,rest
2839192,-8355840,-8355840,rest
2839200,-4605596,-8289825,rest
2839208,-8355840,-8355840,rest
2839216,-8355840,-5395007,rest
2839224,-8355840,-8355840,rest
2839232,-8355840,-8355840,rest
2839240,-4079171,-8355786,rest
2839248,-8355840,-8355840,rest
2839256,-8355840,-4802987,rest
2839264,-8355840,-8355840,rest
2839272,-8355840,-8355840,rest
2839280,-3618689,-8355840,rest
2839288,-8355840,-8355840,rest
2839296,-8355840,-4276662,rest
2839304,-8355840,-8355840,rest
2839312,-8355840,-8355840,rest
2839320,-3092441,-8355840,rest
2839328,-8355840,-8355840,rest
2839336,-8355840,-3355565,rest
2839344,-8355840,-8355840,rest
2839352,-8355840,-8355840,rest
2839360,-2566018,-8355840,rest
2839368,-8355840,-8355840,rest
2839376,-8355840,-3289613,rest
2839384,-8355840,-8355840,rest
2839392,-8355840,-8355840,rest
2839400,-2105484,-8355840,rest
2839409,-8355840,-8355840,rest
2839416,-8355840,-2631720,rest
2839424,-8355840,-8355840,rest
2839432,-8355840,-8355840,rest
2839440,-1776387,-8355840,rest
2839449,-8355840,-8355840,rest
2839457,-8355840,-1644885,rest
2839465,-8355840,-8355840,rest
2839473,-8355840,-8355840,rest
2839481,-1316017,-8355840,rest
2839489,-8355840,-8355840,rest
2839497,-8355840,-1447582,rest
2839505,-8355840,-8355840,rest
2839513,-8355840,-8355840,rest
2839521,-1644804,-8355840,rest
2839529,-8355840,-8355840,rest
2839537,-8355840,-1381750,rest
2839545,-8355840,-8355840,rest
2839553,-8355840,-8355840,rest
2839561,-1973793,-8355840,rest
2839569,-8355840,-8355840,rest
2839577,-8355840,-1579227,rest
2839585,-8355840,-8355840,rest
2839593,-8355840,-8355840,rest
2839601,-2171379,-8355840,rest
2839609,-8355840,-8355840,rest
2839617,-8355840,-2105545,rest
2839625,-8355840,-8355840,rest
2839633,-8355840,-8355840,rest
2839641,-2829120,-8355840,rest
2839649,-8355840,-8355840,rest
2839657,-8355709,-2566126,rest
2839665,-8355840,-8355840,rest
2839673,-8355840,-8355840,rest
2839681,-3223867,-8355840,rest
2839689,-8355840,-8355840,rest
2839697,-8158394,-2960787,rest
2839706,-8355840,-8355840,rest
2839713,-8355840,-8355840,rest
2839722,-3487116,-8355840,rest
2839729,-8355840,-8355840,rest
2839738,-7763643,-3355406,rest
2839745,-8355840,-8355840,rest
2839753,-8355840,-8355840,rest
2839762,-4079109,-8355840,rest
2839770,-8355840,-8355840,rest
2839778,-6710959,-3618698,rest
2839786,-8355840,-8355840,rest
2839793,-8355840,-7895075,rest
2839802,-4145027,-8355840,rest
2839810,-8355840,-8355840,rest
2839818,-5723950,-4079109,rest
2839826,-8355840,-8355840,rest
2839834,-8355840,-6513552,rest
2839842,-4079236,-8355840,rest
2839850,-8355840,-8355840,rest
2839858,-4145017,-4210903,rest
2839866,-8355840,-8355840,rest
2839874,-8355840,-5066009,rest
2839882,-4210861,-8355840,rest
2839890,-8355840,-8355840,rest
2839898,-1710769,-4079151,rest
2839906,-8355840,-8355840,rest
2839914,-8355840,-1776529,rest
2839922,-4737105,-8355840,rest
2839930,-8355840,-8355840,rest
2839938,-789608,-3881863,rest
2839946,-8355840,-8355840,rest
2839954,-8355840,-592193,rest
2839962,-5000227,-8355840,rest
2839970,-8355840,-8355840,rest
2839978,-131739,-4408277,rest
2839986,-8355840,-8355840,rest
2839994,-6908376,-65847,rest
2840002,-5460977,-8355840,rest
2840010,-8355840,-6645061,rest
2840019,-29,-5197770,rest
2840026,-8355840,-8355840,rest
2840035,-5658133,-109,rest
2840042,-5724099,-8355840,rest
2840050,-8355840,-6513452,rest
2840059,4,-5329225,rest
2840067,-8355840,-8355840,rest
2840075,-5066140,-79,rest
2840083,-6316091,-8355840,rest
2840091,-8355840,-5592379,rest
2840098,-39,-5395143,rest
2840107,-8355840,-8355840,rest
2840115,-4802930,-126,rest
2840123,-6645217,-8355840,rest
2840131,-8355840,-5526608,rest
2840139,-115,-6447759,rest
2840147,-8355840,-8355840,rest
2840155,-5263543,-263337,rest
2840163,-7237295,-8355840,rest
2840171,-8355840,-7500353,rest
2840179,-592154,-6645175,rest
2840187,-8355840,-8355840,rest
2840195,-7368855,-789671,rest
2840203,-8224246,-8355840,rest
2840211,-8355840,-8224155,rest
2840219,-658156,-8224204,rest
2840227,-8355840,-8355840,rest
2840235,-7566253,-855371,rest
2840243,-8355840,-8355840,rest
2840251,-8355840,-8355783,rest
2840259,-789596,-8290037,rest
2840267,-8355840,-8355840,rest
2840275,-7763519,-921095,rest
2840284,-8355840,-8355840,rest
2840291,-8355840,-8355707,rest
2840299,-789731,-8355658,rest
2840307,-8355840,-8355840,rest
2840315,-7697821,-921202,rest
2840324,-8355840,-8355840,rest
2840331,-8355840,-8355830,rest
2840340,-789718,-8355840,rest
2840347,-8355840,-8355840,rest
2840356,-7763647,-921294,rest
2840363,-8355840,-8355840,rest
2840371,-8355840,-8355672,rest
2840380,-1052732,-8355840,rest
2840388,-8355840,-8355840,rest
2840396,-7829342,-1184390,rest
2840403,-8355840,-8355840,rest
2840412,-8355840,-8355731,rest
2840420,-921110,-8355840,rest
2840428,-8355840,-8355840,rest
2840436,-7960945,-1118718,rest
2840444,-8355840,-8355840,rest
2840452,-8355840,-8355758,rest
2840460,-1118547,-8355840,rest
2840468,-8355840,-8355840,rest
2840476,-7960906,-1184299,rest
2840484,-8355840,-8355840,rest
2840492,-8355840,-8355840,rest
2840500,-1842296,-8355840,rest
2840508,-8355840,-8355840,rest
2840516,-7960877,-1381786,rest
2840524,-8355840,-8355840,rest
2840532,-8355840,-8355840,rest
2840540,-2105418,-8355840,rest
2840548,-8355840,-8355840,rest
2840556,-8026878,-1842296,rest
2840564,-8355840,-8355840,rest
2840572,-8355840,-8355840,rest
2840580,-2697580,-8355840,rest
2840588,-8355840,-8355840,rest
2840596,-8224045,-2302876,rest
2840604,-8355840,-8355840,rest
2840612,-8355840,-8355840,rest
2840620,-3092412,-8355840,rest
2840628,-8355840,-8355840,rest
2840636,-8355643,-2697580,rest
2840645,-8355840,-8355840,rest
2840652,-8355840,-8355840,rest
2840660,-3552822,-8355840,rest
2840669,-8355840,-8355840,rest
2840677,-8224224,-3158203,rest
2840685,-8355840,-8355840,rest
2840692,-8355840,-8355840,rest
2840701,-3815987,-8355840,rest
2840709,-8355840,-8355840,rest
2840717,-8026666,-3750153,rest
2840725,-8355840,-8355840,rest
2840733,-8355840,-8355840,rest
2840741,-4342316,-8355840,rest
2840749,-8355840,-8355840,rest
2840757,-7697705,-4276524,rest
2840765,-8355840,-8355840,rest
2840773,-8355840,-8355840,rest
2840781,-4605693,-8355840,rest
2840789,-8355840,-8355840,rest
2840797,-7237325,-4474068,rest
2840805,-8355840,-8355840,rest
2840813,-8355840,-8355617,rest
2840821,-5066230,-8355840,rest
2840829,-8355840,-8355840,rest
2840837,-6842416,-4737190,rest
2840845,-8355840,-8355840,rest
2840853,-8355840,-7829350,rest
2840861,-5526726,-8355840,rest
2840869,-8355840,-8355840,rest
2840877,-6579369,-4934606,rest
2840885,-8355840,-8355840,rest
2840893,-8355840,-7368738,rest
2840901,-6184552,-8355840,rest
2840909,-8355840,-8355840,rest
2840917,-6118870,-5724099,rest
2840925,-8355840,-8355840,rest
2840933,-8355840,-7434501,rest
2840941,-6382053,-8355840,rest
2840949,-8355840,-8355840,rest
2840958,-5592408,-6382010,rest
2840965,-8355840,-8355840,rest
2840973,-8355840,-6908329,rest
2840981,-6645089,-8355840,rest
2840989,-8355840,-8355840,rest
2840998,-5329205,-6381883,rest
2841006,-8355840,-8355840,rest
2841014,-8355840,-6250247,rest
2841022,-8092494,-8355840,rest
2841030,-8355840,-8355840,rest
2841038,-5000405,-6447716,rest
2841046,-8355840,-8355840,rest
2841054,-8355840,-5855592,rest
2841062,-8355743,-8355840,rest
2841070,-8355840,-8355840,rest
2841078,-4473945,-7237167,rest
2841086,-8355840,-8355840,rest
2841094,-8355840,-5395129,rest
2841102,-8355840,-8355840,rest
2841110,-8355840,-8355840,rest
2841118,-4013325,-8289995,rest
2841126,-8355840,-8355840,rest
2841134,-8355840,-4934567,rest
2841142,-8355840,-8355840,rest
2841150,-8355840,-8355840,rest
2841158,-3816033,-8355828,rest
2841166,-8355840,-8355840,rest
2841174,-8355840,-4079253,rest
2841182,-8355840,-8355840,rest
2841190,-8355840,-8355840,rest
2841198,-3289744,-8355840,rest
2841206,-8355840,-8355840,rest
2841214,-8355840,-3816105,rest
2841222,-8355840,-8355840,rest
2841230,-8355840,-8355840,rest
2841239,-2829153,-8355840,rest
2841246,-8355840,-8355840,rest
2841255,-8355840,-3355481,rest
2841262,-8355840,-8355840,rest
2841270,-8355840,-8355840,rest
2841278,-2434321,-8355840,rest
2841287,-8355840,-8355840,rest
2841294,-8355840,-3092318,rest
2841303,-8355840,-8355840,rest
2841311,-8355840,-8355840,rest
2841319,-1842371,-8355840,rest
2841327,-8355840,-8355840,rest
2841335,-8355840,-2566077,rest
2841343,-8355840,-8355840,rest
2841351,-8355840,-8355840,rest
2841359,-1579070,-8355840,rest
2841367,-8355840,-8355840,rest
2841375,-8355840,-1776567,rest
2841383,-8355840,-8355840,rest
2841391,-8355840,-8355840,rest
2841399,-1447466,-8355840,rest
2841407,-8355840,-8355840,rest
2841415,-8355840,-1513284,rest
2841423,-8355840,-8355840,rest
2841431,-8355840,-8355840,rest
2841439,-1710799,-8355840,rest
2841447,-8355840,-8355840,rest
2841455,-8355840,-1579044,rest
2841463,-8355840,-8355840,rest
2841471,-8355840,-8355840,rest
2841479,-2237042,-8355840,rest
2841487,-8355840,-8355840,rest
2841495,-8355840,-2302834,rest
2841503,-8355840,-8355840,rest
2841511,-8355840,-8355840,rest
2841519,-2566083,-8355840,rest
2841527,-8355840,-8355840,rest
2841536,-8355840,-2500334,rest
2841543,-8355840,-8355840,rest
2841551,-8355840,-8355840,rest
2841559,-3026536,-8355840,rest
2841568,-8355840,-8355840,rest
2841575,-8355840,-2631747,rest
2841584,-8355840,-8355840,rest
2841591,-8355840,-8355840,rest
2841600,-3421240,-8355840,rest
2841608,-8355840,-8355840,rest
2841616,-8158374,-3026451,rest
2841624,-8355840,-8355840,rest
2841631,-8355840,-8355840,rest
2841640,-3750323,-8355840,rest
2841648,-8355840,-8355840,rest
2841656,-7631930,-3355406,rest
2841664,-8355840,-8355840,rest
2841672,-8355840,-8355840,rest
2841680,-4013360,-8355840,rest
2841688,-8355840,-8355840,rest
2841696,-7105623,-4079236,rest
2841704,-8355840,-8355840,rest
2841712,-8355840,-8224177,rest
2841720,-4473940,-8355840,rest
2841728,-8355840,-8355840,rest
2841736,-6513539,-4145070,rest
2841744,-8355840,-8355840,rest
2841752,-8355840,-6710859,rest
2841760,-5066230,-8355840,rest
2841768,-8355840,-8355840,rest
2841776,-6052884,-4210818,rest
2841784,-8355840,-8355840,rest
2841792,-8355840,-7105701,rest
2841800,-5263519,-8355840,rest
2841808,-8355840,-8355840,rest
2841816,-5131952,-4934478,rest
2841824,-8355840,-8355840,rest
2841832,-8355840,-6776813,rest
2841840,-5592517,-8355840,rest
2841848,-8355840,-8355840,rest
2841856,-4737043,-5460977,rest
2841865,-8355840,-8355840,rest
2841872,-8355840,-5855576,rest
2841881,-5526598,-8355840,rest
2841888,-8355840,-8355840,rest
2841896,-4145142,-5395058,rest
2841904,-8355840,-8355840,rest
2841913,-8355840,-4802876,rest
2841920,-6250385,-8355840,rest
2841929,-8355840,-8355840,rest
2841937,-3421387,-6250258,rest
2841945,-8355840,-8355840,rest
2841953,-8355840,-4671250,rest
2841961,-6250470,-8355840,rest
2841969,-8355840,-8355840,rest
2841977,-921194,-6118676,rest
2841985,-8355840,-8355840,rest
2841993,-8355840,-2829284,rest
2842001,-6579298,-8355840,rest
2842009,-8355840,-8355840,rest
2842017,-921307,-6579426,rest
2842025,-8355840,-8355840,rest
2842033,-8355840,-2631817,rest
2842041,-8289995,-8355840,rest
2842049,-8355840,-8355840,rest
2842057,-921109,-6974045,rest
2842065,-8355840,-8355840,rest
2842073,-8355840,-921279,rest
2842081,-8289825,-8355840,rest
2842089,-8355840,-8355840,rest
2842097,-855304,-6974088,rest
2842105,-8355840,-8355840,rest
2842114,-8289866,-921249,rest
2842121,-8355701,-8355840,rest
2842129,-8355840,-8355840,rest
2842137,-789597,-7237295,rest
2842145,-8355840,-8355840,rest
2842153,-7829311,-855433,rest
2842161,-8355828,-8355840,rest
2842169,-8355840,-8158262,rest
2842178,-723776,-8355840,rest
2842185,-8355840,-8355840,rest
2842193,-7105650,-789692,rest
2842201,-8355840,-8355840,rest
2842210,-8355840,-7303042,rest
2842218,-658111,-8355840,rest
2842225,-8355840,-8355840,rest
2842234,-6579407,-789753,rest
2842241,-8355840,-8355840,rest
2842250,-8355840,-7434622,rest
2842258,-723733,-8355840,rest
2842266,-8355840,-8355840,rest
2842274,-6710987,-789741,rest
2842282,-8355840,-8355840,rest
2842290,-8355840,-7632112,rest
2842298,-789567,-8355840,rest
2842306,-8355840,-8355840,rest
2842314,-6842524,-921256,rest
2842322,-8355840,-8355840,rest
2842330,-8355840,-7763515,rest
2842338,-855545,-8355840,rest
2842346,-8355840,-8355840,rest
2842354,-7302976,-921104,rest
2842362,-8355840,-8355840,rest
2842370,-8355840,-8026853,rest
2842378,-921212,-8355840,rest
2842386,-8355840,-8355840,rest
2842394,-7566223,-1052872,rest
2842402,-8355840,-8355840,rest
2842410,-8355840,-8092618,rest
2842418,-1579174,-8355840,rest
2842426,-8355840,-8355840,rest
2842434,-7697744,-1579131,rest
2842443,-8355840,-8355840,rest
2842450,-8355840,-8224212,rest
2842458,-2105588,-8355840,rest
2842466,-8355840,-8355840,rest
2842474,-7829419,-1579224,rest
2842482,-8355840,-8355840,rest
2842491,-8355840,-8355599,rest
2842499,-2500334,-8355840,rest
2842506,-8355840,-8355840,rest
2842515,-7829436,-2500164,rest
2842522,-8355840,-8355840,rest
2842531,-8355840,-8355840,rest
2842539,-3026663,-8355840,rest
2842547,-8355840,-8355840,rest
2842555,-7960917,-2895081,rest
2842563,-8355840,-8355840,rest
2842571,-8355840,-8355840,rest
2842579,-3487074,-8355840,rest
2842587,-8355840,-8355840,rest
2842595,-8026772,-3355449,rest
2842603,-8355840,-8355840,rest
2842611,-8355840,-8355840,rest
2842619,-4013402,-8355840,rest
2842627,-8355840,-8355840,rest
2842635,-7829364,-3816072,rest
2842643,-8355840,-8355840,rest
2842651,-8355840,-8355840,rest
2842659,-4342443,-8355840,rest
2842667,-8355840,-8355840,rest
2842675,-7566205,-4079151,rest
2842683,-8355840,-8355840,rest
2842691,-8355840,-8355840,rest
2842699,-4868644,-8355840,rest
2842707,-8355840,-8355840,rest
2842715,-7171378,-4474025,rest
2842723,-8355840,-8355840,rest
2842731,-8355840,-8290014,rest
2842739,-5066145,-8355840,rest
2842747,-8355840,-8355840,rest
2842755,-6842484,-5000354,rest
2842764,-8355840,-8355840,rest
2842771,-8355840,-7763624,rest
2842779,-5526683,-8355840,rest
2842787,-8355840,-8355840,rest
2842795,-6579244,-4934478,rest
2842803,-8355840,-8355840,rest
2842812,-8355840,-7303007,rest
2842820,-5921430,-8355840,rest
2842827,-8355840,-8355840,rest
2842836,-6118718,-5855511,rest
2842843,-8355840,-8355840,rest
2842851,-8355840,-7434600,rest
2842860,-6513507,-8355840,rest
2842868,-8355840,-8355840,rest
2842876,-5855559,-5987263,rest
2842884,-8355840,-8355840,rest
2842892,-8355840,-6381900,rest
2842900,-8158328,-8355840,rest
2842908,-8355840,-8355840,rest
2842916,-5263495,-6447801,rest
2842924,-8355840,-8355840,rest
2842932,-8355840,-6250478,rest
2842940,-7303086,-8355840,rest
2842948,-8355840,-8355840,rest
2842956,-5131808,-6513550,rest
2842964,-8355840,-8355840,rest
2842972,-8355840,-5855567,rest
2842980,-8355616,-8355840,rest
2842988,-8355840,-8355840,rest
2842996,-4605674,-8355658,rest
2843004,-8355840,-8355840,rest
2843012,-8355840,-5592442,rest
2843020,-8355840,-8355840,rest
2843028,-8355840,-8355840,rest
2843036,-4210788,-8355743,rest
2843044,-8355840,-8355840,rest
2843052,-8355840,-5132010,rest
2843061,-8355840,-8355840,rest
2843068,-8355840,-8355840,rest
2843076,-3750191,-8355840,rest
2843085,-8355840,-8355840,rest
2843092,-8355840,-4737185,rest
2843100,-8355840,-8355840,rest
2843108,-8355840,-8355840,rest
2843116,-3487187,-8355840,rest
2843124,-8355840,-8355840,rest
2843133,-8355840,-3881803,rest
2843141,-8355840,-8355840,rest
2843149,-8355840,-8355840,rest
2843157,-2960745,-8355840,rest
2843165,-8355840,-8355840,rest
2843173,-8355840,-3552800,rest
2843180,-8355840,-8355840,rest
2843189,-8355840,-8355840,rest
2843197,-2500170,-8355840,rest
2843205,-8355840,-8355840,rest
2843213,-8355840,-3289823,rest
2843221,-8355840,-8355840,rest
2843229,-8355840,-8355840,rest
2843237,-2171341,-8355840,rest
2843245,-8355840,-8355840,rest
2843253,-8355840,-2171141,rest
2843261,-8355840,-8355840,rest
2843269,-8355840,-8355840,rest
2843277,-1645031,-8355840,rest
2843285,-8355840,-8355840,rest
2843293,-8355840,-2171255,rest
2843301,-8355840,-8355840,rest
2843309,-8355840,-8355840,rest
2843317,-1645034,-8355840,rest
2843325,-8355840,-8355840,rest
2843333,-8355840,-1973995,rest
2843341,-8355840,-8355840,rest
2843349,-8355840,-8355840,rest
2843357,-1842338,-8355840,motion
2843365,-8355840,-8355840,motion
2843373,-8355840,-1908044,motion
2843381,-8355840,-8355840,motion
2843389,-8355840,-8355840,motion
2843397,-2368540,-8355840,motion
2843406,-8355840,-8355840,motion
2843413,-8355840,-2039584,motion
2843422,-8355840,-8355840,motion
2843429,-8355840,-8355840,motion
2843438,-2763286,-8355840,motion
2843446,-8355840,-8355840,motion
2843454,-8355840,-2302876,motion
2843462,-8355840,-8355840,motion
2843469,-8355840,-8355840,motion
2843478,-3092454,-8355840,motion
2843486,-8355840,-8355840,motion
2843494,-8355840,-2763456,motion
2843502,-8355840,-8355840,motion
2843510,-8355840,-8355840,motion
2843518,-3552780,-8355840,motion
2843526,-8355840,-8355840,motion
2843534,-8355840,-3092369,motion
2843542,-8355840,-8355840,motion
2843550,-8355840,-8355840,motion
2843558,-3881735,-8355840,motion
2843566,-8355840,-8355840,motion
2843574,-8224129,-3486989,motion
2843582,-8355840,-8355840,motion
2843590,-8355840,-8355840,motion
2843598,-4210733,-8355840,motion
2843606,-8355840,-8355840,motion
2843614,-7763646,-3947611,motion
2843622,-8355840,-8355840,motion
2843630,-8355840,-8355840,motion
2843638,-4671314,-8355840,motion
2843646,-8355840,-8355840,motion
2843654,-7237373,-4210861,motion
2843662,-8355840,-8355840,motion
2843670,-8355840,-8355619,motion
2843678,-4737232,-8355840,motion
2843686,-8355840,-8355840,motion
2843695,-6710901,-4934563,motion
2843702,-8355840,-8355840,motion
2843710,-8355840,-7763682,motion
2843719,-5263391,-8355840,motion
2843726,-8355840,-8355840,motion
2843734,-5921363,-5066018,motion
2843743,-8355840,-8355840,motion
2843751,-8355840,-6908291,motion
2843759,-5658138,-8355840,motion
2843767,-8355840,-8355840,motion
2843774,-5329329,-5000397,motion
2843783,-8355840,-8355840,motion
2843791,-8355840,-6184458,motion
2843799,-5592432,-8355840,motion
2843807,-8355840,-8355840,motion
2843815,-4671373,-5855724,motion
2843823,-8355840,-8355840,motion
2843831,-8355840,-6052868,motion
2843839,-6513422,-8355840,motion
2843847,-8355840,-8355840,motion
2843855,-4079125,-6250343,motion
2843863,-8355840,-8355840,motion
2843871,-8355840,-4934545,motion
2843879,-6842378,-8355840,motion
2843887,-8355840,-8355840,motion
2843895,-3026582,-6447844,motion
2843903,-8355840,-8355840,motion
2843911,-8355840,-4079110,motion
2843919,-7303128,-8355840,motion
2843927,-8355840,-8355840,motion
2843935,-2895065,-6513507,motion
2843943,-8355840,-8355840,motion
2843951,-8355840,-3881977,motion
2843959,-8355616,-8355840,motion
2843967,-8355840,-8355840,motion
2843975,-2697513,-7105627,motion
2843983,-8355840,-8355840,motion
2843991,-8355840,-3355439,motion
2844000,-8355786,-8355840,motion
2844007,-8355840,-8355840,motion
2844015,-2302861,-8224246,motion
2844024,-8355840,-8355840,motion
2844031,-8355840,-3026463,motion
2844040,-8355840,-8355840,motion
2844047,-8355840,-8355840,motion
2844055,-1908084,-8355786,motion
2844063,-8355840,-8355840,motion
2844072,-8355840,-987083,motion
2844080,-8355840,-8355840,motion
2844088,-8355840,-8355840,motion
2844096,-1842339,-8355828,motion
2844104,-8355840,-8355840,motion
2844112,-8355840,-986906,motion
2844120,-8355840,-8355840,motion
2844128,-8355840,-8355840,motion
2844136,-1513409,-8355840,motion
2844144,-8355840,-8355840,motion
2844152,-8224220,-1118620,motion
2844160,-8355840,-8355840,motion
2844168,-8355840,-8355840,motion
2844176,-1381710,-8355840,motion
2844184,-8355840,-8355840,motion
2844192,-8092590,-1447432,motion
2844200,-8355840,-8355840,motion
2844208,-8355840,-8355840,motion
2844216,-1118546,-8355840,motion
2844224,-8355840,-8355840,motion
2844232,-7960910,-1184440,motion
2844240,-8355840,-8355840,motion
2844248,-8355840,-8355840,motion
2844256,-921318,-8355840,motion
2844264,-8355840,-8355840,motion
2844272,-7829340,-1184462,motion
2844280,-8355840,-8355840,motion
2844288,-8355840,-8355729,motion
2844296,-1315869,-8355840,motion
2844305,-8355840,-8355840,motion
2844312,-7763622,-1052860,motion
2844320,-8355840,-8355840,motion
2844328,-8355840,-8289996,motion
2844336,-1579046,-8355840,motion
2844344,-8355840,-8355840,motion
2844353,-7763512,-1710671,motion
2844361,-8355840,-8355840,motion
2844369,-8355840,-8224058,motion
2844377,-1710629,-8355840,motion
2844384,-8355840,-8355840,motion
2844393,-7631925,-1710714,motion
2844401,-8355840,-8355840,motion
2844409,-8355840,-8092489,motion
2844417,-2500334,-8355840,motion
2844425,-8355840,-8355840,motion
2844433,-7697721,-1842296,motion
2844441,-8355840,-8355840,motion
2844449,-8355840,-8224119,motion
2844457,-2895039,-8355840,motion
2844465,-8355840,-8355840,motion
2844473,-7763471,-2434458,motion
2844481,-8355840,-8355840,motion
2844489,-8355840,-8355647,motion
2844497,-3092242,-8355840,motion
2844505,-8355840,-8355840,motion
2844513,-7697839,-3223867,motion
2844521,-8355840,-8355840,motion
2844529,-8355840,-8355828,motion
2844537,-3684489,-8355840,motion
2844545,-8355840,-8355840,motion
2844553,-7500357,-3552992,motion
2844561,-8355840,-8355840,motion
2844569,-8355840,-8355840,motion
2844577,-4145070,-8355840,motion
2844585,-8355840,-8355840,motion
2844593,-7303142,-3947526,motion
2844602,-8355840,-8355840,motion
2844609,-8355840,-8355674,motion
2844617,-4539816,-8355840,motion
2844625,-8355840,-8355840,motion
2844634,-7039800,-4539816,motion
2844641,-8355840,-8355840,motion
2844649,-8355840,-8289807,motion
2844657,-5066103,-8355840,motion
2844666,-8355840,-8355840,motion
2844674,-6250409,-5263561,motion
2844682,-8355840,-8355840,motion
2844690,-8355840,-7632119,motion
2844697,-5263391,-8355840,motion
2844705,-8355840,-8355840,motion
2844714,-6250445,-5066018,motion
2844722,-8355840,-8355840,motion
2844730,-8355840,-6776691,motion
2844738,-5789763,-8355840,motion
2844746,-8355840,-8355840,motion
2844754,-6118685,-5132021,motion
2844762,-8355840,-8355840,motion
2844770,-8355840,-6908349,motion
2844778,-6184509,-8355840,motion
2844786,-8355840,-8355840,motion
2844794,-5723957,-5855511,motion
2844802,-8355840,-8355840,motion
2844810,-8355840,-6842556,motion
2844818,-6645175,-8355840,motion
2844826,-8355840,-8355840,motion
2844834,-5460876,-6250385,motion
2844842,-8355840,-8355840,motion
2844850,-8355840,-6052984,motion
2844858,-6974173,-8355840,motion
2844866,-8355840,-8355840,motion
2844874,-5066024,-6579298,motion
2844882,-8355840,-8355840,motion
2844890,-8355840,-6316059,motion
2844898,-8290037,-8355840,motion
2844906,-8355840,-8355840,motion
2844914,-4474065,-8224161,motion
2844922,-8355840,-8355840,motion
2844930,-8355840,-5526560,motion
2844938,-8355701,-8355840,motion
2844946,-8355840,-8355840,motion
2844954,-4276709,-8289995,motion
2844962,-8355840,-8355840,motion
2844971,-8355840,-5000292,motion
2844978,-8355840,-8355840,motion
2844987,-8355840,-8355840,motion
2844995,-3881854,-8355828,motion
2845003,-8355840,-8355840,motion
2845011,-8355840,-4605466,motion
2845019,-8355840,-8355840,motion
2845027,-8355840,-8355840,motion
2845035,-3487073,-8355840,motion
2845043,-8355840,-8355840,motion
2845051,-8355840,-4013439,motion
2845059,-8355840,-8355840,motion
2845067,-8355840,-8355840,motion
2845075,-3026506,-8355840,motion
2845083,-8355840,-8355840,motion
2845091,-8355840,-3816096,motion
2845099,-8355840,-8355840,motion
2845107,-8355840,-8355840,motion
2845115,-2500179,-8355840,motion
2845123,-8355840,-8355840,motion
2845131,-8355840,-3355528,motion
2845139,-8355840,-8355840,motion
2845147,-8355840,-8355840,motion
2845155,-2105588,-8355840,motion
2845163,-8355840,-8355840,motion
2845171,-8355840,-2829109,motion
2845179,-8355840,-8355840,motion
2845188,-8355840,-8355840,motion
2845195,-1710731,-8355840,motion
2845203,-8355840,-8355840,motion
2845211,-8355840,-2302854,motion
2845219,-8355840,-8355840,motion
2845228,-8355840,-8355840,motion
2845235,-1250226,-8355840,motion
2845243,-8355840,-8355840,motion
2845251,-8355840,-1973880,motion
2845260,-8355840,-8355840,motion
2845268,-8355840,-8355840,motion
2845275,-1644858,-8355840,motion
2845284,-8355840,-8355840,motion
2845291,-8355840,-1513439,motion
2845299,-8355840,-8355840,motion
2845307,-8355840,-8355840,motion
2845316,-1908087,-8355840,motion
2845324,-8355840,-8355840,motion
2845332,-8355840,-1842381,motion
2845340,-8355840,-8355840,motion
2845348,-8355840,-8355840,motion
2845356,-2302791,-8355840,motion
2845364,-8355840,-8355840,motion
2845372,-8355840,-2171336,motion
2845380,-8355840,-8355840,motion
2845388,-8355840,-8355840,motion
2845396,-2763371,-8355840,motion
2845404,-8355840,-8355840,motion
2845412,-8355776,-2302791,motion
2845420,-8355840,-8355840,motion
2845428,-8355840,-8355840,motion
2845436,-3092454,-8355840,motion
2845444,-8355840,-8355840,motion
2845452,-7895182,-2697623,motion
2845460,-8355840,-8355840,motion
2845468,-8355840,-8158336,motion
2845476,-3421368,-8355840,motion
2845484,-8355840,-8355840,motion
2845492,-6513449,-2434543,motion
2845500,-8355840,-8355840,motion
2845508,-8355840,-4408160,motion
2845516,-2829248,-8355840,motion
2845524,-8355840,-8355840,motion
2845532,-2697519,-2566041,motion
2845540,-8355840,-8355840,motion
2845548,-8355840,-2434332,motion
2845557,-3224037,-8355840,motion
2845565,-8355840,-8355840,motion
2845572,-1118490,-2763286,motion
2845581,-8355840,-8355840,motion
2845588,-8355840,-2500327,motion
2845596,-3684362,-8355840,motion
2845605,-8355840,-8355840,motion
2845613,-1118493,-3552822,motion
2845621,-8355840,-8355840,motion
2845629,-8355840,-460673,motion
2845637,-4013488,-8355840,motion
2845645,-8355840,-8355840,motion
2845653,-131728,-3421240,motion
2845661,-8355840,-8355840,motion
2845669,-8289970,-197611,motion
2845677,-4342528,-8355840,motion
2845685,-8355840,-8355840,motion
2845693,-723826,-4342358,motion
2845701,-8355840,-8355840,motion
2845709,-8355840,-1315930,motion
2845717,-5132021,-8355840,motion
2845725,-8355840,-8355840,motion
2845733,-1250217,-4539731,motion
2845741,-8355840,-8355840,motion
2845749,-8355840,-3684542,motion
2845757,-5592432,-8355840,motion
2845765,-8355840,-8355840,motion
2845773,-2829278,-5921302,motion
2845782,-8355840,-8355840,motion
2845789,-8355840,-4474018,motion
2845797,-6118846,-8355840,motion
2845805,-8355840,-8355840,motion
2845813,-3289633,-6052884,motion
2845821,-8355840,-8355840,motion
2845829,-8355840,-4342309,motion
2845837,-6381840,-8355840,motion
2845845,-8355840,-8355840,motion
2845853,-2565900,-6118676,motion
2845862,-8355840,-8355840,motion
2845869,-8355840,-3816185,motion
2845878,-6710923,-8355840,motion
2845886,-8355840,-8355840,motion
2845893,-2237162,-6776587,motion
2845902,-8355840,-8355840,motion
2845909,-8355840,-3487201,motion
2845917,-8289867,-8355840,motion
2845926,-8355840,-8355840,motion
2845934,-921164,-6842420,motion
2845942,-8355840,-8355840,motion
2845950,-8355840,-2500229,motion
2845958,-8355743,-8355840,motion
2845966,-8355840,-8355840,motion
2845974,-921206,-8289952,motion
2845982,-8355840,-8355840,motion
2845990,-8355840,-921293,motion
2845998,-8355840,-8355840,motion
2846006,-8355840,-8355840,motion
2846014,-1579236,-8289995,motion
2846022,-8355840,-8355840,motion
2846030,-8355840,-921201,motion
2846038,-8355840,-8355840,motion
2846046,-8355840,-8355840,motion
2846054,-1644850,-8355701,motion
2846062,-8355840,-8355840,motion
2846070,-8355767,-1118644,motion
2846079,-8355840,-8355840,motion
2846086,-8355840,-8355840,motion
2846094,-1579020,-8355828,motion
2846102,-8355840,-8355840,motion
2846110,-8289983,-2039777,motion
2846118,-8355840,-8355840,motion
2846126,-8355840,-8355840,motion
2846134,-1315854,-8355840,motion
2846142,-8355840,-8355840,motion
2846150,-8290046,-2039655,motion
2846159,-8355840,-8355840,motion
2846166,-8355840,-8355840,motion
2846174,-1250189,-8355840,motion
2846182,-8355840,-8355840,motion
2846191,-8289996,-1513230,motion
2846199,-8355840,-8355840,motion
2846206,-8355840,-8355840,motion
2846215,-1052787,-8355840,motion
2846222,-8355840,-8355840,motion
2846231,-8224169,-1184365,motion
2846238,-8355840,-8355840,motion
2846247,-8355840,-8355840,motion
2846255,-1381756,-8355840,motion
2846263,-8355840,-8355840,motion
2846271,-8224102,-1250067,motion
2846279,-8355840,-8355840,motion
2846287,-8355840,-8355840,motion
2846295,-1842296,-8355840,motion
2846303,-8355840,-8355840,motion
2846311,-8224092,-1644890,motion
2846319,-8355840,-8355840,motion
2846327,-8355840,-8355840,motion
2846335,-2237000,-8355840,motion
2846343,-8355840,-8355840,motion
2846351,-8158413,-1974006,motion
2846359,-8355840,-8355840,motion
2846367,-8355840,-8355840,motion
2846375,-2763414,-8355840,motion
2846383,-8355840,-8355840,motion
2846391,-8158333,-2368710,motion
2846399,-8355840,-8355840,motion
2846407,-8355840,-8355840,motion
2846415,-3158161,-8355840,motion
2846423,-8355840,-8355840,motion
2846431,-8224143,-2631917,motion
2846439,-8355840,-8355840,motion
2846447,-8355840,-8355840,motion
2846455,-3487201,-8355840,motion
2846464,-8355840,-8355840,motion
2846471,-8289947,-3092242,motion
2846479,-8355840,-8355840,motion
2846487,-8355840,-8355840,motion
2846495,-3816029,-8355840,motion
2846503,-8355840,-8355840,motion
2846512,-7961065,-3684574,motion
2846520,-8355840,-8355840,motion
2846528,-8355840,-8355840,motion
2846536,-4210903,-8355840,motion
2846544,-8355840,-8355840,motion
2846552,-7632070,-3881863,motion
2846559,-8355840,-8355840,motion
2846568,-8355840,-8355840,motion
2846576,-4802853,-8355840,motion
2846584,-8355840,-8355840,motion
2846592,-7171530,-4342528,motion
2846600,-8355840,-8355840,motion
2846608,-8355840,-7895046,motion
2846616,-5131809,-8355840,motion
2846624,-8355840,-8355840,motion
2846632,-6908412,-4408107,motion
2846640,-8355840,-8355840,motion
2846648,-8355840,-7763597,motion
2846656,-5395143,-8355840,motion
2846664,-8355840,-8355840,motion
2846672,-6447644,-5197728,motion
2846680,-8355840,-8355840,motion
2846688,-8355840,-7105760,motion
2846696,-5855724,-8355840,motion
2846704,-8355840,-8355840,motion
2846712,-6250269,-5263519,motion
2846720,-8355840,-8355840,motion
2846728,-8355840,-7039855,motion
2846736,-6316049,-8355840,motion
2846745,-8355840,-8355840,motion
2846752,-5789774,-5921472,motion
2846760,-8355840,-8355840,motion
2846768,-8355840,-7039838,motion
2846776,-6645175,-8355840,motion
2846784,-8355840,-8355840,motion
2846792,-5395190,-6513635,motion
2846801,-8355840,-8355840,motion
2846808,-8355840,-6250489,motion
2846817,-7171503,-8355840,motion
2846824,-8355840,-8355840,motion
2846832,-5066128,-6381925,motion
2846841,-8355840,-8355840,motion
2846849,-8355840,-5329257,motion
2846857,-8289952,-8355840,motion
2846865,-8355840,-8355840,motion
2846873,-4605490,-6842590,motion
2846881,-8355840,-8355840,motion
2846889,-8355840,-5789748,motion
2846897,-8355840,-8355840,motion
2846905,-8355840,-8355840,motion
2846913,-3881750,-8355743,motion
2846921,-8355840,-8355840,motion
2846929,-8355840,-4803032,motion
2846937,-8355840,-8355840,motion
2846945,-8355840,-8355840,motion
2846953,-3750211,-8355840,motion
2846961,-8355840,-8355840,motion
2846969,-8355840,-4210782,motion
2846977,-8355840,-8355840,motion
2846985,-8355840,-8355840,motion
2846993,-3224009,-8355840,motion
2847001,-8355840,-8355840,motion
2847009,-8355840,-4013342,motion
2847017,-8355840,-8355840,motion
2847025,-8355840,-8355840,motion
2847033,-2631914,-8355840,motion
2847041,-8355840,-8355840,motion
2847049,-8355840,-3421406,motion
2847057,-8355840,-8355840,motion
2847066,-8355840,-8355840,motion
2847073,-2237097,-8355840,motion
2847081,-8355840,-8355840,motion
2847089,-8355840,-3092355,motion
2847097,-8355840,-8355840,motion
2847106,-8355840,-8355840,motion
2847113,-1776574,-8355840,motion
2847122,-8355840,-8355840,motion
2847129,-8355840,-2500307,motion
2847138,-8355840,-8355840,motion
2847145,-8355840,-8355840,motion
2847154,-1513414,-8355840,motion
2847162,-8355840,-8355840,motion
2847170,-8355840,-1644821,motion
2847178,-8355840,-8355840,motion
2847186,-8355840,-8355840,motion
2847194,-1316029,-8355840,motion
2847202,-8355840,-8355840,motion
2847210,-8355840,-1381796,motion
2847218,-8355840,-8355840,motion
2847226,-8355840,-8355840,motion
2847234,-1381856,-8355840,motion
2847242,-8355840,-8355840,motion
2847250,-8224063,-1250120,motion
2847258,-8355840,-8355840,motion
2847266,-8355840,-8355840,motion
2847274,-1579174,-8355840,motion
2847282,-8355840,-8355840,motion
2847290,-7566130,-1250273,motion
2847298,-8355840,-8355840,motion
2847306,-8355840,-7105698,motion
2847314,-1381715,-8355840,motion
2847322,-8355840,-8355840,motion
2847330,-3618709,-131784,motion
2847338,-8290037,-8355840,motion
2847346,-8355840,-173,motion
2847354,-657963,-8355840,motion
2847362,-8355840,-8355840,motion
2847370,207,-131761,motion
2847378,-8355840,-8355840,motion
2847386,-8158458,60,motion
2847394,-1118594,-8355840,motion
2847402,-8355840,-8355840,motion
2847410,206,-1118466,motion
2847419,-8355840,-8355840,motion
2847427,-7895141,33,motion
2847434,-1908172,-8355840,motion
2847442,-8355840,-8355840,motion
2847450,-11,-1315967,motion
2847459,-8355840,-8355840,motion
2847467,-8355840,-987059,motion
2847475,-2960745,-8355840,motion
2847483,-8355840,-8355840,motion
2847491,-2829115,-3092454,motion
2847499,-8355840,-8355840,motion
2847507,-8355840,-5987140,motion
2847515,-4276482,-8355840,motion
2847523,-8355840,-8355840,motion
2847531,-4934534,-3881735,motion
2847539,-8355840,-8355840,motion
2847547,-8355840,-7171354,motion
2847555,-4342358,-8355840,motion
2847563,-8355840,-8355840,motion
2847571,-5329381,-4539689,motion
2847579,-8355840,-8355840,motion
2847587,-8355840,-6710882,motion
2847595,-4934436,-8355840,motion
2847603,-8355840,-8355840,motion
2847611,-5066051,-4605522,motion
2847619,-8355840,-8355840,motion
2847627,-8355840,-6513626,motion
2847635,-4737062,-8355840,motion
2847643,-8355840,-8355840,motion
2847651,-4473887,-5132021,motion
2847659,-8355840,-8355840,motion
2847667,-8355840,-5526737,motion
2847675,-5131894,-8355840,motion
2847684,-8355840,-8355840,motion
2847691,-3092411,-5329225,motion
2847699,-8355840,-8355840,motion
2847707,-8355840,-4803027,motion
2847715,-5460764,-8355840,motion
2847723,-8355840,-8355840,motion
2847732,-2829163,-5855639,motion
2847740,-8355840,-8355840,motion
2847748,-8355840,-3881833,motion
2847756,-5921430,-8355840,motion
2847763,-8355840,-8355840,motion
2847771,-986984,-5855681,motion
2847780,-8355840,-8355840,motion
2847788,-8355840,-3223881,motion
2847796,-6645004,-8355840,motion
2847804,-8355840,-8355840,motion
2847812,-2171337,-6316134,motion
2847820,-8355840,-8355840,motion
2847828,-8355840,-2960697,motion
2847836,-6776629,-8355840,motion
2847844,-8355840,-8355840,motion
2847852,-1973924,-6316049,motion
2847860,-8355840,-8355840,motion
2847868,-8355840,-2566070,motion
2847876,-8355616,-8355840,motion
2847884,-8355840,-8355840,motion
2847892,-921202,-6579298,motion
2847900,-8355840,-8355840,motion
2847908,-8355840,-1052859,motion
2847916,-8355701,-8355840,motion
2847924,-8355840,-8355840,motion
2847932,-1776452,-8355658,motion
2847940,-8355840,-8355840,motion
2847948,-8355840,-986922,motion
2847956,-8355701,-8355840,motion
2847964,-8355840,-8355840,motion
2847973,-1842299,-8355786,motion
2847980,-8355840,-8355840,motion
2847988,-8355840,-1118609,motion
2847996,-8355840,-8355840,motion
2848004,-8355840,-8355840,motion
2848012,-1710630,-8355840,motion
2848020,-8355840,-8355840,motion
2848028,-8355819,-1118533,motion
2848037,-8355840,-8355840,motion
2848045,-8355840,-8355840,motion
2848053,-1447675,-8355840,motion
2848061,-8355840,-8355840,motion
2848069,-8289849,-1842352,motion
2848077,-8355840,-8355840,motion
2848085,-8355840,-8355840,motion
2848093,-1184403,-8355840,motion
2848101,-8355840,-8355840,motion
2848109,-8092658,-1644939,motion
2848117,-8355840,-8355840,motion
2848125,-8355840,-8289872,motion
2848133,-986915,-8355840,motion
2848141,-8355840,-8355840,motion
2848149,-8026787,-1579147,motion
2848157,-8355840,-8355840,motion
2848165,-8355840,-8355767,motion
2848173,-921168,-8355840,motion
2848181,-8355840,-8355840,motion
2848189,-7895292,-1118640,motion
2848197,-8355840,-8355840,motion
2848205,-8355840,-8355726,motion
2848213,-1315934,-8355840,motion
2848221,-8355840,-8355840,motion
2848229,-7895252,-1315962,motion
2848237,-8355840,-8355840,motion
2848245,-8355840,-8355840,motion
2848253,-1973963,-8355840,motion
2848261,-8355840,-8355840,motion
2848269,-7961078,-1447602,motion
2848277,-8355840,-8355840,motion
2848285,-8355840,-8355840,motion
2848293,-2237127,-8355840,motion
2848301,-8355840,-8355840,motion
2848309,-8026764,-1908214,motion
2848317,-8355840,-8355840,motion
2848325,-8355840,-8355840,motion
2848333,-2763456,-8355840,motion
2848342,-8355840,-8355840,motion
2848349,-8158357,-2368752,motion
2848358,-8355840,-8355840,motion
2848366,-8355840,-8355840,motion
2848374,-3223867,-8355840,motion
2848382,-8355840,-8355840,motion
2848390,-8224008,-2829290,motion
2848398,-8355840,-8355840,motion
2848406,-8355840,-8355840,motion
2848414,-3618571,-8355840,motion
2848422,-8355840,-8355840,motion
2848430,-8158392,-3223952,motion
2848438,-8355840,-8355840,motion
2848446,-8355840,-8355840,motion
2848454,-3947526,-8355840,motion
2848462,-8355840,-8355840,motion
2848470,-7895199,-3750366,motion
2848478,-8355840,-8355840,motion
2848486,-8355840,-8355840,motion
2848494,-4342401,-8355840,motion
2848502,-8355840,-8355840,motion
2848510,-7566099,-5592474,motion
2848518,-8355840,-8355840,motion
2848526,-8355840,-8289957,motion
2848534,-4737232,-8355840,motion
2848542,-8355840,-8355840,motion
2848550,-7105543,-4474025,motion
2848558,-8355840,-8355840,motion
2848566,-8355840,-7763614,motion
2848574,-5263519,-8355840,motion
2848582,-8355840,-8355840,motion
2848590,-6908256,-4473940,motion
2848598,-8355840,-8355840,motion
2848606,-8355840,-7697760,motion
2848614,-5592347,-8355840,motion
2848623,-8355840,-8355840,motion
2848630,-6447726,-5197813,motion
2848639,-8355840,-8355840,motion
2848646,-8355840,-7697684,motion
2848654,-5921430,-8355840,motion
2848662,-8355840,-8355840,motion
2848671,-6052920,-5789890,motion
2848679,-8355840,-8355840,motion
2848687,-8355840,-6973986,motion
2848694,-6447801,-8355840,motion
2848702,-8355840,-8355840,motion
2848711,-5724137,-5658308,motion
2848719,-8355840,-8355840,motion
2848727,-8355840,-6316047,motion
2848735,-6776587,-8355840,motion
2848743,-8355840,-8355840,motion
2848751,-5263429,-6579213,motion
2848759,-8355840,-8355840,motion
2848767,-8355840,-6118664,motion
2848775,-7302916,-8355840,motion
2848783,-8355840,-8355840,motion
2848791,-4803002,-8158285,motion
2848799,-8355840,-8355840,motion
2848807,-8355840,-5658130,motion
2848815,-8355743,-8355840,motion
2848823,-8355840,-8355840,motion
2848831,-4276496,-7368792,motion
2848839,-8355840,-8355840,motion
2848847,-8355840,-4803052,motion
2848855,-8355786,-8355840,motion
2848863,-8355840,-8355840,motion
2848871,-3815949,-7895163,motion
2848879,-8355840,-8355840,motion
2848887,-8355840,-4671465,motion
2848895,-8355840,-8355840,motion
2848903,-8355840,-8355840,motion
2848911,-3487219,-8355828,motion
2848920,-8355840,-8355840,motion
2848927,-8355840,-4276631,motion
2848935,-8355840,-8355840,motion
2848943,-8355840,-8355840,motion
2848951,-3026615,-8355840,motion
2848959,-8355840,-8355840,motion
2848968,-8355840,-3223816,motion
2848975,-8355840,-8355840,motion
2848984,-8355840,-8355840,motion
2848992,-2302732,-8355840,motion
2849000,-8355840,-8355840,motion
2849008,-8355840,-2763445,motion
2849016,-8355840,-8355840,motion
2849024,-8355840,-8355840,motion
2849032,-1776486,-8355840,motion
2849040,-8355840,-8355840,motion
2849048,-8355840,-2237174,motion
2849056,-8355840,-8355840,motion
2849064,-8355840,-8355840,motion
2849072,-1250177,-8355840,motion
2849080,-8355840,-8355840,motion
2849088,-8289855,-1842390,motion
2849096,-8355840,-8355840,motion
2849104,-8355840,-8355840,motion
2849112,-1052887,-8355840,motion
2849120,-8355840,-8355840,motion
2849128,-8026850,-1250161,motion
2849136,-8355840,-8355840,motion
2849144,-8355840,-8355603,motion
2849152,-1184376,-8355840,motion
2849160,-8355840,-8355840,motion
2849168,-7697701,-1052807,motion
2849176,-8355840,-8355840,motion
2849184,-8355840,-8224052,motion
2849192,-1118616,-8355840,motion
2849200,-8355840,-8355840,motion
2849209,-6973953,-1513404,motion
2849216,-8355840,-8355840,motion
2849224,-8355840,-7763632,motion
2849232,-1052872,-8355840,motion
2849240,-8355840,-8355840,motion
2849248,-6710888,-1381787,motion
2849257,-8355840,-8355840,motion
2849265,-8355840,-7303162,motion
2849272,-2368710,-8355840,motion
2849281,-8355840,-8355840,motion
2849289,-6382041,-2237042,motion
2849296,-8355840,-8355840,motion
2849304,-8355840,-7500354,motion
2849312,-2631789,-8355840,motion
2849321,-8355840,-8355840,motion
2849329,-6381914,-2237042,motion
2849337,-8355840,-8355840,motion
2849345,-8355840,-7303091,motion
2849353,-3092369,-8355840,motion
2849361,-8355840,-8355840,motion
2849369,-6316175,-2434543,motion
2849377,-8355840,-8355840,motion
2849385,-8355840,-7105649,motion
2849393,-2894954,-8355840,motion
2849401,-8355840,-8355840,motion
2849409,-5394953,-3026493,motion
2849417,-8355840,-8355840,motion
2849425,-8355840,-6381918,motion
2849433,-3816114,-8355840,motion
2849441,-8355840,-8355840,motion
2849449,-5263499,-3223824,motion
2849457,-8355840,-8355840,motion
2849465,-8355840,-6579299,motion
2849473,-4210861,-8355840,motion
2849481,-8355840,-8355840,motion
2849489,-4934558,-4013530,motion
2849497,-8355840,-8355840,motion
2849505,-8355840,-6447825,motion
2849513,-4605608,-8355840,motion
2849521,-8355840,-8355840,motion
2849529,-4737079,-4013360,motion
2849537,-8355840,-8355840,motion
2849546,-8355840,-6184489,motion
2849554,-4473940,-8355840,motion
2849561,-8355840,-8355840,motion
2849570,-4671293,-4802853,motion
2849577,-8355840,-8355840,motion
2849585,-8355840,-6447635,motion
2849594,-5526556,-8355840,motion
2849602,-8355840,-8355840,motion
2849610,-4473925,-5460764,motion
2849618,-8355840,-8355840,motion
2849626,-8355840,-6053016,motion
2849634,-5460849,-8355840,motion
2849642,-8355840,-8355840,motion
2849650,-4671246,-5789805,motion
2849658,-8355840,-8355840,motion
2849666,-8355840,-6118682,motion
2849674,-6382010,-8355840,motion
2849682,-8355840,-8355840,motion
2849690,-4671435,-5987178,motion
2849698,-8355840,-8355840,motion
2849706,-8355840,-6447762,motion
2849714,-6908296,-8355840,motion
2849722,-8355840,-8355840,motion
2849730,-4539854,-6513550,motion
2849738,-8355840,-8355840,motion
2849746,-8355840,-5789949,motion
2849754,-7302916,-8355840,motion
2849762,-8355840,-8355840,motion
2849770,-4868741,-7105712,motion
2849778,-8355840,-8355840,motion
2849786,-8355840,-6842576,motion
2849794,-8355840,-8355840,motion
2849802,-8355840,-8355840,motion
2849810,-7763564,-8355840,motion
2849818,-8355840,-8355840,motion
2849826,-8355840,-8355840,motion
2849835,-8355840,-8355840,motion
2849842,-8355840,-8355840,motion
2849850,-8355840,-8355840,motion
2849858,-8355840,-8355840,motion
2849867,-8355840,-8355840,motion
2849874,-8355840,-8355840,motion
2849883,-8355840,-8355840,motion
2849890,-8355840,-8355840,motion
2849899,-8355840,-8355840,motion
2849907,-8355840,-8355840,motion
2849915,-8355840,-8355840,motion
2849923,-8355840,-8355840,motion
2849931,-8355840,-8355840,motion
2849939,-8355840,-8355840,motion
2849947,-8355840,-8355840,motion
2849955,-8355840,-8355840,motion
2849963,-8355840,-8355840,motion
2849971,-8355840,-8355840,motion
2849979,-8355840,-8355840,motion
2849987,-8355840,-8355840,motion
2849995,-8355840,-8355840,motion
2850003,-8355840,-8355840,motion
2850011,-8355840,-8355840,motion
2850019,-8355840,-8355840,motion
2850027,-8355840,-8355840,motion
2850035,-8355840,-8355840,motion
2850043,-8355840,-8355840,motion
2850051,-8355840,-8355840,motion
2850059,-8355840,-8355840,motion
2850067,-8355840,-8355840,motion
2850075,-8355840,-8355840,motion
2850083,-8355840,-8355840,motion
2850091,-8355840,-8355840,motion
2850099,-8355840,-8355840,motion
2850107,-8355840,-8355840,motion
2850115,-8355840,-8355840,motion
2850123,-8355840,-8355840,motion
2850131,-8355840,-8355840,motion
2850139,-8355840,-8355840,motion
2850147,-8355840,-8355840,motion
2850155,-8355840,-8355840,motion
2850163,-8355840,-8355840,motion
2850172,-8355840,-8355840,motion
2850179,-8355840,-8355840,motion
2850188,-8355840,-8355840,motion
2850195,-8355840,-8355840,motion
2850204,-8355840,-8355840,motion
2850211,-8355840,-8355840,motion
2850220,-8355840,-8355840,motion
2850228,-8355840,-8355840,motion
2850236,-8355840,-8355840,motion
2850244,-8355840,-8355840,motion
2850252,-8355840,-8355840,motion
2850260,-8355840,-8355840,motion
2850268,-8355840,-8355840,motion
2850276,-8355840,-8355840,motion
2850284,-8355840,-8355840,motion
2850292,-8355840,-8355840,motion
2850300,-8355840,-8355840,motion
2850308,-8355840,-8355840,motion
2850316,-8355840,-8355840,motion
2850324,-8355840,-8355840,motion
2850332,-8355840,-8355840,motion
2850340,-8355840,-8355840,motion
2850348,-8355840,-8355840,motion
2850356,-8355840,-8355840,motion
2850364,-8355840,-8355840,motion
2850372,-8355840,-8355840,motion
2850380,-8355840,-8355840,motion
2850388,-8355840,-8355840,motion
2850396,-8355840,-8355840,motion
2850404,-8355840,-8355840,motion
2850412,-8355840,-8355840,motion
2850420,-8355840,-8355840,motion
2850428,-8355840,-8355840,motion
2850436,-8355840,-8355840,motion
2850444,-8355840,-8355840,motion
2850452,-8355840,-8355840,motion
2850460,-8355840,-8355840,motion
2850468,-8355840,-8355840,motion
2850477,-8355840,-8355840,motion
2850484,-8355840,-8355840,motion
2850493,-8355840,-8355840,motion
2850500,-8355840,-8355840,motion
2850509,-8355840,-8355840,motion
2850516,-8355840,-8355840,motion
2850525,-8355840,-8355840,motion
2850533,-8355840,-8355840,motion
2850541,-8355840,-8355840,motion
2850549,-8355840,-8355840,motion
2850557,-8355840,-8355840,motion
2850565,-8355840,-8355840,motion
2850573,-8355840,-8355840,motion
2850581,-8355840,-8355840,motion
2850589,-8355840,-8355840,motion
2850597,-8355840,-8355840,motion
2850605,-8355840,-8355840,motion
2850613,-8355840,-8355840,motion
2850621,-8355840,-8355840,motion
2850629,-8355840,-8355658,motion
2850637,-8355840,-8355840,motion
2850645,-8355840,-8092422,motion
2850653,-8355701,-8355840,motion
2850661,-8355840,-8355840,motion
2850669,-5789823,-6710881,motion
2850677,-8355840,-8355840,motion
2850685,-8355840,-6447739,motion
2850693,-6908339,-8355840,motion
2850701,-8355840,-8355840,motion
2850709,-5065994,-6645004,motion
2850717,-8355840,-8355840,motion
2850725,-8355840,-6052915,motion
2850733,-7368919,-8355840,motion
2850741,-8355840,-8355840,motion
2850749,-4802912,-8092451,motion
2850757,-8355840,-8355840,motion
2850765,-8355840,-5395091,motion
2850774,-8355743,-8355840,motion
2850781,-8355840,-8355840,motion
2850790,-4342289,-7566250,motion
2850797,-8355840,-8355840,motion
2850806,-8355840,-5197580,motion
2850813,-8355840,-8355840,motion
2850821,-8355840,-8355840,motion
2850830,-3881917,-8355743,motion
2850838,-8355840,-8355840,motion
2850846,-8355840,-4934514,motion
2850854,-8355840,-8355840,motion
2850862,-8355840,-8355840,motion
2850870,-3552929,-8355840,motion
2850878,-8355840,-8355840,motion
2850886,-8355840,-4605614,motion
2850894,-8355840,-8355840,motion
2850902,-8355840,-8355840,motion
2850910,-3158169,-8355840,motion
2850918,-8355840,-8355840,motion
2850926,-8355840,-4210799,motion
2850934,-8355840,-8355840,motion
2850942,-8355840,-8355840,motion
2850950,-2829184,-8355840,motion
2850958,-8355840,-8355840,motion
2850966,-8355840,-3881827,motion
2850974,-8355840,-8355840,motion
2850982,-8355840,-8355840,motion
2850990,-2631820,-8355840,motion
2850998,-8355840,-8355840,motion
2851006,-8355840,-2895082,motion
2851014,-8355840,-8355840,motion
2851022,-8355840,-8355840,motion
2851030,-2302950,-8355840,motion
2851038,-8355840,-8355840,motion
2851046,-8355840,-2829225,motion
2851055,-8355840,-8355840,motion
2851062,-8355840,-8355840,motion
2851070,-1973905,-8355840,motion
2851078,-8355840,-8355840,motion
2851087,-8355840,-2368737,motion
2851094,-8355840,-8355840,motion
2851102,-8355840,-8355840,motion
2851111,-1579046,-8355840,motion
2851118,-8355840,-8355840,motion
2851127,-8355840,-2302910,motion
2851134,-8355840,-8355840,motion
2851143,-8355840,-8355840,motion
2851151,-1973878,-8355840,motion
2851159,-8355840,-8355840,motion
2851167,-8355840,-2302791,motion
2851175,-8355840,-8355840,motion
2851183,-8355840,-8355840,motion
2851191,-2302919,-8355840,motion
2851199,-8355840,-8355840,motion
2851207,-8355840,-2237170,motion
2851215,-8355840,-8355840,motion
2851223,-8355840,-8355840,motion
2851231,-2697580,-8355840,motion
2851239,-8355840,-8355840,motion
2851247,-8355840,-2697495,motion
2851255,-8355840,-8355840,motion
2851263,-8355840,-8355840,motion
2851271,-3158076,-8355840,motion
2851279,-8355840,-8355840,motion
2851287,-8355840,-3158118,motion
2851295,-8355840,-8355840,motion
2851303,-8355840,-8355840,motion
2851311,-3552907,-8355840,motion
2851319,-8355840,-8355840,motion
2851327,-8355840,-3026493,motion
2851335,-8355840,-8355840,motion
2851343,-8355840,-8355840,motion
2851351,-3750281,-8355840,motion
2851359,-8355840,-8355840,motion
2851367,-8290037,-3684404,motion
2851375,-8355840,-8355840,motion
2851383,-8355840,-8355840,motion
2851392,-4276567,-8355840,motion
2851399,-8355840,-8355840,motion
2851408,-7895291,-3947611,motion
2851415,-8355840,-8355840,motion
2851423,-8355840,-8355840,motion
2851432,-4671356,-8355840,motion
2851440,-8355840,-8355840,motion
2851448,-7434546,-4342316,motion
2851456,-8355840,-8355840,motion
2851464,-8355840,-8224084,motion
2851472,-5066188,-8355840,motion
2851480,-8355840,-8355840,motion
2851488,-7105736,-4737275,motion
2851496,-8355840,-8355840,motion
2851504,-8355840,-7961020,motion
2851512,-5329352,-8355840,motion
2851520,-8355840,-8355840,motion
2851528,-6513480,-5131809,motion
2851536,-8355840,-8355840,motion
2851544,-8355840,-7500351,motion
2851552,-5723971,-8355840,motion
2851560,-8355840,-8355840,motion
2851568,-6250370,-5197600,motion
2851576,-8355840,-8355840,motion
2851584,-8355840,-6842402,motion
2851592,-6118803,-8355840,motion
2851600,-8355840,-8355840,motion
2851608,-5526765,-6250428,motion
2851616,-8355840,-8355840,motion
2851624,-8355840,-6513579,motion
2851632,-6645047,-8355840,motion
2851640,-8355840,-8355840,motion
2851648,-4737196,-6118761,motion
2851656,-8355840,-8355840,motion
2851664,-8355840,-6118691,motion
2851672,-6908381,-8355840,motion
2851680,-8355840,-8355840,motion
2851689,-4079289,-6974003,motion
2851697,-8355840,-8355840,motion
2851704,-8355840,-5329353,motion
2851713,-7500331,-8355840,motion
2851720,-8355840,-8355840,motion
2851728,-3487050,-6645175,motion
2851736,-8355840,-8355840,motion
2851745,-8355840,-4210850,motion
2851753,-8289867,-8355840,motion
2851761,-8355840,-8355840,motion
2851769,-2960877,-7566335,motion
2851776,-8355840,-8355840,motion
2851785,-8355840,-4144919,motion
2851793,-8355840,-8355840,motion
2851801,-8355840,-8355840,motion
2851809,-2763271,-8355658,motion
2851817,-8355840,-8355840,motion
2851825,-8355840,-3289695,motion
2851833,-8355840,-8355840,motion
2851841,-8355840,-8355840,motion
2851849,-2434359,-8355786,motion
2851857,-8355840,-8355840,motion
2851865,-8355840,-3223896,motion
2851873,-8355840,-8355840,motion
2851881,-8355840,-8355840,motion
2851889,-2039560,-8355840,motion
2851897,-8355840,-8355840,motion
2851905,-8355840,-2697653,motion
2851913,-8355840,-8355840,motion
2851921,-8355840,-8355840,motion
2851929,-1710668,-8355840,motion
2851937,-8355840,-8355840,motion
2851945,-8355840,-2302966,motion
2851953,-8355840,-8355840,motion
2851961,-8355840,-8355840,motion
2851969,-1513371,-8355840,motion
2851977,-8355840,-8355840,motion
2851986,-8355760,-1842275,motion
2851993,-8355840,-8355840,motion
2852001,-8355840,-8355840,motion
2852010,-1184310,-8355840,motion
2852017,-8355840,-8355840,motion
2852026,-8355603,-1513443,motion
2852033,-8355840,-8355840,motion
2852041,-8355840,-8355840,motion
2852050,-1052859,-8355840,motion
2852058,-8355840,-8355840,motion
2852066,-8289797,-1381777,motion
2852074,-8355840,-8355840,motion
2852082,-8355840,-8355840,motion
2852090,-1710671,-8355840,motion
2852098,-8355840,-8355840,motion
2852106,-8289793,-1316053,motion
2852114,-8355840,-8355840,motion
2852122,-8355840,-8355840,motion
2852130,-2039669,-8355840,motion
2852138,-8355840,-8355840,motion
2852146,-8224255,-1447597,motion
2852154,-8355840,-8355840,motion
2852162,-8355840,-8355840,motion
2852170,-2302876,-8355840,motion
2852178,-8355840,-8355840,motion
2852186,-8289890,-1842381,motion
2852194,-8355840,-8355840,motion
2852202,-8355840,-8355840,motion
2852210,-2697495,-8355840,motion
2852218,-8355840,-8355840,motion
2852226,-8355732,-2566126,motion
2852234,-8355840,-8355840,motion
2852242,-8355840,-8355840,motion
2852250,-2960830,-8355840,motion
2852258,-8355840,-8355840,motion
2852266,-8355811,-2894911,motion
2852275,-8355840,-8355840,motion
2852282,-8355840,-8355840,motion
2852290,-3552780,-8355840,motion
2852298,-8355840,-8355840,motion
2852306,-8289957,-3355449,motion
2852315,-8355840,-8355840,motion
2852322,-8355840,-8355840,motion
2852331,-3947654,-8355840,motion
2852338,-8355840,-8355840,motion
2852346,-7961007,-3289785,motion
2852354,-8355840,-8355840,motion
2852362,-8355840,-8355840,motion
2852371,-4408149,-8355840,motion
2852379,-8355840,-8355840,motion
2852387,-7566086,-4013488,motion
2852395,-8355840,-8355840,motion
2852403,-8355840,-8290012,motion
2852411,-4802981,-8355840,motion
2852419,-8355840,-8355840,motion
2852427,-7302919,-4079236,motion
2852435,-8355840,-8355840,motion
2852443,-8355840,-7960956,motion
2852451,-5066060,-8355840,motion
2852459,-8355840,-8355840,motion
2852467,-6776760,-5000312,motion
2852475,-8355840,-8355840,motion
2852483,-8355840,-7829315,motion
2852491,-5460977,-8355840,motion
2852499,-8355840,-8355840,motion
2852507,-6513653,-4934436,motion
2852515,-8355840,-8355840,motion
2852523,-8355840,-7237316,motion
2852531,-5921472,-8355840,motion
2852539,-8355840,-8355840,motion
2852547,-6052942,-6118676,motion
2852555,-8355840,-8355840,motion
2852563,-8355840,-7105584,motion
2852571,-6381968,-8355840,motion
2852579,-8355840,-8355840,motion
2852587,-5724086,-5987178,motion
2852595,-8355840,-8355840,motion
2852603,-8355840,-7039837,motion
2852611,-6710923,-8355840,motion
2852619,-8355840,-8355840,motion
2852627,-5329358,-6579298,motion
2852636,-8355840,-8355840,motion
2852643,-8355840,-6316219,motion
2852652,-7302916,-8355840,motion
2852659,-8355840,-8355840,motion
2852667,-5000442,-6381968,motion
2852676,-8355840,-8355840,motion
2852684,-8355840,-5658306,motion
2852692,-8290037,-8355840,motion
2852700,-8355840,-8355840,motion
2852708,-4605554,-7303128,motion
2852716,-8355840,-8355840,motion
2852724,-8355840,-5855515,motion
2852732,-8355840,-8355840,motion
2852740,-8355840,-8355840,motion
2852748,-3881966,-8355840,motion
2852756,-8355840,-8355840,motion
2852764,-8355840,-5066182,motion
2852772,-8355840,-8355840,motion
2852780,-8355840,-8355840,motion
2852788,-3684368,-8355828,motion
2852796,-8355840,-8355840,motion
2852804,-8355840,-4605563,motion
2852812,-8355840,-8355840,motion
2852820,-8355840,-8355840,motion
2852828,-3289684,-8355840,motion
2852836,-8355840,-8355840,motion
2852844,-8355840,-4276559,motion
2852852,-8355840,-8355840,motion
2852860,-8355840,-8355840,motion
2852868,-2829165,-8355840,motion
2852876,-8355840,-8355840,motion
2852884,-8355840,-3815956,motion
2852892,-8355840,-8355840,motion
2852900,-8355840,-8355840,motion
2852908,-2500100,-8355840,motion
2852916,-8355840,-8355840,motion
2852924,-8355840,-3223814,motion
2852933,-8355840,-8355840,motion
2852940,-8355840,-8355840,motion
2852948,-1908040,-8355840,motion
2852957,-8355840,-8355840,motion
2852964,-8355840,-2763383,motion
2852973,-8355840,-8355840,motion
2852981,-8355840,-8355840,motion
2852989,-1710719,-8355840,motion
2852997,-8355840,-8355840,motion
2853005,-8355840,-2302845,motion
2853013,-8355840,-8355840,motion
2853021,-8355840,-8355840,motion
2853029,-1513223,-8355840,motion
2853037,-8355840,-8355840,motion
2853045,-8355840,-1776579,motion
2853053,-8355840,-8355840,motion
2853061,-8355840,-8355840,motion
2853069,-1645050,-8355840,motion
2853077,-8355840,-8355840,motion
2853085,-8355840,-1710822,motion
2853093,-8355840,-8355840,motion
2853101,-8355840,-8355840,motion
2853109,-2171209,-8355840,motion
2853117,-8355840,-8355840,motion
2853125,-8355840,-1908172,motion
2853133,-8355840,-8355840,motion
2853141,-8355840,-8355840,motion
2853149,-2631789,-8355840,motion
2853157,-8355840,-8355840,motion
2853165,-8355840,-2237085,motion
2853173,-8355840,-8355840,motion
2853181,-8355840,-8355840,motion
2853189,-2895039,-8355840,motion
2853197,-8355840,-8355840,motion
2853205,-8355840,-2894869,motion
2853213,-8355840,-8355840,motion
2853221,-8355840,-8355840,motion
2853229,-3421282,-8355840,motion
2853237,-8355840,-8355840,motion
2853245,-8355840,-2894996,motion
2853254,-8355840,-8355840,motion
2853261,-8355840,-8355840,motion
2853269,-3815987,-8355840,motion
2853278,-8355840,-8355840,motion
2853286,-8355696,-3223952,motion
2853294,-8355840,-8355840,motion
2853302,-8355840,-8355840,motion
2853310,-4210776,-8355840,motion
2853318,-8355840,-8355840,motion
2853326,-8026651,-3684489,motion
2853334,-8355840,-8355840,motion
2853342,-8355840,-8355840,motion
2853350,-4408319,-8355840,motion
2853358,-8355840,-8355840,motion
2853366,-7566145,-4342273,motion
2853374,-8355840,-8355840,motion
2853382,-8355840,-8355586,motion
2853390,-4868644,-8355840,motion
2853398,-8355840,-8355840,motion
2853406,-7171386,-4671484,motion
2853414,-8355840,-8355840,motion
2853422,-8355840,-8158214,motion
2853430,-5263391,-8355840,motion
2853438,-8355840,-8355840,motion
2853446,-6776782,-4671271,motion
2853454,-8355840,-8355840,motion
2853462,-8355840,-7500340,motion
2853470,-5526556,-8355840,motion
2853478,-8355840,-8355840,motion
2853486,-6316057,-5460935,motion
2853494,-8355840,-8355840,motion
2853502,-8355840,-7237247,motion
2853510,-6052969,-8355840,motion
2853518,-8355840,-8355840,motion
2853526,-5921508,-5460807,motion
2853534,-8355840,-8355840,motion
2853543,-8355840,-6513525,motion
2853551,-6381883,-8355840,motion
2853558,-8355840,-8355840,motion
2853567,-5395079,-6250428,motion
2853574,-8355840,-8355840,motion
2853582,-8355840,-6579208,motion
2853591,-6908296,-8355840,motion
2853599,-8355840,-8355840,motion
2853607,-4539842,-6776714,motion
2853615,-8355840,-8355840,motion
2853623,-8355840,-5526617,motion
2853631,-7237167,-8355840,motion
2853639,-8355840,-8355840,motion
2853647,-4013550,-6974130,motion
2853655,-8355840,-8355840,motion
2853663,-8355840,-5000271,motion
2853671,-8290037,-8355840,motion
2853679,-8355840,-8355840,motion
2853687,-3684431,-6973960,motion
2853695,-8355840,-8355840,motion
2853703,-8355840,-4671277,motion
2853711,-8355828,-8355840,motion
2853719,-8355840,-8355840,motion
2853727,-3224030,-8289995,motion
2853735,-8355840,-8355840,motion
2853743,-8355840,-4079236,motion
2853751,-8355840,-8355840,motion
2853759,-8355840,-8355840,motion
2853767,-2697690,-8355828,motion
2853775,-8355840,-8355840,motion
2853783,-8355840,-3618684,motion
2853791,-8355840,-8355840,motion
2853799,-8355840,-8355840,motion
2853807,-2368568,-8355840,motion
2853816,-8355840,-8355840,motion
2853823,-8355840,-3092403,motion
2853831,-8355840,-8355840,motion
2853839,-8355840,-8355840,motion
2853847,-2039748,-8355840,motion
2853855,-8355840,-8355840,motion
2853863,-8355840,-2500108,motion
2853872,-8355840,-8355840,motion
2853880,-8355840,-8355840,motion
2853887,-1579151,-8355840,motion
2853895,-8355840,-8355840,motion
2853904,-8355840,-2171313,motion
2853912,-8355840,-8355840,motion
2853920,-8355840,-8355840,motion
2853928,-1315913,-8355840,motion
2853936,-8355840,-8355840,motion
2853944,-8355705,-1842204,motion
2853952,-8355840,-8355840,motion
2853960,-8355840,-8355840,motion
2853968,-1052903,-8355840,motion
2853976,-8355840,-8355840,motion
2853984,-8224164,-1447443,motion
2853992,-8355840,-8355840,motion
2854000,-8355840,-8355840,motion
2854008,-1250261,-8355840,motion
2854016,-8355840,-8355840,motion
2854024,-8092643,-1184283,motion
2854032,-8355840,-8355840,motion
2854040,-8355840,-8355840,motion
2854048,-1776420,-8355840,motion
2854056,-8355840,-8355840,motion
2854064,-7961026,-1381750,motion
2854072,-8355840,-8355840,motion
2854080,-8355840,-8355840,motion
2854088,-1973963,-8355840,motion
2854096,-8355840,-8355840,motion
2854104,-7960889,-1776505,motion
2854112,-8355840,-8355840,motion
2854120,-8355840,-8355818,motion
2854128,-2631789,-8355840,motion
2854136,-8355840,-8355840,motion
2854144,-7829487,-2302791,motion
2854152,-8355840,-8355840,motion
2854160,-8355840,-8355682,motion
2854168,-3026493,-8355840,motion
2854177,-8355840,-8355840,motion
2854184,-7697783,-2500164,motion
2854193,-8355840,-8355840,motion
2854201,-8355840,-8224182,motion
2854209,-3158246,-8355840,motion
2854217,-8355840,-8355840,motion
2854224,-7500334,-2697538,motion
2854233,-8355840,-8355840,motion
2854241,-8355840,-8158370,motion
2854249,-3684447,-8355840,motion
2854257,-8355840,-8355840,motion
2854265,-7105560,-3684362,motion
2854273,-8355840,-8355840,motion
2854281,-8355840,-8289867,motion
2854289,-4079321,-8355840,motion
2854297,-8355840,-8355840,motion
2854305,-6381952,-3947611,motion
2854313,-8355840,-8355840,motion
2854321,-8355840,-7895220,motion
2854329,-4474025,-8355840,motion
2854337,-8355840,-8355840,motion
2854345,-6316137,-4408277,motion
2854353,-8355840,-8355840,motion
2854361,-8355840,-7632001,motion
2854369,-4605608,-8355840,motion
2854377,-8355840,-8355840,motion
2854385,-5921362,-4276567,motion
2854393,-8355840,-8355840,motion
2854401,-8355840,-6842562,motion
2854409,-4671484,-8355840,motion
2854417,-8355840,-8355840,motion
2854425,-5329321,-5460977,motion
2854433,-8355840,-8355840,motion
2854441,-8355840,-6645097,motion
2854449,-5131851,-8355840,motion
2854457,-8355840,-8355840,motion
2854465,-4802999,-5460892,motion
2854474,-8355840,-8355840,motion
2854481,-8355840,-6447853,motion
2854489,-5789848,-8355840,motion
2854498,-8355840,-8355840,motion
2854506,-4145134,-6250385,motion
2854514,-8355840,-8355840,motion
2854522,-8355840,-5855525,motion
2854529,-6513507,-8355840,motion
2854537,-8355840,-8355840,motion
2854546,-4013449,-6250343,motion
2854554,-8355840,-8355840,motion
2854562,-8355840,-4342291,motion
2854570,-7105712,-8355840,motion
2854578,-8355840,-8355840,motion
2854586,-3487222,-6184679,motion
2854594,-8355840,-8355840,motion
2854602,-8355840,-4934491,motion
2854610,-8224246,-8355840,motion
2854618,-8355840,-8355840,motion
2854626,-3355500,-6776757,motion
2854634,-8355840,-8355840,motion
2854642,-8355840,-4934426,motion
2854650,-8355616,-8355840,motion
2854658,-8355840,-8355840,motion
2854666,-3223962,-8355616,motion
2854674,-8355840,-8355840,motion
2854682,-8355840,-3947626,motion
2854690,-8355743,-8355840,motion
2854698,-8355840,-8355840,motion
2854706,-2894926,-8355840,motion
2854714,-8355840,-8355840,motion
2854722,-8355840,-3618721,motion
2854730,-8355840,-8355840,motion
2854738,-8355840,-8355840,motion
2854746,-2697476,-8355840,motion
2854754,-8355840,-8355840,motion
2854762,-8355840,-3289690,motion
2854770,-8355840,-8355840,motion
2854778,-8355840,-8355840,motion
2854787,-2237129,-8355840,motion
2854794,-8355840,-8355840,motion
2854803,-8355840,-2894925,motion
2854810,-8355840,-8355840,motion
2854818,-8355840,-8355840,motion
2854827,-1907971,-8355840,motion
2854835,-8355840,-8355840,motion
2854843,-8355840,-2631883,motion
2854851,-8355840,-8355840,motion
2854859,-8355840,-8355840,motion
2854867,-1842231,-8355840,motion
2854875,-8355840,-8355840,motion
2854883,-8355840,-2039743,motion
2854891,-8355840,-8355840,motion
2854899,-8355840,-8355840,motion
2854907,-1381727,-8355840,motion
2854915,-8355840,-8355840,motion
2854923,-8355840,-1908060,motion
2854931,-8355840,-8355840,motion
2854939,-8355840,-8355840,motion
2854947,-1447454,-8355840,motion
2854955,-8355840,-8355840,motion
2854963,-8355840,-1513313,motion
2854971,-8355840,-8355840,motion
2854979,-8355840,-8355840,motion
2854987,-1776420,-8355840,motion
2854995,-8355840,-8355840,motion
2855003,-8355840,-1447434,motion
2855011,-8355840,-8355840,motion
2855019,-8355840,-8355840,motion
2855027,-2171251,-8355840,motion
2855035,-8355840,-8355840,motion
2855043,-8355840,-1645007,motion
2855051,-8355840,-8355840,motion
2855059,-8355840,-8355840,motion
2855067,-2631747,-8355840,motion
2855075,-8355840,-8355840,motion
2855083,-8355840,-2105503,motion
2855092,-8355840,-8355840,motion
2855099,-8355840,-8355840,motion
2855108,-2960702,-8355840,motion
2855116,-8355840,-8355840,motion
2855124,-8355840,-2500292,motion
2855132,-8355840,-8355840,motion
2855140,-8355840,-8355840,motion
2855148,-3355619,-8355840,motion
2855156,-8355840,-8355840,motion
2855164,-8355840,-2894869,motion
2855172,-8355840,-8355840,motion
2855180,-8355840,-8355840,motion
2855188,-3684532,-8355840,motion
2855196,-8355840,-8355840,motion
2855204,-8355797,-3223867,motion
2855212,-8355840,-8355840,motion
2855220,-8355840,-8355840,motion
2855228,-3947739,-8355840,motion
2855236,-8355840,-8355840,motion
2855244,-8092610,-3947611,motion
2855252,-8355840,-8355840,motion
2855260,-8355840,-8355840,motion
2855268,-4474068,-8355840,motion
2855276,-8355840,-8355840,motion
2855284,-7763481,-4473983,motion
2855292,-8355840,-8355840,motion
2855300,-8355840,-8355840,motion
2855308,-4868729,-8355840,motion
2855316,-8355840,-8355840,motion
2855324,-7368741,-4539859,motion
2855332,-8355840,-8355840,motion
2855340,-8355840,-8355810,motion
2855348,-5395016,-8355840,motion
2855356,-8355840,-8355840,motion
2855364,-6908403,-4934648,motion
2855372,-8355840,-8355840,motion
2855380,-8355840,-8224006,motion
2855388,-5658180,-8355840,motion
2855396,-8355840,-8355840,motion
2855404,-6579329,-5592389,motion
2855413,-8355840,-8355840,motion
2855421,-8355840,-7566311,motion
2855428,-6053097,-8355840,motion
2855436,-8355840,-8355840,motion
2855445,-6316075,-5789805,motion
2855453,-8355840,-8355840,motion
2855461,-8355840,-6776661,motion
2855469,-6513465,-8355840,motion
2855477,-8355840,-8355840,motion
2855485,-5789768,-6513592,motion
2855493,-8355840,-8355840,motion
2855501,-8355840,-7171345,motion
2855509,-7039964,-8355840,motion
2855517,-8355840,-8355840,motion
2855525,-5066185,-8158413,motion
2855533,-8355840,-8355840,motion
2855541,-8355840,-6118860,motion
2855549,-8290037,-8355840,motion
2855557,-8355840,-8355840,motion
2855565,-4934641,-6974045,motion
2855573,-8355840,-8355840,motion
2855581,-8355840,-6184624,motion
2855589,-8355828,-8355840,motion
2855597,-8355840,-8355840,motion
2855605,-4013414,-8355840,motion
2855613,-8355840,-8355840,motion
2855621,-8355840,-5658273,motion
2855629,-8355786,-8355840,motion
2855637,-8355840,-8355840,motion
2855645,-4013390,-8355658,motion
2855653,-8355840,-8355840,motion
2855661,-8355840,-4934402,motion
2855669,-8355840,-8355840,motion
2855677,-8355840,-8355840,motion
2855685,-3552864,-8355840,motion
2855694,-8355840,-8355840,motion
2855701,-8355840,-4473885,motion
2855710,-8355840,-8355840,motion
2855718,-8355840,-8355840,motion
2855726,-3026686,-8355840,motion
2855734,-8355840,-8355840,motion
2855742,-8355840,-3881978,motion
2855750,-8355840,-8355840,motion
2855757,-8355840,-8355840,motion
2855766,-2631865,-8355840,motion
2855774,-8355840,-8355840,motion
2855782,-8355840,-3421377,motion
2855790,-8355840,-8355840,motion
2855798,-8355840,-8355840,motion
2855806,-2105577,-8355840,motion
2855814,-8355840,-8355840,motion
2855822,-8355840,-3026480,motion
2855830,-8355840,-8355840,motion
2855838,-8355840,-8355840,motion
2855846,-1776582,-8355840,motion
2855854,-8355840,-8355840,motion
2855862,-8355840,-2434551,motion
2855870,-8355840,-8355840,motion
2855878,-8355840,-8355840,motion
2855886,-1513282,-8355840,motion
2855894,-8355840,-8355840,motion
2855902,-8355840,-1973814,motion
2855910,-8355840,-8355840,motion
2855918,-8355840,-8355840,motion
2855926,-1579216,-8355840,motion
2855934,-8355840,-8355840,motion
2855942,-8355840,-1710661,motion
2855950,-8355840,-8355840,motion
2855958,-8355840,-8355840,motion
2855966,-2039669,-8355840,motion
2855975,-8355840,-8355840,motion
2855982,-8355840,-1776420,motion
2855990,-8355840,-8355840,motion
2855998,-8355840,-8355840,motion
2856006,-2368667,-8355840,motion
2856015,-8355840,-8355840,motion
2856022,-8355840,-1908044,motion
2856031,-8355840,-8355840,motion
2856039,-8355840,-8355840,motion
2856047,-2697580,-8355840,motion
2856054,-8355840,-8355840,motion
2856063,-8355840,-2237000,motion
2856071,-8355840,-8355840,motion
2856079,-8355840,-8355840,motion
2856087,-3158033,-8355840,motion
2856095,-8355840,-8355840,motion
2856103,-8355840,-2829205,motion
2856111,-8355840,-8355840,motion
2856119,-8355840,-8355840,motion
2856127,-3487031,-8355840,motion
2856135,-8355840,-8355840,motion
2856143,-8355642,-3026536,motion
2856151,-8355840,-8355840,motion
2856159,-8355840,-8355840,motion
2856167,-3816029,-8355840,motion
2856175,-8355840,-8355840,motion
2856183,-7895043,-3355406,motion
2856191,-8355840,-8355840,motion
2856199,-8355840,-8355840,motion
2856207,-4210903,-8355840,motion
2856215,-8355840,-8355840,motion
2856223,-7171542,-3750238,motion
2856231,-8355840,-8355840,motion
2856239,-8355840,-8355840,motion
2856247,-4408234,-8355840,motion
2856255,-8355840,-8355840,motion
2856263,-6710905,-4408107,motion
2856272,-8355840,-8355840,motion
2856279,-8355840,-7895270,motion
2856287,-4737232,-8355840,motion
2856295,-8355840,-8355840,motion
2856303,-6052995,-4474068,motion
2856311,-8355840,-8355840,motion
2856320,-8355840,-6842468,motion
2856328,-4803023,-8355840,motion
2856335,-8355840,-8355840,motion
2856344,-5394977,-5131809,motion
2856352,-8355840,-8355840,motion
2856359,-8355840,-6645229,motion
2856368,-5131809,-8355840,motion
2856375,-8355840,-8355840,motion
2856384,-4737267,-5000439,motion
2856392,-8355840,-8355840,motion
2856400,-8355840,-5592381,motion
2856408,-5395016,-8355840,motion
2856416,-8355840,-8355840,motion
2856424,-3947579,-5921387,motion
2856432,-8355840,-8355840,motion
2856440,-8355840,-5329403,motion
2856448,-5987178,-8355840,motion
2856456,-8355840,-8355840,motion
2856464,-2566034,-6053012,motion
2856472,-8355840,-8355840,motion
2856480,-8355840,-4342357,motion
2856488,-6776714,-8355840,motion
2856496,-8355840,-8355840,motion
2856504,-2368758,-6513465,motion
2856512,-8355840,-8355840,motion
2856520,-8355840,-3750385,motion
2856528,-6908296,-8355840,motion
2856536,-8355840,-8355840,motion
2856544,-2105506,-6184509,motion
2856552,-8355840,-8355840,motion
2856560,-8355840,-3289833,motion
2856568,-8289952,-8355840,motion
2856576,-8355840,-8355840,motion
2856584,-2237115,-7039794,motion
2856593,-8355840,-8355840,motion
2856600,-8355840,-3223893,motion
2856608,-8355828,-8355840,motion
2856616,-8355840,-8355840,motion
2856624,-2302800,-7237295,motion
2856632,-8355840,-8355840,motion
2856641,-8355840,-2829226,motion
2856648,-8355786,-8355840,motion
2856656,-8355840,-8355840,motion
2856665,-2171172,-8355828,motion
2856673,-8355840,-8355840,motion
2856681,-8355840,-2829249,motion
2856688,-8355840,-8355840,motion
2856697,-8355840,-8355840,motion
2856705,-1842280,-8355840,motion
2856713,-8355840,-8355840,motion
2856721,-8355840,-2434531,motion
2856729,-8355840,-8355840,motion
2856737,-8355840,-8355840,motion
2856745,-1579074,-8355840,motion
2856753,-8355840,-8355840,motion
2856761,-8355657,-2237143,motion
2856769,-8355840,-8355840,motion
2856777,-8355840,-8355840,motion
2856785,-1447460,-8355840,motion
2856793,-8355840,-8355840,motion
2856801,-8224183,-1644933,motion
2856809,-8355840,-8355840,motion
2856817,-8355840,-8355840,motion
2856825,-1052773,-8355840,motion
2856833,-8355840,-8355840,motion
2856841,-8158271,-1513373,motion
2856849,-8355840,-8355840,motion
2856857,-8355840,-8355840,motion
2856865,-1118645,-8355840,motion
2856873,-8355840,-8355840,motion
2856881,-8092439,-1250113,motion
2856889,-8355840,-8355840,motion
2856898,-8355840,-8355840,motion
2856905,-1513376,-8355840,motion
2856913,-8355840,-8355840,motion
2856921,-8026747,-1184465,motion
2856930,-8355840,-8355840,motion
2856937,-8355840,-8355840,motion
2856945,-1973835,-8355840,motion
2856954,-8355840,-8355840,motion
2856962,-8026656,-1579074,motion
2856970,-8355840,-8355840,motion
2856977,-8355840,-8355840,motion
2856986,-2434501,-8355840,motion
2856994,-8355840,-8355840,motion
2857002,-7960904,-2105503,motion
2857010,-8355840,-8355840,motion
2857018,-8355840,-8355840,motion
2857026,-2829077,-8355840,motion
2857034,-8355840,-8355840,motion
2857042,-7829470,-2434331,motion
2857050,-8355840,-8355840,motion
2857058,-8355840,-8355840,motion
2857066,-2895039,-8355840,motion
2857074,-8355840,-8355840,motion
2857082,-7763662,-3289700,motion
2857090,-8355840,-8355840,motion
2857098,-8355840,-8355840,motion
2857106,-3552865,-8355840,motion
2857114,-8355840,-8355840,motion
2857122,-7566292,-3355534,motion
2857130,-8355840,-8355840,motion
2857138,-8355840,-8355840,motion
2857146,-3881948,-8355840,motion
2857154,-8355840,-8355840,motion
2857162,-7434606,-3289828,motion
2857170,-8355840,-8355840,motion
2857178,-8355840,-8355840,motion
2857186,-4408277,-8355840,motion
2857194,-8355840,-8355840,motion
2857202,-7171459,-4013402,motion
2857210,-8355840,-8355840,motion
2857218,-8355840,-8355840,motion
2857226,-4803023,-8355840,motion
2857235,-8355840,-8355840,motion
2857242,-7039884,-4342273,motion
2857251,-8355840,-8355840,motion
2857258,-8355840,-8224006,motion
2857266,-5131979,-8355840,motion
2857275,-8355840,-8355840,motion
2857283,-6842518,-4934436,motion
2857291,-8355840,-8355840,motion
2857299,-8355840,-7697814,motion
2857307,-5460764,-8355840,motion
2857315,-8355840,-8355840,motion
2857323,-6447649,-5395058,motion
2857331,-8355840,-8355840,motion
2857339,-8355840,-7500378,motion
2857347,-5921515,-8355840,motion
2857355,-8355840,-8355840,motion
2857363,-6118714,-5329352,motion
2857371,-8355840,-8355840,motion
2857379,-8355840,-6842596,motion
2857387,-6316176,-8355840,motion
2857395,-8355840,-8355840,motion
2857403,-5592527,-6250343,motion
2857411,-8355840,-8355840,motion
2857419,-8355840,-6645080,motion
2857427,-6908211,-8355840,motion
2857435,-8355840,-8355840,motion
2857443,-5329371,-6053055,motion
2857451,-8355840,-8355840,motion
2857459,-8355840,-5987281,motion
2857467,-7105712,-8355840,motion
2857475,-8355840,-8355840,motion
2857483,-4868829,-6974088,motion
2857491,-8355840,-8355840,motion
2857499,-8355840,-6184557,motion
2857507,-8355658,-8355840,motion
2857515,-8355840,-8355840,motion
2857524,-3947697,-8355786,motion
2857531,-8355840,-8355840,motion
2857539,-8355840,-5658144,motion
2857547,-8355743,-8355840,motion
2857555,-8355840,-8355840,motion
2857563,-4013369,-8355701,motion
2857572,-8355840,-8355840,motion
2857580,-8355840,-4934498,motion
2857588,-8355840,-8355840,motion
2857595,-8355840,-8355840,motion
2857604,-3618647,-8355840,motion
2857612,-8355840,-8355840,motion
2857620,-8355840,-4473983,motion
2857628,-8355840,-8355840,motion
2857636,-8355840,-8355840,motion
2857644,-3158067,-8355840,motion
2857652,-8355840,-8355840,motion
2857660,-8355840,-4013567,motion
2857668,-8355840,-8355840,motion
2857676,-8355840,-8355840,motion
2857684,-2763309,-8355840,motion
2857692,-8355840,-8355840,motion
2857700,-8355840,-3552936,motion
2857708,-8355840,-8355840,motion
2857716,-8355840,-8355840,motion
2857724,-2368579,-8355840,motion
2857732,-8355840,-8355840,motion
2857740,-8355840,-3158039,motion
2857748,-8355840,-8355840,motion
2857756,-8355840,-8355840,motion
2857764,-1842206,-8355840,motion
2857772,-8355840,-8355840,motion
2857780,-8355840,-2565955,motion
2857788,-8355840,-8355840,motion
2857796,-8355840,-8355840,motion
2857804,-1579046,-8355840,motion
2857812,-8355840,-8355840,motion
2857820,-8355840,-2171191,motion
2857828,-8355840,-8355840,motion
2857836,-8355840,-8355840,motion
2857844,-1513230,-8355840,motion
2857852,-8355840,-8355840,motion
2857860,-8355840,-1710786,motion
2857869,-8355840,-8355840,motion
2857876,-8355840,-8355840,motion
2857885,-1842423,-8355840,motion
2857893,-8355840,-8355840,motion
2857901,-8355840,-1776638,motion
2857909,-8355840,-8355840,motion
2857916,-8355840,-8355840,motion
2857925,-2237170,-8355840,motion
2857933,-8355840,-8355840,motion
2857941,-8355840,-1908044,motion
2857949,-8355840,-8355840,motion
2857957,-8355840,-8355840,motion
2857965,-2631874,-8355840,motion
2857973,-8355840,-8355840,motion
2857981,-8355840,-2237042,motion
2857989,-8355840,-8355840,motion
2857997,-8355840,-8355840,motion
2858005,-2894996,-8355840,motion
2858013,-8355840,-8355840,motion
2858021,-8355840,-2829077,motion
2858029,-8355840,-8355840,motion
2858037,-8355840,-8355840,motion
2858045,-3355449,-8355840,motion
2858053,-8355840,-8355840,motion
2858061,-8355840,-3026536,motion
2858069,-8355840,-8355840,motion
2858077,-8355840,-8355840,motion
2858085,-3816072,-8355840,motion
2858093,-8355840,-8355840,motion
2858101,-8289838,-3421410,motion
2858109,-8355840,-8355840,motion
2858117,-8355840,-8355840,motion
2858125,-4276567,-8355840,motion
2858133,-8355840,-8355840,motion
2858141,-7895260,-3816114,motion
2858149,-8355840,-8355840,motion
2858157,-8355840,-8355840,motion
2858165,-4605650,-8355840,motion
2858174,-8355840,-8355840,motion
2858181,-7566126,-4210733,motion
2858190,-8355840,-8355840,motion
2858197,-8355840,-8355840,motion
2858206,-5066018,-8355840,motion
2858214,-8355840,-8355840,motion
2858222,-7105779,-4605522,motion
2858230,-8355840,-8355840,motion
2858238,-8355840,-8289977,motion
2858246,-5395143,-8355840,motion
2858254,-8355840,-8355840,motion
2858262,-6842481,-5131894,motion
2858270,-8355840,-8355840,motion
2858278,-8355840,-7697861,motion
2858286,-5658223,-8355840,motion
2858294,-8355840,-8355840,motion
2858302,-6316276,-5855596,motion
2858310,-8355840,-8355840,motion
2858318,-8355840,-7500459,motion
2858326,-6118846,-8355840,motion
2858334,-8355840,-8355840,motion
2858342,-5987201,-5526641,motion
2858350,-8355840,-8355840,motion
2858358,-8355840,-6710836,motion
2858366,-6710966,-8355840,motion
2858374,-8355840,-8355840,motion
2858382,-5460869,-6184637,motion
2858390,-8355840,-8355840,motion
2858398,-8355840,-6710815,motion
2858406,-7105627,-8355840,motion
2858414,-8355840,-8355840,motion
2858423,-4342385,-7105585,motion
2858430,-8355840,-8355840,motion
2858438,-8355840,-5855542,motion
2858446,-7368707,-8355840,motion
2858454,-8355840,-8355840,motion
2858462,-4079285,-6908211,motion
2858471,-8355840,-8355840,motion
2858479,-8355840,-5263508,motion
2858486,-8355701,-8355840,motion
2858495,-8355840,-8355840,motion
2858502,-3881895,-7105712,motion
2858511,-8355840,-8355840,motion
2858519,-8355840,-4342339,motion
2858527,-8355840,-8355840,motion
2858535,-8355840,-8355840,motion
2858543,-3289804,-8355828,motion
2858551,-8355840,-8355840,motion
2858559,-8355840,-3947670,motion
2858567,-8355828,-8355840,motion
2858575,-8355840,-8355840,motion
2858583,-2763451,-8355828,motion
2858591,-8355840,-8355840,motion
2858599,-8355840,-3224038,motion
2858607,-8355840,-8355840,motion
2858615,-8355840,-8355840,motion
2858623,-2302792,-8355840,motion
2858631,-8355840,-8355840,motion
2858639,-8355840,-2829262,motion
2858647,-8355840,-8355840,motion
2858655,-8355840,-8355840,motion
2858663,-1908069,-8355840,motion
2858671,-8355840,-8355840,motion
2858679,-8355840,-2368601,motion
2858687,-8355840,-8355840,motion
2858695,-8355840,-8355840,motion
2858703,-1513463,-8355840,motion
2858711,-8355840,-8355840,motion
2858719,-8355840,-2039632,motion
2858727,-8355840,-8355840,motion
2858735,-8355840,-8355840,motion
2858744,-1184347,-8355840,motion
2858751,-8355840,-8355840,motion
2858760,-8289935,-1513442,motion
2858767,-8355840,-8355840,motion
2858775,-8355840,-8355840,motion
2858783,-921293,-8355840,motion
2858792,-8355840,-8355840,motion
2858800,-8026676,-1184500,motion
2858808,-8355840,-8355840,motion
2858815,-8355840,-8355840,motion
2858824,-1184348,-8355840,motion
2858832,-8355840,-8355840,motion
2858840,-7763510,-1250245,motion
2858848,-8355840,-8355840,motion
2858856,-8355840,-8158445,motion
2858864,-1447592,-8355840,motion
2858872,-8355840,-8355840,motion
2858880,-7500502,-1381640,motion
2858888,-8355840,-8355840,motion
2858896,-8355840,-7960868,motion
2858904,-2302919,-8355840,motion
2858912,-8355840,-8355840,motion
2858920,-7434515,-1381712,motion
2858928,-8355840,-8355840,motion
2858936,-8355840,-7895141,motion
2858944,-2894996,-8355840,motion
2858952,-8355840,-8355840,motion
2858960,-7237260,-2171166,motion
2858968,-8355840,-8355840,motion
2858976,-8355840,-7895251,motion
2858984,-2500164,-8355840,motion
2858992,-8355840,-8355840,motion
2859000,-6908198,-2894869,motion
2859008,-8355840,-8355840,motion
2859016,-8355840,-7763671,motion
2859024,-3487116,-8355840,motion
2859032,-8355840,-8355840,motion
2859040,-6710966,-3223867,motion
2859049,-8355840,-8355840,motion
2859056,-8355840,-7632102,motion
2859064,-3487201,-8355840,motion
2859072,-8355840,-8355840,motion
2859080,-6316069,-3026578,motion
2859088,-8355840,-8355840,motion
2859097,-8355840,-7303150,motion
2859105,-3487116,-8355840,motion
2859112,-8355840,-8355840,motion
2859121,-5987202,-3881778,motion
2859128,-8355840,-8355840,motion
2859136,-8355840,-7697851,motion
2859145,-4276652,-8355840,motion
2859153,-8355840,-8355840,motion
2859161,-5921514,-4342486,motion
2859169,-8355840,-8355840,motion
2859177,-8355840,-7171488,motion
2859185,-4408319,-8355840,motion
2859193,-8355840,-8355840,motion
2859201,-5724093,-4802981,motion
2859209,-8355840,-8355840,motion
2859217,-8355840,-7237356,motion
2859225,-5329182,-8355840,motion
2859233,-8355840,-8355840,motion
2859241,-5592384,-5000439,motion
2859249,-8355840,-8355840,motion
2859257,-8355840,-6908388,motion
2859265,-5592517,-8355840,motion
2859273,-8355840,-8355840,motion
2859281,-5263595,-5197642,motion
2859289,-8355840,-8355840,motion
2859297,-8355840,-6316132,motion
2859305,-6381883,-8355840,motion
2859313,-8355840,-8355840,motion
2859321,-4868756,-5987221,motion
2859329,-8355840,-8355840,motion
2859337,-8355840,-6447689,motion
2859345,-6711008,-8355840,motion
2859353,-8355840,-8355840,motion
2859361,-4539771,-6316134,motion
2859369,-8355840,-8355840,motion
2859378,-8355840,-5329264,motion
2859385,-6842420,-8355840,motion
2859393,-8355840,-8355840,motion
2859401,-3750387,-6645089,motion
2859410,-8355840,-8355840,motion
2859418,-8355840,-5329236,motion
2859426,-8355616,-8355840,motion
2859434,-8355840,-8355840,motion
2859442,-3816068,-7039836,motion
2859450,-8355840,-8355840,motion
2859458,-8355840,-4737094,motion
2859466,-8355701,-8355840,motion
2859474,-8355840,-8355840,motion
2859482,-3618604,-8355701,motion
2859490,-8355840,-8355840,motion
2859498,-8355840,-4474004,motion
2859506,-8355828,-8355840,motion
2859514,-8355840,-8355840,motion
2859522,-3421293,-8355786,motion
2859530,-8355840,-8355840,motion
2859538,-8355840,-4079319,motion
2859546,-8355840,-8355840,motion
2859554,-8355840,-8355840,motion
2859562,-2960785,-8355840,motion
2859570,-8355840,-8355840,motion
2859578,-8355840,-3684428,motion
2859586,-8355840,-8355840,motion
2859594,-8355840,-8355840,motion
2859602,-2631684,-8355840,motion
2859610,-8355840,-8355840,motion
2859618,-8355840,-3158026,motion
2859626,-8355840,-8355840,motion
2859634,-8355840,-8355840,motion
2859643,-2237178,-8355840,motion
2859650,-8355840,-8355840,motion
2859658,-8355840,-2894904,motion
2859666,-8355840,-8355840,motion
2859674,-8355840,-8355840,motion
2859682,-1776408,-8355840,motion
2859691,-8355840,-8355840,motion
2859698,-8355840,-2434309,motion
2859707,-8355840,-8355840,motion
2859714,-8355840,-8355840,motion
2859723,-1579191,-8355840,motion
2859731,-8355840,-8355840,motion
2859739,-8355840,-1973911,motion
2859747,-8355840,-8355840,motion
2859754,-8355840,-8355840,motion
2859763,-1513354,-8355840,motion
2859771,-8355840,-8355840,motion
2859779,-8355840,-1579170,motion
2859787,-8355840,-8355840,motion
2859795,-8355840,-8355840,motion
2859803,-1710756,-8355840,motion
2859811,-8355840,-8355840,motion
2859819,-8355840,-1710841,motion
2859827,-8355840,-8355840,motion
2859835,-8355840,-8355840,motion
2859843,-2237085,-8355840,motion
2859851,-8355840,-8355840,motion
2859859,-8355840,-1973793,motion
2859867,-8355840,-8355840,motion
2859875,-8355840,-8355840,motion
2859883,-2631747,-8355840,motion
2859891,-8355840,-8355840,motion
2859899,-8355840,-2237042,motion
2859907,-8355840,-8355840,motion
2859915,-8355840,-8355840,motion
2859923,-3026621,-8355840,motion
2859931,-8355840,-8355840,motion
2859939,-8355840,-2631704,motion
2859947,-8355840,-8355840,motion
2859955,-8355840,-8355840,motion
2859963,-3421368,-8355840,motion
2859971,-8355840,-8355840,motion
2859979,-8355840,-3026493,motion
2859988,-8355840,-8355840,motion
2859995,-8355840,-8355840,motion
2860003,-3750238,-8355840,motion
2860011,-8355840,-8355840,motion
2860020,-8355703,-3750153,motion
2860028,-8355840,-8355840,motion
2860035,-8355840,-8355840,motion
2860044,-4276652,-8355840,motion
2860052,-8355840,-8355840,motion
2860060,-8026873,-4079109,motion
2860067,-8355840,-8355840,motion
2860076,-8355840,-8355840,motion
2860084,-4605608,-8355840,motion
2860092,-8355840,-8355840,motion
2860100,-7632070,-4408319,motion
2860108,-8355840,-8355840,motion
2860116,-8355840,-8355839,motion
2860124,-5000439,-8355840,motion
2860132,-8355840,-8355840,motion
2860140,-7237375,-5000397,motion
2860148,-8355840,-8355840,motion
2860156,-8355840,-8355689,motion
2860164,-5460977,-8355840,motion
2860172,-8355840,-8355840,motion
2860180,-6776719,-5066060,motion
2860188,-8355840,-8355840,motion
2860196,-8355840,-8026690,motion
2860204,-5723971,-8355840,motion
2860212,-8355840,-8355840,motion
2860220,-6447669,-5855681,motion
2860228,-8355840,-8355840,motion
2860236,-8355840,-7566110,motion
2860244,-6250258,-8355840,motion
2860252,-8355840,-8355840,motion
2860260,-6052913,-5592517,motion
2860268,-8355840,-8355840,motion
2860276,-8355840,-6776789,motion
2860285,-8092622,-8355840,motion
2860292,-8355840,-8355840,motion
2860300,-5526573,-6447716,motion
2860308,-8355840,-8355840,motion
2860316,-8355840,-6776680,motion
2860324,-7105627,-8355840,motion
2860333,-8355840,-8355840,motion
2860340,-5131959,-6316176,motion
2860348,-8355840,-8355840,motion
2860357,-8355840,-5592451,motion
2860365,-8224204,-8355840,motion
2860373,-8355840,-8355840,motion
2860381,-4605472,-7368919,motion
2860389,-8355840,-8355840,motion
2860397,-8355840,-5789835,motion
2860405,-8355828,-8355840,motion
2860413,-8355840,-8355840,motion
2860421,-3816049,-8355840,motion
2860429,-8355840,-8355840,motion
2860437,-8355840,-4802911,motion
2860445,-8355828,-8355840,motion
2860453,-8355840,-8355840,motion
2860461,-3684358,-8355743,motion
2860469,-8355840,-8355840,motion
2860477,-8355840,-4276536,motion
2860485,-8355840,-8355840,motion
2860493,-8355840,-8355840,motion
2860501,-3158253,-8355840,motion
2860509,-8355840,-8355840,motion
2860517,-8355840,-3750284,motion
2860525,-8355840,-8355840,motion
2860533,-8355840,-8355840,motion
2860541,-2631934,-8355840,motion
2860549,-8355840,-8355840,motion
2860557,-8355840,-3158062,motion
2860565,-8355840,-8355840,motion
2860573,-8355840,-8355840,motion
2860581,-2171324,-8355840,motion
2860589,-8355840,-8355840,motion
2860597,-8355840,-2631744,motion
2860605,-8355840,-8355840,motion
2860613,-8355840,-8355840,motion
2860621,-1776608,-8355840,motion
2860629,-8355840,-8355840,motion
2860638,-8355840,-2105484,motion
2860645,-8355840,-8355840,motion
2860654,-8355840,-8355840,motion
2860662,-1381750,-8355840,motion
2860670,-8355840,-8355840,motion
2860678,-8355840,-1579113,motion
2860686,-8355840,-8355840,motion
2860694,-8355840,-8355840,motion
2860702,-1052878,-8355840,motion
2860710,-8355840,-8355840,motion
2860718,-8355737,-1250086,motion
2860726,-8355840,-8355840,motion
2860734,-8355840,-8355840,motion
2860742,-1644965,-8355840,motion
2860750,-8355840,-8355840,motion
2860758,-8289809,-1447565,motion
2860766,-8355840,-8355840,motion
2860774,-8355840,-8355840,motion
2860782,-2039754,-8355840,motion
2860790,-8355840,-8355840,motion
2860798,-8158436,-1579216,motion
2860806,-8355840,-8355840,motion
2860814,-8355840,-8355840,motion
2860822,-2237000,-8355840,motion
2860830,-8355840,-8355840,motion
2860838,-8092466,-2105375,motion
2860846,-8355840,-8355840,motion
2860854,-8355840,-8355840,motion
2860862,-2829248,-8355840,motion
2860870,-8355840,-8355840,motion
2860878,-7895276,-2434458,motion
2860886,-8355840,-8355840,motion
2860894,-8355840,-8355828,motion
2860902,-3092412,-8355840,motion
2860911,-8355840,-8355840,motion
2860918,-7697781,-2763414,motion
2860927,-8355840,-8355840,motion
2860934,-8355840,-8289984,motion
2860942,-3552822,-8355840,motion
2860950,-8355840,-8355840,motion
2860959,-7237301,-3552865,motion
2860966,-8355840,-8355840,motion
2860975,-8355840,-8158348,motion
2860983,-4013402,-8355840,motion
2860991,-8355840,-8355840,motion
2860999,-6513551,-3618698,motion
2861007,-8355840,-8355840,motion
2861015,-8355840,-7895274,motion
2861023,-4013402,-8355840,motion
2861031,-8355840,-8355840,motion
2861039,-5987216,-4408234,motion
2861047,-8355840,-8355840,motion
2861055,-8355840,-7237133,motion
2861063,-4342358,-8355840,motion
2861071,-8355840,-8355840,motion
2861079,-5460987,-4079109,motion
2861087,-8355840,-8355840,motion
2861095,-8355840,-6053041,motion
2861103,-4474025,-8355840,motion
2861111,-8355840,-8355840,motion
2861119,-4802992,-4868772,motion
2861127,-8355840,-8355840,motion
2861135,-8355840,-6381899,motion
2861143,-5000354,-8355840,motion
2861151,-8355840,-8355840,motion
2861159,-4145104,-5460764,motion
2861167,-8355840,-8355840,motion
2861175,-8355840,-5658309,motion
2861183,-5263476,-8355840,motion
2861191,-8355840,-8355840,motion
2861199,-3815973,-5460935,motion
2861207,-8355840,-8355840,motion
2861216,-8355840,-4276559,motion
2861223,-5987136,-8355840,motion
2861231,-8355840,-8355840,motion
2861239,-3223853,-5723929,motion
2861247,-8355840,-8355840,motion
2861255,-8355840,-4671264,motion
2861264,-6250470,-8355840,motion
2861272,-8355840,-8355840,motion
2861280,-2566136,-6184679,motion
2861287,-8355840,-8355840,motion
2861295,-8355840,-4210877,motion
2861304,-6776799,-8355840,motion
2861312,-8355840,-8355840,motion
2861320,-2237098,-6447716,motion
2861328,-8355840,-8355840,motion
2861336,-8355840,-3552998,motion
2861344,-8289995,-8355840,motion
2861352,-8355840,-8355840,motion
2861360,-2237167,-6645089,motion
2861368,-8355840,-8355840,motion
2861376,-8355840,-3158182,motion
2861384,-8355828,-8355840,motion
2861392,-8355840,-8355840,motion
2861400,-2302900,-8224161,motion
2861408,-8355840,-8355840,motion
2861416,-8355840,-3026585,motion
2861424,-8355743,-8355840,motion
2861432,-8355840,-8355840,motion
2861440,-2171380,-8355786,motion
2861448,-8355840,-8355840,motion
2861456,-8355840,-2763344,motion
2861464,-8355840,-8355840,motion
2861472,-8355840,-8355840,motion
2861480,-1973826,-8355840,motion
2861488,-8355840,-8355840,motion
2861496,-8355840,-2631825,motion
2861504,-8355840,-8355840,motion
2861512,-8355840,-8355840,motion
2861521,-1710756,-8355840,motion
2861528,-8355840,-8355840,motion
2861536,-8355840,-2105504,motion
2861544,-8355840,-8355840,motion
2861552,-8355840,-8355840,motion
2861561,-1315933,-8355840,motion
2861569,-8355840,-8355840,motion
2861577,-8289909,-1908030,motion
2861585,-8355840,-8355840,motion
2861593,-8355840,-8355840,motion
2861601,-1118685,-8355840,motion
2861609,-8355840,-8355840,motion
2861617,-8092662,-1513393,motion
2861625,-8355840,-8355840,motion
2861633,-8355840,-8355840,motion
2861641,-921255,-8355840,motion
2861649,-8355840,-8355840,motion
2861657,-8092428,-1250249,motion
2861665,-8355840,-8355840,motion
2861673,-8355840,-8355749,motion
2861681,-1513334,-8355840,motion
2861689,-8355840,-8355840,motion
2861697,-8026681,-1184299,motion
2861705,-8355840,-8355840,motion
2861713,-8355840,-8355840,motion
2861721,-1908087,-8355840,motion
2861729,-8355840,-8355840,motion
2861737,-7829503,-1513467,motion
2861745,-8355840,-8355840,motion
2861753,-8355840,-8355717,motion
2861761,-2237042,-8355840,motion
2861769,-8355840,-8355840,motion
2861777,-7763522,-1973963,motion
2861785,-8355840,-8355840,motion
2861794,-8355840,-8224123,motion
2861801,-2566126,-8355840,motion
2861809,-8355840,-8355840,motion
2861817,-7631948,-1908214,motion
2861825,-8355840,-8355840,motion
2861833,-8355840,-8224137,motion
2861841,-3026663,-8355840,motion
2861850,-8355840,-8355840,motion
2861857,-7566117,-2697538,motion
2861865,-8355840,-8355840,motion
2861873,-8355840,-8289991,motion
2861881,-3487031,-8355840,motion
2861890,-8355840,-8355840,motion
2861898,-7368818,-3421325,motion
2861906,-8355840,-8355840,motion
2861914,-8355840,-8355701,motion
2861922,-3947654,-8355840,motion
2861930,-8355840,-8355840,motion
2861938,-7171479,-4013360,motion
2861946,-8355840,-8355840,motion
2861954,-8355840,-8355814,motion
2861962,-4210733,-8355840,motion
2861970,-8355840,-8355840,motion
2861978,-6973962,-4210776,motion
2861986,-8355840,-8355840,motion
2861994,-8355840,-8355691,motion
2862002,-4868644,-8355840,motion
2862010,-8355840,-8355840,motion
2862018,-6711022,-4408107,motion
2862026,-8355840,-8355840,motion
2862034,-8355840,-8158316,motion
2862042,-5197728,-8355840,motion
2862050,-8355840,-8355840,motion
2862058,-6645070,-4803066,motion
2862066,-8355840,-8355840,motion
2862074,-8355840,-7171581,motion
2862082,-5526556,-8355840,motion
2862090,-8355840,-8355840,motion
2862098,-6184642,-5329225,motion
2862106,-8355840,-8355840,motion
2862115,-8355840,-6776774,motion
2862122,-6052927,-8355840,motion
2862130,-8355840,-8355840,motion
2862138,-6052903,-5395016,motion
2862146,-8355840,-8355840,motion
2862154,-8355840,-6842457,motion
2862163,-6513465,-8355840,motion
2862171,-8355840,-8355840,motion
2862178,-5526533,-6118676,motion
2862187,-8355840,-8355840,motion
2862194,-8355840,-6776668,motion
2862203,-7039794,-8355840,motion
2862211,-8355840,-8355840,motion
2862219,-4868827,-6842590,motion
2862227,-8355840,-8355840,motion
2862235,-8355840,-5921495,motion
2862243,-8092494,-8355840,motion
2862251,-8355840,-8355840,motion
2862259,-4671375,-6908211,motion
2862267,-8355840,-8355840,motion
2862275,-8355840,-5197656,motion
2862283,-8355743,-8355840,motion
2862291,-8355840,-8355840,motion
2862299,-4342452,-7039836,motion
2862307,-8355840,-8355840,motion
2862315,-8355840,-4934539,motion
2862323,-8355840,-8355840,motion
2862331,-8355840,-8355840,motion
2862339,-3881886,-8355840,motion
2862347,-8355840,-8355840,motion
2862355,-8355840,-4737038,motion
2862363,-8355840,-8355840,motion
2862371,-8355840,-8355840,motion
2862379,-3487052,-8355840,motion
2862387,-8355840,-8355840,motion
2862395,-8355840,-4210711,motion
2862403,-8355840,-8355840,motion
2862411,-8355840,-8355840,motion
2862419,-2895097,-8355840,motion
2862427,-8355840,-8355840,motion
2862435,-8355840,-3684549,motion
2862443,-8355840,-8355840,motion
2862451,-8355840,-8355840,motion
2862459,-2500188,-8355840,motion
2862468,-8355840,-8355840,motion
2862475,-8355840,-3224040,motion
2862484,-8355840,-8355840,motion
2862491,-8355840,-8355840,motion
2862500,-2171238,-8355840,motion
2862508,-8355840,-8355840,motion
2862516,-8355840,-2500167,motion
2862524,-8355840,-8355840,motion
2862532,-8355840,-8355840,motion
2862540,-1644882,-8355840,motion
2862548,-8355840,-8355840,motion
2862556,-8355840,-1776554,motion
2862564,-8355840,-8355840,motion
2862572,-8355840,-8355840,motion
2862580,-1447630,-8355840,motion
2862588,-8355840,-8355840,motion
2862596,-8355840,-1842300,motion
2862604,-8355840,-8355840,motion
2862612,-8355840,-8355840,motion
2862620,-1645007,-8355840,motion
2862628,-8355840,-8355840,motion
2862636,-8355840,-1513349,motion
2862644,-8355840,-8355840,motion
2862652,-8355840,-8355840,motion
2862660,-2171166,-8355840,motion
2862668,-8355840,-8355840,motion
2862676,-8355840,-1710671,motion
2862684,-8355840,-8355840,motion
2862692,-8355840,-8355840,motion
2862700,-2500249,-8355840,motion
2862708,-8355840,-8355840,motion
2862716,-8355840,-1908214,motion
2862724,-8355840,-8355840,motion
2862732,-8355840,-8355840,motion
2862740,-2829205,-8355840,motion
2862749,-8355840,-8355840,motion
2862756,-8355840,-2434331,motion
2862765,-8355840,-8355840,motion
2862773,-8355840,-8355840,motion
2862780,-3223867,-8355840,motion
2862789,-8355840,-8355840,motion
2862796,-8355840,-2763371,motion
2862805,-8355840,-8355840,motion
2862812,-8355840,-8355840,motion
2862821,-3618571,-8355840,motion
2862829,-8355840,-8355840,motion
2862837,-8224197,-3223867,motion
2862845,-8355840,-8355840,motion
2862853,-8355840,-8355840,motion
2862861,-4079151,-8355840,motion
2862869,-8355840,-8355840,motion
2862877,-7829300,-3684489,motion
2862885,-8355840,-8355840,motion
2862893,-8355840,-8355672,motion
2862901,-4408149,-8355840,motion
2862909,-8355840,-8355840,motion
2862917,-7368853,-4013317,motion
2862925,-8355840,-8355840,motion
2862933,-8355840,-7895057,motion
2862941,-4737147,-8355840,motion
2862949,-8355840,-8355840,motion
2862957,-6842425,-4145027,motion
2862965,-8355840,-8355840,motion
2862973,-8355840,-7895201,motion
2862981,-5197600,-8355840,motion
2862989,-8355840,-8355840,motion
2862997,-6184453,-4802981,motion
2863005,-8355840,-8355840,motion
2863013,-8355840,-7039871,motion
2863021,-5592432,-8355840,motion
2863029,-8355840,-8355840,motion
2863037,-5789724,-5197813,motion
2863045,-8355840,-8355840,motion
2863053,-8355840,-6776683,motion
2863061,-5855639,-8355840,motion
2863069,-8355840,-8355840,motion
2863077,-5000445,-5724099,motion
2863086,-8355840,-8355840,motion
2863093,-8355840,-6184618,motion
2863101,-6381968,-8355840,motion
2863109,-8355840,-8355840,motion
2863117,-4473981,-5723971,motion
2863126,-8355840,-8355840,motion
2863134,-8355840,-5395102,motion
2863142,-6710881,-8355840,motion
2863150,-8355840,-8355840,motion
2863158,-3947527,-6381840,motion
2863166,-8355840,-8355840,motion
2863174,-8355840,-5197673,motion
2863182,-7171333,-8355840,motion
2863190,-8355840,-8355840,motion
2863198,-3289760,-6381883,motion
2863206,-8355840,-8355840,motion
2863214,-8355840,-4210861,motion
2863222,-8355616,-8355840,motion
2863230,-8355840,-8355840,motion
2863238,-2960837,-6381968,motion
2863246,-8355840,-8355840,motion
2863254,-8355840,-3552860,motion
2863262,-8355658,-8355840,motion
2863270,-8355840,-8355840,motion
2863278,-2631856,-7434710,motion
2863286,-8355840,-8355840,motion
2863294,-8355840,-3355421,motion
2863302,-8355828,-8355840,motion
2863310,-8355840,-8355840,motion
2863318,-2302751,-8289995,motion
2863326,-8355840,-8355840,motion
2863334,-8355840,-2895019,motion
2863342,-8355840,-8355840,motion
2863350,-8355840,-8355840,motion
2863358,-1842332,-8355743,motion
2863367,-8355840,-8355840,motion
2863374,-8355840,-986935,motion
2863382,-8355840,-8355840,motion
2863390,-8355840,-8355840,motion
2863398,-1513334,-8355840,motion
2863406,-8355840,-8355840,motion
2863415,-8092644,-921174,motion
2863423,-8355840,-8355840,motion
2863431,-8355840,-8355704,motion
2863439,-789623,-8355840,motion
2863447,-8355840,-8355840,motion
2863455,-7368917,-921174,motion
2863463,-8355840,-8355840,motion
2863471,-8355840,-8224054,motion
2863479,-789586,-8355840,motion
2863487,-8355840,-8355840,motion
2863495,-7039782,-921160,motion
2863503,-8355840,-8355840,motion
2863511,-8355840,-7434747,motion
2863519,-789545,-8355840,motion
2863527,-8355840,-8355840,motion
2863535,-6710832,-855464,motion
2863543,-8355840,-8355840,motion
2863551,-8355840,-7566137,motion
2863559,-789619,-8355840,motion
2863567,-8355840,-8355840,motion
2863575,-7105576,-921103,motion
2863583,-8355840,-8355840,motion
2863591,-8355840,-7697851,motion
2863599,-1052722,-8355840,motion
2863607,-8355840,-8355840,motion
2863615,-6908214,-1118646,motion
2863623,-8355840,-8355840,motion
2863631,-8355840,-7895181,motion
2863639,-1579174,-8355840,motion
2863647,-8355840,-8355840,motion
2863655,-7171361,-1118600,motion
2863663,-8355840,-8355840,motion
2863672,-8355840,-7763656,motion
2863679,-1842253,-8355840,motion
2863687,-8355840,-8355840,motion
2863696,-7171499,-2237170,motion
2863703,-8355840,-8355840,motion
2863711,-8355840,-7895198,motion
2863720,-2434416,-8355840,motion
2863728,-8355840,-8355840,motion
2863736,-7237199,-2368710,motion
2863744,-8355840,-8355840,motion
2863751,-8355840,-7960961,motion
2863760,-3026536,-8355840,motion
2863768,-8355840,-8355840,motion
2863776,-7105612,-2960872,motion
2863784,-8355840,-8355840,motion
2863792,-8355840,-7960953,motion
2863800,-3552992,-8355840,motion
2863808,-8355840,-8355840,motion
2863816,-6579283,-3355576,motion
2863824,-8355840,-8355840,motion
2863832,-8355840,-7895100,motion
2863840,-3881948,-8355840,motion
2863848,-8355840,-8355840,motion
2863856,-6447663,-3421325,motion
2863864,-8355840,-8355840,motion
2863872,-8355840,-7631884,motion
2863880,-4408319,-8355840,motion
2863888,-8355840,-8355840,motion
2863896,-6250405,-4605480,motion
2863904,-8355840,-8355840,motion
2863912,-8355840,-7697797,motion
2863920,-4737062,-8355840,motion
2863928,-8355840,-8355840,motion
2863936,-5855660,-4671314,motion
2863944,-8355840,-8355840,motion
2863952,-8355840,-7105647,motion
2863960,-4868772,-8355840,motion
2863968,-8355840,-8355840,motion
2863976,-5658250,-4671441,motion
2863984,-8355840,-8355840,motion
2863992,-8355840,-6842404,motion
2864001,-5329395,-8355840,motion
2864009,-8355840,-8355840,motion
2864016,-5131780,-5395186,motion
2864025,-8355840,-8355840,motion
2864032,-8355840,-6710798,motion
2864041,-5855639,-8355840,motion
2864049,-8355840,-8355840,motion
2864057,-4210930,-6118888,motion
2864065,-8355840,-8355840,motion
2864073,-8355840,-6052895,motion
2864081,-5987263,-8355840,motion
2864089,-8355840,-8355840,motion
2864097,-3947594,-6250470,motion
2864105,-8355840,-8355840,motion
2864113,-8355840,-5724059,motion
2864121,-6579341,-8355840,motion
2864129,-8355840,-8355840,motion
2864137,-3618686,-6711008,motion
2864145,-8355840,-8355840,motion
2864153,-8355840,-4737230,motion
2864161,-8224076,-8355840,motion
2864169,-8355840,-8355840,motion
2864177,-3355466,-6842505,motion
2864185,-8355840,-8355840,motion
2864193,-8355840,-5066234,motion
2864201,-8355786,-8355840,motion
2864209,-8355840,-8355840,motion
2864217,-3355475,-8355616,motion
2864225,-8355840,-8355840,motion
2864233,-8355840,-4342325,motion
2864241,-8355828,-8355840,motion
2864249,-8355840,-8355840,motion
2864257,-3158164,-8355701,motion
2864265,-8355840,-8355840,motion
2864273,-8355840,-3881948,motion
2864281,-8355840,-8355840,motion
2864289,-8355840,-8355840,motion
2864298,-2894907,-8355828,motion
2864305,-8355840,-8355840,motion
2864314,-8355840,-3421274,motion
2864321,-8355840,-8355840,motion
2864329,-8355840,-8355840,motion
2864338,-2302972,-8355840,motion
2864345,-8355840,-8355840,motion
2864354,-8355840,-3026595,motion
2864361,-8355840,-8355840,motion
2864370,-8355840,-8355840,motion
2864378,-2039768,-8355840,motion
2864386,-8355840,-8355840,motion
2864394,-8355840,-2171378,motion
2864402,-8355840,-8355840,motion
2864410,-8355840,-8355840,motion
2864418,-1644870,-8355840,motion
2864426,-8355840,-8355840,motion
2864434,-8355840,-1842400,motion
2864442,-8355840,-8355840,motion
2864450,-8355840,-8355840,motion
2864458,-1316016,-8355840,motion
2864466,-8355840,-8355840,motion
2864474,-8355840,-1776487,motion
2864482,-8355840,-8355840,motion
2864490,-8355840,-8355840,motion
2864498,-1447553,-8355840,motion
2864506,-8355840,-8355840,motion
2864514,-8355840,-1447558,motion
2864522,-8355840,-8355840,motion
2864530,-8355840,-8355840,motion
2864538,-1710841,-8355840,motion
2864546,-8355840,-8355840,motion
2864554,-8355840,-1513295,motion
2864562,-8355840,-8355840,motion
2864570,-8355840,-8355840,motion
2864578,-2171379,-8355840,motion
2864587,-8355840,-8355840,motion
2864594,-8355840,-1842338,motion
2864602,-8355840,-8355840,motion
2864611,-8355840,-8355840,motion
2864618,-2631832,-8355840,motion
2864627,-8355840,-8355840,motion
2864634,-8355840,-2171166,motion
2864643,-8355840,-8355840,motion
2864650,-8355840,-8355840,motion
2864659,-3092327,-8355840,motion
2864667,-8355840,-8355840,motion
2864675,-8355840,-2631874,motion
2864683,-8355840,-8355840,motion
2864691,-8355840,-8355840,motion
2864699,-3289828,-8355840,motion
2864707,-8355840,-8355840,motion
2864715,-8355840,-3223909,motion
2864723,-8355840,-8355840,motion
2864731,-8355840,-8355840,motion
2864739,-3816072,-8355840,motion
2864747,-8355840,-8355840,motion
2864755,-8158373,-3684404,motion
2864763,-8355840,-8355840,motion
2864771,-8355840,-8355840,motion
2864779,-4079194,-8355840,motion
2864787,-8355840,-8355840,motion
2864795,-7763685,-3947739,motion
2864803,-8355840,-8355840,motion
2864811,-8355840,-8355840,motion
2864819,-4671314,-8355840,motion
2864827,-8355840,-8355840,motion
2864835,-7303003,-4276567,motion
2864843,-8355840,-8355840,motion
2864851,-8355840,-8355765,motion
2864859,-4737105,-8355840,motion
2864867,-8355840,-8355840,motion
2864875,-6974051,-4803066,motion
2864883,-8355840,-8355840,motion
2864891,-8355840,-7829303,motion
2864899,-5263561,-8355840,motion
2864907,-8355840,-8355840,motion
2864915,-6447828,-5066103,motion
2864923,-8355840,-8355840,motion
2864932,-8355840,-6776608,motion
2864939,-5724141,-8355840,motion
2864947,-8355840,-8355840,motion
2864955,-6250374,-5066188,motion
2864963,-8355840,-8355840,motion
2864972,-8355840,-6974125,motion
2864980,-5987306,-8355840,motion
2864988,-8355840,-8355840,motion
2864996,-5723935,-5855596,motion
2865004,-8355840,-8355840,motion
2865012,-8355840,-6908346,motion
2865020,-6513465,-8355840,motion
2865028,-8355840,-8355840,motion
2865036,-5329280,-6447844,motion
2865044,-8355840,-8355840,motion
2865052,-8355840,-6250302,motion
2865060,-6908254,-8355840,motion
2865068,-8355840,-8355840,motion
2865076,-4868625,-6579213,motion
2865084,-8355840,-8355840,motion
2865092,-8355840,-6052923,motion
2865100,-7368749,-8355840,motion
2865108,-8355840,-8355840,motion
2865116,-4145107,-7171418,motion
2865124,-8355840,-8355840,motion
2865132,-8355840,-5263423,motion
2865140,-8355786,-8355840,motion
2865148,-8355840,-8355840,motion
2865156,-3750300,-7171503,motion
2865164,-8355840,-8355840,motion
2865172,-8355840,-4474109,motion
2865180,-8355743,-8355840,motion
2865188,-8355840,-8355840,motion
2865196,-3355518,-8355701,motion
2865204,-8355840,-8355840,motion
2865213,-8355840,-3816090,motion
2865220,-8355840,-8355840,motion
2865228,-8355840,-8355840,motion
2865237,-2829169,-8355828,motion
2865244,-8355840,-8355840,motion
2865253,-8355840,-3355626,motion
2865260,-8355840,-8355840,motion
2865269,-8355840,-8355840,motion
2865277,-2302839,-8355840,motion
2865285,-8355840,-8355840,motion
2865293,-8355840,-2894939,motion
2865300,-8355840,-8355840,motion
2865309,-8355840,-8355840,motion
2865317,-1908103,-8355840,motion
2865325,-8355840,-8355840,motion
2865333,-8355840,-2368690,motion
2865341,-8355840,-8355840,motion
2865349,-8355840,-8355840,motion
2865357,-1513256,-8355840,motion
2865365,-8355840,-8355840,motion
2865373,-8289987,-1776388,motion
2865381,-8355840,-8355840,motion
2865389,-8355840,-8355840,motion
2865397,-1052779,-8355840,motion
2865405,-8355840,-8355840,motion
2865413,-7895142,-1052740,motion
2865421,-8355840,-8355840,motion
2865429,-8355840,-8158366,motion
2865437,-921126,-8355840,motion
2865445,-8355840,-8355840,motion
2865453,-7368811,-855552,motion
2865461,-8355840,-8355840,motion
2865469,-8355840,-7697829,motion
2865477,-921275,-8355840,motion
2865485,-8355840,-8355840,motion
2865493,-6908380,-855539,motion
2865501,-8355840,-8355840,motion
2865509,-8355840,-7237218,motion
2865518,-1184277,-8355840,motion
2865526,-8355840,-8355840,motion
2865533,-5592337,-986923,motion
2865542,-8355840,-8355840,motion
2865549,-8355840,-6974167,motion
2865557,-1710756,-8355840,motion
2865566,-8355840,-8355840,motion
2865574,-5131842,-1447592,motion
2865582,-8355840,-8355840,motion
2865590,-8355840,-6513661,motion
2865598,-1973878,-8355840,motion
2865606,-8355840,-8355840,motion
2865614,-4605537,-1579089,motion
2865622,-8355840,-8355840,motion
2865630,-8355840,-5460897,motion
2865638,-2171294,-8355840,motion
2865646,-8355840,-8355840,motion
2865654,-4145147,-2105588,motion
2865662,-8355840,-8355840,motion
2865670,-8355840,-4605684,motion
2865678,-2763286,-8355840,motion
2865686,-8355840,-8355840,motion
2865694,-3684477,-1908214,motion
2865702,-8355840,-8355840,motion
2865710,-8355840,-3815988,motion
2865718,-3026493,-8355840,motion
2865726,-8355840,-8355840,motion
2865734,-2763488,-3158118,motion
2865742,-8355840,-8355840,motion
2865750,-8355840,-3487130,motion
2865758,-3618741,-8355840,motion
2865766,-8355840,-8355840,motion
2865774,-1579163,-3487074,motion
2865782,-8355840,-8355840,motion
2865790,-8355840,-2236951,motion
2865798,-3881905,-8355840,motion
2865806,-8355840,-8355840,motion
2865814,-987070,-3421197,motion
2865822,-8355840,-8355840,motion
2865831,-8355840,-1052909,motion
2865838,-4276609,-8355840,motion
2865846,-8355840,-8355840,motion
2865854,-789760,-3487159,motion
2865862,-8355840,-8355840,motion
2865871,-8355840,-1052745,motion
2865879,-4868644,-8355840,motion
2865887,-8355840,-8355840,motion
2865895,-855421,-4210861,motion
2865902,-8355840,-8355840,motion
2865910,-8355840,-1381709,motion
2865919,-5066230,-8355840,motion
2865927,-8355840,-8355840,motion
2865935,-921202,-5197642,motion
2865943,-8355840,-8355840,motion
2865951,-8355840,-1381882,motion
2865959,-5658308,-8355840,motion
2865967,-8355840,-8355840,motion
2865975,-921166,-5526598,motion
2865983,-8355840,-8355840,motion
2865991,-8355840,-2894888,motion
2865999,-6184637,-8355840,motion
2866007,-8355840,-8355840,motion
2866015,-921320,-5526726,motion
2866023,-8355840,-8355840,motion
2866031,-8355840,-3223972,motion
2866039,-6579383,-8355840,motion
2866047,-8355840,-8355840,motion
2866055,-2105379,-6250300,motion
2866063,-8355840,-8355840,motion
2866071,-8355840,-3947751,motion
2866079,-8289952,-8355840,motion
2866087,-8355840,-8355840,motion
2866096,-2434477,-8290037,motion
2866103,-8355840,-8355840,motion
2866111,-8355840,-3618595,motion
2866119,-8355658,-8355840,motion
2866127,-8355840,-8355840,motion
2866135,-2500175,-7434668,motion
2866144,-8355840,-8355840,motion
2866151,-8355840,-3355434,motion
2866160,-8355840,-8355840,motion
2866167,-8355840,-8355840,motion
2866175,-2434399,-8289995,motion
2866183,-8355840,-8355840,motion
2866192,-8355840,-3092239,motion
2866199,-8355840,-8355840,motion
2866208,-8355840,-8355840,motion
2866216,-2237010,-8355828,motion
2866224,-8355840,-8355840,motion
2866232,-8355840,-2829127,motion
2866240,-8355840,-8355840,motion
2866248,-8355840,-8355840,motion
2866256,-1973933,-8355840,motion
2866264,-8355840,-8355840,motion
2866272,-8355840,-2631849,motion
2866280,-8355840,-8355840,motion
2866288,-8355840,-8355840,motion
2866296,-1710689,-8355840,motion
2866304,-8355840,-8355840,motion
2866312,-8355840,-2236967,motion
2866320,-8355840,-8355840,motion
2866328,-8355840,-8355840,motion
2866336,-1513256,-8355840,motion
2866344,-8355840,-8355840,motion
2866352,-8355840,-1908111,motion
2866360,-8355840,-8355840,motion
2866368,-8355840,-8355840,motion
2866376,-1184295,-8355840,motion
2866384,-8355840,-8355840,motion
2866392,-8355840,-1447489,motion
2866400,-8355840,-8355840,motion
2866408,-8355840,-8355840,motion
2866416,-1513278,-8355840,motion
2866424,-8355840,-8355840,motion
2866433,-8355840,-1513438,motion
2866440,-8355840,-8355840,motion
2866448,-8355840,-8355840,motion
2866456,-1973793,-8355840,motion
2866465,-8355840,-8355840,motion
2866472,-8355840,-1579126,motion
2866481,-8355840,-8355840,motion
2866488,-8355840,-8355840,motion
2866497,-2434373,-8355840,motion
2866505,-8355840,-8355840,motion
2866513,-8355840,-1973793,motion
2866521,-8355840,-8355840,motion
2866529,-8355840,-8355840,motion
2866537,-2763499,-8355840,motion
2866545,-8355840,-8355840,motion
2866553,-8355840,-2368710,motion
2866561,-8355840,-8355840,motion
2866569,-8355840,-8355840,motion
2866577,-3158246,-8355840,motion
2866585,-8355840,-8355840,motion
2866593,-8355840,-2763286,motion
2866601,-8355840,-8355840,motion
2866609,-8355840,-8355840,motion
2866617,-3552865,-8355840,motion
2866625,-8355840,-8355840,motion
2866633,-8355840,-3158161,motion
2866641,-8355840,-8355840,motion
2866649,-8355840,-8355840,motion
2866657,-4013445,-8355840,motion
2866665,-8355840,-8355840,motion
2866673,-8224024,-3487074,motion
2866681,-8355840,-8355840,motion
2866689,-8355840,-8355840,motion
2866697,-4276694,-8355840,motion
2866705,-8355840,-8355840,motion
2866713,-7763658,-4013402,motion
2866721,-8355840,-8355840,motion
2866729,-8355840,-8355649,motion
2866737,-4737275,-8355840,motion
2866746,-8355840,-8355840,motion
2866753,-7237321,-4408192,motion
2866761,-8355840,-8355840,motion
2866769,-8355840,-8355770,motion
2866777,-4934563,-8355840,motion
2866785,-8355840,-8355840,motion
2866794,-6973964,-4934648,motion
2866802,-8355840,-8355840,motion
2866810,-8355840,-7829478,motion
2866818,-5460977,-8355840,motion
2866825,-8355840,-8355840,motion
2866834,-6447702,-5263391,motion
2866842,-8355840,-8355840,motion
2866850,-8355840,-6710802,motion
2866858,-5921387,-8355840,motion
2866866,-8355840,-8355840,motion
2866874,-6118854,-5197770,motion
2866882,-8355840,-8355840,motion
2866890,-8355840,-6842521,motion
2866898,-6184552,-8355840,motion
2866906,-8355840,-8355840,motion
2866914,-5526620,-5921387,motion
2866922,-8355840,-8355840,motion
2866930,-8355840,-6710867,motion
2866938,-6710838,-8355840,motion
2866946,-8355840,-8355840,motion
2866954,-4276629,-7171546,motion
2866962,-8355840,-8355840,motion
2866970,-8355840,-5987292,motion
2866978,-6908254,-8355840,motion
2866986,-8355840,-8355840,motion
2866994,-3815958,-6645047,motion
2867002,-8355840,-8355840,motion
2867011,-8355840,-4342499,motion
2867018,-8289995,-8355840,motion
2867026,-8355840,-8355840,motion
2867034,-3552893,-6710966,motion
2867042,-8355840,-8355840,motion
2867050,-8355840,-4473971,motion
2867058,-8355828,-8355840,motion
2867067,-8355840,-8355840,motion
2867074,-2895018,-7434498,motion
2867082,-8355840,-8355840,motion
2867090,-8355840,-3815946,motion
2867099,-8355840,-8355840,motion
2867107,-8355840,-8355840,motion
2867115,-2368700,-8355701,motion
2867123,-8355840,-8355840,motion
2867131,-8355840,-3158042,motion
2867139,-8355840,-8355840,motion
2867147,-8355840,-8355840,motion
2867155,-2039633,-8355840,motion
2867163,-8355840,-8355840,motion
2867171,-8355840,-2631848,motion
2867179,-8355840,-8355840,motion
2867187,-8355840,-8355840,motion
2867195,-1710725,-8355828,motion
2867203,-8355840,-8355840,motion
2867211,-8355746,-1052742,motion
2867219,-8355840,-8355840,motion
2867227,-8355840,-8355840,motion
2867235,-1381681,-8355840,motion
2867243,-8355840,-8355840,motion
2867251,-8026751,-921277,motion
2867259,-8355840,-8355840,motion
2867267,-8355840,-8355840,motion
2867275,-987083,-8355840,motion
2867283,-8355840,-8355840,motion
2867291,-7566181,-855526,motion
2867299,-8355840,-8355840,motion
2867307,-8355840,-8224206,motion
2867315,-855442,-8355840,motion
2867323,-8355840,-8355840,motion
2867331,-7039851,-921102,motion
2867339,-8355840,-8355840,motion
2867347,-8355840,-7697759,motion
2867355,-789697,-8355840,motion
2867363,-8355840,-8355840,motion
2867371,-6184558,-855430,motion
2867380,-8355840,-8355840,motion
2867387,-8355840,-7368719,motion
2867395,-789733,-8355840,motion
2867403,-8355840,-8355840,motion
2867412,-5592347,-789699,motion
2867420,-8355840,-8355840,motion
2867428,-8355840,-6052938,motion
2867436,-1118696,-8355840,motion
2867443,-8355840,-8355840,motion
2867452,-5131972,-921148,motion
2867460,-8355840,-8355840,motion
2867468,-8355840,-5395072,motion
2867476,-1710671,-8355840,motion
2867484,-8355840,-8355840,motion
2867492,-4605587,-1118489,motion
2867500,-8355840,-8355840,motion
2867508,-8355840,-5460830,motion
2867516,-2039797,-8355840,motion
2867524,-8355840,-8355840,motion
2867532,-3881846,-2236957,motion
2867540,-8355840,-8355840,motion
2867548,-8355840,-6316045,motion
2867556,-2565998,-8355840,motion
2867564,-8355840,-8355840,motion
2867572,-5460883,-2566041,motion
2867580,-8355840,-8355840,motion
2867588,-8355840,-6381898,motion
2867596,-2960745,-8355840,motion
2867604,-8355840,-8355840,motion
2867612,-5329386,-2895039,motion
2867620,-8355840,-8355840,motion
2867628,-8355840,-6447698,motion
2867636,-3355449,-8355840,motion
2867644,-8355840,-8355840,motion
2867652,-4868831,-3750196,motion
2867661,-8355840,-8355840,motion
2867669,-8355840,-6579309,motion
2867676,-3881905,-8355840,motion
2867684,-8355840,-8355840,motion
2867692,-5395048,-3684574,motion
2867700,-8355840,-8355840,motion
2867708,-8355840,-6710883,motion
2867717,-4342316,-8355840,motion
2867725,-8355840,-8355840,motion
2867733,-5000373,-4408107,motion
2867741,-8355840,-8355840,motion
2867748,-8355840,-6710992,motion
2867757,-4605608,-8355840,motion
2867765,-8355840,-8355840,motion
2867773,-4737204,-5197642,motion
2867781,-8355840,-8355840,motion
2867789,-8355840,-5855527,motion
2867797,-5066103,-8355840,motion
2867805,-8355840,-8355840,motion
2867813,-4605589,-5000439,motion
2867821,-8355840,-8355840,motion
2867829,-8355840,-5724001,motion
2867837,-5592389,-8355840,motion
2867845,-8355840,-8355840,motion
2867853,-4276619,-5987136,motion
2867861,-8355840,-8355840,motion
2867869,-8355840,-5592517,motion
2867877,-5921430,-8355840,motion
2867885,-8355840,-8355840,motion
2867893,-4079195,-5789933,motion
2867901,-8355840,-8355840,motion
2867909,-8355840,-5066191,motion
2867917,-6316091,-8355840,motion
2867925,-8355840,-8355840,motion
2867933,-3421235,-6645047,motion
2867941,-8355840,-8355840,motion
2867949,-8355840,-5000391,motion
2867957,-7303043,-8355840,motion
2867965,-8355840,-8355840,motion
2867973,-3421420,-6579298,motion
2867981,-8355840,-8355840,motion
2867990,-8355840,-4671283,motion
2867997,-8289995,-8355840,motion
2868005,-8355840,-8355840,motion
2868014,-3487066,-8289910,motion
2868022,-8355840,-8355840,motion
2868030,-8355840,-4671238,motion
2868038,-8355840,-8355840,motion
2868045,-8355840,-8355840,motion
2868054,-3421345,-8355658,motion
2868062,-8355840,-8355840,motion
2868070,-8355840,-4342307,motion
2868078,-8355840,-8355840,motion
2868086,-8355840,-8355840,motion
2868094,-2960800,-8355828,motion
2868102,-8355840,-8355840,motion
2868110,-8355840,-3881877,motion
2868118,-8355840,-8355840,motion
2868126,-8355840,-8355840,motion
2868134,-2763361,-8355840,motion
2868142,-8355840,-8355840,motion
2868150,-8355840,-3552852,motion
2868158,-8355840,-8355840,motion
2868166,-8355840,-8355840,motion
2868174,-2368646,-8355840,motion
2868182,-8355840,-8355840,motion
2868190,-8355840,-3223901,motion
2868198,-8355840,-8355840,motion
2868206,-8355840,-8355840,motion
2868214,-1973951,-8355840,motion
2868222,-8355840,-8355840,motion
2868230,-8355840,-2763322,motion
2868238,-8355840,-8355840,motion
2868246,-8355840,-8355840,motion
2868254,-1579238,-8355840,motion
2868262,-8355840,-8355840,motion
2868270,-8355840,-2302835,motion
2868278,-8355840,-8355840,motion
2868286,-8355840,-8355840,motion
2868294,-1447502,-8355840,motion
2868303,-8355840,-8355840,motion
2868310,-8355840,-1710815,motion
2868319,-8355840,-8355840,motion
2868326,-8355840,-8355840,motion
2868335,-1710714,-8355840,motion
2868343,-8355840,-8355840,motion
2868351,-8355840,-1644890,motion
2868359,-8355840,-8355840,motion
2868367,-8355840,-8355840,motion
2868375,-2171209,-8355840,motion
2868383,-8355840,-8355840,motion
2868391,-8355840,-1710714,motion
2868399,-8355840,-8355840,motion
2868407,-8355840,-8355840,motion
2868415,-2500292,-8355840,motion
2868423,-8355840,-8355840,motion
2868431,-8355840,-2039754,motion
2868439,-8355840,-8355840,motion
2868447,-8355840,-8355840,motion
2868455,-2697708,-8355840,motion
2868463,-8355840,-8355840,motion
2868471,-8355840,-2829248,motion
2868479,-8355840,-8355840,motion
2868487,-8355840,-8355840,motion
2868495,-3158161,-8355840,motion
2868503,-8355840,-8355840,motion
2868511,-8355840,-2829248,motion
2868519,-8355840,-8355840,motion
2868527,-8355840,-8355840,motion
2868535,-3618783,-8355840,motion
2868543,-8355840,-8355840,motion
2868551,-8290039,-3355576,motion
2868559,-8355840,-8355840,motion
2868567,-8355840,-8355840,motion
2868575,-3881820,-8355840,motion
2868583,-8355840,-8355840,motion
2868592,-8026685,-3815987,motion
2868600,-8355840,-8355840,motion
2868607,-8355840,-8355840,motion
2868616,-4342486,-8355840,motion
2868623,-8355840,-8355840,motion
2868632,-7566240,-4079194,motion
2868640,-8355840,-8355840,motion
2868648,-8355840,-8355617,motion
2868656,-4671484,-8355840,motion
2868664,-8355840,-8355840,motion
2868672,-7105631,-4539901,motion
2868679,-8355840,-8355840,motion
2868688,-8355840,-8224079,motion
2868696,-5131894,-8355840,motion
2868704,-8355840,-8355840,motion
2868712,-6645111,-4803066,motion
2868720,-8355840,-8355840,motion
2868728,-8355840,-7368750,motion
2868736,-5460764,-8355840,motion
2868744,-8355840,-8355840,motion
2868752,-5921289,-5395016,motion
2868760,-8355840,-8355840,motion
2868768,-8355840,-6974064,motion
2868776,-5921302,-8355840,motion
2868784,-8355840,-8355840,motion
2868792,-5460945,-5263434,motion
2868800,-8355840,-8355840,motion
2868808,-8355840,-6184493,motion
2868816,-5789720,-8355840,motion
2868824,-8355840,-8355840,motion
2868832,-4605588,-6118846,motion
2868840,-8355840,-8355840,motion
2868848,-8355840,-5592492,motion
2868856,-6184637,-8355840,motion
2868864,-8355840,-8355840,motion
2868872,-3881836,-5987221,motion
2868880,-8355840,-8355840,motion
2868889,-8355840,-4737098,motion
2868897,-6579341,-8355840,motion
2868904,-8355840,-8355840,motion
2868913,-3158132,-6382053,motion
2868920,-8355840,-8355840,motion
2868928,-8355840,-4408254,motion
2868937,-8290037,-8355840,motion
2868945,-8355840,-8355840,motion
2868953,-2368659,-6710838,motion
2868961,-8355840,-8355840,motion
2868969,-8355840,-3487120,motion
2868976,-8289995,-8355840,motion
2868985,-8355840,-8355840,motion
2868993,-2302747,-8224161,motion
2869001,-8355840,-8355840,motion
2869009,-8355840,-2434438,motion
2869017,-8355828,-8355840,motion
2869025,-8355840,-8355840,motion
2869033,-1973999,-8224204,motion
2869041,-8355840,-8355840,motion
2869049,-8355840,-921302,motion
2869057,-8355840,-8355840,motion
2869065,-8355840,-8355840,motion
2869073,-1644804,-8355840,motion
2869081,-8355840,-8355840,motion
2869089,-8355782,-921306,motion
2869097,-8355840,-8355840,motion
2869105,-8355840,-8355840,motion
2869113,-1315925,-8355840,motion
2869121,-8355840,-8355840,motion
2869129,-8092433,-921283,motion
2869137,-8355840,-8355840,motion
2869145,-8355840,-8355840,motion
2869153,-855334,-8355840,motion
2869161,-8355840,-8355840,motion
2869169,-7434617,-921174,motion
2869177,-8355840,-8355840,motion
2869185,-8355840,-8289984,motion
2869193,-789591,-8355840,motion
2869201,-8355840,-8355840,motion
2869209,-7105628,-855545,motion
2869218,-8355840,-8355840,motion
2869225,-8355840,-7829490,motion
2869233,-789583,-8355840,motion
2869241,-8355840,-8355840,motion
2869249,-6973999,-921207,motion
2869257,-8355840,-8355840,motion
2869266,-8355840,-7697762,motion
2869274,-855522,-8355840,motion
2869282,-8355840,-8355840,motion
2869290,-7105575,-921225,motion
2869298,-8355840,-8355840,motion
2869306,-8355840,-7829274,motion
2869314,-1052815,-8355840,motion
2869322,-8355840,-8355840,motion
2869330,-7039773,-921203,motion
2869338,-8355840,-8355840,motion
2869346,-8355840,-7763491,motion
2869354,-1381801,-8355840,motion
2869362,-8355840,-8355840,motion
2869370,-6908356,-1908044,motion
2869378,-8355840,-8355840,motion
2869386,-8355840,-7763468,motion
2869394,-1908129,-8355840,motion
2869402,-8355840,-8355840,motion
2869410,-7039803,-1973878,motion
2869418,-8355840,-8355840,motion
2869426,-8355840,-7763648,motion
2869434,-2434373,-8355840,motion
2869442,-8355840,-8355840,motion
2869450,-7105705,-2039627,motion
2869458,-8355840,-8355840,motion
2869466,-8355840,-7763532,motion
2869474,-2894996,-8355840,motion
2869482,-8355840,-8355840,motion
2869490,-6842510,-3026493,motion
2869498,-8355840,-8355840,motion
2869506,-8355840,-7697866,motion
2869515,-3487074,-8355840,motion
2869523,-8355840,-8355840,motion
2869530,-6513453,-3158246,motion
2869539,-8355840,-8355840,motion
2869546,-8355840,-7763468,motion
2869554,-3881905,-8355840,motion
2869563,-8355840,-8355840,motion
2869571,-6184552,-4079109,motion
2869579,-8355840,-8355840,motion
2869587,-8355840,-7500361,motion
2869595,-4342528,-8355840,motion
2869602,-8355840,-8355840,motion
2869611,-5789879,-3750238,motion
2869619,-8355840,-8355840,motion
2869627,-8355840,-6776712,motion
2869635,-4408192,-8355840,motion
2869643,-8355840,-8355840,motion
2869651,-5329295,-4408319,motion
2869659,-8355840,-8355840,motion
2869667,-8355840,-6974176,motion
2869675,-5197813,-8355840,motion
2869683,-8355840,-8355840,motion
2869691,-5131971,-5263476,motion
2869699,-8355840,-8355840,motion
2869707,-8355840,-6710809,motion
2869715,-5197770,-8355840,motion
2869723,-8355840,-8355840,motion
2869731,-4868628,-5329182,motion
2869739,-8355840,-8355840,motion
2869747,-8355840,-6381857,motion
2869755,-6053012,-8355840,motion
2869763,-8355840,-8355840,motion
2869771,-5131974,-5592389,motion
2869779,-8355840,-8355840,motion
2869787,-8355840,-6250322,motion
2869795,-6645047,-8355840,motion
2869803,-8355840,-8355840,motion
2869811,-4737095,-6118718,motion
2869820,-8355840,-8355840,motion
2869828,-8355840,-5987159,motion
2869835,-6908339,-8355840,motion
2869843,-8355840,-8355840,motion
2869851,-4671459,-6184637,motion
2869859,-8355840,-8355840,motion
2869868,-8355840,-5724006,motion
2869876,-8290037,-8355840,motion
2869884,-8355840,-8355840,motion
2869892,-4079306,-6908381,motion
2869899,-8355840,-8355840,motion
2869907,-8355840,-5658365,motion
2869916,-8355616,-8355840,motion
2869924,-8355840,-8355840,motion
2869932,-3947571,-8224246,motion
2869940,-8355840,-8355840,motion
2869948,-8355840,-4737150,motion
2869956,-8355828,-8355840,motion
2869964,-8355840,-8355840,motion
2869972,-3487072,-8355786,motion
2869980,-8355840,-8355840,motion
2869988,-8355840,-4276723,motion
2869996,-8355840,-8355840,motion
2870004,-8355840,-8355840,motion
2870012,-3223940,-8355840,motion
2870020,-8355840,-8355840,motion
2870028,-8355840,-3947525,motion
2870036,-8355840,-8355840,motion
2870044,-8355840,-8355840,motion
2870052,-2829219,-8355840,motion
2870060,-8355840,-8355840,motion
2870068,-8355840,-3487230,motion
2870076,-8355840,-8355840,motion
2870084,-8355840,-8355840,motion
2870092,-2434536,-8355840,motion
2870101,-8355840,-8355840,motion
2870108,-8355840,-3289602,motion
2870116,-8355840,-8355840,motion
2870124,-8355840,-8355840,motion
2870132,-1973837,-8355840,motion
2870140,-8355840,-8355840,motion
2870148,-8355840,-2631846,motion
2870157,-8355840,-8355840,motion
2870165,-8355840,-8355840,motion
2870173,-1579232,-8355840,motion
2870181,-8355840,-8355840,motion
2870188,-8355840,-2368714,motion
2870197,-8355840,-8355840,motion
2870205,-8355840,-8355840,motion
2870213,-1447503,-8355840,motion
2870221,-8355840,-8355840,motion
2870229,-8355840,-1447589,motion
2870237,-8355840,-8355840,motion
2870245,-8355840,-8355840,motion
2870253,-1513408,-8355840,motion
2870261,-8355840,-8355840,motion
2870269,-8355840,-1513317,motion
2870277,-8355840,-8355840,motion
2870285,-8355840,-8355840,motion
2870293,-1973793,-8355840,motion
2870301,-8355840,-8355840,motion
2870309,-8355840,-1710799,motion
2870317,-8355840,-8355840,motion
2870325,-8355840,-8355840,motion
2870333,-2302961,-8355840,motion
2870341,-8355840,-8355840,motion
2870349,-8355840,-2105418,motion
2870357,-8355840,-8355840,motion
2870365,-8355840,-8355840,motion
2870373,-2763286,-8355840,motion
2870381,-8355840,-8355840,motion
2870389,-8355840,-2500334,motion
2870397,-8355840,-8355840,motion
2870405,-8355840,-8355840,motion
2870413,-3092327,-8355840,motion
2870421,-8355840,-8355840,motion
2870429,-8355840,-2895081,motion
2870438,-8355840,-8355840,motion
2870445,-8355840,-8355840,motion
2870454,-3355619,-8355840,motion
2870461,-8355840,-8355840,motion
2870470,-8289931,-3289700,motion
2870477,-8355840,-8355840,motion
2870485,-8355840,-8355840,motion
2870494,-3947611,-8355840,motion
2870502,-8355840,-8355840,motion
2870510,-7631879,-3552780,motion
2870518,-8355840,-8355840,motion
2870526,-8355840,-8355840,motion
2870534,-4013317,-8355840,motion
2870542,-8355840,-8355840,motion
2870550,-7039884,-4013317,motion
2870558,-8355840,-8355840,motion
2870566,-8355840,-8158283,motion
2870574,-4474025,-8355840,motion
2870582,-8355840,-8355840,motion
2870590,-6447701,-3881863,motion
2870598,-8355840,-8355840,motion
2870606,-8355840,-7368829,motion
2870614,-4803023,-8355840,motion
2870622,-8355840,-8355840,motion
2870630,-5724113,-4868857,motion
2870638,-8355840,-8355840,motion
2870646,-8355840,-7237166,motion
2870654,-4802981,-8355840,motion
2870662,-8355840,-8355840,motion
2870670,-5066131,-5000312,motion
2870678,-8355840,-8355840,motion
2870686,-8355840,-5855591,motion
2870694,-5000227,-8355840,motion
2870702,-8355840,-8355840,motion
2870710,-4079161,-5526726,motion
2870718,-8355840,-8355840,motion
2870726,-8355840,-5197797,motion
2870734,-5460935,-8355840,motion
2870742,-8355840,-8355840,motion
2870750,-3026450,-5329182,motion
2870758,-8355840,-8355840,motion
2870767,-8355840,-4144957,motion
2870774,-5789805,-8355840,motion
2870782,-8355840,-8355840,motion
2870791,-921248,-5855639,motion
2870799,-8355840,-8355840,motion
2870807,-8355840,-3421241,motion
2870814,-6316049,-8355840,motion
2870822,-8355840,-8355840,motion
2870831,-921269,-5658223,motion
2870839,-8355840,-8355840,motion
2870847,-8355840,-2565948,motion
2870855,-6908381,-8355840,motion
2870863,-8355840,-8355840,motion
2870871,-855451,-6184637,motion
2870879,-8355840,-8355840,motion
2870887,-8355840,-1052680,motion
2870895,-7237124,-8355840,motion
2870903,-8355840,-8355840,motion
2870911,-789745,-7237209,motion
2870919,-8355840,-8355840,motion
2870927,-8355810,-921108,motion
2870935,-8224246,-8355840,motion
2870943,-8355840,-8355840,motion
2870951,-723792,-6974130,motion
2870959,-8355840,-8355840,motion
2870967,-7500537,-789608,motion
2870975,-8289995,-8355840,motion
2870983,-8355840,-8092435,motion
2870991,-658025,-7039751,motion
2870999,-8355840,-8355840,motion
2871007,-6776585,-657978,motion
2871015,-8355786,-8355840,motion
2871023,-8355840,-6776674,motion
2871031,-460769,-7632126,motion
2871039,-8355840,-8355840,motion
2871047,-5526635,-394840,motion
2871055,-8355840,-8355840,motion
2871063,-8355840,-5329372,motion
2871072,-329157,-8355840,motion
2871079,-8355840,-8355840,motion
2871088,-4605586,-394890,motion
2871096,-8355840,-8355840,motion
2871104,-8355840,-5460935,motion
2871112,-394859,-8355840,motion
2871120,-8355840,-8355840,motion
2871128,-4934416,-592322,motion
2871136,-8355840,-8355840,motion
2871144,-8355840,-6053070,motion
2871152,-526569,-8355840,motion
2871160,-8355840,-8355840,motion
2871168,-5855503,-789607,motion
2871176,-8355840,-8355840,motion
2871184,-8355840,-6382022,motion
2871192,-723776,-8355840,motion
2871200,-8355840,-8355840,motion
2871208,-5658246,-789616,motion
2871216,-8355840,-8355840,motion
2871224,-8355840,-6579346,motion
2871232,-789628,-8355840,motion
2871240,-8355840,-8355840,motion
2871248,-5592566,-789620,motion
2871256,-8355840,-8355840,motion
2871264,-8355840,-5987266,motion
2871272,-855300,-8355840,motion
2871280,-8355840,-8355840,motion
2871288,-5131865,-855298,motion
2871296,-8355840,-8355840,motion
2871304,-8355840,-5460943,motion
2871312,-1250261,-8355840,motion
2871320,-8355840,-8355840,motion
2871328,-5066126,-921122,motion
2871336,-8355840,-8355840,motion
2871344,-8355840,-6579453,motion
2871352,-1776420,-8355840,motion
2871361,-8355840,-8355840,motion
2871368,-4934616,-1908172,motion
2871376,-8355840,-8355840,motion
2871384,-8355840,-6908301,motion
2871392,-2171251,-8355840,motion
2871401,-8355840,-8355840,motion
2871409,-5921479,-2631832,motion
2871417,-8355840,-8355840,motion
2871425,-8355840,-7105706,motion
2871433,-3026663,-8355840,motion
2871440,-8355840,-8355840,motion
2871449,-5789767,-2500334,motion
2871457,-8355840,-8355840,motion
2871465,-8355840,-7039815,motion
2871473,-3158033,-8355840,motion
2871481,-8355840,-8355840,motion
2871489,-5395017,-3487116,motion
2871497,-8355840,-8355840,motion
2871505,-8355840,-6908349,motion
2871513,-3750238,-8355840,motion
2871521,-8355840,-8355840,motion
2871529,-5197628,-3421282,motion
2871537,-8355840,-8355840,motion
2871545,-8355840,-6645135,motion
2871553,-4342273,-8355840,motion
2871561,-8355840,-8355840,motion
2871569,-5263551,-4276482,motion
2871577,-8355840,-8355840,motion
2871585,-8355840,-7039949,motion
2871593,-4737062,-8355840,motion
2871601,-8355840,-8355840,motion
2871609,-4868670,-4934563,motion
2871617,-8355840,-8355840,motion
2871625,-8355840,-6513626,motion
2871633,-5131936,-8355840,motion
2871641,-8355840,-8355840,motion
2871649,-4868618,-4934521,motion
2871658,-8355840,-8355840,motion
2871665,-8355840,-6250268,motion
2871673,-5658138,-8355840,motion
2871682,-8355840,-8355840,motion
2871689,-4605537,-4934648,motion
2871697,-8355840,-8355840,motion
2871706,-8355840,-5658325,motion
2871714,-5987136,-8355840,motion
2871722,-8355840,-8355840,motion
2871730,-4276688,-5987093,motion
2871737,-8355840,-8355840,motion
2871746,-8355840,-6053053,motion
2871754,-6382010,-8355840,motion
2871762,-8355840,-8355840,motion
2871770,-4276524,-6118803,motion
2871778,-8355840,-8355840,motion
2871786,-8355840,-5329194,motion
2871794,-6645089,-8355840,motion
2871802,-8355840,-8355840,motion
2871810,-3816044,-6579383,motion
2871818,-8355840,-8355840,motion
2871826,-8355840,-5460789,motion
2871834,-7434540,-8355840,motion
2871842,-8355840,-8355840,motion
2871850,-3881736,-6974045,motion
2871858,-8355840,-8355840,motion
2871866,-8355840,-5658185,motion
2871874,-8355701,-8355840,motion
2871882,-8355840,-8355840,motion
2871890,-3750288,-8355616,motion
2871898,-8355840,-8355840,motion
2871906,-8355840,-4934530,motion
2871914,-8355828,-8355840,motion
2871922,-8355840,-8355840,motion
2871930,-3552838,-8355658,motion
2871938,-8355840,-8355840,motion
2871946,-8355840,-4473890,motion
2871954,-8355840,-8355840,motion
2871962,-8355840,-8355840,motion
2871970,-3158019,-8355786,motion
2871978,-8355840,-8355840,motion
2871986,-8355840,-4013536,motion
2871995,-8355840,-8355840,motion
2872002,-8355840,-8355840,motion
2872011,-2829142,-8355840,motion
2872019,-8355840,-8355840,motion
2872027,-8355840,-3684388,motion
2872035,-8355840,-8355840,motion
2872042,-8355840,-8355840,motion
2872051,-2368673,-8355840,motion
2872059,-8355840,-8355840,motion
2872067,-8355840,-3158144,motion
2872075,-8355840,-8355840,motion
2872083,-8355840,-8355840,motion
2872091,-2039735,-8355840,motion
2872099,-8355840,-8355840,motion
2872107,-8355840,-2697626,motion
2872115,-8355840,-8355840,motion
2872123,-8355840,-8355840,motion
2872131,-1579220,-8355840,motion
2872139,-8355840,-8355840,motion
2872147,-8355840,-2302851,motion
2872155,-8355840,-8355840,motion
2872163,-8355840,-8355840,motion
2872171,-1513311,-8355840,motion
2872179,-8355840,-8355840,motion
2872187,-8355840,-1776518,motion
2872195,-8355840,-8355840,motion
2872203,-8355840,-8355840,motion
2872211,-1447633,-8355840,motion
2872219,-8355840,-8355840,motion
2872227,-8355840,-1710720,motion
2872235,-8355840,-8355840,motion
2872243,-8355840,-8355840,motion
2872251,-1973793,-8355840,motion
2872259,-8355840,-8355840,motion
2872267,-8355840,-1579062,motion
2872276,-8355840,-8355840,motion
2872283,-8355840,-8355840,motion
2872291,-2237127,-8355840,motion
2872299,-8355840,-8355840,motion
2872307,-8355840,-1908002,motion
2872316,-8355840,-8355840,motion
2872323,-8355840,-8355840,motion
2872332,-2697665,-8355840,motion
2872340,-8355840,-8355840,motion
2872348,-8355840,-2237085,motion
2872356,-8355840,-8355840,motion
2872364,-8355840,-8355840,motion
2872372,-3026663,-8355840,motion
2872380,-8355840,-8355840,motion
2872388,-8355840,-2566041,motion
2872396,-8355840,-8355840,motion
2872404,-8355840,-8355840,motion
2872412,-3355534,-8355840,motion
2872420,-8355840,-8355840,motion
2872428,-8355840,-3026451,motion
2872436,-8355840,-8355840,motion
2872444,-8355840,-8355840,motion
2872452,-3816029,-8355840,motion
2872460,-8355840,-8355840,motion
2872468,-8224173,-3289700,motion
2872476,-8355840,-8355840,motion
2872484,-8355840,-8355840,motion
2872492,-4145070,-8355840,motion
2872500,-8355840,-8355840,motion
2872508,-7829459,-4144985,motion
2872516,-8355840,-8355840,motion
2872524,-8355840,-8355840,motion
2872532,-4473983,-8355840,motion
2872540,-8355840,-8355840,motion
2872548,-7434509,-4276482,motion
2872556,-8355840,-8355840,motion
2872564,-8355840,-8158445,motion
2872572,-4802938,-8355840,motion
2872581,-8355840,-8355840,motion
2872588,-6776624,-4408149,motion
2872596,-8355840,-8355840,motion
2872604,-8355840,-8092653,motion
2872612,-5000269,-8355840,motion
2872620,-8355840,-8355840,motion
2872629,-6118826,-5197770,motion
2872637,-8355840,-8355840,motion
2872645,-8355840,-7237371,motion
2872653,-5460935,-8355840,motion
2872661,-8355840,-8355840,motion
2872669,-5526682,-5131851,motion
2872677,-8355840,-8355840,motion
2872685,-8355840,-6842582,motion
2872693,-5592474,-8355840,motion
2872701,-8355840,-8355840,motion
2872709,-4671274,-5987306,motion
2872717,-8355840,-8355840,motion
2872725,-8355840,-5723928,motion
2872733,-5987178,-8355840,motion
2872741,-8355840,-8355840,motion
2872749,-3816046,-5526726,motion
2872757,-8355840,-8355840,motion
2872765,-8355840,-4539854,motion
2872773,-6118676,-8355840,motion
2872781,-8355840,-8355840,motion
2872789,-855545,-6118846,motion
2872797,-8355840,-8355840,motion
2872805,-8355840,-4342495,motion
2872813,-6645004,-8355840,motion
2872821,-8355840,-8355840,motion
2872829,-2368587,-6447631,motion
2872837,-8355840,-8355840,motion
2872845,-8355840,-3158211,motion
2872853,-8224204,-8355840,motion
2872861,-8355840,-8355840,motion
2872869,-921153,-6447844,motion
2872877,-8355840,-8355840,motion
2872885,-8355840,-2500311,motion
2872893,-8289995,-8355840,motion
2872902,-8355840,-8355840,motion
2872909,-855313,-6447844,motion
2872917,-8355840,-8355840,motion
2872926,-8355840,-986889,motion
2872934,-8355840,-8355840,motion
2872941,-8355840,-8355840,motion
2872950,-855475,-6974130,motion
2872958,-8355840,-8355840,motion
2872966,-8355840,-921240,motion
2872974,-8355840,-8355840,motion
2872982,-8355840,-8355840,motion
2872990,-789705,-8355840,motion
2872998,-8355840,-8355840,motion
2873006,-8224040,-921135,motion
2873014,-8355840,-8355840,motion
2873022,-8355840,-8355840,motion
2873030,-789667,-8355658,motion
2873038,-8355840,-8355840,motion
2873046,-7566214,-855484,motion
2873054,-8355840,-8355840,motion
2873062,-8355840,-8355606,motion
2873070,-789568,-8355840,motion
2873078,-8355840,-8355840,motion
2873086,-7105783,-855369,motion
2873094,-8355840,-8355840,motion
2873102,-8355840,-7697709,motion
2873110,-723831,-8355840,motion
2873118,-8355840,-8355840,motion
2873126,-6513644,-789708,motion
2873134,-8355840,-8355840,motion
2873142,-8355840,-7303029,motion
2873150,-658074,-8355840,motion
2873158,-8355840,-8355840,motion
2873166,-6052953,-789527,motion
2873174,-8355840,-8355840,motion
2873183,-8355840,-6052987,motion
2873190,-592142,-8355840,motion
2873198,-8355840,-8355840,motion
2873207,-5000389,-658024,motion
2873215,-8355840,-8355840,motion
2873222,-8355840,-5526652,motion
2873231,-526475,-8355840,motion
2873238,-8355840,-8355840,motion
2873246,-4276540,-526533,motion
2873255,-8355840,-8355840,motion
2873263,-8355840,-4474067,motion
2873270,-592233,-8355840,motion
2873279,-8355840,-8355840,motion
2873287,-3684405,-592326,motion
2873295,-8355840,-8355840,motion
2873303,-8355840,-4210873,motion
2873311,-1052887,-8355840,motion
2873319,-8355840,-8355840,motion
2873327,-3487154,-592379,motion
2873335,-8355840,-8355840,motion
2873343,-8355840,-3947681,motion
2873351,-1579089,-8355840,motion
2873359,-8355840,-8355840,motion
2873367,-3158150,-1447592,motion
2873375,-8355840,-8355840,motion
2873383,-8355840,-4079140,motion
2873391,-1974006,-8355840,motion
2873399,-8355840,-8355840,motion
2873407,-3487232,-1316052,motion
2873415,-8355840,-8355840,motion
2873423,-8355840,-4079158,motion
2873431,-2434331,-8355840,motion
2873439,-8355840,-8355840,motion
2873447,-3552846,-2237127,motion
2873455,-8355840,-8355840,motion
2873463,-8355840,-4342282,motion
2873471,-2960787,-8355840,motion
2873479,-8355840,-8355840,motion
2873487,-3552962,-2697708,motion
2873495,-8355840,-8355840,motion
2873504,-8355840,-5658320,motion
2873512,-3224037,-8355840,motion
2873519,-8355840,-8355840,motion
2873528,-3552965,-3750238,motion
2873535,-8355840,-8355840,motion
2873543,-8355840,-6118764,motion
2873552,-3947611,-8355840,motion
2873560,-8355840,-8355840,motion
2873568,-4013437,-4474025,motion
2873576,-8355840,-8355840,motion
2873584,-8355840,-5395037,motion
2873591,-4079279,-8355840,motion
2873600,-8355840,-8355840,motion
2873608,-3947634,-4473898,motion
2873616,-8355840,-8355840,motion
2873624,-8355840,-5658189,motion
2873632,-4868729,-8355840,motion
2873640,-8355840,-8355840,motion
2873648,-3947573,-4474110,motion
2873656,-8355840,-8355840,motion
2873664,-8355840,-5131909,motion
2873672,-5131936,-8355840,motion
2873680,-8355840,-8355840,motion
2873688,-3355581,-5658265,motion
2873696,-8355840,-8355840,motion
2873704,-8355840,-5329179,motion
2873712,-5395016,-8355840,motion
2873720,-8355840,-8355840,motion
2873728,-3421193,-5329352,motion
2873736,-8355840,-8355840,motion
2873744,-8355840,-4934497,motion
2873752,-6381925,-8355840,motion
2873760,-8355840,-8355840,motion
2873768,-3421421,-6382053,motion
2873776,-8355840,-8355840,motion
2873784,-8355840,-5395137,motion
2873792,-6316261,-8355840,motion
2873800,-8355840,-8355840,motion
2873809,-3026488,-6974088,motion
2873816,-8355840,-8355840,motion
2873824,-8355840,-4934431,motion
2873832,-7039921,-8355840,motion
2873840,-8355840,-8355840,motion
2873848,-3158269,-6842378,motion
2873857,-8355840,-8355840,motion
2873865,-8355840,-4276621,motion
2873873,-8355701,-8355840,motion
2873881,-8355840,-8355840,motion
2873888,-3158261,-6776714,motion
2873897,-8355840,-8355840,motion
2873905,-8355840,-4144907,motion
2873913,-8355743,-8355840,motion
2873921,-8355840,-8355840,motion
2873929,-3158080,-7500331,motion
2873937,-8355840,-8355840,motion
2873945,-8355840,-3684439,motion
2873953,-8355840,-8355840,motion
2873961,-8355840,-8355840,motion
2873969,-2697692,-8355786,motion
2873977,-8355840,-8355840,motion
2873985,-8355840,-3750171,motion
2873993,-8355840,-8355840,motion
2874001,-8355840,-8355840,motion
2874009,-2631752,-8355786,motion
2874017,-8355840,-8355840,motion
2874025,-8355840,-3092368,motion
2874033,-8355840,-8355840,motion
2874041,-8355840,-8355840,motion
2874049,-2171269,-8355840,motion
2874057,-8355840,-8355840,motion
2874065,-8355840,-3223942,motion
2874073,-8355840,-8355840,motion
2874081,-8355840,-8355840,motion
2874089,-1973997,-8355840,motion
2874097,-8355840,-8355840,motion
2874105,-8355840,-2631843,motion
2874113,-8355840,-8355840,motion
2874122,-8355840,-8355840,motion
2874129,-1644802,-8355840,motion
2874138,-8355840,-8355840,motion
2874145,-8355840,-2302925,motion
2874154,-8355840,-8355840,motion
2874161,-8355840,-8355840,motion
2874169,-1513423,-8355840,motion
2874178,-8355840,-8355840,motion
2874186,-8355840,-1710826,motion
2874194,-8355840,-8355840,motion
2874202,-8355840,-8355840,motion
2874210,-1184447,-8355840,motion
2874218,-8355840,-8355840,motion
2874226,-8355840,-1645036,motion
2874234,-8355840,-8355840,motion
2874242,-8355840,-8355840,motion
2874250,-1644991,-8355840,motion
2874258,-8355840,-8355840,motion
2874266,-8355840,-1447496,motion
2874274,-8355840,-8355840,motion
2874282,-8355840,-8355840,motion
2874290,-1973963,-8355840,motion
2874298,-8355840,-8355840,motion
2874306,-8355840,-1513367,motion
2874314,-8355840,-8355840,motion
2874322,-8355840,-8355840,motion
2874330,-2302919,-8355840,motion
2874338,-8355840,-8355840,motion
2874346,-8355840,-1842423,motion
2874354,-8355840,-8355840,motion
2874362,-8355840,-8355840,motion
2874370,-2763499,-8355840,motion
2874378,-8355840,-8355840,motion
2874386,-8355840,-2237127,motion
2874394,-8355840,-8355840,motion
2874402,-8355840,-8355840,motion
2874410,-2960787,-8355840,motion
2874418,-8355840,-8355840,motion
2874427,-8355840,-3223909,motion
2874435,-8355840,-8355840,motion
2874442,-8355840,-8355840,motion
2874451,-3421325,-8355840,motion
2874458,-8355840,-8355840,motion
2874466,-8355840,-3092327,motion
2874474,-8355840,-8355840,motion
2874482,-8355840,-8355840,motion
2874491,-3881735,-8355840,motion
2874499,-8355840,-8355840,motion
2874507,-8158217,-3421197,motion
2874515,-8355840,-8355840,motion
2874523,-8355840,-8355840,motion
2874531,-4013488,-8355840,motion
2874539,-8355840,-8355840,motion
2874547,-7829353,-4013402,motion
2874555,-8355840,-8355840,motion
2874563,-8355840,-8355840,motion
2874571,-4474110,-8355840,motion
2874579,-8355840,-8355840,motion
2874587,-7434662,-4145027,motion
2874595,-8355840,-8355840,motion
2874603,-8355840,-8355840,motion
2874611,-4934436,-8355840,motion
2874619,-8355840,-8355840,motion
2874627,-7039799,-4474025,motion
2874635,-8355840,-8355840,motion
2874643,-8355840,-7697878,motion
2874651,-5263434,-8355840,motion
2874659,-8355840,-8355840,motion
2874667,-6776698,-4934436,motion
2874675,-8355840,-8355840,motion
2874683,-8355840,-7434534,motion
2874691,-5460849,-8355840,motion
2874699,-8355840,-8355840,motion
2874707,-6053035,-5197642,motion
2874715,-8355840,-8355840,motion
2874724,-8355840,-6513420,motion
2874731,-6052884,-8355840,motion
2874739,-8355840,-8355840,motion
2874747,-5723970,-5263561,motion
2874755,-8355840,-8355840,motion
2874763,-8355840,-6579305,motion
2874772,-6316176,-8355840,motion
2874780,-8355840,-8355840,motion
2874788,-4802954,-5855724,motion
2874796,-8355840,-8355840,motion
2874804,-8355840,-5921286,motion
2874812,-6710838,-8355840,motion
2874820,-8355840,-8355840,motion
2874828,-4342455,-5987178,motion
2874836,-8355840,-8355840,motion
2874844,-8355840,-5197662,motion
2874852,-6974088,-8355840,motion
2874860,-8355840,-8355840,motion
2874868,-3487016,-6776672,motion
2874876,-8355840,-8355840,motion
2874884,-8355840,-4671377,motion
2874892,-7237252,-8355840,motion
2874900,-8355840,-8355840,motion
2874908,-3026682,-6513465,motion
2874916,-8355840,-8355840,motion
2874924,-8355840,-3750373,motion
2874932,-8355786,-8355840,motion
2874940,-8355840,-8355840,motion
2874948,-2434517,-6447631,motion
2874956,-8355840,-8355840,motion
2874964,-8355840,-3355475,motion
2874972,-8355701,-8355840,motion
2874980,-8355840,-8355840,motion
2874988,-2500128,-8290037,motion
2874996,-8355840,-8355840,motion
2875004,-8355840,-3092465,motion
2875012,-8355828,-8355840,motion
2875020,-8355840,-8355840,motion
2875028,-2171345,-8355701,motion
2875036,-8355840,-8355840,motion
2875044,-8355840,-2697540,motion
2875053,-8355840,-8355840,motion
2875060,-8355840,-8355840,motion
2875069,-1908212,-8355840,motion
2875076,-8355840,-8355840,motion
2875085,-8355840,-2368732,motion
2875092,-8355840,-8355840,motion
2875101,-8355840,-8355840,motion
2875109,-1644987,-8355840,motion
2875117,-8355840,-8355840,motion
2875125,-8290032,-1052714,motion
2875133,-8355840,-8355840,motion
2875141,-8355840,-8355840,motion
2875149,-1250238,-8355840,motion
2875157,-8355840,-8355840,motion
2875165,-7960976,-1316080,motion
2875173,-8355840,-8355840,motion
2875181,-8355840,-8355686,motion
2875189,-987111,-8355840,motion
2875197,-8355840,-8355840,motion
2875205,-7631984,-855494,motion
2875213,-8355840,-8355840,motion
2875221,-8355840,-8092422,motion
2875229,-789580,-8355840,motion
2875237,-8355840,-8355840,motion
2875245,-6776666,-921100,motion
2875253,-8355840,-8355840,motion
2875261,-8355840,-7829468,motion
2875269,-789676,-8355840,motion
2875277,-8355840,-8355840,motion
2875285,-5789865,-1052888,motion
2875293,-8355840,-8355840,motion
2875301,-8355840,-7237343,motion
2875309,-789550,-8355840,motion
2875317,-8355840,-8355840,motion
2875325,-5658208,-855445,motion
2875333,-8355840,-8355840,motion
2875341,-8355840,-5789820,motion
2875349,-987097,-8355840,motion
2875358,-8355840,-8355840,motion
2875365,-5066078,-789690,motion
2875373,-8355840,-8355840,motion
2875382,-8355840,-5263593,motion
2875390,-1250091,-8355840,motion
2875397,-8355840,-8355840,motion
2875406,-4737124,-1052721,motion
2875413,-8355840,-8355840,motion
2875421,-8355840,-5526742,motion
2875430,-1776590,-8355840,motion
2875438,-8355840,-8355840,motion
2875446,-4408111,-1316094,motion
2875454,-8355840,-8355840,motion
2875462,-8355840,-4539770,motion
2875470,-1973963,-8355840,motion
2875478,-8355840,-8355840,motion
2875486,-3881745,-1645007,motion
2875494,-8355840,-8355840,motion
2875502,-8355840,-4342383,motion
2875510,-2566126,-8355840,motion
2875518,-8355840,-8355840,motion
2875526,-3684360,-1710714,motion
2875534,-8355840,-8355840,motion
2875542,-8355840,-3947769,motion
2875550,-2763414,-8355840,motion
2875558,-8355840,-8355840,motion
2875566,-3289642,-2565955,motion
2875574,-8355840,-8355840,motion
2875582,-8355840,-4079298,motion
2875590,-3289828,-8355840,motion
2875598,-8355840,-8355840,motion
2875607,-2434470,-3487201,motion
2875614,-8355840,-8355840,motion
2875622,-8355840,-3552773,motion
2875630,-3552822,-8355840,motion
2875638,-8355840,-8355840,motion
2875646,-2368557,-3355534,motion
2875654,-8355840,-8355840,motion
2875663,-8355840,-2960691,motion
2875670,-4013402,-8355840,motion
2875679,-8355840,-8355840,motion
2875686,-2368705,-3289828,motion
2875694,-8355840,-8355840,motion
2875703,-8355840,-2895048,motion
2875711,-4408234,-8355840,motion
2875719,-8355840,-8355840,motion
2875727,-1842397,-4276524,motion
2875734,-8355840,-8355840,motion
2875742,-8355840,-2960859,motion
2875751,-4868729,-8355840,motion
2875759,-8355840,-8355840,motion
2875767,-1579142,-4671356,motion
2875775,-8355840,-8355840,motion
2875783,-8355840,-3947689,motion
2875791,-5329352,-8355840,motion
2875799,-8355840,-8355840,motion
2875807,-1381785,-4802981,motion
2875815,-8355840,-8355840,motion
2875823,-8355840,-3552798,motion
2875831,-5460849,-8355840,motion
2875839,-8355840,-8355840,motion
2875847,-1118491,-5987178,motion
2875855,-8355840,-8355840,motion
2875863,-8355840,-3750283,motion
2875871,-5855681,-8355840,motion
2875879,-8355840,-8355840,motion
2875887,-2500103,-5724141,motion
2875895,-8355840,-8355840,motion
2875903,-8355840,-3552991,motion
2875911,-6184637,-8355840,motion
2875919,-8355840,-8355840,motion
2875927,-921231,-6513635,motion
2875935,-8355840,-8355840,motion
2875943,-8355840,-3881814,motion
2875951,-6842548,-8355840,motion
2875959,-8355840,-8355840,motion
2875967,-921297,-6710881,motion
2875976,-8355840,-8355840,motion
2875983,-8355840,-4144952,motion
2875991,-8290037,-8355840,motion
2876000,-8355840,-8355840,motion
2876008,-2500182,-7368749,motion
2876016,-8355840,-8355840,motion
2876024,-8355840,-3487106,motion
2876031,-8355616,-8355840,motion
2876040,-8355840,-8355840,motion
2876048,-2631715,-8290037,motion
2876056,-8355840,-8355840,motion
2876064,-8355840,-3224060,motion
2876072,-8355840,-8355840,motion
2876080,-8355840,-8355840,motion
2876088,-2368677,-8355743,motion
2876096,-8355840,-8355840,motion
2876104,-8355840,-3158186,motion
2876112,-8355840,-8355840,motion
2876120,-8355840,-8355840,motion
2876128,-2302747,-8355840,motion
2876136,-8355840,-8355840,motion
2876144,-8355840,-2763429,motion
2876152,-8355840,-8355840,motion
2876160,-8355840,-8355840,motion
2876168,-1908187,-8355840,motion
2876176,-8355840,-8355840,motion
2876184,-8355840,-2434379,motion
2876192,-8355840,-8355840,motion
2876200,-8355840,-8355840,motion
2876208,-1645011,-8355840,motion
2876216,-8355840,-8355840,motion
2876224,-8355840,-2434346,motion
2876232,-8355840,-8355840,motion
2876240,-8355840,-8355840,motion
2876248,-1447656,-8355840,motion
2876256,-8355840,-8355840,motion
2876265,-8355840,-1842273,motion
2876273,-8355840,-8355840,motion
2876280,-8355840,-8355840,motion
2876289,-1381793,-8355840,motion
2876296,-8355840,-8355840,motion
2876305,-8355840,-1710718,motion
2876312,-8355840,-8355840,motion
2876320,-8355840,-8355840,motion
2876329,-1315867,-8355840,motion
2876337,-8355840,-8355840,motion
2876345,-8355808,-1381664,motion
2876352,-8355840,-8355840,motion
2876361,-8355840,-8355840,motion
2876369,-1447607,-8355840,motion
2876377,-8355840,-8355840,motion
2876385,-8355653,-1315976,motion
2876393,-8355840,-8355840,motion
2876401,-8355840,-8355840,motion
2876409,-1842338,-8355840,motion
2876417,-8355840,-8355840,motion
2876425,-8355639,-1513223,motion
2876433,-8355840,-8355840,motion
2876441,-8355840,-8355840,motion
2876449,-2368540,-8355840,motion
2876457,-8355840,-8355840,motion
2876465,-8355840,-1842338,motion
2876473,-8355840,-8355840,motion
2876481,-8355840,-8355840,motion
2876489,-2829120,-8355840,motion
2876497,-8355840,-8355840,motion
2876505,-8355840,-2237085,motion
2876513,-8355840,-8355840,motion
2876521,-8355840,-8355840,motion
2876529,-3026578,-8355840,motion
2876537,-8355840,-8355840,motion
2876545,-8355840,-2566041,motion
2876553,-8355840,-8355840,motion
2876561,-8355840,-8355840,motion
2876569,-3223824,-8355840,motion
2876577,-8355840,-8355840,motion
2876586,-8355840,-3421197,motion
2876594,-8355840,-8355840,motion
2876601,-8355840,-8355840,motion
2876610,-3750281,-8355840,motion
2876617,-8355840,-8355840,motion
2876626,-8158381,-3486989,motion
2876633,-8355840,-8355840,motion
2876642,-8355840,-8355840,motion
2876650,-4144900,-8355840,motion
2876658,-8355840,-8355840,motion
2876666,-7829398,-3750281,motion
2876674,-8355840,-8355840,motion
2876682,-8355840,-8355840,motion
2876690,-4408149,-8355840,motion
2876698,-8355840,-8355840,motion
2876706,-7500330,-4079279,motion
2876714,-8355840,-8355840,motion
2876722,-8355840,-8355840,motion
2876730,-4868772,-8355840,motion
2876738,-8355840,-8355840,motion
2876746,-6974206,-4342528,motion
2876754,-8355840,-8355840,motion
2876762,-8355840,-8224248,motion
2876770,-5000354,-8355840,motion
2876778,-8355840,-8355840,motion
2876786,-6579443,-4868857,motion
2876794,-8355840,-8355840,motion
2876802,-8355840,-7697690,motion
2876810,-5460807,-8355840,motion
2876818,-8355840,-8355840,motion
2876826,-6316054,-5000312,motion
2876834,-8355840,-8355840,motion
2876842,-8355840,-6908363,motion
2876850,-5855596,-8355840,motion
2876858,-8355840,-8355840,motion
2876866,-5855677,-5066103,motion
2876874,-8355840,-8355840,motion
2876882,-8355840,-6908212,motion
2876890,-6053012,-8355840,motion
2876899,-8355840,-8355840,motion
2876906,-5263545,-5723929,motion
2876914,-8355840,-8355840,motion
2876922,-8355840,-6711039,motion
2876930,-6382010,-8355840,motion
2876939,-8355840,-8355840,motion
2876947,-4737204,-6381925,motion
2876955,-8355840,-8355840,motion
2876963,-8355840,-5921382,motion
2876971,-6776714,-8355840,motion
2876979,-8355840,-8355840,motion
2876987,-4210918,-6052927,motion
2876995,-8355840,-8355840,motion
2877003,-8355840,-5131828,motion
2877011,-7105542,-8355840,motion
2877019,-8355840,-8355840,motion
2877027,-3355596,-7039794,motion
2877035,-8355840,-8355840,motion
2877043,-8355840,-5131837,motion
2877051,-8289867,-8355840,motion
2877059,-8355840,-8355840,motion
2877067,-2829187,-8289867,motion
2877075,-8355840,-8355840,motion
2877083,-8355840,-4473980,motion
2877091,-8290037,-8355840,motion
2877099,-8355840,-8355840,motion
2877107,-2829285,-7368792,motion
2877115,-8355840,-8355840,motion
2877123,-8355840,-3421426,motion
2877131,-8355840,-8355840,motion
2877139,-8355840,-8355840,motion
2877147,-2763351,-7434540,motion
2877155,-8355840,-8355840,motion
2877163,-8355840,-3289649,motion
2877171,-8355840,-8355840,motion
2877179,-8355840,-8355840,motion
2877188,-2368618,-8355840,motion
2877195,-8355840,-8355840,motion
2877203,-8355840,-3026612,motion
2877211,-8355840,-8355840,motion
2877219,-8355840,-8355840,motion
2877227,-2039586,-8355828,motion
2877236,-8355840,-8355840,motion
2877243,-8355840,-2566075,motion
2877252,-8355840,-8355840,motion
2877259,-8355840,-8355840,motion
2877268,-1644938,-8355840,motion
2877276,-8355840,-8355840,motion
2877284,-8355627,-2105510,motion
2877292,-8355840,-8355840,motion
2877300,-8355840,-8355840,motion
2877308,-1316084,-8355840,motion
2877316,-8355840,-8355840,motion
2877324,-8092495,-1447521,motion
2877332,-8355840,-8355840,motion
2877340,-8355840,-8355840,motion
2877348,-1118668,-8355840,motion
2877356,-8355840,-8355840,motion
2877364,-7895061,-987108,motion
2877372,-8355840,-8355840,motion
2877380,-8355840,-8355840,motion
2877388,-921160,-8355840,motion
2877396,-8355840,-8355840,motion
2877404,-7500508,-921181,motion
2877412,-8355840,-8355840,rest
2877420,-8355840,-8224014,rest
2877428,-986998,-8355840,rest
2877436,-8355840,-8355840,rest
2877444,-7171488,-921222,rest
2877452,-8355840,-8355840,rest
2877460,-8355840,-7434672,rest
2877469,-921164,-8355840,rest
2877476,-8355840,-8355840,rest
2877484,-5921487,-855462,rest
2877492,-8355840,-8355840,rest
2877500,-8355840,-6579408,rest
2877508,-1316094,-8355840,rest
2877516,-8355840,-8355840,rest
2877525,-4934619,-855403,rest
2877532,-8355840,-8355840,rest
2877541,-8355840,-5592525,rest
2877548,-1184326,-8355840,rest
2877556,-8355840,-8355840,rest
2877565,-4539655,-921099,rest
2877573,-8355840,-8355840,rest
2877581,-8355840,-4605595,rest
2877589,-1579259,-8355840,rest
2877597,-8355840,-8355840,rest
2877605,-4013336,-855480,rest
2877613,-8355840,-8355840,rest
2877621,-8355840,-4342277,rest
2877629,-1908044,-8355840,rest
2877637,-8355840,-8355840,rest
2877645,-3355488,-1513255,rest
2877653,-8355840,-8355840,rest
2877661,-8355840,-3618790,rest
2877669,-2434373,-8355840,rest
2877677,-8355840,-8355840,rest
2877685,-3092410,-1579089,rest
2877693,-8355840,-8355840,rest
2877701,-8355840,-3355520,rest
2877709,-2631874,-8355840,rest
2877717,-8355840,-8355840,rest
2877725,-2697728,-2697665,rest
2877733,-8355840,-8355840,rest
2877741,-8355840,-3684550,rest
2877749,-3223952,-8355840,rest
2877757,-8355840,-8355840,rest
2877766,-2039771,-3421282,rest
2877773,-8355840,-8355840,rest
2877781,-8355840,-3421233,rest
2877789,-3421410,-8355840,rest
2877797,-8355840,-8355840,rest
2877805,-2368614,-3092327,rest
2877813,-8355840,-8355840,rest
2877822,-8355840,-2697722,rest
2877829,-4013317,-8355840,rest
2877838,-8355840,-8355840,rest
2877845,-2302820,-3092412,rest
2877853,-8355840,-8355840,rest
2877862,-8355840,-2829301,rest
2877870,-4276567,-8355840,rest
2877878,-8355840,-8355840,rest
2877886,-1973921,-4145112,rest
2877894,-8355840,-8355840,rest
2877902,-8355840,-4473998,rest
2877910,-4934606,-8355840,rest
2877918,-8355840,-8355840,rest
2877926,-2368567,-4539859,rest
2877934,-8355840,-8355840,rest
2877942,-8355840,-4342382,rest
2877950,-5000269,-8355840,rest
2877958,-8355840,-8355840,rest
2877966,-3026485,-5526683,rest
2877974,-8355840,-8355840,rest
2877982,-8355840,-4934428,rest
2877990,-5460807,-8355840,rest
2877998,-8355840,-8355840,rest
2878006,-2500108,-6118761,rest
2878014,-8355840,-8355840,rest
2878022,-8355840,-5066064,rest
2878030,-5724014,-8355840,rest
2878038,-8355840,-8355840,rest
2878046,-2960895,-6053055,rest
2878054,-8355840,-8355840,rest
2878062,-8355840,-5131975,rest
2878070,-6776629,-8355840,rest
2878078,-8355840,-8355840,rest
2878086,-921239,-6710923,rest
2878094,-8355840,-8355840,rest
2878102,-8355840,-4474068,rest
2878110,-6645175,-8355840,rest
2878118,-8355840,-8355840,rest
2878126,-2960689,-6645132,rest
2878135,-8355840,-8355840,rest
2878143,-8355840,-3881731,rest
2878151,-8289952,-8355840,rest
2878158,-8355840,-8355840,rest
2878166,-3026473,-6776587,rest
2878174,-8355840,-8355840,rest
2878183,-8355840,-4079258,rest
2878191,-8290037,-8355840,rest
2878199,-8355840,-8355840,rest
2878207,-2894853,-7171503,rest
2878215,-8355840,-8355840,rest
2878223,-8355840,-4079281,rest
2878231,-8355828,-8355840,rest
2878239,-8355840,-8355840,rest
2878247,-2763391,-8355658,rest
2878255,-8355840,-8355840,rest
2878263,-8355840,-3289771,rest
2878271,-8355840,-8355840,rest
2878279,-8355840,-8355840,rest
2878287,-2500152,-8355828,rest
2878295,-8355840,-8355840,rest
2878303,-8355840,-3223921,rest
2878311,-8355840,-8355840,rest
2878319,-8355840,-8355840,rest
2878327,-2368649,-8355840,rest
2878335,-8355840,-8355840,rest
2878343,-8355840,-2894925,rest
2878351,-8355840,-8355840,rest
2878359,-8355840,-8355840,rest
2878367,-2039582,-8355840,rest
2878375,-8355840,-8355840,rest
2878383,-8355840,-2631868,rest
2878391,-8355840,-8355840,rest
2878399,-8355840,-8355840,rest
2878407,-1710772,-8355840,rest
2878415,-8355840,-8355840,rest
2878423,-8355840,-2237064,rest
2878431,-8355840,-8355840,rest
2878439,-8355840,-8355840,rest
2878448,-1579011,-8355840,rest
2878455,-8355840,-8355840,rest
2878464,-8355840,-1908111,rest
2878471,-8355840,-8355840,rest
2878480,-8355840,-8355840,rest
2878488,-1184431,-8355840,rest
2878496,-8355840,-8355840,rest
2878504,-8355840,-1644824,rest
2878512,-8355840,-8355840,rest
2878520,-8355840,-8355840,rest
2878528,-1118701,-8355840,rest
2878536,-8355840,-8355840,rest
2878544,-8355840,-1447632,rest
2878552,-8355840,-8355840,rest
2878560,-8355840,-8355840,rest
2878568,-1710671,-8355840,rest
2878576,-8355840,-8355840,rest
2878584,-8355840,-1316088,rest
2878592,-8355840,-8355840,rest
2878600,-8355840,-8355840,rest
2878608,-2039712,-8355840,rest
2878616,-8355840,-8355840,rest
2878624,-8355840,-1447577,rest
2878632,-8355840,-8355840,rest
2878640,-8355840,-8355840,rest
2878648,-2434416,-8355840,rest
2878656,-8355840,-8355840,rest
2878664,-8355840,-1842296,rest
2878672,-8355840,-8355840,rest
2878680,-8355840,-8355840,rest
2878688,-2631704,-8355840,rest
2878696,-8355840,-8355840,rest
2878704,-8355840,-2105375,rest
2878712,-8355840,-8355840,rest
2878720,-8355840,-8355840,rest
2878728,-3026451,-8355840,rest
2878737,-8355840,-8355840,rest
2878744,-8290047,-2566083,rest
2878752,-8355840,-8355840,rest
2878760,-8355840,-8355840,rest
2878768,-3223952,-8355840,rest
2878777,-8355840,-8355840,rest
2878785,-8224166,-3223909,rest
2878793,-8355840,-8355840,rest
2878801,-8355840,-8355840,rest
2878809,-3618613,-8355840,rest
2878817,-8355840,-8355840,rest
2878825,-7895097,-3355619,rest
2878833,-8355840,-8355840,rest
2878841,-8355840,-8355840,rest
2878849,-3947611,-8355840,rest
2878857,-8355840,-8355840,rest
2878865,-7434555,-3750196,rest
2878873,-8355840,-8355840,rest
2878881,-8355840,-8355840,rest
2878889,-4342528,-8355840,rest
2878897,-8355840,-8355840,rest
2878905,-6842446,-3947569,rest
2878913,-8355840,-8355840,rest
2878921,-8355840,-8355597,rest
2878929,-4737062,-8355840,rest
2878937,-8355840,-8355840,rest
2878945,-6250488,-4342358,rest
2878953,-8355840,-8355840,rest
2878961,-8355840,-8026637,rest
2878969,-5131809,-8355840,rest
2878977,-8355840,-8355840,rest
2878985,-5987230,-4934436,rest
2878993,-8355840,-8355840,rest
2879001,-8355840,-7171485,rest
2879009,-5131809,-8355840,rest
2879017,-8355840,-8355840,rest
2879025,-5263578,-5000227,rest
2879033,-8355840,-8355840,rest
2879041,-8355840,-6974102,rest
2879049,-5658138,-8355840,rest
2879058,-8355840,-8355840,rest
2879065,-4868780,-5000354,rest
2879073,-8355840,-8355840,rest
2879082,-8355840,-5855530,rest
2879090,-5724056,-8355840,rest
2879098,-8355840,-8355840,rest
2879106,-4276683,-5526726,rest
2879113,-8355840,-8355840,rest
2879122,-8355840,-5921502,rest
2879130,-6118888,-8355840,rest
2879138,-8355840,-8355840,rest
2879146,-3684490,-6250343,rest
2879154,-8355840,-8355840,rest
2879162,-8355840,-5197725,rest
2879170,-6250300,-8355840,rest
2879178,-8355840,-8355840,rest
2879186,-3421304,-6118803,rest
2879194,-8355840,-8355840,rest
2879202,-8355840,-3881967,rest
2879210,-6842463,-8355840,rest
2879218,-8355840,-8355840,rest
2879226,-921143,-6118718,rest
2879234,-8355840,-8355840,rest
2879242,-8355840,-4145016,rest
2879250,-7303128,-8355840,rest
2879258,-8355840,-8355840,rest
2879266,-2434334,-6645132,rest
2879274,-8355840,-8355840,rest
2879282,-8355840,-3881959,rest
2879290,-8289867,-8355840,rest
2879298,-8355840,-8355840,rest
2879306,-921196,-6908381,rest
2879314,-8355840,-8355840,rest
2879322,-8355840,-3223941,rest
2879330,-8355743,-8355840,rest
2879338,-8355840,-8355840,rest
2879346,-1842414,-6908211,rest
2879354,-8355840,-8355840,rest
2879363,-8355840,-921290,rest
2879371,-8355786,-8355840,rest
2879378,-8355840,-8355840,rest
2879387,-921232,-7697832,rest
2879395,-8355840,-8355840,rest
2879403,-8355840,-921220,rest
2879410,-8355840,-8355840,rest
2879418,-8355840,-8355840,rest
2879427,-1447609,-8355786,rest
2879435,-8355840,-8355840,rest
2879443,-8290043,-986891,rest
2879451,-8355840,-8355840,rest
2879459,-8355840,-8355840,rest
2879467,-1381652,-8355840,rest
2879475,-8355840,-8355840,rest
2879483,-8092670,-921244,rest
2879491,-8355840,-8355840,rest
2879499,-8355840,-8355840,rest
2879507,-1184381,-8355840,rest
2879515,-8355840,-8355840,rest
2879523,-7829387,-921145,rest
2879531,-8355840,-8355840,rest
2879539,-8355840,-8355600,rest
2879547,-789668,-8355840,rest
2879555,-8355840,-8355840,rest
2879563,-7500364,-921138,rest
2879571,-8355840,-8355840,rest
2879579,-8355840,-8224190,rest
2879587,-855445,-8355840,rest
2879595,-8355840,-8355840,rest
2879603,-7105657,-855360,rest
2879611,-8355840,-8355840,rest
2879619,-8355840,-7697790,rest
2879627,-789723,-8355840,rest
2879635,-8355840,-8355840,rest
2879643,-6776677,-921157,rest
2879652,-8355840,-8355840,rest
2879659,-8355840,-7566270,rest
2879667,-855500,-8355840,rest
2879675,-8355840,-8355840,rest
2879683,-6381998,-855387,rest
2879691,-8355840,-8355840,rest
2879700,-8355840,-7237199,rest
2879708,-1710629,-8355840,rest
2879716,-8355840,-8355840,rest
2879723,-6184530,-921288,rest
2879731,-8355840,-8355840,rest
2879740,-8355840,-7566167,rest
2879748,-1447507,-8355840,rest
2879756,-8355840,-8355840,rest
2879764,-6776621,-1579046,rest
2879772,-8355840,-8355840,rest
2879780,-8355840,-7368891,rest
2879788,-1908087,-8355840,rest
2879796,-8355840,-8355840,rest
2879804,-6447697,-1776632,rest
2879812,-8355840,-8355840,rest
2879820,-8355840,-7303100,rest
2879828,-2171251,-8355840,rest
2879836,-8355840,-8355840,rest
2879844,-6250452,-2434416,rest
2879852,-8355840,-8355840,rest
2879860,-8355840,-7368949,rest
2879868,-2960830,-8355840,rest
2879876,-8355840,-8355840,rest
2879884,-6381833,-2500292,rest
2879892,-8355840,-8355840,rest
2879900,-8355840,-7500375,rest
2879908,-3355406,-8355840,rest
2879916,-8355840,-8355840,rest
2879924,-6184687,-2895039,rest
2879932,-8355840,-8355840,rest
2879941,-8355840,-7434522,rest
2879948,-3684574,-8355840,rest
2879956,-8355840,-8355840,rest
2879964,-6118834,-3355449,rest
2879972,-8355840,-8355840,rest
2879981,-8355840,-6974072,rest
2879988,-4079109,-8355840,rest
2879996,-8355840,-8355840,rest
2880004,-5921427,-3289658,rest
2880012,-8355840,-8355840,rest
2880021,-8355840,-7237261,rest
2880029,-3816072,-8355840,rest
2880036,-8355840,-8355840,rest
2880045,-5526713,-3816114,rest
2880053,-8355840,-8355840,rest
2880061,-8355840,-6776702,rest
2880069,-4605608,-8355840,rest
2880077,-8355840,-8355840,rest
2880085,-5592412,-4013402,rest
2880093,-8355840,-8355840,rest
2880101,-8355840,-6973994,rest
2880109,-5066018,-8355840,rest
2880117,-8355840,-8355840,rest
2880125,-5329218,-4605608,rest
2880133,-8355840,-8355840,rest
2880141,-8355840,-7039757,rest
2880149,-5132021,-8355840,rest
2880157,-8355840,-8355840,rest
2880165,-5000396,-5197728,rest
2880173,-8355840,-8355840,rest
2880181,-8355840,-6579397,rest
2880189,-5460892,-8355840,rest
2880197,-8355840,-8355840,rest
2880205,-5000225,-5000397,rest
2880213,-8355840,-8355840,rest
2880221,-8355840,-6118803,rest
2880230,-5658180,-8355840,rest
2880237,-8355840,-8355840,rest
2880245,-4737134,-5460935,rest
2880253,-8355840,-8355840,rest
2880261,-8355840,-6447772,rest
2880269,-6447631,-8355840,rest
2880278,-8355840,-8355840,rest
2880286,-4737107,-6447759,rest
2880293,-8355840,-8355840,rest
2880301,-8355840,-6053075,rest
2880309,-6645217,-8355840,rest
2880317,-8355840,-8355840,rest
2880326,-4605544,-6316134,rest
2880334,-8355840,-8355840,rest
2880342,-8355840,-5197741,rest
2880350,-7237295,-8355840,rest
2880358,-8355840,-8355840,rest
2880366,-4671440,-6447716,rest
2880374,-8355840,-8355840,rest
2880382,-8355840,-5526592,rest
2880390,-8355616,-8355840,rest
2880398,-8355840,-8355840,rest
2880406,-4013317,-7039964,rest
2880414,-8355840,-8355840,rest
2880422,-8355840,-5197670,rest
2880430,-8355786,-8355840,rest
2880438,-8355840,-8355840,rest
2880446,-3684419,-8224161,rest
2880454,-8355840,-8355840,rest
2880462,-8355840,-4737180,rest
2880470,-8355840,-8355840,rest
2880478,-8355840,-8355840,rest
2880486,-3552927,-8355701,rest
2880494,-8355840,-8355840,rest
2880502,-8355840,-4210831,rest
2880510,-8355840,-8355840,rest
2880518,-8355840,-8355840,rest
2880526,-3223833,-8355840,rest
2880534,-8355840,-8355840,rest
2880542,-8355840,-3618667,rest
2880550,-8355840,-8355840,rest
2880558,-8355840,-8355840,rest
2880566,-2960650,-8355840,rest
2880574,-8355840,-8355840,rest
2880582,-8355840,-3684425,rest
2880591,-8355840,-8355840,rest
2880599,-8355840,-8355840,rest
2880606,-2434538,-8355840,rest
2880615,-8355840,-8355840,rest
2880622,-8355840,-3355545,rest
2880631,-8355840,-8355840,rest
2880638,-8355840,-8355840,rest
2880647,-2302786,-8355840,rest
2880655,-8355840,-8355840,rest
2880663,-8355840,-2302903,rest
2880671,-8355840,-8355840,rest
2880679,-8355840,-8355840,rest
2880687,-1842314,-8355840,rest
2880695,-8355840,-8355840,rest
2880703,-8355840,-2500137,rest
2880711,-8355840,-8355840,rest
2880719,-8355840,-8355840,rest
2880727,-1381827,-8355840,rest
2880735,-8355840,-8355840,rest
2880743,-8355840,-2039643,rest
2880751,-8355840,-8355840,rest
2880759,-8355840,-8355840,rest
2880767,-1381685,-8355840,rest
2880775,-8355840,-8355840,rest
2880783,-8355840,-1644847,rest
2880791,-8355840,-8355840,rest
2880799,-8355840,-8355840,rest
2880807,-1513467,-8355840,rest
2880815,-8355840,-8355840,rest
2880823,-8355840,-1316088,rest
2880831,-8355840,-8355840,rest
2880839,-8355840,-8355840,rest
2880847,-1710756,-8355840,rest
2880855,-8355840,-8355840,rest
2880863,-8355840,-1579178,rest
2880872,-8355840,-8355840,rest
2880879,-8355840,-8355840,rest
2880887,-2171336,-8355840,rest
2880895,-8355840,-8355840,rest
2880904,-8355840,-1908002,rest
2880911,-8355840,-8355840,rest
2880919,-8355840,-8355840,rest
2880928,-2368752,-8355840,rest
2880936,-8355840,-8355840,rest
2880944,-8224104,-2368667,rest
2880951,-8355840,-8355840,rest
2880959,-8355840,-8355840,rest
2880968,-2894911,-8355840,rest
2880976,-8355840,-8355840,rest
2880984,-8355775,-2434543,rest
2880992,-8355840,-8355840,rest
2881000,-8355840,-8355840,rest
2881008,-3289743,-8355840,rest
2881016,-8355840,-8355840,rest
2881024,-8289926,-2763286,rest
2881032,-8355840,-8355840,rest
2881040,-8355840,-8355840,rest
2881048,-3355491,-8355840,rest
2881056,-8355840,-8355840,rest
2881064,-8092452,-3026536,rest
2881072,-8355840,-8355840,rest
2881080,-8355840,-8355840,rest
2881088,-3947526,-8355840,rest
2881096,-8355840,-8355840,rest
2881104,-7697874,-3421368,rest
2881112,-8355840,-8355840,rest
2881120,-8355840,-8355840,rest
2881128,-4079151,-8355840,rest
2881136,-8355840,-8355840,rest
2881144,-7105774,-3618656,rest
2881152,-8355840,-8355840,rest
2881160,-8355840,-8158375,rest
2881168,-4473983,-8355840,rest
2881176,-8355840,-8355840,rest
2881184,-6645120,-3750153,rest
2881192,-8355840,-8355840,rest
2881200,-8355840,-7566332,rest
2881209,-5000227,-8355840,rest
2881216,-8355840,-8355840,rest
2881224,-5921481,-4342401,rest
2881232,-8355840,-8355840,rest
2881240,-8355840,-7237172,rest
2881249,-4539816,-8355840,rest
2881257,-8355840,-8355840,rest
2881265,-4473903,-4539816,rest
2881273,-8355840,-8355840,rest
2881281,-8355840,-5197685,rest
2881289,-4539859,-8355840,rest
2881297,-8355840,-8355840,rest
2881305,-3355565,-4802853,rest
2881313,-8355840,-8355840,rest
2881321,-8355840,-4210848,rest
2881329,-4934648,-8355840,rest
2881337,-8355840,-8355840,rest
2881345,-1381674,-4210691,rest
2881353,-8355840,-8355840,rest
2881361,-8355840,-1250202,rest
2881369,-5263391,-8355840,rest
2881377,-8355840,-8355840,rest
2881385,-855315,-4934521,rest
2881393,-8355840,-8355840,rest
2881401,-8355840,-723964,rest
2881409,-5592559,-8355840,rest
2881417,-8355840,-8355840,rest
2881425,-460612,-5197770,rest
2881433,-8355840,-8355840,rest
2881441,-7829282,-394918,rest
2881449,-5987221,-8355840,rest
2881457,-8355840,-8158236,rest
2881465,-263408,-5855511,rest
2881473,-8355840,-8355840,rest
2881481,-7039936,-328969,rest
2881490,-6381925,-8355840,rest
2881497,-8355840,-7697859,rest
2881505,-197438,-5395143,rest
2881513,-8355840,-8355840,rest
2881522,-6184611,-197493,rest
2881530,-6908169,-8355840,rest
2881537,-8355840,-6645156,rest
2881545,-65946,-5921302,rest
2881553,-8355840,-8355840,rest
2881561,-5460925,-65869,rest
2881570,-7105542,-8355840,rest
2881578,-8355840,-5197709,rest
2881586,-66,-6513465,rest
2881594,-8355840,-8355840,rest
2881602,-4013358,31,rest
2881610,-7171461,-8355840,rest
2881618,-8355840,-4013398,rest
2881626,144,-6908211,rest
2881634,-8355840,-8355840,rest
2881642,-2829096,63,rest
2881650,-7631956,-8355840,rest
2881658,-8355840,-4276501,rest
2881666,-2,-7237167,rest
2881674,-8355840,-8355840,rest
2881682,-3092265,-254,rest
2881690,-8158285,-8355840,rest
2881698,-8355840,-4342488,rest
2881706,-61,-7171333,rest
2881714,-8355840,-8355840,rest
2881722,-2763505,-2,rest
2881731,-8092494,-8355840,rest
2881738,-8355840,-2895021,rest
2881746,92,-7500416,rest
2881754,-8355840,-8355840,rest
2881762,-1908212,120,rest
2881770,-8355840,-8355840,rest
2881778,-8355840,-2171295,rest
2881786,-75,-8224246,rest
2881794,-8355840,-8355840,rest
2881802,-2631890,-197427,rest
2881810,-8355840,-8355840,rest
2881818,-8355840,-5131988,rest
2881826,-329120,-8355840,rest
2881835,-8355840,-8355840,rest
2881843,-4342320,-460788,rest
2881851,-8355840,-8355840,rest
2881859,-8355840,-5526665,rest
2881866,-460708,-8355840,rest
2881875,-8355840,-8355840,rest
2881883,-5395180,-723718,rest
2881891,-8355840,-8355840,rest
2881899,-8355840,-6645002,rest
2881907,-658007,-8355840,rest
2881915,-8355840,-8355840,rest
2881923,-6118880,-789720,rest
2881931,-8355840,-8355840,rest
2881939,-8355840,-7237366,rest
2881947,-855463,-8355840,rest
2881955,-8355840,-8355840,rest
2881963,-6316142,-855544,rest
2881971,-8355840,-8355840,rest
2881979,-8355840,-7960847,rest
2881987,-921205,-8355840,rest
2881995,-8355840,-8355840,rest
2882003,-6908392,-1315859,rest
2882011,-8355840,-8355840,rest
2882019,-8355840,-7961033,rest
2882027,-1250107,-8355840,rest
2882035,-8355840,-8355840,rest
2882043,-6908415,-1381734,rest
2882051,-8355840,-8355840,rest
2882059,-8355840,-8026655,rest
2882067,-1908087,-8355840,rest
2882075,-8355840,-8355840,rest
2882083,-6974032,-1447562,rest
2882091,-8355840,-8355840,rest
2882100,-8355840,-7895072,rest
2882108,-1842423,-8355840,rest
2882115,-8355840,-8355840,rest
2882124,-6974111,-2566083,rest
2882131,-8355840,-8355840,rest
2882139,-8355840,-7960935,rest
2882148,-2631917,-8355840,rest
2882156,-8355840,-8355840,rest
2882164,-6776610,-2895081,rest
2882172,-8355840,-8355840,rest
2882179,-8355840,-7895285,rest
2882187,-3092412,-8355840,rest
2882196,-8355840,-8355840,rest
2882204,-6579286,-2763414,rest
2882212,-8355840,-8355840,rest
2882220,-8355840,-7763622,rest
2882228,-3289700,-8355840,rest
2882236,-8355840,-8355840,rest
2882244,-6316046,-2829162,rest
2882252,-8355840,-8355840,rest
2882260,-8355840,-7697845,rest
2882268,-3552907,-8355840,rest
2882276,-8355840,-8355840,rest
2882284,-5592335,-3224037,rest
2882292,-8355840,-8355840,rest
2882300,-8355840,-7566320,rest
2882308,-4013445,-8355840,rest
2882316,-8355840,-8355840,rest
2882324,-5197811,-3947654,rest
2882332,-8355840,-8355840,rest
2882340,-8355840,-7237214,rest
2882348,-4079279,-8355840,rest
2882356,-8355840,-8355840,rest
2882364,-5197793,-3816114,rest
2882372,-8355840,-8355840,rest
2882380,-8355840,-6316085,rest
2882389,-4474110,-8355840,rest
2882396,-8355840,-8355840,rest
2882404,-4868711,-4473983,rest
2882412,-8355840,-8355840,rest
2882420,-8355840,-6842574,rest
2882428,-5263604,-8355840,rest
2882436,-8355840,-8355840,rest
2882445,-4013458,-5526726,rest
2882453,-8355840,-8355840,rest
2882460,-8355840,-6447823,rest
2882468,-5197770,-8355840,rest
2882476,-8355840,-8355840,rest
2882485,-4145109,-5263391,rest
2882493,-8355840,-8355840,rest
2882501,-8355840,-6316214,rest
2882509,-5526556,-8355840,rest
2882517,-8355840,-8355840,rest
2882525,-4276607,-5658350,rest
2882533,-8355840,-8355840,rest
2882541,-8355840,-5592469,rest
2882549,-6053097,-8355840,rest
2882557,-8355840,-8355840,rest
2882565,-3816091,-5987178,rest
2882573,-8355840,-8355840,rest
2882581,-8355840,-5987209,rest
2882589,-6447674,-8355840,rest
2882597,-8355840,-8355840,rest
2882605,-2829199,-6908211,rest
2882613,-8355840,-8355840,rest
2882621,-8355840,-5724065,rest
2882629,-7039836,-8355840,rest
2882637,-8355840,-8355840,rest
2882645,-3552993,-6645132,rest
2882653,-8355840,-8355840,rest
2882661,-8355840,-4737241,rest
2882669,-7500331,-8355840,rest
2882677,-8355840,-8355840,rest
2882685,-3816065,-6513635,rest
2882693,-8355840,-8355840,rest
2882701,-8355840,-5000431,rest
2882709,-8355743,-8355840,rest
2882718,-8355840,-8355840,rest
2882725,-3355518,-7368834,rest
2882733,-8355840,-8355840,rest
2882741,-8355840,-4671440,rest
2882750,-8355840,-8355840,rest
2882757,-8355840,-8355840,rest
2882766,-3223983,-8355616,rest
2882774,-8355840,-8355840,rest
2882782,-8355840,-4342273,rest
2882790,-8355840,-8355840,rest
2882797,-8355840,-8355840,rest
2882806,-3158228,-8355786,rest
2882814,-8355840,-8355840,rest
2882822,-8355840,-3750228,rest
2882830,-8355840,-8355840,rest
2882838,-8355840,-8355840,rest
2882846,-2763378,-8355840,rest
2882854,-8355840,-8355840,rest
2882862,-8355840,-3223959,rest
2882870,-8355840,-8355840,rest
2882878,-8355840,-8355840,rest
2882886,-2302750,-8355840,rest
2882894,-8355840,-8355840,rest
2882902,-8355840,-3223930,rest
2882910,-8355840,-8355840,rest
2882918,-8355840,-8355840,rest
2882926,-2171343,-8355840,rest
2882934,-8355840,-8355840,rest
2882942,-8355840,-2565899,rest
2882951,-8355840,-8355840,rest
2882958,-8355840,-8355840,rest
2882966,-1644952,-8355840,rest
2882974,-8355840,-8355840,rest
2882982,-8355840,-1908165,rest
2882990,-8355840,-8355840,rest
2882998,-8355840,-8355840,rest
2883007,-1381642,-8355840,rest
2883014,-8355840,-8355840,rest
2883022,-8355785,-1908188,rest
2883030,-8355840,-8355840,rest
2883038,-8355840,-8355840,rest
2883046,-1184357,-8355840,rest
2883055,-8355840,-8355840,rest
2883062,-8224124,-1447636,rest
2883071,-8355840,-8355840,rest
2883079,-8355840,-8355840,rest
2883087,-1052851,-8355840,rest
2883095,-8355840,-8355840,rest
2883103,-8092429,-1250183,rest
2883111,-8355840,-8355840,rest
2883119,-8355840,-8355840,rest
2883127,-1513400,-8355840,rest
2883135,-8355840,-8355840,rest
2883143,-7763705,-1184467,rest
2883151,-8355840,-8355840,rest
2883159,-8355840,-8355732,rest
2883167,-1513383,-8355840,rest
2883175,-8355840,-8355840,rest
2883183,-7697695,-1250182,rest
2883191,-8355840,-8355840,rest
2883199,-8355840,-8355640,rest
2883207,-2039627,-8355840,rest
2883215,-8355840,-8355840,rest
2883223,-7500296,-1974006,rest
2883231,-8355840,-8355840,rest
2883239,-8355840,-8158435,rest
2883247,-2302876,-8355840,rest
2883255,-8355840,-8355840,rest
2883263,-7171487,-1776420,rest
2883271,-8355840,-8355840,rest
2883279,-8355840,-7829443,rest
2883287,-2237085,-8355840,rest
2883295,-8355840,-8355840,rest
2883303,-6513588,-2500122,rest
2883311,-8355840,-8355840,rest
2883319,-8355840,-7697685,rest
2883327,-2829248,-8355840,rest
2883335,-8355840,-8355840,rest
2883343,-6118855,-2566041,rest
2883352,-8355840,-8355840,rest
2883359,-8355840,-7303155,rest
2883368,-3486989,-8355840,rest
2883376,-8355840,-8355840,rest
2883384,-5460962,-3224037,rest
2883391,-8355840,-8355840,rest
2883399,-8355840,-6645111,rest
2883408,-3421325,-8355840,rest
2883416,-8355840,-8355840,rest
2883424,-4013317,-3618783,rest
2883432,-8355840,-8355840,rest
2883440,-8355840,-5921522,rest
2883448,-3618656,-8355840,rest
2883456,-8355840,-8355840,rest
2883464,-3092253,-3684489,rest
2883472,-8355840,-8355840,rest
2883480,-8355840,-5724046,rest
2883488,-3947654,-8355840,rest
2883496,-8355840,-8355840,rest
2883504,-2302942,-4276609,rest
2883512,-8355840,-8355840,rest
2883520,-8355840,-5197699,rest
2883528,-4210691,-8355840,rest
2883536,-8355840,-8355840,rest
2883544,-2105557,-3881863,rest
2883552,-8355840,-8355840,rest
2883560,-8355840,-3092351,rest
2883568,-4737062,-8355840,rest
2883576,-8355840,-8355840,rest
2883585,-1447666,-4539816,rest
2883592,-8355840,-8355840,rest
2883600,-8355840,-2500209,rest
2883608,-4671441,-8355840,rest
2883616,-8355840,-8355840,rest
2883624,-1118495,-4408319,rest
2883632,-8355840,-8355840,rest
2883641,-8355840,-1118700,rest
2883648,-5329182,-8355840,rest
2883656,-8355840,-8355840,rest
2883664,-921105,-4276524,rest
2883672,-8355840,-8355840,rest
2883680,-8355840,-1184340,rest
2883689,-5460892,-8355840,rest
2883697,-8355840,-8355840,rest
2883705,-855390,-5000227,rest
2883713,-8355840,-8355840,rest
2883720,-8355840,-987097,rest
2883729,-5921302,-8355840,rest
2883737,-8355840,-8355840,rest
2883745,-789549,-5855639,rest
2883753,-8355840,-8355840,rest
2883761,-8355840,-921251,rest
2883769,-6118718,-8355840,rest
2883777,-8355840,-8355840,rest
2883785,-789534,-5658265,rest
2883793,-8355840,-8355840,rest
2883801,-8355840,-855348,rest
2883809,-6579256,-8355840,rest
2883817,-8355840,-8355840,rest
2883825,-723867,-6513507,rest
2883833,-8355840,-8355840,rest
2883841,-8355603,-789698,rest
2883849,-6776629,-8355840,rest
2883857,-8355840,-8355840,rest
2883865,-658038,-6316219,rest
2883873,-8355840,-8355840,rest
2883881,-7632123,-723865,rest
2883889,-7237252,-8355840,rest
2883897,-8355840,-8289890,rest
2883905,-592320,-6316261,rest
2883913,-8355840,-8355840,rest
2883921,-7566196,-855316,rest
2883929,-8289867,-8355840,rest
2883938,-8355840,-7895113,rest
2883945,-592297,-6974003,rest
2883953,-8355840,-8355840,rest
2883961,-7434721,-855357,rest
2883969,-8224076,-8355840,rest
2883977,-8355840,-8092484,rest
2883986,-592272,-8224246,rest
2883994,-8355840,-8355840,rest
2884002,-7171532,-789510,rest
2884010,-8355840,-8355840,rest
2884017,-8355840,-8158444,rest
2884026,-658039,-8158413,rest
2884034,-8355840,-8355840,rest
2884042,-6974062,-789523,rest
2884050,-8355840,-8355840,rest
2884058,-8355840,-7829345,rest
2884066,-592356,-8355840,rest
2884074,-8355840,-8355840,rest
2884082,-6645140,-855354,rest
2884090,-8355840,-8355840,rest
2884098,-8355840,-6908294,rest
2884106,-657956,-8355840,rest
2884114,-8355840,-8355840,rest
2884122,-6776658,-789737,rest
2884130,-8355840,-8355840,rest
2884138,-8355840,-7566322,rest
2884146,-658154,-8355840,rest
2884154,-8355840,-8355840,rest
2884162,-6513550,-855330,rest
2884170,-8355840,-8355840,rest
2884178,-8355840,-7960843,rest
2884186,-723809,-8355840,rest
2884194,-8355840,-8355840,rest
2884202,-6579231,-855333,rest
2884210,-8355840,-8355840,rest
2884218,-8355840,-7763684,rest
2884226,-723828,-8355840,rest
2884234,-8355840,-8355840,rest
2884242,-6447792,-855521,rest
2884250,-8355840,-8355840,rest
2884259,-8355840,-7303013,rest
2884267,-789627,-8355840,rest
2884274,-8355840,-8355840,rest
2884282,-6184672,-921092,rest
2884290,-8355840,-8355840,rest
2884298,-8355840,-7829297,rest
2884307,-1052812,-8355840,rest
2884315,-8355840,-8355840,rest
2884323,-5526665,-1579131,rest
2884331,-8355840,-8355840,rest
2884339,-8355840,-7566291,rest
2884346,-1250061,-8355840,rest
2884355,-8355840,-8355840,rest
2884363,-6513530,-1316070,rest
2884371,-8355840,-8355840,rest
2884379,-8355840,-7303140,rest
2884387,-2302876,-8355840,rest
2884395,-8355840,-8355840,rest
2884403,-6447700,-1381871,rest
2884411,-8355840,-8355840,rest
2884419,-8355840,-7566210,rest
2884427,-2368710,-8355840,rest
2884435,-8355840,-8355840,rest
2884443,-6381852,-2105418,rest
2884451,-8355840,-8355840,rest
2884459,-8355840,-7697854,rest
2884467,-2829205,-8355840,rest
2884475,-8355840,-8355840,rest
2884483,-6316145,-2631917,rest
2884491,-8355840,-8355840,rest
2884499,-8355840,-7697692,rest
2884507,-3092284,-8355840,rest
2884515,-8355840,-8355840,rest
2884523,-6316115,-2500292,rest
2884531,-8355840,-8355840,rest
2884539,-8355840,-7763646,rest
2884548,-3618656,-8355840,rest
2884555,-8355840,-8355840,rest
2884563,-6447676,-3026663,rest
2884571,-8355840,-8355840,rest
2884579,-8355840,-8026865,rest
2884587,-4013530,-8355840,rest
2884596,-8355840,-8355840,rest
2884604,-6447669,-3618613,rest
2884611,-8355840,-8355840,rest
2884620,-8355840,-7895111,rest
2884627,-4145112,-8355840,rest
2884636,-8355840,-8355840,rest
2884644,-6250400,-4079109,rest
2884652,-8355840,-8355840,rest
2884660,-8355840,-8026837,rest
2884668,-4737105,-8355840,rest
2884676,-8355840,-8355840,rest
2884684,-6250296,-3947569,rest
2884692,-8355840,-8355840,rest
2884700,-8355840,-7566149,rest
2884708,-4802981,-8355840,rest
2884716,-8355840,-8355840,rest
2884724,-5855529,-4737190,rest
2884732,-8355840,-8355840,rest
2884740,-8355840,-7763600,rest
2884748,-5263604,-8355840,rest
2884756,-8355840,-8355840,rest
2884764,-5592458,-5329267,rest
2884772,-8355840,-8355840,rest
2884780,-8355840,-7368811,rest
2884788,-5395016,-8355840,rest
2884796,-8355840,-8355840,rest
2884804,-5131965,-5329225,rest
2884812,-8355840,-8355840,rest
2884820,-8355840,-6513534,rest
2884828,-5855511,-8355840,rest
2884836,-8355840,-8355840,rest
2884844,-5131866,-5329225,rest
2884852,-8355840,-8355840,rest
2884860,-8355840,-6513569,rest
2884868,-6381968,-8355840,rest
2884877,-8355840,-8355840,rest
2884884,-4671412,-6052969,rest
2884892,-8355840,-8355840,rest
2884900,-8355840,-6579341,rest
2884908,-6842378,-8355840,rest
2884917,-8355840,-8355840,rest
2884925,-3750218,-6645089,rest
2884933,-8355840,-8355840,rest
2884941,-8355840,-5921324,rest
2884948,-6974045,-8355840,rest
2884957,-8355840,-8355840,rest
2884965,-4013555,-6776629,rest
2884973,-8355840,-8355840,rest
2884981,-8355840,-5658252,rest
2884989,-7368919,-8355840,rest
2884997,-8355840,-8355840,rest
2885005,-3816069,-6579341,rest
2885013,-8355840,-8355840,rest
2885021,-8355840,-4803041,rest
2885029,-8355840,-8355840,rest
2885037,-8355840,-8355840,rest
2885045,-3552895,-7500374,rest
2885053,-8355840,-8355840,rest
2885061,-8355840,-4605565,rest
2885069,-8355786,-8355840,rest
2885077,-8355840,-8355840,rest
2885085,-3421407,-8290037,rest
2885093,-8355840,-8355840,rest
2885101,-8355840,-4144960,rest
2885109,-8355840,-8355840,rest
2885117,-8355840,-8355840,rest
2885125,-3026496,-8355786,rest
2885133,-8355840,-8355840,rest
2885141,-8355840,-3750267,rest
2885149,-8355840,-8355840,rest
2885157,-8355840,-8355840,rest
2885165,-2763404,-8355840,rest
2885173,-8355840,-8355840,rest
2885182,-8355840,-3223924,rest
2885189,-8355840,-8355840,rest
2885197,-8355840,-8355840,rest
2885205,-2565921,-8355840,rest
2885214,-8355840,-8355840,rest
2885221,-8355840,-3158129,rest
2885230,-8355840,-8355840,rest
2885238,-8355840,-8355840,rest
2885246,-1974014,-8355840,rest
2885254,-8355840,-8355840,rest
2885262,-8355840,-2763340,rest
2885270,-8355840,-8355840,rest
2885278,-8355840,-8355840,rest
2885286,-1644820,-8355840,rest
2885294,-8355840,-8355840,rest
2885302,-8355840,-2368545,rest
2885310,-8355840,-8355840,rest
2885318,-8355840,-8355840,rest
