# EXP02 capture  port=COM8  start=2026-10-01T21:19:08.2427579+03:00
[00:00:24.720,672] [0m<inf> exp02_logging: XY 24720 -8355840 -802_logging: XY 26454 -8355840 -8355840[ exp02_logging: XY 24728 -8355840 -8355840[0m
[00:00:24.736,724] [0m<inf> exp02_logging: XY 24736 -8355840 -8355840[0m
[00:00:24.744,750] [0m<inf> exp02_logging: XY 24744 -8355840 -8355840[0m
[00:00:24.752,777] [0m<inf> exp02_logging: XY 24752 -8355840 -8355840[0m
[00:00:24.760,803] [0m<inf> exp02_logging: XY 24760 -8355840 -8355840[0m
[00:00:24.768,829] [0m<inf> exp02_logging: XY 24768 -8355840 -8355840[0m
[00:00:24.776,855] [0m<inf> exp02_logging: XY 24776 -8355840 -8355840[0m
[00:00:24.784,881] [0m<inf> exp02_logging: XY 24784 -8355840 -8355840[0m
[00:00:24.792,907] [0m<inf> exp02_logging: XY 24792 -8355840 -8355840[0m
[00:00:24.800,933] [0m<inf> exp02_logging: XY 24800 -8355840 -8355840[0m
[00:00:24.808,959] [0m<inf> exp02_logging: XY 24808 -8355840 -8355840[0m
[00:00:24.816,986] [0m<inf> exp02_logging: XY 24816 -8355840 -8355840[0m
[00:00:24.825,012] [0m<inf> exp02_logging: XY 24825 -8355840 -8355840[0m
[00:00:24.833,038] [0m<inf> exp02_logging: XY 24833 -8355840 -8355840[0m
[00:00:24.841,064] [0m<inf> exp02_logging: XY 24841 -8355840 -8355840[0m
[00:00:24.849,090] [0m<inf> exp02_logging: XY 24849 -8355840 -8355840[0m
[00:00:24.857,116] [0m<inf> exp02_logging: XY 24857 -8355840 -8355840[0m
[00:00:24.865,142] [0m<inf> exp02_logging: XY 24865 -8355840 -8355840[0m
[00:00:24.873,168] [0m<inf> exp02_logging: XY 24873 -8355840 -8355840[0m
[00:00:24.881,195] [0m<inf> exp02_logging: XY 24881 -8355840 -8355840[0m
[00:00:24.889,221] [0m<inf> exp02_logging: XY 24889 -8355840 -8355840[0m
[00:00:24.897,247] [0m<inf> exp02_logging: XY 24897 -8355840 -8355840[0m
[00:00:24.905,273] [0m<inf> exp02_logging: XY 24905 -8355840 -8355840[0m
[00:00:24.913,299] [0m<inf> exp02_logging: XY 24913 -8355840 -8355840[0m
[00:00:24.921,325] [0m<inf> exp02_logging: XY 24921 -8355840 -8355840[0m
[00:00:24.929,351] [0m<inf> exp02_logging: XY 24929 -8355840 -8355840[0m
[00:00:24.937,377] [0m<inf> exp02_logging: XY 24937 -8355840 -8355840[0m
[00:00:24.945,404] [0m<inf> exp02_logging: XY 24945 -8355840 -8355840[0m
[00:00:24.953,430] [0m<inf> exp02_logging: XY 24953 -8355840 -8355840[0m
[00:00:24.961,456] [0m<inf> exp02_logging: XY 24961 -8355840 -8355840[0m
[00:00:24.969,482] [0m<inf> exp02_logging: XY 24969 -8355840 -8355840[0m
[00:00:24.977,508] [0m<inf> exp02_logging: XY 24977 -8355840 -8355840[0m
[00:00:24.985,534] [0m<inf> exp02_logging: XY 24985 -8355840 -8355840[0m
[00:00:24.993,560] [0m<inf> exp02_logging: XY 24993 -8355840 -8355840[0m
[00:00:25.001,586] [0m<inf> exp02_logging: XY 25001 -8355840 -8355840[0m
[00:00:25.009,613] [0m<inf> exp02_logging: XY 25009 -8355840 -8355840[0m
[00:00:25.017,639] [0m<inf> exp02_logging: XY 25017 -8355840 -8355840[0m
[00:00:25.025,665] [0m<inf> exp02_logging: XY 25025 -8355840 -8355840[0m
[00:00:25.033,691] [0m<inf> exp02_logging: XY 25033 -8355840 -8355840[0m
[00:00:25.041,717] [0m<inf> exp02_logging: XY 25041 -8355840 -8355840[0m
[00:00:25.049,743] [0m<inf> exp02_logging: XY 25049 -8355840 -8355840[0m
[00:00:25.057,769] [0m<inf> exp02_logging: XY 25057 -8355840 -8355840[0m
[00:00:25.065,795] [0m<inf> exp02_logging: XY 25065 -8355840 -8355840[0m
[00:00:25.073,822] [0m<inf> exp02_logging: XY 25073 -8355840 -8355840[0m
[00:00:25.081,848] [0m<inf> exp02_logging: XY 25081 -8355840 -8355840[0m
[00:00:25.089,874] [0m<inf> exp02_logging: XY 25089 -8355840 -8355840[0m
[00:00:25.097,900] [0m<inf> exp02_logging: XY 25097 -8355840 -8355840[0m
[00:00:25.105,926] [0m<inf> exp02_logging: XY 25105 -8355840 -8355840[0m
[00:00:25.113,952] [0m<inf> exp02_logging: XY 25113 -8355840 -8355840[0m
[00:00:25.121,978] [0m<inf> exp02_logging: XY 25121 -8355840 -8355840[0m
[00:00:25.130,004] [0m<inf> exp02_logging: XY 25130 -8355840 -8355840[0m
[00:00:25.138,031] [0m<inf> exp02_logging: XY 25138 -8355840 -8355840[0m
[00:00:25.146,057] [0m<inf> exp02_logging: XY 25146 -8355840 -8355840[0m
[00:00:25.154,083] [0m<inf> exp02_logging: XY 25154 -8355840 -8355840[0m
[00:00:25.162,109] [0m<inf> exp02_logging: XY 25162 -8355840 -8355840[0m
[00:00:25.170,135] [0m<inf> exp02_logging: XY 25170 -8355840 -8355840[0m
[00:00:25.178,161] [0m<inf> exp02_logging: XY 25178 -8355840 -8355840[0m
[00:00:25.186,187] [0m<inf> exp02_logging: XY 25186 -8355840 -8355840[0m
[00:00:25.194,213] [0m<inf> exp02_logging: XY 25194 -8355840 -8355840[0m
[00:00:25.202,239] [0m<inf> exp02_logging: XY 25202 -8355840 -8355840[0m
[00:00:25.210,266] [0m<inf> exp02_logging: XY 25210 -8355840 -8355840[0m
[00:00:25.218,292] [0m<inf> exp02_logging: XY 25218 -8355840 -8355840[0m
[00:00:25.226,318] [0m<inf> exp02_logging: XY 25226 -8355840 -8355840[0m
[00:00:25.234,344] [0m<inf> exp02_logging: XY 25234 -8355840 -8355840[0m
[00:00:25.242,370] [0m<inf> exp02_logging: XY 25242 -8355840 -8355840[0m
[00:00:25.250,396] [0m<inf> exp02_logging: XY 25250 -8355840 -8355840[0m
[00:00:25.258,422] [0m<inf> exp02_logging: XY 25258 -8355840 -8355840[0m
[00:00:25.266,448] [0m<inf> exp02_logging: XY 25266 -8355840 -8355840[0m
[00:00:25.274,475] [0m<inf> exp02_logging: XY 25274 -8355840 -8355840[0m
[00:00:25.282,501] [0m<inf> exp02_logging: XY 25282 -8355840 -8355840[0m
[00:00:25.290,527] [0m<inf> exp02_logging: XY 25290 -8355840 -8355840[0m
[00:00:25.298,553] [0m<inf> exp02_logging: XY 25298 -8355840 -8355840[0m
[00:00:25.306,579] [0m<inf> exp02_logging: XY 25306 -8355840 -8355840[0m
[00:00:25.314,605] [0m<inf> exp02_logging: XY 25314 -8355840 -8355840[0m
[00:00:25.322,631] [0m<inf> exp02_logging: XY 25322 -8355840 -8355840[0m
[00:00:25.330,657] [0m<inf> exp02_logging: XY 25330 -8355840 -8355840[0m
[00:00:25.338,684] [0m<inf> exp02_logging: XY 25338 -8355840 -8355840[0m
[00:00:25.346,710] [0m<inf> exp02_logging: XY 25346 -8355840 -8355840[0m
[00:00:25.354,736] [0m<inf> exp02_logging: XY 25354 -8355840 -8355840[0m
[00:00:25.362,762] [0m<inf> exp02_logging: XY 25362 -8355840 -8355840[0m
[00:00:25.370,849] [0m<inf> exp02_logging: XY 25370 -8355840 -8355840[0m
[00:00:25.378,814] [0m<inf> exp02_logging: XY 25378 -8355840 -8355840[0m
[00:00:25.386,840] [0m<inf> exp02_logging: XY 25386 -8355840 -8355840[0m
[00:00:25.394,866] [0m<inf> exp02_logging: XY 25394 -8355840 -8355840[0m
[00:00:25.402,893] [0m<inf> exp02_logging: XY 25402 -8355840 -8355840[0m
[00:00:25.410,919] [0m<inf> exp02_logging: XY 25410 -8355840 -8355840[0m
[00:00:25.418,945] [0m<inf> exp02_logging: XY 25418 -8355840 -8355840[0m
[00:00:25.426,971] [0m<inf> exp02_logging: XY 25426 -8355840 -8355840[0m
[00:00:25.434,997] [0m<inf> exp02_logging: XY 25434 -8355840 -8355840[0m
[00:00:25.443,023] [0m<inf> exp02_logging: XY 25442 -8355840 -8355840[0m
[00:00:25.451,049] [0m<inf> exp02_logging: XY 25451 -8355840 -8355840[0m
[00:00:25.459,075] [0m<inf> exp02_logging: XY 25459 -8355840 -8355840[0m
[00:00:25.467,102] [0m<inf> exp02_logging: XY 25467 -8355840 -8355840[0m
[00:00:25.475,128] [0m<inf> exp02_logging: XY 25475 -8355840 -8355840[0m
[00:00:25.483,154] [0m<inf> exp02_logging: XY 25483 -8355840 -8355840[0m
[00:00:25.491,180] [0m<inf> exp02_logging: XY 25491 -8355840 -8355840[0m
[00:00:25.499,206] [0m<inf> exp02_logging: XY 25499 -8355840 -8355840[0m
[00:00:25.507,232] [0m<inf> exp02_logging: XY 25507 -8355840 -8355840[0m
[00:00:25.515,258] [0m<inf> exp02_logging: XY 25515 -8355840 -8355840[0m
[00:00:25.523,284] [0m<inf> exp02_logging: XY 25523 -8355840 -8355840[0m
[00:00:25.531,311] [0m<inf> exp02_logging: XY 25531 -8355840 -8355840[0m
[00:00:25.539,337] [0m<inf> exp02_logging: XY 25539 -8355840 -8355840[0m
[00:00:25.547,363] [0m<inf> exp02_logging: XY 25547 -8355840 -8355840[0m
[00:00:25.555,389] [0m<inf> exp02_logging: XY 25555 -8355840 -8355840[0m
[00:00:25.563,415] [0m<inf> exp02_logging: XY 25563 -8355840 -8355840[0m
[00:00:25.571,441] [0m<inf> exp02_logging: XY 25571 -8355840 -8355840[0m
[00:00:25.579,467] [0m<inf> exp02_logging: XY 25579 -8355840 -8355840[0m
[00:00:25.587,493] [0m<inf> exp02_logging: XY 25587 -8355840 -8355840[0m
[00:00:25.595,520] [0m<inf> exp02_logging: XY 25595 -8355840 -8355840[0m
[00:00:25.603,546] [0m<inf> exp02_logging: XY 25603 -8355840 -8355840[0m
[00:00:25.611,572] [0m<inf> exp02_logging: XY 25611 -8355840 -8355840[0m
[00:00:25.619,598] [0m<inf> exp02_logging: XY 25619 -8355840 -8355840[0m
[00:00:25.627,624] [0m<inf> exp02_logging: XY 25627 -8355840 -8355840[0m
[00:00:25.635,650] [0m<inf> exp02_logging: XY 25635 -8355840 -8355840[0m
[00:00:25.643,676] [0m<inf> exp02_logging: XY 25643 -8355840 -8355840[0m
[00:00:25.651,702] [0m<inf> exp02_logging: XY 25651 -8355840 -8355840[0m
[00:00:25.659,729] [0m<inf> exp02_logging: XY 25659 -8355840 -8355840[0m
[00:00:25.667,755] [0m<inf> exp02_logging: XY 25667 -8355840 -8355840[0m
[00:00:25.675,781] [0m<inf> exp02_logging: XY 25675 -8355840 -8355840[0m
[00:00:25.683,807] [0m<inf> exp02_logging: XY 25683 -8355840 -8355840[0m
[00:00:25.691,833] [0m<inf> exp02_logging: XY 25691 -8355840 -8355840[0m
[00:00:25.699,859] [0m<inf> exp02_logging: XY 25699 -8355840 -8355840[0m
[00:00:25.707,885] [0m<inf> exp02_logging: XY 25707 -8355840 -8355840[0m
[00:00:25.715,911] [0m<inf> exp02_logging: XY 25715 -8355840 -8355840[0m
[00:00:25.723,937] [0m<inf> exp02_logging: XY 25723 -8355840 -8355840[0m
[00:00:25.731,964] [0m<inf> exp02_logging: XY 25731 -8355840 -8355840[0m
[00:00:25.739,990] [0m<inf> exp02_logging: XY 25739 -8355840 -8355840[0m
[00:00:25.748,016] [0m<inf> exp02_logging: XY 25747 -8355840 -8355840[0m
[00:00:25.756,042] [0m<inf> exp02_logging: XY 25756 -8355840 -8355840[0m
[00:00:25.764,068] [0m<inf> exp02_logging: XY 25764 -8355840 -8355840[0m
[00:00:25.772,094] [0m<inf> exp02_logging: XY 25772 -8355840 -8355840[0m
[00:00:25.780,120] [0m<inf> exp02_logging: XY 25780 -8355840 -8355840[0m
[00:00:25.788,146] [0m<inf> exp02_logging: XY 25788 -8355840 -8355840[0m
[00:00:25.796,173] [0m<inf> exp02_logging: XY 25796 -8355840 -8355840[0m
[00:00:25.804,199] [0m<inf> exp02_logging: XY 25804 -8355840 -8355840[0m
[00:00:25.812,225] [0m<inf> exp02_logging: XY 25812 -8355840 -8355840[0m
[00:00:25.820,251] [0m<inf> exp02_logging: XY 25820 -8355840 -8355840[0m
[00:00:25.828,277] [0m<inf> exp02_logging: XY 25828 -8355840 -8355840[0m
[00:00:25.836,303] [0m<inf> exp02_logging: XY 25836 -8355840 -8355840[0m
[00:00:25.844,329] [0m<inf> exp02_logging: XY 25844 -8355840 -8355840[0m
[00:00:25.852,355] [0m<inf> exp02_logging: XY 25852 -8355840 -8355840[0m
[00:00:25.860,382] [0m<inf> exp02_logging: XY 25860 -8355840 -8355840[0m
[00:00:25.868,408] [0m<inf> exp02_logging: XY 25868 -8355840 -8355840[0m
[00:00:25.876,434] [0m<inf> exp02_logging: XY 25876 -8355840 -8355840[0m
[00:00:25.884,460] [0m<inf> exp02_logging: XY 25884 -8355840 -8355840[0m
[00:00:25.892,486] [0m<inf> exp02_logging: XY 25892 -8355840 -8355840[0m
[00:00:25.900,512] [0m<inf> exp02_logging: XY 25900 -8355840 -8355840[0m
[00:00:25.908,538] [0m<inf> exp02_logging: XY 25908 -8355840 -8355840[0m
[00:00:25.916,564] [0m<inf> exp02_logging: XY 25916 -8355840 -8355840[0m
[00:00:25.924,591] [0m<inf> exp02_logging: XY 25924 -8355840 -8355840[0m
[00:00:25.932,617] [0m<inf> exp02_logging: XY 25932 -8355840 -8355840[0m
[00:00:25.940,643] [0m<inf> exp02_logging: XY 25940 -8355840 -8355840[0m
[00:00:25.948,669] [0m<inf> exp02_logging: XY 25948 -8355840 -8355840[0m
[00:00:25.956,695] [0m<inf> exp02_logging: XY 25956 -8355840 -8355840[0m
[00:00:25.964,721] [0m<inf> exp02_logging: XY 25964 -8355840 -8355840[0m
[00:00:25.972,747] [0m<inf> exp02_logging: XY 25972 -8355840 -8355840[0m
[00:00:25.980,773] [0m<inf> exp02_logging: XY 25980 -8355840 -8355840[0m
[00:00:25.988,800] [0m<inf> exp02_logging: XY 25988 -8355840 -8355840[0m
[00:00:25.996,826] [0m<inf> exp02_logging: XY 25996 -8355840 -8355840[0m
[00:00:26.004,852] [0m<inf> exp02_logging: XY 26004 -8355840 -8355840[0m
[00:00:26.012,878] [0m<inf> exp02_logging: XY 26012 -8355840 -8355840[0m
[00:00:26.020,904] [0m<inf> exp02_logging: XY 26020 -8355840 -8355840[0m
[00:00:26.028,930] [0m<inf> exp02_logging: XY 26028 -8355840 -8355840840 -8355840[0m
[00:00:26.044,982] [0m<inf> exp02_logging: XY 26044 -8355840 -8355840[0m
[00:00:26.053,009] [0m<inf> exp02_logging: XY 26052 -8355840 -8355840[0m
[00:00:26.061,035] [0m<inf> exp02_logging: XY 26061 -8355840 -8355840[0m
[00:00:26.069,061] [0m<inf> exp02_logging: XY 26069 -8355840 -8355840[0m
[00:00:26.077,087] [0m<inf> exp02_logging: XY 26077 -8355840 -8355840[0m
[00:00:26.085,113] [0m<inf> exp02_logging: XY 26085 -8355840 -8355840[0m
[00:00:26.093,139] [0m<inf> exp02_logging: XY 26093 -8355840 -8355840[0m
[00:00:26.101,165] [0m<inf> exp02_logging: XY 26101 -8355840 -8355840[0m
[00:00:26.109,191] [0m<inf> exp02_logging: XY 26109 -8355840 -8355840[0m
[00:00:26.117,218] [0m<inf> exp02_logging: XY 26117 -8355840 -8355840[0m
[00:00:26.125,244] [0m<inf> exp02_logging: XY 26125 -8355840 -8355840[0m
[00:00:26.133,270] [0m<inf> exp02_logging: XY 26133 -8355840 -8355840[0m
[00:00:26.141,296] [0m<inf> exp02_logging: XY 26141 -8355840 -8355840[0m
[00:00:26.149,322] [0m<inf> exp02_logging: XY 26149 -8355840 -8355840[0m
[00:00:26.157,348] [0m<inf> exp02_logging: XY 26157 -8355840 -8355840[0m
[00:00:26.165,374] [0m<inf> exp02_logging: XY 26165 -8355840 -8355840[0m
[00:00:26.173,400] [0m<inf> exp02_logging: XY 26173 -8355840 -8355840[0m
[00:00:26.181,427] [0m<inf> exp02_logging: XY 26181 -8355840 -8355840[0m
[00:00:26.189,453] [0m<inf> exp02_logging: XY 26189 -8355840 -8355840[0m
[00:00:26.197,479] [0m<inf> exp02_logging: XY 26197 -8355840 -8355840[0m
[00:00:26.205,505] [0m<inf> exp02_logging: XY 26205 -8355840 -8355840[0m
[00:00:26.213,531] [0m<inf> exp02_logging: XY 26213 -8355840 -8355840[0m
[00:00:26.221,557] [0m<inf> exp02_logging: XY 26221 -8355840 -8355840[0m
[00:00:26.229,583] [0m<inf> exp02_logging: XY 26229 -8355840 -8355840[0m
[00:00:26.237,609] [0m<inf> exp02_logging: XY 26237 -8355840 -8355840[0m
[00:00:26.245,635] [0m<inf> exp02_logging: XY 26245 -8355840 -8355840[0m
[00:00:26.253,662] [0m<inf> exp02_logging: XY 26253 -8355840 -8355840[0m
[00:00:26.261,688] [0m<inf> exp02_logging: XY 26261 -8355840 -8355840[0m
[00:00:26.269,714] [0m<inf> exp02_logging: XY 26269 -8355840 -8355840[0m
[00:00:26.277,740] [0m<inf> exp02_logging: XY 26277 -8355840 -8355840[0m
[00:00:26.285,766] [0m<inf> exp02_logging: XY 26285 -8355840 -8355840[0m
[00:00:26.293,792] [0m<inf> exp02_logging: XY 26293 -8355840 -8355840[0m
[00:00:26.301,818] [0m<inf> exp02_logging: XY 26301 -8355840 -8355840[0m
[00:00:26.309,844] [0m<inf> exp02_logging: XY 26309 -8355840 -8355840[0m
[00:00:26.317,871] [0m<inf> exp02_logging: XY 26317 -8355840 -8355840[0m
[00:00:26.325,897] [0m<inf> exp02_logging: XY 26325 -8355840 -8355840[0m
[00:00:26.333,923] [0m<inf> exp02_logging: XY 26333 -8355840 -8355840[0m
[00:00:26.341,949] [0m<inf> exp02_logging: XY 26341 -8355840 -8355840[0m
[00:00:26.349,975] [0m<inf> exp02_logging: XY 26349 -8355840 -8355840[0m
[00:00:26.358,001] [0m<inf> exp02_logging: XY 26357 -8355840 -8355840[0m
[00:00:26.366,027] [0m<inf> exp02_logging: XY 26365 -8355840 -8355840[0m
[00:00:26.374,084] [0m<inf> exp02_logging: XY 26374 -8355840 -8355840[0m
[00:00:26.382,049] [0m<inf> exp02_logging: XY 26382 -8355840 -8355840[0m
[00:00:26.390,106] [0m<inf> exp02_logging: XY 26390 -8355840 -8355840[0m
[00:00:26.398,132] [0m<inf> exp02_logging: XY 26398 -8355840 -8355840[0m
[00:00:26.406,158] [0m<inf> exp02_logging: XY 26406 -8355840 -8355840[0m
[00:00:26.414,184] [0m<inf> exp02_logging: XY 26414 -8355840 -8355840[0m
[00:00:26.422,210] [0m<inf> exp02_logging: XY 26422 -8355840 -8355840[0m
[00:00:26.430,236] [0m<inf> exp02_logging: XY 26430 -8355840 -8355840[0m
[00:00:26.438,262] [0m<inf> exp02_logging: XY 26438 -8355840 -8355840[0m
[00:00:26.446,289] [0m<inf> exp02_logging: XY 26446 -8355840 -8355840[0m
[00:00:26.454,315] [0m<inf> exp02_logging: XY 26454 -8355840 -8355840[roll_set: Mouse scroll set to 0/0[0m
[00:01:05.140,380] [0m<dbg> zmk: zmk_hid_mouse_movement_set: Mouse movement set to 0/0[0m
[00:01:05.148,468] [0m<inf> exp02_logging: XY 65148 -8355840 -8355840[0m
[00:01:05.148,529] [0m<dbg> zmk: zmk_hid_mouse_movement_set: Mouse movement set to 0/0[0m
[00:01:05.148,559] [0m<dbg> zmk: zmk_hid_mouse_scroll_set: Mouse scroll set to 0/0[0m
[00:01:05.148,559] [0m<dbg> zmk: zmk_hid_mouse_movement_set: Mouse movement set to 0/0[0m
[00:01:05.156,463] [0m<inf> exp02_logging: XY 65156 -8224198 -2500326[0m
[00:01:05.156,616] [0m<dbg> zmk: zmk_hid_mouse_movement_set: Mouse movement set to 25/127[0m
[00:01:05.156,646] [0m<dbg> zmk: zmk_hid_mouse_scroll_set: Mouse scroll set to 0/0[0m
[00:01:05.156,646] [0m<dbg> zmk: zmk_hid_mouse_movement_set: Mouse movement set to 0/0[0m
[00:01:05.164,398] [0m<inf> exp02_logging: XY 65164 -8355840 -8355840[0m
[00:01:05.164,520] [0m<dbg> zmk: zmk_hid_mouse_movement_set: Mouse movement set to 0/0[0m
[00:01:05.164,550] [0m<dbg> zmk: zmk_hid_mouse_scroll_set: Mouse scroll set to 0/0[0m
[00:01:05.164,550] [0m<dbg> zmk: zmk_hid_mouse_movement_set: Mouse movement set to 0/0[0m
[00:01:05.172,332] [0m<inf> exp02_logging: XY 65172 -8355840 -8355840[0m
[00:01:05.180,358] [0m<inf> exp02_logging: XY 65180 -1250110 -8355840[0m
[00:01:05.180,450] [0m<dbg> zmk: zmk_hid_mouse_movement_set: Mouse movement set to 127/0[0m
[00:01:05.180,450] [0m<dbg> zmk: zmk_hid_mouse_scroll_set: Mouse scroll set to 0/0[0m
[00:01:05.180,480] [0m<dbg> zmk: zmk_hid_mouse_movement_set: Mouse movement set to 0/0[0m
[00:01:05.188,415] [0m<inf> exp02_logging: XY 65188 -8355840 -8355840[0m
[00:01:05.188,476] [0m<dbg> zmk: zmk_hid_mouse_movement_set: Mouse movement set to 0/0[0m
[00:01:05.188,507] [0m<dbg> zmk: zmk_hid_mouse_scroll_set: Mouse scroll set to 0/0[0m
[00:01:05.188,507] [0m<dbg> zmk: zmk_hid_mouse_movement_set: Mouse movement set to 0/0[0m
[00:01:05.196,350] [0m<inf> exp02_logging: XY 65196 -8158309 -2302779[0m
[00:01:05.196,472] [0m<dbg> zmk: zmk_hid_mouse_movement_set: Mouse movement set to 38/127[0m
[00:01:05.196,502] [0m<dbg> zmk: zmk_hid_mouse_scroll_set: Mouse scroll set to 0/0[0m
[00:01:05.196,502] [0m<dbg> zmk: zmk_hid_mouse_movement_set: Mouse movement set to 0/0[0m
[00:01:05.204,376] [0m<inf> exp02_logging: XY 65204 -8355840 -8355840[0m
[00:01:05.204,498] [0m<dbg> zmk: zmk_hid_mouse_movement_set: Mouse movement set to 0/0[0m
[00:01:05.204,528] [0m<dbg> zmk: zmk_hid_mouse_scroll_set: Mouse scroll set to 0/0[0m
[00:01:05.204,528] [0m<dbg> zmk: zmk_hid_mouse_movement_set: Mouse movement set to 0/0[0m
[00:01:05.212,493] [0m<inf> exp02_logging: XY 65212 -8355840 -8355840[0m
[00:01:05.220,458] [0m<inf> exp02_logging: XY 65220 -1052920 -8355840[0m
[00:01:05.220,550] [0m<dbg> zmk: zmk_hid_mouse_movement_set: Mouse movement set to 127/0[0m
[00:01:05.220,550] [0m<dbg> zmk: zmk_hid_mouse_scroll_set: Mouse scroll set to 0/0[0m
[00:01:05.220,581] [0m<dbg> zmk: zmk_hid_mouse_movement_set: Mouse movement set to 0/0[0m
[00:01:05.228,546] [0m<inf> exp02_logging: XY 65228 -8355840 -8355840[0m
[00:01:05.228,607] [0m<dbg> zmk: zmk_hid_mouse_movement_set: Mouse movement set to 0/0[0m
[00:01:05.228,637] [0m<dbg> zmk: zmk_hid_mouse_scroll_set: Mouse scroll set to 0/0[0m
[00:01:05.228,637] [0m<dbg> zmk: zmk_hid_mouse_movement_set: Mouse movement set to 0/0[0m
[00:01:05.236,480] [0m<inf> exp02_logging: XY 65236 -7895203 -2105412[0m
[00:01:05.236,602] [0m<dbg> zmk: zmk_hid_mouse_movement_set: Mouse movement set to 89/127[0m
[00:01:05.236,633] [0m<dbg> zmk: zmk_hid_mouse_scroll_set: Mouse scroll set to 0/0[0m
[00:01:05.236,633] [0m<dbg> zmk: zmk_hid_mouse_movement_set: Mouse movement set to 0/0[0m
[00:01:05.244,506] [0m<inf> exp02_logging: XY 65244 -8355840 -8355840[0m
[00:01:05.244,628] [0m<dbg> zmk: zmk_hid_mouse_movement_set: Mouse movement set to 0/0[0m
[00:01:05.244,659] [0m<dbg> zmk: zmk_hid_mouse_scroll_set: Mouse scroll set to 0/0[0m
[00:01:05.244,659] [0m<dbg> zmk: zmk_hid_mouse_movement_set: Mouse movement set to 0/0[0m
[00:01:05.252,624] [0m<inf> exp02_logging: XY 65252 -8355840 -8355840[0m
[00:01:05.260,589] [0m<inf> exp02_logging: XY 65260 -1052743 -8355840[0m
[00:01:05.260,681] [0m<dbg> zmk: zmk_hid_mouse_movement_set: Mouse movement set to 127/0[0m
[00:01:05.260,681] [0m<dbg> zmk: zmk_hid_mouse_scroll_set: Mouse scroll set to 0/0[0m
[00:01:05.260,711] [0m<dbg> zmk: zmk_hid_mouse_movement_set: Mouse movement set to 0/0[0m
[00:01:05.268,676] [0m<inf> exp02_logging: XY 65268 -8355840 -8355840[0m
[00:01:05.268,737] [0m<dbg> zmk: zmk_hid_mouse_movement_set: Mouse movement set to 0/0[0m
[00:01:05.268,768] [0m<dbg> zmk: zmk_hid_mouse_scroll_set: Mouse scroll set to 0/0[0m
[00:01:05.268,768] [0m<dbg> zmk: zmk_hid_mouse_movement_set: Mouse movement set to 0/0[0m
[00:01:05.276,611] [0m<inf> exp02_logging: XY 65276 -7632021 -1052925[0m
[00:01:05.276,733] [0m<dbg> zmk: zmk_hid_mouse_movement_set: Mouse movement set to 127/127[0m
[00:01:05.276,763] [0m<dbg> zmk: zmk_hid_mouse_scroll_set: Mouse scroll set to 0/0[0m
[00:01:05.276,763] [0m<dbg> zmk: zmk_hid_mouse_movement_set: Mouse movement set to 0/0[0m
[00:01:05.284,637] [0m<inf> exp02_logging: XY 65284 -8355840 -8355840[0m
[00:01:05.284,759] [0m<dbg> zmk: zmk_hid_mouse_movement_set: Mouse movement set to 0/0[0m
[00:01:05.284,790] [0m<dbg> zmk: zmk_hid_mouse_scroll_set: Mouse scroll set to 0/0[0m
[00:01:05.284,790] [0m<dbg> zmk: zmk_hid_mouse_movement_set: Mouse movement set to 0/0[0m
[00:01:05.292,755] [0m<inf> exp02_logging: XY 65292 -8355840 -8355840[0m
[00:01:05.300,720] [0m<inf> exp02_logging: XY 65300 -1315919 -8355840[0m
[00:01:05.300,811] [0m<dbg> zmk: zmk_hid_mouse_movement_set: Mouse movement set to 127/0[0m
[00:01:05.300,811] [0m<dbg> zmk: zmk_hid_mouse_scroll_set: Mouse scroll set to 0/0[0m
[00:01:05.300,842] [0m<dbg> zmk: zmk_hid_mouse_movement_set: Mouse movement set to 0/0[0m
[00:01:05.308,807] [0m<inf> exp02_logging: XY 65308 -8355840 -8355840[0m
[00:01:05.308,868] [0m<dbg> zmk: zmk_hid_mouse_movement_set: Mouse movement set to 0/0[0m
[00:01:05.308,898] [0m<dbg> zmk: zmk_hid_mouse_scroll_set: Mouse scroll set to 0/0[0m
[00:01:05.308,898] [0m<dbg> zmk: zmk_hid_mouse_movement_set: Mouse movement set to 0/0[0m
[00:01:05.316,741] [0m<inf> exp02_logging: XY 65316 -7302920 -1118504[0m
[00:01:05.316,864] [0m<dbg> zmk: zmk_hid_mouse_movement_set: Mouse movement set to 127/127[0m
[00:01:05.316,894] [0m<dbg> zmk: zmk_hid_mouse_scroll_set: Mouse scroll set to 0/0[0m
[00:01:05.316,894] [0m<dbg> zmk: zmk_hid_mouse_movement_set: Mouse movement set to 0/0[0m
[00:01:05.324,768] [0m<inf> exp02_logging: XY 65324 -8355840 -8355840[0m
[00:01:05.324,890] [0m<dbg> zmk: zmk_hid_mouse_movement_set: Mouse movement set to 0/0[0m
[00:01:05.324,920] [0m<dbg> zmk: zmk_hid_mouse_scroll_set: Mouse scroll set to 0/0[0m
[00:01:05.324,920] [0m<dbg> zmk: zmk_hid_mouse_movement_set: Mouse movement set to 0/0[0m
[00:01:05.332,885] [0m<inf> exp02_logging: XY 65332 -8355840 -8355840[0m
[00:01:05.340,850] [0m<inf> exp02_logging: XY 65340 -1842211 -8355840[0m
[00:01:05.340,942] [0m<dbg> zmk: zmk_hid_mouse_movement_set: Mouse movement set to 127/0[0m
[00:01:05.340,942] [0m<dbg> zmk: zmk_hid_mouse_scroll_set: Mouse scroll set to 0/0[0m
[00:01:05.340,972] [0m<dbg> zmk: zmk_hid_mouse_movement_set: Mouse movement set to 0/0[0m
[00:01:05.348,937] [0m<inf> exp02_logging: XY 65348 -8355840 -8355840[0m
[00:01:05.348,999] [0m<dbg> zmk: zmk_hid_mouse_movement_set: Mouse movement set to 0/0[0m
[00:01:05.349,029] [0m<dbg> zmk: zmk_hid_mouse_scroll_set: Mouse scroll set to 0/0[0m
[00:01:05.349,029] [0m<dbg> zmk: zmk_hid_mouse_movement_set: Mouse movement set to 0/0[0m
[00:01:05.356,872] [0m<inf> exp02_logging: XY 65356 -6710997 -1052730[0m
[00:01:05.356,994] [0m<dbg> zmk: zmk_hid_mouse_movement_set: Mouse movement set to 127/127[0m
[00:01:05.357,025] [0m<dbg> zmk: zmk_hid_mouse_scroll_set: Mouse scroll set to 0/0[0m
[00:01:05.357,025] [0m<dbg> zmk: zmk_hid_mouse_movement_set: Mouse movement set to 0/0[0m
[00:01:05.364,898] [0m<inf> exp02_logging: XY 65364 -8355840 -8355840[0m
[00:01:05.365,020] [0m<dbg> zmk: zmk_hid_mouse_movement_set: Mouse movement set to 0/0[0m
[00:01:05.365,020] [0m<dbg> zmk: zmk_hid_mouse_scroll_set: Mouse scroll set to 0/0[0m
[00:01:05.365,051] [0m<dbg> zmk: zmk_hid_mouse_movement_set: Mouse movement set to 0/0[0m
[00:01:05.373,016] [0m<inf> exp02_logging: XY 65372 -8355840 -8224065[0m
[00:01:05.373,077] [0m<dbg> zmk: zmk_hid_mouse_movement_set: Mouse movement set to 0/25[0m
[00:01:05.373,107] [0m<dbg> zmk: zmk_hid_mouse_scroll_set: Mouse scroll set to 0/0[0m
[00:01:05.373,107] [0m<dbg> zmk: zmk_hid_mouse_movement_set: Mouse movement set to 0/0[0m
[00:01:05.380,950] [0m<inf> exp02_logging: XY 65380 -2105460 -8355840[0m
[00:01:05.381,072] [0m<dbg> zmk: zmk_hid_mouse_movement_set: Mouse movement set to 127/0[0m
[00:01:05.381,103] [0m<dbg> zmk: zmk_hid_mouse_scroll_set: Mouse scroll set to 0/0[0m
[00:01:05.381,103] [0m<dbg> zmk: zmk_hid_mouse_movement_set: Mouse movement set to 0/0[0m
[00:01:05.388,977] [0m<inf> exp02_logging: XY 65388 -8355840 -8355840[0m
[00:01:05.389,068] [0m<dbg> zmk: zmk_hid_mouse_movement_set: Mouse movement set to 0/0[0m
[00:01:05.389,068] [0m<dbg> zmk: zmk_hid_mouse_scroll_set: Mouse scroll set to 0/0[0m
[00:01:05.389,099] [0m<dbg> zmk: zmk_hid_mouse_movement_set: Mouse movement set to 0/0[0m
[00:01:05.397,094] [0m<inf> exp02_logging: XY 65397 -6447765 -1184442[0m
[00:01:05.397,216] [0m<dbg> zmk: zmk_hid_mouse_movement_set: Mouse movement set to 127/127[0m
[00:01:05.397,247] [0m<dbg> zmk: zmk_hid_mouse_scroll_set: Mouse scroll set to 0/0[0m
[00:01:05.397,247] [0m<dbg> zmk: zmk_hid_mouse_movement_set: Mouse movement set to 0/0[0m
[00:01:05.405,029] [0m<inf> exp02_logging: XY 65405 -8355840 -8355840[0m
[00:01:05.405,151] [0m<dbg> zmk: zmk_hid_mouse_movement_set: Mouse movement set to 0/0[0m
[00:01:05.405,151] [0m<dbg> zmk: zmk_hid_mouse_scroll_set: Mouse scroll set to 0/0[0m
[00:01:05.405,181] [0m<dbg> zmk: zmk_hid_mouse_movement_set: Mouse movement set to 0/0[0m
[00:01:05.413,055] [0m<inf> exp02_logging: XY 65413 -8355840 -8026756[0m
[00:01:05.413,146] [0m<dbg> zmk: zmk_hid_mouse_movement_set: Mouse movement set to 0/63[0m
[00:01:05.413,177] [0m<dbg> zmk: zmk_hid_mouse_scroll_set: Mouse scroll set to 0/0[0m
[00:01:05.413,177] [0m<dbg> zmk: zmk_hid_mouse_movement_set: Mouse movement set to 0/0[0m
[00:01:05.421,173] [0m<inf> exp02_logging: XY 65421 -2631789 -8355840[0m
[00:01:05.421,295] [0m<dbg> zmk: zmk_hid_mouse_movement_set: Mouse movement set to 127/0[0m
[00:01:05.421,295] [0m<dbg> zmk: zmk_hid_mouse_scroll_set: Mouse scroll set to 0/0[0m
[00:01:05.421,325] [0m<dbg> zmk: zmk_hid_mouse_movement_set: Mouse movement set to 0/0[0m
[00:01:05.429,107] [0m<inf> exp02_logging: XY 65429 -8355840 -8355840[0m
[00:01:05.429,168] [0m<dbg> zmk: zmk_hid_mouse_movement_set: Mouse movement set to 0/0[0m
[00:01:05.429,199] [0m<dbg> zmk: zmk_hid_mouse_scroll_set: Mouse scroll set to 0/0[0m
[00:01:05.429,229] [0m<dbg> zmk: zmk_hid_mouse_movement_set: Mouse movement set to 0/0[0m
[00:01:05.437,133] [0m<inf> exp02_logging: XY 65437 -6184518 -1381642[0m
[00:01:05.437,286] [0m<dbg> zmk: zmk_hid_mouse_movement_set: Mouse movement set to 127/127[0m
[00:01:05.437,286] [0m<dbg> zmk: zmk_hid_mouse_scroll_set: Mouse scroll set to 0/0[0m
[00:01:05.437,316] [0m<dbg> zmk: zmk_hid_mouse_movement_set: Mouse movement set to 0/0[0m
[00:01:05.445,251] [0m<inf> exp02_logging: XY 65445 -8355840 -8355840[0m
[00:01:05.445,343] [0m<dbg> zmk: zmk_hid_mouse_movement_set: Mouse movement set to 0/0[0m
[00:01:05.445,373] [0m<dbg> zmk: zmk_hid_mouse_scroll_set: Mouse scroll set to 0/0[0m
[00:01:05.445,373] [0m<dbg> zmk: zmk_hid_mouse_movement_set: Mouse movement set to 0/0[0m
[00:01:05.453,216] [0m<inf> exp02_logging: XY 65453 -8355840 -7697751[0m
[00:01:05.453,308] [0m<dbg> zmk: zmk_hid_mouse_movement_set: Mouse movement set to 0/127[0m
[00:01:05.453,308] [0m<dbg> zmk: zmk_hid_mouse_scroll_set: Mouse scroll set to 0/0[0m
[00:01:05.453,338] [0m<dbg> zmk: zmk_hid_mouse_movement_set: Mouse movement set to 0/0[0m
[00:01:05.461,212] [0m<inf> exp02_logging: XY 65461 -2829248 -8355840[0m
[00:01:05.461,334] [0m<dbg> zmk: zmk_hid_mouse_movement_set: Mouse movement set to 127/0[0m
[00:01:05.461,364] [0m<dbg> zmk: zmk_hid_mouse_scroll_set: Mouse scroll set to 0/0[0m
[00:01:05.461,364] [0m<dbg> zmk: zmk_hid_mouse_movement_set: Mouse movement set to 0/0[0m
[00:01:05.469,329] [0m<inf> exp02_logging: XY 65469 -8355840 -8355840[0m
[00:01:05.469,390] [0m<dbg> zmk: zmk_hid_mouse_movement_set: Mouse movement set to 0/0[0m
[00:01:05.469,421] [0m<dbg> zmk: zmk_hid_mouse_scroll_set: Mouse scroll set to 0/0[0m
[00:01:05.469,421] [0m<dbg> zmk: zmk_hid_mouse_movement_set: Mouse movement set to 0/0[0m
[00:01:05.477,264] [0m<inf> exp02_logging: XY 65477 -4079342 -1776547[0m
[00:01:05.477,386] [0m<dbg> zmk: zmk_hid_mouse_movement_set: Mouse movement set to 127/127[0m
[00:01:05.477,416] [0m<dbg> zmk: zmk_hid_mouse_scroll_set: Mouse scroll set to 0/0[0m
[00:01:05.477,416] [0m<dbg> zmk: zmk_hid_mouse_movement_set: Mouse movement set to 0/0[0m
[00:01:05.485,290] [0m<inf> exp02_logging: XY 65485 -8355840 -8355840[0m
[00:01:05.485,412] [0m<dbg> zmk: zmk_hid_mouse_movement_set: Mouse movement set to 0/0[0m
[00:01:05.485,443] [0m<dbg> zmk: zmk_hid_mouse_scroll_set: Mouse scroll set to 0/0[0m
[00:01:05.485,443] [0m<dbg> zmk: zmk_hid_mouse_movement_set: Mouse movement set to 0/0[0m
[00:01:05.493,408] [0m<inf> exp02_logging: XY 65493 -8355840 -7303105[0m
[00:01:05.493,499] [0m<dbg> zmk: zmk_hid_mouse_movement_set: Mouse movement set to 0/127[0m
[00:01:05.493,499] [0m<dbg> zmk: zmk_hid_mouse_scroll_set: Mouse scroll set to 0/0[0m
[00:01:05.493,530] [0m<dbg> zmk: zmk_hid_mouse_movement_set: Mouse movement set to 0/0[0m
[00:01:05.501,342] [0m<inf> exp02_logging: XY 65501 -3421240 -8355840[0m
[00:01:05.501,464] [0m<dbg> zmk: zmk_hid_mouse_movement_set: Mouse movement set to 127/0[0m
[00:01:05.501,495] [0m<dbg> zmk: zmk_hid_mouse_scroll_set: Mouse scroll set to 0/0[0m
[00:01:05.501,495] [0m<dbg> zmk: zmk_hid_mouse_movement_set: Mouse movement set to 0/0[0m
[00:01:05.509,368] [0m<inf> exp02_logging: XY 65509 -8355840 -8355840[0m
[00:01:05.509,460] [0m<dbg> zmk: zmk_hid_mouse_movement_set: Mouse movement set to 0/0[0m
[00:01:05.509,460] [0m<dbg> zmk: zmk_hid_mouse_scroll_set: Mouse scroll set to 0/0[0m
[00:01:05.509,490] [0m<dbg> zmk: zmk_hid_mouse_movement_set: Mouse movement set to 0/0[0m
[00:01:05.517,486] [0m<inf> exp02_logging: XY 65517 -3421257 -2434331[0m
[00:01:05.517,608] [0m<dbg> zmk: zmk_hid_mouse_movement_set: Mouse movement set to 127/127[0m
[00:01:05.517,639] [0m<dbg> zmk: zmk_hid_mouse_scroll_set: Mouse scroll set to 0/0[0m
[00:01:05.517,639] [0m<dbg> zmk: zmk_hid_mouse_movement_set: Mouse movement set to 0/0[0m
[00:01:05.525,421] [0m<inf> exp02_logging: XY 65525 -8355840 -8355840[0m
[00:01:05.525,543] [0m<dbg> zmk: zmk_hid_mouse_movement_set: Mouse movement set to 0/0[0m
[00:01:05.525,543] [0m<dbg> zmk: zmk_hid_mouse_scroll_set: Mouse scroll set to 0/0[0m
[00:01:05.525,573] [0m<dbg> zmk: zmk_hid_mouse_movement_set: Mouse movement set to 0/0[0m
[00:01:05.533,447] [0m<inf> exp02_logging: XY 65533 -8355840 -6974074[0m
[00:01:05.533,538] [0m<dbg> zmk: zmk_hid_mouse_movement_set: Mouse movement set to 0/127[0m
[00:01:05.533,569] [0m<dbg> zmk: zmk_hid_mouse_scroll_set: Mouse scroll set to 0/0[0m
[00:01:05.533,569] [0m<dbg> zmk: zmk_hid_mouse_movement_set: Mouse movement set to 0/0[0m
[00:01:05.541,564] [0m<inf> exp02_logging: XY 65541 -3947569 -8355840[0m
[00:01:05.541,687] [0m<dbg> zmk: zmk_hid_mouse_movement_set: Mouse movement set to 127/0[0m
[00:01:05.541,687] [0m<dbg> zmk: zmk_hid_mouse_scroll_set: Mouse scroll set to 0/0[0m
[00:01:05.541,717] [0m<dbg> zmk: zmk_hid_mouse_movement_set: Mouse movement set to 0/0[0m
[00:01:05.549,499] [0m<inf> exp02_logging: XY 65549 -8355840 -8355840[0m
[00:01:05.549,591] [0m<dbg> zmk: zmk_hid_mouse_movement_set: Mouse movement set to 0/0[0m
[00:01:05.549,591] [0m<dbg> zmk: zmk_hid_mouse_scroll_set: Mouse scroll set to 0/0[0m
[00:01:05.549,621] [0m<dbg> zmk: zmk_hid_mouse_movement_set: Mouse movement set to 0/0[0m
[00:01:05.557,525] [0m<inf> exp02_logging: XY 65557 -3026461 -2566041[0m
[00:01:05.557,678] [0m<dbg> zmk: zmk_hid_mouse_movement_set: Mouse movement set to 127/127[0m
[00:01:05.557,678] [0m<dbg> zmk: zmk_hid_mouse_scroll_set: Mouse scroll set to 0/0[0m
[00:01:05.557,708] [0m<dbg> zmk: zmk_hid_mouse_movement_set: Mouse movement set to 0/0[0m
[00:01:05.565,643] [0m<inf> exp02_logging: XY 65565 -8355840 -8355840[0m
[00:01:05.565,734] [0m<dbg> zmk: zmk_hid_mouse_movement_set: Mouse movement set to 0/0[0m
[00:01:05.565,765] [0m<dbg> zmk: zmk_hid_mouse_scroll_set: Mouse scroll set to 0/0[0m
[00:01:05.565,795] [0m<dbg> zmk: zmk_hid_mouse_movement_set: Mouse movement set to 0/0[0m
[00:01:05.573,577] [0m<inf> exp02_logging: XY 65573 -8355840 -6250276[0m
[00:01:05.573,669] [0m<dbg> zmk: zmk_hid_mouse_movement_set: Mouse movement set to 0/127[0m
[00:01:05.573,669] [0m<dbg> zmk: zmk_hid_mouse_scroll_set: Mouse scroll set to 0/0[0m
[00:01:05.573,699] [0m<dbg> zmk: zmk_hid_mouse_movement_set: Mouse movement set to 0/0[0m
[00:01:05.581,604] [0m<inf> exp02_logging: XY 65581 -3881820 -8355840[0m
[00:01:05.581,726] [0m<dbg> zmk: zmk_hid_mouse_movement_set: Mouse movement set to 127/0[0m
[00:01:05.581,756] [0m<dbg> zmk: zmk_hid_mouse_scroll_set: Mouse scroll set to 0/0[0m
[00:01:05.581,756] [0m<dbg> zmk: zmk_hid_mouse_movement_set: Mouse movement set to 0/0[0m
[00:01:05.589,721] [0m<inf> exp02_logging: XY 65589 -8355840 -8355840[0m
[00:01:05.589,782] [0m<dbg> zmk: zmk_hid_mouse_movement_set: Mouse movement set to 0/0[0m
[00:01:05.589,813] [0m<dbg> zmk: zmk_hid_mouse_scroll_set: Mouse scroll set to 0/0[0m
[00:01:05.589,813] [0m<dbg> zmk: zmk_hid_mouse_movement_set: Mouse movement set to 0/0[0m
[00:01:05.597,656] [0m<inf> exp02_logging: XY 65597 -2368721 -2960702[0m
[00:01:05.597,778] [0m<dbg> zmk: zmk_hid_mouse_movement_set: Mouse movement set to 127/127[0m
[00:01:05.597,808] [0m<dbg> zmk: zmk_hid_mouse_scroll_set: Mouse scroll set to 0/0[0m
[00:01:05.597,808] [0m<dbg> zmk: zmk_hid_mouse_movement_set: Mouse movement set to 0/0[0m
[00:01:05.605,682] [0m<inf> exp02_logging: XY 65605 -8355840 -8355840[0m
[00:01:05.605,804] [0m<dbg> zmk: zmk_hid_mouse_movement_set: Mouse movement set to 0/0[0m
[00:01:05.605,834] [0m<dbg> zmk: zmk_hid_mouse_scroll_set: Mouse scroll set to 0/0[0m
[00:01:05.605,834] [0m<dbg> zmk: zmk_hid_mouse_movement_set: Mouse movement set to 0/0[0m
[00:01:05.613,800] [0m<inf> exp02_logging: XY 65613 -8355840 -5724131[0m
[00:01:05.613,891] [0m<dbg> zmk: zmk_hid_mouse_movement_set: Mouse movement set to 0/127[0m
[00:01:05.613,891] [0m<dbg> zmk: zmk_hid_mouse_scroll_set: Mouse scroll set to 0/0[0m
[00:01:05.613,922] [0m<dbg> zmk: zmk_hid_mouse_movement_set: Mouse movement set to 0/0[0m
[00:01:05.621,734] [0m<inf> exp02_logging: XY 65621 -4605608 -8355840[0m
[00:01:05.621,856] [0m<dbg> zmk: zmk_hid_mouse_movement_set: Mouse movement set to 127/0[0m
[00:01:05.621,887] [0m<dbg> zmk: zmk_hid_mouse_scroll_set: Mouse scroll set to 0/0[0m
[00:01:05.621,887] [0m<dbg> zmk: zmk_hid_mouse_movement_set: Mouse movement set to 0/0[0m
[00:01:05.629,760] [0m<inf> exp02_logging: XY 65629 -8355840 -8355840[0m
[00:01:05.629,852] [0m<dbg> zmk: zmk_hid_mouse_movement_set: Mouse movement set to 0/0[0m
[00:01:05.629,852] [0m<dbg> zmk: zmk_hid_mouse_scroll_set: Mouse scroll set to 0/0[0m
[00:01:05.629,882] [0m<dbg> zmk: zmk_hid_mouse_movement_set: Mouse movement set to 0/0[0m
[00:01:05.637,878] [0m<inf> exp02_logging: XY 65637 -921304 -3421410[0m
[00:01:05.638,000] [0m<dbg> zmk: zmk_hid_mouse_movement_set: Mouse movement set to 127/127[0m
[00:01:05.638,031] [0m<dbg> zmk: zmk_hid_mouse_scroll_set: Mouse scroll set to 0/0[0m
[00:01:05.638,031] [0m<dbg> zmk: zmk_hid_mouse_movement_set: Mouse movement set to 0/0[0m
[00:01:05.645,812] [0m<inf> exp02_logging: XY 65645 -8355840 -8355840[0m
[00:01:05.645,935] [0m<dbg> zmk: zmk_hid_mouse_movement_set: Mouse movement set to 0/0[0m
[00:01:05.645,935] [0m<dbg> zmk: zmk_hid_mouse_scroll_set: Mouse scroll set to 0/0[0m
[00:01:05.645,965] [0m<dbg> zmk: zmk_hid_mouse_movement_set: Mouse movement set to 0/0[0m
[00:01:05.653,839] [0m<inf> exp02_logging: XY 65653 -8355840 -5197819[0m
[00:01:05.653,930] [0m<dbg> zmk: zmk_hid_mouse_movement_set: Mouse movement set to 0/127[0m
[00:01:05.653,961] [0m<dbg> zmk: zmk_hid_mouse_scroll_set: Mouse scroll set to 0/0[0m
[00:01:05.653,961] [0m<dbg> zmk: zmk_hid_mouse_movement_set: Mouse movement set to 0/0[0m
[00:01:05.661,956] [0m<inf> exp02_logging: XY 65661 -4934606 -8355840[0m
[00:01:05.662,078] [0m<dbg> zmk: zmk_hid_mouse_movement_set: Mouse movement set to 127/0[0m
[00:01:05.662,078] [0m<dbg> zmk: zmk_hid_mouse_scroll_set: Mouse scroll set to 0/0[0m
[00:01:05.662,109] [0m<dbg> zmk: zmk_hid_mouse_movement_set: Mouse movement set to 0/0[0m
[00:01:05.669,891] [0m<inf> exp02_logging: XY 65669 -8355840 -8355840[0m
[00:01:05.669,982] [0m<dbg> zmk: zmk_hid_mouse_movement_set: Mouse movement set to 0/0[0m
[00:01:05.669,982] [0m<dbg> zmk: zmk_hid_mouse_scroll_set: Mouse scroll set to 0/0[0m
[00:01:05.670,013] [0m<dbg> zmk: zmk_hid_mouse_movement_set: Mouse movement set to 0/0[0m
[00:01:05.677,917] [0m<inf> exp02_logging: XY 65677 -921169 -3684532[0m
[00:01:05.678,070] [0m<dbg> zmk: zmk_hid_mouse_movement_set: Mouse movement set to 127/127[0m
[00:01:05.678,070] [0m<dbg> zmk: zmk_hid_mouse_scroll_set: Mouse scroll set to 0/0[0m
[00:01:05.678,100] [0m<dbg> zmk: zmk_hid_mouse_movement_set: Mouse movement set to 0/0[0m
[00:01:05.686,035] [0m<inf> exp02_logging: XY 65686 -8355840 -8355840[0m
[00:01:05.686,126] [0m<dbg> zmk: zmk_hid_mouse_movement_set: Mouse movement set to 0/0[0m
[00:01:05.686,157] [0m<dbg> zmk: zmk_hid_mouse_scroll_set: Mouse scroll set to 0/0[0m
[00:01:05.686,157] [0m<dbg> zmk: zmk_hid_mouse_movement_set: Mouse movement set to 0/0[0m
[00:01:05.693,969] [0m<inf> exp02_logging: XY 65693 -8355840 -2763349[0m
[00:01:05.694,061] [0m<dbg> zmk: zmk_hid_mouse_movement_set: Mouse movement set to 0/127[0m
[00:01:05.694,061] [0m<dbg> zmk: zmk_hid_mouse_scroll_set: Mouse scroll set to 0/0[0m
[00:01:05.694,091] [0m<dbg> zmk: zmk_hid_mouse_movement_set: Mouse movement set to 0/0[0m
[00:01:05.701,995] [0m<inf> exp02_logging: XY 65701 -4934521 -8355840[0m
[00:01:05.702,117] [0m<dbg> zmk: zmk_hid_mouse_movement_set: Mouse movement set to 127/0[0m
[00:01:05.702,148] [0m<dbg> zmk: zmk_hid_mouse_scroll_set: Mouse scroll set to 0/0[0m
[00:01:05.702,148] [0m<dbg> zmk: zmk_hid_mouse_movement_set: Mouse movement set to 0/0[0m
[00:01:05.710,113] [0m<inf> exp02_logging: XY 65710 -8355840 -8355840[0m
[00:01:05.710,174] [0m<dbg> zmk: zmk_hid_mouse_movement_set: Mouse movement set to 0/0[0m
[00:01:05.710,205] [0m<dbg> zmk: zmk_hid_mouse_scroll_set: Mouse scroll set to 0/0[0m
[00:01:05.710,205] [0m<dbg> zmk: zmk_hid_mouse_movement_set: Mouse movement set to 0/0[0m
[00:01:05.718,048] [0m<inf> exp02_logging: XY 65718 -855331 -4013488[0m
[00:01:05.718,170] [0m<dbg> zmk: zmk_hid_mouse_movement_set: Mouse movement set to 127/127[0m
[00:01:05.718,200] [0m<dbg> zmk: zmk_hid_mouse_scroll_set: Mouse scroll set to 0/0[0m
[00:01:05.718,200] [0m<dbg> zmk: zmk_hid_mouse_movement_set: Mouse movement set to 0/0[0m
[00:01:05.726,074] [0m<inf> exp02_logging: XY 65726 -8355840 -8355840[0m
[00:01:05.726,196] [0m<dbg> zmk: zmk_hid_mouse_movement_set: Mouse movement set to 0/0[0m
[00:01:05.726,226] [0m<dbg> zmk: zmk_hid_mouse_scroll_set: Mouse scroll set to 0/0[0m
[00:01:05.726,226] [0m<dbg> zmk: zmk_hid_mouse_movement_set: Mouse movement set to 0/0[0m
[00:01:05.734,191] [0m<inf> exp02_logging: XY 65734 -8355840 -1579128[0m
[00:01:05.734,252] [0m<dbg> zmk: zmk_hid_mouse_movement_set: Mouse movement set to 0/127[0m
[00:01:05.734,283] [0m<dbg> zmk: zmk_hid_mouse_scroll_set: Mouse scroll set to 0/0[0m
[00:01:05.734,313] [0m<dbg> zmk: zmk_hid_mouse_movement_set: Mouse movement set to 0/0[0m
[00:01:05.742,126] [0m<inf> exp02_logging: XY 65742 -5395186 -8355840[0m
[00:01:05.742,248] [0m<dbg> zmk: zmk_hid_mouse_movement_set: Mouse movement set to 127/0[0m
[00:01:05.742,279] [0m<dbg> zmk: zmk_hid_mouse_scroll_set: Mouse scroll set to 0/0[0m
[00:01:05.742,279] [0m<dbg> zmk: zmk_hid_mouse_movement_set: Mouse movement set to 0/0[0m
[00:01:05.750,152] [0m<inf> exp02_logging: XY 65750 -8355840 -8355840[0m
[00:01:05.750,244] [0m<dbg> zmk: zmk_hid_mouse_movement_set: Mouse movement set to 0/0[0m
[00:01:05.750,244] [0m<dbg> zmk: zmk_hid_mouse_scroll_set: Mouse scroll set to 0/0[0m
[00:01:05.750,274] [0m<dbg> zmk: zmk_hid_mouse_movement_set: Mouse movement set to 0/0[0m
[00:01:05.758,270] [0m<inf> exp02_logging: XY 65758 -789545 -4408319[0m
[00:01:05.758,392] [0m<dbg> zmk: zmk_hid_mouse_movement_set: Mouse movement set to 127/127[0m
[00:01:05.758,422] [0m<dbg> zmk: zmk_hid_mouse_scroll_set: Mouse scroll set to 0/0[0m
[00:01:05.758,422] [0m<dbg> zmk: zmk_hid_mouse_movement_set: Mouse movement set to 0/0[0m
[00:01:05.766,204] [0m<inf> exp02_logging: XY 65766 -8355840 -8355840[0m
[00:01:05.766,326] [0m<dbg> zmk: zmk_hid_mouse_movement_set: Mouse movement set to 0/0[0m
[00:01:05.766,326] [0m<dbg> zmk: zmk_hid_mouse_scroll_set: Mouse scroll set to 0/0[0m
[00:01:05.766,357] [0m<dbg> zmk: zmk_hid_mouse_movement_set: Mouse movement set to 0/0[0m
[00:01:05.774,230] [0m<inf> exp02_logging: XY 65774 -8355840 -1118679[0m
[00:01:05.774,322] [0m<dbg> zmk: zmk_hid_mouse_movement_set: Mouse movement set to 0/127[0m
[00:01:05.774,353] [0m<dbg> zmk: zmk_hid_mouse_scroll_set: Mouse scroll set to 0/0[0m
[00:01:05.774,353] [0m<dbg> zmk: zmk_hid_mouse_movement_set: Mouse movement set to 0/0[0m
[00:01:05.782,348] [0m<inf> exp02_logging: XY 65782 -5921472 -8355840[0m
[00:01:05.782,470] [0m<dbg> zmk: zmk_hid_mouse_movement_set: Mouse movement set to 127/0[0m
[00:01:05.782,470] [0m<dbg> zmk: zmk_hid_mouse_scroll_set: Mouse scroll set to 0/0[0m
[00:01:05.782,501] [0m<dbg> zmk: zmk_hid_mouse_movement_set: Mouse movement set to 0/0[0m
[00:01:05.790,283] [0m<inf> exp02_logging: XY 65790 -8355840 -8355840[0m
[00:01:05.790,374] [0m<dbg> zmk: zmk_hid_mouse_movement_set: Mouse movement set to 0/0[0m
[00:01:05.790,374] [0m<dbg> zmk: zmk_hid_mouse_scroll_set: Mouse scroll set to 0/0[0m
[00:01:05.790,405] [0m<dbg> zmk: zmk_hid_mouse_movement_set: Mouse movement set to 0/0[0m
[00:01:05.798,309] [0m<inf> exp02_logging: XY 65798 -658045 -4539689[0m
[00:01:05.798,461] [0m<dbg> zmk: zmk_hid_mouse_movement_set: Mouse movement set to 127/127[0m
[00:01:05.798,461] [0m<dbg> zmk: zmk_hid_mouse_scroll_set: Mouse scroll set to 0/0[0m
[00:01:05.798,492] [0m<dbg> zmk: zmk_hid_mouse_movement_set: Mouse movement set to 0/0[0m
[00:01:05.806,427] [0m<inf> exp02_logging: XY 65806 -8355840 -8355840[0m
[00:01:05.806,549] [0m<dbg> zmk: zmk_hid_mouse_movement_set: Mouse movement set to 0/0[0m
[00:01:05.806,549] [0m<dbg> zmk: zmk_hid_mouse_scroll_set: Mouse scroll set to 0/0[0m
[00:01:05.806,579] [0m<dbg> zmk: zmk_hid_mouse_movement_set: Mouse movement set to 0/0[0m
[00:01:05.814,361] [0m<inf> exp02_logging: XY 65814 -8355840 -921156[0m
[00:01:05.814,453] [0m<dbg> zmk: zmk_hid_mouse_movement_set: Mouse movement set to 0/127[0m
[00:01:05.814,453] [0m<dbg> zmk: zmk_hid_mouse_scroll_set: Mouse scroll set to 0/0[0m
[00:01:05.814,483] [0m<dbg> zmk: zmk_hid_mouse_movement_set: Mouse movement set to 0/0[0m
[00:01:05.822,387] [0m<inf> exp02_logging: XY 65822 -6118761 -8355840[0m
[00:01:05.822,509] [0m<dbg> zmk: zmk_hid_mouse_movement_set: Mouse movement set to 127/0[0m
[00:01:05.822,540] [0m<dbg> zmk: zmk_hid_mouse_scroll_set: Mouse scroll set to 0/0[0m
[00:01:05.822,540] [0m<dbg> zmk: zmk_hid_mouse_movement_set: Mouse movement set to 0/0[0m
[00:01:05.830,505] [0m<inf> exp02_logging: XY 65830 -8355840 -8355840[0m
[00:01:05.830,566] [0m<dbg> zmk: zmk_hid_mouse_movement_set: Mouse movement set to 0/0[0m
[00:01:05.830,596] [0m<dbg> zmk: zmk_hid_mouse_scroll_set: Mouse scroll set to 0/0[0m
[00:01:05.830,596] [0m<dbg> zmk: zmk_hid_mouse_movement_set: Mouse movement set to 0/0[0m
[00:01:05.838,439] [0m<inf> exp02_logging: XY 65838 -657942 -5066145[0m
[00:01:05.838,562] [0m<dbg> zmk: zmk_hid_mouse_movement_set: Mouse movement set to 127/127[0m
[00:01:05.838,592] [0m<dbg> zmk: zmk_hid_mouse_scroll_set: Mouse scroll set to 0/0[0m
[00:01:05.838,592] [0m<dbg> zmk: zmk_hid_mouse_movement_set: Mouse movement set to 0/0[0m
[00:01:05.846,466] [0m<inf> exp02_logging: XY 65846 -8355840 -8355840[0m
[00:01:05.846,588] [0m<dbg> zmk: zmk_hid_mouse_movement_set: Mouse movement set to 0/0[0m
[00:01:05.846,618] [0m<dbg> zmk: zmk_hid_mouse_scroll_set: Mouse scroll set to 0/0[0m
[00:01:05.846,618] [0m<dbg> zmk: zmk_hid_mouse_movement_set: Mouse movement set to 0/0[0m
[00:01:05.854,583] [0m<inf> exp02_logging: XY 65854 -8355839 -855469[0m
[00:01:05.854,675] [0m<dbg> zmk: zmk_hid_mouse_movement_set: Mouse movement set to 0/127[0m
[00:01:05.854,675] [0m<dbg> zmk: zmk_hid_mouse_scroll_set: Mouse scroll set to 0/0[0m
[00:01:05.854,705] [0m<dbg> zmk: zmk_hid_mouse_movement_set: Mouse movement set to 0/0[0m
[00:01:05.862,518] [0m<inf> exp02_logging: XY 65862 -6645047 -8355840[0m
[00:01:05.862,640] [0m<dbg> zmk: zmk_hid_mouse_movement_set: Mouse movement set to 127/0[0m
[00:01:05.862,670] [0m<dbg> zmk: zmk_hid_mouse_scroll_set: Mouse scroll set to 0/0[0m
[00:01:05.862,670] [0m<dbg> zmk: zmk_hid_mouse_movement_set: Mouse movement set to 0/0[0m
[00:01:05.870,544] [0m<inf> exp02_logging: XY 65870 -8355840 -8355840[0m
[00:01:05.870,635] [0m<dbg> zmk: zmk_hid_mouse_movement_set: Mouse movement set to 0/0[0m
[00:01:05.870,635] [0m<dbg> zmk: zmk_hid_mouse_scroll_set: Mouse scroll set to 0/0[0m
[00:01:05.870,666] [0m<dbg> zmk: zmk_hid_mouse_movement_set: Mouse movement set to 0/0[0m
[00:01:05.878,662] [0m<inf> exp02_logging: XY 65878 -657957 -5789933[0m
[00:01:05.878,784] [0m<dbg> zmk: zmk_hid_mouse_movement_set: Mouse movement set to 127/127[0m
[00:01:05.878,814] [0m<dbg> zmk: zmk_hid_mouse_scroll_set: Mouse scroll set to 0/0[0m
[00:01:05.878,814] [0m<dbg> zmk: zmk_hid_mouse_movement_set: Mouse movement set to 0/0[0m
[00:01:05.886,596] [0m<inf> exp02_logging: XY 65886 -8355840 -8355840[0m
[00:01:05.886,718] [0m<dbg> zmk: zmk_hid_mouse_movement_set: Mouse movement set to 0/0[0m
[00:01:05.886,718] [0m<dbg> zmk: zmk_hid_mouse_scroll_set: Mouse scroll set to 0/0[0m
[00:01:05.886,749] [0m<dbg> zmk: zmk_hid_mouse_movement_set: Mouse movement set to 0/0[0m
[00:01:05.894,622] [0m<inf> exp02_logging: XY 65894 -8158378 -855323[0m
[00:01:05.894,775] [0m<dbg> zmk: zmk_hid_mouse_movement_set: Mouse movement set to 38/127[0m
[00:01:05.894,775] [0m<dbg> zmk: zmk_hid_mouse_scroll_set: Mouse scroll set to 0/0[0m
[00:01:05.894,805] [0m<dbg> zmk: zmk_hid_mouse_movement_set: Mouse movement set to 0/0[0m
[00:01:05.902,740] [0m<inf> exp02_logging: XY 65902 -7171461 -8355840[0m
[00:01:05.902,862] [0m<dbg> zmk: zmk_hid_mouse_movement_set: Mouse movement set to 127/0[0m
[00:01:05.902,862] [0m<dbg> zmk: zmk_hid_mouse_scroll_set: Mouse scroll set to 0/0[0m
[00:01:05.902,893] [0m<dbg> zmk: zmk_hid_mouse_movement_set: Mouse movement set to 0/0[0m
[00:01:05.910,675] [0m<inf> exp02_logging: XY 65910 -8355840 -8355840[0m
[00:01:05.910,766] [0m<dbg> zmk: zmk_hid_mouse_movement_set: Mouse movement set to 0/0[0m
[00:01:05.910,766] [0m<dbg> zmk: zmk_hid_mouse_scroll_set: Mouse scroll set to 0/0[0m
[00:01:05.910,797] [0m<dbg> zmk: zmk_hid_mouse_movement_set: Mouse movement set to 0/0[0m
[00:01:05.918,701] [0m<inf> exp02_logging: XY 65918 -592238 -5855681[0m
[00:01:05.918,853] [0m<dbg> zmk: zmk_hid_mouse_movement_set: Mouse movement set to 127/127[0m
[00:01:05.918,853] [0m<dbg> zmk: zmk_hid_mouse_scroll_set: Mouse scroll set to 0/0[0m
[00:01:05.918,884] [0m<dbg> zmk: zmk_hid_mouse_movement_set: Mouse movement set to 0/0[0m
[00:01:05.926,818] [0m<inf> exp02_logging: XY 65926 -8355840 -8355840[0m
[00:01:05.926,910] [0m<dbg> zmk: zmk_hid_mouse_movement_set: Mouse movement set to 0/0[0m
[00:01:05.926,940] [0m<dbg> zmk: zmk_hid_mouse_scroll_set: Mouse scroll set to 0/0[0m
[00:01:05.926,971] [0m<dbg> zmk: zmk_hid_mouse_movement_set: Mouse movement set to 0/0[0m
[00:01:05.934,753] [0m<inf> exp02_logging: XY 65934 -7631929 -789636[0m
[00:01:05.934,875] [0m<dbg> zmk: zmk_hid_mouse_movement_set: Mouse movement set to 127/127[0m
[00:01:05.934,906] [0m<dbg> zmk: zmk_hid_mouse_scroll_set: Mouse scroll set to 0/0[0m
[00:01:05.934,936] [0m<dbg> zmk: zmk_hid_mouse_movement_set: Mouse movement set to 0/0[0m
[00:01:05.942,779] [0m<inf> exp02_logging: XY 65942 -7434540 -8355840[0m
[00:01:05.942,871] [0m<dbg> zmk: zmk_hid_mouse_movement_set: Mouse movement set to 0/0[0m
[00:01:05.942,901] [0m<dbg> zmk: zmk_hid_mouse_scroll_set: Mouse scroll set to 0/0[0m
[00:01:05.942,901] [0m<dbg> zmk: zmk_hid_mouse_movement_set: Mouse movement set to 0/0[0m
[00:01:05.950,897] [0m<inf> exp02_logging: XY 65950 -8355840 -8355840[0m
[00:01:05.950,958] [0m<dbg> zmk: zmk_hid_mouse_movement_set: Mouse movement set to 0/0[0m
[00:01:05.950,988] [0m<dbg> zmk: zmk_hid_mouse_scroll_set: Mouse scroll set to 0/0[0m
[00:01:05.950,988] [0m<dbg> zmk: zmk_hid_mouse_movement_set: Mouse movement set to 0/0[0m
[00:01:05.958,862] [0m<inf> exp02_logging: XY 65958 -526432 -6316219[0m
[00:01:05.958,984] [0m<dbg> zmk: zmk_hid_mouse_movement_set: Mouse movement set to 127/127[0m
[00:01:05.958,984] [0m<dbg> zmk: zmk_hid_mouse_scroll_set: Mouse scroll set to 0/0[0m
[00:01:05.959,014] [0m<dbg> zmk: zmk_hid_mouse_movement_set: Mouse movement set to 0/0[0m
[00:01:05.966,857] [0m<inf> exp02_logging: XY 65966 -8355840 -8355840[0m
[00:01:05.966,979] [0m<dbg> zmk: zmk_hid_mouse_movement_set: Mouse movement set to 0/0[0m
[00:01:05.967,010] [0m<dbg> zmk: zmk_hid_mouse_scroll_set: Mouse scroll set to 0/0[0m
[00:01:05.967,010] [0m<dbg> zmk: zmk_hid_mouse_movement_set: Mouse movement set to 0/0[0m
[00:01:05.974,975] [0m<inf> exp02_logging: XY 65974 -7039925 -723808[0m
[00:01:05.975,097] [0m<dbg> zmk: zmk_hid_mouse_movement_set: Mouse movement set to 127/127[0m
[00:01:05.975,128] [0m<dbg> zmk: zmk_hid_mouse_scroll_set: Mouse scroll set to 0/0[0m
[00:01:05.975,128] [0m<dbg> zmk: zmk_hid_mouse_movement_set: Mouse movement set to 0/0[0m
[00:01:05.982,910] [0m<inf> exp02_logging: XY 65982 -8355616 -8355840[0m
[00:01:05.983,032] [0m<dbg> zmk: zmk_hid_mouse_movement_set: Mouse movement set to 0/0[0m
[00:01:05.983,062] [0m<dbg> zmk: zmk_hid_mouse_scroll_set: Mouse scroll set to 0/0[0m
[00:01:05.983,062] [0m<dbg> zmk: zmk_hid_mouse_movement_set: Mouse movement set to 0/0[0m
[00:01:05.990,936] [0m<inf> exp02_logging: XY 65990 -8355840 -8355840[0m
[00:01:05.999,053] [0m<inf> exp02_logging: XY 65999 -526452 -6645089[0m
[00:01:05.999,176] [0m<dbg> zmk: zmk_hid_mouse_movement_set: Mouse movement set to 127/127[0m
[00:01:05.999,206] [0m<dbg> zmk: zmk_hid_mouse_scroll_set: Mouse scroll set to 0/0[0m
[00:01:05.999,206] [0m<dbg> zmk: zmk_hid_mouse_movement_set: Mouse movement set to 0/0[0m
[00:01:06.007,019] [0m<inf> exp02_logging: XY 66006 -8355840 -8355840[0m
[00:01:06.007,141] [0m<dbg> zmk: zmk_hid_mouse_movement_set: Mouse movement set to 0/0[0m
[00:01:06.007,141] [0m<dbg> zmk: zmk_hid_mouse_scroll_set: Mouse scroll set to 0/0[0m
[00:01:06.007,171] [0m<dbg> zmk: zmk_hid_mouse_movement_set: Mouse movement set to 0/0[0m
[00:01:06.015,106] [0m<inf> exp02_logging: XY 66015 -6710797 -723810[0m
[00:01:06.015,228] [0m<dbg> zmk: zmk_hid_mouse_movement_set: Mouse movement set to 127/127[0m
[00:01:06.015,258] [0m<dbg> zmk: zmk_hid_mouse_scroll_set: Mouse scroll set to 0/0[0m
[00:01:06.015,258] [0m<dbg> zmk: zmk_hid_mouse_movement_set: Mouse movement set to 0/0[0m
[00:01:06.023,040] [0m<inf> exp02_logging: XY 66023 -8355840 -8355840[0m
[00:01:06.023,162] [0m<dbg> zmk: zmk_hid_mouse_movement_set: Mouse movement set to 0/0[0m
[00:01:06.023,162] [0m<dbg> zmk: zmk_hid_mouse_scroll_set: Mouse scroll set to 0/0[0m
[00:01:06.023,193] [0m<dbg> zmk: zmk_hid_mouse_movement_set: Mouse movement set to 0/0[0m
[00:01:06.031,066] [0m<inf> exp02_logging: XY 66031 -8355840 -8355791[0m
[00:01:06.039,184] [0m<inf> exp02_logging: XY 66039 -526450 -6974088[0m
[00:01:06.039,306] [0m<dbg> zmk: zmk_hid_mouse_movement_set: Mouse movement set to 127/127[0m
[00:01:06.039,337] [0m<dbg> zmk: zmk_hid_mouse_scroll_set: Mouse scroll set to 0/0[0m
[00:01:06.039,337] [0m<dbg> zmk: zmk_hid_mouse_movement_set: Mouse movement set to 0/0[0m
[00:01:06.047,149] [0m<inf> exp02_logging: XY 66047 -8355840 -8355840[0m
[00:01:06.047,271] [0m<dbg> zmk: zmk_hid_mouse_movement_set: Mouse movement set to 0/0[0m
[00:01:06.047,271] [0m<dbg> zmk: zmk_hid_mouse_scroll_set: Mouse scroll set to 0/0[0m
[00:01:06.047,302] [0m<dbg> zmk: zmk_hid_mouse_movement_set: Mouse movement set to 0/0[0m
[00:01:06.055,236] [0m<inf> exp02_logging: XY 66055 -6382051 -723793[0m
[00:01:06.055,358] [0m<dbg> zmk: zmk_hid_mouse_movement_set: Mouse movement set to 127/127[0m
[00:01:06.055,358] [0m<dbg> zmk: zmk_hid_mouse_scroll_set: Mouse scroll set to 0/0[0m
[00:01:06.055,389] [0m<dbg> zmk: zmk_hid_mouse_movement_set: Mouse movement set to 0/0[0m
[00:01:06.063,171] [0m<inf> exp02_logging: XY 66063 -8355840 -8355840[0m
[00:01:06.063,293] [0m<dbg> zmk: zmk_hid_mouse_movement_set: Mouse movement set to 0/0[0m
[00:01:06.063,293] [0m<dbg> zmk: zmk_hid_mouse_scroll_set: Mouse scroll set to 0/0[0m
[00:01:06.063,323] [0m<dbg> zmk: zmk_hid_mouse_movement_set: Mouse movement set to 0/0[0m
[00:01:06.071,197] [0m<inf> exp02_logging: XY 66071 -8355840 -8355633[0m
[00:01:06.079,315] [0m<inf> exp02_logging: XY 66079 -592248 -8289825[0m
[00:01:06.079,437] [0m<dbg> zmk: zmk_hid_mouse_movement_set: Mouse movement set to 127/12[0m
[00:01:06.079,467] [0m<dbg> zmk: zmk_hid_mouse_scroll_set: Mouse scroll set to 0/0[0m
[00:01:06.079,467] [0m<dbg> zmk: zmk_hid_mouse_movement_set: Mouse movement set to 0/0[0m
[00:01:06.087,280] [0m<inf> exp02_logging: XY 66087 -8355840 -8355840[0m
[00:01:06.087,402] [0m<dbg> zmk: zmk_hid_mouse_movement_set: Mouse movement set to 0/0[0m
[00:01:06.087,402] [0m<dbg> zmk: zmk_hid_mouse_scroll_set: Mouse scroll set to 0/0[0m
[00:01:06.087,432] [0m<dbg> zmk: zmk_hid_mouse_movement_set: Mouse movement set to 0/0[0m
[00:01:06.095,367] [0m<inf> exp02_logging: XY 66095 -6316084 -789639[0m
[00:01:06.095,489] [0m<dbg> zmk: zmk_hid_mouse_movement_set: Mouse movement set to 127/127[0m
[00:01:06.095,520] [0m<dbg> zmk: zmk_hid_mouse_scroll_set: Mouse scroll set to 0/0[0m
[00:01:06.095,520] [0m<dbg> zmk: zmk_hid_mouse_movement_set: Mouse movement set to 0/0[0m
[00:01:06.103,302] [0m<inf> exp02_logging: XY 66103 -8355840 -8355840[0m
[00:01:06.103,424] [0m<dbg> zmk: zmk_hid_mouse_movement_set: Mouse movement set to 0/0[0m
[00:01:06.103,424] [0m<dbg> zmk: zmk_hid_mouse_scroll_set: Mouse scroll set to 0/0[0m
[00:01:06.103,454] [0m<dbg> zmk: zmk_hid_mouse_movement_set: Mouse movement set to 0/0[0m
[00:01:06.111,328] [0m<inf> exp02_logging: XY 66111 -8355840 -8289878[0m
[00:01:06.111,419] [0m<dbg> zmk: zmk_hid_mouse_movement_set: Mouse movement set to 0/12[0m
[00:01:06.111,450] [0m<dbg> zmk: zmk_hid_mouse_scroll_set: Mouse scroll set to 0/0[0m
[00:01:06.111,450] [0m<dbg> zmk: zmk_hid_mouse_movement_set: Mouse movement set to 0/0[0m
[00:01:06.119,445] [0m<inf> exp02_logging: XY 66119 -657970 -8355616[0m
[00:01:06.119,567] [0m<dbg> zmk: zmk_hid_mouse_movement_set: Mouse movement set to 127/0[0m
[00:01:06.119,598] [0m<dbg> zmk: zmk_hid_mouse_scroll_set: Mouse scroll set to 0/0[0m
[00:01:06.119,598] [0m<dbg> zmk: zmk_hid_mouse_movement_set: Mouse movement set to 0/0[0m
[00:01:06.127,380] [0m<inf> exp02_logging: XY 66127 -8355840 -8355840[0m
[00:01:06.127,471] [0m<dbg> zmk: zmk_hid_mouse_movement_set: Mouse movement set to 0/0[0m
[00:01:06.127,471] [0m<dbg> zmk: zmk_hid_mouse_scroll_set: Mouse scroll set to 0/0[0m
[00:01:06.127,502] [0m<dbg> zmk: zmk_hid_mouse_movement_set: Mouse movement set to 0/0[0m
[00:01:06.135,406] [0m<inf> exp02_logging: XY 66135 -6184632 -855342[0m
[00:01:06.135,559] [0m<dbg> zmk: zmk_hid_mouse_movement_set: Mouse movement set to 127/127[0m
[00:01:06.135,559] [0m<dbg> zmk: zmk_hid_mouse_scroll_set: Mouse scroll set to 0/0[0m
[00:01:06.135,589] [0m<dbg> zmk: zmk_hid_mouse_movement_set: Mouse movement set to 0/0[0m
[00:01:06.143,524] [0m<inf> exp02_logging: XY 66143 -8355840 -8355840[0m
[00:01:06.143,615] [0m<dbg> zmk: zmk_hid_mouse_movement_set: Mouse movement set to 0/0[0m
[00:01:06.143,646] [0m<dbg> zmk: zmk_hid_mouse_scroll_set: Mouse scroll set to 0/0[0m
[00:01:06.143,676] [0m<dbg> zmk: zmk_hid_mouse_movement_set: Mouse movement set to 0/0[0m
[00:01:06.151,458] [0m<inf> exp02_logging: XY 66151 -8355840 -8158240[0m
[00:01:06.151,550] [0m<dbg> zmk: zmk_hid_mouse_movement_set: Mouse movement set to 0/38[0m
[00:01:06.151,550] [0m<dbg> zmk: zmk_hid_mouse_scroll_set: Mouse scroll set to 0/0[0m
[00:01:06.151,580] [0m<dbg> zmk: zmk_hid_mouse_movement_set: Mouse movement set to 0/0[0m
[00:01:06.159,484] [0m<inf> exp02_logging: XY 66159 -657995 -8355786[0m
[00:01:06.159,637] [0m<dbg> zmk: zmk_hid_mouse_movement_set: Mouse movement set to 127/0[0m
[00:01:06.159,637] [0m<dbg> zmk: zmk_hid_mouse_scroll_set: Mouse scroll set to 0/0[0m
[00:01:06.159,667] [0m<dbg> zmk: zmk_hid_mouse_movement_set: Mouse movement set to 0/0[0m
[00:01:06.167,602] [0m<inf> exp02_logging: XY 66167 -8355840 -8355840[0m
[00:01:06.167,663] [0m<dbg> zmk: zmk_hid_mouse_movement_set: Mouse movement set to 0/0[0m
[00:01:06.167,694] [0m<dbg> zmk: zmk_hid_mouse_scroll_set: Mouse scroll set to 0/0[0m
[00:01:06.167,694] [0m<dbg> zmk: zmk_hid_mouse_movement_set: Mouse movement set to 0/0[0m
[00:01:06.175,537] [0m<inf> exp02_logging: XY 66175 -5855510 -789626[0m
[00:01:06.175,659] [0m<dbg> zmk: zmk_hid_mouse_movement_set: Mouse movement set to 127/127[0m
[00:01:06.175,689] [0m<dbg> zmk: zmk_hid_mouse_scroll_set: Mouse scroll set to 0/0[0m
[00:01:06.175,689] [0m<dbg> zmk: zmk_hid_mouse_movement_set: Mouse movement set to 0/0[0m
[00:01:06.183,563] [0m<inf> exp02_logging: XY 66183 -8355840 -8355840[0m
[00:01:06.183,685] [0m<dbg> zmk: zmk_hid_mouse_movement_set: Mouse movement set to 0/0[0m
[00:01:06.183,685] [0m<dbg> zmk: zmk_hid_mouse_scroll_set: Mouse scroll set to 0/0[0m
[00:01:06.183,715] [0m<dbg> zmk: zmk_hid_mouse_movement_set: Mouse movement set to 0/0[0m
[00:01:06.191,680] [0m<inf> exp02_logging: XY 66191 -8355840 -7763546[0m
[00:01:06.191,741] [0m<dbg> zmk: zmk_hid_mouse_movement_set: Mouse movement set to 0/114[0m
[00:01:06.191,772] [0m<dbg> zmk: zmk_hid_mouse_scroll_set: Mouse scroll set to 0/0[0m
[00:01:06.191,772] [0m<dbg> zmk: zmk_hid_mouse_movement_set: Mouse movement set to 0/0[0m
[00:01:06.199,615] [0m<inf> exp02_logging: XY 66199 -658061 -8355840[0m
[00:01:06.199,737] [0m<dbg> zmk: zmk_hid_mouse_movement_set: Mouse movement set to 127/0[0m
[00:01:06.199,768] [0m<dbg> zmk: zmk_hid_mouse_scroll_set: Mouse scroll set to 0/0[0m
[00:01:06.199,768] [0m<dbg> zmk: zmk_hid_mouse_movement_set: Mouse movement set to 0/0[0m
[00:01:06.207,641] [0m<inf> exp02_logging: XY 66207 -8355840 -8355840[0m
[00:01:06.207,733] [0m<dbg> zmk: zmk_hid_mouse_movement_set: Mouse movement set to 0/0[0m
[00:01:06.207,733] [0m<dbg> zmk: zmk_hid_mouse_scroll_set: Mouse scroll set to 0/0[0m
[00:01:06.207,763] [0m<dbg> zmk: zmk_hid_mouse_movement_set: Mouse movement set to 0/0[0m
[00:01:06.215,759] [0m<inf> exp02_logging: XY 66215 -5592359 -789669[0m
[00:01:06.215,881] [0m<dbg> zmk: zmk_hid_mouse_movement_set: Mouse movement set to 127/127[0m
[00:01:06.215,881] [0m<dbg> zmk: zmk_hid_mouse_scroll_set: Mouse scroll set to 0/0[0m
[00:01:06.215,911] [0m<dbg> zmk: zmk_hid_mouse_movement_set: Mouse movement set to 0/0[0m
[00:01:06.223,693] [0m<inf> exp02_logging: XY 66223 -8355840 -8355840[0m
[00:01:06.223,815] [0m<dbg> zmk: zmk_hid_mouse_movement_set: Mouse movement set to 0/0[0m
[00:01:06.223,815] [0m<dbg> zmk: zmk_hid_mouse_scroll_set: Mouse scroll set to 0/0[0m
[00:01:06.223,846] [0m<dbg> zmk: zmk_hid_mouse_movement_set: Mouse movement set to 0/0[0m
[00:01:06.231,719] [0m<inf> exp02_logging: XY 66231 -8355840 -7829310[0m
[00:01:06.231,811] [0m<dbg> zmk: zmk_hid_mouse_movement_set: Mouse movement set to 0/102[0m
[00:01:06.231,842] [0m<dbg> zmk: zmk_hid_mouse_scroll_set: Mouse scroll set to 0/0[0m
[00:01:06.231,842] [0m<dbg> zmk: zmk_hid_mouse_movement_set: Mouse movement set to 0/0[0m
[00:01:06.239,837] [0m<inf> exp02_logging: XY 66239 -855528 -8355840[0m
[00:01:06.239,959] [0m<dbg> zmk: zmk_hid_mouse_movement_set: Mouse movement set to 127/0[0m
[00:01:06.239,959] [0m<dbg> zmk: zmk_hid_mouse_scroll_set: Mouse scroll set to 0/0[0m
[00:01:06.239,990] [0m<dbg> zmk: zmk_hid_mouse_movement_set: Mouse movement set to 0/0[0m
[00:01:06.247,772] [0m<inf> exp02_logging: XY 66247 -8355840 -8355840[0m
[00:01:06.247,863] [0m<dbg> zmk: zmk_hid_mouse_movement_set: Mouse movement set to 0/0[0m
[00:01:06.247,863] [0m<dbg> zmk: zmk_hid_mouse_scroll_set: Mouse scroll set to 0/0[0m
[00:01:06.247,894] [0m<dbg> zmk: zmk_hid_mouse_movement_set: Mouse movement set to 0/0[0m
[00:01:06.255,798] [0m<inf> exp02_logging: XY 66255 -5460986 -789755[0m
[00:01:06.255,950] [0m<dbg> zmk: zmk_hid_mouse_movement_set: Mouse movement set to 127/127[0m
[00:01:06.255,950] [0m<dbg> zmk: zmk_hid_mouse_scroll_set: Mouse scroll set to 0/0[0m
[00:01:06.255,981] [0m<dbg> zmk: zmk_hid_mouse_movement_set: Mouse movement set to 0/0[0m
[00:01:06.263,916] [0m<inf> exp02_logging: XY 66263 -8355840 -8355840[0m
[00:01:06.264,007] [0m<dbg> zmk: zmk_hid_mouse_movement_set: Mouse movement set to 0/0[0m
[00:01:06.264,038] [0m<dbg> zmk: zmk_hid_mouse_scroll_set: Mouse scroll set to 0/0[0m
[00:01:06.264,038] [0m<dbg> zmk: zmk_hid_mouse_movement_set: Mouse movement set to 0/0[0m
[00:01:06.271,850] [0m<inf> exp02_logging: XY 66271 -8355840 -7697710[0m
[00:01:06.271,942] [0m<dbg> zmk: zmk_hid_mouse_movement_set: Mouse movement set to 0/127[0m
[00:01:06.271,972] [0m<dbg> zmk: zmk_hid_mouse_scroll_set: Mouse scroll set to 0/0[0m
[00:01:06.271,972] [0m<dbg> zmk: zmk_hid_mouse_movement_set: Mouse movement set to 0/0[0m
[00:01:06.279,876] [0m<inf> exp02_logging: XY 66279 -1579174 -8355840[0m
[00:01:06.279,998] [0m<dbg> zmk: zmk_hid_mouse_movement_set: Mouse movement set to 127/0[0m
[00:01:06.280,029] [0m<dbg> zmk: zmk_hid_mouse_scroll_set: Mouse scroll set to 0/0[0m
[00:01:06.280,029] [0m<dbg> zmk: zmk_hid_mouse_movement_set: Mouse movement set to 0/0[0m
[00:01:06.287,994] [0m<inf> exp02_logging: XY 66287 -8355840 -8355840[0m
[00:01:06.288,055] [0m<dbg> zmk: zmk_hid_mouse_movement_set: Mouse movement set to 0/0[0m
[00:01:06.288,085] [0m<dbg> zmk: zmk_hid_mouse_scroll_set: Mouse scroll set to 0/0[0m
[00:01:06.288,085] [0m<dbg> zmk: zmk_hid_mouse_movement_set: Mouse movement set to 0/0[0m
[00:01:06.295,928] [0m<inf> exp02_logging: XY 66295 -5197776 -789619[0m
[00:01:06.296,051] [0m<dbg> zmk: zmk_hid_mouse_movement_set: Mouse movement set to 127/127[0m
[00:01:06.296,081] [0m<dbg> zmk: zmk_hid_mouse_scroll_set: Mouse scroll set to 0/0[0m
[00:01:06.296,081] [0m<dbg> zmk: zmk_hid_mouse_movement_set: Mouse movement set to 0/0[0m
[00:01:06.303,955] [0m<inf> exp02_logging: XY 66303 -8355840 -8355840[0m
[00:01:06.304,077] [0m<dbg> zmk: zmk_hid_mouse_movement_set: Mouse movement set to 0/0[0m
[00:01:06.304,107] [0m<dbg> zmk: zmk_hid_mouse_scroll_set: Mouse scroll set to 0/0[0m
[00:01:06.304,107] [0m<dbg> zmk: zmk_hid_mouse_movement_set: Mouse movement set to 0/0[0m
[00:01:06.312,072] [0m<inf> exp02_logging: XY 66312 -8355840 -7500454[0m
[00:01:06.312,133] [0m<dbg> zmk: zmk_hid_mouse_movement_set: Mouse movement set to 0/127[0m
[00:01:06.312,164] [0m<dbg> zmk: zmk_hid_mouse_scroll_set: Mouse scroll set to 0/0[0m
[00:01:06.312,164] [0m<dbg> zmk: zmk_hid_mouse_movement_set: Mouse movement set to 0/0[0m
[00:01:06.320,007] [0m<inf> exp02_logging: XY 66320 -1908129 -8355840[0m
[00:01:06.320,129] [0m<dbg> zmk: zmk_hid_mouse_movement_set: Mouse movement set to 127/0[0m
[00:01:06.320,159] [0m<dbg> zmk: zmk_hid_mouse_scroll_set: Mouse scroll set to 0/0[0m
[00:01:06.320,159] [0m<dbg> zmk: zmk_hid_mouse_movement_set: Mouse movement set to 0/0[0m
[00:01:06.328,033] [0m<inf> exp02_logging: XY 66328 -8355840 -8355840[0m
[00:01:06.328,125] [0m<dbg> zmk: zmk_hid_mouse_movement_set: Mouse movement set to 0/0[0m
[00:01:06.328,125] [0m<dbg> zmk: zmk_hid_mouse_scroll_set: Mouse scroll set to 0/0[0m
[00:01:06.328,155] [0m<dbg> zmk: zmk_hid_mouse_movement_set: Mouse movement set to 0/0[0m
[00:01:06.336,151] [0m<inf> exp02_logging: XY 66336 -4934508 -1052877[0m
[00:01:06.336,273] [0m<dbg> zmk: zmk_hid_mouse_movement_set: Mouse movement set to 127/127[0m
[00:01:06.336,273] [0m<dbg> zmk: zmk_hid_mouse_scroll_set: Mouse scroll set to 0/0[0m
[00:01:06.336,303] [0m<dbg> zmk: zmk_hid_mouse_movement_set: Mouse movement set to 0/0[0m
[00:01:06.344,085] [0m<inf> exp02_logging: XY 66344 -8355840 -8355840[0m
[00:01:06.344,207] [0m<dbg> zmk: zmk_hid_mouse_movement_set: Mouse movement set to 0/0[0m
[00:01:06.344,207] [0m<dbg> zmk: zmk_hid_mouse_scroll_set: Mouse scroll set to 0/0[0m
[00:01:06.344,238] [0m<dbg> zmk: zmk_hid_mouse_movement_set: Mouse movement set to 0/0[0m
[00:01:06.352,111] [0m<inf> exp02_logging: XY 66352 -8355840 -7697798[0m
[00:01:06.352,203] [0m<dbg> zmk: zmk_hid_mouse_movement_set: Mouse movement set to 0/127[0m
[00:01:06.352,233] [0m<dbg> zmk: zmk_hid_mouse_scroll_set: Mouse scroll set to 0/0[0m
[00:01:06.352,233] [0m<dbg> zmk: zmk_hid_mouse_movement_set: Mouse movement set to 0/0[0m
[00:01:06.360,229] [0m<inf> exp02_logging: XY 66360 -2434331 -8355840[0m
[00:01:06.360,351] [0m<dbg> zmk: zmk_hid_mouse_movement_set: Mouse movement set to 127/0[0m
[00:01:06.360,351] [0m<dbg> zmk: zmk_hid_mouse_scroll_set: Mouse scroll set to 0/0[0m
[00:01:06.360,382] [0m<dbg> zmk: zmk_hid_mouse_movement_set: Mouse movement set to 0/0[0m
[00:01:06.368,164] [0m<inf> exp02_logging: XY 66368 -8355840 -8355840[0m
[00:01:06.368,255] [0m<dbg> zmk: zmk_hid_mouse_movement_set: Mouse movement set to 0/0[0m
[00:01:06.368,255] [0m<dbg> zmk: zmk_hid_mouse_scroll_set: Mouse scroll set to 0/0[0m
[00:01:06.368,286] [0m<dbg> zmk: zmk_hid_mouse_movement_set: Mouse movement set to 0/0[0m
[00:01:06.376,190] [0m<inf> exp02_logging: XY 66376 -4802872 -1250178[0m
[00:01:06.376,342] [0m<dbg> zmk: zmk_hid_mouse_movement_set: Mouse movement set to 127/127[0m
[00:01:06.376,342] [0m<dbg> zmk: zmk_hid_mouse_scroll_set: Mouse scroll set to 0/0[0m
[00:01:06.376,373] [0m<dbg> zmk: zmk_hid_mouse_movement_set: Mouse movement set to 0/0[0m
[00:01:06.384,307] [0m<inf> exp02_logging: XY 66384 -8355840 -8355840[0m
[00:01:06.384,399] [0m<dbg> zmk: zmk_hid_mouse_movement_set: Mouse movement set to 0/0[0m
[00:01:06.384,429] [0m<dbg> zmk: zmk_hid_mouse_scroll_set: Mouse scroll set to 0/0[0m
[00:01:06.384,460] [0m<dbg> zmk: zmk_hid_mouse_movement_set: Mouse movement set to 0/0[0m
[00:01:06.392,272] [0m<inf> exp02_logging: XY 66392 -8355840 -7632051[0m
[00:01:06.392,364] [0m<dbg> zmk: zmk_hid_mouse_movement_set: Mouse movement set to 0/127[0m
[00:01:06.392,364] [0m<dbg> zmk: zmk_hid_mouse_scroll_set: Mouse scroll set to 0/0[0m
[00:01:06.392,395] [0m<dbg> zmk: zmk_hid_mouse_movement_set: Mouse movement set to 0/0[0m
[00:01:06.400,268] [0m<inf> exp02_logging: XY 66400 -2763456 -8355840[0m
[00:01:06.400,390] [0m<dbg> zmk: zmk_hid_mouse_movement_set: Mouse movement set to 127/0[0m
[00:01:06.400,421] [0m<dbg> zmk: zmk_hid_mouse_scroll_set: Mouse scroll set to 0/0[0m
[00:01:06.400,421] [0m<dbg> zmk: zmk_hid_mouse_movement_set: Mouse movement set to 0/0[0m
[00:01:06.408,386] [0m<inf> exp02_logging: XY 66408 -8355840 -8355840[0m
[00:01:06.408,447] [0m<dbg> zmk: zmk_hid_mouse_movement_set: Mouse movement set to 0/0[0m
[00:01:06.408,477] [0m<dbg> zmk: zmk_hid_mouse_scroll_set: Mouse scroll set to 0/0[0m
[00:01:06.408,477] [0m<dbg> zmk: zmk_hid_mouse_movement_set: Mouse movement set to 0/0[0m
[00:01:06.416,320] [0m<inf> exp02_logging: XY 66416 -4539780 -1710756[0m
[00:01:06.416,442] [0m<dbg> zmk: zmk_hid_mouse_movement_set: Mouse movement set to 127/127[0m
[00:01:06.416,473] [0m<dbg> zmk: zmk_hid_mouse_scroll_set: Mouse scroll set to 0/0[0m
[00:01:06.416,503] [0m<dbg> zmk: zmk_hid_mouse_movement_set: Mouse movement set to 0/0[0m
[00:01:06.424,346] [0m<inf> exp02_logging: XY 66424 -8355840 -8355840[0m
[00:01:06.424,468] [0m<dbg> zmk: zmk_hid_mouse_movement_set: Mouse movement set to 0/0[0m
[00:01:06.424,499] [0m<dbg> zmk: zmk_hid_mouse_scroll_set: Mouse scroll set to 0/0[0m
[00:01:06.424,499] [0m<dbg> zmk: zmk_hid_mouse_movement_set: Mouse movement set to 0/0[0m
[00:01:06.432,464] [0m<inf> exp02_logging: XY 66432 -8355840 -7632092[0m
[00:01:06.432,556] [0m<dbg> zmk: zmk_hid_mouse_movement_set: Mouse movement set to 0/127[0m
[00:01:06.432,556] [0m<dbg> zmk: zmk_hid_mouse_scroll_set: Mouse scroll set to 0/0[0m
[00:01:06.432,586] [0m<dbg> zmk: zmk_hid_mouse_movement_set: Mouse movement set to 0/0[0m
[00:01:06.440,399] [0m<inf> exp02_logging: XY 66440 -3355576 -8355840[0m
[00:01:06.440,521] [0m<dbg> zmk: zmk_hid_mouse_movement_set: Mouse movement set to 127/0[0m
[00:01:06.440,551] [0m<dbg> zmk: zmk_hid_mouse_scroll_set: Mouse scroll set to 0/0[0m
[00:01:06.440,551] [0m<dbg> zmk: zmk_hid_mouse_movement_set: Mouse movement set to 0/0[0m
[00:01:06.448,425] [0m<inf> exp02_logging: XY 66448 -8355840 -8355840[0m
[00:01:06.448,516] [0m<dbg> zmk: zmk_hid_mouse_movement_set: Mouse movement set to 0/0[0m
[00:01:06.448,516] [0m<dbg> zmk: zmk_hid_mouse_scroll_set: Mouse scroll set to 0/0[0m
[00:01:06.448,547] [0m<dbg> zmk: zmk_hid_mouse_movement_set: Mouse movement set to 0/0[0m
[00:01:06.456,542] [0m<inf> exp02_logging: XY 66456 -5789746 -2368582[0m
[00:01:06.456,665] [0m<dbg> zmk: zmk_hid_mouse_movement_set: Mouse movement set to 127/127[0m
[00:01:06.456,695] [0m<dbg> zmk: zmk_hid_mouse_scroll_set: Mouse scroll set to 0/0[0m
[00:01:06.456,695] [0m<dbg> zmk: zmk_hid_mouse_movement_set: Mouse movement set to 0/0[0m
[00:01:06.464,477] [0m<inf> exp02_logging: XY 66464 -8355840 -8355840[0m
[00:01:06.464,599] [0m<dbg> zmk: zmk_hid_mouse_movement_set: Mouse movement set to 0/0[0m
[00:01:06.464,599] [0m<dbg> zmk: zmk_hid_mouse_scroll_set: Mouse scroll set to 0/0[0m
[00:01:06.464,630] [0m<dbg> zmk: zmk_hid_mouse_movement_set: Mouse movement set to 0/0[0m
[00:01:06.472,503] [0m<inf> exp02_logging: XY 66472 -8355840 -7763492[0m
[00:01:06.472,595] [0m<dbg> zmk: zmk_hid_mouse_movement_set: Mouse movement set to 0/114[0m
[00:01:06.472,625] [0m<dbg> zmk: zmk_hid_mouse_scroll_set: Mouse scroll set to 0/0[0m
[00:01:06.472,625] [0m<dbg> zmk: zmk_hid_mouse_movement_set: Mouse movement set to 0/0[0m
[00:01:06.480,621] [0m<inf> exp02_logging: XY 66480 -3881905 -8355840[0m
[00:01:06.480,743] [0m<dbg> zmk: zmk_hid_mouse_movement_set: Mouse movement set to 127/0[0m
[00:01:06.480,743] [0m<dbg> zmk: zmk_hid_mouse_scroll_set: Mouse scroll set to 0/0[0m
[00:01:06.480,773] [0m<dbg> zmk: zmk_hid_mouse_movement_set: Mouse movement set to 0/0[0m
[00:01:06.488,555] [0m<inf> exp02_logging: XY 66488 -8355840 -8355840[0m
[00:01:06.488,647] [0m<dbg> zmk: zmk_hid_mouse_movement_set: Mouse movement set to 0/0[0m
[00:01:06.488,647] [0m<dbg> zmk: zmk_hid_mouse_scroll_set: Mouse scroll set to 0/0[0m
[00:01:06.488,677] [0m<dbg> zmk: zmk_hid_mouse_movement_set: Mouse movement set to 0/0[0m
[00:01:06.496,582] [0m<inf> exp02_logging: XY 66496 -5526678 -2565913[0m
[00:01:06.496,734] [0m<dbg> zmk: zmk_hid_mouse_movement_set: Mouse movement set to 127/127[0m
[00:01:06.496,734] [0m<dbg> zmk: zmk_hid_mouse_scroll_set: Mouse scroll set to 0/0[0m
[00:01:06.496,765] [0m<dbg> zmk: zmk_hid_mouse_movement_set: Mouse movement set to 0/0[0m
[00:01:06.504,699] [0m<inf> exp02_logging: XY 66504 -8355840 -8355840[0m
[00:01:06.504,821] [0m<dbg> zmk: zmk_hid_mouse_movement_set: Mouse movement set to 0/0[0m
[00:01:06.504,821] [0m<dbg> zmk: zmk_hid_mouse_scroll_set: Mouse scroll set to 0/0[0m
[00:01:06.504,852] [0m<dbg> zmk: zmk_hid_mouse_movement_set: Mouse movement set to 0/0[0m
[00:01:06.512,695] [0m<inf> exp02_logging: XY 66512 -8355840 -7829413[0m
[00:01:06.512,786] [0m<dbg> zmk: zmk_hid_mouse_movement_set: Mouse movement set to 0/102[0m
[00:01:06.512,786] [0m<dbg> zmk: zmk_hid_mouse_scroll_set: Mouse scroll set to 0/0[0m
[00:01:06.512,817] [0m<dbg> zmk: zmk_hid_mouse_movement_set: Mouse movement set to 0/0[0m
[00:01:06.520,660] [0m<inf> exp02_logging: XY 66520 -4079279 -8355840[0m
[00:01:06.520,782] [0m<dbg> zmk: zmk_hid_mouse_movement_set: Mouse movement set to 127/0[0m
[00:01:06.520,812] [0m<dbg> zmk: zmk_hid_mouse_scroll_set: Mouse scroll set to 0/0[0m
[00:01:06.520,812] [0m<dbg> zmk: zmk_hid_mouse_movement_set: Mouse movement set to 0/0[0m
[00:01:06.528,778] [0m<inf> exp02_logging: XY 66528 -8355840 -8355840[0m
[00:01:06.528,839] [0m<dbg> zmk: zmk_hid_mouse_movement_set: Mouse movement set to 0/0[0m
[00:01:06.528,869] [0m<dbg> zmk: zmk_hid_mouse_scroll_set: Mouse scroll set to 0/0[0m
[00:01:06.528,869] [0m<dbg> zmk: zmk_hid_mouse_movement_set: Mouse movement set to 0/0[0m
[00:01:06.536,712] [0m<inf> exp02_logging: XY 66536 -5329199 -3026578[0m
[00:01:06.536,834] [0m<dbg> zmk: zmk_hid_mouse_movement_set: Mouse movement set to 127/127[0m
[00:01:06.536,865] [0m<dbg> zmk: zmk_hid_mouse_scroll_set: Mouse scroll set to 0/0[0m
[00:01:06.536,865] [0m<dbg> zmk: zmk_hid_mouse_movement_set: Mouse movement set to 0/0[0m
[00:01:06.544,738] [0m<inf> exp02_logging: XY 66544 -8355840 -8355840[0m
[00:01:06.544,860] [0m<dbg> zmk: zmk_hid_mouse_movement_set: Mouse movement set to 0/0[0m
[00:01:06.544,891] [0m<dbg> zmk: zmk_hid_mouse_scroll_set: Mouse scroll set to 0/0[0m
[00:01:06.544,891] [0m<dbg> zmk: zmk_hid_mouse_movement_set: Mouse movement set to 0/0[0m
[00:01:06.552,856] [0m<inf> exp02_logging: XY 66552 -8355840 -7895158[0m
[00:01:06.552,917] [0m<dbg> zmk: zmk_hid_mouse_movement_set: Mouse movement set to 0/89[0m
[00:01:06.552,947] [0m<dbg> zmk: zmk_hid_mouse_scroll_set: Mouse scroll set to 0/0[0m
[00:01:06.552,947] [0m<dbg> zmk: zmk_hid_mouse_movement_set: Mouse movement set to 0/0[0m
[00:01:06.560,791] [0m<inf> exp02_logging: XY 66560 -4605693 -8355840[0m
[00:01:06.560,913] [0m<dbg> zmk: zmk_hid_mouse_movement_set: Mouse movement set to 127/0[0m
[00:01:06.560,943] [0m<dbg> zmk: zmk_hid_mouse_scroll_set: Mouse scroll set to 0/0[0m
[00:01:06.560,943] [0m<dbg> zmk: zmk_hid_mouse_movement_set: Mouse movement set to 0/0[0m
[00:01:06.568,817] [0m<inf> exp02_logging: XY 66568 -8355840 -8355840[0m
[00:01:06.568,908] [0m<dbg> zmk: zmk_hid_mouse_movement_set: Mouse movement set to 0/0[0m
[00:01:06.568,908] [0m<dbg> zmk: zmk_hid_mouse_scroll_set: Mouse scroll set to 0/0[0m
[00:01:06.568,939] [0m<dbg> zmk: zmk_hid_mouse_movement_set: Mouse movement set to 0/0[0m
[00:01:06.576,934] [0m<inf> exp02_logging: XY 66576 -4868724 -3684489[0m
[00:01:06.577,056] [0m<dbg> zmk: zmk_hid_mouse_movement_set: Mouse movement set to 127/127[0m
[00:01:06.577,087] [0m<dbg> zmk: zmk_hid_mouse_scroll_set: Mouse scroll set to 0/0[0m
[00:01:06.577,087] [0m<dbg> zmk: zmk_hid_mouse_movement_set: Mouse movement set to 0/0[0m
[00:01:06.584,869] [0m<inf> exp02_logging: XY 66584 -8355840 -8355840[0m
[00:01:06.584,991] [0m<dbg> zmk: zmk_hid_mouse_movement_set: Mouse movement set to 0/0[0m
[00:01:06.584,991] [0m<dbg> zmk: zmk_hid_mouse_scroll_set: Mouse scroll set to 0/0[0m
[00:01:06.585,021] [0m<dbg> zmk: zmk_hid_mouse_movement_set: Mouse movement set to 0/0[0m
[00:01:06.592,895] [0m<inf> exp02_logging: XY 66592 -8355840 -7961083[0m
[00:01:06.592,987] [0m<dbg> zmk: zmk_hid_mouse_movement_set: Mouse movement set to 0/76[0m
[00:01:06.593,017] [0m<dbg> zmk: zmk_hid_mouse_scroll_set: Mouse scroll set to 0/0[0m
[00:01:06.593,017] [0m<dbg> zmk: zmk_hid_mouse_movement_set: Mouse movement set to 0/0[0m
[00:01:06.601,013] [0m<inf> exp02_logging: XY 66601 -5131894 -8355840[0m
[00:01:06.601,135] [0m<dbg> zmk: zmk_hid_mouse_movement_set: Mouse movement set to 127/0[0m
[00:01:06.601,135] [0m<dbg> zmk: zmk_hid_mouse_scroll_set: Mouse scroll set to 0/0[0m
[00:01:06.601,165] [0m<dbg> zmk: zmk_hid_mouse_movement_set: Mouse movement set to 0/0[0m
[00:01:06.608,947] [0m<inf> exp02_logging: XY 66608 -8355840 -8355840[0m
[00:01:06.609,039] [0m<dbg> zmk: zmk_hid_mouse_movement_set: Mouse movement set to 0/0[0m
[00:01:06.609,039] [0m<dbg> zmk: zmk_hid_mouse_scroll_set: Mouse scroll set to 0/0[0m
[00:01:06.609,069] [0m<dbg> zmk: zmk_hid_mouse_movement_set: Mouse movement set to 0/0[0m
[00:01:06.616,973] [0m<inf> exp02_logging: XY 66616 -5132012 -3816157[0m
[00:01:06.617,126] [0m<dbg> zmk: zmk_hid_mouse_movement_set: Mouse movement set to 127/127[0m
[00:01:06.617,126] [0m<dbg> zmk: zmk_hid_mouse_scroll_set: Mouse scroll set to 0/0[0m
[00:01:06.617,156] [0m<dbg> zmk: zmk_hid_mouse_movement_set: Mouse movement set to 0/0[0m
[00:01:06.625,091] [0m<inf> exp02_logging: XY 66625 -8355840 -8355840[0m
[00:01:06.625,183] [0m<dbg> zmk: zmk_hid_mouse_movement_set: Mouse movement set to 0/0[0m
[00:01:06.625,213] [0m<dbg> zmk: zmk_hid_mouse_scroll_set: Mouse scroll set to 0/0[0m
[00:01:06.625,244] [0m<dbg> zmk: zmk_hid_mouse_movement_set: Mouse movement set to 0/0[0m
[00:01:06.633,026] [0m<inf> exp02_logging: XY 66633 -8355840 -7829485[0m
[00:01:06.633,117] [0m<dbg> zmk: zmk_hid_mouse_movement_set: Mouse movement set to 0/102[0m
[00:01:06.633,117] [0m<dbg> zmk: zmk_hid_mouse_scroll_set: Mouse scroll set to 0/0[0m
[00:01:06.633,148] [0m<dbg> zmk: zmk_hid_mouse_movement_set: Mouse movement set to 0/0[0m
[00:01:06.641,052] [0m<inf> exp02_logging: XY 66641 -5460892 -8355840[0m
[00:01:06.641,174] [0m<dbg> zmk: zmk_hid_mouse_movement_set: Mouse movement set to 127/0[0m
[00:01:06.641,204] [0m<dbg> zmk: zmk_hid_mouse_scroll_set: Mouse scroll set to 0/0[0m
[00:01:06.641,204] [0m<dbg> zmk: zmk_hid_mouse_movement_set: Mouse movement set to 0/0[0m
[00:01:06.649,169] [0m<inf> exp02_logging: XY 66649 -8355840 -8355840[0m
[00:01:06.649,230] [0m<dbg> zmk: zmk_hid_mouse_movement_set: Mouse movement set to 0/0[0m
[00:01:06.649,261] [0m<dbg> zmk: zmk_hid_mouse_scroll_set: Mouse scroll set to 0/0[0m
[00:01:06.649,261] [0m<dbg> zmk: zmk_hid_mouse_movement_set: Mouse movement set to 0/0[0m
[00:01:06.657,104] [0m<inf> exp02_logging: XY 66657 -4934559 -4342528[0m
[00:01:06.657,226] [0m<dbg> zmk: zmk_hid_mouse_movement_set: Mouse movement set to 127/127[0m
[00:01:06.657,257] [0m<dbg> zmk: zmk_hid_mouse_scroll_set: Mouse scroll set to 0/0[0m
[00:01:06.657,257] [0m<dbg> zmk: zmk_hid_mouse_movement_set: Mouse movement set to 0/0[0m
[00:01:06.665,130] [0m<inf> exp02_logging: XY 66665 -8355840 -8355840[0m
[00:01:06.665,252] [0m<dbg> zmk: zmk_hid_mouse_movement_set: Mouse movement set to 0/0[0m
[00:01:06.665,283] [0m<dbg> zmk: zmk_hid_mouse_scroll_set: Mouse scroll set to 0/0[0m
[00:01:06.665,283] [0m<dbg> zmk: zmk_hid_mouse_movement_set: Mouse movement set to 0/0[0m
[00:01:06.673,248] [0m<inf> exp02_logging: XY 66673 -8355840 -7303163[0m
[00:01:06.673,309] [0m<dbg> zmk: zmk_hid_mouse_movement_set: Mouse movement set to 0/127[0m
[00:01:06.673,339] [0m<dbg> zmk: zmk_hid_mouse_scroll_set: Mouse scroll set to 0/0[0m
[00:01:06.673,370] [0m<dbg> zmk: zmk_hid_mouse_movement_set: Mouse movement set to 0/0[0m
[00:01:06.681,182] [0m<inf> exp02_logging: XY 66681 -6052884 -8355840[0m
[00:01:06.681,304] [0m<dbg> zmk: zmk_hid_mouse_movement_set: Mouse movement set to 127/0[0m
[00:01:06.681,335] [0m<dbg> zmk: zmk_hid_mouse_scroll_set: Mouse scroll set to 0/0[0m
[00:01:06.681,335] [0m<dbg> zmk: zmk_hid_mouse_movement_set: Mouse movement set to 0/0[0m
[00:01:06.689,208] [0m<inf> exp02_logging: XY 66689 -8355840 -8355840[0m
[00:01:06.689,300] [0m<dbg> zmk: zmk_hid_mouse_movement_set: Mouse movement set to 0/0[0m
[00:01:06.689,300] [0m<dbg> zmk: zmk_hid_mouse_scroll_set: Mouse scroll set to 0/0[0m
[00:01:06.689,331] [0m<dbg> zmk: zmk_hid_mouse_movement_set: Mouse movement set to 0/0[0m
[00:01:06.697,326] [0m<inf> exp02_logging: XY 66697 -4671329 -4868772[0m
[00:01:06.697,448] [0m<dbg> zmk: zmk_hid_mouse_movement_set: Mouse movement set to 127/127[0m
[00:01:06.697,448] [0m<dbg> zmk: zmk_hid_mouse_scroll_set: Mouse scroll set to 0/0[0m
[00:01:06.697,479] [0m<dbg> zmk: zmk_hid_mouse_movement_set: Mouse movement set to 0/0[0m
[00:01:06.705,261] [0m<inf> exp02_logging: XY 66705 -8355840 -8355840[0m
[00:01:06.705,383] [0m<dbg> zmk: zmk_hid_mouse_movement_set: Mouse movement set to 0/0[0m
[00:01:06.705,383] [0m<dbg> zmk: zmk_hid_mouse_scroll_set: Mouse scroll set to 0/0[0m
[00:01:06.705,413] [0m<dbg> zmk: zmk_hid_mouse_movement_set: Mouse movement set to 0/0[0m
[00:01:06.713,287] [0m<inf> exp02_logging: XY 66713 -8355840 -7237204[0m
[00:01:06.713,378] [0m<dbg> zmk: zmk_hid_mouse_movement_set: Mouse movement set to 0/127[0m
[00:01:06.713,409] [0m<dbg> zmk: zmk_hid_mouse_scroll_set: Mouse scroll set to 0/0[0m
[00:01:06.713,409] [0m<dbg> zmk: zmk_hid_mouse_movement_set: Mouse movement set to 0/0[0m
[00:01:06.721,405] [0m<inf> exp02_logging: XY 66721 -6447759 -8355840[0m
[00:01:06.721,527] [0m<dbg> zmk: zmk_hid_mouse_movement_set: Mouse movement set to 127/0[0m
[00:01:06.721,527] [0m<dbg> zmk: zmk_hid_mouse_scroll_set: Mouse scroll set to 0/0[0m
[00:01:06.721,557] [0m<dbg> zmk: zmk_hid_mouse_movement_set: Mouse movement set to 0/0[0m
[00:01:06.729,339] [0m<inf> exp02_logging: XY 66729 -8355840 -8355840[0m
[00:01:06.729,431] [0m<dbg> zmk: zmk_hid_mouse_movement_set: Mouse movement set to 0/0[0m
[00:01:06.729,431] [0m<dbg> zmk: zmk_hid_mouse_scroll_set: Mouse scroll set to 0/0[0m
[00:01:06.729,461] [0m<dbg> zmk: zmk_hid_mouse_movement_set: Mouse movement set to 0/0[0m
[00:01:06.737,365] [0m<inf> exp02_logging: XY 66737 -987134 -5132021[0m
[00:01:06.737,518] [0m<dbg> zmk: zmk_hid_mouse_movement_set: Mouse movement set to 127/127[0m
[00:01:06.737,518] [0m<dbg> zmk: zmk_hid_mouse_scroll_set: Mouse scroll set to 0/0[0m
[00:01:06.737,548] [0m<dbg> zmk: zmk_hid_mouse_movement_set: Mouse movement set to 0/0[0m
[00:01:06.745,483] [0m<inf> exp02_logging: XY 66745 -8355840 -8355840[0m
[00:01:06.745,574] [0m<dbg> zmk: zmk_hid_mouse_movement_set: Mouse movement set to 0/0[0m
[00:01:06.745,605] [0m<dbg> zmk: zmk_hid_mouse_scroll_set: Mouse scroll set to 0/0[0m
[00:01:06.745,605] [0m<dbg> zmk: zmk_hid_mouse_movement_set: Mouse movement set to 0/0[0m
[00:01:06.753,417] [0m<inf> exp02_logging: XY 66753 -8355840 -6842418[0m
[00:01:06.753,509] [0m<dbg> zmk: zmk_hid_mouse_movement_set: Mouse movement set to 0/127[0m
[00:01:06.753,509] [0m<dbg> zmk: zmk_hid_mouse_scroll_set: Mouse scroll set to 0/0[0m
[00:01:06.753,540] [0m<dbg> zmk: zmk_hid_mouse_movement_set: Mouse movement set to 0/0[0m
[00:01:06.761,444] [0m<inf> exp02_logging: XY 66761 -6776757 -8355840[0m
[00:01:06.761,566] [0m<dbg> zmk: zmk_hid_mouse_movement_set: Mouse movement set to 127/0[0m
[00:01:06.761,596] [0m<dbg> zmk: zmk_hid_mouse_scroll_set: Mouse scroll set to 0/0[0m
[00:01:06.761,596] [0m<dbg> zmk: zmk_hid_mouse_movement_set: Mouse movement set to 0/0[0m
[00:01:06.769,561] [0m<inf> exp02_logging: XY 66769 -8355840 -8355840[0m
[00:01:06.769,622] [0m<dbg> zmk: zmk_hid_mouse_movement_set: Mouse movement set to 0/0[0m
[00:01:06.769,653] [0m<dbg> zmk: zmk_hid_mouse_scroll_set: Mouse scroll set to 0/0[0m
[00:01:06.769,653] [0m<dbg> zmk: zmk_hid_mouse_movement_set: Mouse movement set to 0/0[0m
[00:01:06.777,496] [0m<inf> exp02_logging: XY 66777 -1052876 -5658138[0m
[00:01:06.777,618] [0m<dbg> zmk: zmk_hid_mouse_movement_set: Mouse movement set to 127/127[0m
[00:01:06.777,648] [0m<dbg> zmk: zmk_hid_mouse_scroll_set: Mouse scroll set to 0/0[0m
[00:01:06.777,648] [0m<dbg> zmk: zmk_hid_mouse_movement_set: Mouse movement set to 0/0[0m
[00:01:06.785,522] [0m<inf> exp02_logging: XY 66785 -8355840 -8355840[0m
[00:01:06.785,644] [0m<dbg> zmk: zmk_hid_mouse_movement_set: Mouse movement set to 0/0[0m
[00:01:06.785,675] [0m<dbg> zmk: zmk_hid_mouse_scroll_set: Mouse scroll set to 0/0[0m
[00:01:06.785,675] [0m<dbg> zmk: zmk_hid_mouse_movement_set: Mouse movement set to 0/0[0m
[00:01:06.793,640] [0m<inf> exp02_logging: XY 66793 -8355840 -6184641[0m
[00:01:06.793,701] [0m<dbg> zmk: zmk_hid_mouse_movement_set: Mouse movement set to 0/127[0m
[00:01:06.793,731] [0m<dbg> zmk: zmk_hid_mouse_scroll_set: Mouse scroll set to 0/0[0m
[00:01:06.793,731] [0m<dbg> zmk: zmk_hid_mouse_movement_set: Mouse movement set to 0/0[0m
[00:01:06.801,574] [0m<inf> exp02_logging: XY 66801 -7171333 -8355840[0m
[00:01:06.801,696] [0m<dbg> zmk: zmk_hid_mouse_movement_set: Mouse movement set to 127/0[0m
[00:01:06.801,727] [0m<dbg> zmk: zmk_hid_mouse_scroll_set: Mouse scroll set to 0/0[0m
[00:01:06.801,727] [0m<dbg> zmk: zmk_hid_mouse_movement_set: Mouse movement set to 0/0[0m
[00:01:06.809,600] [0m<inf> exp02_logging: XY 66809 -8355840 -8355840[0m
[00:01:06.809,692] [0m<dbg> zmk: zmk_hid_mouse_movement_set: Mouse movement set to 0/0[0m
[00:01:06.809,692] [0m<dbg> zmk: zmk_hid_mouse_scroll_set: Mouse scroll set to 0/0[0m
[00:01:06.809,722] [0m<dbg> zmk: zmk_hid_mouse_movement_set: Mouse movement set to 0/0[0m
[00:01:06.817,718] [0m<inf> exp02_logging: XY 66817 -3487109 -6184637[0m
[00:01:06.817,840] [0m<dbg> zmk: zmk_hid_mouse_movement_set: Mouse movement set to 127/127[0m
[00:01:06.817,871] [0m<dbg> zmk: zmk_hid_mouse_scroll_set: Mouse scroll set to 0/0[0m
[00:01:06.817,871] [0m<dbg> zmk: zmk_hid_mouse_movement_set: Mouse movement set to 0/0[0m
[00:01:06.825,653] [0m<inf> exp02_logging: XY 66825 -8355840 -8355840[0m
[00:01:06.825,775] [0m<dbg> zmk: zmk_hid_mouse_movement_set: Mouse movement set to 0/0[0m
[00:01:06.825,775] [0m<dbg> zmk: zmk_hid_mouse_scroll_set: Mouse scroll set to 0/0[0m
[00:01:06.825,805] [0m<dbg> zmk: zmk_hid_mouse_movement_set: Mouse movement set to 0/0[0m
[00:01:06.833,679] [0m<inf> exp02_logging: XY 66833 -8355840 -5789868[0m
[00:01:06.833,770] [0m<dbg> zmk: zmk_hid_mouse_movement_set: Mouse movement set to 0/127[0m
[00:01:06.833,801] [0m<dbg> zmk: zmk_hid_mouse_scroll_set: Mouse scroll set to 0/0[0m
[00:01:06.833,801] [0m<dbg> zmk: zmk_hid_mouse_movement_set: Mouse movement set to 0/0[0m
[00:01:06.841,796] [0m<inf> exp02_logging: XY 66841 -8289910 -8355840[0m
[00:01:06.841,918] [0m<dbg> zmk: zmk_hid_mouse_movement_set: Mouse movement set to 12/0[0m
[00:01:06.841,918] [0m<dbg> zmk: zmk_hid_mouse_scroll_set: Mouse scroll set to 0/0[0m
[00:01:06.841,949] [0m<dbg> zmk: zmk_hid_mouse_movement_set: Mouse movement set to 0/0[0m
[00:01:06.849,731] [0m<inf> exp02_logging: XY 66849 -8355840 -8355840[0m
[00:01:06.849,822] [0m<dbg> zmk: zmk_hid_mouse_movement_set: Mouse movement set to 0/0[0m
[00:01:06.849,822] [0m<dbg> zmk: zmk_hid_mouse_scroll_set: Mouse scroll set to 0/0[0m
[00:01:06.849,853] [0m<dbg> zmk: zmk_hid_mouse_movement_set: Mouse movement set to 0/0[0m
[00:01:06.857,757] [0m<inf> exp02_logging: XY 66857 -3421283 -6382053[0m
[00:01:06.857,910] [0m<dbg> zmk: zmk_hid_mouse_movement_set: Mouse movement set to 127/127[0m
[00:01:06.857,910] [0m<dbg> zmk: zmk_hid_mouse_scroll_set: Mouse scroll set to 0/0[0m
[00:01:06.857,940] [0m<dbg> zmk: zmk_hid_mouse_movement_set: Mouse movement set to 0/0[0m
[00:01:06.865,875] [0m<inf> exp02_logging: XY 66865 -8355840 -8355840[0m
[00:01:06.865,966] [0m<dbg> zmk: zmk_hid_mouse_movement_set: Mouse movement set to 0/0[0m
[00:01:06.865,997] [0m<dbg> zmk: zmk_hid_mouse_scroll_set: Mouse scroll set to 0/0[0m
[00:01:06.866,027] [0m<dbg> zmk: zmk_hid_mouse_movement_set: Mouse movement set to 0/0[0m
[00:01:06.873,809] [0m<inf> exp02_logging: XY 66873 -8355840 -4934477[0m
[00:01:06.873,901] [0m<dbg> zmk: zmk_hid_mouse_movement_set: Mouse movement set to 0/127[0m
[00:01:06.873,901] [0m<dbg> zmk: zmk_hid_mouse_scroll_set: Mouse scroll set to 0/0[0m
[00:01:06.873,931] [0m<dbg> zmk: zmk_hid_mouse_movement_set: Mouse movement set to 0/0[0m
[00:01:06.881,835] [0m<inf> exp02_logging: XY 66881 -8355701 -8355840[0m
[00:01:06.881,927] [0m<dbg> zmk: zmk_hid_mouse_movement_set: Mouse movement set to 0/0[0m
[00:01:06.881,958] [0m<dbg> zmk: zmk_hid_mouse_scroll_set: Mouse scroll set to 0/0[0m
[00:01:06.881,958] [0m<dbg> zmk: zmk_hid_mouse_movement_set: Mouse movement set to 0/0[0m
[00:01:06.889,953] [0m<inf> exp02_logging: XY 66889 -8355840 -8355840[0m
[00:01:06.897,918] [0m<inf> exp02_logging: XY 66897 -2829061 -6842463[0m
[00:01:06.898,040] [0m<dbg> zmk: zmk_hid_mouse_movement_set: Mouse movement set to 127/127[0m
[00:01:06.898,071] [0m<dbg> zmk: zmk_hid_mouse_scroll_set: Mouse scroll set to 0/0[0m
[00:01:06.898,071] [0m<dbg> zmk: zmk_hid_mouse_movement_set: Mouse movement set to 0/0[0m
[00:01:06.906,005] [0m<inf> exp02_logging: XY 66905 -8355840 -8355840[0m
[00:01:06.906,097] [0m<dbg> zmk: zmk_hid_mouse_movement_set: Mouse movement set to 0/0[0m
[00:01:06.906,127] [0m<dbg> zmk: zmk_hid_mouse_scroll_set: Mouse scroll set to 0/0[0m
[00:01:06.906,158] [0m<dbg> zmk: zmk_hid_mouse_movement_set: Mouse movement set to 0/0[0m
[00:01:06.913,940] [0m<inf> exp02_logging: XY 66913 -8355840 -1052726[0m
[00:01:06.914,031] [0m<dbg> zmk: zmk_hid_mouse_movement_set: Mouse movement set to 0/127[0m
[00:01:06.914,031] [0m<dbg> zmk: zmk_hid_mouse_scroll_set: Mouse scroll set to 0/0[0m
[00:01:06.914,062] [0m<dbg> zmk: zmk_hid_mouse_movement_set: Mouse movement set to 0/0[0m
[00:01:06.921,966] [0m<inf> exp02_logging: XY 66921 -8355840 -8355840[0m
[00:01:06.922,058] [0m<dbg> zmk: zmk_hid_mouse_movement_set: Mouse movement set to 0/0[0m
[00:01:06.922,058] [0m<dbg> zmk: zmk_hid_mouse_scroll_set: Mouse scroll set to 0/0[0m
[00:01:06.922,088] [0m<dbg> zmk: zmk_hid_mouse_movement_set: Mouse movement set to 0/0[0m
[00:01:06.930,084] [0m<inf> exp02_logging: XY 66930 -8355840 -8355840[0m
[00:01:06.938,049] [0m<inf> exp02_logging: XY 66938 -2368686 -6974173[0m
[00:01:06.938,171] [0m<dbg> zmk: zmk_hid_mouse_movement_set: Mouse movement set to 127/127[0m
[00:01:06.938,201] [0m<dbg> zmk: zmk_hid_mouse_scroll_set: Mouse scroll set to 0/0[0m
[00:01:06.938,201] [0m<dbg> zmk: zmk_hid_mouse_movement_set: Mouse movement set to 0/0[0m
[00:01:06.946,136] [0m<inf> exp02_logging: XY 66946 -8355840 -8355840[0m
[00:01:06.946,228] [0m<dbg> zmk: zmk_hid_mouse_movement_set: Mouse movement set to 0/0[0m
[00:01:06.946,258] [0m<dbg> zmk: zmk_hid_mouse_scroll_set: Mouse scroll set to 0/0[0m
[00:01:06.946,289] [0m<dbg> zmk: zmk_hid_mouse_movement_set: Mouse movement set to 0/0[0m
[00:01:06.954,071] [0m<inf> exp02_logging: XY 66954 -8355840 -3289642[0m
[00:01:06.954,162] [0m<dbg> zmk: zmk_hid_mouse_movement_set: Mouse movement set to 0/127[0m
[00:01:06.954,162] [0m<dbg> zmk: zmk_hid_mouse_scroll_set: Mouse scroll set to 0/0[0m
[00:01:06.954,193] [0m<dbg> zmk: zmk_hid_mouse_movement_set: Mouse movement set to 0/0[0m
[00:01:06.962,097] [0m<inf> exp02_logging: XY 66962 -8355840 -8355840[0m
[00:01:06.962,188] [0m<dbg> zmk: zmk_hid_mouse_movement_set: Mouse movement set to 0/0[0m
[00:01:06.962,188] [0m<dbg> zmk: zmk_hid_mouse_scroll_set: Mouse scroll set to 0/0[0m
[00:01:06.962,219] [0m<dbg> zmk: zmk_hid_mouse_movement_set: Mouse movement set to 0/0[0m
[00:01:06.970,214] [0m<inf> exp02_logging: XY 66970 -8355840 -8355840[0m
[00:01:06.978,179] [0m<inf> exp02_logging: XY 66978 -1973914 -7368707[0m
[00:01:06.978,302] [0m<dbg> zmk: zmk_hid_mouse_movement_set: Mouse movement set to 127/127[0m
[00:01:06.978,332] [0m<dbg> zmk: zmk_hid_mouse_scroll_set: Mouse scroll set to 0/0[0m
[00:01:06.978,332] [0m<dbg> zmk: zmk_hid_mouse_movement_set: Mouse movement set to 0/0[0m
[00:01:06.986,267] [0m<inf> exp02_logging: XY 66986 -8355840 -8355840[0m
[00:01:06.986,358] [0m<dbg> zmk: zmk_hid_mouse_movement_set: Mouse movement set to 0/0[0m
[00:01:06.986,389] [0m<dbg> zmk: zmk_hid_mouse_scroll_set: Mouse scroll set to 0/0[0m
[00:01:06.986,419] [0m<dbg> zmk: zmk_hid_mouse_movement_set: Mouse movement set to 0/0[0m
[00:01:06.994,201] [0m<inf> exp02_logging: XY 66994 -8355840 -1052711[0m
[00:01:06.994,293] [0m<dbg> zmk: zmk_hid_mouse_movement_set: Mouse movement set to 0/127[0m
[00:01:06.994,323] [0m<dbg> zmk: zmk_hid_mouse_scroll_set: Mouse scroll set to 0/0[0m
[00:01:06.994,323] [0m<dbg> zmk: zmk_hid_mouse_movement_set: Mouse movement set to 0/0[0m
[00:01:07.002,227] [0m<inf> exp02_logging: XY 67002 -8355840 -8355840[0m
[00:01:07.002,319] [0m<dbg> zmk: zmk_hid_mouse_movement_set: Mouse movement set to 0/0[0m
[00:01:07.002,319] [0m<dbg> zmk: zmk_hid_mouse_scroll_set: Mouse scroll set to 0/0[0m
[00:01:07.002,349] [0m<dbg> zmk: zmk_hid_mouse_movement_set: Mouse movement set to 0/0[0m
[00:01:07.010,345] [0m<inf> exp02_logging: XY 67010 -8355840 -8355840[0m
[00:01:07.018,341] [0m<inf> exp02_logging: XY 67018 -1513308 -8355616[0m
[00:01:07.018,432] [0m<dbg> zmk: zmk_hid_mouse_movement_set: Mouse movement set to 127/0[0m
[00:01:07.018,432] [0m<dbg> zmk: zmk_hid_mouse_scroll_set: Mouse scroll set to 0/0[0m
[00:01:07.018,463] [0m<dbg> zmk: zmk_hid_mouse_movement_set: Mouse movement set to 0/0[0m
[00:01:07.026,397] [0m<inf> exp02_logging: XY 67026 -8355840 -8355840[0m
[00:01:07.026,458] [0m<dbg> zmk: zmk_hid_mouse_movement_set: Mouse movement set to 0/0[0m
[00:01:07.026,489] [0m<dbg> zmk: zmk_hid_mouse_scroll_set: Mouse scroll set to 0/0[0m
[00:01:07.026,489] [0m<dbg> zmk: zmk_hid_mouse_movement_set: Mouse movement set to 0/0[0m
[00:01:07.034,332] [0m<inf> exp02_logging: XY 67034 -8224117 -986989[0m
[00:01:07.034,454] [0m<dbg> zmk: zmk_hid_mouse_movement_set: Mouse movement set to 25/127[0m
[00:01:07.034,484] [0m<dbg> zmk: zmk_hid_mouse_scroll_set: Mouse scroll set to 0/0[0m
[00:01:07.034,484] [0m<dbg> zmk: zmk_hid_mouse_movement_set: Mouse movement set to 0/0[0m
[00:01:07.042,358] [0m<inf> exp02_logging: XY 67042 -8355840 -8355840[0m
[00:01:07.042,480] [0m<dbg> zmk: zmk_hid_mouse_movement_set: Mouse movement set to 0/0[0m
[00:01:07.042,510] [0m<dbg> zmk: zmk_hid_mouse_scroll_set: Mouse scroll set to 0/0[0m
[00:01:07.042,510] [0m<dbg> zmk: zmk_hid_mouse_movement_set: Mouse movement set to 0/0[0m
[00:01:07.050,476] [0m<inf> exp02_logging: XY 67050 -8355840 -8355840[0m
[00:01:07.058,441] [0m<inf> exp02_logging: XY 67058 -789677 -8355701[0m
[00:01:07.058,532] [0m<dbg> zmk: zmk_hid_mouse_movement_set: Mouse movement set to 127/0[0m
[00:01:07.058,563] [0m<dbg> zmk: zmk_hid_mouse_scroll_set: Mouse scroll set to 0/0[0m
[00:01:07.058,563] [0m<dbg> zmk: zmk_hid_mouse_movement_set: Mouse movement set to 0/0[0m
[00:01:07.066,528] [0m<inf> exp02_logging: XY 67066 -8355840 -8355840[0m
[00:01:07.066,589] [0m<dbg> zmk: zmk_hid_mouse_movement_set: Mouse movement set to 0/0[0m
[00:01:07.066,619] [0m<dbg> zmk: zmk_hid_mouse_scroll_set: Mouse scroll set to 0/0[0m
[00:01:07.066,619] [0m<dbg> zmk: zmk_hid_mouse_movement_set: Mouse movement set to 0/0[0m
[00:01:07.074,462] [0m<inf> exp02_logging: XY 67074 -7895234 -1118491[0m
[00:01:07.074,584] [0m<dbg> zmk: zmk_hid_mouse_movement_set: Mouse movement set to 89/127[0m
[00:01:07.074,615] [0m<dbg> zmk: zmk_hid_mouse_scroll_set: Mouse scroll set to 0/0[0m
[00:01:07.074,645] [0m<dbg> zmk: zmk_hid_mouse_movement_set: Mouse movement set to 0/0[0m
[00:01:07.082,489] [0m<inf> exp02_logging: XY 67082 -8355840 -8355840[0m
[00:01:07.082,611] [0m<dbg> zmk: zmk_hid_mouse_movement_set: Mouse movement set to 0/0[0m
[00:01:07.082,641] [0m<dbg> zmk: zmk_hid_mouse_scroll_set: Mouse scroll set to 0/0[0m
[00:01:07.082,641] [0m<dbg> zmk: zmk_hid_mouse_movement_set: Mouse movement set to 0/0[0m
[00:01:07.090,606] [0m<inf> exp02_logging: XY 67090 -8355840 -8355840[0m
[00:01:07.098,571] [0m<inf> exp02_logging: XY 67098 -921105 -8355840[0m
[00:01:07.098,663] [0m<dbg> zmk: zmk_hid_mouse_movement_set: Mouse movement set to 127/0[0m
[00:01:07.098,663] [0m<dbg> zmk: zmk_hid_mouse_scroll_set: Mouse scroll set to 0/0[0m
[00:01:07.098,693] [0m<dbg> zmk: zmk_hid_mouse_movement_set: Mouse movement set to 0/0[0m
[00:01:07.106,658] [0m<inf> exp02_logging: XY 67106 -8355840 -8355840[0m
[00:01:07.106,719] [0m<dbg> zmk: zmk_hid_mouse_movement_set: Mouse movement set to 0/0[0m
[00:01:07.106,750] [0m<dbg> zmk: zmk_hid_mouse_scroll_set: Mouse scroll set to 0/0[0m
[00:01:07.106,750] [0m<dbg> zmk: zmk_hid_mouse_movement_set: Mouse movement set to 0/0[0m
[00:01:07.114,593] [0m<inf> exp02_logging: XY 67114 -7434684 -921139[0m
[00:01:07.114,715] [0m<dbg> zmk: zmk_hid_mouse_movement_set: Mouse movement set to 127/127[0m
[00:01:07.114,746] [0m<dbg> zmk: zmk_hid_mouse_scroll_set: Mouse scroll set to 0/0[0m
[00:01:07.114,746] [0m<dbg> zmk: zmk_hid_mouse_movement_set: Mouse movement set to 0/0[0m
[00:01:07.122,619] [0m<inf> exp02_logging: XY 67122 -8355840 -8355840[0m
[00:01:07.122,741] [0m<dbg> zmk: zmk_hid_mouse_movement_set: Mouse movement set to 0/0[0m
[00:01:07.122,772] [0m<dbg> zmk: zmk_hid_mouse_scroll_set: Mouse scroll set to 0/0[0m
[00:01:07.122,772] [0m<dbg> zmk: zmk_hid_mouse_movement_set: Mouse movement set to 0/0[0m
[00:01:07.130,737] [0m<inf> exp02_logging: XY 67130 -8355840 -8355840[0m
[00:01:07.138,702] [0m<inf> exp02_logging: XY 67138 -789695 -8355840[0m
[00:01:07.138,793] [0m<dbg> zmk: zmk_hid_mouse_movement_set: Mouse movement set to 127/0[0m
[00:01:07.138,793] [0m<dbg> zmk: zmk_hid_mouse_scroll_set: Mouse scroll set to 0/0[0m
[00:01:07.138,824] [0m<dbg> zmk: zmk_hid_mouse_movement_set: Mouse movement set to 0/0[0m
[00:01:07.146,789] [0m<inf> exp02_logging: XY 67146 -8355840 -8355840[0m
[00:01:07.146,850] [0m<dbg> zmk: zmk_hid_mouse_movement_set: Mouse movement set to 0/0[0m
[00:01:07.146,881] [0m<dbg> zmk: zmk_hid_mouse_scroll_set: Mouse scroll set to 0/0[0m
[00:01:07.146,881] [0m<dbg> zmk: zmk_hid_mouse_movement_set: Mouse movement set to 0/0[0m
[00:01:07.154,724] [0m<inf> exp02_logging: XY 67154 -6974199 -921316[0m
[00:01:07.154,846] [0m<dbg> zmk: zmk_hid_mouse_movement_set: Mouse movement set to 127/127[0m
[00:01:07.154,876] [0m<dbg> zmk: zmk_hid_mouse_scroll_set: Mouse scroll set to 0/0[0m
[00:01:07.154,876] [0m<dbg> zmk: zmk_hid_mouse_movement_set: Mouse movement set to 0/0[0m
[00:01:07.162,750] [0m<inf> exp02_logging: XY 67162 -8355840 -8355840[0m
[00:01:07.162,872] [0m<dbg> zmk: zmk_hid_mouse_movement_set: Mouse movement set to 0/0[0m
[00:01:07.162,902] [0m<dbg> zmk: zmk_hid_mouse_scroll_set: Mouse scroll set to 0/0[0m
[00:01:07.162,902] [0m<dbg> zmk: zmk_hid_mouse_movement_set: Mouse movement set to 0/0[0m
[00:01:07.170,867] [0m<inf> exp02_logging: XY 67170 -8355840 -8289935[0m
[00:01:07.170,928] [0m<dbg> zmk: zmk_hid_mouse_movement_set: Mouse movement set to 0/12[0m
[00:01:07.170,959] [0m<dbg> zmk: zmk_hid_mouse_scroll_set: Mouse scroll set to 0/0[0m
[00:01:07.170,989] [0m<dbg> zmk: zmk_hid_mouse_movement_set: Mouse movement set to 0/0[0m
[00:01:07.178,802] [0m<inf> exp02_logging: XY 67178 -1118621 -8355840[0m
[00:01:07.178,924] [0m<dbg> zmk: zmk_hid_mouse_movement_set: Mouse movement set to 127/0[0m
[00:01:07.178,955] [0m<dbg> zmk: zmk_hid_mouse_scroll_set: Mouse scroll set to 0/0[0m
[00:01:07.178,955] [0m<dbg> zmk: zmk_hid_mouse_movement_set: Mouse movement set to 0/0[0m
[00:01:07.186,828] [0m<inf> exp02_logging: XY 67186 -8355840 -8355840[0m
[00:01:07.186,920] [0m<dbg> zmk: zmk_hid_mouse_movement_set: Mouse movement set to 0/0[0m
[00:01:07.186,920] [0m<dbg> zmk: zmk_hid_mouse_scroll_set: Mouse scroll set to 0/0[0m
[00:01:07.186,950] [0m<dbg> zmk: zmk_hid_mouse_movement_set: Mouse movement set to 0/0[0m
[00:01:07.194,946] [0m<inf> exp02_logging: XY 67194 -6579203 -855407[0m
[00:01:07.195,068] [0m<dbg> zmk: zmk_hid_mouse_movement_set: Mouse movement set to 127/127[0m
[00:01:07.195,068] [0m<dbg> zmk: zmk_hid_mouse_scroll_set: Mouse scroll set to 0/0[0m
[00:01:07.195,098] [0m<dbg> zmk: zmk_hid_mouse_movement_set: Mouse movement set to 0/0[0m
[00:01:07.202,880] [0m<inf> exp02_logging: XY 67202 -8355840 -8355840[0m
[00:01:07.203,002] [0m<dbg> zmk: zmk_hid_mouse_movement_set: Mouse movement set to 0/0[0m
[00:01:07.203,002] [0m<dbg> zmk: zmk_hid_mouse_scroll_set: Mouse scroll set to 0/0[0m
[00:01:07.203,033] [0m<dbg> zmk: zmk_hid_mouse_movement_set: Mouse movement set to 0/0[0m
[00:01:07.210,906] [0m<inf> exp02_logging: XY 67210 -8355840 -8092443[0m
[00:01:07.210,998] [0m<dbg> zmk: zmk_hid_mouse_movement_set: Mouse movement set to 0/51[0m
[00:01:07.210,998] [0m<dbg> zmk: zmk_hid_mouse_scroll_set: Mouse scroll set to 0/0[0m
[00:01:07.211,029] [0m<dbg> zmk: zmk_hid_mouse_movement_set: Mouse movement set to 0/0[0m
[00:01:07.219,024] [0m<inf> exp02_logging: XY 67219 -1644837 -8355840[0m
[00:01:07.219,146] [0m<dbg> zmk: zmk_hid_mouse_movement_set: Mouse movement set to 127/0[0m
[00:01:07.219,146] [0m<dbg> zmk: zmk_hid_mouse_scroll_set: Mouse scroll set to 0/0[0m
[00:01:07.219,177] [0m<dbg> zmk: zmk_hid_mouse_movement_set: Mouse movement set to 0/0[0m
[00:01:07.226,959] [0m<inf> exp02_logging: XY 67226 -8355840 -8355840[0m
[00:01:07.227,050] [0m<dbg> zmk: zmk_hid_mouse_movement_set: Mouse movement set to 0/0[0m
[00:01:07.227,050] [0m<dbg> zmk: zmk_hid_mouse_scroll_set: Mouse scroll set to 0/0[0m
[00:01:07.227,081] [0m<dbg> zmk: zmk_hid_mouse_movement_set: Mouse movement set to 0/0[0m
[00:01:07.234,985] [0m<inf> exp02_logging: XY 67234 -5263437 -789613[0m
[00:01:07.235,137] [0m<dbg> zmk: zmk_hid_mouse_movement_set: Mouse movement set to 127/127[0m
[00:01:07.235,137] [0m<dbg> zmk: zmk_hid_mouse_scroll_set: Mouse scroll set to 0/0[0m
[00:01:07.235,168] [0m<dbg> zmk: zmk_hid_mouse_movement_set: Mouse movement set to 0/0[0m
[00:01:07.243,103] [0m<inf> exp02_logging: XY 67243 -8355840 -8355840[0m
[00:01:07.243,194] [0m<dbg> zmk: zmk_hid_mouse_movement_set: Mouse movement set to 0/0[0m
[00:01:07.243,225] [0m<dbg> zmk: zmk_hid_mouse_scroll_set: Mouse scroll set to 0/0[0m
[00:01:07.243,225] [0m<dbg> zmk: zmk_hid_mouse_movement_set: Mouse movement set to 0/0[0m
[00:01:07.251,037] [0m<inf> exp02_logging: XY 67251 -8355840 -7434642[0m
[00:01:07.251,129] [0m<dbg> zmk: zmk_hid_mouse_movement_set: Mouse movement set to 0/127[0m
[00:01:07.251,129] [0m<dbg> zmk: zmk_hid_mouse_scroll_set: Mouse scroll set to 0/0[0m
[00:01:07.251,159] [0m<dbg> zmk: zmk_hid_mouse_movement_set: Mouse movement set to 0/0[0m
[00:01:07.259,063] [0m<inf> exp02_logging: XY 67259 -1644837 -8355840[0m
[00:01:07.259,185] [0m<dbg> zmk: zmk_hid_mouse_movement_set: Mouse movement set to 127/0[0m
[00:01:07.259,216] [0m<dbg> zmk: zmk_hid_mouse_scroll_set: Mouse scroll set to 0/0[0m
[00:01:07.259,216] [0m<dbg> zmk: zmk_hid_mouse_movement_set: Mouse movement set to 0/0[0m
[00:01:07.267,181] [0m<inf> exp02_logging: XY 67267 -8355840 -8355840[0m
[00:01:07.267,242] [0m<dbg> zmk: zmk_hid_mouse_movement_set: Mouse movement set to 0/0[0m
[00:01:07.267,272] [0m<dbg> zmk: zmk_hid_mouse_scroll_set: Mouse scroll set to 0/0[0m
[00:01:07.267,272] [0m<dbg> zmk: zmk_hid_mouse_movement_set: Mouse movement set to 0/0[0m
[00:01:07.275,115] [0m<inf> exp02_logging: XY 67275 -4473911 -789535[0m
[00:01:07.275,238] [0m<dbg> zmk: zmk_hid_mouse_movement_set: Mouse movement set to 127/127[0m
[00:01:07.275,268] [0m<dbg> zmk: zmk_hid_mouse_scroll_set: Mouse scroll set to 0/0[0m
[00:01:07.275,268] [0m<dbg> zmk: zmk_hid_mouse_movement_set: Mouse movement set to 0/0[0m
[00:01:07.283,142] [0m<inf> exp02_logging: XY 67283 -8355840 -8355840[0m
[00:01:07.283,264] [0m<dbg> zmk: zmk_hid_mouse_movement_set: Mouse movement set to 0/0[0m
[00:01:07.283,294] [0m<dbg> zmk: zmk_hid_mouse_scroll_set: Mouse scroll set to 0/0[0m
[00:01:07.283,294] [0m<dbg> zmk: zmk_hid_mouse_movement_set: Mouse movement set to 0/0[0m
[00:01:07.291,259] [0m<inf> exp02_logging: XY 67291 -8355840 -6184637[0m
[00:01:07.291,320] [0m<dbg> zmk: zmk_hid_mouse_movement_set: Mouse movement set to 0/127[0m
[00:01:07.291,351] [0m<dbg> zmk: zmk_hid_mouse_scroll_set: Mouse scroll set to 0/0[0m
[00:01:07.291,351] [0m<dbg> zmk: zmk_hid_mouse_movement_set: Mouse movement set to 0/0[0m
[00:01:07.299,194] [0m<inf> exp02_logging: XY 67299 -2105503 -8355840[0m
[00:01:07.299,316] [0m<dbg> zmk: zmk_hid_mouse_movement_set: Mouse movement set to 127/0[0m
[00:01:07.299,346] [0m<dbg> zmk: zmk_hid_mouse_scroll_set: Mouse scroll set to 0/0[0m
[00:01:07.299,346] [0m<dbg> zmk: zmk_hid_mouse_movement_set: Mouse movement set to 0/0[0m
[00:01:07.307,220] [0m<inf> exp02_logging: XY 67307 -8355840 -8355840[0m
[00:01:07.307,312] [0m<dbg> zmk: zmk_hid_mouse_movement_set: Mouse movement set to 0/0[0m
[00:01:07.307,312] [0m<dbg> zmk: zmk_hid_mouse_scroll_set: Mouse scroll set to 0/0[0m
[00:01:07.307,342] [0m<dbg> zmk: zmk_hid_mouse_movement_set: Mouse movement set to 0/0[0m
[00:01:07.315,338] [0m<inf> exp02_logging: XY 67315 -3618628 -987080[0m
[00:01:07.315,460] [0m<dbg> zmk: zmk_hid_mouse_movement_set: Mouse movement set to 127/127[0m
[00:01:07.315,460] [0m<dbg> zmk: zmk_hid_mouse_scroll_set: Mouse scroll set to 0/0[0m
[00:01:07.315,490] [0m<dbg> zmk: zmk_hid_mouse_movement_set: Mouse movement set to 0/0[0m
[00:01:07.323,272] [0m<inf> exp02_logging: XY 67323 -8355840 -8355840[0m
[00:01:07.323,394] [0m<dbg> zmk: zmk_hid_mouse_movement_set: Mouse movement set to 0/0[0m
[00:01:07.323,394] [0m<dbg> zmk: zmk_hid_mouse_scroll_set: Mouse scroll set to 0/0[0m
[00:01:07.323,425] [0m<dbg> zmk: zmk_hid_mouse_movement_set: Mouse movement set to 0/0[0m
[00:01:07.331,298] [0m<inf> exp02_logging: XY 67331 -8355840 -5724020[0m
[00:01:07.331,390] [0m<dbg> zmk: zmk_hid_mouse_movement_set: Mouse movement set to 0/127[0m
[00:01:07.331,420] [0m<dbg> zmk: zmk_hid_mouse_scroll_set: Mouse scroll set to 0/0[0m
[00:01:07.331,420] [0m<dbg> zmk: zmk_hid_mouse_movement_set: Mouse movement set to 0/0[0m
[00:01:07.339,416] [0m<inf> exp02_logging: XY 67339 -2631747 -8355840[0m
[00:01:07.339,538] [0m<dbg> zmk: zmk_hid_mouse_movement_set: Mouse movement set to 127/0[0m
[00:01:07.339,538] [0m<dbg> zmk: zmk_hid_mouse_scroll_set: Mouse scroll set to 0/0[0m
[00:01:07.339,569] [0m<dbg> zmk: zmk_hid_mouse_movement_set: Mouse movement set to 0/0[0m
[00:01:07.347,351] [0m<inf> exp02_logging: XY 67347 -8355840 -8355840[0m
[00:01:07.347,442] [0m<dbg> zmk: zmk_hid_mouse_movement_set: Mouse movement set to 0/0[0m
[00:01:07.347,442] [0m<dbg> zmk: zmk_hid_mouse_scroll_set: Mouse scroll set to 0/0[0m
[00:01:07.347,473] [0m<dbg> zmk: zmk_hid_mouse_movement_set: Mouse movement set to 0/0[0m
[00:01:07.355,377] [0m<inf> exp02_logging: XY 67355 -3223879 -1381679[0m
[00:01:07.355,529] [0m<dbg> zmk: zmk_hid_mouse_movement_set: Mouse movement set to 127/127[0m
[00:01:07.355,529] [0m<dbg> zmk: zmk_hid_mouse_scroll_set: Mouse scroll set to 0/0[0m
[00:01:07.355,560] [0m<dbg> zmk: zmk_hid_mouse_movement_set: Mouse movement set to 0/0[0m
[00:01:07.363,494] [0m<inf> exp02_logging: XY 67363 -8355840 -8355840[0m
[00:01:07.363,586] [0m<dbg> zmk: zmk_hid_mouse_movement_set: Mouse movement set to 0/0[0m
[00:01:07.363,616] [0m<dbg> zmk: zmk_hid_mouse_scroll_set: Mouse scroll set to 0/0[0m
[00:01:07.363,616] [0m<dbg> zmk: zmk_hid_mouse_movement_set: Mouse movement set to 0/0[0m
[00:01:07.371,429] [0m<inf> exp02_logging: XY 67371 -8355840 -5000394[0m
[00:01:07.371,520] [0m<dbg> zmk: zmk_hid_mouse_movement_set: Mouse movement set to 0/127[0m
[00:01:07.371,520] [0m<dbg> zmk: zmk_hid_mouse_scroll_set: Mouse scroll set to 0/0[0m
[00:01:07.371,551] [0m<dbg> zmk: zmk_hid_mouse_movement_set: Mouse movement set to 0/0[0m
[00:01:07.379,455] [0m<inf> exp02_logging: XY 67379 -2829077 -8355840[0m
[00:01:07.379,577] [0m<dbg> zmk: zmk_hid_mouse_movement_set: Mouse movement set to 127/0[0m
[00:01:07.379,608] [0m<dbg> zmk: zmk_hid_mouse_scroll_set: Mouse scroll set to 0/0[0m
[00:01:07.379,608] [0m<dbg> zmk: zmk_hid_mouse_movement_set: Mouse movement set to 0/0[0m
[00:01:07.387,573] [0m<inf> exp02_logging: XY 67387 -8355840 -8355840[0m
[00:01:07.387,634] [0m<dbg> zmk: zmk_hid_mouse_movement_set: Mouse movement set to 0/0[0m
[00:01:07.387,664] [0m<dbg> zmk: zmk_hid_mouse_scroll_set: Mouse scroll set to 0/0[0m
[00:01:07.387,664] [0m<dbg> zmk: zmk_hid_mouse_movement_set: Mouse movement set to 0/0[0m
[00:01:07.395,507] [0m<inf> exp02_logging: XY 67395 -2631773 -1579131[0m
[00:01:07.395,629] [0m<dbg> zmk: zmk_hid_mouse_movement_set: Mouse movement set to 127/127[0m
[00:01:07.395,660] [0m<dbg> zmk: zmk_hid_mouse_scroll_set: Mouse scroll set to 0/0[0m
[00:01:07.395,660] [0m<dbg> zmk: zmk_hid_mouse_movement_set: Mouse movement set to 0/0[0m
[00:01:07.403,533] [0m<inf> exp02_logging: XY 67403 -8355840 -8355840[0m
[00:01:07.403,656] [0m<dbg> zmk: zmk_hid_mouse_movement_set: Mouse movement set to 0/0[0m
[00:01:07.403,686] [0m<dbg> zmk: zmk_hid_mouse_scroll_set: Mouse scroll set to 0/0[0m
[00:01:07.403,686] [0m<dbg> zmk: zmk_hid_mouse_movement_set: Mouse movement set to 0/0[0m
[00:01:07.411,651] [0m<inf> exp02_logging: XY 67411 -8355840 -4145013[0m
[00:01:07.411,712] [0m<dbg> zmk: zmk_hid_mouse_movement_set: Mouse movement set to 0/127[0m
[00:01:07.411,743] [0m<dbg> zmk: zmk_hid_mouse_scroll_set: Mouse scroll set to 0/0[0m
[00:01:07.411,773] [0m<dbg> zmk: zmk_hid_mouse_movement_set: Mouse movement set to 0/0[0m
[00:01:07.419,586] [0m<inf> exp02_logging: XY 67419 -3158118 -8355840[0m
[00:01:07.419,708] [0m<dbg> zmk: zmk_hid_mouse_movement_set: Mouse movement set to 127/0[0m
[00:01:07.419,738] [0m<dbg> zmk: zmk_hid_mouse_scroll_set: Mouse scroll set to 0/0[0m
[00:01:07.419,738] [0m<dbg> zmk: zmk_hid_mouse_movement_set: Mouse movement set to 0/0[0m
[00:01:07.427,612] [0m<inf> exp02_logging: XY 67427 -8355840 -8355840[0m
[00:01:07.427,703] [0m<dbg> zmk: zmk_hid_mouse_movement_set: Mouse movement set to 0/0[0m
[00:01:07.427,703] [0m<dbg> zmk: zmk_hid_mouse_scroll_set: Mouse scroll set to 0/0[0m
[00:01:07.427,734] [0m<dbg> zmk: zmk_hid_mouse_movement_set: Mouse movement set to 0/0[0m
[00:01:07.435,729] [0m<inf> exp02_logging: XY 67435 -1973772 -2105460[0m
[00:01:07.435,852] [0m<dbg> zmk: zmk_hid_mouse_movement_set: Mouse movement set to 127/127[0m
[00:01:07.435,852] [0m<dbg> zmk: zmk_hid_mouse_scroll_set: Mouse scroll set to 0/0[0m
[00:01:07.435,882] [0m<dbg> zmk: zmk_hid_mouse_movement_set: Mouse movement set to 0/0[0m
[00:01:07.443,664] [0m<inf> exp02_logging: XY 67443 -8355840 -8355840[0m
[00:01:07.443,786] [0m<dbg> zmk: zmk_hid_mouse_movement_set: Mouse movement set to 0/0[0m
[00:01:07.443,786] [0m<dbg> zmk: zmk_hid_mouse_scroll_set: Mouse scroll set to 0/0[0m
[00:01:07.443,817] [0m<dbg> zmk: zmk_hid_mouse_movement_set: Mouse movement set to 0/0[0m
[00:01:07.451,690] [0m<inf> exp02_logging: XY 67451 -8355840 -3552898[0m
[00:01:07.451,782] [0m<dbg> zmk: zmk_hid_mouse_movement_set: Mouse movement set to 0/127[0m
[00:01:07.451,812] [0m<dbg> zmk: zmk_hid_mouse_scroll_set: Mouse scroll set to 0/0[0m
[00:01:07.451,812] [0m<dbg> zmk: zmk_hid_mouse_movement_set: Mouse movement set to 0/0[0m
[00:01:07.459,808] [0m<inf> exp02_logging: XY 67459 -3618613 -8355840[0m
[00:01:07.459,930] [0m<dbg> zmk: zmk_hid_mouse_movement_set: Mouse movement set to 127/0[0m
[00:01:07.459,930] [0m<dbg> zmk: zmk_hid_mouse_scroll_set: Mouse scroll set to 0/0[0m
[00:01:07.459,960] [0m<dbg> zmk: zmk_hid_mouse_movement_set: Mouse movement set to 0/0[0m
[00:01:07.467,742] [0m<inf> exp02_logging: XY 67467 -8355840 -8355840[0m
[00:01:07.467,834] [0m<dbg> zmk: zmk_hid_mouse_movement_set: Mouse movement set to 0/0[0m
[00:01:07.467,834] [0m<dbg> zmk: zmk_hid_mouse_scroll_set: Mouse scroll set to 0/0[0m
[00:01:07.467,864] [0m<dbg> zmk: zmk_hid_mouse_movement_set: Mouse movement set to 0/0[0m
[00:01:07.475,769] [0m<inf> exp02_logging: XY 67475 -987113 -2105588[0m
[00:01:07.475,921] [0m<dbg> zmk: zmk_hid_mouse_movement_set: Mouse movement set to 127/127[0m
[00:01:07.475,921] [0m<dbg> zmk: zmk_hid_mouse_scroll_set: Mouse scroll set to 0/0[0m
[00:01:07.475,952] [0m<dbg> zmk: zmk_hid_mouse_movement_set: Mouse movement set to 0/0[0m
[00:01:07.483,886] [0m<inf> exp02_logging: XY 67483 -8355840 -8355840[0m
[00:01:07.483,978] [0m<dbg> zmk: zmk_hid_mouse_movement_set: Mouse movement set to 0/0[0m
[00:01:07.484,008] [0m<dbg> zmk: zmk_hid_mouse_scroll_set: Mouse scroll set to 0/0[0m
[00:01:07.484,008] [0m<dbg> zmk: zmk_hid_mouse_movement_set: Mouse movement set to 0/0[0m
[00:01:07.491,851] [0m<inf> exp02_logging: XY 67491 -8355840 -2697498[0m
[00:01:07.491,912] [0m<dbg> zmk: zmk_hid_mouse_movement_set: Mouse movement set to 0/127[0m
[00:01:07.491,943] [0m<dbg> zmk: zmk_hid_mouse_scroll_set: Mouse scroll set to 0/0[0m
[00:01:07.491,943] [0m<dbg> zmk: zmk_hid_mouse_movement_set: Mouse movement set to 0/0[0m
[00:01:07.499,847] [0m<inf> exp02_logging: XY 67499 -3816114 -8355840[0m
[00:01:07.499,969] [0m<dbg> zmk: zmk_hid_mouse_movement_set: Mouse movement set to 127/0[0m
[00:01:07.500,000] [0m<dbg> zmk: zmk_hid_mouse_scroll_set: Mouse scroll set to 0/0[0m
[00:01:07.500,000] [0m<dbg> zmk: zmk_hid_mouse_movement_set: Mouse movement set to 0/0[0m
[00:01:07.507,965] [0m<inf> exp02_logging: XY 67507 -8355840 -8355840[0m
[00:01:07.508,026] [0m<dbg> zmk: zmk_hid_mouse_movement_set: Mouse movement set to 0/0[0m
[00:01:07.508,056] [0m<dbg> zmk: zmk_hid_mouse_scroll_set: Mouse scroll set to 0/0[0m
[00:01:07.508,056] [0m<dbg> zmk: zmk_hid_mouse_movement_set: Mouse movement set to 0/0[0m
[00:01:07.515,930] [0m<inf> exp02_logging: XY 67515 -855360 -2434501[0m
[00:01:07.516,052] [0m<dbg> zmk: zmk_hid_mouse_movement_set: Mouse movement set to 127/127[0m
[00:01:07.516,052] [0m<dbg> zmk: zmk_hid_mouse_scroll_set: Mouse scroll set to 0/0[0m
[00:01:07.516,082] [0m<dbg> zmk: zmk_hid_mouse_movement_set: Mouse movement set to 0/0[0m
[00:01:07.523,925] [0m<inf> exp02_logging: XY 67523 -8355840 -8355840[0m
[00:01:07.524,047] [0m<dbg> zmk: zmk_hid_mouse_movement_set: Mouse movement set to 0/0[0m
[00:01:07.524,078] [0m<dbg> zmk: zmk_hid_mouse_scroll_set: Mouse scroll set to 0/0[0m
[00:01:07.524,078] [0m<dbg> zmk: zmk_hid_mouse_movement_set: Mouse movement set to 0/0[0m
[00:01:07.532,043] [0m<inf> exp02_logging: XY 67532 -8355840 -1184267[0m
[00:01:07.532,104] [0m<dbg> zmk: zmk_hid_mouse_movement_set: Mouse movement set to 0/127[0m
[00:01:07.532,135] [0m<dbg> zmk: zmk_hid_mouse_scroll_set: Mouse scroll set to 0/0[0m
[00:01:07.532,165] [0m<dbg> zmk: zmk_hid_mouse_movement_set: Mouse movement set to 0/0[0m
[00:01:07.539,978] [0m<inf> exp02_logging: XY 67539 -4276482 -8355840[0m
[00:01:07.540,100] [0m<dbg> zmk: zmk_hid_mouse_movement_set: Mouse movement set to 127/0[0m
[00:01:07.540,130] [0m<dbg> zmk: zmk_hid_mouse_scroll_set: Mouse scroll set to 0/0[0m
[00:01:07.540,130] [0m<dbg> zmk: zmk_hid_mouse_movement_set: Mouse movement set to 0/0[0m
[00:01:07.548,004] [0m<inf> exp02_logging: XY 67548 -8355840 -8355840[0m
[00:01:07.548,095] [0m<dbg> zmk: zmk_hid_mouse_movement_set: Mouse movement set to 0/0[0m
[00:01:07.548,095] [0m<dbg> zmk: zmk_hid_mouse_scroll_set: Mouse scroll set to 0/0[0m
[00:01:07.548,126] [0m<dbg> zmk: zmk_hid_mouse_movement_set: Mouse movement set to 0/0[0m
[00:01:07.556,121] [0m<inf> exp02_logging: XY 67556 -658169 -2960787[0m
[00:01:07.556,243] [0m<dbg> zmk: zmk_hid_mouse_movement_set: Mouse movement set to 127/127[0m
[00:01:07.556,274] [0m<dbg> zmk: zmk_hid_mouse_scroll_set: Mouse scroll set to 0/0[0m
[00:01:07.556,274] [0m<dbg> zmk: zmk_hid_mouse_movement_set: Mouse movement set to 0/0[0m
[00:01:07.564,056] [0m<inf> exp02_logging: XY 67564 -8355840 -8355840[0m
[00:01:07.564,178] [0m<dbg> zmk: zmk_hid_mouse_movement_set: Mouse movement set to 0/0[0m
[00:01:07.564,178] [0m<dbg> zmk: zmk_hid_mouse_scroll_set: Mouse scroll set to 0/0[0m
[00:01:07.564,208] [0m<dbg> zmk: zmk_hid_mouse_movement_set: Mouse movement set to 0/0[0m
[00:01:07.572,082] [0m<inf> exp02_logging: XY 67572 -8355840 -789593[0m
[00:01:07.572,174] [0m<dbg> zmk: zmk_hid_mouse_movement_set: Mouse movement set to 0/127[0m
[00:01:07.572,204] [0m<dbg> zmk: zmk_hid_mouse_scroll_set: Mouse scroll set to 0/0[0m
[00:01:07.572,204] [0m<dbg> zmk: zmk_hid_mouse_movement_set: Mouse movement set to 0/0[0m
[00:01:07.580,200] [0m<inf> exp02_logging: XY 67580 -4868644 -8355840[0m
[00:01:07.580,322] [0m<dbg> zmk: zmk_hid_mouse_movement_set: Mouse movement set to 127/0[0m
[00:01:07.580,322] [0m<dbg> zmk: zmk_hid_mouse_scroll_set: Mouse scroll set to 0/0[0m
[00:01:07.580,352] [0m<dbg> zmk: zmk_hid_mouse_movement_set: Mouse movement set to 0/0[0m
[00:01:07.588,134] [0m<inf> exp02_logging: XY 67588 -8355840 -8355840[0m
[00:01:07.588,195] [0m<dbg> zmk: zmk_hid_mouse_movement_set: Mouse movement set to 0/0[0m
[00:01:07.588,226] [0m<dbg> zmk: zmk_hid_mouse_scroll_set: Mouse scroll set to 0/0[0m
[00:01:07.588,256] [0m<dbg> zmk: zmk_hid_mouse_movement_set: Mouse movement set to 0/0[0m
[00:01:07.596,160] [0m<inf> exp02_logging: XY 67596 -592299 -3289615[0m
[00:01:07.596,282] [0m<dbg> zmk: zmk_hid_mouse_movement_set: Mouse movement set to 127/127[0m
[00:01:07.596,313] [0m<dbg> zmk: zmk_hid_mouse_scroll_set: Mouse scroll set to 0/0[0m
[00:01:07.596,343] [0m<dbg> zmk: zmk_hid_mouse_movement_set: Mouse movement set to 0/0[0m
[00:01:07.604,278] [0m<inf> exp02_logging: XY 67604 -8355840 -8355840[0m
[00:01:07.604,370] [0m<dbg> zmk: zmk_hid_mouse_movement_set: Mouse movement set to 0/0[0m
[00:01:07.604,400] [0m<dbg> zmk: zmk_hid_mouse_scroll_set: Mouse scroll set to 0/0[0m
[00:01:07.604,400] [0m<dbg> zmk: zmk_hid_mouse_movement_set: Mouse movement set to 0/0[0m
[00:01:07.612,243] [0m<inf> exp02_logging: XY 67612 -8355840 -658142[0m
[00:01:07.612,335] [0m<dbg> zmk: zmk_hid_mouse_movement_set: Mouse movement set to 0/127[0m
[00:01:07.612,335] [0m<dbg> zmk: zmk_hid_mouse_scroll_set: Mouse scroll set to 0/0[0m
[00:01:07.612,365] [0m<dbg> zmk: zmk_hid_mouse_movement_set: Mouse movement set to 0/0[0m
[00:01:07.620,239] [0m<inf> exp02_logging: XY 67620 -5066230 -8355840[0m
[00:01:07.620,361] [0m<dbg> zmk: zmk_hid_mouse_movement_set: Mouse movement set to 127/0[0m
[00:01:07.620,391] [0m<dbg> zmk: zmk_hid_mouse_scroll_set: Mouse scroll set to 0/0[0m
[00:01:07.620,391] [0m<dbg> zmk: zmk_hid_mouse_movement_set: Mouse movement set to 0/0[0m
[00:01:07.628,356] [0m<inf> exp02_logging: XY 67628 -8355840 -8355840[0m
[00:01:07.628,417] [0m<dbg> zmk: zmk_hid_mouse_movement_set: Mouse movement set to 0/0[0m
[00:01:07.628,448] [0m<dbg> zmk: zmk_hid_mouse_scroll_set: Mouse scroll set to 0/0[0m
[00:01:07.628,448] [0m<dbg> zmk: zmk_hid_mouse_movement_set: Mouse movement set to 0/0[0m
[00:01:07.636,352] [0m<inf> exp02_logging: XY 67636 -394788 -3816029[0m
[00:01:07.636,474] [0m<dbg> zmk: zmk_hid_mouse_movement_set: Mouse movement set to 127/127[0m
[00:01:07.636,474] [0m<dbg> zmk: zmk_hid_mouse_scroll_set: Mouse scroll set to 0/0[0m
[00:01:07.636,505] [0m<dbg> zmk: zmk_hid_mouse_movement_set: Mouse movement set to 0/0[0m
[00:01:07.644,317] [0m<inf> exp02_logging: XY 67644 -8355840 -8355840[0m
[00:01:07.644,439] [0m<dbg> zmk: zmk_hid_mouse_movement_set: Mouse movement set to 0/0[0m
[00:01:07.644,470] [0m<dbg> zmk: zmk_hid_mouse_scroll_set: Mouse scroll set to 0/0[0m
[00:01:07.644,470] [0m<dbg> zmk: zmk_hid_mouse_movement_set: Mouse movement set to 0/0[0m
[00:01:07.652,435] [0m<inf> exp02_logging: XY 67652 -8026755 -394959[0m
[00:01:07.652,557] [0m<dbg> zmk: zmk_hid_mouse_movement_set: Mouse movement set to 63/127[0m
[00:01:07.652,557] [0m<dbg> zmk: zmk_hid_mouse_scroll_set: Mouse scroll set to 0/0[0m
[00:01:07.652,587] [0m<dbg> zmk: zmk_hid_mouse_movement_set: Mouse movement set to 0/0[0m
[00:01:07.660,369] [0m<inf> exp02_logging: XY 67660 -5460977 -8355840[0m
[00:01:07.660,491] [0m<dbg> zmk: zmk_hid_mouse_movement_set: Mouse movement set to 127/0[0m
[00:01:07.660,522] [0m<dbg> zmk: zmk_hid_mouse_scroll_set: Mouse scroll set to 0/0[0m
[00:01:07.660,522] [0m<dbg> zmk: zmk_hid_mouse_movement_set: Mouse movement set to 0/0[0m
[00:01:07.668,395] [0m<inf> exp02_logging: XY 67668 -8355840 -8355840[0m
[00:01:07.668,487] [0m<dbg> zmk: zmk_hid_mouse_movement_set: Mouse movement set to 0/0[0m
[00:01:07.668,487] [0m<dbg> zmk: zmk_hid_mouse_scroll_set: Mouse scroll set to 0/0[0m
[00:01:07.668,518] [0m<dbg> zmk: zmk_hid_mouse_movement_set: Mouse movement set to 0/0[0m
[00:01:07.676,513] [0m<inf> exp02_logging: XY 67676 -263293 -4144985[0m
[00:01:07.676,635] [0m<dbg> zmk: zmk_hid_mouse_movement_set: Mouse movement set to 127/127[0m
[00:01:07.676,666] [0m<dbg> zmk: zmk_hid_mouse_scroll_set: Mouse scroll set to 0/0[0m
[00:01:07.676,666] [0m<dbg> zmk: zmk_hid_mouse_movement_set: Mouse movement set to 0/0[0m
[00:01:07.684,448] [0m<inf> exp02_logging: XY 67684 -8355840 -8355840[0m
[00:01:07.684,570] [0m<dbg> zmk: zmk_hid_mouse_movement_set: Mouse movement set to 0/0[0m
[00:01:07.684,570] [0m<dbg> zmk: zmk_hid_mouse_scroll_set: Mouse scroll set to 0/0[0m
[00:01:07.684,600] [0m<dbg> zmk: zmk_hid_mouse_movement_set: Mouse movement set to 0/0[0m
[00:01:07.692,474] [0m<inf> exp02_logging: XY 67692 -7368939 -329044[0m
[00:01:07.692,596] [0m<dbg> zmk: zmk_hid_mouse_movement_set: Mouse movement set to 127/127[0m
[00:01:07.692,626] [0m<dbg> zmk: zmk_hid_mouse_scroll_set: Mouse scroll set to 0/0[0m
[00:01:07.692,657] [0m<dbg> zmk: zmk_hid_mouse_movement_set: Mouse movement set to 0/0[0m
[00:01:07.700,592] [0m<inf> exp02_logging: XY 67700 -5855681 -8355840[0m
[00:01:07.700,683] [0m<dbg> zmk: zmk_hid_mouse_movement_set: Mouse movement set to 0/0[0m
[00:01:07.700,683] [0m<dbg> zmk: zmk_hid_mouse_scroll_set: Mouse scroll set to 0/0[0m
[00:01:07.700,714] [0m<dbg> zmk: zmk_hid_mouse_movement_set: Mouse movement set to 0/0[0m
[00:01:07.708,526] [0m<inf> exp02_logging: XY 67708 -8355840 -8355840[0m
[00:01:07.708,618] [0m<dbg> zmk: zmk_hid_mouse_movement_set: Mouse movement set to 0/0[0m
[00:01:07.708,618] [0m<dbg> zmk: zmk_hid_mouse_scroll_set: Mouse scroll set to 0/0[0m
[00:01:07.708,648] [0m<dbg> zmk: zmk_hid_mouse_movement_set: Mouse movement set to 0/0[0m
[00:01:07.716,552] [0m<inf> exp02_logging: XY 67716 -197587 -4408234[0m
[00:01:07.716,705] [0m<dbg> zmk: zmk_hid_mouse_movement_set: Mouse movement set to 127/127[0m
[00:01:07.716,705] [0m<dbg> zmk: zmk_hid_mouse_scroll_set: Mouse scroll set to 0/0[0m
[00:01:07.716,735] [0m<dbg> zmk: zmk_hid_mouse_movement_set: Mouse movement set to 0/0[0m
[00:01:07.724,670] [0m<inf> exp02_logging: XY 67724 -8355840 -8355840[0m
[00:01:07.724,761] [0m<dbg> zmk: zmk_hid_mouse_movement_set: Mouse movement set to 0/0[0m
[00:01:07.724,792] [0m<dbg> zmk: zmk_hid_mouse_scroll_set: Mouse scroll set to 0/0[0m
[00:01:07.724,792] [0m<dbg> zmk: zmk_hid_mouse_movement_set: Mouse movement set to 0/0[0m
[00:01:07.732,604] [0m<inf> exp02_logging: XY 67732 -6645016 -328974[0m
[00:01:07.732,727] [0m<dbg> zmk: zmk_hid_mouse_movement_set: Mouse movement set to 127/127[0m
[00:01:07.732,757] [0m<dbg> zmk: zmk_hid_mouse_scroll_set: Mouse scroll set to 0/0[0m
[00:01:07.732,757] [0m<dbg> zmk: zmk_hid_mouse_movement_set: Mouse movement set to 0/0[0m
[00:01:07.740,631] [0m<inf> exp02_logging: XY 67740 -6184679 -8355840[0m
[00:01:07.740,722] [0m<dbg> zmk: zmk_hid_mouse_movement_set: Mouse movement set to 0/0[0m
[00:01:07.740,753] [0m<dbg> zmk: zmk_hid_mouse_scroll_set: Mouse scroll set to 0/0[0m
[00:01:07.740,753] [0m<dbg> zmk: zmk_hid_mouse_movement_set: Mouse movement set to 0/0[0m
[00:01:07.748,748] [0m<inf> exp02_logging: XY 67748 -8355840 -8092448[0m
[00:01:07.748,870] [0m<dbg> zmk: zmk_hid_mouse_movement_set: Mouse movement set to 0/51[0m
[00:01:07.748,870] [0m<dbg> zmk: zmk_hid_mouse_scroll_set: Mouse scroll set to 0/0[0m
[00:01:07.748,901] [0m<dbg> zmk: zmk_hid_mouse_movement_set: Mouse movement set to 0/0[0m
[00:01:07.756,683] [0m<inf> exp02_logging: XY 67756 -197608 -5000227[0m
[00:01:07.756,805] [0m<dbg> zmk: zmk_hid_mouse_movement_set: Mouse movement set to 127/127[0m
[00:01:07.756,835] [0m<dbg> zmk: zmk_hid_mouse_scroll_set: Mouse scroll set to 0/0[0m
[00:01:07.756,835] [0m<dbg> zmk: zmk_hid_mouse_movement_set: Mouse movement set to 0/0[0m
[00:01:07.764,709] [0m<inf> exp02_logging: XY 67764 -8355840 -8355840[0m
[00:01:07.764,831] [0m<dbg> zmk: zmk_hid_mouse_movement_set: Mouse movement set to 0/0[0m
[00:01:07.764,862] [0m<dbg> zmk: zmk_hid_mouse_scroll_set: Mouse scroll set to 0/0[0m
[00:01:07.764,862] [0m<dbg> zmk: zmk_hid_mouse_movement_set: Mouse movement set to 0/0[0m
[00:01:07.772,827] [0m<inf> exp02_logging: XY 67772 -6447710 -329107[0m
[00:01:07.772,949] [0m<dbg> zmk: zmk_hid_mouse_movement_set: Mouse movement set to 127/127[0m
[00:01:07.772,949] [0m<dbg> zmk: zmk_hid_mouse_scroll_set: Mouse scroll set to 0/0[0m
[00:01:07.772,979] [0m<dbg> zmk: zmk_hid_mouse_movement_set: Mouse movement set to 0/0[0m
[00:01:07.780,761] [0m<inf> exp02_logging: XY 67780 -6710923 -8355840[0m
[00:01:07.780,853] [0m<dbg> zmk: zmk_hid_mouse_movement_set: Mouse movement set to 0/0[0m
[00:01:07.780,853] [0m<dbg> zmk: zmk_hid_mouse_scroll_set: Mouse scroll set to 0/0[0m
[00:01:07.780,883] [0m<dbg> zmk: zmk_hid_mouse_movement_set: Mouse movement set to 0/0[0m
[00:01:07.788,787] [0m<inf> exp02_logging: XY 67788 -8355840 -8289932[0m
[00:01:07.788,909] [0m<dbg> zmk: zmk_hid_mouse_movement_set: Mouse movement set to 0/12[0m
[00:01:07.788,940] [0m<dbg> zmk: zmk_hid_mouse_scroll_set: Mouse scroll set to 0/0[0m
[00:01:07.788,940] [0m<dbg> zmk: zmk_hid_mouse_movement_set: Mouse movement set to 0/0[0m
[00:01:07.796,905] [0m<inf> exp02_logging: XY 67796 -263349 -5723929[0m
[00:01:07.797,027] [0m<dbg> zmk: zmk_hid_mouse_movement_set: Mouse movement set to 127/127[0m
[00:01:07.797,058] [0m<dbg> zmk: zmk_hid_mouse_scroll_set: Mouse scroll set to 0/0[0m
[00:01:07.797,058] [0m<dbg> zmk: zmk_hid_mouse_movement_set: Mouse movement set to 0/0[0m
[00:01:07.804,840] [0m<inf> exp02_logging: XY 67804 -8355840 -8355840[0m
[00:01:07.804,962] [0m<dbg> zmk: zmk_hid_mouse_movement_set: Mouse movement set to 0/0[0m
[00:01:07.804,962] [0m<dbg> zmk: zmk_hid_mouse_scroll_set: Mouse scroll set to 0/0[0m
[00:01:07.804,992] [0m<dbg> zmk: zmk_hid_mouse_movement_set: Mouse movement set to 0/0[0m
[00:01:07.812,866] [0m<inf> exp02_logging: XY 67812 -6513471 -526554[0m
[00:01:07.813,018] [0m<dbg> zmk: zmk_hid_mouse_movement_set: Mouse movement set to 127/127[0m
[00:01:07.813,018] [0m<dbg> zmk: zmk_hid_mouse_scroll_set: Mouse scroll set to 0/0[0m
[00:01:07.813,049] [0m<dbg> zmk: zmk_hid_mouse_movement_set: Mouse movement set to 0/0[0m
[00:01:07.820,983] [0m<inf> exp02_logging: XY 67820 -7171461 -8355840[0m
[00:01:07.821,044] [0m<dbg> zmk: zmk_hid_mouse_movement_set: Mouse movement set to 0/0[0m
[00:01:07.821,075] [0m<dbg> zmk: zmk_hid_mouse_scroll_set: Mouse scroll set to 0/0[0m
[00:01:07.821,105] [0m<dbg> zmk: zmk_hid_mouse_movement_set: Mouse movement set to 0/0[0m
[00:01:07.828,948] [0m<inf> exp02_logging: XY 67828 -8355840 -8224044[0m
[00:01:07.829,071] [0m<dbg> zmk: zmk_hid_mouse_movement_set: Mouse movement set to 0/25[0m
[00:01:07.829,071] [0m<dbg> zmk: zmk_hid_mouse_scroll_set: Mouse scroll set to 0/0[0m
[00:01:07.829,101] [0m<dbg> zmk: zmk_hid_mouse_movement_set: Mouse movement set to 0/0[0m
[00:01:07.836,944] [0m<inf> exp02_logging: XY 67836 -394975 -5855639[0m
[00:01:07.837,097] [0m<dbg> zmk: zmk_hid_mouse_movement_set: Mouse movement set to 127/127[0m
[00:01:07.837,097] [0m<dbg> zmk: zmk_hid_mouse_scroll_set: Mouse scroll set to 0/0[0m
[00:01:07.837,127] [0m<dbg> zmk: zmk_hid_mouse_movement_set: Mouse movement set to 0/0[0m
[00:01:07.845,062] [0m<inf> exp02_logging: XY 67845 -8355840 -8355840[0m
[00:01:07.845,153] [0m<dbg> zmk: zmk_hid_mouse_movement_set: Mouse movement set to 0/0[0m
[00:01:07.845,184] [0m<dbg> zmk: zmk_hid_mouse_scroll_set: Mouse scroll set to 0/0[0m
[00:01:07.845,214] [0m<dbg> zmk: zmk_hid_mouse_movement_set: Mouse movement set to 0/0[0m
[00:01:07.852,996] [0m<inf> exp02_logging: XY 67852 -6447654 -592358[0m
[00:01:07.853,118] [0m<dbg> zmk: zmk_hid_mouse_movement_set: Mouse movement set to 127/127[0m
[00:01:07.853,149] [0m<dbg> zmk: zmk_hid_mouse_scroll_set: Mouse scroll set to 0/0[0m
[00:01:07.853,149] [0m<dbg> zmk: zmk_hid_mouse_movement_set: Mouse movement set to 0/0[0m
[00:01:07.861,022] [0m<inf> exp02_logging: XY 67861 -7566335 -8355840[0m
[00:01:07.861,114] [0m<dbg> zmk: zmk_hid_mouse_movement_set: Mouse movement set to 0/0[0m
[00:01:07.861,145] [0m<dbg> zmk: zmk_hid_mouse_scroll_set: Mouse scroll set to 0/0[0m
[00:01:07.861,145] [0m<dbg> zmk: zmk_hid_mouse_movement_set: Mouse movement set to 0/0[0m
[00:01:07.869,140] [0m<inf> exp02_logging: XY 67869 -8355840 -8224072[0m
[00:01:07.869,262] [0m<dbg> zmk: zmk_hid_mouse_movement_set: Mouse movement set to 0/25[0m
[00:01:07.869,262] [0m<dbg> zmk: zmk_hid_mouse_scroll_set: Mouse scroll set to 0/0[0m
[00:01:07.869,293] [0m<dbg> zmk: zmk_hid_mouse_movement_set: Mouse movement set to 0/0[0m
[00:01:07.877,075] [0m<inf> exp02_logging: XY 67877 -526337 -6381840[0m
[00:01:07.877,197] [0m<dbg> zmk: zmk_hid_mouse_movement_set: Mouse movement set to 127/127[0m
[00:01:07.877,227] [0m<dbg> zmk: zmk_hid_mouse_scroll_set: Mouse scroll set to 0/0[0m
[00:01:07.877,227] [0m<dbg> zmk: zmk_hid_mouse_movement_set: Mouse movement set to 0/0[0m
[00:01:07.885,101] [0m<inf> exp02_logging: XY 67885 -8355840 -8355840[0m
[00:01:07.885,223] [0m<dbg> zmk: zmk_hid_mouse_movement_set: Mouse movement set to 0/0[0m
[00:01:07.885,253] [0m<dbg> zmk: zmk_hid_mouse_scroll_set: Mouse scroll set to 0/0[0m
[00:01:07.885,253] [0m<dbg> zmk: zmk_hid_mouse_movement_set: Mouse movement set to 0/0[0m
[00:01:07.893,218] [0m<inf> exp02_logging: XY 67893 -6645029 -723747[0m
[00:01:07.893,341] [0m<dbg> zmk: zmk_hid_mouse_movement_set: Mouse movement set to 127/127[0m
[00:01:07.893,371] [0m<dbg> zmk: zmk_hid_mouse_scroll_set: Mouse scroll set to 0/0[0m
[00:01:07.893,371] [0m<dbg> zmk: zmk_hid_mouse_movement_set: Mouse movement set to 0/0[0m
[00:01:07.901,153] [0m<inf> exp02_logging: XY 67901 -8355786 -8355840[0m
[00:01:07.901,275] [0m<dbg> zmk: zmk_hid_mouse_movement_set: Mouse movement set to 0/0[0m
[00:01:07.901,306] [0m<dbg> zmk: zmk_hid_mouse_scroll_set: Mouse scroll set to 0/0[0m
[00:01:07.901,306] [0m<dbg> zmk: zmk_hid_mouse_movement_set: Mouse movement set to 0/0[0m
[00:01:07.909,179] [0m<inf> exp02_logging: XY 67909 -8355840 -8355840[0m
[00:01:07.917,297] [0m<inf> exp02_logging: XY 67917 -526532 -7105627[0m
[00:01:07.917,419] [0m<dbg> zmk: zmk_hid_mouse_movement_set: Mouse movement set to 127/127[0m
[00:01:07.917,449] [0m<dbg> zmk: zmk_hid_mouse_scroll_set: Mouse scroll set to 0/0[0m
[00:01:07.917,449] [0m<dbg> zmk: zmk_hid_mouse_movement_set: Mouse movement set to 0/0[0m
[00:01:07.925,262] [0m<inf> exp02_logging: XY 67925 -8355840 -8355840[0m
[00:01:07.925,384] [0m<dbg> zmk: zmk_hid_mouse_movement_set: Mouse movement set to 0/0[0m
[00:01:07.925,384] [0m<dbg> zmk: zmk_hid_mouse_scroll_set: Mouse scroll set to 0/0[0m
[00:01:07.925,415] [0m<dbg> zmk: zmk_hid_mouse_movement_set: Mouse movement set to 0/0[0m
[00:01:07.933,349] [0m<inf> exp02_logging: XY 67933 -6579328 -789625[0m
[00:01:07.933,471] [0m<dbg> zmk: zmk_hid_mouse_movement_set: Mouse movement set to 127/127[0m
[00:01:07.933,502] [0m<dbg> zmk: zmk_hid_mouse_scroll_set: Mouse scroll set to 0/0[0m
[00:01:07.933,502] [0m<dbg> zmk: zmk_hid_mouse_movement_set: Mouse movement set to 0/0[0m
[00:01:07.941,284] [0m<inf> exp02_logging: XY 67941 -8355840 -8355840[0m
[00:01:07.941,406] [0m<dbg> zmk: zmk_hid_mouse_movement_set: Mouse movement set to 0/0[0m
[00:01:07.941,406] [0m<dbg> zmk: zmk_hid_mouse_scroll_set: Mouse scroll set to 0/0[0m
[00:01:07.941,436] [0m<dbg> zmk: zmk_hid_mouse_movement_set: Mouse movement set to 0/0[0m
[00:01:07.949,310] [0m<inf> exp02_logging: XY 67949 -8355840 -8355767[0m
[00:01:07.957,427] [0m<inf> exp02_logging: XY 67957 -592255 -7500544[0m
[00:01:07.957,550] [0m<dbg> zmk: zmk_hid_mouse_movement_set: Mouse movement set to 127/127[0m
[00:01:07.957,550] [0m<dbg> zmk: zmk_hid_mouse_scroll_set: Mouse scroll set to 0/0[0m
[00:01:07.957,580] [0m<dbg> zmk: zmk_hid_mouse_movement_set: Mouse movement set to 0/0[0m
[00:01:07.965,393] [0m<inf> exp02_logging: XY 67965 -8355840 -8355840[0m
[00:01:07.965,515] [0m<dbg> zmk: zmk_hid_mouse_movement_set: Mouse movement set to 0/0[0m
[00:01:07.965,515] [0m<dbg> zmk: zmk_hid_mouse_scroll_set: Mouse scroll set to 0/0[0m
[00:01:07.965,545] [0m<dbg> zmk: zmk_hid_mouse_movement_set: Mouse movement set to 0/0[0m
[00:01:07.973,480] [0m<inf> exp02_logging: XY 67973 -6381904 -789711[0m
[00:01:07.973,602] [0m<dbg> zmk: zmk_hid_mouse_movement_set: Mouse movement set to 127/127[0m
[00:01:07.973,632] [0m<dbg> zmk: zmk_hid_mouse_scroll_set: Mouse scroll set to 0/0[0m
[00:01:07.973,632] [0m<dbg> zmk: zmk_hid_mouse_movement_set: Mouse movement set to 0/0[0m
[00:01:07.981,414] [0m<inf> exp02_logging: XY 67981 -8355840 -8355840[0m
[00:01:07.981,536] [0m<dbg> zmk: zmk_hid_mouse_movement_set: Mouse movement set to 0/0[0m
[00:01:07.981,536] [0m<dbg> zmk: zmk_hid_mouse_scroll_set: Mouse scroll set to 0/0[0m
[00:01:07.981,567] [0m<dbg> zmk: zmk_hid_mouse_movement_set: Mouse movement set to 0/0[0m
[00:01:07.989,440] [0m<inf> exp02_logging: XY 67989 -8355840 -8355671[0m
[00:01:07.997,558] [0m<inf> exp02_logging: XY 67997 -657944 -8355616[0m
[00:01:07.997,650] [0m<dbg> zmk: zmk_hid_mouse_movement_set: Mouse movement set to 127/0[0m
[00:01:07.997,650] [0m<dbg> zmk: zmk_hid_mouse_scroll_set: Mouse scroll set to 0/0[0m
[00:01:07.997,680] [0m<dbg> zmk: zmk_hid_mouse_movement_set: Mouse movement set to 0/0[0m
[00:01:08.005,523] [0m<inf> exp02_logging: XY 68005 -8355840 -8355840[0m
[00:01:08.005,584] [0m<dbg> zmk: zmk_hid_mouse_movement_set: Mouse movement set to 0/0[0m
[00:01:08.005,615] [0m<dbg> zmk: zmk_hid_mouse_scroll_set: Mouse scroll set to 0/0[0m
[00:01:08.005,615] [0m<dbg> zmk: zmk_hid_mouse_movement_set: Mouse movement set to 0/0[0m
[00:01:08.013,610] [0m<inf> exp02_logging: XY 68013 -6184463 -789589[0m
[00:01:08.013,732] [0m<dbg> zmk: zmk_hid_mouse_movement_set: Mouse movement set to 127/127[0m
[00:01:08.013,763] [0m<dbg> zmk: zmk_hid_mouse_scroll_set: Mouse scroll set to 0/0[0m
[00:01:08.013,763] [0m<dbg> zmk: zmk_hid_mouse_movement_set: Mouse movement set to 0/0[0m
[00:01:08.021,545] [0m<inf> exp02_logging: XY 68021 -8355840 -8355840[0m
[00:01:08.021,667] [0m<dbg> zmk: zmk_hid_mouse_movement_set: Mouse movement set to 0/0[0m
[00:01:08.021,667] [0m<dbg> zmk: zmk_hid_mouse_scroll_set: Mouse scroll set to 0/0[0m
[00:01:08.021,697] [0m<dbg> zmk: zmk_hid_mouse_movement_set: Mouse movement set to 0/0[0m
[00:01:08.029,571] [0m<inf> exp02_logging: XY 68029 -8355840 -8289797[0m
[00:01:08.029,663] [0m<dbg> zmk: zmk_hid_mouse_movement_set: Mouse movement set to 0/12[0m
[00:01:08.029,693] [0m<dbg> zmk: zmk_hid_mouse_scroll_set: Mouse scroll set to 0/0[0m
[00:01:08.029,693] [0m<dbg> zmk: zmk_hid_mouse_movement_set: Mouse movement set to 0/0[0m
[00:01:08.037,689] [0m<inf> exp02_logging: XY 68037 -658022 -8355840[0m
[00:01:08.037,811] [0m<dbg> zmk: zmk_hid_mouse_movement_set: Mouse movement set to 127/0[0m
[00:01:08.037,811] [0m<dbg> zmk: zmk_hid_mouse_scroll_set: Mouse scroll set to 0/0[0m
[00:01:08.037,841] [0m<dbg> zmk: zmk_hid_mouse_movement_set: Mouse movement set to 0/0[0m
[00:01:08.045,623] [0m<inf> exp02_logging: XY 68045 -8355840 -8355840[0m
[00:01:08.045,715] [0m<dbg> zmk: zmk_hid_mouse_movement_set: Mouse movement set to 0/0[0m
[00:01:08.045,715] [0m<dbg> zmk: zmk_hid_mouse_scroll_set: Mouse scroll set to 0/0[0m
[00:01:08.045,745] [0m<dbg> zmk: zmk_hid_mouse_movement_set: Mouse movement set to 0/0[0m
[00:01:08.053,649] [0m<inf> exp02_logging: XY 68053 -6053065 -855310[0m
[00:01:08.053,802] [0m<dbg> zmk: zmk_hid_mouse_movement_set: Mouse movement set to 127/127[0m
[00:01:08.053,802] [0m<dbg> zmk: zmk_hid_mouse_scroll_set: Mouse scroll set to 0/0[0m
[00:01:08.053,833] [0m<dbg> zmk: zmk_hid_mouse_movement_set: Mouse movement set to 0/0[0m
[00:01:08.061,767] [0m<inf> exp02_logging: XY 68061 -8355840 -8355840[0m
[00:01:08.061,859] [0m<dbg> zmk: zmk_hid_mouse_movement_set: Mouse movement set to 0/0[0m
[00:01:08.061,889] [0m<dbg> zmk: zmk_hid_mouse_scroll_set: Mouse scroll set to 0/0[0m
[00:01:08.061,889] [0m<dbg> zmk: zmk_hid_mouse_movement_set: Mouse movement set to 0/0[0m
[00:01:08.069,702] [0m<inf> exp02_logging: XY 68069 -8355840 -8158308[0m
[00:01:08.069,793] [0m<dbg> zmk: zmk_hid_mouse_movement_set: Mouse movement set to 0/38[0m
[00:01:08.069,793] [0m<dbg> zmk: zmk_hid_mouse_scroll_set: Mouse scroll set to 0/0[0m
[00:01:08.069,824] [0m<dbg> zmk: zmk_hid_mouse_movement_set: Mouse movement set to 0/0[0m
[00:01:08.077,728] [0m<inf> exp02_logging: XY 68077 -658141 -8355840[0m
[00:01:08.077,850] [0m<dbg> zmk: zmk_hid_mouse_movement_set: Mouse movement set to 127/0[0m
[00:01:08.077,880] [0m<dbg> zmk: zmk_hid_mouse_scroll_set: Mouse scroll set to 0/0[0m
[00:01:08.077,880] [0m<dbg> zmk: zmk_hid_mouse_movement_set: Mouse movement set to 0/0[0m
[00:01:08.085,845] [0m<inf> exp02_logging: XY 68085 -8355840 -8355840[0m
[00:01:08.085,906] [0m<dbg> zmk: zmk_hid_mouse_movement_set: Mouse movement set to 0/0[0m
[00:01:08.085,937] [0m<dbg> zmk: zmk_hid_mouse_scroll_set: Mouse scroll set to 0/0[0m
[00:01:08.085,937] [0m<dbg> zmk: zmk_hid_mouse_movement_set: Mouse movement set to 0/0[0m
[00:01:08.093,780] [0m<inf> exp02_logging: XY 68093 -5855647 -855349[0m
[00:01:08.093,902] [0m<dbg> zmk: zmk_hid_mouse_movement_set: Mouse movement set to 127/127[0m
[00:01:08.093,933] [0m<dbg> zmk: zmk_hid_mouse_scroll_set: Mouse scroll set to 0/0[0m
[00:01:08.093,933] [0m<dbg> zmk: zmk_hid_mouse_movement_set: Mouse movement set to 0/0[0m
[00:01:08.101,806] [0m<inf> exp02_logging: XY 68101 -8355840 -8355840[0m
[00:01:08.101,928] [0m<dbg> zmk: zmk_hid_mouse_movement_set: Mouse movement set to 0/0[0m
[00:01:08.101,959] [0m<dbg> zmk: zmk_hid_mouse_scroll_set: Mouse scroll set to 0/0[0m
[00:01:08.101,959] [0m<dbg> zmk: zmk_hid_mouse_movement_set: Mouse movement set to 0/0[0m
[00:01:08.109,924] [0m<inf> exp02_logging: XY 68109 -8355840 -7960929[0m
[00:01:08.109,985] [0m<dbg> zmk: zmk_hid_mouse_movement_set: Mouse movement set to 0/76[0m
[00:01:08.110,015] [0m<dbg> zmk: zmk_hid_mouse_scroll_set: Mouse scroll set to 0/0[0m
[00:01:08.110,015] [0m<dbg> zmk: zmk_hid_mouse_movement_set: Mouse movement set to 0/0[0m
[00:01:08.117,858] [0m<inf> exp02_logging: XY 68117 -855496 -8355840[0m
[00:01:08.117,980] [0m<dbg> zmk: zmk_hid_mouse_movement_set: Mouse movement set to 127/0[0m
[00:01:08.118,011] [0m<dbg> zmk: zmk_hid_mouse_scroll_set: Mouse scroll set to 0/0[0m
[00:01:08.118,011] [0m<dbg> zmk: zmk_hid_mouse_movement_set: Mouse movement set to 0/0[0m
[00:01:08.125,885] [0m<inf> exp02_logging: XY 68125 -8355840 -8355840[0m
[00:01:08.125,976] [0m<dbg> zmk: zmk_hid_mouse_movement_set: Mouse movement set to 0/0[0m
[00:01:08.125,976] [0m<dbg> zmk: zmk_hid_mouse_scroll_set: Mouse scroll set to 0/0[0m
[00:01:08.126,007] [0m<dbg> zmk: zmk_hid_mouse_movement_set: Mouse movement set to 0/0[0m
[00:01:08.134,002] [0m<inf> exp02_logging: XY 68134 -5658181 -789691[0m
[00:01:08.134,124] [0m<dbg> zmk: zmk_hid_mouse_movement_set: Mouse movement set to 127/127[0m
[00:01:08.134,124] [0m<dbg> zmk: zmk_hid_mouse_scroll_set: Mouse scroll set to 0/0[0m
[00:01:08.134,155] [0m<dbg> zmk: zmk_hid_mouse_movement_set: Mouse movement set to 0/0[0m
[00:01:08.141,937] [0m<inf> exp02_logging: XY 68141 -8355840 -8355840[0m
[00:01:08.142,059] [0m<dbg> zmk: zmk_hid_mouse_movement_set: Mouse movement set to 0/0[0m
[00:01:08.142,059] [0m<dbg> zmk: zmk_hid_mouse_scroll_set: Mouse scroll set to 0/0[0m
[00:01:08.142,089] [0m<dbg> zmk: zmk_hid_mouse_movement_set: Mouse movement set to 0/0[0m
[00:01:08.149,963] [0m<inf> exp02_logging: XY 68149 -8355840 -8092435[0m
[00:01:08.150,054] [0m<dbg> zmk: zmk_hid_mouse_movement_set: Mouse movement set to 0/51[0m
[00:01:08.150,085] [0m<dbg> zmk: zmk_hid_mouse_scroll_set: Mouse scroll set to 0/0[0m
[00:01:08.150,085] [0m<dbg> zmk: zmk_hid_mouse_movement_set: Mouse movement set to 0/0[0m
[00:01:08.158,081] [0m<inf> exp02_logging: XY 68158 -1447592 -8355840[0m
[00:01:08.158,203] [0m<dbg> zmk: zmk_hid_mouse_movement_set: Mouse movement set to 127/0[0m
[00:01:08.158,203] [0m<dbg> zmk: zmk_hid_mouse_scroll_set: Mouse scroll set to 0/0[0m
[00:01:08.158,233] [0m<dbg> zmk: zmk_hid_mouse_movement_set: Mouse movement set to 0/0[0m
[00:01:08.166,015] [0m<inf> exp02_logging: XY 68166 -8355840 -8355840[0m
[00:01:08.166,076] [0m<dbg> zmk: zmk_hid_mouse_movement_set: Mouse movement set to 0/0[0m
[00:01:08.166,107] [0m<dbg> zmk: zmk_hid_mouse_scroll_set: Mouse scroll set to 0/0[0m
[00:01:08.166,137] [0m<dbg> zmk: zmk_hid_mouse_movement_set: Mouse movement set to 0/0[0m
[00:01:08.174,041] [0m<inf> exp02_logging: XY 68174 -5526657 -855348[0m
[00:01:08.174,194] [0m<dbg> zmk: zmk_hid_mouse_movement_set: Mouse movement set to 127/127[0m
[00:01:08.174,194] [0m<dbg> zmk: zmk_hid_mouse_scroll_set: Mouse scroll set to 0/0[0m
[00:01:08.174,224] [0m<dbg> zmk: zmk_hid_mouse_movement_set: Mouse movement set to 0/0[0m
[00:01:08.182,159] [0m<inf> exp02_logging: XY 68182 -8355840 -8355840[0m
[00:01:08.182,250] [0m<dbg> zmk: zmk_hid_mouse_movement_set: Mouse movement set to 0/0[0m
[00:01:08.182,281] [0m<dbg> zmk: zmk_hid_mouse_scroll_set: Mouse scroll set to 0/0[0m
[00:01:08.182,281] [0m<dbg> zmk: zmk_hid_mouse_movement_set: Mouse movement set to 0/0[0m
[00:01:08.190,093] [0m<inf> exp02_logging: XY 68190 -8355840 -7895233[0m
[00:01:08.190,185] [0m<dbg> zmk: zmk_hid_mouse_movement_set: Mouse movement set to 0/89[0m
[00:01:08.190,185] [0m<dbg> zmk: zmk_hid_mouse_scroll_set: Mouse scroll set to 0/0[0m
[00:01:08.190,216] [0m<dbg> zmk: zmk_hid_mouse_movement_set: Mouse movement set to 0/0[0m
[00:01:08.198,120] [0m<inf> exp02_logging: XY 68198 -1908044 -8355840[0m
[00:01:08.198,242] [0m<dbg> zmk: zmk_hid_mouse_movement_set: Mouse movement set to 127/0[0m
[00:01:08.198,272] [0m<dbg> zmk: zmk_hid_mouse_scroll_set: Mouse scroll set to 0/0[0m
[00:01:08.198,272] [0m<dbg> zmk: zmk_hid_mouse_movement_set: Mouse movement set to 0/0[0m
[00:01:08.206,237] [0m<inf> exp02_logging: XY 68206 -8355840 -8355840[0m
[00:01:08.206,298] [0m<dbg> zmk: zmk_hid_mouse_movement_set: Mouse movement set to 0/0[0m
[00:01:08.206,329] [0m<dbg> zmk: zmk_hid_mouse_scroll_set: Mouse scroll set to 0/0[0m
[00:01:08.206,329] [0m<dbg> zmk: zmk_hid_mouse_movement_set: Mouse movement set to 0/0[0m
[00:01:08.214,172] [0m<inf> exp02_logging: XY 68214 -5131821 -921207[0m
[00:01:08.214,294] [0m<dbg> zmk: zmk_hid_mouse_movement_set: Mouse movement set to 127/127[0m
[00:01:08.214,324] [0m<dbg> zmk: zmk_hid_mouse_scroll_set: Mouse scroll set to 0/0[0m
[00:01:08.214,324] [0m<dbg> zmk: zmk_hid_mouse_movement_set: Mouse movement set to 0/0[0m
[00:01:08.222,198] [0m<inf> exp02_logging: XY 68222 -8355840 -8355840[0m
[00:01:08.222,320] [0m<dbg> zmk: zmk_hid_mouse_movement_set: Mouse movement set to 0/0[0m
[00:01:08.222,351] [0m<dbg> zmk: zmk_hid_mouse_scroll_set: Mouse scroll set to 0/0[0m
[00:01:08.222,351] [0m<dbg> zmk: zmk_hid_mouse_movement_set: Mouse movement set to 0/0[0m
[00:01:08.230,316] [0m<inf> exp02_logging: XY 68230 -8355840 -7829311[0m
[00:01:08.230,377] [0m<dbg> zmk: zmk_hid_mouse_movement_set: Mouse movement set to 0/102[0m
[00:01:08.230,407] [0m<dbg> zmk: zmk_hid_mouse_scroll_set: Mouse scroll set to 0/0[0m
[00:01:08.230,407] [0m<dbg> zmk: zmk_hid_mouse_movement_set: Mouse movement set to 0/0[0m
[00:01:08.238,250] [0m<inf> exp02_logging: XY 68238 -2236957 -8355840[0m
[00:01:08.238,372] [0m<dbg> zmk: zmk_hid_mouse_movement_set: Mouse movement set to 127/0[0m
[00:01:08.238,403] [0m<dbg> zmk: zmk_hid_mouse_scroll_set: Mouse scroll set to 0/0[0m
[00:01:08.238,403] [0m<dbg> zmk: zmk_hid_mouse_movement_set: Mouse movement set to 0/0[0m
[00:01:08.246,276] [0m<inf> exp02_logging: XY 68246 -8355840 -8355840[0m
[00:01:08.246,368] [0m<dbg> zmk: zmk_hid_mouse_movement_set: Mouse movement set to 0/0[0m
[00:01:08.246,368] [0m<dbg> zmk: zmk_hid_mouse_scroll_set: Mouse scroll set to 0/0[0m
[00:01:08.246,398] [0m<dbg> zmk: zmk_hid_mouse_movement_set: Mouse movement set to 0/0[0m
[00:01:08.254,394] [0m<inf> exp02_logging: XY 68254 -5000266 -1381694[0m
[00:01:08.254,516] [0m<dbg> zmk: zmk_hid_mouse_movement_set: Mouse movement set to 127/127[0m
[00:01:08.254,516] [0m<dbg> zmk: zmk_hid_mouse_scroll_set: Mouse scroll set to 0/0[0m
[00:01:08.254,547] [0m<dbg> zmk: zmk_hid_mouse_movement_set: Mouse movement set to 0/0[0m
[00:01:08.262,329] [0m<inf> exp02_logging: XY 68262 -8355840 -8355840[0m
[00:01:08.262,451] [0m<dbg> zmk: zmk_hid_mouse_movement_set: Mouse movement set to 0/0[0m
[00:01:08.262,451] [0m<dbg> zmk: zmk_hid_mouse_scroll_set: Mouse scroll set to 0/0[0m
[00:01:08.262,481] [0m<dbg> zmk: zmk_hid_mouse_movement_set: Mouse movement set to 0/0[0m
[00:01:08.270,355] [0m<inf> exp02_logging: XY 68270 -8355840 -7961069[0m
[00:01:08.270,446] [0m<dbg> zmk: zmk_hid_mouse_movement_set: Mouse movement set to 0/76[0m
[00:01:08.270,477] [0m<dbg> zmk: zmk_hid_mouse_scroll_set: Mouse scroll set to 0/0[0m
[00:01:08.270,477] [0m<dbg> zmk: zmk_hid_mouse_movement_set: Mouse movement set to 0/0[0m
[00:01:08.278,472] [0m<inf> exp02_logging: XY 68278 -2895081 -8355840[0m
[00:01:08.278,594] [0m<dbg> zmk: zmk_hid_mouse_movement_set: Mouse movement set to 127/0[0m
[00:01:08.278,594] [0m<dbg> zmk: zmk_hid_mouse_scroll_set: Mouse scroll set to 0/0[0m
[00:01:08.278,625] [0m<dbg> zmk: zmk_hid_mouse_movement_set: Mouse movement set to 0/0[0m
[00:01:08.286,407] [0m<inf> exp02_logging: XY 68286 -8355840 -8355840[0m
[00:01:08.286,499] [0m<dbg> zmk: zmk_hid_mouse_movement_set: Mouse movement set to 0/0[0m
[00:01:08.286,499] [0m<dbg> zmk: zmk_hid_mouse_scroll_set: Mouse scroll set to 0/0[0m
[00:01:08.286,529] [0m<dbg> zmk: zmk_hid_mouse_movement_set: Mouse movement set to 0/0[0m
[00:01:08.294,433] [0m<inf> exp02_logging: XY 68294 -6447664 -1710671[0m
[00:01:08.294,586] [0m<dbg> zmk: zmk_hid_mouse_movement_set: Mouse movement set to 127/127[0m
[00:01:08.294,586] [0m<dbg> zmk: zmk_hid_mouse_scroll_set: Mouse scroll set to 0/0[0m
[00:01:08.294,616] [0m<dbg> zmk: zmk_hid_mouse_movement_set: Mouse movement set to 0/0[0m
[00:01:08.302,551] [0m<inf> exp02_logging: XY 68302 -8355840 -8355840[0m
[00:01:08.302,642] [0m<dbg> zmk: zmk_hid_mouse_movement_set: Mouse movement set to 0/0[0m
[00:01:08.302,673] [0m<dbg> zmk: zmk_hid_mouse_scroll_set: Mouse scroll set to 0/0[0m
[00:01:08.302,673] [0m<dbg> zmk: zmk_hid_mouse_movement_set: Mouse movement set to 0/0[0m
[00:01:08.310,485] [0m<inf> exp02_logging: XY 68310 -8355840 -8158315[0m
[00:01:08.310,577] [0m<dbg> zmk: zmk_hid_mouse_movement_set: Mouse movement set to 0/38[0m
[00:01:08.310,577] [0m<dbg> zmk: zmk_hid_mouse_scroll_set: Mouse scroll set to 0/0[0m
[00:01:08.310,607] [0m<dbg> zmk: zmk_hid_mouse_movement_set: Mouse movement set to 0/0[0m
[00:01:08.318,511] [0m<inf> exp02_logging: XY 68318 -3289700 -8355840[0m
[00:01:08.318,634] [0m<dbg> zmk: zmk_hid_mouse_movement_set: Mouse movement set to 127/0[0m
[00:01:08.318,664] [0m<dbg> zmk: zmk_hid_mouse_scroll_set: Mouse scroll set to 0/0[0m
[00:01:08.318,664] [0m<dbg> zmk: zmk_hid_mouse_movement_set: Mouse movement set to 0/0[0m
[00:01:08.326,629] [0m<inf> exp02_logging: XY 68326 -8355840 -8355840[0m
[00:01:08.326,690] [0m<dbg> zmk: zmk_hid_mouse_movement_set: Mouse movement set to 0/0[0m
[00:01:08.326,721] [0m<dbg> zmk: zmk_hid_mouse_scroll_set: Mouse scroll set to 0/0[0m
[00:01:08.326,721] [0m<dbg> zmk: zmk_hid_mouse_movement_set: Mouse movement set to 0/0[0m
[00:01:08.334,564] [0m<inf> exp02_logging: XY 68334 -6250342 -2171166[0m
[00:01:08.334,686] [0m<dbg> zmk: zmk_hid_mouse_movement_set: Mouse movement set to 127/127[0m
[00:01:08.334,716] [0m<dbg> zmk: zmk_hid_mouse_scroll_set: Mouse scroll set to 0/0[0m
[00:01:08.334,716] [0m<dbg> zmk: zmk_hid_mouse_movement_set: Mouse movement set to 0/0[0m
[00:01:08.342,590] [0m<inf> exp02_logging: XY 68342 -8355840 -8355840[0m
[00:01:08.342,712] [0m<dbg> zmk: zmk_hid_mouse_movement_set: Mouse movement set to 0/0[0m
[00:01:08.342,742] [0m<dbg> zmk: zmk_hid_mouse_scroll_set: Mouse scroll set to 0/0[0m
[00:01:08.342,742] [0m<dbg> zmk: zmk_hid_mouse_movement_set: Mouse movement set to 0/0[0m
[00:01:08.350,708] [0m<inf> exp02_logging: XY 68350 -8355840 -7961025[0m
[00:01:08.350,769] [0m<dbg> zmk: zmk_hid_mouse_movement_set: Mouse movement set to 0/76[0m
[00:01:08.350,799] [0m<dbg> zmk: zmk_hid_mouse_scroll_set: Mouse scroll set to 0/0[0m
[00:01:08.350,799] [0m<dbg> zmk: zmk_hid_mouse_movement_set: Mouse movement set to 0/0[0m
[00:01:08.358,642] [0m<inf> exp02_logging: XY 68358 -3750366 -8355840[0m
[00:01:08.358,764] [0m<dbg> zmk: zmk_hid_mouse_movement_set: Mouse movement set to 127/0[0m
[00:01:08.358,795] [0m<dbg> zmk: zmk_hid_mouse_scroll_set: Mouse scroll set to 0/0[0m
[00:01:08.358,795] [0m<dbg> zmk: zmk_hid_mouse_movement_set: Mouse movement set to 0/0[0m
[00:01:08.366,668] [0m<inf> exp02_logging: XY 68366 -8355840 -8355840[0m
[00:01:08.366,760] [0m<dbg> zmk: zmk_hid_mouse_movement_set: Mouse movement set to 0/0[0m
[00:01:08.366,760] [0m<dbg> zmk: zmk_hid_mouse_scroll_set: Mouse scroll set to 0/0[0m
[00:01:08.366,790] [0m<dbg> zmk: zmk_hid_mouse_movement_set: Mouse movement set to 0/0[0m
[00:01:08.374,786] [0m<inf> exp02_logging: XY 68374 -5789703 -2697665[0m
[00:01:08.374,908] [0m<dbg> zmk: zmk_hid_mouse_movement_set: Mouse movement set to 127/127[0m
[00:01:08.374,908] [0m<dbg> zmk: zmk_hid_mouse_scroll_set: Mouse scroll set to 0/0[0m
[00:01:08.374,938] [0m<dbg> zmk: zmk_hid_mouse_movement_set: Mouse movement set to 0/0[0m
[00:01:08.382,720] [0m<inf> exp02_logging: XY 68382 -8355840 -8355840[0m
[00:01:08.382,843] [0m<dbg> zmk: zmk_hid_mouse_movement_set: Mouse movement set to 0/0[0m
[00:01:08.382,843] [0m<dbg> zmk: zmk_hid_mouse_scroll_set: Mouse scroll set to 0/0[0m
[00:01:08.382,873] [0m<dbg> zmk: zmk_hid_mouse_movement_set: Mouse movement set to 0/0[0m
[00:01:08.390,747] [0m<inf> exp02_logging: XY 68390 -8355840 -8092653[0m
[00:01:08.390,838] [0m<dbg> zmk: zmk_hid_mouse_movement_set: Mouse movement set to 0/51[0m
[00:01:08.390,869] [0m<dbg> zmk: zmk_hid_mouse_scroll_set: Mouse scroll set to 0/0[0m
[00:01:08.390,869] [0m<dbg> zmk: zmk_hid_mouse_movement_set: Mouse movement set to 0/0[0m
[00:01:08.398,864] [0m<inf> exp02_logging: XY 68398 -4276694 -8355840[0m
[00:01:08.398,986] [0m<dbg> zmk: zmk_hid_mouse_movement_set: Mouse movement set to 127/0[0m
[00:01:08.398,986] [0m<dbg> zmk: zmk_hid_mouse_scroll_set: Mouse scroll set to 0/0[0m
[00:01:08.399,017] [0m<dbg> zmk: zmk_hid_mouse_movement_set: Mouse movement set to 0/0[0m
[00:01:08.406,799] [0m<inf> exp02_logging: XY 68406 -8355840 -8355840[0m
[00:01:08.406,890] [0m<dbg> zmk: zmk_hid_mouse_movement_set: Mouse movement set to 0/0[0m
[00:01:08.406,890] [0m<dbg> zmk: zmk_hid_mouse_scroll_set: Mouse scroll set to 0/0[0m
[00:01:08.406,921] [0m<dbg> zmk: zmk_hid_mouse_movement_set: Mouse movement set to 0/0[0m
[00:01:08.414,825] [0m<inf> exp02_logging: XY 68414 -5526601 -2960745[0m
[00:01:08.414,978] [0m<dbg> zmk: zmk_hid_mouse_movement_set: Mouse movement set to 127/127[0m
[00:01:08.414,978] [0m<dbg> zmk: zmk_hid_mouse_scroll_set: Mouse scroll set to 0/0[0m
[00:01:08.415,008] [0m<dbg> zmk: zmk_hid_mouse_movement_set: Mouse movement set to 0/0[0m
[00:01:08.422,943] [0m<inf> exp02_logging: XY 68422 -8355840 -8355840[0m
[00:01:08.423,034] [0m<dbg> zmk: zmk_hid_mouse_movement_set: Mouse movement set to 0/0[0m
[00:01:08.423,065] [0m<dbg> zmk: zmk_hid_mouse_scroll_set: Mouse scroll set to 0/0[0m
[00:01:08.423,095] [0m<dbg> zmk: zmk_hid_mouse_movement_set: Mouse movement set to 0/0[0m
[00:01:08.430,877] [0m<inf> exp02_logging: XY 68430 -8355840 -8158413[0m
[00:01:08.430,969] [0m<dbg> zmk: zmk_hid_mouse_movement_set: Mouse movement set to 0/38[0m
[00:01:08.430,999] [0m<dbg> zmk: zmk_hid_mouse_scroll_set: Mouse scroll set to 0/0[0m
[00:01:08.430,999] [0m<dbg> zmk: zmk_hid_mouse_movement_set: Mouse movement set to 0/0[0m
[00:01:08.438,903] [0m<inf> exp02_logging: XY 68438 -4539731 -8355840[0m
[00:01:08.439,025] [0m<dbg> zmk: zmk_hid_mouse_movement_set: Mouse movement set to 127/0[0m
[00:01:08.439,056] [0m<dbg> zmk: zmk_hid_mouse_scroll_set: Mouse scroll set to 0/0[0m
[00:01:08.439,056] [0m<dbg> zmk: zmk_hid_mouse_movement_set: Mouse movement set to 0/0[0m
[00:01:08.447,021] [0m<inf> exp02_logging: XY 68446 -8355840 -8355840[0m
[00:01:08.447,082] [0m<dbg> zmk: zmk_hid_mouse_movement_set: Mouse movement set to 0/0[0m
[00:01:08.447,113] [0m<dbg> zmk: zmk_hid_mouse_scroll_set: Mouse scroll set to 0/0[0m
[00:01:08.447,113] [0m<dbg> zmk: zmk_hid_mouse_movement_set: Mouse movement set to 0/0[0m
[00:01:08.454,986] [0m<inf> exp02_logging: XY 68454 -5131819 -3421368[0m
[00:01:08.455,108] [0m<dbg> zmk: zmk_hid_mouse_movement_set: Mouse movement set to 127/127[0m
[00:01:08.455,108] [0m<dbg> zmk: zmk_hid_mouse_scroll_set: Mouse scroll set to 0/0[0m
[00:01:08.455,139] [0m<dbg> zmk: zmk_hid_mouse_movement_set: Mouse movement set to 0/0[0m
[00:01:08.462,982] [0m<inf> exp02_logging: XY 68462 -8355840 -8355840[0m
[00:01:08.463,104] [0m<dbg> zmk: zmk_hid_mouse_movement_set: Mouse movement set to 0/0[0m
[00:01:08.463,134] [0m<dbg> zmk: zmk_hid_mouse_scroll_set: Mouse scroll set to 0/0[0m
[00:01:08.463,134] [0m<dbg> zmk: zmk_hid_mouse_movement_set: Mouse movement set to 0/0[0m
[00:01:08.471,099] [0m<inf> exp02_logging: XY 68471 -8355840 -7961087[0m
[00:01:08.471,160] [0m<dbg> zmk: zmk_hid_mouse_movement_set: Mouse movement set to 0/76[0m
[00:01:08.471,191] [0m<dbg> zmk: zmk_hid_mouse_scroll_set: Mouse scroll set to 0/0[0m
[00:01:08.471,221] [0m<dbg> zmk: zmk_hid_mouse_movement_set: Mouse movement set to 0/0[0m
[00:01:08.479,034] [0m<inf> exp02_logging: XY 68479 -5066103 -8355840[0m
[00:01:08.479,156] [0m<dbg> zmk: zmk_hid_mouse_movement_set: Mouse movement set to 127/0[0m
[00:01:08.479,187] [0m<dbg> zmk: zmk_hid_mouse_scroll_set: Mouse scroll set to 0/0[0m
[00:01:08.479,187] [0m<dbg> zmk: zmk_hid_mouse_movement_set: Mouse movement set to 0/0[0m
[00:01:08.487,060] [0m<inf> exp02_logging: XY 68487 -8355840 -8355840[0m
[00:01:08.487,152] [0m<dbg> zmk: zmk_hid_mouse_movement_set: Mouse movement set to 0/0[0m
[00:01:08.487,152] [0m<dbg> zmk: zmk_hid_mouse_scroll_set: Mouse scroll set to 0/0[0m
[00:01:08.487,182] [0m<dbg> zmk: zmk_hid_mouse_movement_set: Mouse movement set to 0/0[0m
[00:01:08.495,178] [0m<inf> exp02_logging: XY 68495 -4671306 -4013317[0m
[00:01:08.495,300] [0m<dbg> zmk: zmk_hid_mouse_movement_set: Mouse movement set to 127/127[0m
[00:01:08.495,330] [0m<dbg> zmk: zmk_hid_mouse_scroll_set: Mouse scroll set to 0/0[0m
[00:01:08.495,330] [0m<dbg> zmk: zmk_hid_mouse_movement_set: Mouse movement set to 0/0[0m
[00:01:08.503,112] [0m<inf> exp02_logging: XY 68503 -8355840 -8355840[0m
[00:01:08.503,234] [0m<dbg> zmk: zmk_hid_mouse_movement_set: Mouse movement set to 0/0[0m
[00:01:08.503,234] [0m<dbg> zmk: zmk_hid_mouse_scroll_set: Mouse scroll set to 0/0[0m
[00:01:08.503,265] [0m<dbg> zmk: zmk_hid_mouse_movement_set: Mouse movement set to 0/0[0m
[00:01:08.511,138] [0m<inf> exp02_logging: XY 68511 -8355840 -7697695[0m
[00:01:08.511,230] [0m<dbg> zmk: zmk_hid_mouse_movement_set: Mouse movement set to 0/127[0m
[00:01:08.511,260] [0m<dbg> zmk: zmk_hid_mouse_scroll_set: Mouse scroll set to 0/0[0m
[00:01:08.511,260] [0m<dbg> zmk: zmk_hid_mouse_movement_set: Mouse movement set to 0/0[0m
[00:01:08.519,256] [0m<inf> exp02_logging: XY 68519 -5526683 -8355840[0m
[00:01:08.519,378] [0m<dbg> zmk: zmk_hid_mouse_movement_set: Mouse movement set to 127/0[0m
[00:01:08.519,378] [0m<dbg> zmk: zmk_hid_mouse_scroll_set: Mouse scroll set to 0/0[0m
[00:01:08.519,409] [0m<dbg> zmk: zmk_hid_mouse_movement_set: Mouse movement set to 0/0[0m
[00:01:08.527,191] [0m<inf> exp02_logging: XY 68527 -8355840 -8355840[0m
[00:01:08.527,282] [0m<dbg> zmk: zmk_hid_mouse_movement_set: Mouse movement set to 0/0[0m
[00:01:08.527,282] [0m<dbg> zmk: zmk_hid_mouse_scroll_set: Mouse scroll set to 0/0[0m
[00:01:08.527,313] [0m<dbg> zmk: zmk_hid_mouse_movement_set: Mouse movement set to 0/0[0m
[00:01:08.535,217] [0m<inf> exp02_logging: XY 68535 -4144933 -4079321[0m
[00:01:08.535,369] [0m<dbg> zmk: zmk_hid_mouse_movement_set: Mouse movement set to 127/127[0m
[00:01:08.535,369] [0m<dbg> zmk: zmk_hid_mouse_scroll_set: Mouse scroll set to 0/0[0m
[00:01:08.535,400] [0m<dbg> zmk: zmk_hid_mouse_movement_set: Mouse movement set to 0/0[0m
[00:01:08.543,334] [0m<inf> exp02_logging: XY 68543 -8355840 -8355840[0m
[00:01:08.543,426] [0m<dbg> zmk: zmk_hid_mouse_movement_set: Mouse movement set to 0/0[0m
[00:01:08.543,457] [0m<dbg> zmk: zmk_hid_mouse_scroll_set: Mouse scroll set to 0/0[0m
[00:01:08.543,487] [0m<dbg> zmk: zmk_hid_mouse_movement_set: Mouse movement set to 0/0[0m
[00:01:08.551,300] [0m<inf> exp02_logging: XY 68551 -8355840 -6842378[0m
[00:01:08.551,361] [0m<dbg> zmk: zmk_hid_mouse_movement_set: Mouse movement set to 0/127[0m
[00:01:08.551,391] [0m<dbg> zmk: zmk_hid_mouse_scroll_set: Mouse scroll set to 0/0[0m
[00:01:08.551,422] [0m<dbg> zmk: zmk_hid_mouse_movement_set: Mouse movement set to 0/0[0m
[00:01:08.559,295] [0m<inf> exp02_logging: XY 68559 -5724141 -8355840[0m
[00:01:08.559,417] [0m<dbg> zmk: zmk_hid_mouse_movement_set: Mouse movement set to 127/0[0m
[00:01:08.559,448] [0m<dbg> zmk: zmk_hid_mouse_scroll_set: Mouse scroll set to 0/0[0m
[00:01:08.559,448] [0m<dbg> zmk: zmk_hid_mouse_movement_set: Mouse movement set to 0/0[0m
[00:01:08.567,413] [0m<inf> exp02_logging: XY 68567 -8355840 -8355840[0m
[00:01:08.567,474] [0m<dbg> zmk: zmk_hid_mouse_movement_set: Mouse movement set to 0/0[0m
[00:01:08.567,504] [0m<dbg> zmk: zmk_hid_mouse_scroll_set: Mouse scroll set to 0/0[0m
[00:01:08.567,504] [0m<dbg> zmk: zmk_hid_mouse_movement_set: Mouse movement set to 0/0[0m
[00:01:08.575,378] [0m<inf> exp02_logging: XY 68575 -3355602 -4737232[0m
[00:01:08.575,500] [0m<dbg> zmk: zmk_hid_mouse_movement_set: Mouse movement set to 127/127[0m
[00:01:08.575,531] [0m<dbg> zmk: zmk_hid_mouse_scroll_set: Mouse scroll set to 0/0[0m
[00:01:08.575,531] [0m<dbg> zmk: zmk_hid_mouse_movement_set: Mouse movement set to 0/0[0m
[00:01:08.583,374] [0m<inf> exp02_logging: XY 68583 -8355840 -8355840[0m
[00:01:08.583,496] [0m<dbg> zmk: zmk_hid_mouse_movement_set: Mouse movement set to 0/0[0m
[00:01:08.583,526] [0m<dbg> zmk: zmk_hid_mouse_scroll_set: Mouse scroll set to 0/0[0m
[00:01:08.583,526] [0m<dbg> zmk: zmk_hid_mouse_movement_set: Mouse movement set to 0/0[0m
[00:01:08.591,491] [0m<inf> exp02_logging: XY 68591 -8355840 -5789792[0m
[00:01:08.591,552] [0m<dbg> zmk: zmk_hid_mouse_movement_set: Mouse movement set to 0/127[0m
[00:01:08.591,583] [0m<dbg> zmk: zmk_hid_mouse_scroll_set: Mouse scroll set to 0/0[0m
[00:01:08.591,613] [0m<dbg> zmk: zmk_hid_mouse_movement_set: Mouse movement set to 0/0[0m
[00:01:08.599,426] [0m<inf> exp02_logging: XY 68599 -5987263 -8355840[0m
[00:01:08.599,548] [0m<dbg> zmk: zmk_hid_mouse_movement_set: Mouse movement set to 127/0[0m
[00:01:08.599,578] [0m<dbg> zmk: zmk_hid_mouse_scroll_set: Mouse scroll set to 0/0[0m
[00:01:08.599,578] [0m<dbg> zmk: zmk_hid_mouse_movement_set: Mouse movement set to 0/0[0m
[00:01:08.607,452] [0m<inf> exp02_logging: XY 68607 -8355840 -8355840[0m
[00:01:08.607,543] [0m<dbg> zmk: zmk_hid_mouse_movement_set: Mouse movement set to 0/0[0m
[00:01:08.607,543] [0m<dbg> zmk: zmk_hid_mouse_scroll_set: Mouse scroll set to 0/0[0m
[00:01:08.607,574] [0m<dbg> zmk: zmk_hid_mouse_movement_set: Mouse movement set to 0/0[0m
[00:01:08.615,570] [0m<inf> exp02_logging: XY 68615 -855407 -5131936[0m
[00:01:08.615,692] [0m<dbg> zmk: zmk_hid_mouse_movement_set: Mouse movement set to 127/127[0m
[00:01:08.615,722] [0m<dbg> zmk: zmk_hid_mouse_scroll_set: Mouse scroll set to 0/0[0m
[00:01:08.615,722] [0m<dbg> zmk: zmk_hid_mouse_movement_set: Mouse movement set to 0/0[0m
[00:01:08.623,504] [0m<inf> exp02_logging: XY 68623 -8355840 -8355840[0m
[00:01:08.623,626] [0m<dbg> zmk: zmk_hid_mouse_movement_set: Mouse movement set to 0/0[0m
[00:01:08.623,626] [0m<dbg> zmk: zmk_hid_mouse_scroll_set: Mouse scroll set to 0/0[0m
[00:01:08.623,657] [0m<dbg> zmk: zmk_hid_mouse_movement_set: Mouse movement set to 0/0[0m
[00:01:08.631,530] [0m<inf> exp02_logging: XY 68631 -8355840 -4802860[0m
[00:01:08.631,622] [0m<dbg> zmk: zmk_hid_mouse_movement_set: Mouse movement set to 0/127[0m
[00:01:08.631,652] [0m<dbg> zmk: zmk_hid_mouse_scroll_set: Mouse scroll set to 0/0[0m
[00:01:08.631,652] [0m<dbg> zmk: zmk_hid_mouse_movement_set: Mouse movement set to 0/0[0m
[00:01:08.639,648] [0m<inf> exp02_logging: XY 68639 -6579298 -8355840[0m
[00:01:08.639,770] [0m<dbg> zmk: zmk_hid_mouse_movement_set: Mouse movement set to 127/0[0m
[00:01:08.639,770] [0m<dbg> zmk: zmk_hid_mouse_scroll_set: Mouse scroll set to 0/0[0m
[00:01:08.639,801] [0m<dbg> zmk: zmk_hid_mouse_movement_set: Mouse movement set to 0/0[0m
[00:01:08.647,583] [0m<inf> exp02_logging: XY 68647 -8355840 -8355840[0m
[00:01:08.647,674] [0m<dbg> zmk: zmk_hid_mouse_movement_set: Mouse movement set to 0/0[0m
[00:01:08.647,674] [0m<dbg> zmk: zmk_hid_mouse_scroll_set: Mouse scroll set to 0/0[0m
[00:01:08.647,705] [0m<dbg> zmk: zmk_hid_mouse_movement_set: Mouse movement set to 0/0[0m
[00:01:08.655,609] [0m<inf> exp02_logging: XY 68655 -855428 -5329225[0m
[00:01:08.655,731] [0m<dbg> zmk: zmk_hid_mouse_movement_set: Mouse movement set to 127/127[0m
[00:01:08.655,761] [0m<dbg> zmk: zmk_hid_mouse_scroll_set: Mouse scroll set to 0/0[0m
[00:01:08.655,792] [0m<dbg> zmk: zmk_hid_mouse_movement_set: Mouse movement set to 0/0[0m
[00:01:08.663,726] [0m<inf> exp02_logging: XY 68663 -8355840 -8355840[0m
[00:01:08.663,818] [0m<dbg> zmk: zmk_hid_mouse_movement_set: Mouse movement set to 0/0[0m
[00:01:08.663,848] [0m<dbg> zmk: zmk_hid_mouse_scroll_set: Mouse scroll set to 0/0[0m
[00:01:08.663,879] [0m<dbg> zmk: zmk_hid_mouse_movement_set: Mouse movement set to 0/0[0m
[00:01:08.671,661] [0m<inf> exp02_logging: XY 68671 -8355840 -1710764[0m
[00:01:08.671,752] [0m<dbg> zmk: zmk_hid_mouse_movement_set: Mouse movement set to 0/127[0m
[00:01:08.671,752] [0m<dbg> zmk: zmk_hid_mouse_scroll_set: Mouse scroll set to 0/0[0m
[00:01:08.671,783] [0m<dbg> zmk: zmk_hid_mouse_movement_set: Mouse movement set to 0/0[0m
[00:01:08.679,687] [0m<inf> exp02_logging: XY 68679 -6513550 -8355840[0m
[00:01:08.679,809] [0m<dbg> zmk: zmk_hid_mouse_movement_set: Mouse movement set to 127/0[0m
[00:01:08.679,840] [0m<dbg> zmk: zmk_hid_mouse_scroll_set: Mouse scroll set to 0/0[0m
[00:01:08.679,840] [0m<dbg> zmk: zmk_hid_mouse_movement_set: Mouse movement set to 0/0[0m
[00:01:08.687,805] [0m<inf> exp02_logging: XY 68687 -8355840 -8355840[0m
[00:01:08.687,866] [0m<dbg> zmk: zmk_hid_mouse_movement_set: Mouse movement set to 0/0[0m
[00:01:08.687,896] [0m<dbg> zmk: zmk_hid_mouse_scroll_set: Mouse scroll set to 0/0[0m
[00:01:08.687,896] [0m<dbg> zmk: zmk_hid_mouse_movement_set: Mouse movement set to 0/0[0m
[00:01:08.695,739] [0m<inf> exp02_logging: XY 68695 -855538 -5789933[0m
[00:01:08.695,861] [0m<dbg> zmk: zmk_hid_mouse_movement_set: Mouse movement set to 127/127[0m
[00:01:08.695,892] [0m<dbg> zmk: zmk_hid_mouse_scroll_set: Mouse scroll set to 0/0[0m
[00:01:08.695,892] [0m<dbg> zmk: zmk_hid_mouse_movement_set: Mouse movement set to 0/0[0m
[00:01:08.703,765] [0m<inf> exp02_logging: XY 68703 -8355840 -8355840[0m
[00:01:08.703,887] [0m<dbg> zmk: zmk_hid_mouse_movement_set: Mouse movement set to 0/0[0m
[00:01:08.703,918] [0m<dbg> zmk: zmk_hid_mouse_scroll_set: Mouse scroll set to 0/0[0m
[00:01:08.703,918] [0m<dbg> zmk: zmk_hid_mouse_movement_set: Mouse movement set to 0/0[0m
[00:01:08.711,883] [0m<inf> exp02_logging: XY 68711 -8355840 -921090[0m
[00:01:08.711,944] [0m<dbg> zmk: zmk_hid_mouse_movement_set: Mouse movement set to 0/127[0m
[00:01:08.711,975] [0m<dbg> zmk: zmk_hid_mouse_scroll_set: Mouse scroll set to 0/0[0m
[00:01:08.711,975] [0m<dbg> zmk: zmk_hid_mouse_movement_set: Mouse movement set to 0/0[0m
[00:01:08.719,818] [0m<inf> exp02_logging: XY 68719 -7237295 -8355840[0m
[00:01:08.719,940] [0m<dbg> zmk: zmk_hid_mouse_movement_set: Mouse movement set to 127/0[0m
[00:01:08.719,970] [0m<dbg> zmk: zmk_hid_mouse_scroll_set: Mouse scroll set to 0/0[0m
[00:01:08.719,970] [0m<dbg> zmk: zmk_hid_mouse_movement_set: Mouse movement set to 0/0[0m
[00:01:08.727,844] [0m<inf> exp02_logging: XY 68727 -8355840 -8355840[0m
[00:01:08.727,935] [0m<dbg> zmk: zmk_hid_mouse_movement_set: Mouse movement set to 0/0[0m
[00:01:08.727,935] [0m<dbg> zmk: zmk_hid_mouse_scroll_set: Mouse scroll set to 0/0[0m
[00:01:08.727,966] [0m<dbg> zmk: zmk_hid_mouse_movement_set: Mouse movement set to 0/0[0m
[00:01:08.735,961] [0m<inf> exp02_logging: XY 68735 -855347 -6381840[0m
[00:01:08.736,083] [0m<dbg> zmk: zmk_hid_mouse_movement_set: Mouse movement set to 127/127[0m
[00:01:08.736,114] [0m<dbg> zmk: zmk_hid_mouse_scroll_set: Mouse scroll set to 0/0[0m
[00:01:08.736,114] [0m<dbg> zmk: zmk_hid_mouse_movement_set: Mouse movement set to 0/0[0m
[00:01:08.743,896] [0m<inf> exp02_logging: XY 68743 -8355840 -8355840[0m
[00:01:08.744,018] [0m<dbg> zmk: zmk_hid_mouse_movement_set: Mouse movement set to 0/0[0m
[00:01:08.744,018] [0m<dbg> zmk: zmk_hid_mouse_scroll_set: Mouse scroll set to 0/0[0m
[00:01:08.744,049] [0m<dbg> zmk: zmk_hid_mouse_movement_set: Mouse movement set to 0/0[0m
[00:01:08.751,922] [0m<inf> exp02_logging: XY 68751 -8355840 -921189[0m
[00:01:08.752,014] [0m<dbg> zmk: zmk_hid_mouse_movement_set: Mouse movement set to 0/127[0m
[00:01:08.752,044] [0m<dbg> zmk: zmk_hid_mouse_scroll_set: Mouse scroll set to 0/0[0m
[00:01:08.752,044] [0m<dbg> zmk: zmk_hid_mouse_movement_set: Mouse movement set to 0/0[0m
[00:01:08.760,040] [0m<inf> exp02_logging: XY 68760 -8289825 -8355840[0m
[00:01:08.760,162] [0m<dbg> zmk: zmk_hid_mouse_movement_set: Mouse movement set to 12/0[0m
[00:01:08.760,162] [0m<dbg> zmk: zmk_hid_mouse_scroll_set: Mouse scroll set to 0/0[0m
[00:01:08.760,192] [0m<dbg> zmk: zmk_hid_mouse_movement_set: Mouse movement set to 0/0[0m
[00:01:08.767,974] [0m<inf> exp02_logging: XY 68767 -8355840 -8355840[0m
[00:01:08.768,066] [0m<dbg> zmk: zmk_hid_mouse_movement_set: Mouse movement set to 0/0[0m
[00:01:08.768,066] [0m<dbg> zmk: zmk_hid_mouse_scroll_set: Mouse scroll set to 0/0[0m
[00:01:08.768,096] [0m<dbg> zmk: zmk_hid_mouse_movement_set: Mouse movement set to 0/0[0m
[00:01:08.776,000] [0m<inf> exp02_logging: XY 68776 -789747 -6710796[0m
[00:01:08.776,123] [0m<dbg> zmk: zmk_hid_mouse_movement_set: Mouse movement set to 127/127[0m
[00:01:08.776,153] [0m<dbg> zmk: zmk_hid_mouse_scroll_set: Mouse scroll set to 0/0[0m
[00:01:08.776,184] [0m<dbg> zmk: zmk_hid_mouse_movement_set: Mouse movement set to 0/0[0m
[00:01:08.784,118] [0m<inf> exp02_logging: XY 68784 -8355840 -8355840[0m
[00:01:08.784,210] [0m<dbg> zmk: zmk_hid_mouse_movement_set: Mouse movement set to 0/0[0m
[00:01:08.784,240] [0m<dbg> zmk: zmk_hid_mouse_scroll_set: Mouse scroll set to 0/0[0m
[00:01:08.784,271] [0m<dbg> zmk: zmk_hid_mouse_movement_set: Mouse movement set to 0/0[0m
[00:01:08.792,053] [0m<inf> exp02_logging: XY 68792 -8355840 -921210[0m
[00:01:08.792,144] [0m<dbg> zmk: zmk_hid_mouse_movement_set: Mouse movement set to 0/127[0m
[00:01:08.792,144] [0m<dbg> zmk: zmk_hid_mouse_scroll_set: Mouse scroll set to 0/0[0m
[00:01:08.792,175] [0m<dbg> zmk: zmk_hid_mouse_movement_set: Mouse movement set to 0/0[0m
[00:01:08.800,079] [0m<inf> exp02_logging: XY 68800 -8355786 -8355840[0m
[00:01:08.800,170] [0m<dbg> zmk: zmk_hid_mouse_movement_set: Mouse movement set to 0/0[0m
[00:01:08.800,201] [0m<dbg> zmk: zmk_hid_mouse_scroll_set: Mouse scroll set to 0/0[0m
[00:01:08.800,201] [0m<dbg> zmk: zmk_hid_mouse_movement_set: Mouse movement set to 0/0[0m
[00:01:08.808,197] [0m<inf> exp02_logging: XY 68808 -8355840 -8355840[0m
[00:01:08.816,162] [0m<inf> exp02_logging: XY 68816 -789553 -6842505[0m
[00:01:08.816,284] [0m<dbg> zmk: zmk_hid_mouse_movement_set: Mouse movement set to 127/127[0m
[00:01:08.816,314] [0m<dbg> zmk: zmk_hid_mouse_scroll_set: Mouse scroll set to 0/0[0m
[00:01:08.816,314] [0m<dbg> zmk: zmk_hid_mouse_movement_set: Mouse movement set to 0/0[0m
[00:01:08.824,249] [0m<inf> exp02_logging: XY 68824 -8355840 -8355840[0m
[00:01:08.824,340] [0m<dbg> zmk: zmk_hid_mouse_movement_set: Mouse movement set to 0/0[0m
[00:01:08.824,371] [0m<dbg> zmk: zmk_hid_mouse_scroll_set: Mouse scroll set to 0/0[0m
[00:01:08.824,401] [0m<dbg> zmk: zmk_hid_mouse_movement_set: Mouse movement set to 0/0[0m
[00:01:08.832,183] [0m<inf> exp02_logging: XY 68832 -8289960 -855534[0m
[00:01:08.832,305] [0m<dbg> zmk: zmk_hid_mouse_movement_set: Mouse movement set to 12/127[0m
[00:01:08.832,336] [0m<dbg> zmk: zmk_hid_mouse_scroll_set: Mouse scroll set to 0/0[0m
[00:01:08.832,336] [0m<dbg> zmk: zmk_hid_mouse_movement_set: Mouse movement set to 0/0[0m
[00:01:08.840,209] [0m<inf> exp02_logging: XY 68840 -8355840 -8355840[0m
[00:01:08.840,332] [0m<dbg> zmk: zmk_hid_mouse_movement_set: Mouse movement set to 0/0[0m
[00:01:08.840,362] [0m<dbg> zmk: zmk_hid_mouse_scroll_set: Mouse scroll set to 0/0[0m
[00:01:08.840,362] [0m<dbg> zmk: zmk_hid_mouse_movement_set: Mouse movement set to 0/0[0m
[00:01:08.848,327] [0m<inf> exp02_logging: XY 68848 -8355840 -8355840[0m
[00:01:08.856,292] [0m<inf> exp02_logging: XY 68856 -789654 -7039836[0m
[00:01:08.856,414] [0m<dbg> zmk: zmk_hid_mouse_movement_set: Mouse movement set to 127/127[0m
[00:01:08.856,445] [0m<dbg> zmk: zmk_hid_mouse_scroll_set: Mouse scroll set to 0/0[0m
[00:01:08.856,445] [0m<dbg> zmk: zmk_hid_mouse_movement_set: Mouse movement set to 0/0[0m
[00:01:08.864,379] [0m<inf> exp02_logging: XY 68864 -8355840 -8355840[0m
[00:01:08.864,471] [0m<dbg> zmk: zmk_hid_mouse_movement_set: Mouse movement set to 0/0[0m
[00:01:08.864,501] [0m<dbg> zmk: zmk_hid_mouse_scroll_set: Mouse scroll set to 0/0[0m
[00:01:08.864,532] [0m<dbg> zmk: zmk_hid_mouse_movement_set: Mouse movement set to 0/0[0m
[00:01:08.872,314] [0m<inf> exp02_logging: XY 68872 -7961009 -855507[0m
[00:01:08.872,436] [0m<dbg> zmk: zmk_hid_mouse_movement_set: Mouse movement set to 76/127[0m
[00:01:08.872,467] [0m<dbg> zmk: zmk_hid_mouse_scroll_set: Mouse scroll set to 0/0[0m
[00:01:08.872,467] [0m<dbg> zmk: zmk_hid_mouse_movement_set: Mouse movement set to 0/0[0m
[00:01:08.880,340] [0m<inf> exp02_logging: XY 68880 -8355840 -8355840[0m
[00:01:08.880,462] [0m<dbg> zmk: zmk_hid_mouse_movement_set: Mouse movement set to 0/0[0m
[00:01:08.880,493] [0m<dbg> zmk: zmk_hid_mouse_scroll_set: Mouse scroll set to 0/0[0m
[00:01:08.880,493] [0m<dbg> zmk: zmk_hid_mouse_movement_set: Mouse movement set to 0/0[0m
[00:01:08.888,458] [0m<inf> exp02_logging: XY 68888 -8355840 -8355840[0m
[00:01:08.896,423] [0m<inf> exp02_logging: XY 68896 -789544 -7237124[0m
[00:01:08.896,545] [0m<dbg> zmk: zmk_hid_mouse_movement_set: Mouse movement set to 127/127[0m
[00:01:08.896,575] [0m<dbg> zmk: zmk_hid_mouse_scroll_set: Mouse scroll set to 0/0[0m
[00:01:08.896,575] [0m<dbg> zmk: zmk_hid_mouse_movement_set: Mouse movement set to 0/0[0m
[00:01:08.904,510] [0m<inf> exp02_logging: XY 68904 -8355840 -8355840[0m
[00:01:08.904,602] [0m<dbg> zmk: zmk_hid_mouse_movement_set: Mouse movement set to 0/0[0m
[00:01:08.904,632] [0m<dbg> zmk: zmk_hid_mouse_scroll_set: Mouse scroll set to 0/0[0m
[00:01:08.904,632] [0m<dbg> zmk: zmk_hid_mouse_movement_set: Mouse movement set to 0/0[0m
[00:01:08.912,445] [0m<inf> exp02_logging: XY 68912 -7303150 -789727[0m
[00:01:08.912,567] [0m<dbg> zmk: zmk_hid_mouse_movement_set: Mouse movement set to 127/127[0m
[00:01:08.912,597] [0m<dbg> zmk: zmk_hid_mouse_scroll_set: Mouse scroll set to 0/0[0m
[00:01:08.912,597] [0m<dbg> zmk: zmk_hid_mouse_movement_set: Mouse movement set to 0/0[0m
[00:01:08.920,471] [0m<inf> exp02_logging: XY 68920 -8355840 -8355840[0m
[00:01:08.920,593] [0m<dbg> zmk: zmk_hid_mouse_movement_set: Mouse movement set to 0/0[0m
[00:01:08.920,593] [0m<dbg> zmk: zmk_hid_mouse_scroll_set: Mouse scroll set to 0/0[0m
[00:01:08.920,623] [0m<dbg> zmk: zmk_hid_mouse_movement_set: Mouse movement set to 0/0[0m
[00:01:08.928,588] [0m<inf> exp02_logging: XY 68928 -8355840 -8355840[0m
[00:01:08.936,553] [0m<inf> exp02_logging: XY 68936 -658011 -8355616[0m
[00:01:08.936,645] [0m<dbg> zmk: zmk_hid_mouse_movement_set: Mouse movement set to 127/0[0m
[00:01:08.936,676] [0m<dbg> zmk: zmk_hid_mouse_scroll_set: Mouse scroll set to 0/0[0m
[00:01:08.936,676] [0m<dbg> zmk: zmk_hid_mouse_movement_set: Mouse movement set to 0/0[0m
[00:01:08.944,641] [0m<inf> exp02_logging: XY 68944 -8355840 -8355840[0m
[00:01:08.944,702] [0m<dbg> zmk: zmk_hid_mouse_movement_set: Mouse movement set to 0/0[0m
[00:01:08.944,732] [0m<dbg> zmk: zmk_hid_mouse_scroll_set: Mouse scroll set to 0/0[0m
[00:01:08.944,732] [0m<dbg> zmk: zmk_hid_mouse_movement_set: Mouse movement set to 0/0[0m
[00:01:08.952,575] [0m<inf> exp02_logging: XY 68952 -6579378 -789713[0m
[00:01:08.952,697] [0m<dbg> zmk: zmk_hid_mouse_movement_set: Mouse movement set to 127/127[0m
[00:01:08.952,728] [0m<dbg> zmk: zmk_hid_mouse_scroll_set: Mouse scroll set to 0/0[0m
[00:01:08.952,728] [0m<dbg> zmk: zmk_hid_mouse_movement_set: Mouse movement set to 0/0[0m
[00:01:08.960,601] [0m<inf> exp02_logging: XY 68960 -8355840 -8355840[0m
[00:01:08.960,723] [0m<dbg> zmk: zmk_hid_mouse_movement_set: Mouse movement set to 0/0[0m
[00:01:08.960,754] [0m<dbg> zmk: zmk_hid_mouse_scroll_set: Mouse scroll set to 0/0[0m
[00:01:08.960,754] [0m<dbg> zmk: zmk_hid_mouse_movement_set: Mouse movement set to 0/0[0m
[00:01:08.968,719] [0m<inf> exp02_logging: XY 68968 -8355840 -8289948[0m
[00:01:08.968,780] [0m<dbg> zmk: zmk_hid_mouse_movement_set: Mouse movement set to 0/12[0m
[00:01:08.968,811] [0m<dbg> zmk: zmk_hid_mouse_scroll_set: Mouse scroll set to 0/0[0m
[00:01:08.968,841] [0m<dbg> zmk: zmk_hid_mouse_movement_set: Mouse movement set to 0/0[0m
[00:01:08.976,654] [0m<inf> exp02_logging: XY 68976 -592373 -8355743[0m
[00:01:08.976,776] [0m<dbg> zmk: zmk_hid_mouse_movement_set: Mouse movement set to 127/0[0m
[00:01:08.976,806] [0m<dbg> zmk: zmk_hid_mouse_scroll_set: Mouse scroll set to 0/0[0m
[00:01:08.976,806] [0m<dbg> zmk: zmk_hid_mouse_movement_set: Mouse movement set to 0/0[0m
[00:01:08.984,680] [0m<inf> exp02_logging: XY 68984 -8355840 -8355840[0m
[00:01:08.984,771] [0m<dbg> zmk: zmk_hid_mouse_movement_set: Mouse movement set to 0/0[0m
[00:01:08.984,771] [0m<dbg> zmk: zmk_hid_mouse_scroll_set: Mouse scroll set to 0/0[0m
[00:01:08.984,802] [0m<dbg> zmk: zmk_hid_mouse_movement_set: Mouse movement set to 0/0[0m
[00:01:08.992,797] [0m<inf> exp02_logging: XY 68992 -5789799 -789754[0m
[00:01:08.992,919] [0m<dbg> zmk: zmk_hid_mouse_movement_set: Mouse movement set to 127/127[0m
[00:01:08.992,950] [0m<dbg> zmk: zmk_hid_mouse_scroll_set: Mouse scroll set to 0/0[0m
[00:01:08.992,950] [0m<dbg> zmk: zmk_hid_mouse_movement_set: Mouse movement set to 0/0[0m
[00:01:09.000,732] [0m<inf> exp02_logging: XY 69000 -8355840 -8355840[0m
[00:01:09.000,854] [0m<dbg> zmk: zmk_hid_mouse_movement_set: Mouse movement set to 0/0[0m
[00:01:09.000,854] [0m<dbg> zmk: zmk_hid_mouse_scroll_set: Mouse scroll set to 0/0[0m
[00:01:09.000,885] [0m<dbg> zmk: zmk_hid_mouse_movement_set: Mouse movement set to 0/0[0m
[00:01:09.008,758] [0m<inf> exp02_logging: XY 69008 -8355840 -8092512[0m
[00:01:09.008,850] [0m<dbg> zmk: zmk_hid_mouse_movement_set: Mouse movement set to 0/51[0m
[00:01:09.008,880] [0m<dbg> zmk: zmk_hid_mouse_scroll_set: Mouse scroll set to 0/0[0m
[00:01:09.008,880] [0m<dbg> zmk: zmk_hid_mouse_movement_set: Mouse movement set to 0/0[0m
[00:01:09.016,876] [0m<inf> exp02_logging: XY 69016 -592242 -8355840[0m
[00:01:09.016,998] [0m<dbg> zmk: zmk_hid_mouse_movement_set: Mouse movement set to 127/0[0m
[00:01:09.016,998] [0m<dbg> zmk: zmk_hid_mouse_scroll_set: Mouse scroll set to 0/0[0m
[00:01:09.017,028] [0m<dbg> zmk: zmk_hid_mouse_movement_set: Mouse movement set to 0/0[0m
[00:01:09.024,810] [0m<inf> exp02_logging: XY 69024 -8355840 -8355840[0m
[00:01:09.024,871] [0m<dbg> zmk: zmk_hid_mouse_movement_set: Mouse movement set to 0/0[0m
[00:01:09.024,902] [0m<dbg> zmk: zmk_hid_mouse_scroll_set: Mouse scroll set to 0/0[0m
[00:01:09.024,902] [0m<dbg> zmk: zmk_hid_mouse_movement_set: Mouse movement set to 0/0[0m
[00:01:09.032,836] [0m<inf> exp02_logging: XY 69032 -5395101 -789621[0m
[00:01:09.032,989] [0m<dbg> zmk: zmk_hid_mouse_movement_set: Mouse movement set to 127/127[0m
[00:01:09.032,989] [0m<dbg> zmk: zmk_hid_mouse_scroll_set: Mouse scroll set to 0/0[0m
[00:01:09.033,020] [0m<dbg> zmk: zmk_hid_mouse_movement_set: Mouse movement set to 0/0[0m
[00:01:09.040,954] [0m<inf> exp02_logging: XY 69040 -8355840 -8355840[0m
[00:01:09.041,046] [0m<dbg> zmk: zmk_hid_mouse_movement_set: Mouse movement set to 0/0[0m
[00:01:09.041,076] [0m<dbg> zmk: zmk_hid_mouse_scroll_set: Mouse scroll set to 0/0[0m
[00:01:09.041,076] [0m<dbg> zmk: zmk_hid_mouse_movement_set: Mouse movement set to 0/0[0m
[00:01:09.048,889] [0m<inf> exp02_logging: XY 69048 -8355840 -7566113[0m
[00:01:09.048,980] [0m<dbg> zmk: zmk_hid_mouse_movement_set: Mouse movement set to 0/127[0m
[00:01:09.048,980] [0m<dbg> zmk: zmk_hid_mouse_scroll_set: Mouse scroll set to 0/0[0m
[00:01:09.049,011] [0m<dbg> zmk: zmk_hid_mouse_movement_set: Mouse movement set to 0/0[0m
[00:01:09.056,915] [0m<inf> exp02_logging: XY 69056 -592148 -8355840[0m
[00:01:09.057,037] [0m<dbg> zmk: zmk_hid_mouse_movement_set: Mouse movement set to 127/0[0m
[00:01:09.057,067] [0m<dbg> zmk: zmk_hid_mouse_scroll_set: Mouse scroll set to 0/0[0m
[00:01:09.057,067] [0m<dbg> zmk: zmk_hid_mouse_movement_set: Mouse movement set to 0/0[0m
[00:01:09.065,032] [0m<inf> exp02_logging: XY 69065 -8355840 -8355840[0m
[00:01:09.065,093] [0m<dbg> zmk: zmk_hid_mouse_movement_set: Mouse movement set to 0/0[0m
[00:01:09.065,124] [0m<dbg> zmk: zmk_hid_mouse_scroll_set: Mouse scroll set to 0/0[0m
[00:01:09.065,124] [0m<dbg> zmk: zmk_hid_mouse_movement_set: Mouse movement set to 0/0[0m
[00:01:09.072,967] [0m<inf> exp02_logging: XY 69072 -4934406 -723904[0m
[00:01:09.073,089] [0m<dbg> zmk: zmk_hid_mouse_movement_set: Mouse movement set to 127/127[0m
[00:01:09.073,120] [0m<dbg> zmk: zmk_hid_mouse_scroll_set: Mouse scroll set to 0/0[0m
[00:01:09.073,120] [0m<dbg> zmk: zmk_hid_mouse_movement_set: Mouse movement set to 0/0[0m
[00:01:09.080,993] [0m<inf> exp02_logging: XY 69080 -8355840 -8355840[0m
[00:01:09.081,115] [0m<dbg> zmk: zmk_hid_mouse_movement_set: Mouse movement set to 0/0[0m
[00:01:09.081,146] [0m<dbg> zmk: zmk_hid_mouse_scroll_set: Mouse scroll set to 0/0[0m
[00:01:09.081,146] [0m<dbg> zmk: zmk_hid_mouse_movement_set: Mouse movement set to 0/0[0m
[00:01:09.089,111] [0m<inf> exp02_logging: XY 69089 -8355840 -6776814[0m
[00:01:09.089,172] [0m<dbg> zmk: zmk_hid_mouse_movement_set: Mouse movement set to 0/127[0m
[00:01:09.089,202] [0m<dbg> zmk: zmk_hid_mouse_scroll_set: Mouse scroll set to 0/0[0m
[00:01:09.089,202] [0m<dbg> zmk: zmk_hid_mouse_movement_set: Mouse movement set to 0/0[0m
[00:01:09.097,045] [0m<inf> exp02_logging: XY 69097 -1052777 -8355840[0m
[00:01:09.097,167] [0m<dbg> zmk: zmk_hid_mouse_movement_set: Mouse movement set to 127/0[0m
[00:01:09.097,198] [0m<dbg> zmk: zmk_hid_mouse_scroll_set: Mouse scroll set to 0/0[0m
[00:01:09.097,198] [0m<dbg> zmk: zmk_hid_mouse_movement_set: Mouse movement set to 0/0[0m
[00:01:09.105,072] [0m<inf> exp02_logging: XY 69105 -8355840 -8355840[0m
[00:01:09.105,163] [0m<dbg> zmk: zmk_hid_mouse_movement_set: Mouse movement set to 0/0[0m
[00:01:09.105,163] [0m<dbg> zmk: zmk_hid_mouse_scroll_set: Mouse scroll set to 0/0[0m
[00:01:09.105,194] [0m<dbg> zmk: zmk_hid_mouse_movement_set: Mouse movement set to 0/0[0m
[00:01:09.113,189] [0m<inf> exp02_logging: XY 69113 -4276722 -723855[0m
[00:01:09.113,311] [0m<dbg> zmk: zmk_hid_mouse_movement_set: Mouse movement set to 127/127[0m
[00:01:09.113,342] [0m<dbg> zmk: zmk_hid_mouse_scroll_set: Mouse scroll set to 0/0[0m
[00:01:09.113,342] [0m<dbg> zmk: zmk_hid_mouse_movement_set: Mouse movement set to 0/0[0m
[00:01:09.121,124] [0m<inf> exp02_logging: XY 69121 -8355840 -8355840[0m
[00:01:09.121,246] [0m<dbg> zmk: zmk_hid_mouse_movement_set: Mouse movement set to 0/0[0m
[00:01:09.121,246] [0m<dbg> zmk: zmk_hid_mouse_scroll_set: Mouse scroll set to 0/0[0m
[00:01:09.121,276] [0m<dbg> zmk: zmk_hid_mouse_movement_set: Mouse movement set to 0/0[0m
[00:01:09.129,150] [0m<inf> exp02_logging: XY 69129 -8355840 -6447626[0m
[00:01:09.129,241] [0m<dbg> zmk: zmk_hid_mouse_movement_set: Mouse movement set to 0/127[0m
[00:01:09.129,241] [0m<dbg> zmk: zmk_hid_mouse_scroll_set: Mouse scroll set to 0/0[0m
[00:01:09.129,272] [0m<dbg> zmk: zmk_hid_mouse_movement_set: Mouse movement set to 0/0[0m
[00:01:09.137,268] [0m<inf> exp02_logging: XY 69137 -1250261 -8355840[0m
[00:01:09.137,390] [0m<dbg> zmk: zmk_hid_mouse_movement_set: Mouse movement set to 127/0[0m
[00:01:09.137,390] [0m<dbg> zmk: zmk_hid_mouse_scroll_set: Mouse scroll set to 0/0[0m
[00:01:09.137,420] [0m<dbg> zmk: zmk_hid_mouse_movement_set: Mouse movement set to 0/0[0m
[00:01:09.145,202] [0m<inf> exp02_logging: XY 69145 -8355840 -8355840[0m
[00:01:09.145,294] [0m<dbg> zmk: zmk_hid_mouse_movement_set: Mouse movement set to 0/0[0m
[00:01:09.145,294] [0m<dbg> zmk: zmk_hid_mouse_scroll_set: Mouse scroll set to 0/0[0m
[00:01:09.145,324] [0m<dbg> zmk: zmk_hid_mouse_movement_set: Mouse movement set to 0/0[0m
[00:01:09.153,228] [0m<inf> exp02_logging: XY 69153 -3947618 -658095[0m
[00:01:09.153,381] [0m<dbg> zmk: zmk_hid_mouse_movement_set: Mouse movement set to 127/127[0m
[00:01:09.153,381] [0m<dbg> zmk: zmk_hid_mouse_scroll_set: Mouse scroll set to 0/0[0m
[00:01:09.153,411] [0m<dbg> zmk: zmk_hid_mouse_movement_set: Mouse movement set to 0/0[0m
[00:01:09.161,346] [0m<inf> exp02_logging: XY 69161 -8355840 -8355840[0m
[00:01:09.161,437] [0m<dbg> zmk: zmk_hid_mouse_movement_set: Mouse movement set to 0/0[0m
[00:01:09.161,468] [0m<dbg> zmk: zmk_hid_mouse_scroll_set: Mouse scroll set to 0/0[0m
[00:01:09.161,468] [0m<dbg> zmk: zmk_hid_mouse_movement_set: Mouse movement set to 0/0[0m
[00:01:09.169,311] [0m<inf> exp02_logging: XY 69169 -8355840 -5460981[0m
[00:01:09.169,403] [0m<dbg> zmk: zmk_hid_mouse_movement_set: Mouse movement set to 0/127[0m
[00:01:09.169,433] [0m<dbg> zmk: zmk_hid_mouse_scroll_set: Mouse scroll set to 0/0[0m
[00:01:09.169,433] [0m<dbg> zmk: zmk_hid_mouse_movement_set: Mouse movement set to 0/0[0m
[00:01:09.177,307] [0m<inf> exp02_logging: XY 69177 -1381758 -8355840[0m
[00:01:09.177,429] [0m<dbg> zmk: zmk_hid_mouse_movement_set: Mouse movement set to 127/0[0m
[00:01:09.177,459] [0m<dbg> zmk: zmk_hid_mouse_scroll_set: Mouse scroll set to 0/0[0m
[00:01:09.177,459] [0m<dbg> zmk: zmk_hid_mouse_movement_set: Mouse movement set to 0/0[0m
[00:01:09.185,424] [0m<inf> exp02_logging: XY 69185 -8355840 -8355840[0m
[00:01:09.185,485] [0m<dbg> zmk: zmk_hid_mouse_movement_set: Mouse movement set to 0/0[0m
[00:01:09.185,516] [0m<dbg> zmk: zmk_hid_mouse_scroll_set: Mouse scroll set to 0/0[0m
[00:01:09.185,516] [0m<dbg> zmk: zmk_hid_mouse_movement_set: Mouse movement set to 0/0[0m
[00:01:09.193,359] [0m<inf> exp02_logging: XY 69193 -3355464 -723727[0m
[00:01:09.193,481] [0m<dbg> zmk: zmk_hid_mouse_movement_set: Mouse movement set to 127/127[0m
[00:01:09.193,511] [0m<dbg> zmk: zmk_hid_mouse_scroll_set: Mouse scroll set to 0/0[0m
[00:01:09.193,511] [0m<dbg> zmk: zmk_hid_mouse_movement_set: Mouse movement set to 0/0[0m
[00:01:09.201,385] [0m<inf> exp02_logging: XY 69201 -8355840 -8355840[0m
[00:01:09.201,507] [0m<dbg> zmk: zmk_hid_mouse_movement_set: Mouse movement set to 0/0[0m
[00:01:09.201,507] [0m<dbg> zmk: zmk_hid_mouse_scroll_set: Mouse scroll set to 0/0[0m
[00:01:09.201,538] [0m<dbg> zmk: zmk_hid_mouse_movement_set: Mouse movement set to 0/0[0m
[00:01:09.209,503] [0m<inf> exp02_logging: XY 69209 -8355840 -4737173[0m
[00:01:09.209,564] [0m<dbg> zmk: zmk_hid_mouse_movement_set: Mouse movement set to 0/127[0m
[00:01:09.209,594] [0m<dbg> zmk: zmk_hid_mouse_scroll_set: Mouse scroll set to 0/0[0m
[00:01:09.209,594] [0m<dbg> zmk: 
### phase: cue 'CIRCLE THE NUB NOW' at 2026-10-01T21:19:12.3093491+03:00
zmk_hid_mouse_movement_set: Mouse movement set to 0/0[0m
[00:01:09.217,437] [0m<inf> exp02_logging: XY 69217 -2236957 -8355840[0m
[00:01:09.217,559] [0m<dbg> zmk: zmk_hid_mouse_movement_set: Mouse movement set to 127/0[0m
[00:01:09.217,590] [0m<dbg> zmk: zmk_hid_mouse_scroll_set: Mouse scroll set to 0/0[0m
[00:01:09.217,590] [0m<dbg> zmk: zmk_hid_mouse_movement_set: Mouse movement set to 0/0[0m
[00:01:09.225,463] [0m<inf> exp02_logging: XY 69225 -8355840 -8355840[0m
[00:01:09.225,555] [0m<dbg> zmk: zmk_hid_mouse_movement_set: Mouse movement set to 0/0[0m
[00:01:09.225,555] [0m<dbg> zmk: zmk_hid_mouse_scroll_set: Mouse scroll set to 0/0[0m
[00:01:09.225,585] [0m<dbg> zmk: zmk_hid_mouse_movement_set: Mouse movement set to 0/0[0m
[00:01:09.233,581] [0m<inf> exp02_logging: XY 69233 -2566067 -789684[0m
[00:01:09.233,703] [0m<dbg> zmk: zmk_hid_mouse_movement_set: Mouse movement set to 127/127[0m
[00:01:09.233,703] [0m<dbg> zmk: zmk_hid_mouse_scroll_set: Mouse scroll set to 0/0[0m
[00:01:09.233,734] [0m<dbg> zmk: zmk_hid_mouse_movement_set: Mouse movement set to 0/0[0m
[00:01:09.241,516] [0m<inf> exp02_logging: XY 69241 -8355840 -8355840[0m
[00:01:09.241,638] [0m<dbg> zmk: zmk_hid_mouse_movement_set: Mouse movement set to 0/0[0m
[00:01:09.241,638] [0m<dbg> zmk: zmk_hid_mouse_scroll_set: Mouse scroll set to 0/0[0m
[00:01:09.241,668] [0m<dbg> zmk: zmk_hid_mouse_movement_set: Mouse movement set to 0/0[0m
[00:01:09.249,542] [0m<inf> exp02_logging: XY 69249 -8355840 -4079210[0m
[00:01:09.249,633] [0m<dbg> zmk: zmk_hid_mouse_movement_set: Mouse movement set to 0/127[0m
[00:01:09.249,633] [0m<dbg> zmk: zmk_hid_mouse_scroll_set: Mouse scroll set to 0/0[0m
[00:01:09.249,664] [0m<dbg> zmk: zmk_hid_mouse_movement_set: Mouse movement set to 0/0[0m
[00:01:09.257,659] [0m<inf> exp02_logging: XY 69257 -2368540 -8355840[0m
[00:01:09.257,751] [0m<dbg> zmk: zmk_hid_mouse_movement_set: Mouse movement set to 127/0[0m
[00:01:09.257,781] [0m<dbg> zmk: zmk_hid_mouse_scroll_set: Mouse scroll set to 0/0[0m
[00:01:09.257,812] [0m<dbg> zmk: zmk_hid_mouse_movement_set: Mouse movement set to 0/0[0m
[00:01:09.265,594] [0m<inf> exp02_logging: XY 69265 -8355840 -8355840[0m
[00:01:09.265,686] [0m<dbg> zmk: zmk_hid_mouse_movement_set: Mouse movement set to 0/0[0m
[00:01:09.265,686] [0m<dbg> zmk: zmk_hid_mouse_scroll_set: Mouse scroll set to 0/0[0m
[00:01:09.265,716] [0m<dbg> zmk: zmk_hid_mouse_movement_set: Mouse movement set to 0/0[0m
[00:01:09.273,620] [0m<inf> exp02_logging: XY 69273 -1973958 -789562[0m
[00:01:09.273,773] [0m<dbg> zmk: zmk_hid_mouse_movement_set: Mouse movement set to 127/127[0m
[00:01:09.273,773] [0m<dbg> zmk: zmk_hid_mouse_scroll_set: Mouse scroll set to 0/0[0m
[00:01:09.273,803] [0m<dbg> zmk: zmk_hid_mouse_movement_set: Mouse movement set to 0/0[0m
[00:01:09.281,738] [0m<inf> exp02_logging: XY 69281 -8355840 -8355840[0m
[00:01:09.281,829] [0m<dbg> zmk: zmk_hid_mouse_movement_set: Mouse movement set to 0/0[0m
[00:01:09.281,860] [0m<dbg> zmk: zmk_hid_mouse_scroll_set: Mouse scroll set to 0/0[0m
[00:01:09.281,860] [0m<dbg> zmk: zmk_hid_mouse_movement_set: Mouse movement set to 0/0[0m
[00:01:09.289,672] [0m<inf> exp02_logging: XY 69289 -8355840 -3158253[0m
[00:01:09.289,764] [0m<dbg> zmk: zmk_hid_mouse_movement_set: Mouse movement set to 0/127[0m
[00:01:09.289,764] [0m<dbg> zmk: zmk_hid_mouse_scroll_set: Mouse scroll set to 0/0[0m
[00:01:09.289,794] [0m<dbg> zmk: zmk_hid_mouse_movement_set: Mouse movement set to 0/0[0m
[00:01:09.297,698] [0m<inf> exp02_logging: XY 69297 -2631747 -8355840[0m
[00:01:09.297,821] [0m<dbg> zmk: zmk_hid_mouse_movement_set: Mouse movement set to 127/0[0m
[00:01:09.297,851] [0m<dbg> zmk: zmk_hid_mouse_scroll_set: Mouse scroll set to 0/0[0m
[00:01:09.297,851] [0m<dbg> zmk: zmk_hid_mouse_movement_set: Mouse movement set to 0/0[0m
[00:01:09.305,816] [0m<inf> exp02_logging: XY 69305 -8355840 -8355840[0m
[00:01:09.305,877] [0m<dbg> zmk: zmk_hid_mouse_movement_set: Mouse movement set to 0/0[0m
[00:01:09.305,908] [0m<dbg> zmk: zmk_hid_mouse_scroll_set: Mouse scroll set to 0/0[0m
[00:01:09.305,908] [0m<dbg> zmk: zmk_hid_mouse_movement_set: Mouse movement set to 0/0[0m
[00:01:09.313,751] [0m<inf> exp02_logging: XY 69313 -921213 -1250176[0m
[00:01:09.313,873] [0m<dbg> zmk: zmk_hid_mouse_movement_set: Mouse movement set to 127/127[0m
[00:01:09.313,903] [0m<dbg> zmk: zmk_hid_mouse_scroll_set: Mouse scroll set to 0/0[0m
[00:01:09.313,903] [0m<dbg> zmk: zmk_hid_mouse_movement_set: Mouse movement set to 0/0[0m
[00:01:09.321,777] [0m<inf> exp02_logging: XY 69321 -8355840 -8355840[0m
[00:01:09.321,899] [0m<dbg> zmk: zmk_hid_mouse_movement_set: Mouse movement set to 0/0[0m
[00:01:09.321,929] [0m<dbg> zmk: zmk_hid_mouse_scroll_set: Mouse scroll set to 0/0[0m
[00:01:09.321,929] [0m<dbg> zmk: zmk_hid_mouse_movement_set: Mouse movement set to 0/0[0m
[00:01:09.329,864] [0m<inf> exp02_logging: XY 69329 -8355840 -2566030[0m
[00:01:09.329,956] [0m<dbg> zmk: zmk_hid_mouse_movement_set: Mouse movement set to 0/127[0m
[00:01:09.329,986] [0m<dbg> zmk: zmk_hid_mouse_scroll_set: Mouse scroll set to 0/0[0m
[00:01:09.329,986] [0m<dbg> zmk: zmk_hid_mouse_movement_set: Mouse movement set to 0/0[0m
[00:01:09.337,829] [0m<inf> exp02_logging: XY 69337 -3092412 -8355840[0m
[00:01:09.337,951] [0m<dbg> zmk: zmk_hid_mouse_movement_set: Mouse movement set to 127/0[0m
[00:01:09.337,982] [0m<dbg> zmk: zmk_hid_mouse_scroll_set: Mouse scroll set to 0/0[0m
[00:01:09.337,982] [0m<dbg> zmk: zmk_hid_mouse_movement_set: Mouse movement set to 0/0[0m
[00:01:09.345,855] [0m<inf> exp02_logging: XY 69345 -8355840 -8355840[0m
[00:01:09.345,947] [0m<dbg> zmk: zmk_hid_mouse_movement_set: Mouse movement set to 0/0[0m
[00:01:09.345,947] [0m<dbg> zmk: zmk_hid_mouse_scroll_set: Mouse scroll set to 0/0[0m
[00:01:09.345,977] [0m<dbg> zmk: zmk_hid_mouse_movement_set: Mouse movement set to 0/0[0m
[00:01:09.353,973] [0m<inf> exp02_logging: XY 69353 -789676 -1908044[0m
[00:01:09.354,095] [0m<dbg> zmk: zmk_hid_mouse_movement_set: Mouse movement set to 127/127[0m
[00:01:09.354,095] [0m<dbg> zmk: zmk_hid_mouse_scroll_set: Mouse scroll set to 0/0[0m
[00:01:09.354,125] [0m<dbg> zmk: zmk_hid_mouse_movement_set: Mouse movement set to 0/0[0m
[00:01:09.361,907] [0m<inf> exp02_logging: XY 69361 -8355840 -8355840[0m
[00:01:09.362,030] [0m<dbg> zmk: zmk_hid_mouse_movement_set: Mouse movement set to 0/0[0m
[00:01:09.362,030] [0m<dbg> zmk: zmk_hid_mouse_scroll_set: Mouse scroll set to 0/0[0m
[00:01:09.362,060] [0m<dbg> zmk: zmk_hid_mouse_movement_set: Mouse movement set to 0/0[0m
[00:01:09.369,934] [0m<inf> exp02_logging: XY 69369 -8355840 -2302754[0m
[00:01:09.370,025] [0m<dbg> zmk: zmk_hid_mouse_movement_set: Mouse movement set to 0/127[0m
[00:01:09.370,056] [0m<dbg> zmk: zmk_hid_mouse_scroll_set: Mouse scroll set to 0/0[0m
[00:01:09.370,056] [0m<dbg> zmk: zmk_hid_mouse_movement_set: Mouse movement set to 0/0[0m
[00:01:09.378,021] [0m<inf> exp02_logging: XY 69377 -3618656 -8355840[0m
[00:01:09.378,143] [0m<dbg> zmk: zmk_hid_mouse_movement_set: Mouse movement set to 127/0[0m
[00:01:09.378,143] [0m<dbg> zmk: zmk_hid_mouse_scroll_set: Mouse scroll set to 0/0[0m
[00:01:09.378,173] [0m<dbg> zmk: zmk_hid_mouse_movement_set: Mouse movement set to 0/0[0m
[00:01:09.385,986] [0m<inf> exp02_logging: XY 69385 -8355840 -8355840[0m
[00:01:09.386,077] [0m<dbg> zmk: zmk_hid_mouse_movement_set: Mouse movement set to 0/0[0m
[00:01:09.386,077] [0m<dbg> zmk: zmk_hid_mouse_scroll_set: Mouse scroll set to 0/0[0m
[00:01:09.386,108] [0m<dbg> zmk: zmk_hid_mouse_movement_set: Mouse movement set to 0/0[0m
[00:01:09.394,012] [0m<inf> exp02_logging: XY 69394 -789550 -2105503[0m
[00:01:09.394,165] [0m<dbg> zmk: zmk_hid_mouse_movement_set: Mouse movement set to 127/127[0m
[00:01:09.394,165] [0m<dbg> zmk: zmk_hid_mouse_scroll_set: Mouse scroll set to 0/0[0m
[00:01:09.394,195] [0m<dbg> zmk: zmk_hid_mouse_movement_set: Mouse movement set to 0/0[0m
[00:01:09.402,130] [0m<inf> exp02_logging: XY 69402 -8355840 -8355840[0m
[00:01:09.402,221] [0m<dbg> zmk: zmk_hid_mouse_movement_set: Mouse movement set to 0/0[0m
[00:01:09.402,252] [0m<dbg> zmk: zmk_hid_mouse_scroll_set: Mouse scroll set to 0/0[0m
[00:01:09.402,282] [0m<dbg> zmk: zmk_hid_mouse_movement_set: Mouse movement set to 0/0[0m
[00:01:09.410,064] [0m<inf> exp02_logging: XY 69410 -8355840 -1579026[0m
[00:01:09.410,156] [0m<dbg> zmk: zmk_hid_mouse_movement_set: Mouse movement set to 0/127[0m
[00:01:09.410,156] [0m<dbg> zmk: zmk_hid_mouse_scroll_set: Mouse scroll set to 0/0[0m
[00:01:09.410,186] [0m<dbg> zmk: zmk_hid_mouse_movement_set: Mouse movement set to 0/0[0m
[00:01:09.418,090] [0m<inf> exp02_logging: XY 69418 -3947696 -8355840[0m
[00:01:09.418,212] [0m<dbg> zmk: zmk_hid_mouse_movement_set: Mouse movement set to 127/0[0m
[00:01:09.418,243] [0m<dbg> zmk: zmk_hid_mouse_scroll_set: Mouse scroll set to 0/0[0m
[00:01:09.418,243] [0m<dbg> zmk: zmk_hid_mouse_movement_set: Mouse movement set to 0/0[0m
[00:01:09.426,208] [0m<inf> exp02_logging: XY 69426 -8355840 -8355840[0m
[00:01:09.426,269] [0m<dbg> zmk: zmk_hid_mouse_movement_set: Mouse movement set to 0/0[0m
[00:01:09.426,300] [0m<dbg> zmk: zmk_hid_mouse_scroll_set: Mouse scroll set to 0/0[0m
[00:01:09.426,300] [0m<dbg> zmk: zmk_hid_mouse_movement_set: Mouse movement set to 0/0[0m
[00:01:09.434,143] [0m<inf> exp02_logging: XY 69434 -657984 -2631789[0m
[00:01:09.434,265] [0m<dbg> zmk: zmk_hid_mouse_movement_set: Mouse movement set to 127/127[0m
[00:01:09.434,295] [0m<dbg> zmk: zmk_hid_mouse_scroll_set: Mouse scroll set to 0/0[0m
[00:01:09.434,295] [0m<dbg> zmk: zmk_hid_mouse_movement_set: Mouse movement set to 0/0[0m
[00:01:09.442,169] [0m<inf> exp02_logging: XY 69442 -8355840 -8355840[0m
[00:01:09.442,291] [0m<dbg> zmk: zmk_hid_mouse_movement_set: Mouse movement set to 0/0[0m
[00:01:09.442,321] [0m<dbg> zmk: zmk_hid_mouse_scroll_set: Mouse scroll set to 0/0[0m
[00:01:09.442,321] [0m<dbg> zmk: zmk_hid_mouse_movement_set: Mouse movement set to 0/0[0m
[00:01:09.450,286] [0m<inf> exp02_logging: XY 69450 -8355840 -921247[0m
[00:01:09.450,347] [0m<dbg> zmk: zmk_hid_mouse_movement_set: Mouse movement set to 0/127[0m
[00:01:09.450,378] [0m<dbg> zmk: zmk_hid_mouse_scroll_set: Mouse scroll set to 0/0[0m
[00:01:09.450,408] [0m<dbg> zmk: zmk_hid_mouse_movement_set: Mouse movement set to 0/0[0m
[00:01:09.458,221] [0m<inf> exp02_logging: XY 69458 -4474110 -8355840[0m
[00:01:09.458,343] [0m<dbg> zmk: zmk_hid_mouse_movement_set: Mouse movement set to 127/0[0m
[00:01:09.458,374] [0m<dbg> zmk: zmk_hid_mouse_scroll_set: Mouse scroll set to 0/0[0m
[00:01:09.458,374] [0m<dbg> zmk: zmk_hid_mouse_movement_set: Mouse movement set to 0/0[0m
[00:01:09.466,247] [0m<inf> exp02_logging: XY 69466 -8355840 -8355840[0m
[00:01:09.466,339] [0m<dbg> zmk: zmk_hid_mouse_movement_set: Mouse movement set to 0/0[0m
[00:01:09.466,339] [0m<dbg> zmk: zmk_hid_mouse_scroll_set: Mouse scroll set to 0/0[0m
[00:01:09.466,369] [0m<dbg> zmk: zmk_hid_mouse_movement_set: Mouse movement set to 0/0[0m
[00:01:09.474,365] [0m<inf> exp02_logging: XY 69474 -592237 -3158246[0m
[00:01:09.474,487] [0m<dbg> zmk: zmk_hid_mouse_movement_set: Mouse movement set to 127/127[0m
[00:01:09.474,517] [0m<dbg> zmk: zmk_hid_mouse_scroll_set: Mouse scroll set to 0/0[0m
[00:01:09.474,517] [0m<dbg> zmk: zmk_hid_mouse_movement_set: Mouse movement set to 0/0[0m
[00:01:09.482,299] [0m<inf> exp02_logging: XY 69482 -8355840 -8355840[0m
[00:01:09.482,421] [0m<dbg> zmk: zmk_hid_mouse_movement_set: Mouse movement set to 0/0[0m
[00:01:09.482,421] [0m<dbg> zmk: zmk_hid_mouse_scroll_set: Mouse scroll set to 0/0[0m
[00:01:09.482,452] [0m<dbg> zmk: zmk_hid_mouse_movement_set: Mouse movement set to 0/0[0m
[00:01:09.490,325] [0m<inf> exp02_logging: XY 69490 -8355840 -855320[0m
[00:01:09.490,417] [0m<dbg> zmk: zmk_hid_mouse_movement_set: Mouse movement set to 0/127[0m
[00:01:09.490,447] [0m<dbg> zmk: zmk_hid_mouse_scroll_set: Mouse scroll set to 0/0[0m
[00:01:09.490,447] [0m<dbg> zmk: zmk_hid_mouse_movement_set: Mouse movement set to 0/0[0m
[00:01:09.498,443] [0m<inf> exp02_logging: XY 69498 -5066230 -8355840[0m
[00:01:09.498,565] [0m<dbg> zmk: zmk_hid_mouse_movement_set: Mouse movement set to 127/0[0m
[00:01:09.498,565] [0m<dbg> zmk: zmk_hid_mouse_scroll_set: Mouse scroll set to 0/0[0m
[00:01:09.498,596] [0m<dbg> zmk: zmk_hid_mouse_movement_set: Mouse movement set to 0/0[0m
[00:01:09.506,378] [0m<inf> exp02_logging: XY 69506 -8355840 -8355840[0m
[00:01:09.506,469] [0m<dbg> zmk: zmk_hid_mouse_movement_set: Mouse movement set to 0/0[0m
[00:01:09.506,469] [0m<dbg> zmk: zmk_hid_mouse_scroll_set: Mouse scroll set to 0/0[0m
[00:01:09.506,500] [0m<dbg> zmk: zmk_hid_mouse_movement_set: Mouse movement set to 0/0[0m
[00:01:09.514,404] [0m<inf> exp02_logging: XY 69514 -592168 -3552865[0m
[00:01:09.514,556] [0m<dbg> zmk: zmk_hid_mouse_movement_set: Mouse movement set to 127/127[0m
[00:01:09.514,556] [0m<dbg> zmk: zmk_hid_mouse_scroll_set: Mouse scroll set to 0/0[0m
[00:01:09.514,587] [0m<dbg> zmk: zmk_hid_mouse_movement_set: Mouse movement set to 0/0[0m
[00:01:09.522,521] [0m<inf> exp02_logging: XY 69522 -8355840 -8355840[0m
[00:01:09.522,613] [0m<dbg> zmk: zmk_hid_mouse_movement_set: Mouse movement set to 0/0[0m
[00:01:09.522,644] [0m<dbg> zmk: zmk_hid_mouse_scroll_set: Mouse scroll set to 0/0[0m
[00:01:09.522,674] [0m<dbg> zmk: zmk_hid_mouse_movement_set: Mouse movement set to 0/0[0m
[00:01:09.530,456] [0m<inf> exp02_logging: XY 69530 -8355840 -921250[0m
[00:01:09.530,548] [0m<dbg> zmk: zmk_hid_mouse_movement_set: Mouse movement set to 0/127[0m
[00:01:09.530,548] [0m<dbg> zmk: zmk_hid_mouse_scroll_set: Mouse scroll set to 0/0[0m
[00:01:09.530,578] [0m<dbg> zmk: zmk_hid_mouse_movement_set: Mouse movement set to 0/0[0m
[00:01:09.538,482] [0m<inf> exp02_logging: XY 69538 -5395101 -8355840[0m
[00:01:09.538,604] [0m<dbg> zmk: zmk_hid_mouse_movement_set: Mouse movement set to 127/0[0m
[00:01:09.538,635] [0m<dbg> zmk: zmk_hid_mouse_scroll_set: Mouse scroll set to 0/0[0m
[00:01:09.538,635] [0m<dbg> zmk: zmk_hid_mouse_movement_set: Mouse movement set to 0/0[0m
[00:01:09.546,600] [0m<inf> exp02_logging: XY 69546 -8355840 -8355840[0m
[00:01:09.546,661] [0m<dbg> zmk: zmk_hid_mouse_movement_set: Mouse movement set to 0/0[0m
[00:01:09.546,691] [0m<dbg> zmk: zmk_hid_mouse_scroll_set: Mouse scroll set to 0/0[0m
[00:01:09.546,691] [0m<dbg> zmk: zmk_hid_mouse_movement_set: Mouse movement set to 0/0[0m
[00:01:09.554,534] [0m<inf> exp02_logging: XY 69554 -658079 -4210818[0m
[00:01:09.554,656] [0m<dbg> zmk: zmk_hid_mouse_movement_set: Mouse movement set to 127/127[0m
[00:01:09.554,687] [0m<dbg> zmk: zmk_hid_mouse_scroll_set: Mouse scroll set to 0/0[0m
[00:01:09.554,687] [0m<dbg> zmk: zmk_hid_mouse_movement_set: Mouse movement set to 0/0[0m
[00:01:09.562,561] [0m<inf> exp02_logging: XY 69562 -8355840 -8355840[0m
[00:01:09.562,683] [0m<dbg> zmk: zmk_hid_mouse_movement_set: Mouse movement set to 0/0[0m
[00:01:09.562,713] [0m<dbg> zmk: zmk_hid_mouse_scroll_set: Mouse scroll set to 0/0[0m
[00:01:09.562,713] [0m<dbg> zmk: zmk_hid_mouse_movement_set: Mouse movement set to 0/0[0m
[00:01:09.570,678] [0m<inf> exp02_logging: XY 69570 -8355840 -986960[0m
[00:01:09.570,739] [0m<dbg> zmk: zmk_hid_mouse_movement_set: Mouse movement set to 0/127[0m
[00:01:09.570,770] [0m<dbg> zmk: zmk_hid_mouse_scroll_set: Mouse scroll set to 0/0[0m
[00:01:09.570,770] [0m<dbg> zmk: zmk_hid_mouse_movement_set: Mouse movement set to 0/0[0m
[00:01:09.578,613] [0m<inf> exp02_logging: XY 69578 -5855554 -8355840[0m
[00:01:09.578,735] [0m<dbg> zmk: zmk_hid_mouse_movement_set: Mouse movement set to 127/0[0m
[00:01:09.578,765] [0m<dbg> zmk: zmk_hid_mouse_scroll_set: Mouse scroll set to 0/0[0m
[00:01:09.578,765] [0m<dbg> zmk: zmk_hid_mouse_movement_set: Mouse movement set to 0/0[0m
[00:01:09.586,639] [0m<inf> exp02_logging: XY 69586 -8355840 -8355840[0m
[00:01:09.586,730] [0m<dbg> zmk: zmk_hid_mouse_movement_set: Mouse movement set to 0/0[0m
[00:01:09.586,730] [0m<dbg> zmk: zmk_hid_mouse_scroll_set: Mouse scroll set to 0/0[0m
[00:01:09.586,761] [0m<dbg> zmk: zmk_hid_mouse_movement_set: Mouse movement set to 0/0[0m
[00:01:09.594,757] [0m<inf> exp02_logging: XY 69594 -658001 -4934521[0m
[00:01:09.594,879] [0m<dbg> zmk: zmk_hid_mouse_movement_set: Mouse movement set to 127/127[0m
[00:01:09.594,909] [0m<dbg> zmk: zmk_hid_mouse_scroll_set: Mouse scroll set to 0/0[0m
[00:01:09.594,909] [0m<dbg> zmk: zmk_hid_mouse_movement_set: Mouse movement set to 0/0[0m
[00:01:09.602,691] [0m<inf> exp02_logging: XY 69602 -8355840 -8355840[0m
[00:01:09.602,813] [0m<dbg> zmk: zmk_hid_mouse_movement_set: Mouse movement set to 0/0[0m
[00:01:09.602,813] [0m<dbg> zmk: zmk_hid_mouse_scroll_set: Mouse scroll set to 0/0[0m
[00:01:09.602,844] [0m<dbg> zmk: zmk_hid_mouse_movement_set: Mouse movement set to 0/0[0m
[00:01:09.610,717] [0m<inf> exp02_logging: XY 69610 -8355840 -921242[0m
[00:01:09.610,809] [0m<dbg> zmk: zmk_hid_mouse_movement_set: Mouse movement set to 0/127[0m
[00:01:09.610,809] [0m<dbg> zmk: zmk_hid_mouse_scroll_set: Mouse scroll set to 0/0[0m
[00:01:09.610,839] [0m<dbg> zmk: zmk_hid_mouse_movement_set: Mouse movement set to 0/0[0m
[00:01:09.618,835] [0m<inf> exp02_logging: XY 69618 -6316219 -8355840[0m
[00:01:09.618,957] [0m<dbg> zmk: zmk_hid_mouse_movement_set: Mouse movement set to 127/0[0m
[00:01:09.618,957] [0m<dbg> zmk: zmk_hid_mouse_scroll_set: Mouse scroll set to 0/0[0m
[00:01:09.618,988] [0m<dbg> zmk: zmk_hid_mouse_movement_set: Mouse movement set to 0/0[0m
[00:01:09.626,770] [0m<inf> exp02_logging: XY 69626 -8355840 -8355840[0m
[00:01:09.626,861] [0m<dbg> zmk: zmk_hid_mouse_movement_set: Mouse movement set to 0/0[0m
[00:01:09.626,861] [0m<dbg> zmk: zmk_hid_mouse_scroll_set: Mouse scroll set to 0/0[0m
[00:01:09.626,892] [0m<dbg> zmk: zmk_hid_mouse_movement_set: Mouse movement set to 0/0[0m
[00:01:09.634,796] [0m<inf> exp02_logging: XY 69634 -723810 -5395143[0m
[00:01:09.634,948] [0m<dbg> zmk: zmk_hid_mouse_movement_set: Mouse movement set to 127/127[0m
[00:01:09.634,948] [0m<dbg> zmk: zmk_hid_mouse_scroll_set: Mouse scroll set to 0/0[0m
[00:01:09.634,979] [0m<dbg> zmk: zmk_hid_mouse_movement_set: Mouse movement set to 0/0[0m
[00:01:09.642,913] [0m<inf> exp02_logging: XY 69642 -8355840 -8355840[0m
[00:01:09.643,005] [0m<dbg> zmk: zmk_hid_mouse_movement_set: Mouse movement set to 0/0[0m
[00:01:09.643,035] [0m<dbg> zmk: zmk_hid_mouse_scroll_set: Mouse scroll set to 0/0[0m
[00:01:09.643,035] [0m<dbg> zmk: zmk_hid_mouse_movement_set: Mouse movement set to 0/0[0m
[00:01:09.650,848] [0m<inf> exp02_logging: XY 69650 -8355840 -921253[0m
[00:01:09.650,939] [0m<dbg> zmk: zmk_hid_mouse_movement_set: Mouse movement set to 0/127[0m
[00:01:09.650,939] [0m<dbg> zmk: zmk_hid_mouse_scroll_set: Mouse scroll set to 0/0[0m
[00:01:09.650,970] [0m<dbg> zmk: zmk_hid_mouse_movement_set: Mouse movement set to 0/0[0m
[00:01:09.658,905] [0m<inf> exp02_logging: XY 69658 -6645217 -8355840[0m
[00:01:09.659,027] [0m<dbg> zmk: zmk_hid_mouse_movement_set: Mouse movement set to 127/0[0m
[00:01:09.659,027] [0m<dbg> zmk: zmk_hid_mouse_scroll_set: Mouse scroll set to 0/0[0m
[00:01:09.659,057] [0m<dbg> zmk: zmk_hid_mouse_movement_set: Mouse movement set to 0/0[0m
[00:01:09.666,992] [0m<inf> exp02_logging: XY 69666 -8355840 -8355840[0m
[00:01:09.667,053] [0m<dbg> zmk: zmk_hid_mouse_movement_set: Mouse movement set to 0/0[0m
[00:01:09.667,083] [0m<dbg> zmk: zmk_hid_mouse_scroll_set: Mouse scroll set to 0/0[0m
[00:01:09.667,083] [0m<dbg> zmk: zmk_hid_mouse_movement_set: Mouse movement set to 0/0[0m
[00:01:09.674,957] [0m<inf> exp02_logging: XY 69674 -723942 -5789848[0m
[00:01:09.675,079] [0m<dbg> zmk: zmk_hid_mouse_movement_set: Mouse movement set to 127/127[0m
[00:01:09.675,109] [0m<dbg> zmk: zmk_hid_mouse_scroll_set: Mouse scroll set to 0/0[0m
[00:01:09.675,109] [0m<dbg> zmk: zmk_hid_mouse_movement_set: Mouse movement set to 0/0[0m
[00:01:09.682,952] [0m<inf> exp02_logging: XY 69682 -8355840 -8355840[0m
[00:01:09.683,074] [0m<dbg> zmk: zmk_hid_mouse_movement_set: Mouse movement set to 0/0[0m
[00:01:09.683,105] [0m<dbg> zmk: zmk_hid_mouse_scroll_set: Mouse scroll set to 0/0[0m
[00:01:09.683,105] [0m<dbg> zmk: zmk_hid_mouse_movement_set: Mouse movement set to 0/0[0m
[00:01:09.691,070] [0m<inf> exp02_logging: XY 69691 -8355734 -921106[0m
[00:01:09.691,162] [0m<dbg> zmk: zmk_hid_mouse_movement_set: Mouse movement set to 0/127[0m
[00:01:09.691,162] [0m<dbg> zmk: zmk_hid_mouse_scroll_set: Mouse scroll set to 0/0[0m
[00:01:09.691,192] [0m<dbg> zmk: zmk_hid_mouse_movement_set: Mouse movement set to 0/0[0m
[00:01:09.699,005] [0m<inf> exp02_logging: XY 69699 -7105670 -8355840[0m
[00:01:09.699,127] [0m<dbg> zmk: zmk_hid_mouse_movement_set: Mouse movement set to 127/0[0m
[00:01:09.699,157] [0m<dbg> zmk: zmk_hid_mouse_scroll_set: Mouse scroll set to 0/0[0m
[00:01:09.699,157] [0m<dbg> zmk: zmk_hid_mouse_movement_set: Mouse movement set to 0/0[0m
[00:01:09.707,031] [0m<inf> exp02_logging: XY 69707 -8355840 -8355840[0m
[00:01:09.707,122] [0m<dbg> zmk: zmk_hid_mouse_movement_set: Mouse movement set to 0/0[0m
[00:01:09.707,122] [0m<dbg> zmk: zmk_hid_mouse_scroll_set: Mouse scroll set to 0/0[0m
[00:01:09.707,153] [0m<dbg> zmk: zmk_hid_mouse_movement_set: Mouse movement set to 0/0[0m
[00:01:09.715,148] [0m<inf> exp02_logging: XY 69715 -723873 -6579426[0m
[00:01:09.715,270] [0m<dbg> zmk: zmk_hid_mouse_movement_set: Mouse movement set to 127/127[0m
[00:01:09.715,270] [0m<dbg> zmk: zmk_hid_mouse_scroll_set: Mouse scroll set to 0/0[0m
[00:01:09.715,301] [0m<dbg> zmk: zmk_hid_mouse_movement_set: Mouse movement set to 0/0[0m
[00:01:09.723,083] [0m<inf> exp02_logging: XY 69723 -8355840 -8355840[0m
[00:01:09.723,205] [0m<dbg> zmk: zmk_hid_mouse_movement_set: Mouse movement set to 0/0[0m
[00:01:09.723,205] [0m<dbg> zmk: zmk_hid_mouse_scroll_set: Mouse scroll set to 0/0[0m
[00:01:09.723,236] [0m<dbg> zmk: zmk_hid_mouse_movement_set: Mouse movement set to 0/0[0m
[00:01:09.731,109] [0m<inf> exp02_logging: XY 69731 -8289885 -855549[0m
[00:01:09.731,231] [0m<dbg> zmk: zmk_hid_mouse_movement_set: Mouse movement set to 12/127[0m
[00:01:09.731,262] [0m<dbg> zmk: zmk_hid_mouse_scroll_set: Mouse scroll set to 0/0[0m
[00:01:09.731,292] [0m<dbg> zmk: zmk_hid_mouse_movement_set: Mouse movement set to 0/0[0m
[00:01:09.739,227] [0m<inf> exp02_logging: XY 69739 -8355658 -8355840[0m
[00:01:09.739,349] [0m<dbg> zmk: zmk_hid_mouse_movement_set: Mouse movement set to 0/0[0m
[00:01:09.739,349] [0m<dbg> zmk: zmk_hid_mouse_scroll_set: Mouse scroll set to 0/0[0m
[00:01:09.739,379] [0m<dbg> zmk: zmk_hid_mouse_movement_set: Mouse movement set to 0/0[0m
[00:01:09.747,161] [0m<inf> exp02_logging: XY 69747 -8355840 -8355840[0m
[00:01:09.755,249] [0m<inf> exp02_logging: XY 69755 -789552 -6579426[0m
[00:01:09.755,371] [0m<dbg> zmk: zmk_hid_mouse_movement_set: Mouse movement set to 127/127[0m
[00:01:09.755,371] [0m<dbg> zmk: zmk_hid_mouse_scroll_set: Mouse scroll set to 0/0[0m
[00:01:09.755,401] [0m<dbg> zmk: zmk_hid_mouse_movement_set: Mouse movement set to 0/0[0m
[00:01:09.763,305] [0m<inf> exp02_logging: XY 69763 -8355840 -8355840[0m
[00:01:09.763,397] [0m<dbg> zmk: zmk_hid_mouse_movement_set: Mouse movement set to 0/0[0m
[00:01:09.763,427] [0m<dbg> zmk: zmk_hid_mouse_scroll_set: Mouse scroll set to 0/0[0m
[00:01:09.763,427] [0m<dbg> zmk: zmk_hid_mouse_movement_set: Mouse movement set to 0/0[0m
[00:01:09.771,270] [0m<inf> exp02_logging: XY 69771 -8158312 -921104[0m
[00:01:09.771,392] [0m<dbg> zmk: zmk_hid_mouse_movement_set: Mouse movement set to 38/127[0m
[00:01:09.771,392] [0m<dbg> zmk: zmk_hid_mouse_scroll_set: Mouse scroll set to 0/0[0m
[00:01:09.771,423] [0m<dbg> zmk: zmk_hid_mouse_movement_set: Mouse movement set to 0/0[0m
[00:01:09.779,266] [0m<inf> exp02_logging: XY 69779 -8355786 -8355840[0m
[00:01:09.779,388] [0m<dbg> zmk: zmk_hid_mouse_movement_set: Mouse movement set to 0/0[0m
[00:01:09.779,418] [0m<dbg> zmk: zmk_hid_mouse_scroll_set: Mouse scroll set to 0/0[0m
[00:01:09.779,418] [0m<dbg> zmk: zmk_hid_mouse_movement_set: Mouse movement set to 0/0[0m
[00:01:09.787,384] [0m<inf> exp02_logging: XY 69787 -8355840 -8355840[0m
[00:01:09.795,349] [0m<inf> exp02_logging: XY 69795 -789747 -6842548[0m
[00:01:09.795,471] [0m<dbg> zmk: zmk_hid_mouse_movement_set: Mouse movement set to 127/127[0m
[00:01:09.795,501] [0m<dbg> zmk: zmk_hid_mouse_scroll_set: Mouse scroll set to 0/0[0m
[00:01:09.795,501] [0m<dbg> zmk: zmk_hid_mouse_movement_set: Mouse movement set to 0/0[0m
[00:01:09.803,436] [0m<inf> exp02_logging: XY 69803 -8355840 -8355840[0m
[00:01:09.803,527] [0m<dbg> zmk: zmk_hid_mouse_movement_set: Mouse movement set to 0/0[0m
[00:01:09.803,558] [0m<dbg> zmk: zmk_hid_mouse_scroll_set: Mouse scroll set to 0/0[0m
[00:01:09.803,558] [0m<dbg> zmk: zmk_hid_mouse_movement_set: Mouse movement set to 0/0[0m
[00:01:09.811,370] [0m<inf> exp02_logging: XY 69811 -7960998 -855468[0m
[00:01:09.811,492] [0m<dbg> zmk: zmk_hid_mouse_movement_set: Mouse movement set to 76/127[0m
[00:01:09.811,523] [0m<dbg> zmk: zmk_hid_mouse_scroll_set: Mouse scroll set to 0/0[0m
[00:01:09.811,523] [0m<dbg> zmk: zmk_hid_mouse_movement_set: Mouse movement set to 0/0[0m
[00:01:09.819,396] [0m<inf> exp02_logging: XY 69819 -8355840 -8355840[0m
[00:01:09.819,519] [0m<dbg> zmk: zmk_hid_mouse_movement_set: Mouse movement set to 0/0[0m
[00:01:09.819,549] [0m<dbg> zmk: zmk_hid_mouse_scroll_set: Mouse scroll set to 0/0[0m
[00:01:09.819,549] [0m<dbg> zmk: zmk_hid_mouse_movement_set: Mouse movement set to 0/0[0m
[00:01:09.827,514] [0m<inf> exp02_logging: XY 69827 -8355840 -8355840[0m
[00:01:09.835,479] [0m<inf> exp02_logging: XY 69835 -1250051 -7697875[0m
[00:01:09.835,601] [0m<dbg> zmk: zmk_hid_mouse_movement_set: Mouse movement set to 127/127[0m
[00:01:09.835,632] [0m<dbg> zmk: zmk_hid_mouse_scroll_set: Mouse scroll set to 0/0[0m
[00:01:09.835,632] [0m<dbg> zmk: zmk_hid_mouse_movement_set: Mouse movement set to 0/0[0m
[00:01:09.843,566] [0m<inf> exp02_logging: XY 69843 -8355840 -8355840[0m
[00:01:09.843,658] [0m<dbg> zmk: zmk_hid_mouse_movement_set: Mouse movement set to 0/0[0m
[00:01:09.843,688] [0m<dbg> zmk: zmk_hid_mouse_scroll_set: Mouse scroll set to 0/0[0m
[00:01:09.843,688] [0m<dbg> zmk: zmk_hid_mouse_movement_set: Mouse movement set to 0/0[0m
[00:01:09.851,501] [0m<inf> exp02_logging: XY 69851 -7697802 -921224[0m
[00:01:09.851,623] [0m<dbg> zmk: zmk_hid_mouse_movement_set: Mouse movement set to 127/127[0m
[00:01:09.851,654] [0m<dbg> zmk: zmk_hid_mouse_scroll_set: Mouse scroll set to 0/0[0m
[00:01:09.851,654] [0m<dbg> zmk: zmk_hid_mouse_movement_set: Mouse movement set to 0/0[0m
[00:01:09.859,527] [0m<inf> exp02_logging: XY 69859 -8355840 -8355840[0m
[00:01:09.859,649] [0m<dbg> zmk: zmk_hid_mouse_movement_set: Mouse movement set to 0/0[0m
[00:01:09.859,680] [0m<dbg> zmk: zmk_hid_mouse_scroll_set: Mouse scroll set to 0/0[0m
[00:01:09.859,680] [0m<dbg> zmk: zmk_hid_mouse_movement_set: Mouse movement set to 0/0[0m
[00:01:09.867,645] [0m<inf> exp02_logging: XY 69867 -8355840 -8355840[0m
[00:01:09.875,610] [0m<inf> exp02_logging: XY 69875 -789516 -8355616[0m
[00:01:09.875,701] [0m<dbg> zmk: zmk_hid_mouse_movement_set: Mouse movement set to 127/0[0m
[00:01:09.875,732] [0m<dbg> zmk: zmk_hid_mouse_scroll_set: Mouse scroll set to 0/0[0m
[00:01:09.875,732] [0m<dbg> zmk: zmk_hid_mouse_movement_set: Mouse movement set to 0/0[0m
[00:01:09.883,697] [0m<inf> exp02_logging: XY 69883 -8355840 -8355840[0m
[00:01:09.883,758] [0m<dbg> zmk: zmk_hid_mouse_movement_set: Mouse movement set to 0/0[0m
[00:01:09.883,789] [0m<dbg> zmk: zmk_hid_mouse_scroll_set: Mouse scroll set to 0/0[0m
[00:01:09.883,789] [0m<dbg> zmk: zmk_hid_mouse_movement_set: Mouse movement set to 0/0[0m
[00:01:09.891,632] [0m<inf> exp02_logging: XY 69891 -7434519 -921137[0m
[00:01:09.891,754] [0m<dbg> zmk: zmk_hid_mouse_movement_set: Mouse movement set to 127/127[0m
[00:01:09.891,784] [0m<dbg> zmk: zmk_hid_mouse_scroll_set: Mouse scroll set to 0/0[0m
[00:01:09.891,784] [0m<dbg> zmk: zmk_hid_mouse_movement_set: Mouse movement set to 0/0[0m
[00:01:09.899,658] [0m<inf> exp02_logging: XY 69899 -8355840 -8355840[0m
[00:01:09.899,780] [0m<dbg> zmk: zmk_hid_mouse_movement_set: Mouse movement set to 0/0[0m
[00:01:09.899,810] [0m<dbg> zmk: zmk_hid_mouse_scroll_set: Mouse scroll set to 0/0[0m
[00:01:09.899,810] [0m<dbg> zmk: zmk_hid_mouse_movement_set: Mouse movement set to 0/0[0m
[00:01:09.907,775] [0m<inf> exp02_logging: XY 69907 -8355840 -8355840[0m
[00:01:09.915,740] [0m<inf> exp02_logging: XY 69915 -789560 -8355840[0m
[00:01:09.915,832] [0m<dbg> zmk: zmk_hid_mouse_movement_set: Mouse movement set to 127/0[0m
[00:01:09.915,832] [0m<dbg> zmk: zmk_hid_mouse_scroll_set: Mouse scroll set to 0/0[0m
[00:01:09.915,863] [0m<dbg> zmk: zmk_hid_mouse_movement_set: Mouse movement set to 0/0[0m
[00:01:09.923,828] [0m<inf> exp02_logging: XY 69923 -8355840 -8355840[0m
[00:01:09.923,889] [0m<dbg> zmk: zmk_hid_mouse_movement_set: Mouse movement set to 0/0[0m
[00:01:09.923,919] [0m<dbg> zmk: zmk_hid_mouse_scroll_set: Mouse scroll set to 0/0[0m
[00:01:09.923,919] [0m<dbg> zmk: zmk_hid_mouse_movement_set: Mouse movement set to 0/0[0m
[00:01:09.931,762] [0m<inf> exp02_logging: XY 69931 -7039952 -921283[0m
[00:01:09.931,884] [0m<dbg> zmk: zmk_hid_mouse_movement_set: Mouse movement set to 127/127[0m
[00:01:09.931,915] [0m<dbg> zmk: zmk_hid_mouse_scroll_set: Mouse scroll set to 0/0[0m
[00:01:09.931,915] [0m<dbg> zmk: zmk_hid_mouse_movement_set: Mouse movement set to 0/0[0m
[00:01:09.939,788] [0m<inf> exp02_logging: XY 69939 -8355840 -8355840[0m
[00:01:09.939,910] [0m<dbg> zmk: zmk_hid_mouse_movement_set: Mouse movement set to 0/0[0m
[00:01:09.939,910] [0m<dbg> zmk: zmk_hid_mouse_scroll_set: Mouse scroll set to 0/0[0m
[00:01:09.939,941] [0m<dbg> zmk: zmk_hid_mouse_movement_set: Mouse movement set to 0/0[0m
[00:01:09.947,906] [0m<inf> exp02_logging: XY 69947 -8355840 -8355840[0m
[00:01:09.955,871] [0m<inf> exp02_logging: XY 69955 -723947 -8355840[0m
[00:01:09.955,963] [0m<dbg> zmk: zmk_hid_mouse_movement_set: Mouse movement set to 127/0[0m
[00:01:09.955,963] [0m<dbg> zmk: zmk_hid_mouse_scroll_set: Mouse scroll set to 0/0[0m
[00:01:09.955,993] [0m<dbg> zmk: zmk_hid_mouse_movement_set: Mouse movement set to 0/0[0m
[00:01:09.963,958] [0m<inf> exp02_logging: XY 69963 -8355840 -8355840[0m
[00:01:09.964,019] [0m<dbg> zmk: zmk_hid_mouse_movement_set: Mouse movement set to 0/0[0m
[00:01:09.964,050] [0m<dbg> zmk: zmk_hid_mouse_scroll_set: Mouse scroll set to 0/0[0m
[00:01:09.964,050] [0m<dbg> zmk: zmk_hid_mouse_movement_set: Mouse movement set to 0/0[0m
[00:01:09.971,893] [0m<inf> exp02_logging: XY 69971 -6579364 -921144[0m
[00:01:09.972,015] [0m<dbg> zmk: zmk_hid_mouse_movement_set: Mouse movement set to 127/127[0m
[00:01:09.972,045] [0m<dbg> zmk: zmk_hid_mouse_scroll_set: Mouse scroll set to 0/0[0m
[00:01:09.972,045] [0m<dbg> zmk: zmk_hid_mouse_movement_set: Mouse movement set to 0/0[0m
[00:01:09.979,919] [0m<inf> exp02_logging: XY 69979 -8355840 -8355840[0m
[00:01:09.980,041] [0m<dbg> zmk: zmk_hid_mouse_movement_set: Mouse movement set to 0/0[0m
[00:01:09.980,072] [0m<dbg> zmk: zmk_hid_mouse_scroll_set: Mouse scroll set to 0/0[0m
[00:01:09.980,072] [0m<dbg> zmk: zmk_hid_mouse_movement_set: Mouse movement set to 0/0[0m
[00:01:09.988,037] [0m<inf> exp02_logging: XY 69988 -8355840 -8355784[0m
[00:01:09.996,002] [0m<inf> exp02_logging: XY 69996 -789651 -8355840[0m
[00:01:09.996,093] [0m<dbg> zmk: zmk_hid_mouse_movement_set: Mouse movement set to 127/0[0m
[00:01:09.996,093] [0m<dbg> zmk: zmk_hid_mouse_scroll_set: Mouse scroll set to 0/0[0m
[00:01:09.996,124] [0m<dbg> zmk: zmk_hid_mouse_movement_set: Mouse movement set to 0/0[0m
[00:01:10.004,089] [0m<inf> exp02_logging: XY 70004 -8355840 -8355840[0m
[00:01:10.004,150] [0m<dbg> zmk: zmk_hid_mouse_movement_set: Mouse movement set to 0/0[0m
[00:01:10.004,180] [0m<dbg> zmk: zmk_hid_mouse_scroll_set: Mouse scroll set to 0/0[0m
[00:01:10.004,180] [0m<dbg> zmk: zmk_hid_mouse_movement_set: Mouse movement set to 0/0[0m
[00:01:10.012,023] [0m<inf> exp02_logging: XY 70012 -6052957 -921248[0m
[00:01:10.012,145] [0m<dbg> zmk: zmk_hid_mouse_movement_set: Mouse movement set to 127/127[0m
[00:01:10.012,176] [0m<dbg> zmk: zmk_hid_mouse_scroll_set: Mouse scroll set to 0/0[0m
[00:01:10.012,176] [0m<dbg> zmk: zmk_hid_mouse_movement_set: Mouse movement set to 0/0[0m
[00:01:10.020,050] [0m<inf> exp02_logging: XY 70020 -8355840 -8355840[0m
[00:01:10.020,172] [0m<dbg> zmk: zmk_hid_mouse_movement_set: Mouse movement set to 0/0[0m
[00:01:10.020,202] [0m<dbg> zmk: zmk_hid_mouse_scroll_set: Mouse scroll set to 0/0[0m
[00:01:10.020,202] [0m<dbg> zmk: zmk_hid_mouse_movement_set: Mouse movement set to 0/0[0m
[00:01:10.028,167] [0m<inf> exp02_logging: XY 70028 -8355840 -8158386[0m
[00:01:10.028,228] [0m<dbg> zmk: zmk_hid_mouse_movement_set: Mouse movement set to 0/38[0m
[00:01:10.028,259] [0m<dbg> zmk: zmk_hid_mouse_scroll_set: Mouse scroll set to 0/0[0m
[00:01:10.028,259] [0m<dbg> zmk: zmk_hid_mouse_movement_set: Mouse movement set to 0/0[0m
[00:01:10.036,102] [0m<inf> exp02_logging: XY 70036 -1184409 -8355840[0m
[00:01:10.036,224] [0m<dbg> zmk: zmk_hid_mouse_movement_set: Mouse movement set to 127/0[0m
[00:01:10.036,254] [0m<dbg> zmk: zmk_hid_mouse_scroll_set: Mouse scroll set to 0/0[0m
[00:01:10.036,254] [0m<dbg> zmk: zmk_hid_mouse_movement_set: Mouse movement set to 0/0[0m
[00:01:10.044,128] [0m<inf> exp02_logging: XY 70044 -8355840 -8355840[0m
[00:01:10.044,219] [0m<dbg> zmk: zmk_hid_mouse_movement_set: Mouse movement set to 0/0[0m
[00:01:10.044,219] [0m<dbg> zmk: zmk_hid_mouse_scroll_set: Mouse scroll set to 0/0[0m
[00:01:10.044,250] [0m<dbg> zmk: zmk_hid_mouse_movement_set: Mouse movement set to 0/0[0m
[00:01:10.052,246] [0m<inf> exp02_logging: XY 70052 -5526570 -855423[0m
[00:01:10.052,368] [0m<dbg> zmk: zmk_hid_mouse_movement_set: Mouse movement set to 127/127[0m
[00:01:10.052,398] [0m<dbg> zmk: zmk_hid_mouse_scroll_set: Mouse scroll set to 0/0[0m
[00:01:10.052,398] [0m<dbg> zmk: zmk_hid_mouse_movement_set: Mouse movement set to 0/0[0m
[00:01:10.060,180] [0m<inf> exp02_logging: XY 70060 -8355840 -8355840[0m
[00:01:10.060,302] [0m<dbg> zmk: zmk_hid_mouse_movement_set: Mouse movement set to 0/0[0m
[00:01:10.060,302] [0m<dbg> zmk: zmk_hid_mouse_scroll_set: Mouse scroll set to 0/0[0m
[00:01:10.060,333] [0m<dbg> zmk: zmk_hid_mouse_movement_set: Mouse movement set to 0/0[0m
[00:01:10.068,206] [0m<inf> exp02_logging: XY 70068 -8355840 -8026731[0m
[00:01:10.068,298] [0m<dbg> zmk: zmk_hid_mouse_movement_set: Mouse movement set to 0/63[0m
[00:01:10.068,328] [0m<dbg> zmk: zmk_hid_mouse_scroll_set: Mouse scroll set to 0/0[0m
[00:01:10.068,328] [0m<dbg> zmk: zmk_hid_mouse_movement_set: Mouse movement set to 0/0[0m
[00:01:10.076,324] [0m<inf> exp02_logging: XY 70076 -1908044 -8355840[0m
[00:01:10.076,446] [0m<dbg> zmk: zmk_hid_mouse_movement_set: Mouse movement set to 127/0[0m
[00:01:10.076,446] [0m<dbg> zmk: zmk_hid_mouse_scroll_set: Mouse scroll set to 0/0[0m
[00:01:10.076,477] [0m<dbg> zmk: zmk_hid_mouse_movement_set: Mouse movement set to 0/0[0m
[00:01:10.084,259] [0m<inf> exp02_logging: XY 70084 -8355840 -8355840[0m
[00:01:10.084,320] [0m<dbg> zmk: zmk_hid_mouse_movement_set: Mouse movement set to 0/0[0m
[00:01:10.084,350] [0m<dbg> zmk: zmk_hid_mouse_scroll_set: Mouse scroll set to 0/0[0m
[00:01:10.084,381] [0m<dbg> zmk: zmk_hid_mouse_movement_set: Mouse movement set to 0/0[0m
[00:01:10.092,285] [0m<inf> exp02_logging: XY 70092 -5197664 -855351[0m
[00:01:10.092,437] [0m<dbg> zmk: zmk_hid_mouse_movement_set: Mouse movement set to 127/127[0m
[00:01:10.092,437] [0m<dbg> zmk: zmk_hid_mouse_scroll_set: Mouse scroll set to 0/0[0m
[00:01:10.092,468] [0m<dbg> zmk: zmk_hid_mouse_movement_set: Mouse movement set to 0/0[0m
[00:01:10.100,402] [0m<inf> exp02_logging: XY 70100 -8355840 -8355840[0m
[00:01:10.100,494] [0m<dbg> zmk: zmk_hid_mouse_movement_set: Mouse movement set to 0/0[0m
[00:01:10.100,524] [0m<dbg> zmk: zmk_hid_mouse_scroll_set: Mouse scroll set to 0/0[0m
[00:01:10.100,524] [0m<dbg> zmk: zmk_hid_mouse_movement_set: Mouse movement set to 0/0[0m
[00:01:10.108,367] [0m<inf> exp02_logging: XY 70108 -8355840 -7829275[0m
[00:01:10.108,459] [0m<dbg> zmk: zmk_hid_mouse_movement_set: Mouse movement set to 0/102[0m
[00:01:10.108,459] [0m<dbg> zmk: zmk_hid_mouse_scroll_set: Mouse scroll set to 0/0[0m
[00:01:10.108,489] [0m<dbg> zmk: zmk_hid_mouse_movement_set: Mouse movement set to 0/0[0m
[00:01:10.116,363] [0m<inf> exp02_logging: XY 70116 -2237085 -8355840[0m
[00:01:10.116,485] [0m<dbg> zmk: zmk_hid_mouse_movement_set: Mouse movement set to 127/0[0m
[00:01:10.116,516] [0m<dbg> zmk: zmk_hid_mouse_scroll_set: Mouse scroll set to 0/0[0m
[00:01:10.116,516] [0m<dbg> zmk: zmk_hid_mouse_movement_set: Mouse movement set to 0/0[0m
[00:01:10.124,481] [0m<inf> exp02_logging: XY 70124 -8355840 -8355840[0m
[00:01:10.124,542] [0m<dbg> zmk: zmk_hid_mouse_movement_set: Mouse movement set to 0/0[0m
[00:01:10.124,572] [0m<dbg> zmk: zmk_hid_mouse_scroll_set: Mouse scroll set to 0/0[0m
[00:01:10.124,572] [0m<dbg> zmk: zmk_hid_mouse_movement_set: Mouse movement set to 0/0[0m
[00:01:10.132,415] [0m<inf> exp02_logging: XY 70132 -4802855 -1118513[0m
[00:01:10.132,537] [0m<dbg> zmk: zmk_hid_mouse_movement_set: Mouse movement set to 127/127[0m
[00:01:10.132,568] [0m<dbg> zmk: zmk_hid_mouse_scroll_set: Mouse scroll set to 0/0[0m
[00:01:10.132,568] [0m<dbg> zmk: zmk_hid_mouse_movement_set: Mouse movement set to 0/0[0m
[00:01:10.140,441] [0m<inf> exp02_logging: XY 70140 -8355840 -8355840[0m
[00:01:10.140,563] [0m<dbg> zmk: zmk_hid_mouse_movement_set: Mouse movement set to 0/0[0m
[00:01:10.140,594] [0m<dbg> zmk: zmk_hid_mouse_scroll_set: Mouse scroll set to 0/0[0m
[00:01:10.140,594] [0m<dbg> zmk: zmk_hid_mouse_movement_set: Mouse movement set to 0/0[0m
[00:01:10.148,559] [0m<inf> exp02_logging: XY 70148 -8355840 -7697860[0m
[00:01:10.148,620] [0m<dbg> zmk: zmk_hid_mouse_movement_set: Mouse movement set to 0/127[0m
[00:01:10.148,651] [0m<dbg> zmk: zmk_hid_mouse_scroll_set: Mouse scroll set to 0/0[0m
[00:01:10.148,651] [0m<dbg> zmk: zmk_hid_mouse_movement_set: Mouse movement set to 0/0[0m
[00:01:10.156,494] [0m<inf> exp02_logging: XY 70156 -2631704 -8355840[0m
[00:01:10.156,616] [0m<dbg> zmk: zmk_hid_mouse_movement_set: Mouse movement set to 127/0[0m
[00:01:10.156,646] [0m<dbg> zmk: zmk_hid_mouse_scroll_set: Mouse scroll set to 0/0[0m
[00:01:10.156,646] [0m<dbg> zmk: zmk_hid_mouse_movement_set: Mouse movement set to 0/0[0m
[00:01:10.164,520] [0m<inf> exp02_logging: XY 70164 -8355840 -8355840[0m
[00:01:10.164,611] [0m<dbg> zmk: zmk_hid_mouse_movement_set: Mouse movement set to 0/0[0m
[00:01:10.164,611] [0m<dbg> zmk: zmk_hid_mouse_scroll_set: Mouse scroll set to 0/0[0m
[00:01:10.164,642] [0m<dbg> zmk: zmk_hid_mouse_movement_set: Mouse movement set to 0/0[0m
[00:01:10.172,637] [0m<inf> exp02_logging: XY 70172 -4342491 -1579131[0m
[00:01:10.172,760] [0m<dbg> zmk: zmk_hid_mouse_movement_set: Mouse movement set to 127/127[0m
[00:01:10.172,790] [0m<dbg> zmk: zmk_hid_mouse_scroll_set: Mouse scroll set to 0/0[0m
[00:01:10.172,790] [0m<dbg> zmk: zmk_hid_mouse_movement_set: Mouse movement set to 0/0[0m
[00:01:10.180,572] [0m<inf> exp02_logging: XY 70180 -8355840 -8355840[0m
[00:01:10.180,694] [0m<dbg> zmk: zmk_hid_mouse_movement_set: Mouse movement set to 0/0[0m
[00:01:10.180,694] [0m<dbg> zmk: zmk_hid_mouse_scroll_set: Mouse scroll set to 0/0[0m
[00:01:10.180,725] [0m<dbg> zmk: zmk_hid_mouse_movement_set: Mouse movement set to 0/0[0m
[00:01:10.188,598] [0m<inf> exp02_logging: XY 70188 -8355840 -7632075[0m
[00:01:10.188,690] [0m<dbg> zmk: zmk_hid_mouse_movement_set: Mouse movement set to 0/127[0m
[00:01:10.188,690] [0m<dbg> zmk: zmk_hid_mouse_scroll_set: Mouse scroll set to 0/0[0m
[00:01:10.188,720] [0m<dbg> zmk: zmk_hid_mouse_movement_set: Mouse movement set to 0/0[0m
[00:01:10.196,716] [0m<inf> exp02_logging: XY 70196 -3092242 -8355840[0m
[00:01:10.196,838] [0m<dbg> zmk: zmk_hid_mouse_movement_set: Mouse movement set to 127/0[0m
[00:01:10.196,838] [0m<dbg> zmk: zmk_hid_mouse_scroll_set: Mouse scroll set to 0/0[0m
[00:01:10.196,868] [0m<dbg> zmk: zmk_hid_mouse_movement_set: Mouse movement set to 0/0[0m
[00:01:10.204,650] [0m<inf> exp02_logging: XY 70204 -8355840 -8355840[0m
[00:01:10.204,711] [0m<dbg> zmk: zmk_hid_mouse_movement_set: Mouse movement set to 0/0[0m
[00:01:10.204,742] [0m<dbg> zmk: zmk_hid_mouse_scroll_set: Mouse scroll set to 0/0[0m
[00:01:10.204,772] [0m<dbg> zmk: zmk_hid_mouse_movement_set: Mouse movement set to 0/0[0m
[00:01:10.212,677] [0m<inf> exp02_logging: XY 70212 -4013503 -1842296[0m
[00:01:10.212,799] [0m<dbg> zmk: zmk_hid_mouse_movement_set: Mouse movement set to 127/127[0m
[00:01:10.212,829] [0m<dbg> zmk: zmk_hid_mouse_scroll_set: Mouse scroll set to 0/0[0m
[00:01:10.212,860] [0m<dbg> zmk: zmk_hid_mouse_movement_set: Mouse movement set to 0/0[0m
[00:01:10.220,794] [0m<inf> exp02_logging: XY 70220 -8355840 -8355840[0m
[00:01:10.220,886] [0m<dbg> zmk: zmk_hid_mouse_movement_set: Mouse movement set to 0/0[0m
[00:01:10.220,916] [0m<dbg> zmk: zmk_hid_mouse_scroll_set: Mouse scroll set to 0/0[0m
[00:01:10.220,916] [0m<dbg> zmk: zmk_hid_mouse_movement_set: Mouse movement set to 0/0[0m
[00:01:10.228,729] [0m<inf> exp02_logging: XY 70228 -8355840 -7434500[0m
[00:01:10.228,820] [0m<dbg> zmk: zmk_hid_mouse_movement_set: Mouse movement set to 0/127[0m
[00:01:10.228,820] [0m<dbg> zmk: zmk_hid_mouse_scroll_set: Mouse scroll set to 0/0[0m
[00:01:10.228,851] [0m<dbg> zmk: zmk_hid_mouse_movement_set: Mouse movement set to 0/0[0m
[00:01:10.236,755] [0m<inf> exp02_logging: XY 70236 -3421410 -8355840[0m
[00:01:10.236,877] [0m<dbg> zmk: zmk_hid_mouse_movement_set: Mouse movement set to 127/0[0m
[00:01:10.236,907] [0m<dbg> zmk: zmk_hid_mouse_scroll_set: Mouse scroll set to 0/0[0m
[00:01:10.236,907] [0m<dbg> zmk: zmk_hid_mouse_movement_set: Mouse movement set to 0/0[0m
[00:01:10.244,873] [0m<inf> exp02_logging: XY 70244 -8355840 -8355840[0m
[00:01:10.244,934] [0m<dbg> zmk: zmk_hid_mouse_movement_set: Mouse movement set to 0/0[0m
[00:01:10.244,964] [0m<dbg> zmk: zmk_hid_mouse_scroll_set: Mouse scroll set to 0/0[0m
[00:01:10.244,964] [0m<dbg> zmk: zmk_hid_mouse_movement_set: Mouse movement set to 0/0[0m
[00:01:10.252,807] [0m<inf> exp02_logging: XY 70252 -3486977 -2302919[0m
[00:01:10.252,929] [0m<dbg> zmk: zmk_hid_mouse_movement_set: Mouse movement set to 127/127[0m
[00:01:10.252,960] [0m<dbg> zmk: zmk_hid_mouse_scroll_set: Mouse scroll set to 0/0[0m
[00:01:10.252,960] [0m<dbg> zmk: zmk_hid_mouse_movement_set: Mouse movement set to 0/0[0m
[00:01:10.260,833] [0m<inf> exp02_logging: XY 70260 -8355840 -8355840[0m
[00:01:10.260,955] [0m<dbg> zmk: zmk_hid_mouse_movement_set: Mouse movement set to 0/0[0m
[00:01:10.260,986] [0m<dbg> zmk: zmk_hid_mouse_scroll_set: Mouse scroll set to 0/0[0m
[00:01:10.260,986] [0m<dbg> zmk: zmk_hid_mouse_movement_set: Mouse movement set to 0/0[0m
[00:01:10.268,951] [0m<inf> exp02_logging: XY 70268 -8355840 -6974191[0m
[00:01:10.269,012] [0m<dbg> zmk: zmk_hid_mouse_movement_set: Mouse movement set to 0/127[0m
[00:01:10.269,042] [0m<dbg> zmk: zmk_hid_mouse_scroll_set: Mouse scroll set to 0/0[0m
[00:01:10.269,042] [0m<dbg> zmk: zmk_hid_mouse_movement_set: Mouse movement set to 0/0[0m
[00:01:10.276,885] [0m<inf> exp02_logging: XY 70276 -3881905 -8355840[0m
[00:01:10.277,008] [0m<dbg> zmk: zmk_hid_mouse_movement_set: Mouse movement set to 127/0[0m
[00:01:10.277,038] [0m<dbg> zmk: zmk_hid_mouse_scroll_set: Mouse scroll set to 0/0[0m
[00:01:10.277,038] [0m<dbg> zmk: zmk_hid_mouse_movement_set: Mouse movement set to 0/0[0m
[00:01:10.284,912] [0m<inf> exp02_logging: XY 70284 -8355840 -8355840[0m
[00:01:10.285,003] [0m<dbg> zmk: zmk_hid_mouse_movement_set: Mouse movement set to 0/0[0m
[00:01:10.285,003] [0m<dbg> zmk: zmk_hid_mouse_scroll_set: Mouse scroll set to 0/0[0m
[00:01:10.285,034] [0m<dbg> zmk: zmk_hid_mouse_movement_set: Mouse movement set to 0/0[0m
[00:01:10.293,029] [0m<inf> exp02_logging: XY 70292 -2894995 -2829248[0m
[00:01:10.293,151] [0m<dbg> zmk: zmk_hid_mouse_movement_set: Mouse movement set to 127/127[0m
[00:01:10.293,151] [0m<dbg> zmk: zmk_hid_mouse_scroll_set: Mouse scroll set to 0/0[0m
[00:01:10.293,182] [0m<dbg> zmk: zmk_hid_mouse_movement_set: Mouse movement set to 0/0[0m
[00:01:10.300,964] [0m<inf> exp02_logging: XY 70300 -8355840 -8355840[0m
[00:01:10.301,086] [0m<dbg> zmk: zmk_hid_mouse_movement_set: Mouse movement set to 0/0[0m
[00:01:10.301,086] [0m<dbg> zmk: zmk_hid_mouse_scroll_set: Mouse scroll set to 0/0[0m
[00:01:10.301,116] [0m<dbg> zmk: zmk_hid_mouse_movement_set: Mouse movement set to 0/0[0m
[00:01:10.308,990] [0m<inf> exp02_logging: XY 70308 -8355840 -6513481[0m
[00:01:10.309,082] [0m<dbg> zmk: zmk_hid_mouse_movement_set: Mouse movement set to 0/127[0m
[00:01:10.309,112] [0m<dbg> zmk: zmk_hid_mouse_scroll_set: Mouse scroll set to 0/0[0m
[00:01:10.309,112] [0m<dbg> zmk: zmk_hid_mouse_movement_set: Mouse movement set to 0/0[0m
[00:01:10.317,108] [0m<inf> exp02_logging: XY 70317 -4276482 -8355840[0m
[00:01:10.317,230] [0m<dbg> zmk: zmk_hid_mouse_movement_set: Mouse movement set to 127/0[0m
[00:01:10.317,230] [0m<dbg> zmk: zmk_hid_mouse_scroll_set: Mouse scroll set to 0/0[0m
[00:01:10.317,260] [0m<dbg> zmk: zmk_hid_mouse_movement_set: Mouse movement set to 0/0[0m
[00:01:10.325,042] [0m<inf> exp02_logging: XY 70325 -8355840 -8355840[0m
[00:01:10.325,134] [0m<dbg> zmk: zmk_hid_mouse_movement_set: Mouse movement set to 0/0[0m
[00:01:10.325,134] [0m<dbg> zmk: zmk_hid_mouse_scroll_set: Mouse scroll set to 0/0[0m
[00:01:10.325,164] [0m<dbg> zmk: zmk_hid_mouse_movement_set: Mouse movement set to 0/0[0m
[00:01:10.333,068] [0m<inf> exp02_logging: XY 70333 -2500344 -3158161[0m
[00:01:10.333,190] [0m<dbg> zmk: zmk_hid_mouse_movement_set: Mouse movement set to 127/127[0m
[00:01:10.333,221] [0m<dbg> zmk: zmk_hid_mouse_scroll_set: Mouse scroll set to 0/0[0m
[00:01:10.333,251] [0m<dbg> zmk: zmk_hid_mouse_movement_set: Mouse movement set to 0/0[0m
[00:01:10.341,186] [0m<inf> exp02_logging: XY 70341 -8355840 -8355840[0m
[00:01:10.341,278] [0m<dbg> zmk: zmk_hid_mouse_movement_set: Mouse movement set to 0/0[0m
[00:01:10.341,308] [0m<dbg> zmk: zmk_hid_mouse_scroll_set: Mouse scroll set to 0/0[0m
[00:01:10.341,308] [0m<dbg> zmk: zmk_hid_mouse_movement_set: Mouse movement set to 0/0[0m
[00:01:10.349,121] [0m<inf> exp02_logging: XY 70349 -8355840 -6118834[0m
[00:01:10.349,212] [0m<dbg> zmk: zmk_hid_mouse_movement_set: Mouse movement set to 0/127[0m
[00:01:10.349,212] [0m<dbg> zmk: zmk_hid_mouse_scroll_set: Mouse scroll set to 0/0[0m
[00:01:10.349,243] [0m<dbg> zmk: zmk_hid_mouse_movement_set: Mouse movement set to 0/0[0m
[00:01:10.357,147] [0m<inf> exp02_logging: XY 70357 -4605522 -8355840[0m
[00:01:10.357,269] [0m<dbg> zmk: zmk_hid_mouse_movement_set: Mouse movement set to 127/0[0m
[00:01:10.357,299] [0m<dbg> zmk: zmk_hid_mouse_scroll_set: Mouse scroll set to 0/0[0m
[00:01:10.357,299] [0m<dbg> zmk: zmk_hid_mouse_movement_set: Mouse movement set to 0/0[0m
[00:01:10.365,264] [0m<inf> exp02_logging: XY 70365 -8355840 -8355840[0m
[00:01:10.365,325] [0m<dbg> zmk: zmk_hid_mouse_movement_set: Mouse movement set to 0/0[0m
[00:01:10.365,356] [0m<dbg> zmk: zmk_hid_mouse_scroll_set: Mouse scroll set to 0/0[0m
[00:01:10.365,356] [0m<dbg> zmk: zmk_hid_mouse_movement_set: Mouse movement set to 0/0[0m
[00:01:10.373,199] [0m<inf> exp02_logging: XY 70373 -2039665 -3487201[0m
[00:01:10.373,321] [0m<dbg> zmk: zmk_hid_mouse_movement_set: Mouse movement set to 127/127[0m
[00:01:10.373,352] [0m<dbg> zmk: zmk_hid_mouse_scroll_set: Mouse scroll set to 0/0[0m
[00:01:10.373,352] [0m<dbg> zmk: zmk_hid_mouse_movement_set: Mouse movement set to 0/0[0m
[00:01:10.381,225] [0m<inf> exp02_logging: XY 70381 -8355840 -8355840[0m
[00:01:10.381,347] [0m<dbg> zmk: zmk_hid_mouse_movement_set: Mouse movement set to 0/0[0m
[00:01:10.381,378] [0m<dbg> zmk: zmk_hid_mouse_scroll_set: Mouse scroll set to 0/0[0m
[00:01:10.381,378] [0m<dbg> zmk: zmk_hid_mouse_movement_set: Mouse movement set to 0/0[0m
[00:01:10.389,343] [0m<inf> exp02_logging: XY 70389 -8355840 -5460738[0m
[00:01:10.389,404] [0m<dbg> zmk: zmk_hid_mouse_movement_set: Mouse movement set to 0/127[0m
[00:01:10.389,434] [0m<dbg> zmk: zmk_hid_mouse_scroll_set: Mouse scroll set to 0/0[0m
[00:01:10.389,465] [0m<dbg> zmk: zmk_hid_mouse_movement_set: Mouse movement set to 0/0[0m
[00:01:10.397,277] [0m<inf> exp02_logging: XY 70397 -4868814 -8355840[0m
[00:01:10.397,399] [0m<dbg> zmk: zmk_hid_mouse_movement_set: Mouse movement set to 127/0[0m
[00:01:10.397,430] [0m<dbg> zmk: zmk_hid_mouse_scroll_set: Mouse scroll set to 0/0[0m
[00:01:10.397,430] [0m<dbg> zmk: zmk_hid_mouse_movement_set: Mouse movement set to 0/0[0m
[00:01:10.405,303] [0m<inf> exp02_logging: XY 70405 -8355840 -8355840[0m
[00:01:10.405,395] [0m<dbg> zmk: zmk_hid_mouse_movement_set: Mouse movement set to 0/0[0m
[00:01:10.405,395] [0m<dbg> zmk: zmk_hid_mouse_scroll_set: Mouse scroll set to 0/0[0m
[00:01:10.405,426] [0m<dbg> zmk: zmk_hid_mouse_movement_set: Mouse movement set to 0/0[0m
[00:01:10.413,421] [0m<inf> exp02_logging: XY 70413 -1184474 -4144900[0m
[00:01:10.413,543] [0m<dbg> zmk: zmk_hid_mouse_movement_set: Mouse movement set to 127/127[0m
[00:01:10.413,574] [0m<dbg> zmk: zmk_hid_mouse_scroll_set: Mouse scroll set to 0/0[0m
[00:01:10.413,574] [0m<dbg> zmk: zmk_hid_mouse_movement_set: Mouse movement set to 0/0[0m
[00:01:10.421,356] [0m<inf> exp02_logging: XY 70421 -8355840 -8355840[0m
[00:01:10.421,478] [0m<dbg> zmk: zmk_hid_mouse_movement_set: Mouse movement set to 0/0[0m
[00:01:10.421,478] [0m<dbg> zmk: zmk_hid_mouse_scroll_set: Mouse scroll set to 0/0[0m
[00:01:10.421,508] [0m<dbg> zmk: zmk_hid_mouse_movement_set: Mouse movement set to 0/0[0m
[00:01:10.429,382] [0m<inf> exp02_logging: XY 70429 -8355840 -4868693[0m
[00:01:10.429,473] [0m<dbg> zmk: zmk_hid_mouse_movement_set: Mouse movement set to 0/127[0m
[00:01:10.429,504] [0m<dbg> zmk: zmk_hid_mouse_scroll_set: Mouse scroll set to 0/0[0m
[00:01:10.429,504] [0m<dbg> zmk: zmk_hid_mouse_movement_set: Mouse movement set to 0/0[0m
[00:01:10.437,500] [0m<inf> exp02_logging: XY 70437 -5724014 -8355840[0m
[00:01:10.437,622] [0m<dbg> zmk: zmk_hid_mouse_movement_set: Mouse movement set to 127/0[0m
[00:01:10.437,622] [0m<dbg> zmk: zmk_hid_mouse_scroll_set: Mouse scroll set to 0/0[0m
[00:01:10.437,652] [0m<dbg> zmk: zmk_hid_mouse_movement_set: Mouse movement set to 0/0[0m
[00:01:10.445,434] [0m<inf> exp02_logging: XY 70445 -8355840 -8355840[0m
[00:01:10.445,495] [0m<dbg> zmk: zmk_hid_mouse_movement_set: Mouse movement set to 0/0[0m
[00:01:10.445,526] [0m<dbg> zmk: zmk_hid_mouse_scroll_set: Mouse scroll set to 0/0[0m
[00:01:10.445,556] [0m<dbg> zmk: zmk_hid_mouse_movement_set: Mouse movement set to 0/0[0m
[00:01:10.453,460] [0m<inf> exp02_logging: XY 70453 -855538 -4276482[0m
[00:01:10.453,613] [0m<dbg> zmk: zmk_hid_mouse_movement_set: Mouse movement set to 127/127[0m
[00:01:10.453,613] [0m<dbg> zmk: zmk_hid_mouse_scroll_set: Mouse scroll set to 0/0[0m
[00:01:10.453,643] [0m<dbg> zmk: zmk_hid_mouse_movement_set: Mouse movement set to 0/0[0m
[00:01:10.461,578] [0m<inf> exp02_logging: XY 70461 -8355840 -8355840[0m
[00:01:10.461,669] [0m<dbg> zmk: zmk_hid_mouse_movement_set: Mouse movement set to 0/0[0m
[00:01:10.461,700] [0m<dbg> zmk: zmk_hid_mouse_scroll_set: Mouse scroll set to 0/0[0m
[00:01:10.461,730] [0m<dbg> zmk: zmk_hid_mouse_movement_set: Mouse movement set to 0/0[0m
[00:01:10.469,512] [0m<inf> exp02_logging: XY 70469 -8355840 -2171384[0m
[00:01:10.469,604] [0m<dbg> zmk: zmk_hid_mouse_movement_set: Mouse movement set to 0/127[0m
[00:01:10.469,604] [0m<dbg> zmk: zmk_hid_mouse_scroll_set: Mouse scroll set to 0/0[0m
[00:01:10.469,635] [0m<dbg> zmk: zmk_hid_mouse_movement_set: Mouse movement set to 0/0[0m
[00:01:10.477,539] [0m<inf> exp02_logging: XY 70477 -5723971 -8355840[0m
[00:01:10.477,661] [0m<dbg> zmk: zmk_hid_mouse_movement_set: Mouse movement set to 127/0[0m
[00:01:10.477,691] [0m<dbg> zmk: zmk_hid_mouse_scroll_set: Mouse scroll set to 0/0[0m
[00:01:10.477,691] [0m<dbg> zmk: zmk_hid_mouse_movement_set: Mouse movement set to 0/0[0m
[00:01:10.485,656] [0m<inf> exp02_logging: XY 70485 -8355840 -8355840[0m
[00:01:10.485,717] [0m<dbg> zmk: zmk_hid_mouse_movement_set: Mouse movement set to 0/0[0m
[00:01:10.485,748] [0m<dbg> zmk: zmk_hid_mouse_scroll_set: Mouse scroll set to 0/0[0m
[00:01:10.485,748] [0m<dbg> zmk: zmk_hid_mouse_movement_set: Mouse movement set to 0/0[0m
[00:01:10.493,591] [0m<inf> exp02_logging: XY 70493 -723950 -4539859[0m
[00:01:10.493,713] [0m<dbg> zmk: zmk_hid_mouse_movement_set: Mouse movement set to 127/127[0m
[00:01:10.493,743] [0m<dbg> zmk: zmk_hid_mouse_scroll_set: Mouse scroll set to 0/0[0m
[00:01:10.493,743] [0m<dbg> zmk: zmk_hid_mouse_movement_set: Mouse movement set to 0/0[0m
[00:01:10.501,617] [0m<inf> exp02_logging: XY 70501 -8355840 -8355840[0m
[00:01:10.501,739] [0m<dbg> zmk: zmk_hid_mouse_movement_set: Mouse movement set to 0/0[0m
[00:01:10.501,770] [0m<dbg> zmk: zmk_hid_mouse_scroll_set: Mouse scroll set to 0/0[0m
[00:01:10.501,770] [0m<dbg> zmk: zmk_hid_mouse_movement_set: Mouse movement set to 0/0[0m
[00:01:10.509,735] [0m<inf> exp02_logging: XY 70509 -8355840 -986893[0m
[00:01:10.509,796] [0m<dbg> zmk: zmk_hid_mouse_movement_set: Mouse movement set to 0/127[0m
[00:01:10.509,826] [0m<dbg> zmk: zmk_hid_mouse_scroll_set: Mouse scroll set to 0/0[0m
[00:01:10.509,826] [0m<dbg> zmk: zmk_hid_mouse_movement_set: Mouse movement set to 0/0[0m
[00:01:10.517,669] [0m<inf> exp02_logging: XY 70517 -5987221 -8355840[0m
[00:01:10.517,791] [0m<dbg> zmk: zmk_hid_mouse_movement_set: Mouse movement set to 127/0[0m
[00:01:10.517,822] [0m<dbg> zmk: zmk_hid_mouse_scroll_set: Mouse scroll set to 0/0[0m
[00:01:10.517,822] [0m<dbg> zmk: zmk_hid_mouse_movement_set: Mouse movement set to 0/0[0m
[00:01:10.525,695] [0m<inf> exp02_logging: XY 70525 -8355840 -8355840[0m
[00:01:10.525,787] [0m<dbg> zmk: zmk_hid_mouse_movement_set: Mouse movement set to 0/0[0m
[00:01:10.525,787] [0m<dbg> zmk: zmk_hid_mouse_scroll_set: Mouse scroll set to 0/0[0m
[00:01:10.525,817] [0m<dbg> zmk: zmk_hid_mouse_movement_set: Mouse movement set to 0/0[0m
[00:01:10.533,813] [0m<inf> exp02_logging: XY 70533 -789676 -5197600[0m
[00:01:10.533,935] [0m<dbg> zmk: zmk_hid_mouse_movement_set: Mouse movement set to 127/127[0m
[00:01:10.533,966] [0m<dbg> zmk: zmk_hid_mouse_scroll_set: Mouse scroll set to 0/0[0m
[00:01:10.533,966] [0m<dbg> zmk: zmk_hid_mouse_movement_set: Mouse movement set to 0/0[0m
[00:01:10.541,748] [0m<inf> exp02_logging: XY 70541 -8355840 -8355840[0m
[00:01:10.541,870] [0m<dbg> zmk: zmk_hid_mouse_movement_set: Mouse movement set to 0/0[0m
[00:01:10.541,870] [0m<dbg> zmk: zmk_hid_mouse_scroll_set: Mouse scroll set to 0/0[0m
[00:01:10.541,900] [0m<dbg> zmk: zmk_hid_mouse_movement_set: Mouse movement set to 0/0[0m
[00:01:10.549,774] [0m<inf> exp02_logging: XY 70549 -8355840 -921209[0m
[00:01:10.549,865] [0m<dbg> zmk: zmk_hid_mouse_movement_set: Mouse movement set to 0/127[0m
[00:01:10.549,896] [0m<dbg> zmk: zmk_hid_mouse_scroll_set: Mouse scroll set to 0/0[0m
[00:01:10.549,896] [0m<dbg> zmk: zmk_hid_mouse_movement_set: Mouse movement set to 0/0[0m
[00:01:10.557,891] [0m<inf> exp02_logging: XY 70557 -6316176 -8355840[0m
[00:01:10.558,013] [0m<dbg> zmk: zmk_hid_mouse_movement_set: Mouse movement set to 127/0[0m
[00:01:10.558,013] [0m<dbg> zmk: zmk_hid_mouse_scroll_set: Mouse scroll set to 0/0[0m
[00:01:10.558,044] [0m<dbg> zmk: zmk_hid_mouse_movement_set: Mouse movement set to 0/0[0m
[00:01:10.565,826] [0m<inf> exp02_logging: XY 70565 -8355840 -8355840[0m
[00:01:10.565,887] [0m<dbg> zmk: zmk_hid_mouse_movement_set: Mouse movement set to 0/0[0m
[00:01:10.565,917] [0m<dbg> zmk: zmk_hid_mouse_scroll_set: Mouse scroll set to 0/0[0m
[00:01:10.565,948] [0m<dbg> zmk: zmk_hid_mouse_movement_set: Mouse movement set to 0/0[0m
[00:01:10.573,852] [0m<inf> exp02_logging: XY 70573 -658121 -5460892[0m
[00:01:10.574,005] [0m<dbg> zmk: zmk_hid_mouse_movement_set: Mouse movement set to 127/127[0m
[00:01:10.574,005] [0m<dbg> zmk: zmk_hid_mouse_scroll_set: Mouse scroll set to 0/0[0m
[00:01:10.574,035] [0m<dbg> zmk: zmk_hid_mouse_movement_set: Mouse movement set to 0/0[0m
[00:01:10.581,970] [0m<inf> exp02_logging: XY 70581 -8355840 -8355840[0m
[00:01:10.582,061] [0m<dbg> zmk: zmk_hid_mouse_movement_set: Mouse movement set to 0/0[0m
[00:01:10.582,092] [0m<dbg> zmk: zmk_hid_mouse_scroll_set: Mouse scroll set to 0/0[0m
[00:01:10.582,092] [0m<dbg> zmk: zmk_hid_mouse_movement_set: Mouse movement set to 0/0[0m
[00:01:10.589,904] [0m<inf> exp02_logging: XY 70589 -8355840 -855531[0m
[00:01:10.589,996] [0m<dbg> zmk: zmk_hid_mouse_movement_set: Mouse movement set to 0/127[0m
[00:01:10.589,996] [0m<dbg> zmk: zmk_hid_mouse_scroll_set: Mouse scroll set to 0/0[0m
[00:01:10.590,026] [0m<dbg> zmk: zmk_hid_mouse_movement_set: Mouse movement set to 0/0[0m
[00:01:10.597,930] [0m<inf> exp02_logging: XY 70597 -6710966 -8355840[0m
[00:01:10.598,052] [0m<dbg> zmk: zmk_hid_mouse_movement_set: Mouse movement set to 127/0[0m
[00:01:10.598,083] [0m<dbg> zmk: zmk_hid_mouse_scroll_set: Mouse scroll set to 0/0[0m
[00:01:10.598,083] [0m<dbg> zmk: zmk_hid_mouse_movement_set: Mouse movement set to 0/0[0m
[00:01:10.606,048] [0m<inf> exp02_logging: XY 70606 -8355840 -8355840[0m
[00:01:10.606,109] [0m<dbg> zmk: zmk_hid_mouse_movement_set: Mouse movement set to 0/0[0m
[00:01:10.606,140] [0m<dbg> zmk: zmk_hid_mouse_scroll_set: Mouse scroll set to 0/0[0m
[00:01:10.606,140] [0m<dbg> zmk: zmk_hid_mouse_movement_set: Mouse movement set to 0/0[0m
[00:01:10.613,983] [0m<inf> exp02_logging: XY 70613 -658043 -5526598[0m
[00:01:10.614,105] [0m<dbg> zmk: zmk_hid_mouse_movement_set: Mouse movement set to 127/127[0m
[00:01:10.614,135] [0m<dbg> zmk: zmk_hid_mouse_scroll_set: Mouse scroll set to 0/0[0m
[00:01:10.614,135] [0m<dbg> zmk: zmk_hid_mouse_movement_set: Mouse movement set to 0/0[0m
[00:01:10.622,009] [0m<inf> exp02_logging: XY 70622 -8355840 -8355840[0m
[00:01:10.622,131] [0m<dbg> zmk: zmk_hid_mouse_movement_set: Mouse movement set to 0/0[0m
[00:01:10.622,161] [0m<dbg> zmk: zmk_hid_mouse_scroll_set: Mouse scroll set to 0/0[0m
[00:01:10.622,161] [0m<dbg> zmk: zmk_hid_mouse_movement_set: Mouse movement set to 0/0[0m
[00:01:10.630,126] [0m<inf> exp02_logging: XY 70630 -8026872 -789659[0m
[00:01:10.630,249] [0m<dbg> zmk: zmk_hid_mouse_movement_set: Mouse movement set to 63/127[0m
[00:01:10.630,279] [0m<dbg> zmk: zmk_hid_mouse_scroll_set: Mouse scroll set to 0/0[0m
[00:01:10.630,279] [0m<dbg> zmk: zmk_hid_mouse_movement_set: Mouse movement set to 0/0[0m
[00:01:10.638,061] [0m<inf> exp02_logging: XY 70638 -7039836 -8355840[0m
[00:01:10.638,183] [0m<dbg> zmk: zmk_hid_mouse_movement_set: Mouse movement set to 127/0[0m
[00:01:10.638,214] [0m<dbg> zmk: zmk_hid_mouse_scroll_set: Mouse scroll set to 0/0[0m
[00:01:10.638,214] [0m<dbg> zmk: zmk_hid_mouse_movement_set: Mouse movement set to 0/0[0m
[00:01:10.646,087] [0m<inf> exp02_logging: XY 70646 -8355840 -8355840[0m
[00:01:10.646,179] [0m<dbg> zmk: zmk_hid_mouse_movement_set: Mouse movement set to 0/0[0m
[00:01:10.646,179] [0m<dbg> zmk: zmk_hid_mouse_scroll_set: Mouse scroll set to 0/0[0m
[00:01:10.646,209] [0m<dbg> zmk: zmk_hid_mouse_movement_set: Mouse movement set to 0/0[0m
[00:01:10.654,205] [0m<inf> exp02_logging: XY 70654 -526552 -6513465[0m
[00:01:10.654,327] [0m<dbg> zmk: zmk_hid_mouse_movement_set: Mouse movement set to 127/127[0m
[00:01:10.654,327] [0m<dbg> zmk: zmk_hid_mouse_scroll_set: Mouse scroll set to 0/0[0m
[00:01:10.654,357] [0m<dbg> zmk: zmk_hid_mouse_movement_set: Mouse movement set to 0/0[0m
[00:01:10.662,139] [0m<inf> exp02_logging: XY 70662 -8355840 -8355840[0m
[00:01:10.662,261] [0m<dbg> zmk: zmk_hid_mouse_movement_set: Mouse movement set to 0/0[0m
[00:01:10.662,261] [0m<dbg> zmk: zmk_hid_mouse_scroll_set: Mouse scroll set to 0/0[0m
[00:01:10.662,292] [0m<dbg> zmk: zmk_hid_mouse_movement_set: Mouse movement set to 0/0[0m
[00:01:10.670,166] [0m<inf> exp02_logging: XY 70670 -7697751 -789592[0m
[00:01:10.670,318] [0m<dbg> zmk: zmk_hid_mouse_movement_set: Mouse movement set to 127/127[0m
[00:01:10.670,318] [0m<dbg> zmk: zmk_hid_mouse_scroll_set: Mouse scroll set to 0/0[0m
[00:01:10.670,349] [0m<dbg> zmk: zmk_hid_mouse_movement_set: Mouse movement set to 0/0[0m
[00:01:10.678,283] [0m<inf> exp02_logging: XY 70678 -8224246 -8355840[0m
[00:01:10.678,405] [0m<dbg> zmk: zmk_hid_mouse_movement_set: Mouse movement set to 25/0[0m
[00:01:10.678,405] [0m<dbg> zmk: zmk_hid_mouse_scroll_set: Mouse scroll set to 0/0[0m
[00:01:10.678,436] [0m<dbg> zmk: zmk_hid_mouse_movement_set: Mouse movement set to 0/0[0m
[00:01:10.686,218] [0m<inf> exp02_logging: XY 70686 -8355840 -8355840[0m
[00:01:10.686,279] [0m<dbg> zmk: zmk_hid_mouse_movement_set: Mouse movement set to 0/0[0m
[00:01:10.686,309] [0m<dbg> zmk: zmk_hid_mouse_scroll_set: Mouse scroll set to 0/0[0m
[00:01:10.686,340] [0m<dbg> zmk: zmk_hid_mouse_movement_set: Mouse movement set to 0/0[0m
[00:01:10.694,244] [0m<inf> exp02_logging: XY 70694 -526485 -6447631[0m
[00:01:10.694,396] [0m<dbg> zmk: zmk_hid_mouse_movement_set: Mouse movement set to 127/127[0m
[00:01:10.694,396] [0m<dbg> zmk: zmk_hid_mouse_scroll_set: Mouse scroll set to 0/0[0m
[00:01:10.694,427] [0m<dbg> zmk: zmk_hid_mouse_movement_set: Mouse movement set to 0/0[0m
[00:01:10.702,362] [0m<inf> exp02_logging: XY 70702 -8355840 -8355840[0m
[00:01:10.702,453] [0m<dbg> zmk: zmk_hid_mouse_movement_set: Mouse movement set to 0/0[0m
[00:01:10.702,484] [0m<dbg> zmk: zmk_hid_mouse_scroll_set: Mouse scroll set to 0/0[0m
[00:01:10.702,514] [0m<dbg> zmk: zmk_hid_mouse_movement_set: Mouse movement set to 0/0[0m
[00:01:10.710,296] [0m<inf> exp02_logging: XY 70710 -7171494 -723872[0m
[00:01:10.710,418] [0m<dbg> zmk: zmk_hid_mouse_movement_set: Mouse movement set to 127/127[0m
[00:01:10.710,449] [0m<dbg> zmk: zmk_hid_mouse_scroll_set: Mouse scroll set to 0/0[0m
[00:01:10.710,449] [0m<dbg> zmk: zmk_hid_mouse_movement_set: Mouse movement set to 0/0[0m
[00:01:10.718,322] [0m<inf> exp02_logging: XY 70718 -8289995 -8355840[0m
[00:01:10.718,444] [0m<dbg> zmk: zmk_hid_mouse_movement_set: Mouse movement set to 12/0[0m
[00:01:10.718,475] [0m<dbg> zmk: zmk_hid_mouse_scroll_set: Mouse scroll set to 0/0[0m
[00:01:10.718,475] [0m<dbg> zmk: zmk_hid_mouse_movement_set: Mouse movement set to 0/0[0m
[00:01:10.726,440] [0m<inf> exp02_logging: XY 70726 -8355840 -8355840[0m
[00:01:10.726,501] [0m<dbg> zmk: zmk_hid_mouse_movement_set: Mouse movement set to 0/0[0m
[00:01:10.726,531] [0m<dbg> zmk: zmk_hid_mouse_scroll_set: Mouse scroll set to 0/0[0m
[00:01:10.726,531] [0m<dbg> zmk: zmk_hid_mouse_movement_set: Mouse movement set to 0/0[0m
[00:01:10.734,405] [0m<inf> exp02_logging: XY 70734 -526418 -6645217[0m
[00:01:10.734,527] [0m<dbg> zmk: zmk_hid_mouse_movement_set: Mouse movement set to 127/127[0m
[00:01:10.734,558] [0m<dbg> zmk: zmk_hid_mouse_scroll_set: Mouse scroll set to 0/0[0m
[00:01:10.734,558] [0m<dbg> zmk: zmk_hid_mouse_movement_set: Mouse movement set to 0/0[0m
[00:01:10.742,401] [0m<inf> exp02_logging: XY 70742 -8355840 -8355840[0m
[00:01:10.742,523] [0m<dbg> zmk: zmk_hid_mouse_movement_set: Mouse movement set to 0/0[0m
[00:01:10.742,553] [0m<dbg> zmk: zmk_hid_mouse_scroll_set: Mouse scroll set to 0/0[0m
[00:01:10.742,553] [0m<dbg> zmk: zmk_hid_mouse_movement_set: Mouse movement set to 0/0[0m
[00:01:10.750,518] [0m<inf> exp02_logging: XY 70750 -6579361 -723737[0m
[00:01:10.750,640] [0m<dbg> zmk: zmk_hid_mouse_movement_set: Mouse movement set to 127/127[0m
[00:01:10.750,640] [0m<dbg> zmk: zmk_hid_mouse_scroll_set: Mouse scroll set to 0/0[0m
[00:01:10.750,671] [0m<dbg> zmk: zmk_hid_mouse_movement_set: Mouse movement set to 0/0[0m
[00:01:10.758,453] [0m<inf> exp02_logging: XY 70758 -8355840 -8355840[0m
[00:01:10.758,575] [0m<dbg> zmk: zmk_hid_mouse_movement_set: Mouse movement set to 0/0[0m
[00:01:10.758,575] [0m<dbg> zmk: zmk_hid_mouse_scroll_set: Mouse scroll set to 0/0[0m
[00:01:10.758,605] [0m<dbg> zmk: zmk_hid_mouse_movement_set: Mouse movement set to 0/0[0m
[00:01:10.766,479] [0m<inf> exp02_logging: XY 70766 -8355840 -8355769[0m
[00:01:10.774,597] [0m<inf> exp02_logging: XY 70774 -526365 -7171333[0m
[00:01:10.774,719] [0m<dbg> zmk: zmk_hid_mouse_movement_set: Mouse movement set to 127/127[0m
[00:01:10.774,719] [0m<dbg> zmk: zmk_hid_mouse_scroll_set: Mouse scroll set to 0/0[0m
[00:01:10.774,749] [0m<dbg> zmk: zmk_hid_mouse_movement_set: Mouse movement set to 0/0[0m
[00:01:10.782,562] [0m<inf> exp02_logging: XY 70782 -8355840 -8355840[0m
[00:01:10.782,684] [0m<dbg> zmk: zmk_hid_mouse_movement_set: Mouse movement set to 0/0[0m
[00:01:10.782,684] [0m<dbg> zmk: zmk_hid_mouse_scroll_set: Mouse scroll set to 0/0[0m
[00:01:10.782,714] [0m<dbg> zmk: zmk_hid_mouse_movement_set: Mouse movement set to 0/0[0m
[00:01:10.790,649] [0m<inf> exp02_logging: XY 70790 -5987209 -592341[0m
[00:01:10.790,771] [0m<dbg> zmk: zmk_hid_mouse_movement_set: Mouse movement set to 127/127[0m
[00:01:10.790,802] [0m<dbg> zmk: zmk_hid_mouse_scroll_set: Mouse scroll set to 0/0[0m
[00:01:10.790,802] [0m<dbg> zmk: zmk_hid_mouse_movement_set: Mouse movement set to 0/0[0m
[00:01:10.798,583] [0m<inf> exp02_logging: XY 70798 -8355840 -8355840[0m
[00:01:10.798,706] [0m<dbg> zmk: zmk_hid_mouse_movement_set: Mouse movement set to 0/0[0m
[00:01:10.798,706] [0m<dbg> zmk: zmk_hid_mouse_scroll_set: Mouse scroll set to 0/0[0m
[00:01:10.798,736] [0m<dbg> zmk: zmk_hid_mouse_movement_set: Mouse movement set to 0/0[0m
[00:01:10.806,610] [0m<inf> exp02_logging: XY 70806 -8355840 -8026800[0m
[00:01:10.806,701] [0m<dbg> zmk: zmk_hid_mouse_movement_set: Mouse movement set to 0/63[0m
[00:01:10.806,732] [0m<dbg> zmk: zmk_hid_mouse_scroll_set: Mouse scroll set to 0/0[0m
[00:01:10.806,732] [0m<dbg> zmk: zmk_hid_mouse_movement_set: Mouse movement set to 0/0[0m
[00:01:10.814,727] [0m<inf> exp02_logging: XY 70814 -460608 -7697790[0m
[00:01:10.814,849] [0m<dbg> zmk: zmk_hid_mouse_movement_set: Mouse movement set to 127/127[0m
[00:01:10.814,880] [0m<dbg> zmk: zmk_hid_mouse_scroll_set: Mouse scroll set to 0/0[0m
[00:01:10.814,880] [0m<dbg> zmk: zmk_hid_mouse_movement_set: Mouse movement set to 0/0[0m
[00:01:10.822,662] [0m<inf> exp02_logging: XY 70822 -8355840 -8355840[0m
[00:01:10.822,784] [0m<dbg> zmk: zmk_hid_mouse_movement_set: Mouse movement set to 0/0[0m
[00:01:10.822,784] [0m<dbg> zmk: zmk_hid_mouse_scroll_set: Mouse scroll set to 0/0[0m
[00:01:10.822,814] [0m<dbg> zmk: zmk_hid_mouse_movement_set: Mouse movement set to 0/0[0m
[00:01:10.830,688] [0m<inf> exp02_logging: XY 70830 -5592568 -592148[0m
[00:01:10.830,841] [0m<dbg> zmk: zmk_hid_mouse_movement_set: Mouse movement set to 127/127[0m
[00:01:10.830,841] [0m<dbg> zmk: zmk_hid_mouse_scroll_set: Mouse scroll set to 0/0[0m
[00:01:10.830,871] [0m<dbg> zmk: zmk_hid_mouse_movement_set: Mouse movement set to 0/0[0m
[00:01:10.838,806] [0m<inf> exp02_logging: XY 70838 -8355840 -8355840[0m
[00:01:10.838,897] [0m<dbg> zmk: zmk_hid_mouse_movement_set: Mouse movement set to 0/0[0m
[00:01:10.838,928] [0m<dbg> zmk: zmk_hid_mouse_scroll_set: Mouse scroll set to 0/0[0m
[00:01:10.838,928] [0m<dbg> zmk: zmk_hid_mouse_movement_set: Mouse movement set to 0/0[0m
[00:01:10.846,740] [0m<inf> exp02_logging: XY 70846 -8355840 -7368855[0m
[00:01:10.846,832] [0m<dbg> zmk: zmk_hid_mouse_movement_set: Mouse movement set to 0/127[0m
[00:01:10.846,832] [0m<dbg> zmk: zmk_hid_mouse_scroll_set: Mouse scroll set to 0/0[0m
[00:01:10.846,862] [0m<dbg> zmk: zmk_hid_mouse_movement_set: Mouse movement set to 0/0[0m
[00:01:10.854,766] [0m<inf> exp02_logging: XY 70854 -460550 -8355701[0m
[00:01:10.854,919] [0m<dbg> zmk: zmk_hid_mouse_movement_set: Mouse movement set to 127/0[0m
[00:01:10.854,919] [0m<dbg> zmk: zmk_hid_mouse_scroll_set: Mouse scroll set to 0/0[0m
[00:01:10.854,949] [0m<dbg> zmk: zmk_hid_mouse_movement_set: Mouse movement set to 0/0[0m
[00:01:10.862,884] [0m<inf> exp02_logging: XY 70862 -8355840 -8355840[0m
[00:01:10.862,945] [0m<dbg> zmk: zmk_hid_mouse_movement_set: Mouse movement set to 0/0[0m
[00:01:10.862,976] [0m<dbg> zmk: zmk_hid_mouse_scroll_set: Mouse scroll set to 0/0[0m
[00:01:10.862,976] [0m<dbg> zmk: zmk_hid_mouse_movement_set: Mouse movement set to 0/0[0m
[00:01:10.870,819] [0m<inf> exp02_logging: XY 70870 -4934561 -592219[0m
[00:01:10.870,941] [0m<dbg> zmk: zmk_hid_mouse_movement_set: Mouse movement set to 127/127[0m
[00:01:10.870,971] [0m<dbg> zmk: zmk_hid_mouse_scroll_set: Mouse scroll set to 0/0[0m
[00:01:10.870,971] [0m<dbg> zmk: zmk_hid_mouse_movement_set: Mouse movement set to 0/0[0m
[00:01:10.878,845] [0m<inf> exp02_logging: XY 70878 -8355840 -8355840[0m
[00:01:10.878,967] [0m<dbg> zmk: zmk_hid_mouse_movement_set: Mouse movement set to 0/0[0m
[00:01:10.878,997] [0m<dbg> zmk: zmk_hid_mouse_scroll_set: Mouse scroll set to 0/0[0m
[00:01:10.878,997] [0m<dbg> zmk: zmk_hid_mouse_movement_set: Mouse movement set to 0/0[0m
[00:01:10.886,962] [0m<inf> exp02_logging: XY 70886 -8355840 -6645213[0m
[00:01:10.887,023] [0m<dbg> zmk: zmk_hid_mouse_movement_set: Mouse movement set to 0/127[0m
[00:01:10.887,054] [0m<dbg> zmk: zmk_hid_mouse_scroll_set: Mouse scroll set to 0/0[0m
[00:01:10.887,054] [0m<dbg> zmk: zmk_hid_mouse_movement_set: Mouse movement set to 0/0[0m
[00:01:10.894,897] [0m<inf> exp02_logging: XY 70894 -394896 -8355840[0m
[00:01:10.895,019] [0m<dbg> zmk: zmk_hid_mouse_movement_set: Mouse movement set to 127/0[0m
[00:01:10.895,050] [0m<dbg> zmk: zmk_hid_mouse_scroll_set: Mouse scroll set to 0/0[0m
[00:01:10.895,050] [0m<dbg> zmk: zmk_hid_mouse_movement_set: Mouse movement set to 0/0[0m
[00:01:10.902,923] [0m<inf> exp02_logging: XY 70902 -8355840 -8355840[0m
[00:01:10.903,015] [0m<dbg> zmk: zmk_hid_mouse_movement_set: Mouse movement set to 0/0[0m
[00:01:10.903,015] [0m<dbg> zmk: zmk_hid_mouse_scroll_set: Mouse scroll set to 0/0[0m
[00:01:10.903,045] [0m<dbg> zmk: zmk_hid_mouse_movement_set: Mouse movement set to 0/0[0m
[00:01:10.911,041] [0m<inf> exp02_logging: XY 70911 -4539691 -592160[0m
[00:01:10.911,163] [0m<dbg> zmk: zmk_hid_mouse_movement_set: Mouse movement set to 127/127[0m
[00:01:10.911,163] [0m<dbg> zmk: zmk_hid_mouse_scroll_set: Mouse scroll set to 0/0[0m
[00:01:10.911,193] [0m<dbg> zmk: zmk_hid_mouse_movement_set: Mouse movement set to 0/0[0m
[00:01:10.918,975] [0m<inf> exp02_logging: XY 70918 -8355840 -8355840[0m
[00:01:10.919,097] [0m<dbg> zmk: zmk_hid_mouse_movement_set: Mouse movement set to 0/0[0m
[00:01:10.919,097] [0m<dbg> zmk: zmk_hid_mouse_scroll_set: Mouse scroll set to 0/0[0m
[00:01:10.919,128] [0m<dbg> zmk: zmk_hid_mouse_movement_set: Mouse movement set to 0/0[0m
[00:01:10.927,001] [0m<inf> exp02_logging: XY 70927 -8355840 -6382068[0m
[00:01:10.927,093] [0m<dbg> zmk: zmk_hid_mouse_movement_set: Mouse movement set to 0/127[0m
[00:01:10.927,124] [0m<dbg> zmk: zmk_hid_mouse_scroll_set: Mouse scroll set to 0/0[0m
[00:01:10.927,124] [0m<dbg> zmk: zmk_hid_mouse_movement_set: Mouse movement set to 0/0[0m
[00:01:10.935,119] [0m<inf> exp02_logging: XY 70935 -460782 -8355840[0m
[00:01:10.935,241] [0m<dbg> zmk: zmk_hid_mouse_movement_set: Mouse movement set to 127/0[0m
[00:01:10.935,241] [0m<dbg> zmk: zmk_hid_mouse_scroll_set: Mouse scroll set to 0/0[0m
[00:01:10.935,272] [0m<dbg> zmk: zmk_hid_mouse_movement_set: Mouse movement set to 0/0[0m
[00:01:10.943,054] [0m<inf> exp02_logging: XY 70943 -8355840 -8355840[0m
[00:01:10.943,115] [0m<dbg> zmk: zmk_hid_mouse_movement_set: Mouse movement set to 0/0[0m
[00:01:10.943,145] [0m<dbg> zmk: zmk_hid_mouse_scroll_set: Mouse scroll set to 0/0[0m
[00:01:10.943,176] [0m<dbg> zmk: zmk_hid_mouse_movement_set: Mouse movement set to 0/0[0m
[00:01:10.951,080] [0m<inf> exp02_logging: XY 70951 -4210864 -526555[0m
[00:01:10.951,202] [0m<dbg> zmk: zmk_hid_mouse_movement_set: Mouse movement set to 127/127[0m
[00:01:10.951,232] [0m<dbg> zmk: zmk_hid_mouse_scroll_set: Mouse scroll set to 0/0[0m
[00:01:10.951,263] [0m<dbg> zmk: zmk_hid_mouse_movement_set: Mouse movement set to 0/0[0m
[00:01:10.959,197] [0m<inf> exp02_logging: XY 70959 -8355840 -8355840[0m
[00:01:10.959,320] [0m<dbg> zmk: zmk_hid_mouse_movement_set: Mouse movement set to 0/0[0m
[00:01:10.959,320] [0m<dbg> zmk: zmk_hid_mouse_scroll_set: Mouse scroll set to 0/0[0m
[00:01:10.959,350] [0m<dbg> zmk: zmk_hid_mouse_movement_set: Mouse movement set to 0/0[0m
[00:01:10.967,132] [0m<inf> exp02_logging: XY 70967 -8355840 -5723953[0m
[00:01:10.967,224] [0m<dbg> zmk: zmk_hid_mouse_movement_set: Mouse movement set to 0/127[0m
[00:01:10.967,224] [0m<dbg> zmk: zmk_hid_mouse_scroll_set: Mouse scroll set to 0/0[0m
[00:01:10.967,254] [0m<dbg> zmk: zmk_hid_mouse_movement_set: Mouse movement set to 0/0[0m
[00:01:10.975,158] [0m<inf> exp02_logging: XY 70975 -526410 -8355840[0m
[00:01:10.975,280] [0m<dbg> zmk: zmk_hid_mouse_movement_set: Mouse movement set to 127/0[0m
[00:01:10.975,311] [0m<dbg> zmk: zmk_hid_mouse_scroll_set: Mouse scroll set to 0/0[0m
[00:01:10.975,311] [0m<dbg> zmk: zmk_hid_mouse_movement_set: Mouse movement set to 0/0[0m
[00:01:10.983,276] [0m<inf> exp02_logging: XY 70983 -8355840 -8355840[0m
[00:01:10.983,337] [0m<dbg> zmk: zmk_hid_mouse_movement_set: Mouse movement set to 0/0[0m
[00:01:10.983,367] [0m<dbg> zmk: zmk_hid_mouse_scroll_set: Mouse scroll set to 0/0[0m
[00:01:10.983,367] [0m<dbg> zmk: zmk_hid_mouse_movement_set: Mouse movement set to 0/0[0m
[00:01:10.991,210] [0m<inf> exp02_logging: XY 70991 -3618695 -460800[0m
[00:01:10.991,333] [0m<dbg> zmk: zmk_hid_mouse_movement_set: Mouse movement set to 127/127[0m
[00:01:10.991,363] [0m<dbg> zmk: zmk_hid_mouse_scroll_set: Mouse scroll set to 0/0[0m
[00:01:10.991,363] [0m<dbg> zmk: zmk_hid_mouse_movement_set: Mouse movement set to 0/0[0m
[00:01:10.999,237] [0m<inf> exp02_logging: XY 70999 -8355840 -8355840[0m
[00:01:10.999,359] [0m<dbg> zmk: zmk_hid_mouse_movement_set: Mouse movement set to 0/0[0m
[00:01:10.999,389] [0m<dbg> zmk: zmk_hid_mouse_scroll_set: Mouse scroll set to 0/0[0m
[00:01:10.999,389] [0m<dbg> zmk: zmk_hid_mouse_movement_set: Mouse movement set to 0/0[0m
[00:01:11.007,354] [0m<inf> exp02_logging: XY 71007 -8355840 -4934626[0m
[00:01:11.007,415] [0m<dbg> zmk: zmk_hid_mouse_movement_set: Mouse movement set to 0/127[0m
[00:01:11.007,446] [0m<dbg> zmk: zmk_hid_mouse_scroll_set: Mouse scroll set to 0/0[0m
[00:01:11.007,446] [0m<dbg> zmk: zmk_hid_mouse_movement_set: Mouse movement set to 0/0[0m
[00:01:11.015,289] [0m<inf> exp02_logging: XY 71015 -723842 -8355840[0m
[00:01:11.015,411] [0m<dbg> zmk: zmk_hid_mouse_movement_set: Mouse movement set to 127/0[0m
[00:01:11.015,441] [0m<dbg> zmk: zmk_hid_mouse_scroll_set: Mouse scroll set to 0/0[0m
[00:01:11.015,441] [0m<dbg> zmk: zmk_hid_mouse_movement_set: Mouse movement set to 0/0[0m
[00:01:11.023,315] [0m<inf> exp02_logging: XY 71023 -8355840 -8355840[0m
[00:01:11.023,406] [0m<dbg> zmk: zmk_hid_mouse_movement_set: Mouse movement set to 0/0[0m
[00:01:11.023,406] [0m<dbg> zmk: zmk_hid_mouse_scroll_set: Mouse scroll set to 0/0[0m
[00:01:11.023,437] [0m<dbg> zmk: zmk_hid_mouse_movement_set: Mouse movement set to 0/0[0m
[00:01:11.031,433] [0m<inf> exp02_logging: XY 71031 -2960860 -460729[0m
[00:01:11.031,555] [0m<dbg> zmk: zmk_hid_mouse_movement_set: Mouse movement set to 127/127[0m
[00:01:11.031,585] [0m<dbg> zmk: zmk_hid_mouse_scroll_set: Mouse scroll set to 0/0[0m
[00:01:11.031,585] [0m<dbg> zmk: zmk_hid_mouse_movement_set: Mouse movement set to 0/0[0m
[00:01:11.039,367] [0m<inf> exp02_logging: XY 71039 -8355840 -8355840[0m
[00:01:11.039,489] [0m<dbg> zmk: zmk_hid_mouse_movement_set: Mouse movement set to 0/0[0m
[00:01:11.039,489] [0m<dbg> zmk: zmk_hid_mouse_scroll_set: Mouse scroll set to 0/0[0m
[00:01:11.039,520] [0m<dbg> zmk: zmk_hid_mouse_movement_set: Mouse movement set to 0/0[0m
[00:01:11.047,393] [0m<inf> exp02_logging: XY 71047 -8355840 -4737085[0m
[00:01:11.047,485] [0m<dbg> zmk: zmk_hid_mouse_movement_set: Mouse movement set to 0/127[0m
[00:01:11.047,515] [0m<dbg> zmk: zmk_hid_mouse_scroll_set: Mouse scroll set to 0/0[0m
[00:01:11.047,515] [0m<dbg> zmk: zmk_hid_mouse_movement_set: Mouse movement set to 0/0[0m
[00:01:11.055,511] [0m<inf> exp02_logging: XY 71055 -1250133 -8355840[0m
[00:01:11.055,633] [0m<dbg> zmk: zmk_hid_mouse_movement_set: Mouse movement set to 127/0[0m
[00:01:11.055,633] [0m<dbg> zmk: zmk_hid_mouse_scroll_set: Mouse scroll set to 0/0[0m
[00:01:11.055,664] [0m<dbg> zmk: zmk_hid_mouse_movement_set: Mouse movement set to 0/0[0m
[00:01:11.063,446] [0m<inf> exp02_logging: XY 71063 -8355840 -8355840[0m
[00:01:11.063,507] [0m<dbg> zmk: zmk_hid_mouse_movement_set: Mouse movement set to 0/0[0m
[00:01:11.063,537] [0m<dbg> zmk: zmk_hid_mouse_scroll_set: Mouse scroll set to 0/0[0m
[00:01:11.063,568] [0m<dbg> zmk: zmk_hid_mouse_movement_set: Mouse movement set to 0/0[0m
[00:01:11.071,472] [0m<inf> exp02_logging: XY 71071 -2829074 -460747[0m
[00:01:11.071,624] [0m<dbg> zmk: zmk_hid_mouse_movement_set: Mouse movement set to 127/127[0m
[00:01:11.071,624] [0m<dbg> zmk: zmk_hid_mouse_scroll_set: Mouse scroll set to 0/0[0m
[00:01:11.071,655] [0m<dbg> zmk: zmk_hid_mouse_movement_set: Mouse movement set to 0/0[0m
[00:01:11.079,589] [0m<inf> exp02_logging: XY 71079 -8355840 -8355840[0m
[00:01:11.079,681] [0m<dbg> zmk: zmk_hid_mouse_movement_set: Mouse movement set to 0/0[0m
[00:01:11.079,711] [0m<dbg> zmk: zmk_hid_mouse_scroll_set: Mouse scroll set to 0/0[0m
[00:01:11.079,711] [0m<dbg> zmk: zmk_hid_mouse_movement_set: Mouse movement set to 0/0[0m
[00:01:11.087,524] [0m<inf> exp02_logging: XY 71087 -8355840 -4210738[0m
[00:01:11.087,615] [0m<dbg> zmk: zmk_hid_mouse_movement_set: Mouse movement set to 0/127[0m
[00:01:11.087,615] [0m<dbg> zmk: zmk_hid_mouse_scroll_set: Mouse scroll set to 0/0[0m
[00:01:11.087,646] [0m<dbg> zmk: zmk_hid_mouse_movement_set: Mouse movement set to 0/0[0m
[00:01:11.095,550] [0m<inf> exp02_logging: XY 71095 -1579174 -8355840[0m
[00:01:11.095,672] [0m<dbg> zmk: zmk_hid_mouse_movement_set: Mouse movement set to 127/0[0m
[00:01:11.095,703] [0m<dbg> zmk: zmk_hid_mouse_scroll_set: Mouse scroll set to 0/0[0m
[00:01:11.095,703] [0m<dbg> zmk: zmk_hid_mouse_movement_set: Mouse movement set to 0/0[0m
[00:01:11.103,668] [0m<inf> exp02_logging: XY 71103 -8355840 -8355840[0m
[00:01:11.103,729] [0m<dbg> zmk: zmk_hid_mouse_movement_set: Mouse movement set to 0/0[0m
[00:01:11.103,759] [0m<dbg> zmk: zmk_hid_mouse_scroll_set: Mouse scroll set to 0/0[0m
[00:01:11.103,759] [0m<dbg> zmk: zmk_hid_mouse_movement_set: Mouse movement set to 0/0[0m
[00:01:11.111,602] [0m<inf> exp02_logging: XY 71111 -2237167 -526461[0m
[00:01:11.111,724] [0m<dbg> zmk: zmk_hid_mouse_movement_set: Mouse movement set to 127/127[0m
[00:01:11.111,755] [0m<dbg> zmk: zmk_hid_mouse_scroll_set: Mouse scroll set to 0/0[0m
[00:01:11.111,755] [0m<dbg> zmk: zmk_hid_mouse_movement_set: Mouse movement set to 0/0[0m
[00:01:11.119,628] [0m<inf> exp02_logging: XY 71119 -8355840 -8355840[0m
[00:01:11.119,750] [0m<dbg> zmk: zmk_hid_mouse_movement_set: Mouse movement set to 0/0[0m
[00:01:11.119,781] [0m<dbg> zmk: zmk_hid_mouse_scroll_set: Mouse scroll set to 0/0[0m
[00:01:11.119,781] [0m<dbg> zmk: zmk_hid_mouse_movement_set: Mouse movement set to 0/0[0m
[00:01:11.127,746] [0m<inf> exp02_logging: XY 71127 -8355840 -3421429[0m
[00:01:11.127,807] [0m<dbg> zmk: zmk_hid_mouse_movement_set: Mouse movement set to 0/127[0m
[00:01:11.127,838] [0m<dbg> zmk: zmk_hid_mouse_scroll_set: Mouse scroll set to 0/0[0m
[00:01:11.127,838] [0m<dbg> zmk: zmk_hid_mouse_movement_set: Mouse movement set to 0/0[0m
[00:01:11.135,742] [0m<inf> exp02_logging: XY 71135 -2039754 -8355840[0m
[00:01:11.135,833] [0m<dbg> zmk: zmk_hid_mouse_movement_set: Mouse movement set to 127/0[0m
[00:01:11.135,864] [0m<dbg> zmk: zmk_hid_mouse_scroll_set: Mouse scroll set to 0/0[0m
[00:01:11.135,864] [0m<dbg> zmk: zmk_hid_mouse_movement_set: Mouse movement set to 0/0[0m
[00:01:11.143,707] [0m<inf> exp02_logging: XY 71143 -8355840 -8355840[0m
[00:01:11.143,798] [0m<dbg> zmk: zmk_hid_mouse_movement_set: Mouse movement set to 0/0[0m
[00:01:11.143,798] [0m<dbg> zmk: zmk_hid_mouse_scroll_set: Mouse scroll set to 0/0[0m
[00:01:11.143,829] [0m<dbg> zmk: zmk_hid_mouse_movement_set: Mouse movement set to 0/0[0m
[00:01:11.151,824] [0m<inf> exp02_logging: XY 71151 -1513329 -855320[0m
[00:01:11.151,947] [0m<dbg> zmk: zmk_hid_mouse_movement_set: Mouse movement set to 127/127[0m
[00:01:11.151,947] [0m<dbg> zmk: zmk_hid_mouse_scroll_set: Mouse scroll set to 0/0[0m
[00:01:11.151,977] [0m<dbg> zmk: zmk_hid_mouse_movement_set: Mouse movement set to 0/0[0m
[00:01:11.159,759] [0m<inf> exp02_logging: XY 71159 -8355840 -8355840[0m
[00:01:11.159,881] [0m<dbg> zmk: zmk_hid_mouse_movement_set: Mouse movement set to 0/0[0m
[00:01:11.159,881] [0m<dbg> zmk: zmk_hid_mouse_scroll_set: Mouse scroll set to 0/0[0m
[00:01:11.159,912] [0m<dbg> zmk: zmk_hid_mouse_movement_set: Mouse movement set to 0/0[0m
[00:01:11.167,785] [0m<inf> exp02_logging: XY 71167 -8355840 -3224023[0m
[00:01:11.167,877] [0m<dbg> zmk: zmk_hid_mouse_movement_set: Mouse movement set to 0/127[0m
[00:01:11.167,907] [0m<dbg> zmk: zmk_hid_mouse_scroll_set: Mouse scroll set to 0/0[0m
[00:01:11.167,907] [0m<dbg> zmk: zmk_hid_mouse_movement_set: Mouse movement set to 0/0[0m
[00:01:11.175,903] [0m<inf> exp02_logging: XY 71175 -2697580 -8355840[0m
[00:01:11.176,025] [0m<dbg> zmk: zmk_hid_mouse_movement_set: Mouse movement set to 127/0[0m
[00:01:11.176,025] [0m<dbg> zmk: zmk_hid_mouse_scroll_set: Mouse scroll set to 0/0[0m
[00:01:11.176,055] [0m<dbg> zmk: zmk_hid_mouse_movement_set: Mouse movement set to 0/0[0m
[00:01:11.183,837] [0m<inf> exp02_logging: XY 71183 -8355840 -8355840[0m
[00:01:11.183,929] [0m<dbg> zmk: zmk_hid_mouse_movement_set: Mouse movement set to 0/0[0m
[00:01:11.183,929] [0m<dbg> zmk: zmk_hid_mouse_scroll_set: Mouse scroll set to 0/0[0m
[00:01:11.183,959] [0m<dbg> zmk: zmk_hid_mouse_movement_set: Mouse movement set to 0/0[0m
[00:01:11.191,864] [0m<inf> exp02_logging: XY 71191 -1250277 -1184385[0m
[00:01:11.192,016] [0m<dbg> zmk: zmk_hid_mouse_movement_set: Mouse movement set to 127/127[0m
[00:01:11.192,016] [0m<dbg> zmk: zmk_hid_mouse_scroll_set: Mouse scroll set to 0/0[0m
[00:01:11.192,047] [0m<dbg> zmk: zmk_hid_mouse_movement_set: Mouse movement set to 0/0[0m
[00:01:11.199,981] [0m<inf> exp02_logging: XY 71199 -8355840 -8355840[0m
[00:01:11.200,073] [0m<dbg> zmk: zmk_hid_mouse_movement_set: Mouse movement set to 0/0[0m
[00:01:11.200,103] [0m<dbg> zmk: zmk_hid_mouse_scroll_set: Mouse scroll set to 0/0[0m
[00:01:11.200,103] [0m<dbg> zmk: zmk_hid_mouse_movement_set: Mouse movement set to 0/0[0m
[00:01:11.207,916] [0m<inf> exp02_logging: XY 71207 -8355840 -2895061[0m
[00:01:11.208,007] [0m<dbg> zmk: zmk_hid_mouse_movement_set: Mouse movement set to 0/127[0m
[00:01:11.208,007] [0m<dbg> zmk: zmk_hid_mouse_scroll_set: Mouse scroll set to 0/0[0m
[00:01:11.208,038] [0m<dbg> zmk: zmk_hid_mouse_movement_set: Mouse movement set to 0/0[0m
[00:01:11.215,942] [0m<inf> exp02_logging: XY 71215 -3092369 -8355840[0m
[00:01:11.216,064] [0m<dbg> zmk: zmk_hid_mouse_movement_set: Mouse movement set to 127/0[0m
[00:01:11.216,094] [0m<dbg> zmk: zmk_hid_mouse_scroll_set: Mouse scroll set to 0/0[0m
[00:01:11.216,094] [0m<dbg> zmk: zmk_hid_mouse_movement_set: Mouse movement set to 0/0[0m
[00:01:11.224,060] [0m<inf> exp02_logging: XY 71224 -8355840 -8355840[0m
[00:01:11.224,121] [0m<dbg> zmk: zmk_hid_mouse_movement_set: Mouse movement set to 0/0[0m
[00:01:11.224,151] [0m<dbg> zmk: zmk_hid_mouse_scroll_set: Mouse scroll set to 0/0[0m
[00:01:11.224,151] [0m<dbg> zmk: zmk_hid_mouse_movement_set: Mouse movement set to 0/0[0m
[00:01:11.232,055] [0m<inf> exp02_logging: XY 71232 -921233 -1776420[0m
[00:01:11.232,177] [0m<dbg> zmk: zmk_hid_mouse_movement_set: Mouse movement set to 127/127[0m
[00:01:11.232,177] [0m<dbg> zmk: zmk_hid_mouse_scroll_set: Mouse scroll set to 0/0[0m
[00:01:11.232,208] [0m<dbg> zmk: zmk_hid_mouse_movement_set: Mouse movement set to 0/0[0m
[00:01:11.240,020] [0m<inf> exp02_logging: XY 71240 -8355840 -8355840[0m
[00:01:11.240,142] [0m<dbg> zmk: zmk_hid_mouse_movement_set: Mouse movement set to 0/0[0m
[00:01:11.240,142] [0m<dbg> zmk: zmk_hid_mouse_scroll_set: Mouse scroll set to 0/0[0m
[00:01:11.240,173] [0m<dbg> zmk: zmk_hid_mouse_movement_set: Mouse movement set to 0/0[0m
[00:01:11.248,138] [0m<inf> exp02_logging: XY 71248 -8355840 -2631700[0m
[00:01:11.248,199] [0m<dbg> zmk: zmk_hid_mouse_movement_set: Mouse movement set to 0/127[0m
[00:01:11.248,229] [0m<dbg> zmk: zmk_hid_mouse_scroll_set: Mouse scroll set to 0/0[0m
[00:01:11.248,229] [0m<dbg> zmk: zmk_hid_mouse_movement_set: Mouse movement set to 0/0[0m
[00:01:11.256,072] [0m<inf> exp02_logging: XY 71256 -3552865 -8355840[0m
[00:01:11.256,195] [0m<dbg> zmk: zmk_hid_mouse_movement_set: Mouse movement set to 127/0[0m
[00:01:11.256,225] [0m<dbg> zmk: zmk_hid_mouse_scroll_set: Mouse scroll set to 0/0[0m
[00:01:11.256,225] [0m<dbg> zmk: zmk_hid_mouse_movement_set: Mouse movement set to 0/0[0m
[00:01:11.264,099] [0m<inf> exp02_logging: XY 71264 -8355840 -8355840[0m
[00:01:11.264,190] [0m<dbg> zmk: zmk_hid_mouse_movement_set: Mouse movement set to 0/0[0m
[00:01:11.264,190] [0m<dbg> zmk: zmk_hid_mouse_scroll_set: Mouse scroll set to 0/0[0m
[00:01:11.264,221] [0m<dbg> zmk: zmk_hid_mouse_movement_set: Mouse movement set to 0/0[0m
[00:01:11.272,216] [0m<inf> exp02_logging: XY 71272 -921162 -2500164[0m
[00:01:11.272,338] [0m<dbg> zmk: zmk_hid_mouse_movement_set: Mouse movement set to 127/127[0m
[00:01:11.272,338] [0m<dbg> zmk: zmk_hid_mouse_scroll_set: Mouse scroll set to 0/0[0m
[00:01:11.272,369] [0m<dbg> zmk: zmk_hid_mouse_movement_set: Mouse movement set to 0/0[0m
[00:01:11.280,151] [0m<inf> exp02_logging: XY 71280 -8355840 -8355840[0m
[00:01:11.280,273] [0m<dbg> zmk: zmk_hid_mouse_movement_set: Mouse movement set to 0/0[0m
[00:01:11.280,273] [0m<dbg> zmk: zmk_hid_mouse_scroll_set: Mouse scroll set to 0/0[0m
[00:01:11.280,303] [0m<dbg> zmk: zmk_hid_mouse_movement_set: Mouse movement set to 0/0[0m
[00:01:11.288,177] [0m<inf> exp02_logging: XY 71288 -8355840 -2697496[0m
[00:01:11.288,269] [0m<dbg> zmk: zmk_hid_mouse_movement_set: Mouse movement set to 0/127[0m
[00:01:11.288,299] [0m<dbg> zmk: zmk_hid_mouse_scroll_set: Mouse scroll set to 0/0[0m
[00:01:11.288,299] [0m<dbg> zmk: zmk_hid_mouse_movement_set: Mouse movement set to 0/0[0m
[00:01:11.296,295] [0m<inf> exp02_logging: XY 71296 -4079321 -8355840[0m
[00:01:11.296,417] [0m<dbg> zmk: zmk_hid_mouse_movement_set: Mouse movement set to 127/0[0m
[00:01:11.296,417] [0m<dbg> zmk: zmk_hid_mouse_scroll_set: Mouse scroll set to 0/0[0m
[00:01:11.296,447] [0m<dbg> zmk: zmk_hid_mouse_movement_set: Mouse movement set to 0/0[0m
[00:01:11.304,229] [0m<inf> exp02_logging: XY 71304 -8355840 -8355840[0m
[00:01:11.304,321] [0m<dbg> zmk: zmk_hid_mouse_movement_set: Mouse movement set to 0/0[0m
[00:01:11.304,321] [0m<dbg> zmk: zmk_hid_mouse_scroll_set: Mouse scroll set to 0/0[0m
[00:01:11.304,351] [0m<dbg> zmk: zmk_hid_mouse_movement_set: Mouse movement set to 0/0[0m
[00:01:11.312,255] [0m<inf> exp02_logging: XY 71312 -855418 -2960830[0m
[00:01:11.312,408] [0m<dbg> zmk: zmk_hid_mouse_movement_set: Mouse movement set to 127/127[0m
[00:01:11.312,408] [0m<dbg> zmk: zmk_hid_mouse_scroll_set: Mouse scroll set to 0/0[0m
[00:01:11.312,438] [0m<dbg> zmk: zmk_hid_mouse_movement_set: Mouse movement set to 0/0[0m
[00:01:11.320,373] [0m<inf> exp02_logging: XY 71320 -8355840 -8355840[0m
[00:01:11.320,465] [0m<dbg> zmk: zmk_hid_mouse_movement_set: Mouse movement set to 0/0[0m
[00:01:11.320,495] [0m<dbg> zmk: zmk_hid_mouse_scroll_set: Mouse scroll set to 0/0[0m
[00:01:11.320,495] [0m<dbg> zmk: zmk_hid_mouse_movement_set: Mouse movement set to 0/0[0m
[00:01:11.328,308] [0m<inf> exp02_logging: XY 71328 -8355840 -2434372[0m
[00:01:11.328,399] [0m<dbg> zmk: zmk_hid_mouse_movement_set: Mouse movement set to 0/127[0m
[00:01:11.328,399] [0m<dbg> zmk: zmk_hid_mouse_scroll_set: Mouse scroll set to 0/0[0m
[00:01:11.328,430] [0m<dbg> zmk: zmk_hid_mouse_movement_set: Mouse movement set to 0/0[0m
[00:01:11.336,334] [0m<inf> exp02_logging: XY 71336 -4539689 -8355840[0m
[00:01:11.336,456] [0m<dbg> zmk: zmk_hid_mouse_movement_set: Mouse movement set to 127/0[0m
[00:01:11.336,486] [0m<dbg> zmk: zmk_hid_mouse_scroll_set: Mouse scroll set to 0/0[0m
[00:01:11.336,486] [0m<dbg> zmk: zmk_hid_mouse_movement_set: Mouse movement set to 0/0[0m
[00:01:11.344,451] [0m<inf> exp02_logging: XY 71344 -8355840 -8355840[0m
[00:01:11.344,512] [0m<dbg> zmk: zmk_hid_mouse_movement_set: Mouse movement set to 0/0[0m
[00:01:11.344,543] [0m<dbg> zmk: zmk_hid_mouse_scroll_set: Mouse scroll set to 0/0[0m
[00:01:11.344,543] [0m<dbg> zmk: zmk_hid_mouse_movement_set: Mouse movement set to 0/0[0m
[00:01:11.352,447] [0m<inf> exp02_logging: XY 71352 -855322 -3684447[0m
[00:01:11.352,569] [0m<dbg> zmk: zmk_hid_mouse_movement_set: Mouse movement set to 127/127[0m
[00:01:11.352,569] [0m<dbg> zmk: zmk_hid_mouse_scroll_set: Mouse scroll set to 0/0[0m
[00:01:11.352,600] [0m<dbg> zmk: zmk_hid_mouse_movement_set: Mouse movement set to 0/0[0m
[00:01:11.360,412] [0m<inf> exp02_logging: XY 71360 -8355840 -8355840[0m
[00:01:11.360,534] [0m<dbg> zmk: zmk_hid_mouse_movement_set: Mouse movement set to 0/0[0m
[00:01:11.360,565] [0m<dbg> zmk: zmk_hid_mouse_scroll_set: Mouse scroll set to 0/0[0m
[00:01:11.360,565] [0m<dbg> zmk: zmk_hid_mouse_movement_set: Mouse movement set to 0/0[0m
[00:01:11.368,530] [0m<inf> exp02_logging: XY 71368 -8355840 -2039652[0m
[00:01:11.368,591] [0m<dbg> zmk: zmk_hid_mouse_movement_set: Mouse movement set to 0/127[0m
[00:01:11.368,621] [0m<dbg> zmk: zmk_hid_mouse_scroll_set: Mouse scroll set to 0/0[0m
[00:01:11.368,621] [0m<dbg> zmk: zmk_hid_mouse_movement_set: Mouse movement set to 0/0[0m
[00:01:11.376,464] [0m<inf> exp02_logging: XY 71376 -5132021 -8355840[0m
[00:01:11.376,586] [0m<dbg> zmk: zmk_hid_mouse_movement_set: Mouse movement set to 127/0[0m
[00:01:11.376,617] [0m<dbg> zmk: zmk_hid_mouse_scroll_set: Mouse scroll set to 0/0[0m
[00:01:11.376,617] [0m<dbg> zmk: zmk_hid_mouse_movement_set: Mouse movement set to 0/0[0m
[00:01:11.384,490] [0m<inf> exp02_logging: XY 71384 -8355840 -8355840[0m
[00:01:11.384,582] [0m<dbg> zmk: zmk_hid_mouse_movement_set: Mouse movement set to 0/0[0m
[00:01:11.384,582] [0m<dbg> zmk: zmk_hid_mouse_scroll_set: Mouse scroll set to 0/0[0m
[00:01:11.384,613] [0m<dbg> zmk: zmk_hid_mouse_movement_set: Mouse movement set to 0/0[0m
[00:01:11.392,608] [0m<inf> exp02_logging: XY 71392 -789578 -4210776[0m
[00:01:11.392,730] [0m<dbg> zmk: zmk_hid_mouse_movement_set: Mouse movement set to 127/127[0m
[00:01:11.392,761] [0m<dbg> zmk: zmk_hid_mouse_scroll_set: Mouse scroll set to 0/0[0m
[00:01:11.392,761] [0m<dbg> zmk: zmk_hid_mouse_movement_set: Mouse movement set to 0/0[0m
[00:01:11.400,543] [0m<inf> exp02_logging: XY 71400 -8355840 -8355840[0m
[00:01:11.400,665] [0m<dbg> zmk: zmk_hid_mouse_movement_set: Mouse movement set to 0/0[0m
[00:01:11.400,665] [0m<dbg> zmk: zmk_hid_mouse_scroll_set: Mouse scroll set to 0/0[0m
[00:01:11.400,695] [0m<dbg> zmk: zmk_hid_mouse_movement_set: Mouse movement set to 0/0[0m
[00:01:11.408,569] [0m<inf> exp02_logging: XY 71408 -8355840 -2105453[0m
[00:01:11.408,660] [0m<dbg> zmk: zmk_hid_mouse_movement_set: Mouse movement set to 0/127[0m
[00:01:11.408,691] [0m<dbg> zmk: zmk_hid_mouse_scroll_set: Mouse scroll set to 0/0[0m
[00:01:11.408,691] [0m<dbg> zmk: zmk_hid_mouse_movement_set: Mouse movement set to 0/0[0m
[00:01:11.416,687] [0m<inf> exp02_logging: XY 71416 -5658180 -8355840[0m
[00:01:11.416,809] [0m<dbg> zmk: zmk_hid_mouse_movement_set: Mouse movement set to 127/0[0m
[00:01:11.416,809] [0m<dbg> zmk: zmk_hid_mouse_scroll_set: Mouse scroll set to 0/0[0m
[00:01:11.416,839] [0m<dbg> zmk: zmk_hid_mouse_movement_set: Mouse movement set to 0/0[0m
[00:01:11.424,621] [0m<inf> exp02_logging: XY 71424 -8355840 -8355840[0m
[00:01:11.424,682] [0m<dbg> zmk: zmk_hid_mouse_movement_set: Mouse movement set to 0/0[0m
[00:01:11.424,713] [0m<dbg> zmk: zmk_hid_mouse_scroll_set: Mouse scroll set to 0/0[0m
[00:01:11.424,743] [0m<dbg> zmk: zmk_hid_mouse_movement_set: Mouse movement set to 0/0[0m
[00:01:11.432,647] [0m<inf> exp02_logging: XY 71432 -789710 -4408107[0m
[00:01:11.432,800] [0m<dbg> zmk: zmk_hid_mouse_movement_set: Mouse movement set to 127/127[0m
[00:01:11.432,800] [0m<dbg> zmk: zmk_hid_mouse_scroll_set: Mouse scroll set to 0/0[0m
[00:01:11.432,830] [0m<dbg> zmk: zmk_hid_mouse_movement_set: Mouse movement set to 0/0[0m
[00:01:11.440,765] [0m<inf> exp02_logging: XY 71440 -8355840 -8355840[0m
[00:01:11.440,856] [0m<dbg> zmk: zmk_hid_mouse_movement_set: Mouse movement set to 0/0[0m
[00:01:11.440,887] [0m<dbg> zmk: zmk_hid_mouse_scroll_set: Mouse scroll set to 0/0[0m
[00:01:11.440,917] [0m<dbg> zmk: zmk_hid_mouse_movement_set: Mouse movement set to 0/0[0m
[00:01:11.448,699] [0m<inf> exp02_logging: XY 71448 -8355840 -1579156[0m
[00:01:11.448,791] [0m<dbg> zmk: zmk_hid_mouse_movement_set: Mouse movement set to 0/127[0m
[00:01:11.448,791] [0m<dbg> zmk: zmk_hid_mouse_scroll_set: Mouse scroll set to 0/0[0m
[00:01:11.448,822] [0m<dbg> zmk: zmk_hid_mouse_movement_set: Mouse movement set to 0/0[0m
[00:01:11.456,726] [0m<inf> exp02_logging: XY 71456 -5987263 -8355840[0m
[00:01:11.456,848] [0m<dbg> zmk: zmk_hid_mouse_movement_set: Mouse movement set to 127/0[0m
[00:01:11.456,878] [0m<dbg> zmk: zmk_hid_mouse_scroll_set: Mouse scroll set to 0/0[0m
[00:01:11.456,878] [0m<dbg> zmk: zmk_hid_mouse_movement_set: Mouse movement set to 0/0[0m
[00:01:11.464,843] [0m<inf> exp02_logging: XY 71464 -8355840 -8355840[0m
[00:01:11.464,904] [0m<dbg> zmk: zmk_hid_mouse_movement_set: Mouse movement set to 0/0[0m
[00:01:11.464,935] [0m<dbg> zmk: zmk_hid_mouse_scroll_set: Mouse scroll set to 0/0[0m
[00:01:11.464,935] [0m<dbg> zmk: zmk_hid_mouse_movement_set: Mouse movement set to 0/0[0m
[00:01:11.472,778] [0m<inf> exp02_logging: XY 71472 -855298 -4934563[0m
[00:01:11.472,900] [0m<dbg> zmk: zmk_hid_mouse_movement_set: Mouse movement set to 127/127[0m
[00:01:11.472,930] [0m<dbg> zmk: zmk_hid_mouse_scroll_set: Mouse scroll set to 0/0[0m
[00:01:11.472,930] [0m<dbg> zmk: zmk_hid_mouse_movement_set: Mouse movement set to 0/0[0m
[00:01:11.480,804] [0m<inf> exp02_logging: XY 71480 -8355840 -8355840[0m
[00:01:11.480,926] [0m<dbg> zmk: zmk_hid_mouse_movement_set: Mouse movement set to 0/0[0m
[00:01:11.480,957] [0m<dbg> zmk: zmk_hid_mouse_scroll_set: Mouse scroll set to 0/0[0m
[00:01:11.480,957] [0m<dbg> zmk: zmk_hid_mouse_movement_set: Mouse movement set to 0/0[0m
[00:01:11.488,922] [0m<inf> exp02_logging: XY 71488 -8355840 -1184265[0m
[00:01:11.488,983] [0m<dbg> zmk: zmk_hid_mouse_movement_set: Mouse movement set to 0/127[0m
[00:01:11.489,013] [0m<dbg> zmk: zmk_hid_mouse_scroll_set: Mouse scroll set to 0/0[0m
[00:01:11.489,044] [0m<dbg> zmk: zmk_hid_mouse_movement_set: Mouse movement set to 0/0[0m
[00:01:11.496,856] [0m<inf> exp02_logging: XY 71496 -6447759 -8355840[0m
[00:01:11.496,978] [0m<dbg> zmk: zmk_hid_mouse_movement_set: Mouse movement set to 127/0[0m
[00:01:11.497,009] [0m<dbg> zmk: zmk_hid_mouse_scroll_set: Mouse scroll set to 0/0[0m
[00:01:11.497,009] [0m<dbg> zmk: zmk_hid_mouse_movement_set: Mouse movement set to 0/0[0m
[00:01:11.504,882] [0m<inf> exp02_logging: XY 71504 -8355840 -8355840[0m
[00:01:11.504,974] [0m<dbg> zmk: zmk_hid_mouse_movement_set: Mouse movement set to 0/0[0m
[00:01:11.504,974] [0m<dbg> zmk: zmk_hid_mouse_scroll_set: Mouse scroll set to 0/0[0m
[00:01:11.505,004] [0m<dbg> zmk: zmk_hid_mouse_movement_set: Mouse movement set to 0/0[0m
[00:01:11.513,000] [0m<inf> exp02_logging: XY 71513 -789681 -5460849[0m
[00:01:11.513,122] [0m<dbg> zmk: zmk_hid_mouse_movement_set: Mouse movement set to 127/127[0m
[00:01:11.513,122] [0m<dbg> zmk: zmk_hid_mouse_scroll_set: Mouse scroll set to 0/0[0m
[00:01:11.513,153] [0m<dbg> zmk: zmk_hid_mouse_movement_set: Mouse movement set to 0/0[0m
[00:01:11.520,935] [0m<inf> exp02_logging: XY 71520 -8355840 -8355840[0m
[00:01:11.521,057] [0m<dbg> zmk: zmk_hid_mouse_movement_set: Mouse movement set to 0/0[0m
[00:01:11.521,057] [0m<dbg> zmk: zmk_hid_mouse_scroll_set: Mouse scroll set to 0/0[0m
[00:01:11.521,087] [0m<dbg> zmk: zmk_hid_mouse_movement_set: Mouse movement set to 0/0[0m
[00:01:11.528,961] [0m<inf> exp02_logging: XY 71528 -8355840 -921314[0m
[00:01:11.529,052] [0m<dbg> zmk: zmk_hid_mouse_movement_set: Mouse movement set to 0/127[0m
[00:01:11.529,083] [0m<dbg> zmk: zmk_hid_mouse_scroll_set: Mouse scroll set to 0/0[0m
[00:01:11.529,083] [0m<dbg> zmk: zmk_hid_mouse_movement_set: Mouse movement set to 0/0[0m
[00:01:11.537,078] [0m<inf> exp02_logging: XY 71537 -6776799 -8355840[0m
[00:01:11.537,200] [0m<dbg> zmk: zmk_hid_mouse_movement_set: Mouse movement set to 127/0[0m
[00:01:11.537,200] [0m<dbg> zmk: zmk_hid_mouse_scroll_set: Mouse scroll set to 0/0[0m
[00:01:11.537,231] [0m<dbg> zmk: zmk_hid_mouse_movement_set: Mouse movement set to 0/0[0m
[00:01:11.545,013] [0m<inf> exp02_logging: XY 71545 -8355840 -8355840[0m
[00:01:11.545,104] [0m<dbg> zmk: zmk_hid_mouse_movement_set: Mouse movement set to 0/0[0m
[00:01:11.545,104] [0m<dbg> zmk: zmk_hid_mouse_scroll_set: Mouse scroll set to 0/0[0m
[00:01:11.545,135] [0m<dbg> zmk: zmk_hid_mouse_movement_set: Mouse movement set to 0/0[0m
[00:01:11.553,039] [0m<inf> exp02_logging: XY 71553 -789664 -5855596[0m
[00:01:11.553,192] [0m<dbg> zmk: zmk_hid_mouse_movement_set: Mouse movement set to 127/127[0m
[00:01:11.553,192] [0m<dbg> zmk: zmk_hid_mouse_scroll_set: Mouse scroll set to 0/0[0m
[00:01:11.553,222] [0m<dbg> zmk: zmk_hid_mouse_movement_set: Mouse movement set to 0/0[0m
[00:01:11.561,157] [0m<inf> exp02_logging: XY 71561 -8355840 -8355840[0m
[00:01:11.561,248] [0m<dbg> zmk: zmk_hid_mouse_movement_set: Mouse movement set to 0/0[0m
[00:01:11.561,279] [0m<dbg> zmk: zmk_hid_mouse_scroll_set: Mouse scroll set to 0/0[0m
[00:01:11.561,309] [0m<dbg> zmk: zmk_hid_mouse_movement_set: Mouse movement set to 0/0[0m
[00:01:11.569,091] [0m<inf> exp02_logging: XY 71569 -8355840 -855548[0m
[00:01:11.569,183] [0m<dbg> zmk: zmk_hid_mouse_movement_set: Mouse movement set to 0/127[0m
[00:01:11.569,183] [0m<dbg> zmk: zmk_hid_mouse_scroll_set: Mouse scroll set to 0/0[0m
[00:01:11.569,213] [0m<dbg> zmk: zmk_hid_mouse_movement_set: Mouse movement set to 0/0[0m
[00:01:11.577,117] [0m<inf> exp02_logging: XY 71577 -7039836 -8355840[0m
[00:01:11.577,239] [0m<dbg> zmk: zmk_hid_mouse_movement_set: Mouse movement set to 127/0[0m
[00:01:11.577,270] [0m<dbg> zmk: zmk_hid_mouse_scroll_set: Mouse scroll set to 0/0[0m
[00:01:11.577,270] [0m<dbg> zmk: zmk_hid_mouse_movement_set: Mouse movement set to 0/0[0m
[00:01:11.585,235] [0m<inf> exp02_logging: XY 71585 -8355840 -8355840[0m
[00:01:11.585,296] [0m<dbg> zmk: zmk_hid_mouse_movement_set: Mouse movement set to 0/0[0m
[00:01:11.585,327] [0m<dbg> zmk: zmk_hid_mouse_scroll_set: Mouse scroll set to 0/0[0m
[00:01:11.585,327] [0m<dbg> zmk: zmk_hid_mouse_movement_set: Mouse movement set to 0/0[0m
[00:01:11.593,170] [0m<inf> exp02_logging: XY 71593 -723835 -6184637[0m
[00:01:11.593,292] [0m<dbg> zmk: zmk_hid_mouse_movement_set: Mouse movement set to 127/127[0m
[00:01:11.593,322] [0m<dbg> zmk: zmk_hid_mouse_scroll_set: Mouse scroll set to 0/0[0m
[00:01:11.593,322] [0m<dbg> zmk: zmk_hid_mouse_movement_set: Mouse movement set to 0/0[0m
[00:01:11.601,196] [0m<inf> exp02_logging: XY 71601 -8355840 -8355840[0m
[00:01:11.601,318] [0m<dbg> zmk: zmk_hid_mouse_movement_set: Mouse movement set to 0/0[0m
[00:01:11.601,348] [0m<dbg> zmk: zmk_hid_mouse_scroll_set: Mouse scroll set to 0/0[0m
[00:01:11.601,348] [0m<dbg> zmk: zmk_hid_mouse_movement_set: Mouse movement set to 0/0[0m
[00:01:11.609,313] [0m<inf> exp02_logging: XY 71609 -8092668 -855342[0m
[00:01:11.609,436] [0m<dbg> zmk: zmk_hid_mouse_movement_set: Mouse movement set to 51/127[0m
[00:01:11.609,466] [0m<dbg> zmk: zmk_hid_mouse_scroll_set: Mouse scroll set to 0/0[0m
[00:01:11.609,466] [0m<dbg> zmk: zmk_hid_mouse_movement_set: Mouse movement set to 0/0[0m
[00:01:11.617,248] [0m<inf> exp02_logging: XY 71617 -8289995 -8355840[0m
[00:01:11.617,370] [0m<dbg> zmk: zmk_hid_mouse_movement_set: Mouse movement set to 12/0[0m
[00:01:11.617,401] [0m<dbg> zmk: zmk_hid_mouse_scroll_set: Mouse scroll set to 0/0[0m
[00:01:11.617,401] [0m<dbg> zmk: zmk_hid_mouse_movement_set: Mouse movement set to 0/0[0m
[00:01:11.625,274] [0m<inf> exp02_logging: XY 71625 -8355840 -8355840[0m
[00:01:11.625,366] [0m<dbg> zmk: zmk_hid_mouse_movement_set: Mouse movement set to 0/0[0m
[00:01:11.625,366] [0m<dbg> zmk: zmk_hid_mouse_scroll_set: Mouse scroll set to 0/0[0m
[00:01:11.625,396] [0m<dbg> zmk: zmk_hid_mouse_movement_set: Mouse movement set to 0/0[0m
[00:01:11.633,392] [0m<inf> exp02_logging: XY 71633 -723756 -6710796[0m
[00:01:11.633,514] [0m<dbg> zmk: zmk_hid_mouse_movement_set: Mouse movement set to 127/127[0m
[00:01:11.633,514] [0m<dbg> zmk: zmk_hid_mouse_scroll_set: Mouse scroll set to 0/0[0m
[00:01:11.633,544] [0m<dbg> zmk: zmk_hid_mouse_movement_set: Mouse movement set to 0/0[0m
[00:01:11.641,326] [0m<inf> exp02_logging: XY 71641 -8355840 -8355840[0m
[00:01:11.641,448] [0m<dbg> zmk: zmk_hid_mouse_movement_set: Mouse movement set to 0/0[0m
[00:01:11.641,448] [0m<dbg> zmk: zmk_hid_mouse_scroll_set: Mouse scroll set to 0/0[0m
[00:01:11.641,479] [0m<dbg> zmk: zmk_hid_mouse_movement_set: Mouse movement set to 0/0[0m
[00:01:11.649,353] [0m<inf> exp02_logging: XY 71649 -7895276 -855484[0m
[00:01:11.649,505] [0m<dbg> zmk: zmk_hid_mouse_movement_set: Mouse movement set to 89/127[0m
[00:01:11.649,505] [0m<dbg> zmk: zmk_hid_mouse_scroll_set: Mouse scroll set to 0/0[0m
[00:01:11.649,536] [0m<dbg> zmk: zmk_hid_mouse_movement_set: Mouse movement set to 0/0[0m
[00:01:11.657,470] [0m<inf> exp02_logging: XY 71657 -8355828 -8355840[0m
[00:01:11.657,592] [0m<dbg> zmk: zmk_hid_mouse_movement_set: Mouse movement set to 0/0[0m
[00:01:11.657,592] [0m<dbg> zmk: zmk_hid_mouse_scroll_set: Mouse scroll set to 0/0[0m
[00:01:11.657,623] [0m<dbg> zmk: zmk_hid_mouse_movement_set: Mouse movement set to 0/0[0m
[00:01:11.665,435] [0m<inf> exp02_logging: XY 71665 -8355840 -8355840[0m
[00:01:11.673,492] [0m<inf> exp02_logging: XY 71673 -658042 -6974088[0m
[00:01:11.673,614] [0m<dbg> zmk: zmk_hid_mouse_movement_set: Mouse movement set to 127/127[0m
[00:01:11.673,614] [0m<dbg> zmk: zmk_hid_mouse_scroll_set: Mouse scroll set to 0/0[0m
[00:01:11.673,645] [0m<dbg> zmk: zmk_hid_mouse_movement_set: Mouse movement set to 0/0[0m
[00:01:11.681,549] [0m<inf> exp02_logging: XY 71681 -8355840 -8355840[0m
[00:01:11.681,640] [0m<dbg> zmk: zmk_hid_mouse_movement_set: Mouse movement set to 0/0[0m
[00:01:11.681,671] [0m<dbg> zmk: zmk_hid_mouse_scroll_set: Mouse scroll set to 0/0[0m
[00:01:11.681,671] [0m<dbg> zmk: zmk_hid_mouse_movement_set: Mouse movement set to 0/0[0m
[00:01:11.689,544] [0m<inf> exp02_logging: XY 71689 -7566218 -855469[0m
[00:01:11.689,666] [0m<dbg> zmk: zmk_hid_mouse_movement_set: Mouse movement set to 127/127[0m
[00:01:11.689,666] [0m<dbg> zmk: zmk_hid_mouse_scroll_set: Mouse scroll set to 0/0[0m
[00:01:11.689,697] [0m<dbg> zmk: zmk_hid_mouse_movement_set: Mouse movement set to 0/0[0m
[00:01:11.697,509] [0m<inf> exp02_logging: XY 71697 -8355840 -8355840[0m
[00:01:11.697,631] [0m<dbg> zmk: zmk_hid_mouse_movement_set: Mouse movement set to 0/0[0m
[00:01:11.697,662] [0m<dbg> zmk: zmk_hid_mouse_scroll_set: Mouse scroll set to 0/0[0m
[00:01:11.697,662] [0m<dbg> zmk: zmk_hid_mouse_movement_set: Mouse movement set to 0/0[0m
[00:01:11.705,627] [0m<inf> exp02_logging: XY 71705 -8355840 -8355840[0m
[00:01:11.713,592] [0m<inf> exp02_logging: XY 71713 -658110 -7105712[0m
[00:01:11.713,714] [0m<dbg> zmk: zmk_hid_mouse_movement_set: Mouse movement set to 127/127[0m
[00:01:11.713,745] [0m<dbg> zmk: zmk_hid_mouse_scroll_set: Mouse scroll set to 0/0[0m
[00:01:11.713,745] [0m<dbg> zmk: zmk_hid_mouse_movement_set: Mouse movement set to 0/0[0m
[00:01:11.721,679] [0m<inf> exp02_logging: XY 71721 -8355840 -8355840[0m
[00:01:11.721,771] [0m<dbg> zmk: zmk_hid_mouse_movement_set: Mouse movement set to 0/0[0m
[00:01:11.721,801] [0m<dbg> zmk: zmk_hid_mouse_scroll_set: Mouse scroll set to 0/0[0m
[00:01:11.721,801] [0m<dbg> zmk: zmk_hid_mouse_movement_set: Mouse movement set to 0/0[0m
[00:01:11.729,614] [0m<inf> exp02_logging: XY 71729 -7171375 -855351[0m
[00:01:11.729,736] [0m<dbg> zmk: zmk_hid_mouse_movement_set: Mouse movement set to 127/127[0m
[00:01:11.729,766] [0m<dbg> zmk: zmk_hid_mouse_scroll_set: Mouse scroll set to 0/0[0m
[00:01:11.729,766] [0m<dbg> zmk: zmk_hid_mouse_movement_set: Mouse movement set to 0/0[0m
[00:01:11.737,640] [0m<inf> exp02_logging: XY 71737 -8355840 -8355840[0m
[00:01:11.737,762] [0m<dbg> zmk: zmk_hid_mouse_movement_set: Mouse movement set to 0/0[0m
[00:01:11.737,792] [0m<dbg> zmk: zmk_hid_mouse_scroll_set: Mouse scroll set to 0/0[0m
[00:01:11.737,792] [0m<dbg> zmk: zmk_hid_mouse_movement_set: Mouse movement set to 0/0[0m
[00:01:11.745,758] [0m<inf> exp02_logging: XY 71745 -8355840 -8355840[0m
[00:01:11.753,723] [0m<inf> exp02_logging: XY 71753 -658041 -8290037[0m
[00:01:11.753,845] [0m<dbg> zmk: zmk_hid_mouse_movement_set: Mouse movement set to 127/12[0m
[00:01:11.753,875] [0m<dbg> zmk: zmk_hid_mouse_scroll_set: Mouse scroll set to 0/0[0m
[00:01:11.753,875] [0m<dbg> zmk: zmk_hid_mouse_movement_set: Mouse movement set to 0/0[0m
[00:01:11.761,810] [0m<inf> exp02_logging: XY 71761 -8355840 -8355840[0m
[00:01:11.761,901] [0m<dbg> zmk: zmk_hid_mouse_movement_set: Mouse movement set to 0/0[0m
[00:01:11.761,932] [0m<dbg> zmk: zmk_hid_mouse_scroll_set: Mouse scroll set to 0/0[0m
[00:01:11.761,962] [0m<dbg> zmk: zmk_hid_mouse_movement_set: Mouse movement set to 0/0[0m
[00:01:11.769,744] [0m<inf> exp02_logging: XY 71769 -6710796 -855343[0m
[00:01:11.769,866] [0m<dbg> zmk: zmk_hid_mouse_movement_set: Mouse movement set to 127/127[0m
[00:01:11.769,897] [0m<dbg> zmk: zmk_hid_mouse_scroll_set: Mouse scroll set to 0/0[0m
[00:01:11.769,897] [0m<dbg> zmk: zmk_hid_mouse_movement_set: Mouse movement set to 0/0[0m
[00:01:11.777,770] [0m<inf> exp02_logging: XY 71777 -8355840 -8355840[0m
[00:01:11.777,893] [0m<dbg> zmk: zmk_hid_mouse_movement_set: Mouse movement set to 0/0[0m
[00:01:11.777,923] [0m<dbg> zmk: zmk_hid_mouse_scroll_set: Mouse scroll set to 0/0[0m
[00:01:11.777,923] [0m<dbg> zmk: zmk_hid_mouse_movement_set: Mouse movement set to 0/0[0m
[00:01:11.785,888] [0m<inf> exp02_logging: XY 71785 -8355840 -8355840[0m
[00:01:11.793,853] [0m<inf> exp02_logging: XY 71793 -592326 -8355701[0m
[00:01:11.793,945] [0m<dbg> zmk: zmk_hid_mouse_movement_set: Mouse movement set to 127/0[0m
[00:01:11.793,975] [0m<dbg> zmk: zmk_hid_mouse_scroll_set: Mouse scroll set to 0/0[0m
[00:01:11.793,975] [0m<dbg> zmk: zmk_hid_mouse_movement_set: Mouse movement set to 0/0[0m
[00:01:11.801,940] [0m<inf> exp02_logging: XY 71801 -8355840 -8355840[0m
[00:01:11.802,001] [0m<dbg> zmk: zmk_hid_mouse_movement_set: Mouse movement set to 0/0[0m
[00:01:11.802,032] [0m<dbg> zmk: zmk_hid_mouse_scroll_set: Mouse scroll set to 0/0[0m
[00:01:11.802,032] [0m<dbg> zmk: zmk_hid_mouse_movement_set: Mouse movement set to 0/0[0m
[00:01:11.809,875] [0m<inf> exp02_logging: XY 71809 -5987279 -789736[0m
[00:01:11.809,997] [0m<dbg> zmk: zmk_hid_mouse_movement_set: Mouse movement set to 127/127[0m
[00:01:11.810,028] [0m<dbg> zmk: zmk_hid_mouse_scroll_set: Mouse scroll set to 0/0[0m
[00:01:11.810,028] [0m<dbg> zmk: zmk_hid_mouse_movement_set: Mouse movement set to 0/0[0m
[00:01:11.817,901] [0m<inf> exp02_logging: XY 71817 -8355840 -8355840[0m
[00:01:11.818,023] [0m<dbg> zmk: zmk_hid_mouse_movement_set: Mouse movement set to 0/0[0m
[00:01:11.818,054] [0m<dbg> zmk: zmk_hid_mouse_scroll_set: Mouse scroll set to 0/0[0m
[00:01:11.818,054] [0m<dbg> zmk: zmk_hid_mouse_movement_set: Mouse movement set to 0/0[0m
[00:01:11.826,019] [0m<inf> exp02_logging: XY 71825 -8355840 -8092484[0m
[00:01:11.826,080] [0m<dbg> zmk: zmk_hid_mouse_movement_set: Mouse movement set to 0/51[0m
[00:01:11.826,110] [0m<dbg> zmk: zmk_hid_mouse_scroll_set: Mouse scroll set to 0/0[0m
[00:01:11.826,110] [0m<dbg> zmk: zmk_hid_mouse_movement_set: Mouse movement set to 0/0[0m
[00:01:11.833,953] [0m<inf> exp02_logging: XY 71833 -592228 -8355840[0m
[00:01:11.834,075] [0m<dbg> zmk: zmk_hid_mouse_movement_set: Mouse movement set to 127/0[0m
[00:01:11.834,106] [0m<dbg> zmk: zmk_hid_mouse_scroll_set: Mouse scroll set to 0/0[0m
[00:01:11.834,106] [0m<dbg> zmk: zmk_hid_mouse_movement_set: Mouse movement set to 0/0[0m
[00:01:11.841,979] [0m<inf> exp02_logging: XY 71841 -8355840 -8355840[0m
[00:01:11.842,071] [0m<dbg> zmk: zmk_hid_mouse_movement_set: Mouse movement set to 0/0[0m
[00:01:11.842,071] [0m<dbg> zmk: zmk_hid_mouse_scroll_set: Mouse scroll set to 0/0[0m
[00:01:11.842,102] [0m<dbg> zmk: zmk_hid_mouse_movement_set: Mouse movement set to 0/0[0m
[00:01:11.850,097] [0m<inf> exp02_logging: XY 71850 -5329377 -789661[0m
[00:01:11.850,219] [0m<dbg> zmk: zmk_hid_mouse_movement_set: Mouse movement set to 127/127[0m
[00:01:11.850,250] [0m<dbg> zmk: zmk_hid_mouse_scroll_set: Mouse scroll set to 0/0[0m
[00:01:11.850,250] [0m<dbg> zmk: zmk_hid_mouse_movement_set: Mouse movement set to 0/0[0m
[00:01:11.858,032] [0m<inf> exp02_logging: XY 71858 -8355840 -8355840[0m
[00:01:11.858,154] [0m<dbg> zmk: zmk_hid_mouse_movement_set: Mouse movement set to 0/0[0m
[00:01:11.858,154] [0m<dbg> zmk: zmk_hid_mouse_scroll_set: Mouse scroll set to 0/0[0m
[00:01:11.858,184] [0m<dbg> zmk: zmk_hid_mouse_movement_set: Mouse movement set to 0/0[0m
[00:01:11.866,058] [0m<inf> exp02_logging: XY 71866 -8355840 -7697672[0m
[00:01:11.866,149] [0m<dbg> zmk: zmk_hid_mouse_movement_set: Mouse movement set to 0/127[0m
[00:01:11.866,180] [0m<dbg> zmk: zmk_hid_mouse_scroll_set: Mouse scroll set to 0/0[0m
[00:01:11.866,180] [0m<dbg> zmk: zmk_hid_mouse_movement_set: Mouse movement set to 0/0[0m
[00:01:11.874,176] [0m<inf> exp02_logging: XY 71874 -592216 -8355840[0m
[00:01:11.874,298] [0m<dbg> zmk: zmk_hid_mouse_movement_set: Mouse movement set to 127/0[0m
[00:01:11.874,298] [0m<dbg> zmk: zmk_hid_mouse_scroll_set: Mouse scroll set to 0/0[0m
[00:01:11.874,328] [0m<dbg> zmk: zmk_hid_mouse_movement_set: Mouse movement set to 0/0[0m
[00:01:11.882,110] [0m<inf> exp02_logging: XY 71882 -8355840 -8355840[0m
[00:01:11.882,202] [0m<dbg> zmk: zmk_hid_mouse_movement_set: Mouse movement set to 0/0[0m
[00:01:11.882,202] [0m<dbg> zmk: zmk_hid_mouse_scroll_set: Mouse scroll set to 0/0[0m
[00:01:11.882,232] [0m<dbg> zmk: zmk_hid_mouse_movement_set: Mouse movement set to 0/0[0m
[00:01:11.890,136] [0m<inf> exp02_logging: XY 71890 -4934464 -789519[0m
[00:01:11.890,289] [0m<dbg> zmk: zmk_hid_mouse_movement_set: Mouse movement set to 127/127[0m
[00:01:11.890,289] [0m<dbg> zmk: zmk_hid_mouse_scroll_set: Mouse scroll set to 0/0[0m
[00:01:11.890,319] [0m<dbg> zmk: zmk_hid_mouse_movement_set: Mouse movement set to 0/0[0m
[00:01:11.898,254] [0m<inf> exp02_logging: XY 71898 -8355840 -8355840[0m
[00:01:11.898,345] [0m<dbg> zmk: zmk_hid_mouse_movement_set: Mouse movement set to 0/0[0m
[00:01:11.898,376] [0m<dbg> zmk: zmk_hid_mouse_scroll_set: Mouse scroll set to 0/0[0m
[00:01:11.898,406] [0m<dbg> zmk: zmk_hid_mouse_movement_set: Mouse movement set to 0/0[0m
[00:01:11.906,219] [0m<inf> exp02_logging: XY 71906 -8355840 -6908189[0m
[00:01:11.906,311] [0m<dbg> zmk: zmk_hid_mouse_movement_set: Mouse movement set to 0/127[0m
[00:01:11.906,311] [0m<dbg> zmk: zmk_hid_mouse_scroll_set: Mouse scroll set to 0/0[0m
[00:01:11.906,341] [0m<dbg> zmk: zmk_hid_mouse_movement_set: Mouse movement set to 0/0[0m
[00:01:11.914,215] [0m<inf> exp02_logging: XY 71914 -657929 -8355840[0m
[00:01:11.914,337] [0m<dbg> zmk: zmk_hid_mouse_movement_set: Mouse movement set to 127/0[0m
[00:01:11.914,367] [0m<dbg> zmk: zmk_hid_mouse_scroll_set: Mouse scroll set to 0/0[0m
[00:01:11.914,367] [0m<dbg> zmk: zmk_hid_mouse_movement_set: Mouse movement set to 0/0[0m
[00:01:11.922,332] [0m<inf> exp02_logging: XY 71922 -8355840 -8355840[0m
[00:01:11.922,393] [0m<dbg> zmk: zmk_hid_mouse_movement_set: Mouse movement set to 0/0[0m
[00:01:11.922,424] [0m<dbg> zmk: zmk_hid_mouse_scroll_set: Mouse scroll set to 0/0[0m
[00:01:11.922,424] [0m<dbg> zmk: zmk_hid_mouse_movement_set: Mouse movement set to 0/0[0m
[00:01:11.930,267] [0m<inf> exp02_logging: XY 71930 -4342285 -723826[0m
[00:01:11.930,389] [0m<dbg> zmk: zmk_hid_mouse_movement_set: Mouse movement set to 127/127[0m
[00:01:11.930,419] [0m<dbg> zmk: zmk_hid_mouse_scroll_set: Mouse scroll set to 0/0[0m
[00:01:11.930,419] [0m<dbg> zmk: zmk_hid_mouse_movement_set: Mouse movement set to 0/0[0m
[00:01:11.938,293] [0m<inf> exp02_logging: XY 71938 -8355840 -8355840[0m
[00:01:11.938,415] [0m<dbg> zmk: zmk_hid_mouse_movement_set: Mouse movement set to 0/0[0m
[00:01:11.938,446] [0m<dbg> zmk: zmk_hid_mouse_scroll_set: Mouse scroll set to 0/0[0m
[00:01:11.938,446] [0m<dbg> zmk: zmk_hid_mouse_movement_set: Mouse movement set to 0/0[0m
[00:01:11.946,411] [0m<inf> exp02_logging: XY 71946 -8355840 -6184501[0m
[00:01:11.946,472] [0m<dbg> zmk: zmk_hid_mouse_movement_set: Mouse movement set to 0/127[0m
[00:01:11.946,502] [0m<dbg> zmk: zmk_hid_mouse_scroll_set: Mouse scroll set to 0/0[0m
[00:01:11.946,502] [0m<dbg> zmk: zmk_hid_mouse_movement_set: Mouse movement set to 0/0[0m
[00:01:11.954,345] [0m<inf> exp02_logging: XY 71954 -1052787 -8355840[0m
[00:01:11.954,467] [0m<dbg> zmk: zmk_hid_mouse_movement_set: Mouse movement set to 127/0[0m
[00:01:11.954,498] [0m<dbg> zmk: zmk_hid_mouse_scroll_set: Mouse scroll set to 0/0[0m
[00:01:11.954,498] [0m<dbg> zmk: zmk_hid_mouse_movement_set: Mouse movement set to 0/0[0m
[00:01:11.962,371] [0m<inf> exp02_logging: XY 71962 -8355840 -8355840[0m
[00:01:11.962,463] [0m<dbg> zmk: zmk_hid_mouse_movement_set: Mouse movement set to 0/0[0m
[00:01:11.962,463] [0m<dbg> zmk: zmk_hid_mouse_scroll_set: Mouse scroll set to 0/0[0m
[00:01:11.962,493] [0m<dbg> zmk: zmk_hid_mouse_movement_set: Mouse movement set to 0/0[0m
[00:01:11.970,489] [0m<inf> exp02_logging: XY 71970 -3684394 -658160[0m
[00:01:11.970,611] [0m<dbg> zmk: zmk_hid_mouse_movement_set: Mouse movement set to 127/127[0m
[00:01:11.970,642] [0m<dbg> zmk: zmk_hid_mouse_scroll_set: Mouse scroll set to 0/0[0m
[00:01:11.970,642] [0m<dbg> zmk: zmk_hid_mouse_movement_set: Mouse movement set to 0/0[0m
[00:01:11.978,424] [0m<inf> exp02_logging: XY 71978 -8355840 -8355840[0m
[00:01:11.978,546] [0m<dbg> zmk: zmk_hid_mouse_movement_set: Mouse movement set to 0/0[0m
[00:01:11.978,546] [0m<dbg> zmk: zmk_hid_mouse_scroll_set: Mouse scroll set to 0/0[0m
[00:01:11.978,576] [0m<dbg> zmk: zmk_hid_mouse_movement_set: Mouse movement set to 0/0[0m
[00:01:11.986,450] [0m<inf> exp02_logging: XY 71986 -8355840 -5592551[0m
[00:01:11.986,541] [0m<dbg> zmk: zmk_hid_mouse_movement_set: Mouse movement set to 0/127[0m
[00:01:11.986,572] [0m<dbg> zmk: zmk_hid_mouse_scroll_set: Mouse scroll set to 0/0[0m
[00:01:11.986,572] [0m<dbg> zmk: zmk_hid_mouse_movement_set: Mouse movement set to 0/0[0m
[00:01:11.994,567] [0m<inf> exp02_logging: XY 71994 -1842211 -8355840[0m
[00:01:11.994,689] [0m<dbg> zmk: zmk_hid_mouse_movement_set: Mouse movement set to 127/0[0m
[00:01:11.994,689] [0m<dbg> zmk: zmk_hid_mouse_scroll_set: Mouse scroll set to 0/0[0m
[00:01:11.994,720] [0m<dbg> zmk: zmk_hid_mouse_movement_set: Mouse movement set to 0/0[0m
[00:01:12.002,502] [0m<inf> exp02_logging: XY 72002 -8355840 -8355840[0m
[00:01:12.002,563] [0m<dbg> zmk: zmk_hid_mouse_movement_set: Mouse movement set to 0/0[0m
[00:01:12.002,593] [0m<dbg> zmk: zmk_hid_mouse_scroll_set: Mouse scroll set to 0/0[0m
[00:01:12.002,593] [0m<dbg> zmk: zmk_hid_mouse_movement_set: Mouse movement set to 0/0[0m
[00:01:12.010,528] [0m<inf> exp02_logging: XY 72010 -3223926 -657960[0m
[00:01:12.010,681] [0m<dbg> zmk: zmk_hid_mouse_movement_set: Mouse movement set to 127/127[0m
[00:01:12.010,681] [0m<dbg> zmk: zmk_hid_mouse_scroll_set: Mouse scroll set to 0/0[0m
[00:01:12.010,711] [0m<dbg> zmk: zmk_hid_mouse_movement_set: Mouse movement set to 0/0[0m
[00:01:12.018,646] [0m<inf> exp02_logging: XY 72018 -8355840 -8355840[0m
[00:01:12.018,737] [0m<dbg> zmk: zmk_hid_mouse_movement_set: Mouse movement set to 0/0[0m
[00:01:12.018,768] [0m<dbg> zmk: zmk_hid_mouse_scroll_set: Mouse scroll set to 0/0[0m
[00:01:12.018,768] [0m<dbg> zmk: zmk_hid_mouse_movement_set: Mouse movement set to 0/0[0m
[00:01:12.026,580] [0m<inf> exp02_logging: XY 72026 -8355840 -4934526[0m
[00:01:12.026,672] [0m<dbg> zmk: zmk_hid_mouse_movement_set: Mouse movement set to 0/127[0m
[00:01:12.026,672] [0m<dbg> zmk: zmk_hid_mouse_scroll_set: Mouse scroll set to 0/0[0m
[00:01:12.026,702] [0m<dbg> zmk: zmk_hid_mouse_movement_set: Mouse movement set to 0/0[0m
[00:01:12.034,606] [0m<inf> exp02_logging: XY 72034 -1776505 -8355840[0m
[00:01:12.034,729] [0m<dbg> zmk: zmk_hid_mouse_movement_set: Mouse movement set to 127/0[0m
[00:01:12.034,759] [0m<dbg> zmk: zmk_hid_mouse_scroll_set: Mouse scroll set to 0/0[0m
[00:01:12.034,759] [0m<dbg> zmk: zmk_hid_mouse_movement_set: Mouse movement set to 0/0[0m
[00:01:12.042,724] [0m<inf> exp02_logging: XY 72042 -8355840 -8355840[0m
[00:01:12.042,785] [0m<dbg> zmk: zmk_hid_mouse_movement_set: Mouse movement set to 0/0[0m
[00:01:12.042,816] [0m<dbg> zmk: zmk_hid_mouse_scroll_set: Mouse scroll set to 0/0[0m
[00:01:12.042,816] [0m<dbg> zmk: zmk_hid_mouse_movement_set: Mouse movement set to 0/0[0m
[00:01:12.050,659] [0m<inf> exp02_logging: XY 72050 -2697654 -723875[0m
[00:01:12.050,781] [0m<dbg> zmk: zmk_hid_mouse_movement_set: Mouse movement set to 127/127[0m
[00:01:12.050,811] [0m<dbg> zmk: zmk_hid_mouse_scroll_set: Mouse scroll set to 0/0[0m
[00:01:12.050,811] [0m<dbg> zmk: zmk_hid_mouse_movement_set: Mouse movement set to 0/0[0m
[00:01:12.058,685] [0m<inf> exp02_logging: XY 72058 -8355840 -8355840[0m
[00:01:12.058,807] [0m<dbg> zmk: zmk_hid_mouse_movement_set: Mouse movement set to 0/0[0m
[00:01:12.058,837] [0m<dbg> zmk: zmk_hid_mouse_scroll_set: Mouse scroll set to 0/0[0m
[00:01:12.058,837] [0m<dbg> zmk: zmk_hid_mouse_movement_set: Mouse movement set to 0/0[0m
[00:01:12.066,802] [0m<inf> exp02_logging: XY 72066 -8355840 -4079286[0m
[00:01:12.066,864] [0m<dbg> zmk: zmk_hid_mouse_movement_set: Mouse movement set to 0/127[0m
[00:01:12.066,894] [0m<dbg> zmk: zmk_hid_mouse_scroll_set: Mouse scroll set to 0/0[0m
[00:01:12.066,894] [0m<dbg> zmk: zmk_hid_mouse_movement_set: Mouse movement set to 0/0[0m
[00:01:12.074,737] [0m<inf> exp02_logging: XY 72074 -2237042 -8355840[0m
[00:01:12.074,859] [0m<dbg> zmk: zmk_hid_mouse_movement_set: Mouse movement set to 127/0[0m
[00:01:12.074,890] [0m<dbg> zmk: zmk_hid_mouse_scroll_set: Mouse scroll set to 0/0[0m
[00:01:12.074,890] [0m<dbg> zmk: zmk_hid_mouse_movement_set: Mouse movement set to 0/0[0m
[00:01:12.082,763] [0m<inf> exp02_logging: XY 72082 -8355840 -8355840[0m
[00:01:12.082,855] [0m<dbg> zmk: zmk_hid_mouse_movement_set: Mouse movement set to 0/0[0m
[00:01:12.082,855] [0m<dbg> zmk: zmk_hid_mouse_scroll_set: Mouse scroll set to 0/0[0m
[00:01:12.082,885] [0m<dbg> zmk: zmk_hid_mouse_movement_set: Mouse movement set to 0/0[0m
[00:01:12.090,881] [0m<inf> exp02_logging: XY 72090 -2039769 -1250091[0m
[00:01:12.091,003] [0m<dbg> zmk: zmk_hid_mouse_movement_set: Mouse movement set to 127/127[0m
[00:01:12.091,033] [0m<dbg> zmk: zmk_hid_mouse_scroll_set: Mouse scroll set to 0/0[0m
[00:01:12.091,033] [0m<dbg> zmk: zmk_hid_mouse_movement_set: Mouse movement set to 0/0[0m
[00:01:12.098,815] [0m<inf> exp02_logging: XY 72098 -8355840 -8355840[0m
[00:01:12.098,937] [0m<dbg> zmk: zmk_hid_mouse_movement_set: Mouse movement set to 0/0[0m
[00:01:12.098,937] [0m<dbg> zmk: zmk_hid_mouse_scroll_set: Mouse scroll set to 0/0[0m
[00:01:12.098,968] [0m<dbg> zmk: zmk_hid_mouse_movement_set: Mouse movement set to 0/0[0m
[00:01:12.106,842] [0m<inf> exp02_logging: XY 72106 -8355840 -3684490[0m
[00:01:12.106,933] [0m<dbg> zmk: zmk_hid_mouse_movement_set: Mouse movement set to 0/127[0m
[00:01:12.106,964] [0m<dbg> zmk: zmk_hid_mouse_scroll_set: Mouse scroll set to 0/0[0m
[00:01:12.106,964] [0m<dbg> zmk: zmk_hid_mouse_movement_set: Mouse movement set to 0/0[0m
[00:01:12.114,959] [0m<inf> exp02_logging: XY 72114 -2763499 -8355840[0m
[00:01:12.115,081] [0m<dbg> zmk: zmk_hid_mouse_movement_set: Mouse movement set to 127/0[0m
[00:01:12.115,081] [0m<dbg> zmk: zmk_hid_mouse_scroll_set: Mouse scroll set to 0/0[0m
[00:01:12.115,112] [0m<dbg> zmk: zmk_hid_mouse_movement_set: Mouse movement set to 0/0[0m
[00:01:12.122,894] [0m<inf> exp02_logging: XY 72122 -8355840 -8355840[0m
[00:01:12.122,955] [0m<dbg> zmk: zmk_hid_mouse_movement_set: Mouse movement set to 0/0[0m
[00:01:12.122,985] [0m<dbg> zmk: zmk_hid_mouse_scroll_set: Mouse scroll set to 0/0[0m
[00:01:12.122,985] [0m<dbg> zmk: zmk_hid_mouse_movement_set: Mouse movement set to 0/0[0m
[00:01:12.130,920] [0m<inf> exp02_logging: XY 72130 -1579083 -1250261[0m
[00:01:12.131,072] [0m<dbg> zmk: zmk_hid_mouse_movement_set: Mouse movement set to 127/127[0m
[00:01:12.131,072] [0m<dbg> zmk: zmk_hid_mouse_scroll_set: Mouse scroll set to 0/0[0m
[00:01:12.131,103] [0m<dbg> zmk: zmk_hid_mouse_movement_set: Mouse movement set to 0/0[0m
[00:01:12.139,038] [0m<inf> exp02_logging: XY 72139 -8355840 -8355840[0m
[00:01:12.139,129] [0m<dbg> zmk: zmk_hid_mouse_movement_set: Mouse movement set to 0/0[0m
[00:01:12.139,160] [0m<dbg> zmk: zmk_hid_mouse_scroll_set: Mouse scroll set to 0/0[0m
[00:01:12.139,160] [0m<dbg> zmk: zmk_hid_mouse_movement_set: Mouse movement set to 0/0[0m
[00:01:12.146,972] [0m<inf> exp02_logging: XY 72146 -8355840 -2960718[0m
[00:01:12.147,064] [0m<dbg> zmk: zmk_hid_mouse_movement_set: Mouse movement set to 0/127[0m
[00:01:12.147,064] [0m<dbg> zmk: zmk_hid_mouse_scroll_set: Mouse scroll set to 0/0[0m
[00:01:12.147,094] [0m<dbg> zmk: zmk_hid_mouse_movement_set: Mouse movement set to 0/0[0m
[00:01:12.154,998] [0m<inf> exp02_logging: XY 72154 -3092327 -8355840[0m
[00:01:12.155,120] [0m<dbg> zmk: zmk_hid_mouse_movement_set: Mouse movement set to 127/0[0m
[00:01:12.155,151] [0m<dbg> zmk: zmk_hid_mouse_scroll_set: Mouse scroll set to 0/0[0m
[00:01:12.155,151] [0m<dbg> zmk: zmk_hid_mouse_movement_set: Mouse movement set to 0/0[0m
[00:01:12.163,116] [0m<inf> exp02_logging: XY 72163 -8355840 -8355840[0m
[00:01:12.163,177] [0m<dbg> zmk: zmk_hid_mouse_movement_set: Mouse movement set to 0/0[0m
[00:01:12.163,208] [0m<dbg> zmk: zmk_hid_mouse_scroll_set: Mouse scroll set to 0/0[0m
[00:01:12.163,208] [0m<dbg> zmk: zmk_hid_mouse_movement_set: Mouse movement set to 0/0[0m
[00:01:12.171,081] [0m<inf> exp02_logging: XY 72171 -789632 -1710841[0m
[00:01:12.171,203] [0m<dbg> zmk: zmk_hid_mouse_movement_set: Mouse movement set to 127/127[0m
[00:01:12.171,234] [0m<dbg> zmk: zmk_hid_mouse_scroll_set: Mouse scroll set to 0/0[0m
[00:01:12.171,234] [0m<dbg> zmk: zmk_hid_mouse_movement_set: Mouse movement set to 0/0[0m
[00:01:12.179,077] [0m<inf> exp02_logging: XY 72179 -8355840 -8355840[0m
[00:01:12.179,199] [0m<dbg> zmk: zmk_hid_mouse_movement_set: Mouse movement set to 0/0[0m
[00:01:12.179,229] [0m<dbg> zmk: zmk_hid_mouse_scroll_set: Mouse scroll set to 0/0[0m
[00:01:12.179,229] [0m<dbg> zmk: zmk_hid_mouse_movement_set: Mouse movement set to 0/0[0m
[00:01:12.187,194] [0m<inf> exp02_logging: XY 72187 -8355840 -2171371[0m
[00:01:12.187,255] [0m<dbg> zmk: zmk_hid_mouse_movement_set: Mouse movement set to 0/127[0m
[00:01:12.187,286] [0m<dbg> zmk: zmk_hid_mouse_scroll_set: Mouse scroll set to 0/0[0m
[00:01:12.187,286] [0m<dbg> zmk: zmk_hid_mouse_movement_set: Mouse movement set to 0/0[0m
[00:01:12.195,129] [0m<inf> exp02_logging: XY 72195 -3552950 -8355840[0m
[00:01:12.195,251] [0m<dbg> zmk: zmk_hid_mouse_movement_set: Mouse movement set to 127/0[0m
[00:01:12.195,251] [0m<dbg> zmk: zmk_hid_mouse_scroll_set: Mouse scroll set to 0/0[0m
[00:01:12.195,281] [0m<dbg> zmk: zmk_hid_mouse_movement_set: Mouse movement set to 0/0[0m
[00:01:12.203,155] [0m<inf> exp02_logging: XY 72203 -8355840 -8355840[0m
[00:01:12.203,247] [0m<dbg> zmk: zmk_hid_mouse_movement_set: Mouse movement set to 0/0[0m
[00:01:12.203,247] [0m<dbg> zmk: zmk_hid_mouse_scroll_set: Mouse scroll set to 0/0[0m
[00:01:12.203,277] [0m<dbg> zmk: zmk_hid_mouse_movement_set: Mouse movement set to 0/0[0m
[00:01:12.211,273] [0m<inf> exp02_logging: XY 72211 -723951 -2368540[0m
[00:01:12.211,395] [0m<dbg> zmk: zmk_hid_mouse_movement_set: Mouse movement set to 127/127[0m
[00:01:12.211,395] [0m<dbg> zmk: zmk_hid_mouse_scroll_set: Mouse scroll set to 0/0[0m
[00:01:12.211,425] [0m<dbg> zmk: zmk_hid_mouse_movement_set: Mouse movement set to 0/0[0m
[00:01:12.219,207] [0m<inf> exp02_logging: XY 72219 -8355840 -8355840[0m
[00:01:12.219,329] [0m<dbg> zmk: zmk_hid_mouse_movement_set: Mouse movement set to 0/0[0m
[00:01:12.219,329] [0m<dbg> zmk: zmk_hid_mouse_scroll_set: Mouse scroll set to 0/0[0m
[00:01:12.219,360] [0m<dbg> zmk: zmk_hid_mouse_movement_set: Mouse movement set to 0/0[0m
[00:01:12.227,233] [0m<inf> exp02_logging: XY 72227 -8355840 -1908201[0m
[00:01:12.227,325] [0m<dbg> zmk: zmk_hid_mouse_movement_set: Mouse movement set to 0/127[0m
[00:01:12.227,355] [0m<dbg> zmk: zmk_hid_mouse_scroll_set: Mouse scroll set to 0/0[0m
[00:01:12.227,355] [0m<dbg> zmk: zmk_hid_mouse_movement_set: Mouse movement set to 0/0[0m
[00:01:12.235,351] [0m<inf> exp02_logging: XY 72235 -4144985 -8355840[0m
[00:01:12.235,473] [0m<dbg> zmk: zmk_hid_mouse_movement_set: Mouse movement set to 127/0[0m
[00:01:12.235,473] [0m<dbg> zmk: zmk_hid_mouse_scroll_set: Mouse scroll set to 0/0[0m
[00:01:12.235,504] [0m<dbg> zmk: zmk_hid_mouse_movement_set: Mouse movement set to 0/0[0m
[00:01:12.243,286] [0m<inf> exp02_logging: XY 72243 -8355840 -8355840[0m
[00:01:12.243,347] [0m<dbg> zmk: zmk_hid_mouse_movement_set: Mouse movement set to 0/0[0m
[00:01:12.243,377] [0m<dbg> zmk: zmk_hid_mouse_scroll_set: Mouse scroll set to 0/0[0m
[00:01:12.243,377] [0m<dbg> zmk: zmk_hid_mouse_movement_set: Mouse movement set to 0/0[0m
[00:01:12.251,312] [0m<inf> exp02_logging: XY 72251 -723726 -2631747[0m
[00:01:12.251,464] [0m<dbg> zmk: zmk_hid_mouse_movement_set: Mouse movement set to 127/127[0m
[00:01:12.251,464] [0m<dbg> zmk: zmk_hid_mouse_scroll_set: Mouse scroll set to 0/0[0m
[00:01:12.251,495] [0m<dbg> zmk: zmk_hid_mouse_movement_set: Mouse movement set to 0/0[0m
[00:01:12.259,429] [0m<inf> exp02_logging: XY 72259 -8355840 -8355840[0m
[00:01:12.259,521] [0m<dbg> zmk: zmk_hid_mouse_movement_set: Mouse movement set to 0/0[0m
[00:01:12.259,552] [0m<dbg> zmk: zmk_hid_mouse_scroll_set: Mouse scroll set to 0/0[0m
[00:01:12.259,552] [0m<dbg> zmk: zmk_hid_mouse_movement_set: Mouse movement set to 0/0[0m
[00:01:12.267,364] [0m<inf> exp02_logging: XY 72267 -8355840 -1184495[0m
[00:01:12.267,456] [0m<dbg> zmk: zmk_hid_mouse_movement_set: Mouse movement set to 0/127[0m
[00:01:12.267,456] [0m<dbg> zmk: zmk_hid_mouse_scroll_set: Mouse scroll set to 0/0[0m
[00:01:12.267,486] [0m<dbg> zmk: zmk_hid_mouse_movement_set: Mouse movement set to 0/0[0m
[00:01:12.275,390] [0m<inf> exp02_logging: XY 72275 -4473940 -8355840[0m
[00:01:12.275,512] [0m<dbg> zmk: zmk_hid_mouse_movement_set: Mouse movement set to 127/0[0m
[00:01:12.275,543] [0m<dbg> zmk: zmk_hid_mouse_scroll_set: Mouse scroll set to 0/0[0m
[00:01:12.275,543] [0m<dbg> zmk: zmk_hid_mouse_movement_set: Mouse movement set to 0/0[0m
[00:01:12.283,508] [0m<inf> exp02_logging: XY 72283 -8355840 -8355840[0m
[00:01:12.283,569] [0m<dbg> zmk: zmk_hid_mouse_movement_set: Mouse movement set to 0/0[0m
[00:01:12.283,599] [0m<dbg> zmk: zmk_hid_mouse_scroll_set: Mouse scroll set to 0/0[0m
[00:01:12.283,599] [0m<dbg> zmk: zmk_hid_mouse_movement_set: Mouse movement set to 0/0[0m
[00:01:12.291,503] [0m<inf> exp02_logging: XY 72291 -592304 -3223952[0m
[00:01:12.291,625] [0m<dbg> zmk: zmk_hid_mouse_movement_set: Mouse movement set to 127/127[0m
[00:01:12.291,625] [0m<dbg> zmk: zmk_hid_mouse_scroll_set: Mouse scroll set to 0/0[0m
[00:01:12.291,656] [0m<dbg> zmk: zmk_hid_mouse_movement_set: Mouse movement set to 0/0[0m
[00:01:12.299,468] [0m<inf> exp02_logging: XY 72299 -8355840 -8355840[0m
[00:01:12.299,591] [0m<dbg> zmk: zmk_hid_mouse_movement_set: Mouse movement set to 0/0[0m
[00:01:12.299,621] [0m<dbg> zmk: zmk_hid_mouse_scroll_set: Mouse scroll set to 0/0[0m
[00:01:12.299,621] [0m<dbg> zmk: zmk_hid_mouse_movement_set: Mouse movement set to 0/0[0m
[00:01:12.307,586] [0m<inf> exp02_logging: XY 72307 -8355840 -855431[0m
[00:01:12.307,647] [0m<dbg> zmk: zmk_hid_mouse_movement_set: Mouse movement set to 0/127[0m
[00:01:12.307,678] [0m<dbg> zmk: zmk_hid_mouse_scroll_set: Mouse scroll set to 0/0[0m
[00:01:12.307,678] [0m<dbg> zmk: zmk_hid_mouse_movement_set: Mouse movement set to 0/0[0m
[00:01:12.315,521] [0m<inf> exp02_logging: XY 72315 -5000227 -8355840[0m
[00:01:12.315,643] [0m<dbg> zmk: zmk_hid_mouse_movement_set: Mouse movement set to 127/0[0m
[00:01:12.315,673] [0m<dbg> zmk: zmk_hid_mouse_scroll_set: Mouse scroll set to 0/0[0m
[00:01:12.315,673] [0m<dbg> zmk: zmk_hid_mouse_movement_set: Mouse movement set to 0/0[0m
[00:01:12.323,547] [0m<inf> exp02_logging: XY 72323 -8355840 -8355840[0m
[00:01:12.323,638] [0m<dbg> zmk: zmk_hid_mouse_movement_set: Mouse movement set to 0/0[0m
[00:01:12.323,638] [0m<dbg> zmk: zmk_hid_mouse_scroll_set: Mouse scroll set to 0/0[0m
[00:01:12.323,669] [0m<dbg> zmk: zmk_hid_mouse_movement_set: Mouse movement set to 0/0[0m
[00:01:12.331,665] [0m<inf> exp02_logging: XY 72331 -592333 -3750238[0m
[00:01:12.331,787] [0m<dbg> zmk: zmk_hid_mouse_movement_set: Mouse movement set to 127/127[0m
[00:01:12.331,787] [0m<dbg> zmk: zmk_hid_mouse_scroll_set: Mouse scroll set to 0/0[0m
[00:01:12.331,817] [0m<dbg> zmk: zmk_hid_mouse_movement_set: Mouse movement set to 0/0[0m
[00:01:12.339,599] [0m<inf> exp02_logging: XY 72339 -8355840 -8355840[0m
[00:01:12.339,721] [0m<dbg> zmk: zmk_hid_mouse_movement_set: Mouse movement set to 0/0[0m
[00:01:12.339,721] [0m<dbg> zmk: zmk_hid_mouse_scroll_set: Mouse scroll set to 0/0[0m
[00:01:12.339,752] [0m<dbg> zmk: zmk_hid_mouse_movement_set: Mouse movement set to 0/0[0m
[00:01:12.347,625] [0m<inf> exp02_logging: XY 72347 -8355840 -921142[0m
[00:01:12.347,717] [0m<dbg> zmk: zmk_hid_mouse_movement_set: Mouse movement set to 0/127[0m
[00:01:12.347,747] [0m<dbg> zmk: zmk_hid_mouse_scroll_set: Mouse scroll set to 0/0[0m
[00:01:12.347,747] [0m<dbg> zmk: zmk_hid_mouse_movement_set: Mouse movement set to 0/0[0m
[00:01:12.355,743] [0m<inf> exp02_logging: XY 72355 -5526598 -8355840[0m
[00:01:12.355,865] [0m<dbg> zmk: zmk_hid_mouse_movement_set: Mouse movement set to 127/0[0m
[00:01:12.355,865] [0m<dbg> zmk: zmk_hid_mouse_scroll_set: Mouse scroll set to 0/0[0m
[00:01:12.355,895] [0m<dbg> zmk: zmk_hid_mouse_movement_set: Mouse movement set to 0/0[0m
[00:01:12.363,677] [0m<inf> exp02_logging: XY 72363 -8355840 -8355840[0m
[00:01:12.363,769] [0m<dbg> zmk: zmk_hid_mouse_movement_set: Mouse movement set to 0/0[0m
[00:01:12.363,769] [0m<dbg> zmk: zmk_hid_mouse_scroll_set: Mouse scroll set to 0/0[0m
[00:01:12.363,800] [0m<dbg> zmk: zmk_hid_mouse_movement_set: Mouse movement set to 0/0[0m
[00:01:12.371,704] [0m<inf> exp02_logging: XY 72371 -592264 -4013360[0m
[00:01:12.371,856] [0m<dbg> zmk: zmk_hid_mouse_movement_set: Mouse movement set to 127/127[0m
[00:01:12.371,856] [0m<dbg> zmk: zmk_hid_mouse_scroll_set: Mouse scroll set to 0/0[0m
[00:01:12.371,887] [0m<dbg> zmk: zmk_hid_mouse_movement_set: Mouse movement set to 0/0[0m
[00:01:12.379,791] [0m<inf> exp02_logging: XY 72379 -8355840 -8355840[0m
[00:01:12.379,882] [0m<dbg> zmk: zmk_hid_mouse_movement_set: Mouse movement set to 0/0[0m
[00:01:12.379,913] [0m<dbg> zmk: zmk_hid_mouse_scroll_set: Mouse scroll set to 0/0[0m
[00:01:12.379,913] [0m<dbg> zmk: zmk_hid_mouse_movement_set: Mouse movement set to 0/0[0m
[00:01:12.387,756] [0m<inf> exp02_logging: XY 72387 -8355840 -855330[0m
[00:01:12.387,847] [0m<dbg> zmk: zmk_hid_mouse_movement_set: Mouse movement set to 0/127[0m
[00:01:12.387,847] [0m<dbg> zmk: zmk_hid_mouse_scroll_set: Mouse scroll set to 0/0[0m
[00:01:12.387,878] [0m<dbg> zmk: zmk_hid_mouse_movement_set: Mouse movement set to 0/0[0m
[00:01:12.395,782] [0m<inf> exp02_logging: XY 72395 -5789720 -8355840[0m
[00:01:12.395,904] [0m<dbg> zmk: zmk_hid_mouse_movement_set: Mouse movement set to 127/0[0m
[00:01:12.395,935] [0m<dbg> zmk: zmk_hid_mouse_scroll_set: Mouse scroll set to 0/0[0m
[00:01:12.395,935] [0m<dbg> zmk: zmk_hid_mouse_movement_set: Mouse movement set to 0/0[0m
[00:01:12.403,900] [0m<inf> exp02_logging: XY 72403 -8355840 -8355840[0m
[00:01:12.403,961] [0m<dbg> zmk: zmk_hid_mouse_movement_set: Mouse movement set to 0/0[0m
[00:01:12.403,991] [0m<dbg> zmk: zmk_hid_mouse_scroll_set: Mouse scroll set to 0/0[0m
[00:01:12.403,991] [0m<dbg> zmk: zmk_hid_mouse_movement_set: Mouse movement set to 0/0[0m
[00:01:12.411,834] [0m<inf> exp02_logging: XY 72411 -592277 -4473940[0m
[00:01:12.411,956] [0m<dbg> zmk: zmk_hid_mouse_movement_set: Mouse movement set to 127/127[0m
[00:01:12.411,987] [0m<dbg> zmk: zmk_hid_mouse_scroll_set: Mouse scroll set to 0/0[0m
[00:01:12.411,987] [0m<dbg> zmk: zmk_hid_mouse_movement_set: Mouse movement set to 0/0[0m
[00:01:12.419,860] [0m<inf> exp02_logging: XY 72419 -8355840 -8355840[0m
[00:01:12.419,982] [0m<dbg> zmk: zmk_hid_mouse_movement_set: Mouse movement set to 0/0[0m
[00:01:12.420,013] [0m<dbg> zmk: zmk_hid_mouse_scroll_set: Mouse scroll set to 0/0[0m
[00:01:12.420,013] [0m<dbg> zmk: zmk_hid_mouse_movement_set: Mouse movement set to 0/0[0m
[00:01:12.427,978] [0m<inf> exp02_logging: XY 72427 -8289947 -855309[0m
[00:01:12.428,100] [0m<dbg> zmk: zmk_hid_mouse_movement_set: Mouse movement set to 12/127[0m
[00:01:12.428,131] [0m<dbg> zmk: zmk_hid_mouse_scroll_set: Mouse scroll set to 0/0[0m
[00:01:12.428,131] [0m<dbg> zmk: zmk_hid_mouse_movement_set: Mouse movement set to 0/0[0m
[00:01:12.435,913] [0m<inf> exp02_logging: XY 72435 -6184637 -8355840[0m
[00:01:12.436,035] [0m<dbg> zmk: zmk_hid_mouse_movement_set: Mouse movement set to 127/0[0m
[00:01:12.436,065] [0m<dbg> zmk: zmk_hid_mouse_scroll_set: Mouse scroll set to 0/0[0m
[00:01:12.436,065] [0m<dbg> zmk: zmk_hid_mouse_movement_set: Mouse movement set to 0/0[0m
[00:01:12.443,939] [0m<inf> exp02_logging: XY 72443 -8355840 -8355840[0m
[00:01:12.444,030] [0m<dbg> zmk: zmk_hid_mouse_movement_set: Mouse movement set to 0/0[0m
[00:01:12.444,030] [0m<dbg> zmk: zmk_hid_mouse_scroll_set: Mouse scroll set to 0/0[0m
[00:01:12.444,061] [0m<dbg> zmk: zmk_hid_mouse_movement_set: Mouse movement set to 0/0[0m
[00:01:12.452,056] [0m<inf> exp02_logging: XY 72452 -592350 -5197813[0m
[00:01:12.452,178] [0m<dbg> zmk: zmk_hid_mouse_movement_set: Mouse movement set to 127/127[0m
[00:01:12.452,209] [0m<dbg> zmk: zmk_hid_mouse_scroll_set: Mouse scroll set to 0/0[0m
[00:01:12.452,209] [0m<dbg> zmk: zmk_hid_mouse_movement_set: Mouse movement set to 0/0[0m
[00:01:12.459,991] [0m<inf> exp02_logging: XY 72459 -8355840 -8355840[0m
[00:01:12.460,113] [0m<dbg> zmk: zmk_hid_mouse_movement_set: Mouse movement set to 0/0[0m
[00:01:12.460,113] [0m<dbg> zmk: zmk_hid_mouse_scroll_set: Mouse scroll set to 0/0[0m
[00:01:12.460,144] [0m<dbg> zmk: zmk_hid_mouse_movement_set: Mouse movement set to 0/0[0m
[00:01:12.468,017] [0m<inf> exp02_logging: XY 72468 -8224199 -855316[0m
[00:01:12.468,170] [0m<dbg> zmk: zmk_hid_mouse_movement_set: Mouse movement set to 25/127[0m
[00:01:12.468,170] [0m<dbg> zmk: zmk_hid_mouse_scroll_set: Mouse scroll set to 0/0[0m
[00:01:12.468,200] [0m<dbg> zmk: zmk_hid_mouse_movement_set: Mouse movement set to 0/0[0m
[00:01:12.476,135] [0m<inf> exp02_logging: XY 72476 -6776672 -8355840[0m
[00:01:12.476,257] [0m<dbg> zmk: zmk_hid_mouse_movement_set: Mouse movement set to 127/0[0m
[00:01:12.476,257] [0m<dbg> zmk: zmk_hid_mouse_scroll_set: Mouse scroll set to 0/0[0m
[00:01:12.476,287] [0m<dbg> zmk: zmk_hid_mouse_movement_set: Mouse movement set to 0/0[0m
[00:01:12.484,100] [0m<inf> exp02_logging: XY 72484 -8355840 -8355840[0m
[00:01:12.484,161] [0m<dbg> zmk: zmk_hid_mouse_movement_set: Mouse movement set to 0/0[0m
[00:01:12.484,191] [0m<dbg> zmk: zmk_hid_mouse_scroll_set: Mouse scroll set to 0/0[0m
[00:01:12.484,191] [0m<dbg> zmk: zmk_hid_mouse_movement_set: Mouse movement set to 0/0[0m
[00:01:12.492,095] [0m<inf> exp02_logging: XY 72492 -592346 -5460807[0m
[00:01:12.492,248] [0m<dbg> zmk: zmk_hid_mouse_movement_set: Mouse movement set to 127/127[0m
[00:01:12.492,248] [0m<dbg> zmk: zmk_hid_mouse_scroll_set: Mouse scroll set to 0/0[0m
[00:01:12.492,279] [0m<dbg> zmk: zmk_hid_mouse_movement_set: Mouse movement set to 0/0[0m
[00:01:12.500,213] [0m<inf> exp02_logging: XY 72500 -8355840 -8355840[0m
[00:01:12.500,305] [0m<dbg> zmk: zmk_hid_mouse_movement_set: Mouse movement set to 0/0[0m
[00:01:12.500,335] [0m<dbg> zmk: zmk_hid_mouse_scroll_set: Mouse scroll set to 0/0[0m
[00:01:12.500,335] [0m<dbg> zmk: zmk_hid_mouse_movement_set: Mouse movement set to 0/0[0m
[00:01:12.508,178] [0m<inf> exp02_logging: XY 72508 -8026668 -789664[0m
[00:01:12.508,300] [0m<dbg> zmk: zmk_hid_mouse_movement_set: Mouse movement set to 63/127[0m
[00:01:12.508,331] [0m<dbg> zmk: zmk_hid_mouse_scroll_set: Mouse scroll set to 0/0[0m
[00:01:12.508,331] [0m<dbg> zmk: zmk_hid_mouse_movement_set: Mouse movement set to 0/0[0m
[00:01:12.516,174] [0m<inf> exp02_logging: XY 72516 -7039921 -8355840[0m
[00:01:12.516,296] [0m<dbg> zmk: zmk_hid_mouse_movement_set: Mouse movement set to 127/0[0m
[00:01:12.516,326] [0m<dbg> zmk: zmk_hid_mouse_scroll_set: Mouse scroll set to 0/0[0m
[00:01:12.516,326] [0m<dbg> zmk: zmk_hid_mouse_movement_set: Mouse movement set to 0/0[0m
[00:01:12.524,291] [0m<inf> exp02_logging: XY 72524 -8355840 -8355840[0m
[00:01:12.524,353] [0m<dbg> zmk: zmk_hid_mouse_movement_set: Mouse movement set to 0/0[0m
[00:01:12.524,383] [0m<dbg> zmk: zmk_hid_mouse_scroll_set: Mouse scroll set to 0/0[0m
[00:01:12.524,383] [0m<dbg> zmk: zmk_hid_mouse_movement_set: Mouse movement set to 0/0[0m
[00:01:12.532,226] [0m<inf> exp02_logging: XY 72532 -592216 -5987178[0m
[00:01:12.532,348] [0m<dbg> zmk: zmk_hid_mouse_movement_set: Mouse movement set to 127/127[0m
[00:01:12.532,379] [0m<dbg> zmk: zmk_hid_mouse_scroll_set: Mouse scroll set to 0/0[0m
[00:01:12.532,379] [0m<dbg> zmk: zmk_hid_mouse_movement_set: Mouse movement set to 0/0[0m
[00:01:12.540,252] [0m<inf> exp02_logging: XY 72540 -8355840 -8355840[0m
[00:01:12.540,374] [0m<dbg> zmk: zmk_hid_mouse_movement_set: Mouse movement set to 0/0[0m
[00:01:12.540,405] [0m<dbg> zmk: zmk_hid_mouse_scroll_set: Mouse scroll set to 0/0[0m
[00:01:12.540,405] [0m<dbg> zmk: zmk_hid_mouse_movement_set: Mouse movement set to 0/0[0m
[00:01:12.548,370] [0m<inf> exp02_logging: XY 72548 -7697772 -855438[0m
[00:01:12.548,492] [0m<dbg> zmk: zmk_hid_mouse_movement_set: Mouse movement set to 127/127[0m
[00:01:12.548,522] [0m<dbg> zmk: zmk_hid_mouse_scroll_set: Mouse scroll set to 0/0[0m
[00:01:12.548,522] [0m<dbg> zmk: zmk_hid_mouse_movement_set: Mouse movement set to 0/0[0m
[00:01:12.556,304] [0m<inf> exp02_logging: XY 72556 -8289867 -8355840[0m
[00:01:12.556,427] [0m<dbg> zmk: zmk_hid_mouse_movement_set: Mouse movement set to 12/0[0m
[00:01:12.556,457] [0m<dbg> zmk: zmk_hid_mouse_scroll_set: Mouse scroll set to 0/0[0m
[00:01:12.556,457] [0m<dbg> zmk: zmk_hid_mouse_movement_set: Mouse movement set to 0/0[0m
[00:01:12.564,331] [0m<inf> exp02_logging: XY 72564 -8355840 -8355840[0m
[00:01:12.564,422] [0m<dbg> zmk: zmk_hid_mouse_movement_set: Mouse movement set to 0/0[0m
[00:01:12.564,422] [0m<dbg> zmk: zmk_hid_mouse_scroll_set: Mouse scroll set to 0/0[0m
[00:01:12.564,453] [0m<dbg> zmk: zmk_hid_mouse_movement_set: Mouse movement set to 0/0[0m
[00:01:12.572,448] [0m<inf> exp02_logging: XY 72572 -657934 -6579426[0m
[00:01:12.572,570] [0m<dbg> zmk: zmk_hid_mouse_movement_set: Mouse movement set to 127/127[0m
[00:01:12.572,601] [0m<dbg> zmk: zmk_hid_mouse_scroll_set: Mouse scroll set to 0/0[0m
[00:01:12.572,601] [0m<dbg> zmk: zmk_hid_mouse_movement_set: Mouse movement set to 0/0[0m
[00:01:12.580,383] [0m<inf> exp02_logging: XY 72580 -8355840 -8355840[0m
[00:01:12.580,505] [0m<dbg> zmk: zmk_hid_mouse_movement_set: Mouse movement set to 0/0[0m
[00:01:12.580,505] [0m<dbg> zmk: zmk_hid_mouse_scroll_set: Mouse scroll set to 0/0[0m
[00:01:12.580,535] [0m<dbg> zmk: zmk_hid_mouse_movement_set: Mouse movement set to 0/0[0m
[00:01:12.588,409] [0m<inf> exp02_logging: XY 72588 -7566101 -855434[0m
[00:01:12.588,562] [0m<dbg> zmk: zmk_hid_mouse_movement_set: Mouse movement set to 127/127[0m
[00:01:12.588,562] [0m<dbg> zmk: zmk_hid_mouse_scroll_set: Mouse scroll set to 0/0[0m
[00:01:12.588,592] [0m<dbg> zmk: zmk_hid_mouse_movement_set: Mouse movement set to 0/0[0m
[00:01:12.596,527] [0m<inf> exp02_logging: XY 72596 -8355840 -8355840[0m
[00:01:12.596,618] [0m<dbg> zmk: zmk_hid_mouse_movement_set: Mouse movement set to 0/0[0m
[00:01:12.596,649] [0m<dbg> zmk: zmk_hid_mouse_scroll_set: Mouse scroll set to 0/0[0m
[00:01:12.596,679] [0m<dbg> zmk: zmk_hid_mouse_movement_set: Mouse movement set to 0/0[0m
[00:01:12.604,492] [0m<inf> exp02_logging: XY 72604 -8355840 -8355840[0m
[00:01:12.612,548] [0m<inf> exp02_logging: XY 72612 -657961 -6776587[0m
[00:01:12.612,670] [0m<dbg> zmk: zmk_hid_mouse_movement_set: Mouse movement set to 127/127[0m
[00:01:12.612,670] [0m<dbg> zmk: zmk_hid_mouse_scroll_set: Mouse scroll set to 0/0[0m
[00:01:12.612,701] [0m<dbg> zmk: zmk_hid_mouse_movement_set: Mouse movement set to 0/0[0m
[00:01:12.620,605] [0m<inf> exp02_logging: XY 72620 -8355840 -8355840[0m
[00:01:12.620,697] [0m<dbg> zmk: zmk_hid_mouse_movement_set: Mouse movement set to 0/0[0m
[00:01:12.620,727] [0m<dbg> zmk: zmk_hid_mouse_scroll_set: Mouse scroll set to 0/0[0m
[00:01:12.620,758] [0m<dbg> zmk: zmk_hid_mouse_movement_set: Mouse movement set to 0/0[0m
[00:01:12.628,601] [0m<inf> exp02_logging: XY 72628 -7237315 -855449[0m
[00:01:12.628,723] [0m<dbg> zmk: zmk_hid_mouse_movement_set: Mouse movement set to 127/127[0m
[00:01:12.628,723] [0m<dbg> zmk: zmk_hid_mouse_scroll_set: Mouse scroll set to 0/0[0m
[00:01:12.628,753] [0m<dbg> zmk: zmk_hid_mouse_movement_set: Mouse movement set to 0/0[0m
[00:01:12.636,566] [0m<inf> exp02_logging: XY 72636 -8355840 -8355840[0m
[00:01:12.636,688] [0m<dbg> zmk: zmk_hid_mouse_movement_set: Mouse movement set to 0/0[0m
[00:01:12.636,718] [0m<dbg> zmk: zmk_hid_mouse_scroll_set: Mouse scroll set to 0/0[0m
[00:01:12.636,718] [0m<dbg> zmk: zmk_hid_mouse_movement_set: Mouse movement set to 0/0[0m
[00:01:12.644,683] [0m<inf> exp02_logging: XY 72644 -8355840 -8355840[0m
[00:01:12.652,648] [0m<inf> exp02_logging: XY 72652 -723791 -7105670[0m
[00:01:12.652,770] [0m<dbg> zmk: zmk_hid_mouse_movement_set: Mouse movement set to 127/127[0m
[00:01:12.652,801] [0m<dbg> zmk: zmk_hid_mouse_scroll_set: Mouse scroll set to 0/0[0m
[00:01:12.652,801] [0m<dbg> zmk: zmk_hid_mouse_movement_set: Mouse movement set to 0/0[0m
[00:01:12.660,736] [0m<inf> exp02_logging: XY 72660 -8355840 -8355840[0m
[00:01:12.660,827] [0m<dbg> zmk: zmk_hid_mouse_movement_set: Mouse movement set to 0/0[0m
[00:01:12.660,858] [0m<dbg> zmk: zmk_hid_mouse_scroll_set: Mouse scroll set to 0/0[0m
[00:01:12.660,888] [0m<dbg> zmk: zmk_hid_mouse_movement_set: Mouse movement set to 0/0[0m
[00:01:12.668,670] [0m<inf> exp02_logging: XY 72668 -7105552 -855427[0m
[00:01:12.668,792] [0m<dbg> zmk: zmk_hid_mouse_movement_set: Mouse movement set to 127/127[0m
[00:01:12.668,823] [0m<dbg> zmk: zmk_hid_mouse_scroll_set: Mouse scroll set to 0/0[0m
[00:01:12.668,823] [0m<dbg> zmk: zmk_hid_mouse_movement_set: Mouse movement set to 0/0[0m
[00:01:12.676,696] [0m<inf> exp02_logging: XY 72676 -8355840 -8355840[0m
[00:01:12.676,818] [0m<dbg> zmk: zmk_hid_mouse_movement_set: Mouse movement set to 0/0[0m
[00:01:12.676,849] [0m<dbg> zmk: zmk_hid_mouse_scroll_set: Mouse scroll set to 0/0[0m
[00:01:12.676,849] [0m<dbg> zmk: zmk_hid_mouse_movement_set: Mouse movement set to 0/0[0m
[00:01:12.684,814] [0m<inf> exp02_logging: XY 72684 -8355840 -8355840[0m
[00:01:12.692,779] [0m<inf> exp02_logging: XY 72692 -658115 -8290037[0m
[00:01:12.692,901] [0m<dbg> zmk: zmk_hid_mouse_movement_set: Mouse movement set to 127/12[0m
[00:01:12.692,932] [0m<dbg> zmk: zmk_hid_mouse_scroll_set: Mouse scroll set to 0/0[0m
[00:01:12.692,932] [0m<dbg> zmk: zmk_hid_mouse_movement_set: Mouse movement set to 0/0[0m
[00:01:12.700,866] [0m<inf> exp02_logging: XY 72700 -8355840 -8355840[0m
[00:01:12.700,958] [0m<dbg> zmk: zmk_hid_mouse_movement_set: Mouse movement set to 0/0[0m
[00:01:12.700,988] [0m<dbg> zmk: zmk_hid_mouse_scroll_set: Mouse scroll set to 0/0[0m
[00:01:12.700,988] [0m<dbg> zmk: zmk_hid_mouse_movement_set: Mouse movement set to 0/0[0m
[00:01:12.708,801] [0m<inf> exp02_logging: XY 72708 -6710938 -855415[0m
[00:01:12.708,923] [0m<dbg> zmk: zmk_hid_mouse_movement_set: Mouse movement set to 127/127[0m
[00:01:12.708,953] [0m<dbg> zmk: zmk_hid_mouse_scroll_set: Mouse scroll set to 0/0[0m
[00:01:12.708,953] [0m<dbg> zmk: zmk_hid_mouse_movement_set: Mouse movement set to 0/0[0m
[00:01:12.716,827] [0m<inf> exp02_logging: XY 72716 -8355840 -8355840[0m
[00:01:12.716,949] [0m<dbg> zmk: zmk_hid_mouse_movement_set: Mouse movement set to 0/0[0m
[00:01:12.716,979] [0m<dbg> zmk: zmk_hid_mouse_scroll_set: Mouse scroll set to 0/0[0m
[00:01:12.716,979] [0m<dbg> zmk: zmk_hid_mouse_movement_set: Mouse movement set to 0/0[0m
[00:01:12.724,945] [0m<inf> exp02_logging: XY 72724 -8355840 -8355840[0m
[00:01:12.732,910] [0m<inf> exp02_logging: XY 72732 -592367 -8355743[0m
[00:01:12.733,001] [0m<dbg> zmk: zmk_hid_mouse_movement_set: Mouse movement set to 127/0[0m
[00:01:12.733,001] [0m<dbg> zmk: zmk_hid_mouse_scroll_set: Mouse scroll set to 0/0[0m
[00:01:12.733,032] [0m<dbg> zmk: zmk_hid_mouse_movement_set: Mouse movement set to 0/0[0m
[00:01:12.740,997] [0m<inf> exp02_logging: XY 72740 -8355840 -8355840[0m
[00:01:12.741,058] [0m<dbg> zmk: zmk_hid_mouse_movement_set: Mouse movement set to 0/0[0m
[00:01:12.741,088] [0m<dbg> zmk: zmk_hid_mouse_scroll_set: Mouse scroll set to 0/0[0m
[00:01:12.741,088] [0m<dbg> zmk: zmk_hid_mouse_movement_set: Mouse movement set to 0/0[0m
[00:01:12.748,931] [0m<inf> exp02_logging: XY 72748 -6316262 -855396[0m
[00:01:12.749,053] [0m<dbg> zmk: zmk_hid_mouse_movement_set: Mouse movement set to 127/127[0m
[00:01:12.749,084] [0m<dbg> zmk: zmk_hid_mouse_scroll_set: Mouse scroll set to 0/0[0m
[00:01:12.749,084] [0m<dbg> zmk: zmk_hid_mouse_movement_set: Mouse movement set to 0/0[0m
[00:01:12.756,958] [0m<inf> exp02_logging: XY 72756 -8355840 -8355840[0m
[00:01:12.757,080] [0m<dbg> zmk: zmk_hid_mouse_movement_set: Mouse movement set to 0/0[0m
[00:01:12.757,110] [0m<dbg> zmk: zmk_hid_mouse_scroll_set: Mouse scroll set to 0/0[0m
[00:01:12.757,110] [0m<dbg> zmk: zmk_hid_mouse_movement_set: Mouse movement set to 0/0[0m
[00:01:12.765,075] [0m<inf> exp02_logging: XY 72765 -8355840 -8224251[0m
[00:01:12.765,136] [0m<dbg> zmk: zmk_hid_mouse_movement_set: Mouse movement set to 0/25[0m
[00:01:12.765,167] [0m<dbg> zmk: zmk_hid_mouse_scroll_set: Mouse scroll set to 0/0[0m
[00:01:12.765,167] [0m<dbg> zmk: zmk_hid_mouse_movement_set: Mouse movement set to 0/0[0m
[00:01:12.773,010] [0m<inf> exp02_logging: XY 72773 -658067 -8355840[0m
[00:01:12.773,132] [0m<dbg> zmk: zmk_hid_mouse_movement_set: Mouse movement set to 127/0[0m
[00:01:12.773,162] [0m<dbg> zmk: zmk_hid_mouse_scroll_set: Mouse scroll set to 0/0[0m
[00:01:12.773,162] [0m<dbg> zmk: zmk_hid_mouse_movement_set: Mouse movement set to 0/0[0m
[00:01:12.781,036] [0m<inf> exp02_logging: XY 72781 -8355840 -8355840[0m
[00:01:12.781,127] [0m<dbg> zmk: zmk_hid_mouse_movement_set: Mouse movement set to 0/0[0m
[00:01:12.781,127] [0m<dbg> zmk: zmk_hid_mouse_scroll_set: Mouse scroll set to 0/0[0m
[00:01:12.781,158] [0m<dbg> zmk: zmk_hid_mouse_movement_set: Mouse movement set to 0/0[0m
[00:01:12.789,154] [0m<inf> exp02_logging: XY 72789 -5855737 -855344[0m
[00:01:12.789,276] [0m<dbg> zmk: zmk_hid_mouse_movement_set: Mouse movement set to 127/127[0m
[00:01:12.789,306] [0m<dbg> zmk: zmk_hid_mouse_scroll_set: Mouse scroll set to 0/0[0m
[00:01:12.789,306] [0m<dbg> zmk: zmk_hid_mouse_movement_set: Mouse movement set to 0/0[0m
[00:01:12.797,088] [0m<inf> exp02_logging: XY 72797 -8355840 -8355840[0m
[00:01:12.797,210] [0m<dbg> zmk: zmk_hid_mouse_movement_set: Mouse movement set to 0/0[0m
[00:01:12.797,210] [0m<dbg> zmk: zmk_hid_mouse_scroll_set: Mouse scroll set to 0/0[0m
[00:01:12.797,241] [0m<dbg> zmk: zmk_hid_mouse_movement_set: Mouse movement set to 0/0[0m
[00:01:12.805,114] [0m<inf> exp02_logging: XY 72805 -8355840 -8158288[0m
[00:01:12.805,206] [0m<dbg> zmk: zmk_hid_mouse_movement_set: Mouse movement set to 0/38[0m
[00:01:12.805,236] [0m<dbg> zmk: zmk_hid_mouse_scroll_set: Mouse scroll set to 0/0[0m
[00:01:12.805,236] [0m<dbg> zmk: zmk_hid_mouse_movement_set: Mouse movement set to 0/0[0m
[00:01:12.813,232] [0m<inf> exp02_logging: XY 72813 -723838 -8355840[0m
[00:01:12.813,354] [0m<dbg> zmk: zmk_hid_mouse_movement_set: Mouse movement set to 127/0[0m
[00:01:12.813,354] [0m<dbg> zmk: zmk_hid_mouse_scroll_set: Mouse scroll set to 0/0[0m
[00:01:12.813,385] [0m<dbg> zmk: zmk_hid_mouse_movement_set: Mouse movement set to 0/0[0m
[00:01:12.821,166] [0m<inf> exp02_logging: XY 72821 -8355840 -8355840[0m
[00:01:12.821,228] [0m<dbg> zmk: zmk_hid_mouse_movement_set: Mouse movement set to 0/0[0m
[00:01:12.821,258] [0m<dbg> zmk: zmk_hid_mouse_scroll_set: Mouse scroll set to 0/0[0m
[00:01:12.821,258] [0m<dbg> zmk: zmk_hid_mouse_movement_set: Mouse movement set to 0/0[0m
[00:01:12.829,193] [0m<inf> exp02_logging: XY 72829 -5592566 -855371[0m
[00:01:12.829,345] [0m<dbg> zmk: zmk_hid_mouse_movement_set: Mouse movement set to 127/127[0m
[00:01:12.829,345] [0m<dbg> zmk: zmk_hid_mouse_scroll_set: Mouse scroll set to 0/0[0m
[00:01:12.829,376] [0m<dbg> zmk: zmk_hid_mouse_movement_set: Mouse movement set to 0/0[0m
[00:01:12.837,310] [0m<inf> exp02_logging: XY 72837 -8355840 -8355840[0m
[00:01:12.837,402] [0m<dbg> zmk: zmk_hid_mouse_movement_set: Mouse movement set to 0/0[0m
[00:01:12.837,432] [0m<dbg> zmk: zmk_hid_mouse_scroll_set: Mouse scroll set to 0/0[0m
[00:01:12.837,432] [0m<dbg> zmk: zmk_hid_mouse_movement_set: Mouse movement set to 0/0[0m
[00:01:12.845,245] [0m<inf> exp02_logging: XY 72845 -8355840 -7895074[0m
[00:01:12.845,336] [0m<dbg> zmk: zmk_hid_mouse_movement_set: Mouse movement set to 0/89[0m
[00:01:12.845,336] [0m<dbg> zmk: zmk_hid_mouse_scroll_set: Mouse scroll set to 0/0[0m
[00:01:12.845,367] [0m<dbg> zmk: zmk_hid_mouse_movement_set: Mouse movement set to 0/0[0m
[00:01:12.853,271] [0m<inf> exp02_logging: XY 72853 -855534 -8355840[0m
[00:01:12.853,393] [0m<dbg> zmk: zmk_hid_mouse_movement_set: Mouse movement set to 127/0[0m
[00:01:12.853,424] [0m<dbg> zmk: zmk_hid_mouse_scroll_set: Mouse scroll set to 0/0[0m
[00:01:12.853,424] [0m<dbg> zmk: zmk_hid_mouse_movement_set: Mouse movement set to 0/0[0m
[00:01:12.861,389] [0m<inf> exp02_logging: XY 72861 -8355840 -8355840[0m
[00:01:12.861,450] [0m<dbg> zmk: zmk_hid_mouse_movement_set: Mouse movement set to 0/0[0m
[00:01:12.861,480] [0m<dbg> zmk: zmk_hid_mouse_scroll_set: Mouse scroll set to 0/0[0m
[00:01:12.861,480] [0m<dbg> zmk: zmk_hid_mouse_movement_set: Mouse movement set to 0/0[0m
[00:01:12.869,323] [0m<inf> exp02_logging: XY 72869 -5131969 -789666[0m
[00:01:12.869,445] [0m<dbg> zmk: zmk_hid_mouse_movement_set: Mouse movement set to 127/127[0m
[00:01:12.869,476] [0m<dbg> zmk: zmk_hid_mouse_scroll_set: Mouse scroll set to 0/0[0m
[00:01:12.869,476] [0m<dbg> zmk: zmk_hid_mouse_movement_set: Mouse movement set to 0/0[0m
[00:01:12.877,349] [0m<inf> exp02_logging: XY 72877 -8355840 -8355840[0m
[00:01:12.877,471] [0m<dbg> zmk: zmk_hid_mouse_movement_set: Mouse movement set to 0/0[0m
[00:01:12.877,502] [0m<dbg> zmk: zmk_hid_mouse_scroll_set: Mouse scroll set to 0/0[0m
[00:01:12.877,502] [0m<dbg> zmk: zmk_hid_mouse_movement_set: Mouse movement set to 0/0[0m
[00:01:12.885,467] [0m<inf> exp02_logging: XY 72885 -8355840 -7500399[0m
[00:01:12.885,528] [0m<dbg> zmk: zmk_hid_mouse_movement_set: Mouse movement set to 0/127[0m
[00:01:12.885,559] [0m<dbg> zmk: zmk_hid_mouse_scroll_set: Mouse scroll set to 0/0[0m
[00:01:12.885,589] [0m<dbg> zmk: zmk_hid_mouse_movement_set: Mouse movement set to 0/0[0m
[00:01:12.893,402] [0m<inf> exp02_logging: XY 72893 -1513425 -8355840[0m
[00:01:12.893,524] [0m<dbg> zmk: zmk_hid_mouse_movement_set: Mouse movement set to 127/0[0m
[00:01:12.893,554] [0m<dbg> zmk: zmk_hid_mouse_scroll_set: Mouse scroll set to 0/0[0m
[00:01:12.893,554] [0m<dbg> zmk: zmk_hid_mouse_movement_set: Mouse movement set to 0/0[0m
[00:01:12.901,428] [0m<inf> exp02_logging: XY 72901 -8355840 -8355840[0m
[00:01:12.901,519] [0m<dbg> zmk: zmk_hid_mouse_movement_set: Mouse movement set to 0/0[0m
[00:01:12.901,519] [0m<dbg> zmk: zmk_hid_mouse_scroll_set: Mouse scroll set to 0/0[0m
[00:01:12.901,550] [0m<dbg> zmk: zmk_hid_mouse_movement_set: Mouse movement set to 0/0[0m
[00:01:12.909,545] [0m<inf> exp02_logging: XY 72909 -4671488 -789657[0m
[00:01:12.909,667] [0m<dbg> zmk: zmk_hid_mouse_movement_set: Mouse movement set to 127/127[0m
[00:01:12.909,667] [0m<dbg> zmk: zmk_hid_mouse_scroll_set: Mouse scroll set to 0/0[0m
[00:01:12.909,698] [0m<dbg> zmk: zmk_hid_mouse_movement_set: Mouse movement set to 0/0[0m
[00:01:12.917,480] [0m<inf> exp02_logging: XY 72917 -8355840 -8355840[0m
[00:01:12.917,602] [0m<dbg> zmk: zmk_hid_mouse_movement_set: Mouse movement set to 0/0[0m
[00:01:12.917,602] [0m<dbg> zmk: zmk_hid_mouse_scroll_set: Mouse scroll set to 0/0[0m
[00:01:12.917,633] [0m<dbg> zmk: zmk_hid_mouse_movement_set: Mouse movement set to 0/0[0m
[00:01:12.925,506] [0m<inf> exp02_logging: XY 72925 -8355840 -7303156[0m
[00:01:12.925,598] [0m<dbg> zmk: zmk_hid_mouse_movement_set: Mouse movement set to 0/127[0m
[00:01:12.925,628] [0m<dbg> zmk: zmk_hid_mouse_scroll_set: Mouse scroll set to 0/0[0m
[00:01:12.925,628] [0m<dbg> zmk: zmk_hid_mouse_movement_set: Mouse movement set to 0/0[0m
[00:01:12.933,624] [0m<inf> exp02_logging: XY 72933 -1908087 -8355840[0m
[00:01:12.933,746] [0m<dbg> zmk: zmk_hid_mouse_movement_set: Mouse movement set to 127/0[0m
[00:01:12.933,746] [0m<dbg> zmk: zmk_hid_mouse_scroll_set: Mouse scroll set to 0/0[0m
[00:01:12.933,776] [0m<dbg> zmk: zmk_hid_mouse_movement_set: Mouse movement set to 0/0[0m
[00:01:12.941,558] [0m<inf> exp02_logging: XY 72941 -8355840 -8355840[0m
[00:01:12.941,650] [0m<dbg> zmk: zmk_hid_mouse_movement_set: Mouse movement set to 0/0[0m
[00:01:12.941,650] [0m<dbg> zmk: zmk_hid_mouse_scroll_set: Mouse scroll set to 0/0[0m
[00:01:12.941,680] [0m<dbg> zmk: zmk_hid_mouse_movement_set: Mouse movement set to 0/0[0m
[00:01:12.949,584] [0m<inf> exp02_logging: XY 72949 -4342369 -855343[0m
[00:01:12.949,707] [0m<dbg> zmk: zmk_hid_mouse_movement_set: Mouse movement set to 127/127[0m
[00:01:12.949,737] [0m<dbg> zmk: zmk_hid_mouse_scroll_set: Mouse scroll set to 0/0[0m
[00:01:12.949,768] [0m<dbg> zmk: zmk_hid_mouse_movement_set: Mouse movement set to 0/0[0m
[00:01:12.957,702] [0m<inf> exp02_logging: XY 72957 -8355840 -8355840[0m
[00:01:12.957,794] [0m<dbg> zmk: zmk_hid_mouse_movement_set: Mouse movement set to 0/0[0m
[00:01:12.957,824] [0m<dbg> zmk: zmk_hid_mouse_scroll_set: Mouse scroll set to 0/0[0m
[00:01:12.957,855] [0m<dbg> zmk: zmk_hid_mouse_movement_set: Mouse movement set to 0/0[0m
[00:01:12.965,637] [0m<inf> exp02_logging: XY 72965 -8355840 -6908212[0m
[00:01:12.965,728] [0m<dbg> zmk: zmk_hid_mouse_movement_set: Mouse movement set to 0/127[0m
[00:01:12.965,728] [0m<dbg> zmk: zmk_hid_mouse_scroll_set: Mouse scroll set to 0/0[0m
[00:01:12.965,759] [0m<dbg> zmk: zmk_hid_mouse_movement_set: Mouse movement set to 0/0[0m
[00:01:12.973,663] [0m<inf> exp02_logging: XY 72973 -2237085 -8355840[0m
[00:01:12.973,785] [0m<dbg> zmk: zmk_hid_mouse_movement_set: Mouse movement set to 127/0[0m
[00:01:12.973,815] [0m<dbg> zmk: zmk_hid_mouse_scroll_set: Mouse scroll set to 0/0[0m
[00:01:12.973,815] [0m<dbg> zmk: zmk_hid_mouse_movement_set: Mouse movement set to 0/0[0m
[00:01:12.981,781] [0m<inf> exp02_logging: XY 72981 -8355840 -8355840[0m
[00:01:12.981,842] [0m<dbg> zmk: zmk_hid_mouse_movement_set: Mouse movement set to 0/0[0m
[00:01:12.981,872] [0m<dbg> zmk: zmk_hid_mouse_scroll_set: Mouse scroll set to 0/0[0m
[00:01:12.981,872] [0m<dbg> zmk: zmk_hid_mouse_movement_set: Mouse movement set to 0/0[0m
[00:01:12.989,715] [0m<inf> exp02_logging: XY 72989 -3684548 -1118709[0m
[00:01:12.989,837] [0m<dbg> zmk: zmk_hid_mouse_movement_set: Mouse movement set to 127/127[0m
[00:01:12.989,868] [0m<dbg> zmk: zmk_hid_mouse_scroll_set: Mouse scroll set to 0/0[0m
[00:01:12.989,868] [0m<dbg> zmk: zmk_hid_mouse_movement_set: Mouse movement set to 0/0[0m
[00:01:12.997,741] [0m<inf> exp02_logging: XY 72997 -8355840 -8355840[0m
[00:01:12.997,863] [0m<dbg> zmk: zmk_hid_mouse_movement_set: Mouse movement set to 0/0[0m
[00:01:12.997,894] [0m<dbg> zmk: zmk_hid_mouse_scroll_set: Mouse scroll set to 0/0[0m
[00:01:12.997,894] [0m<dbg> zmk: zmk_hid_mouse_movement_set: Mouse movement set to 0/0[0m
[00:01:13.005,859] [0m<inf> exp02_logging: XY 73005 -8355840 -6316067[0m
[00:01:13.005,920] [0m<dbg> zmk: zmk_hid_mouse_movement_set: Mouse movement set to 0/127[0m
[00:01:13.005,950] [0m<dbg> zmk: zmk_hid_mouse_scroll_set: Mouse scroll set to 0/0[0m
[00:01:13.005,950] [0m<dbg> zmk: zmk_hid_mouse_movement_set: Mouse movement set to 0/0[0m
[00:01:13.013,793] [0m<inf> exp02_logging: XY 73013 -2631917 -8355840[0m
[00:01:13.013,916] [0m<dbg> zmk: zmk_hid_mouse_movement_set: Mouse movement set to 127/0[0m
[00:01:13.013,916] [0m<dbg> zmk: zmk_hid_mouse_scroll_set: Mouse scroll set to 0/0[0m
[00:01:13.013,946] [0m<dbg> zmk: zmk_hid_mouse_movement_set: Mouse movement set to 0/0[0m
[00:01:13.021,820] [0m<inf> exp02_logging: XY 73021 -8355840 -8355840[0m
[00:01:13.021,911] [0m<dbg> zmk: zmk_hid_mouse_movement_set: Mouse movement set to 0/0[0m
[00:01:13.021,911] [0m<dbg> zmk: zmk_hid_mouse_scroll_set: Mouse scroll set to 0/0[0m
[00:01:13.021,942] [0m<dbg> zmk: zmk_hid_mouse_movement_set: Mouse movement set to 0/0[0m
[00:01:13.029,937] [0m<inf> exp02_logging: XY 73029 -2960706 -1710714[0m
[00:01:13.030,059] [0m<dbg> zmk: zmk_hid_mouse_movement_set: Mouse movement set to 127/127[0m
[00:01:13.030,059] [0m<dbg> zmk: zmk_hid_mouse_scroll_set: Mouse scroll set to 0/0[0m
[00:01:13.030,090] [0m<dbg> zmk: zmk_hid_mouse_movement_set: Mouse movement set to 0/0[0m
[00:01:13.037,872] [0m<inf> exp02_logging: XY 73037 -8355840 -8355840[0m
[00:01:13.037,994] [0m<dbg> zmk: zmk_hid_mouse_movement_set: Mouse movement set to 0/0[0m
[00:01:13.037,994] [0m<dbg> zmk: zmk_hid_mouse_scroll_set: Mouse scroll set to 0/0[0m
[00:01:13.038,024] [0m<dbg> zmk: zmk_hid_mouse_movement_set: Mouse movement set to 0/0[0m
[00:01:13.045,898] [0m<inf> exp02_logging: XY 73045 -8355840 -4934499[0m
[00:01:13.045,989] [0m<dbg> zmk: zmk_hid_mouse_movement_set: Mouse movement set to 0/127[0m
[00:01:13.046,020] [0m<dbg> zmk: zmk_hid_mouse_scroll_set: Mouse scroll set to 0/0[0m
[00:01:13.046,020] [0m<dbg> zmk: zmk_hid_mouse_movement_set: Mouse movement set to 0/0[0m
[00:01:13.054,016] [0m<inf> exp02_logging: XY 73054 -3223952 -8355840[0m
[00:01:13.054,138] [0m<dbg> zmk: zmk_hid_mouse_movement_set: Mouse movement set to 127/0[0m
[00:01:13.054,138] [0m<dbg> zmk: zmk_hid_mouse_scroll_set: Mouse scroll set to 0/0[0m
[00:01:13.054,168] [0m<dbg> zmk: zmk_hid_mouse_movement_set: Mouse movement set to 0/0[0m
[00:01:13.061,950] [0m<inf> exp02_logging: XY 73061 -8355840 -8355840[0m
[00:01:13.062,011] [0m<dbg> zmk: zmk_hid_mouse_movement_set: Mouse movement set to 0/0[0m
[00:01:13.062,042] [0m<dbg> zmk: zmk_hid_mouse_scroll_set: Mouse scroll set to 0/0[0m
[00:01:13.062,042] [0m<dbg> zmk: zmk_hid_mouse_movement_set: Mouse movement set to 0/0[0m
[00:01:13.069,976] [0m<inf> exp02_logging: XY 73069 -2434443 -1710841[0m
[00:01:13.070,129] [0m<dbg> zmk: zmk_hid_mouse_movement_set: Mouse movement set to 127/127[0m
[00:01:13.070,129] [0m<dbg> zmk: zmk_hid_mouse_scroll_set: Mouse scroll set to 0/0[0m
[00:01:13.070,159] [0m<dbg> zmk: zmk_hid_mouse_movement_set: Mouse movement set to 0/0[0m
[00:01:13.078,094] [0m<inf> exp02_logging: XY 73078 -8355840 -8355840[0m
[00:01:13.078,186] [0m<dbg> zmk: zmk_hid_mouse_movement_set: Mouse movement set to 0/0[0m
[00:01:13.078,216] [0m<dbg> zmk: zmk_hid_mouse_scroll_set: Mouse scroll set to 0/0[0m
[00:01:13.078,216] [0m<dbg> zmk: zmk_hid_mouse_movement_set: Mouse movement set to 0/0[0m
[00:01:13.086,029] [0m<inf> exp02_logging: XY 73086 -8355840 -4079179[0m
[00:01:13.086,120] [0m<dbg> zmk: zmk_hid_mouse_movement_set: Mouse movement set to 0/127[0m
[00:01:13.086,120] [0m<dbg> zmk: zmk_hid_mouse_scroll_set: Mouse scroll set to 0/0[0m
[00:01:13.086,151] [0m<dbg> zmk: zmk_hid_mouse_movement_set: Mouse movement set to 0/0[0m
[00:01:13.094,055] [0m<inf> exp02_logging: XY 73094 -3487074 -8355840[0m
[00:01:13.094,177] [0m<dbg> zmk: zmk_hid_mouse_movement_set: Mouse movement set to 127/0[0m
[00:01:13.094,207] [0m<dbg> zmk: zmk_hid_mouse_scroll_set: Mouse scroll set to 0/0[0m
[00:01:13.094,207] [0m<dbg> zmk: zmk_hid_mouse_movement_set: Mouse movement set to 0/0[0m
[00:01:13.102,172] [0m<inf> exp02_logging: XY 73102 -8355840 -8355840[0m
[00:01:13.102,233] [0m<dbg> zmk: zmk_hid_mouse_movement_set: Mouse movement set to 0/0[0m
[00:01:13.102,264] [0m<dbg> zmk: zmk_hid_mouse_scroll_set: Mouse scroll set to 0/0[0m
[00:01:13.102,264] [0m<dbg> zmk: zmk_hid_mouse_movement_set: Mouse movement set to 0/0[0m
[00:01:13.110,137] [0m<inf> exp02_logging: XY 73110 -1513353 -2302749[0m
[00:01:13.110,260] [0m<dbg> zmk: zmk_hid_mouse_movement_set: Mouse movement set to 127/127[0m
[00:01:13.110,260] [0m<dbg> zmk: zmk_hid_mouse_scroll_set: Mouse scroll set to 0/0[0m
[00:01:13.110,290] [0m<dbg> zmk: zmk_hid_mouse_movement_set: Mouse movement set to 0/0[0m
[00:01:13.118,133] [0m<inf> exp02_logging: XY 73118 -8355840 -8355840[0m
[00:01:13.118,255] [0m<dbg> zmk: zmk_hid_mouse_movement_set: Mouse movement set to 0/0[0m
[00:01:13.118,286] [0m<dbg> zmk: zmk_hid_mouse_scroll_set: Mouse scroll set to 0/0[0m
[00:01:13.118,286] [0m<dbg> zmk: zmk_hid_mouse_movement_set: Mouse movement set to 0/0[0m
[00:01:13.126,251] [0m<inf> exp02_logging: XY 73126 -8355840 -3158250[0m
[00:01:13.126,312] [0m<dbg> zmk: zmk_hid_mouse_movement_set: Mouse movement set to 0/127[0m
[00:01:13.126,342] [0m<dbg> zmk: zmk_hid_mouse_scroll_set: Mouse scroll set to 0/0[0m
[00:01:13.126,373] [0m<dbg> zmk: zmk_hid_mouse_movement_set: Mouse movement set to 0/0[0m
[00:01:13.134,185] [0m<inf> exp02_logging: XY 73134 -3881820 -8355840[0m
[00:01:13.134,307] [0m<dbg> zmk: zmk_hid_mouse_movement_set: Mouse movement set to 127/0[0m
[00:01:13.134,338] [0m<dbg> zmk: zmk_hid_mouse_scroll_set: Mouse scroll set to 0/0[0m
[00:01:13.134,338] [0m<dbg> zmk: zmk_hid_mouse_movement_set: Mouse movement set to 0/0[0m
[00:01:13.142,211] [0m<inf> exp02_logging: XY 73142 -8355840 -8355840[0m
[00:01:13.142,303] [0m<dbg> zmk: zmk_hid_mouse_movement_set: Mouse movement set to 0/0[0m
[00:01:13.142,303] [0m<dbg> zmk: zmk_hid_mouse_scroll_set: Mouse scroll set to 0/0[0m
[00:01:13.142,333] [0m<dbg> zmk: zmk_hid_mouse_movement_set: Mouse movement set to 0/0[0m
[00:01:13.150,329] [0m<inf> exp02_logging: XY 73150 -921294 -2763286[0m
[00:01:13.150,451] [0m<dbg> zmk: zmk_hid_mouse_movement_set: Mouse movement set to 127/127[0m
[00:01:13.150,451] [0m<dbg> zmk: zmk_hid_mouse_scroll_set: Mouse scroll set to 0/0[0m
[00:01:13.150,482] [0m<dbg> zmk: zmk_hid_mouse_movement_set: Mouse movement set to 0/0[0m
[00:01:13.158,264] [0m<inf> exp02_logging: XY 73158 -8355840 -8355840[0m
[00:01:13.158,386] [0m<dbg> zmk: zmk_hid_mouse_movement_set: Mouse movement set to 0/0[0m
[00:01:13.158,386] [0m<dbg> zmk: zmk_hid_mouse_scroll_set: Mouse scroll set to 0/0[0m
[00:01:13.158,416] [0m<dbg> zmk: zmk_hid_mouse_movement_set: Mouse movement set to 0/0[0m
[00:01:13.166,290] [0m<inf> exp02_logging: XY 73166 -8355840 -2631848[0m
[00:01:13.166,381] [0m<dbg> zmk: zmk_hid_mouse_movement_set: Mouse movement set to 0/127[0m
[00:01:13.166,412] [0m<dbg> zmk: zmk_hid_mouse_scroll_set: Mouse scroll set to 0/0[0m
[00:01:13.166,412] [0m<dbg> zmk: zmk_hid_mouse_movement_set: Mouse movement set to 0/0[0m
[00:01:13.174,407] [0m<inf> exp02_logging: XY 73174 -4342273 -8355840[0m
[00:01:13.174,530] [0m<dbg> zmk: zmk_hid_mouse_movement_set: Mouse movement set to 127/0[0m
[00:01:13.174,530] [0m<dbg> zmk: zmk_hid_mouse_scroll_set: Mouse scroll set to 0/0[0m
[00:01:13.174,560] [0m<dbg> zmk: zmk_hid_mouse_movement_set: Mouse movement set to 0/0[0m
[00:01:13.182,342] [0m<inf> exp02_logging: XY 73182 -8355840 -8355840[0m
[00:01:13.182,403] [0m<dbg> zmk: zmk_hid_mouse_movement_set: Mouse movement set to 0/0[0m
[00:01:13.182,434] [0m<dbg> zmk: zmk_hid_mouse_scroll_set: Mouse scroll set to 0/0[0m
[00:01:13.182,464] [0m<dbg> zmk: zmk_hid_mouse_movement_set: Mouse movement set to 0/0[0m
[00:01:13.190,368] [0m<inf> exp02_logging: XY 73190 -855501 -2697708[0m
[00:01:13.190,490] [0m<dbg> zmk: zmk_hid_mouse_movement_set: Mouse movement set to 127/127[0m
[00:01:13.190,521] [0m<dbg> zmk: zmk_hid_mouse_scroll_set: Mouse scroll set to 0/0[0m
[00:01:13.190,521] [0m<dbg> zmk: zmk_hid_mouse_movement_set: Mouse movement set to 0/0[0m
[00:01:13.198,486] [0m<inf> exp02_logging: XY 73198 -8355840 -8355840[0m
[00:01:13.198,577] [0m<dbg> zmk: zmk_hid_mouse_movement_set: Mouse movement set to 0/0[0m
[00:01:13.198,608] [0m<dbg> zmk: zmk_hid_mouse_scroll_set: Mouse scroll set to 0/0[0m
[00:01:13.198,608] [0m<dbg> zmk: zmk_hid_mouse_movement_set: Mouse movement set to 0/0[0m
[00:01:13.206,420] [0m<inf> exp02_logging: XY 73206 -8355840 -1513461[0m
[00:01:13.206,512] [0m<dbg> zmk: zmk_hid_mouse_movement_set: Mouse movement set to 0/127[0m
[00:01:13.206,512] [0m<dbg> zmk: zmk_hid_mouse_scroll_set: Mouse scroll set to 0/0[0m
[00:01:13.206,542] [0m<dbg> zmk: zmk_hid_mouse_movement_set: Mouse movement set to 0/0[0m
[00:01:13.214,447] [0m<inf> exp02_logging: XY 73214 -4737062 -8355840[0m
[00:01:13.214,569] [0m<dbg> zmk: zmk_hid_mouse_movement_set: Mouse movement set to 127/0[0m
[00:01:13.214,599] [0m<dbg> zmk: zmk_hid_mouse_scroll_set: Mouse scroll set to 0/0[0m
[00:01:13.214,599] [0m<dbg> zmk: zmk_hid_mouse_movement_set: Mouse movement set to 0/0[0m
[00:01:13.222,564] [0m<inf> exp02_logging: XY 73222 -8355840 -8355840[0m
[00:01:13.222,625] [0m<dbg> zmk: zmk_hid_mouse_movement_set: Mouse movement set to 0/0[0m
[00:01:13.222,656] [0m<dbg> zmk: zmk_hid_mouse_scroll_set: Mouse scroll set to 0/0[0m
[00:01:13.222,656] [0m<dbg> zmk: zmk_hid_mouse_movement_set: Mouse movement set to 0/0[0m
[00:01:13.230,529] [0m<inf> exp02_logging: XY 73230 -723875 -3355576[0m
[00:01:13.230,651] [0m<dbg> zmk: zmk_hid_mouse_movement_set: Mouse movement set to 127/127[0m
[00:01:13.230,682] [0m<dbg> zmk: zmk_hid_mouse_scroll_set: Mouse scroll set to 0/0[0m
[00:01:13.230,682] [0m<dbg> zmk: zmk_hid_mouse_movement_set: Mouse movement set to 0/0[0m
[00:01:13.238,525] [0m<inf> exp02_logging: XY 73238 -8355840 -8355840[0m
[00:01:13.238,647] [0m<dbg> zmk: zmk_hid_mouse_movement_set: Mouse movement set to 0/0[0m
[00:01:13.238,647] [0m<dbg> zmk: zmk_hid_mouse_scroll_set: Mouse scroll set to 0/0[0m
[00:01:13.238,677] [0m<dbg> zmk: zmk_hid_mouse_movement_set: Mouse movement set to 0/0[0m
[00:01:13.246,643] [0m<inf> exp02_logging: XY 73246 -8355840 -986932[0m
[00:01:13.246,704] [0m<dbg> zmk: zmk_hid_mouse_movement_set: Mouse movement set to 0/127[0m
[00:01:13.246,734] [0m<dbg> zmk: zmk_hid_mouse_scroll_set: Mouse scroll set to 0/0[0m
[00:01:13.246,734] [0m<dbg> zmk: zmk_hid_mouse_movement_set: Mouse movement set to 0/0[0m
[00:01:13.254,577] [0m<inf> exp02_logging: XY 73254 -5395016 -8355840[0m
[00:01:13.254,699] [0m<dbg> zmk: zmk_hid_mouse_movement_set: Mouse movement set to 127/0[0m
[00:01:13.254,730] [0m<dbg> zmk: zmk_hid_mouse_scroll_set: Mouse scroll set to 0/0[0m
[00:01:13.254,730] [0m<dbg> zmk: zmk_hid_mouse_movement_set: Mouse movement set to 0/0[0m
[00:01:13.262,603] [0m<inf> exp02_logging: XY 73262 -8355840 -8355840[0m
[00:01:13.262,695] [0m<dbg> zmk: zmk_hid_mouse_movement_set: Mouse movement set to 0/0[0m
[00:01:13.262,695] [0m<dbg> zmk: zmk_hid_mouse_scroll_set: Mouse scroll set to 0/0[0m
[00:01:13.262,725] [0m<dbg> zmk: zmk_hid_mouse_movement_set: Mouse movement set to 0/0[0m
[00:01:13.270,721] [0m<inf> exp02_logging: XY 73270 -723758 -4013360[0m
[00:01:13.270,843] [0m<dbg> zmk: zmk_hid_mouse_movement_set: Mouse movement set to 127/127[0m
[00:01:13.270,843] [0m<dbg> zmk: zmk_hid_mouse_scroll_set: Mouse scroll set to 0/0[0m
[00:01:13.270,874] [0m<dbg> zmk: zmk_hid_mouse_movement_set: Mouse movement set to 0/0[0m
[00:01:13.278,656] [0m<inf> exp02_logging: XY 73278 -8355840 -8355840[0m
[00:01:13.278,778] [0m<dbg> zmk: zmk_hid_mouse_movement_set: Mouse movement set to 0/0[0m
[00:01:13.278,778] [0m<dbg> zmk: zmk_hid_mouse_scroll_set: Mouse scroll set to 0/0[0m
[00:01:13.278,808] [0m<dbg> zmk: zmk_hid_mouse_movement_set: Mouse movement set to 0/0[0m
[00:01:13.286,682] [0m<inf> exp02_logging: XY 73286 -8355840 -986948[0m
[00:01:13.286,773] [0m<dbg> zmk: zmk_hid_mouse_movement_set: Mouse movement set to 0/127[0m
[00:01:13.286,804] [0m<dbg> zmk: zmk_hid_mouse_scroll_set: Mouse scroll set to 0/0[0m
[00:01:13.286,804] [0m<dbg> zmk: zmk_hid_mouse_movement_set: Mouse movement set to 0/0[0m
[00:01:13.294,799] [0m<inf> exp02_logging: XY 73294 -5658138 -8355840[0m
[00:01:13.294,921] [0m<dbg> zmk: zmk_hid_mouse_movement_set: Mouse movement set to 127/0[0m
[00:01:13.294,921] [0m<dbg> zmk: zmk_hid_mouse_scroll_set: Mouse scroll set to 0/0[0m
[00:01:13.294,952] [0m<dbg> zmk: zmk_hid_mouse_movement_set: Mouse movement set to 0/0[0m
[00:01:13.302,734] [0m<inf> exp02_logging: XY 73302 -8355840 -8355840[0m
[00:01:13.302,795] [0m<dbg> zmk: zmk_hid_mouse_movement_set: Mouse movement set to 0/0[0m
[00:01:13.302,825] [0m<dbg> zmk: zmk_hid_mouse_scroll_set: Mouse scroll set to 0/0[0m
[00:01:13.302,825] [0m<dbg> zmk: zmk_hid_mouse_movement_set: Mouse movement set to 0/0[0m
[00:01:13.310,760] [0m<inf> exp02_logging: XY 73310 -592338 -4145070[0m
[00:01:13.310,913] [0m<dbg> zmk: zmk_hid_mouse_movement_set: Mouse movement set to 127/127[0m
[00:01:13.310,913] [0m<dbg> zmk: zmk_hid_mouse_scroll_set: Mouse scroll set to 0/0[0m
[00:01:13.310,943] [0m<dbg> zmk: zmk_hid_mouse_movement_set: Mouse movement set to 0/0[0m
[00:01:13.318,878] [0m<inf> exp02_logging: XY 73318 -8355840 -8355840[0m
[00:01:13.318,969] [0m<dbg> zmk: zmk_hid_mouse_movement_set: Mouse movement set to 0/0[0m
[00:01:13.319,000] [0m<dbg> zmk: zmk_hid_mouse_scroll_set: Mouse scroll set to 0/0[0m
[00:01:13.319,000] [0m<dbg> zmk: zmk_hid_mouse_movement_set: Mouse movement set to 0/0[0m
[00:01:13.326,812] [0m<inf> exp02_logging: XY 73326 -8355840 -855497[0m
[00:01:13.326,904] [0m<dbg> zmk: zmk_hid_mouse_movement_set: Mouse movement set to 0/127[0m
[00:01:13.326,904] [0m<dbg> zmk: zmk_hid_mouse_scroll_set: Mouse scroll set to 0/0[0m
[00:01:13.326,934] [0m<dbg> zmk: zmk_hid_mouse_movement_set: Mouse movement set to 0/0[0m
[00:01:13.334,838] [0m<inf> exp02_logging: XY 73334 -5987136 -8355840[0m
[00:01:13.334,960] [0m<dbg> zmk: zmk_hid_mouse_movement_set: Mouse movement set to 127/0[0m
[00:01:13.334,991] [0m<dbg> zmk: zmk_hid_mouse_scroll_set: Mouse scroll set to 0/0[0m
[00:01:13.334,991] [0m<dbg> zmk: zmk_hid_mouse_movement_set: Mouse movement set to 0/0[0m
[00:01:13.342,926] [0m<inf> exp02_logging: XY 73342 -8355840 -8355840[0m
[00:01:13.343,017] [0m<dbg> zmk: zmk_hid_mouse_movement_set: Mouse movement set to 0/0[0m
[00:01:13.343,048] [0m<dbg> zmk: zmk_hid_mouse_scroll_set: Mouse scroll set to 0/0[0m
[00:01:13.343,048] [0m<dbg> zmk: zmk_hid_mouse_movement_set: Mouse movement set to 0/0[0m
[00:01:13.350,891] [0m<inf> exp02_logging: XY 73350 -592156 -4737062[0m
[00:01:13.351,013] [0m<dbg> zmk: zmk_hid_mouse_movement_set: Mouse movement set to 127/127[0m
[00:01:13.351,043] [0m<dbg> zmk: zmk_hid_mouse_scroll_set: Mouse scroll set to 0/0[0m
[00:01:13.351,043] [0m<dbg> zmk: zmk_hid_mouse_movement_set: Mouse movement set to 0/0[0m
[00:01:13.358,917] [0m<inf> exp02_logging: XY 73358 -8355840 -8355840[0m
[00:01:13.359,039] [0m<dbg> zmk: zmk_hid_mouse_movement_set: Mouse movement set to 0/0[0m
[00:01:13.359,069] [0m<dbg> zmk: zmk_hid_mouse_scroll_set: Mouse scroll set to 0/0[0m
[00:01:13.359,069] [0m<dbg> zmk: zmk_hid_mouse_movement_set: Mouse movement set to 0/0[0m
[00:01:13.367,034] [0m<inf> exp02_logging: XY 73367 -8355588 -855393[0m
[00:01:13.367,126] [0m<dbg> zmk: zmk_hid_mouse_movement_set: Mouse movement set to 0/127[0m
[00:01:13.367,126] [0m<dbg> zmk: zmk_hid_mouse_scroll_set: Mouse scroll set to 0/0[0m
[00:01:13.367,156] [0m<dbg> zmk: zmk_hid_mouse_movement_set: Mouse movement set to 0/0[0m
[00:01:13.374,969] [0m<inf> exp02_logging: XY 73374 -6381840 -8355840[0m
[00:01:13.375,091] [0m<dbg> zmk: zmk_hid_mouse_movement_set: Mouse movement set to 127/0[0m
[00:01:13.375,122] [0m<dbg> zmk: zmk_hid_mouse_scroll_set: Mouse scroll set to 0/0[0m
[00:01:13.375,122] [0m<dbg> zmk: zmk_hid_mouse_movement_set: Mouse movement set to 0/0[0m
[00:01:13.382,995] [0m<inf> exp02_logging: XY 73382 -8355840 -8355840[0m
[00:01:13.383,087] [0m<dbg> zmk: zmk_hid_mouse_movement_set: Mouse movement set to 0/0[0m
[00:01:13.383,087] [0m<dbg> zmk: zmk_hid_mouse_scroll_set: Mouse scroll set to 0/0[0m
[00:01:13.383,117] [0m<dbg> zmk: zmk_hid_mouse_movement_set: Mouse movement set to 0/0[0m
[00:01:13.391,113] [0m<inf> exp02_logging: XY 73391 -592194 -5329395[0m
[00:01:13.391,235] [0m<dbg> zmk: zmk_hid_mouse_movement_set: Mouse movement set to 127/127[0m
[00:01:13.391,265] [0m<dbg> zmk: zmk_hid_mouse_scroll_set: Mouse scroll set to 0/0[0m
[00:01:13.391,265] [0m<dbg> zmk: zmk_hid_mouse_movement_set: Mouse movement set to 0/0[0m
[00:01:13.399,047] [0m<inf> exp02_logging: XY 73399 -8355840 -8355840[0m
[00:01:13.399,169] [0m<dbg> zmk: zmk_hid_mouse_movement_set: Mouse movement set to 0/0[0m
[00:01:13.399,169] [0m<dbg> zmk: zmk_hid_mouse_scroll_set: Mouse scroll set to 0/0[0m
[00:01:13.399,200] [0m<dbg> zmk: zmk_hid_mouse_movement_set: Mouse movement set to 0/0[0m
[00:01:13.407,073] [0m<inf> exp02_logging: XY 73407 -8026833 -789571[0m
[00:01:13.407,196] [0m<dbg> zmk: zmk_hid_mouse_movement_set: Mouse movement set to 63/127[0m
[00:01:13.407,226] [0m<dbg> zmk: zmk_hid_mouse_scroll_set: Mouse scroll set to 0/0[0m
[00:01:13.407,257] [0m<dbg> zmk: zmk_hid_mouse_movement_set: Mouse movement set to 0/0[0m
[00:01:13.415,191] [0m<inf> exp02_logging: XY 73415 -6776799 -8355840[0m
[00:01:13.415,313] [0m<dbg> zmk: zmk_hid_mouse_movement_set: Mouse movement set to 127/0[0m
[00:01:13.415,313] [0m<dbg> zmk: zmk_hid_mouse_scroll_set: Mouse scroll set to 0/0[0m
[00:01:13.415,344] [0m<dbg> zmk: zmk_hid_mouse_movement_set: Mouse movement set to 0/0[0m
[00:01:13.423,126] [0m<inf> exp02_logging: XY 73423 -8355840 -8355840[0m
[00:01:13.423,217] [0m<dbg> zmk: zmk_hid_mouse_movement_set: Mouse movement set to 0/0[0m
[00:01:13.423,217] [0m<dbg> zmk: zmk_hid_mouse_scroll_set: Mouse scroll set to 0/0[0m
[00:01:13.423,248] [0m<dbg> zmk: zmk_hid_mouse_movement_set: Mouse movement set to 0/0[0m
[00:01:13.431,152] [0m<inf> exp02_logging: XY 73431 -592149 -5526641[0m
[00:01:13.431,304] [0m<dbg> zmk: zmk_hid_mouse_movement_set: Mouse movement set to 127/127[0m
[00:01:13.431,304] [0m<dbg> zmk: zmk_hid_mouse_scroll_set: Mouse scroll set to 0/0[0m
[00:01:13.431,335] [0m<dbg> zmk: zmk_hid_mouse_movement_set: Mouse movement set to 0/0[0m
[00:01:13.439,270] [0m<inf> exp02_logging: XY 73439 -8355840 -8355840[0m
[00:01:13.439,361] [0m<dbg> zmk: zmk_hid_mouse_movement_set: Mouse movement set to 0/0[0m
[00:01:13.439,392] [0m<dbg> zmk: zmk_hid_mouse_scroll_set: Mouse scroll set to 0/0[0m
[00:01:13.439,422] [0m<dbg> zmk: zmk_hid_mouse_movement_set: Mouse movement set to 0/0[0m
[00:01:13.447,235] [0m<inf> exp02_logging: XY 73447 -7566092 -723719[0m
[00:01:13.447,357] [0m<dbg> zmk: zmk_hid_mouse_movement_set: Mouse movement set to 127/127[0m
[00:01:13.447,357] [0m<dbg> zmk: zmk_hid_mouse_scroll_set: Mouse scroll set to 0/0[0m
[00:01:13.447,387] [0m<dbg> zmk: zmk_hid_mouse_movement_set: Mouse movement set to 0/0[0m
[00:01:13.455,230] [0m<inf> exp02_logging: XY 73455 -7171418 -8355840[0m
[00:01:13.455,322] [0m<dbg> zmk: zmk_hid_mouse_movement_set: Mouse movement set to 0/0[0m
[00:01:13.455,352] [0m<dbg> zmk: zmk_hid_mouse_scroll_set: Mouse scroll set to 0/0[0m
[00:01:13.455,352] [0m<dbg> zmk: zmk_hid_mouse_movement_set: Mouse movement set to 0/0[0m
[00:01:13.463,348] [0m<inf> exp02_logging: XY 73463 -8355840 -8355840[0m
[00:01:13.463,409] [0m<dbg> zmk: zmk_hid_mouse_movement_set: Mouse movement set to 0/0[0m
[00:01:13.463,439] [0m<dbg> zmk: zmk_hid_mouse_scroll_set: Mouse scroll set to 0/0[0m
[00:01:13.463,439] [0m<dbg> zmk: zmk_hid_mouse_movement_set: Mouse movement set to 0/0[0m
[00:01:13.471,282] [0m<inf> exp02_logging: XY 73471 -526398 -5987263[0m
[00:01:13.471,405] [0m<dbg> zmk: zmk_hid_mouse_movement_set: Mouse movement set to 127/127[0m
[00:01:13.471,435] [0m<dbg> zmk: zmk_hid_mouse_scroll_set: Mouse scroll set to 0/0[0m
[00:01:13.471,466] [0m<dbg> zmk: zmk_hid_mouse_movement_set: Mouse movement set to 0/0[0m
[00:01:13.479,309] [0m<inf> exp02_logging: XY 73479 -8355840 -8355840[0m
[00:01:13.479,431] [0m<dbg> zmk: zmk_hid_mouse_movement_set: Mouse movement set to 0/0[0m
[00:01:13.479,461] [0m<dbg> zmk: zmk_hid_mouse_scroll_set: Mouse scroll set to 0/0[0m
[00:01:13.479,461] [0m<dbg> zmk: zmk_hid_mouse_movement_set: Mouse movement set to 0/0[0m
[00:01:13.487,426] [0m<inf> exp02_logging: XY 73487 -6908341 -658018[0m
[00:01:13.487,548] [0m<dbg> zmk: zmk_hid_mouse_movement_set: Mouse movement set to 127/127[0m
[00:01:13.487,579] [0m<dbg> zmk: zmk_hid_mouse_scroll_set: Mouse scroll set to 0/0[0m
[00:01:13.487,579] [0m<dbg> zmk: zmk_hid_mouse_movement_set: Mouse movement set to 0/0[0m
[00:01:13.495,361] [0m<inf> exp02_logging: XY 73495 -8224119 -8355840[0m
[00:01:13.495,483] [0m<dbg> zmk: zmk_hid_mouse_movement_set: Mouse movement set to 25/0[0m
[00:01:13.495,513] [0m<dbg> zmk: zmk_hid_mouse_scroll_set: Mouse scroll set to 0/0[0m
[00:01:13.495,513] [0m<dbg> zmk: zmk_hid_mouse_movement_set: Mouse movement set to 0/0[0m
[00:01:13.503,387] [0m<inf> exp02_logging: XY 73503 -8355840 -8355840[0m
[00:01:13.503,479] [0m<dbg> zmk: zmk_hid_mouse_movement_set: Mouse movement set to 0/0[0m
[00:01:13.503,479] [0m<dbg> zmk: zmk_hid_mouse_scroll_set: Mouse scroll set to 0/0[0m
[00:01:13.503,509] [0m<dbg> zmk: zmk_hid_mouse_movement_set: Mouse movement set to 0/0[0m
[00:01:13.511,505] [0m<inf> exp02_logging: XY 73511 -460662 -6513592[0m
[00:01:13.511,627] [0m<dbg> zmk: zmk_hid_mouse_movement_set: Mouse movement set to 127/127[0m
[00:01:13.511,627] [0m<dbg> zmk: zmk_hid_mouse_scroll_set: Mouse scroll set to 0/0[0m
[00:01:13.511,657] [0m<dbg> zmk: zmk_hid_mouse_movement_set: Mouse movement set to 0/0[0m
[00:01:13.519,439] [0m<inf> exp02_logging: XY 73519 -8355840 -8355840[0m
[00:01:13.519,561] [0m<dbg> zmk: zmk_hid_mouse_movement_set: Mouse movement set to 0/0[0m
[00:01:13.519,561] [0m<dbg> zmk: zmk_hid_mouse_scroll_set: Mouse scroll set to 0/0[0m
[00:01:13.519,592] [0m<dbg> zmk: zmk_hid_mouse_movement_set: Mouse movement set to 0/0[0m
[00:01:13.527,465] [0m<inf> exp02_logging: XY 73527 -6579346 -592350[0m
[00:01:13.527,618] [0m<dbg> zmk: zmk_hid_mouse_movement_set: Mouse movement set to 127/127[0m
[00:01:13.527,618] [0m<dbg> zmk: zmk_hid_mouse_scroll_set: Mouse scroll set to 0/0[0m
[00:01:13.527,648] [0m<dbg> zmk: zmk_hid_mouse_movement_set: Mouse movement set to 0/0[0m
[00:01:13.535,583] [0m<inf> exp02_logging: XY 73535 -8355701 -8355840[0m
[00:01:13.535,705] [0m<dbg> zmk: zmk_hid_mouse_movement_set: Mouse movement set to 0/0[0m
[00:01:13.535,705] [0m<dbg> zmk: zmk_hid_mouse_scroll_set: Mouse scroll set to 0/0[0m
[00:01:13.535,736] [0m<dbg> zmk: zmk_hid_mouse_movement_set: Mouse movement set to 0/0[0m
[00:01:13.543,548] [0m<inf> exp02_logging: XY 73543 -8355840 -8158444[0m
[00:01:13.543,640] [0m<dbg> zmk: zmk_hid_mouse_movement_set: Mouse movement set to 0/38[0m
[00:01:13.543,640] [0m<dbg> zmk: zmk_hid_mouse_scroll_set: Mouse scroll set to 0/0[0m
[00:01:13.543,670] [0m<dbg> zmk: zmk_hid_mouse_movement_set: Mouse movement set to 0/0[0m
[00:01:13.551,544] [0m<inf> exp02_logging: XY 73551 -460675 -6645132[0m
[00:01:13.551,666] [0m<dbg> zmk: zmk_hid_mouse_movement_set: Mouse movement set to 127/127[0m
[00:01:13.551,696] [0m<dbg> zmk: zmk_hid_mouse_scroll_set: Mouse scroll set to 0/0[0m
[00:01:13.551,727] [0m<dbg> zmk: zmk_hid_mouse_movement_set: Mouse movement set to 0/0[0m
[00:01:13.559,661] [0m<inf> exp02_logging: XY 73559 -8355840 -8355840[0m
[00:01:13.559,753] [0m<dbg> zmk: zmk_hid_mouse_movement_set: Mouse movement set to 0/0[0m
[00:01:13.559,783] [0m<dbg> zmk: zmk_hid_mouse_scroll_set: Mouse scroll set to 0/0[0m
[00:01:13.559,783] [0m<dbg> zmk: zmk_hid_mouse_movement_set: Mouse movement set to 0/0[0m
[00:01:13.567,626] [0m<inf> exp02_logging: XY 73567 -6052878 -592283[0m
[00:01:13.567,749] [0m<dbg> zmk: zmk_hid_mouse_movement_set: Mouse movement set to 127/127[0m
[00:01:13.567,779] [0m<dbg> zmk: zmk_hid_mouse_scroll_set: Mouse scroll set to 0/0[0m
[00:01:13.567,779] [0m<dbg> zmk: zmk_hid_mouse_movement_set: Mouse movement set to 0/0[0m
[00:01:13.575,622] [0m<inf> exp02_logging: XY 73575 -8355840 -8355840[0m
[00:01:13.575,744] [0m<dbg> zmk: zmk_hid_mouse_movement_set: Mouse movement set to 0/0[0m
[00:01:13.575,775] [0m<dbg> zmk: zmk_hid_mouse_scroll_set: Mouse scroll set to 0/0[0m
[00:01:13.575,775] [0m<dbg> zmk: zmk_hid_mouse_movement_set: Mouse movement set to 0/0[0m
[00:01:13.583,740] [0m<inf> exp02_logging: XY 73583 -8355840 -7697862[0m
[00:01:13.583,801] [0m<dbg> zmk: zmk_hid_mouse_movement_set: Mouse movement set to 0/127[0m
[00:01:13.583,831] [0m<dbg> zmk: zmk_hid_mouse_scroll_set: Mouse scroll set to 0/0[0m
[00:01:13.583,831] [0m<dbg> zmk: zmk_hid_mouse_movement_set: Mouse movement set to 0/0[0m
[00:01:13.591,674] [0m<inf> exp02_logging: XY 73591 -460755 -7171461[0m
[00:01:13.591,766] [0m<dbg> zmk: zmk_hid_mouse_movement_set: Mouse movement set to 127/0[0m
[00:01:13.591,796] [0m<dbg> zmk: zmk_hid_mouse_scroll_set: Mouse scroll set to 0/0[0m
[00:01:13.591,796] [0m<dbg> zmk: zmk_hid_mouse_movement_set: Mouse movement set to 0/0[0m
[00:01:13.599,700] [0m<inf> exp02_logging: XY 73599 -8355840 -8355840[0m
[00:01:13.599,822] [0m<dbg> zmk: zmk_hid_mouse_movement_set: Mouse movement set to 0/0[0m
[00:01:13.599,822] [0m<dbg> zmk: zmk_hid_mouse_scroll_set: Mouse scroll set to 0/0[0m
[00:01:13.599,853] [0m<dbg> zmk: zmk_hid_mouse_movement_set: Mouse movement set to 0/0[0m
[00:01:13.607,818] [0m<inf> exp02_logging: XY 73607 -5526719 -592234[0m
[00:01:13.607,940] [0m<dbg> zmk: zmk_hid_mouse_movement_set: Mouse movement set to 127/127[0m
[00:01:13.607,971] [0m<dbg> zmk: zmk_hid_mouse_scroll_set: Mouse scroll set to 0/0[0m
[00:01:13.607,971] [0m<dbg> zmk: zmk_hid_mouse_movement_set: Mouse movement set to 0/0[0m
[00:01:13.615,753] [0m<inf> exp02_logging: XY 73615 -8355840 -8355840[0m
[00:01:13.615,875] [0m<dbg> zmk: zmk_hid_mouse_movement_set: Mouse movement set to 0/0[0m
[00:01:13.615,875] [0m<dbg> zmk: zmk_hid_mouse_scroll_set: Mouse scroll set to 0/0[0m
[00:01:13.615,905] [0m<dbg> zmk: zmk_hid_mouse_movement_set: Mouse movement set to 0/0[0m
[00:01:13.623,779] [0m<inf> exp02_logging: XY 73623 -8355840 -7566199[0m
[00:01:13.623,870] [0m<dbg> zmk: zmk_hid_mouse_movement_set: Mouse movement set to 0/127[0m
[00:01:13.623,901] [0m<dbg> zmk: zmk_hid_mouse_scroll_set: Mouse scroll set to 0/0[0m
[00:01:13.623,901] [0m<dbg> zmk: zmk_hid_mouse_movement_set: Mouse movement set to 0/0[0m
[00:01:13.631,896] [0m<inf> exp02_logging: XY 73631 -394988 -8224119[0m
[00:01:13.632,019] [0m<dbg> zmk: zmk_hid_mouse_movement_set: Mouse movement set to 127/25[0m
[00:01:13.632,019] [0m<dbg> zmk: zmk_hid_mouse_scroll_set: Mouse scroll set to 0/0[0m
[00:01:13.632,049] [0m<dbg> zmk: zmk_hid_mouse_movement_set: Mouse movement set to 0/0[0m
[00:01:13.639,831] [0m<inf> exp02_logging: XY 73639 -8355840 -8355840[0m
[00:01:13.639,953] [0m<dbg> zmk: zmk_hid_mouse_movement_set: Mouse movement set to 0/0[0m
[00:01:13.639,953] [0m<dbg> zmk: zmk_hid_mouse_scroll_set: Mouse scroll set to 0/0[0m
[00:01:13.639,984] [0m<dbg> zmk: zmk_hid_mouse_movement_set: Mouse movement set to 0/0[0m
[00:01:13.647,857] [0m<inf> exp02_logging: XY 73647 -5394971 -592321[0m
[00:01:13.648,010] [0m<dbg> zmk: zmk_hid_mouse_movement_set: Mouse movement set to 127/127[0m
[00:01:13.648,010] [0m<dbg> zmk: zmk_hid_mouse_scroll_set: Mouse scroll set to 0/0[0m
[00:01:13.648,040] [0m<dbg> zmk: zmk_hid_mouse_movement_set: Mouse movement set to 0/0[0m
[00:01:13.655,975] [0m<inf> exp02_logging: XY 73655 -8355840 -8355840[0m
[00:01:13.656,066] [0m<dbg> zmk: zmk_hid_mouse_movement_set: Mouse movement set to 0/0[0m
[00:01:13.656,097] [0m<dbg> zmk: zmk_hid_mouse_scroll_set: Mouse scroll set to 0/0[0m
[00:01:13.656,097] [0m<dbg> zmk: zmk_hid_mouse_movement_set: Mouse movement set to 0/0[0m
[00:01:13.663,909] [0m<inf> exp02_logging: XY 73663 -8355840 -7303026[0m
[00:01:13.664,001] [0m<dbg> zmk: zmk_hid_mouse_movement_set: Mouse movement set to 0/127[0m
[00:01:13.664,001] [0m<dbg> zmk: zmk_hid_mouse_scroll_set: Mouse scroll set to 0/0[0m
[00:01:13.664,031] [0m<dbg> zmk: zmk_hid_mouse_movement_set: Mouse movement set to 0/0[0m
[00:01:13.671,936] [0m<inf> exp02_logging: XY 73671 -460650 -8290037[0m
[00:01:13.672,058] [0m<dbg> zmk: zmk_hid_mouse_movement_set: Mouse movement set to 127/12[0m
[00:01:13.672,088] [0m<dbg> zmk: zmk_hid_mouse_scroll_set: Mouse scroll set to 0/0[0m
[00:01:13.672,119] [0m<dbg> zmk: zmk_hid_mouse_movement_set: Mouse movement set to 0/0[0m
[00:01:13.680,053] [0m<inf> exp02_logging: XY 73680 -8355840 -8355840[0m
[00:01:13.680,145] [0m<dbg> zmk: zmk_hid_mouse_movement_set: Mouse movement set to 0/0[0m
[00:01:13.680,175] [0m<dbg> zmk: zmk_hid_mouse_scroll_set: Mouse scroll set to 0/0[0m
[00:01:13.680,206] [0m<dbg> zmk: zmk_hid_mouse_movement_set: Mouse movement set to 0/0[0m
[00:01:13.687,988] [0m<inf> exp02_logging: XY 73687 -5131889 -658052[0m
[00:01:13.688,110] [0m<dbg> zmk: zmk_hid_mouse_movement_set: Mouse movement set to 127/127[0m
[00:01:13.688,140] [0m<dbg> zmk: zmk_hid_mouse_scroll_set: Mouse scroll set to 0/0[0m
[00:01:13.688,140] [0m<dbg> zmk: zmk_hid_mouse_movement_set: Mouse movement set to 0/0[0m
[00:01:13.696,014] [0m<inf> exp02_logging: XY 73696 -8355840 -8355840[0m
[00:01:13.696,136] [0m<dbg> zmk: zmk_hid_mouse_movement_set: Mouse movement set to 0/0[0m
[00:01:13.696,166] [0m<dbg> zmk: zmk_hid_mouse_scroll_set: Mouse scroll set to 0/0[0m
[00:01:13.696,166] [0m<dbg> zmk: zmk_hid_mouse_movement_set: Mouse movement set to 0/0[0m
[00:01:13.704,132] [0m<inf> exp02_logging: XY 73704 -8355840 -6974058[0m
[00:01:13.704,193] [0m<dbg> zmk: zmk_hid_mouse_movement_set: Mouse movement set to 0/127[0m
[00:01:13.704,223] [0m<dbg> zmk: zmk_hid_mouse_scroll_set: Mouse scroll set to 0/0[0m
[00:01:13.704,223] [0m<dbg> zmk: zmk_hid_mouse_movement_set: Mouse movement set to 0/0[0m
[00:01:13.712,066] [0m<inf> exp02_logging: XY 73712 -460755 -8355840[0m
[00:01:13.712,188] [0m<dbg> zmk: zmk_hid_mouse_movement_set: Mouse movement set to 127/0[0m
[00:01:13.712,188] [0m<dbg> zmk: zmk_hid_mouse_scroll_set: Mouse scroll set to 0/0[0m
[00:01:13.712,219] [0m<dbg> zmk: zmk_hid_mouse_movement_set: Mouse movement set to 0/0[0m
[00:01:13.720,092] [0m<inf> exp02_logging: XY 73720 -8355840 -8355840[0m
[00:01:13.720,184] [0m<dbg> zmk: zmk_hid_mouse_movement_set: Mouse movement set to 0/0[0m
[00:01:13.720,184] [0m<dbg> zmk: zmk_hid_mouse_scroll_set: Mouse scroll set to 0/0[0m
[00:01:13.720,214] [0m<dbg> zmk: zmk_hid_mouse_movement_set: Mouse movement set to 0/0[0m
[00:01:13.728,210] [0m<inf> exp02_logging: XY 73728 -4802945 -658056[0m
[00:01:13.728,332] [0m<dbg> zmk: zmk_hid_mouse_movement_set: Mouse movement set to 127/127[0m
[00:01:13.728,332] [0m<dbg> zmk: zmk_hid_mouse_scroll_set: Mouse scroll set to 0/0[0m
[00:01:13.728,363] [0m<dbg> zmk: zmk_hid_mouse_movement_set: Mouse movement set to 0/0[0m
[00:01:13.736,145] [0m<inf> exp02_logging: XY 73736 -8355840 -8355840[0m
[00:01:13.736,267] [0m<dbg> zmk: zmk_hid_mouse_movement_set: Mouse movement set to 0/0[0m
[00:01:13.736,267] [0m<dbg> zmk: zmk_hid_mouse_scroll_set: Mouse scroll set to 0/0[0m
[00:01:13.736,297] [0m<dbg> zmk: zmk_hid_mouse_movement_set: Mouse movement set to 0/0[0m
[00:01:13.744,171] [0m<inf> exp02_logging: XY 73744 -8355840 -6974162[0m
[00:01:13.744,262] [0m<dbg> zmk: zmk_hid_mouse_movement_set: Mouse movement set to 0/127[0m
[00:01:13.744,293] [0m<dbg> zmk: zmk_hid_mouse_scroll_set: Mouse scroll set to 0/0[0m
[00:01:13.744,293] [0m<dbg> zmk: zmk_hid_mouse_movement_set: Mouse movement set to 0/0[0m
[00:01:13.752,288] [0m<inf> exp02_logging: XY 73752 -526377 -8355840[0m
[00:01:13.752,410] [0m<dbg> zmk: zmk_hid_mouse_movement_set: Mouse movement set to 127/0[0m
[00:01:13.752,410] [0m<dbg> zmk: zmk_hid_mouse_scroll_set: Mouse scroll set to 0/0[0m
[00:01:13.752,441] [0m<dbg> zmk: zmk_hid_mouse_movement_set: Mouse movement set to 0/0[0m
[00:01:13.760,223] [0m<inf> exp02_logging: XY 73760 -8355840 -8355840[0m
[00:01:13.760,314] [0m<dbg> zmk: zmk_hid_mouse_movement_set: Mouse movement set to 0/0[0m
[00:01:13.760,314] [0m<dbg> zmk: zmk_hid_mouse_scroll_set: Mouse scroll set to 0/0[0m
[00:01:13.760,345] [0m<dbg> zmk: zmk_hid_mouse_movement_set: Mouse movement set to 0/0[0m
[00:01:13.768,249] [0m<inf> exp02_logging: XY 73768 -4671486 -723922[0m
[00:01:13.768,402] [0m<dbg> zmk: zmk_hid_mouse_movement_set: Mouse movement set to 127/127[0m
[00:01:13.768,402] [0m<dbg> zmk: zmk_hid_mouse_scroll_set: Mouse scroll set to 0/0[0m
[00:01:13.768,432] [0m<dbg> zmk: zmk_hid_mouse_movement_set: Mouse movement set to 0/0[0m
[00:01:13.776,367] [0m<inf> exp02_logging: XY 73776 -8355840 -8355840[0m
[00:01:13.776,458] [0m<dbg> zmk: zmk_hid_mouse_movement_set: Mouse movement set to 0/0[0m
[00:01:13.776,489] [0m<dbg> zmk: zmk_hid_mouse_scroll_set: Mouse scroll set to 0/0[0m
[00:01:13.776,489] [0m<dbg> zmk: zmk_hid_mouse_movement_set: Mouse movement set to 0/0[0m
[00:01:13.784,301] [0m<inf> exp02_logging: XY 73784 -8355840 -6710973[0m
[00:01:13.784,393] [0m<dbg> zmk: zmk_hid_mouse_movement_set: Mouse movement set to 0/127[0m
[00:01:13.784,393] [0m<dbg> zmk: zmk_hid_mouse_scroll_set: Mouse scroll set to 0/0[0m
[00:01:13.784,423] [0m<dbg> zmk: zmk_hid_mouse_movement_set: Mouse movement set to 0/0[0m
[00:01:13.792,327] [0m<inf> exp02_logging: XY 73792 -592335 -8355840[0m
[00:01:13.792,449] [0m<dbg> zmk: zmk_hid_mouse_movement_set: Mouse movement set to 127/0[0m
[00:01:13.792,480] [0m<dbg> zmk: zmk_hid_mouse_scroll_set: Mouse scroll set to 0/0[0m
[00:01:13.792,480] [0m<dbg> zmk: zmk_hid_mouse_movement_set: Mouse movement set to 0/0[0m
[00:01:13.800,445] [0m<inf> exp02_logging: XY 73800 -8355840 -8355840[0m
[00:01:13.800,506] [0m<dbg> zmk: zmk_hid_mouse_movement_set: Mouse movement set to 0/0[0m
[00:01:13.800,537] [0m<dbg> zmk: zmk_hid_mouse_scroll_set: Mouse scroll set to 0/0[0m
[00:01:13.800,537] [0m<dbg> zmk: zmk_hid_mouse_movement_set: Mouse movement set to 0/0[0m
[00:01:13.808,380] [0m<inf> exp02_logging: XY 73808 -4473977 -723962[0m
[00:01:13.808,502] [0m<dbg> zmk: zmk_hid_mouse_movement_set: Mouse movement set to 127/127[0m
[00:01:13.808,532] [0m<dbg> zmk: zmk_hid_mouse_scroll_set: Mouse scroll set to 0/0[0m
[00:01:13.808,532] [0m<dbg> zmk: zmk_hid_mouse_movement_set: Mouse movement set to 0/0[0m
[00:01:13.816,406] [0m<inf> exp02_logging: XY 73816 -8355840 -8355840[0m
[00:01:13.816,528] [0m<dbg> zmk: zmk_hid_mouse_movement_set: Mouse movement set to 0/0[0m
[00:01:13.816,528] [0m<dbg> zmk: zmk_hid_mouse_scroll_set: Mouse scroll set to 0/0[0m
[00:01:13.816,558] [0m<dbg> zmk: zmk_hid_mouse_movement_set: Mouse movement set to 0/0[0m
[00:01:13.824,523] [0m<inf> exp02_logging: XY 73824 -8355840 -6316194[0m
[00:01:13.824,584] [0m<dbg> zmk: zmk_hid_mouse_movement_set: Mouse movement set to 0/127[0m
[00:01:13.824,615] [0m<dbg> zmk: zmk_hid_mouse_scroll_set: Mouse scroll set to 0/0[0m
[00:01:13.824,615] [0m<dbg> zmk: zmk_hid_mouse_movement_set: Mouse movement set to 0/0[0m
[00:01:13.832,458] [0m<inf> exp02_logging: XY 73832 -1184470 -8355840[0m
[00:01:13.832,580] [0m<dbg> zmk: zmk_hid_mouse_movement_set: Mouse movement set to 127/0[0m
[00:01:13.832,611] [0m<dbg> zmk: zmk_hid_mouse_scroll_set: Mouse scroll set to 0/0[0m
[00:01:13.832,611] [0m<dbg> zmk: zmk_hid_mouse_movement_set: Mouse movement set to 0/0[0m
[00:01:13.840,484] [0m<inf> exp02_logging: XY 73840 -8355840 -8355840[0m
[00:01:13.840,576] [0m<dbg> zmk: zmk_hid_mouse_movement_set: Mouse movement set to 0/0[0m
[00:01:13.840,576] [0m<dbg> zmk: zmk_hid_mouse_scroll_set: Mouse scroll set to 0/0[0m
[00:01:13.840,606] [0m<dbg> zmk: zmk_hid_mouse_movement_set: Mouse movement set to 0/0[0m
[00:01:13.848,602] [0m<inf> exp02_logging: XY 73848 -4079286 -789513[0m
[00:01:13.848,724] [0m<dbg> zmk: zmk_hid_mouse_movement_set: Mouse movement set to 127/127[0m
[00:01:13.848,724] [0m<dbg> zmk: zmk_hid_mouse_scroll_set: Mouse scroll set to 0/0[0m
[00:01:13.848,754] [0m<dbg> zmk: zmk_hid_mouse_movement_set: Mouse movement set to 0/0[0m
[00:01:13.856,567] [0m<inf> exp02_logging: XY 73856 -8355840 -8355840[0m
[00:01:13.856,689] [0m<dbg> zmk: zmk_hid_mouse_movement_set: Mouse movement set to 0/0[0m
[00:01:13.856,689] [0m<dbg> zmk: zmk_hid_mouse_scroll_set: Mouse scroll set to 0/0[0m
[00:01:13.856,719] [0m<dbg> zmk: zmk_hid_mouse_movement_set: Mouse movement set to 0/0[0m
[00:01:13.864,562] [0m<inf> exp02_logging: XY 73864 -8355840 -6316088[0m
[00:01:13.864,654] [0m<dbg> zmk: zmk_hid_mouse_movement_set: Mouse movement set to 0/127[0m
[00:01:13.864,685] [0m<dbg> zmk: zmk_hid_mouse_scroll_set: Mouse scroll set to 0/0[0m
[00:01:13.864,685] [0m<dbg> zmk: zmk_hid_mouse_movement_set: Mouse movement set to 0/0[0m
[00:01:13.872,680] [0m<inf> exp02_logging: XY 73872 -1710629 -8355840[0m
[00:01:13.872,802] [0m<dbg> zmk: zmk_hid_mouse_movement_set: Mouse movement set to 127/0[0m
[00:01:13.872,802] [0m<dbg> zmk: zmk_hid_mouse_scroll_set: Mouse scroll set to 0/0[0m
[00:01:13.872,833] [0m<dbg> zmk: zmk_hid_mouse_movement_set: Mouse movement set to 0/0[0m
[00:01:13.880,615] [0m<inf> exp02_logging: XY 73880 -8355840 -8355840[0m
[00:01:13.880,676] [0m<dbg> zmk: zmk_hid_mouse_movement_set: Mouse movement set to 0/0[0m
[00:01:13.880,706] [0m<dbg> zmk: zmk_hid_mouse_scroll_set: Mouse scroll set to 0/0[0m
[00:01:13.880,737] [0m<dbg> zmk: zmk_hid_mouse_movement_set: Mouse movement set to 0/0[0m
[00:01:13.888,641] [0m<inf> exp02_logging: XY 73888 -4079253 -855304[0m
[00:01:13.888,763] [0m<dbg> zmk: zmk_hid_mouse_movement_set: Mouse movement set to 127/127[0m
[00:01:13.888,793] [0m<dbg> zmk: zmk_hid_mouse_scroll_set: Mouse scroll set to 0/0[0m
[00:01:13.888,824] [0m<dbg> zmk: zmk_hid_mouse_movement_set: Mouse movement set to 0/0[0m
[00:01:13.896,759] [0m<inf> exp02_logging: XY 73896 -8355840 -8355840[0m
[00:01:13.896,850] [0m<dbg> zmk: zmk_hid_mouse_movement_set: Mouse movement set to 0/0[0m
[00:01:13.896,881] [0m<dbg> zmk: zmk_hid_mouse_scroll_set: Mouse scroll set to 0/0[0m
[00:01:13.896,911] [0m<dbg> zmk: zmk_hid_mouse_movement_set: Mouse movement set to 0/0[0m
[00:01:13.904,693] [0m<inf> exp02_logging: XY 73904 -8355840 -6645082[0m
[00:01:13.904,785] [0m<dbg> zmk: zmk_hid_mouse_movement_set: Mouse movement set to 0/127[0m
[00:01:13.904,785] [0m<dbg> zmk: zmk_hid_mouse_scroll_set: Mouse scroll set to 0/0[0m
[00:01:13.904,815] [0m<dbg> zmk: zmk_hid_mouse_movement_set: Mouse movement set to 0/0[0m
[00:01:13.912,719] [0m<inf> exp02_logging: XY 73912 -2105418 -8355840[0m
[00:01:13.912,841] [0m<dbg> zmk: zmk_hid_mouse_movement_set: Mouse movement set to 127/0[0m
[00:01:13.912,872] [0m<dbg> zmk: zmk_hid_mouse_scroll_set: Mouse scroll set to 0/0[0m
[00:01:13.912,872] [0m<dbg> zmk: zmk_hid_mouse_movement_set: Mouse movement set to 0/0[0m
[00:01:13.920,837] [0m<inf> exp02_logging: XY 73920 -8355840 -8355840[0m
[00:01:13.920,898] [0m<dbg> zmk: zmk_hid_mouse_movement_set: Mouse movement set to 0/0[0m
[00:01:13.920,928] [0m<dbg> zmk: zmk_hid_mouse_scroll_set: Mouse scroll set to 0/0[0m
[00:01:13.920,928] [0m<dbg> zmk: zmk_hid_mouse_movement_set: Mouse movement set to 0/0[0m
[00:01:13.928,771] [0m<inf> exp02_logging: XY 73928 -3750355 -1315910[0m
[00:01:13.928,894] [0m<dbg> zmk: zmk_hid_mouse_movement_set: Mouse movement set to 127/127[0m
[00:01:13.928,924] [0m<dbg> zmk: zmk_hid_mouse_scroll_set: Mouse scroll set to 0/0[0m
[00:01:13.928,924] [0m<dbg> zmk: zmk_hid_mouse_movement_set: Mouse movement set to 0/0[0m
[00:01:13.936,798] [0m<inf> exp02_logging: XY 73936 -8355840 -8355840[0m
[00:01:13.936,920] [0m<dbg> zmk: zmk_hid_mouse_movement_set: Mouse movement set to 0/0[0m
[00:01:13.936,950] [0m<dbg> zmk: zmk_hid_mouse_scroll_set: Mouse scroll set to 0/0[0m
[00:01:13.936,950] [0m<dbg> zmk: zmk_hid_mouse_movement_set: Mouse movement set to 0/0[0m
[00:01:13.944,915] [0m<inf> exp02_logging: XY 73944 -8355840 -6447702[0m
[00:01:13.944,976] [0m<dbg> zmk: zmk_hid_mouse_movement_set: Mouse movement set to 0/127[0m
[00:01:13.945,007] [0m<dbg> zmk: zmk_hid_mouse_scroll_set: Mouse scroll set to 0/0[0m
[00:01:13.945,007] [0m<dbg> zmk: zmk_hid_mouse_movement_set: Mouse movement set to 0/0[0m
[00:01:13.952,850] [0m<inf> exp02_logging: XY 73952 -3026493 -8355840[0m
[00:01:13.952,972] [0m<dbg> zmk: zmk_hid_mouse_movement_set: Mouse movement set to 127/0[0m
[00:01:13.953,002] [0m<dbg> zmk: zmk_hid_mouse_scroll_set: Mouse scroll set to 0/0[0m
[00:01:13.953,002] [0m<dbg> zmk: zmk_hid_mouse_movement_set: Mouse movement set to 0/0[0m
[00:01:13.960,876] [0m<inf> exp02_logging: XY 73960 -8355840 -8355840[0m
[00:01:13.960,968] [0m<dbg> zmk: zmk_hid_mouse_movement_set: Mouse movement set to 0/0[0m
[00:01:13.960,968] [0m<dbg> zmk: zmk_hid_mouse_scroll_set: Mouse scroll set to 0/0[0m
[00:01:13.960,998] [0m<dbg> zmk: zmk_hid_mouse_movement_set: Mouse movement set to 0/0[0m
[00:01:13.968,994] [0m<inf> exp02_logging: XY 73968 -3421435 -2039754[0m
[00:01:13.969,116] [0m<dbg> zmk: zmk_hid_mouse_movement_set: Mouse movement set to 127/127[0m
[00:01:13.969,146] [0m<dbg> zmk: zmk_hid_mouse_scroll_set: Mouse scroll set to 0/0[0m
[00:01:13.969,146] [0m<dbg> zmk: zmk_hid_mouse_movement_set: Mouse movement set to 0/0[0m
[00:01:13.976,928] [0m<inf> exp02_logging: XY 73976 -8355840 -8355840[0m
[00:01:13.977,050] [0m<dbg> zmk: zmk_hid_mouse_movement_set: Mouse movement set to 0/0[0m
[00:01:13.977,050] [0m<dbg> zmk: zmk_hid_mouse_scroll_set: Mouse scroll set to 0/0[0m
[00:01:13.977,081] [0m<dbg> zmk: zmk_hid_mouse_movement_set: Mouse movement set to 0/0[0m
[00:01:13.984,954] [0m<inf> exp02_logging: XY 73984 -8355840 -6513544[0m
[00:01:13.985,046] [0m<dbg> zmk: zmk_hid_mouse_movement_set: Mouse movement set to 0/127[0m
[00:01:13.985,076] [0m<dbg> zmk: zmk_hid_mouse_scroll_set: Mouse scroll set to 0/0[0m
[00:01:13.985,076] [0m<dbg> zmk: zmk_hid_mouse_movement_set: Mouse movement set to 0/0[0m
[00:01:13.993,072] [0m<inf> exp02_logging: XY 73993 -3355619 -8355840[0m
[00:01:13.993,194] [0m<dbg> zmk: zmk_hid_mouse_movement_set: Mouse movement set to 127/0[0m
[00:01:13.993,194] [0m<dbg> zmk: zmk_hid_mouse_scroll_set: Mouse scroll set to 0/0[0m
[00:01:13.993,225] [0m<dbg> zmk: zmk_hid_mouse_movement_set: Mouse movement set to 0/0[0m
[00:01:14.001,007] [0m<inf> exp02_logging: XY 74001 -8355840 -8355840[0m
[00:01:14.001,098] [0m<dbg> zmk: zmk_hid_mouse_movement_set: Mouse movement set to 0/0[0m
[00:01:14.001,098] [0m<dbg> zmk: zmk_hid_mouse_scroll_set: Mouse scroll set to 0/0[0m
[00:01:14.001,129] [0m<dbg> zmk: zmk_hid_mouse_movement_set: Mouse movement set to 0/0[0m
[00:01:14.009,033] [0m<inf> exp02_logging: XY 74009 -3223952 -2368752[0m
[00:01:14.009,185] [0m<dbg> zmk: zmk_hid_mouse_movement_set: Mouse movement set to 127/127[0m
[00:01:14.009,185] [0m<dbg> zmk: zmk_hid_mouse_scroll_set: Mouse scroll set to 0/0[0m
[00:01:14.009,216] [0m<dbg> zmk: zmk_hid_mouse_movement_set: Mouse movement set to 0/0[0m
[00:01:14.017,150] [0m<inf> exp02_logging: XY 74017 -8355840 -8355840[0m
[00:01:14.017,242] [0m<dbg> zmk: zmk_hid_mouse_movement_set: Mouse movement set to 0/0[0m
[00:01:14.017,272] [0m<dbg> zmk: zmk_hid_mouse_scroll_set: Mouse scroll set to 0/0[0m
[00:01:14.017,272] [0m<dbg> zmk: zmk_hid_mouse_movement_set: Mouse movement set to 0/0[0m
[00:01:14.025,085] [0m<inf> exp02_logging: XY 74025 -8355840 -6382031[0m
[00:01:14.025,177] [0m<dbg> zmk: zmk_hid_mouse_movement_set: Mouse movement set to 0/127[0m
[00:01:14.025,177] [0m<dbg> zmk: zmk_hid_mouse_scroll_set: Mouse scroll set to 0/0[0m
[00:01:14.025,207] [0m<dbg> zmk: zmk_hid_mouse_movement_set: Mouse movement set to 0/0[0m
[00:01:14.033,111] [0m<inf> exp02_logging: XY 74033 -3750196 -8355840[0m
[00:01:14.033,233] [0m<dbg> zmk: zmk_hid_mouse_movement_set: Mouse movement set to 127/0[0m
[00:01:14.033,264] [0m<dbg> zmk: zmk_hid_mouse_scroll_set: Mouse scroll set to 0/0[0m
[00:01:14.033,264] [0m<dbg> zmk: zmk_hid_mouse_movement_set: Mouse movement set to 0/0[0m
[00:01:14.041,229] [0m<inf> exp02_logging: XY 74041 -8355840 -8355840[0m
[00:01:14.041,290] [0m<dbg> zmk: zmk_hid_mouse_movement_set: Mouse movement set to 0/0[0m
[00:01:14.041,320] [0m<dbg> zmk: zmk_hid_mouse_scroll_set: Mouse scroll set to 0/0[0m
[00:01:14.041,320] [0m<dbg> zmk: zmk_hid_mouse_movement_set: Mouse movement set to 0/0[0m
[00:01:14.049,163] [0m<inf> exp02_logging: XY 74049 -2829182 -2829290[0m
[00:01:14.049,285] [0m<dbg> zmk: zmk_hid_mouse_movement_set: Mouse movement set to 127/127[0m
[00:01:14.049,316] [0m<dbg> zmk: zmk_hid_mouse_scroll_set: Mouse scroll set to 0/0[0m
[00:01:14.049,346] [0m<dbg> zmk: zmk_hid_mouse_movement_set: Mouse movement set to 0/0[0m
[00:01:14.057,189] [0m<inf> exp02_logging: XY 74057 -8355840 -8355840[0m
[00:01:14.057,312] [0m<dbg> zmk: zmk_hid_mouse_movement_set: Mouse movement set to 0/0[0m
[00:01:14.057,342] [0m<dbg> zmk: zmk_hid_mouse_scroll_set: Mouse scroll set to 0/0[0m
[00:01:14.057,342] [0m<dbg> zmk: zmk_hid_mouse_movement_set: Mouse movement set to 0/0[0m
[00:01:14.065,307] [0m<inf> exp02_logging: XY 74065 -8355840 -6316250[0m
[00:01:14.065,368] [0m<dbg> zmk: zmk_hid_mouse_movement_set: Mouse movement set to 0/127[0m
[00:01:14.065,399] [0m<dbg> zmk: zmk_hid_mouse_scroll_set: Mouse scroll set to 0/0[0m
[00:01:14.065,429] [0m<dbg> zmk: zmk_hid_mouse_movement_set: Mouse movement set to 0/0[0m
[00:01:14.073,242] [0m<inf> exp02_logging: XY 74073 -4408234 -8355840[0m
[00:01:14.073,364] [0m<dbg> zmk: zmk_hid_mouse_movement_set: Mouse movement set to 127/0[0m
[00:01:14.073,394] [0m<dbg> zmk: zmk_hid_mouse_scroll_set: Mouse scroll set to 0/0[0m
[00:01:14.073,394] [0m<dbg> zmk: zmk_hid_mouse_movement_set: Mouse movement set to 0/0[0m
[00:01:14.081,268] [0m<inf> exp02_logging: XY 74081 -8355840 -8355840[0m
[00:01:14.081,359] [0m<dbg> zmk: zmk_hid_mouse_movement_set: Mouse movement set to 0/0[0m
[00:01:14.081,359] [0m<dbg> zmk: zmk_hid_mouse_scroll_set: Mouse scroll set to 0/0[0m
[00:01:14.081,390] [0m<dbg> zmk: zmk_hid_mouse_movement_set: Mouse movement set to 0/0[0m
[00:01:14.089,385] [0m<inf> exp02_logging: XY 74089 -2434436 -3487159[0m
[00:01:14.089,508] [0m<dbg> zmk: zmk_hid_mouse_movement_set: Mouse movement set to 127/127[0m
[00:01:14.089,508] [0m<dbg> zmk: zmk_hid_mouse_scroll_set: Mouse scroll set to 0/0[0m
[00:01:14.089,538] [0m<dbg> zmk: zmk_hid_mouse_movement_set: Mouse movement set to 0/0[0m
[00:01:14.097,320] [0m<inf> exp02_logging: XY 74097 -8355840 -8355840[0m
[00:01:14.097,442] [0m<dbg> zmk: zmk_hid_mouse_movement_set: Mouse movement set to 0/0[0m
[00:01:14.097,442] [0m<dbg> zmk: zmk_hid_mouse_scroll_set: Mouse scroll set to 0/0[0m
[00:01:14.097,473] [0m<dbg> zmk: zmk_hid_mouse_movement_set: Mouse movement set to 0/0[0m
[00:01:14.105,346] [0m<inf> exp02_logging: XY 74105 -8355840 -6645237[0m
[00:01:14.105,438] [0m<dbg> zmk: zmk_hid_mouse_movement_set: Mouse movement set to 0/127[0m
[00:01:14.105,468] [0m<dbg> zmk: zmk_hid_mouse_scroll_set: Mouse scroll set to 0/0[0m
[00:01:14.105,468] [0m<dbg> zmk: zmk_hid_mouse_movement_set: Mouse movement set to 0/0[0m
[00:01:14.113,464] [0m<inf> exp02_logging: XY 74113 -5000439 -8355840[0m
[00:01:14.113,586] [0m<dbg> zmk: zmk_hid_mouse_movement_set: Mouse movement set to 127/0[0m
[00:01:14.113,586] [0m<dbg> zmk: zmk_hid_mouse_scroll_set: Mouse scroll set to 0/0[0m
[00:01:14.113,616] [0m<dbg> zmk: zmk_hid_mouse_movement_set: Mouse movement set to 0/0[0m
[00:01:14.121,398] [0m<inf> exp02_logging: XY 74121 -8355840 -8355840[0m
[00:01:14.121,459] [0m<dbg> zmk: zmk_hid_mouse_movement_set: Mouse movement set to 0/0[0m
[00:01:14.121,490] [0m<dbg> zmk: zmk_hid_mouse_scroll_set: Mouse scroll set to 0/0[0m
[00:01:14.121,520] [0m<dbg> zmk: zmk_hid_mouse_movement_set: Mouse movement set to 0/0[0m
[00:01:14.129,425] [0m<inf> exp02_logging: XY 74129 -2105521 -3684574[0m
[00:01:14.129,547] [0m<dbg> zmk: zmk_hid_mouse_movement_set: Mouse movement set to 127/127[0m
[00:01:14.129,577] [0m<dbg> zmk: zmk_hid_mouse_scroll_set: Mouse scroll set to 0/0[0m
[00:01:14.129,608] [0m<dbg> zmk: zmk_hid_mouse_movement_set: Mouse movement set to 0/0[0m
[00:01:14.137,542] [0m<inf> exp02_logging: XY 74137 -8355840 -8355840[0m
[00:01:14.137,634] [0m<dbg> zmk: zmk_hid_mouse_movement_set: Mouse movement set to 0/0[0m
[00:01:14.137,664] [0m<dbg> zmk: zmk_hid_mouse_scroll_set: Mouse scroll set to 0/0[0m
[00:01:14.137,664] [0m<dbg> zmk: zmk_hid_mouse_movement_set: Mouse movement set to 0/0[0m
[00:01:14.145,477] [0m<inf> exp02_logging: XY 74145 -8355840 -6052973[0m
[00:01:14.145,568] [0m<dbg> zmk: zmk_hid_mouse_movement_set: Mouse movement set to 0/127[0m
[00:01:14.145,568] [0m<dbg> zmk: zmk_hid_mouse_scroll_set: Mouse scroll set to 0/0[0m
[00:01:14.145,599] [0m<dbg> zmk: zmk_hid_mouse_movement_set: Mouse movement set to 0/0[0m
[00:01:14.153,503] [0m<inf> exp02_logging: XY 74153 -5395186 -8355840[0m
[00:01:14.153,625] [0m<dbg> zmk: zmk_hid_mouse_movement_set: Mouse movement set to 127/0[0m
[00:01:14.153,656] [0m<dbg> zmk: zmk_hid_mouse_scroll_set: Mouse scroll set to 0/0[0m
[00:01:14.153,656] [0m<dbg> zmk: zmk_hid_mouse_movement_set: Mouse movement set to 0/0[0m
[00:01:14.161,621] [0m<inf> exp02_logging: XY 74161 -8355840 -8355840[0m
[00:01:14.161,682] [0m<dbg> zmk: zmk_hid_mouse_movement_set: Mouse movement set to 0/0[0m
[00:01:14.161,712] [0m<dbg> zmk: zmk_hid_mouse_scroll_set: Mouse scroll set to 0/0[0m
[00:01:14.161,712] [0m<dbg> zmk: zmk_hid_mouse_movement_set: Mouse movement set to 0/0[0m
[00:01:14.169,616] [0m<inf> exp02_logging: XY 74169 -1316051 -4276694[0m
[00:01:14.169,738] [0m<dbg> zmk: zmk_hid_mouse_movement_set: Mouse movement set to 127/127[0m
[00:01:14.169,769] [0m<dbg> zmk: zmk_hid_mouse_scroll_set: Mouse scroll set to 0/0[0m
[00:01:14.169,769] [0m<dbg> zmk: zmk_hid_mouse_movement_set: Mouse movement set to 0/0[0m
[00:01:14.177,581] [0m<inf> exp02_logging: XY 74177 -8355840 -8355840[0m
[00:01:14.177,703] [0m<dbg> zmk: zmk_hid_mouse_movement_set: Mouse movement set to 0/0[0m
[00:01:14.177,734] [0m<dbg> zmk: zmk_hid_mouse_scroll_set: Mouse scroll set to 0/0[0m
[00:01:14.177,734] [0m<dbg> zmk: zmk_hid_mouse_movement_set: Mouse movement set to 0/0[0m
[00:01:14.185,699] [0m<inf> exp02_logging: XY 74185 -8355840 -5131861[0m
[00:01:14.185,760] [0m<dbg> zmk: zmk_hid_mouse_movement_set: Mouse movement set to 0/127[0m
[00:01:14.185,791] [0m<dbg> zmk: zmk_hid_mouse_scroll_set: Mouse scroll set to 0/0[0m
[00:01:14.185,791] [0m<dbg> zmk: zmk_hid_mouse_movement_set: Mouse movement set to 0/0[0m
[00:01:14.193,664] [0m<inf> exp02_logging: XY 74193 -5658138 -8355840[0m
[00:01:14.193,786] [0m<dbg> zmk: zmk_hid_mouse_movement_set: Mouse movement set to 127/0[0m
[00:01:14.193,786] [0m<dbg> zmk: zmk_hid_mouse_scroll_set: Mouse scroll set to 0/0[0m
[00:01:14.193,817] [0m<dbg> zmk: zmk_hid_mouse_movement_set: Mouse movement set to 0/0[0m
[00:01:14.201,660] [0m<inf> exp02_logging: XY 74201 -8355840 -8355840[0m
[00:01:14.201,751] [0m<dbg> zmk: zmk_hid_mouse_movement_set: Mouse movement set to 0/0[0m
[00:01:14.201,751] [0m<dbg> zmk: zmk_hid_mouse_scroll_set: Mouse scroll set to 0/0[0m
[00:01:14.201,782] [0m<dbg> zmk: zmk_hid_mouse_movement_set: Mouse movement set to 0/0[0m
[00:01:14.209,777] [0m<inf> exp02_logging: XY 74209 -1118615 -4671441[0m
[00:01:14.209,899] [0m<dbg> zmk: zmk_hid_mouse_movement_set: Mouse movement set to 127/127[0m
[00:01:14.209,899] [0m<dbg> zmk: zmk_hid_mouse_scroll_set: Mouse scroll set to 0/0[0m
[00:01:14.209,930] [0m<dbg> zmk: zmk_hid_mouse_movement_set: Mouse movement set to 0/0[0m
[00:01:14.217,712] [0m<inf> exp02_logging: XY 74217 -8355840 -8355840[0m
[00:01:14.217,834] [0m<dbg> zmk: zmk_hid_mouse_movement_set: Mouse movement set to 0/0[0m
[00:01:14.217,834] [0m<dbg> zmk: zmk_hid_mouse_scroll_set: Mouse scroll set to 0/0[0m
[00:01:14.217,864] [0m<dbg> zmk: zmk_hid_mouse_movement_set: Mouse movement set to 0/0[0m
[00:01:14.225,738] [0m<inf> exp02_logging: XY 74225 -8355840 -4408171[0m
[00:01:14.225,830] [0m<dbg> zmk: zmk_hid_mouse_movement_set: Mouse movement set to 0/127[0m
[00:01:14.225,860] [0m<dbg> zmk: zmk_hid_mouse_scroll_set: Mouse scroll set to 0/0[0m
[00:01:14.225,860] [0m<dbg> zmk: zmk_hid_mouse_movement_set: Mouse movement set to 0/0[0m
[00:01:14.233,856] [0m<inf> exp02_logging: XY 74233 -6053055 -8355840[0m
[00:01:14.233,978] [0m<dbg> zmk: zmk_hid_mouse_movement_set: Mouse movement set to 127/0[0m
[00:01:14.233,978] [0m<dbg> zmk: zmk_hid_mouse_scroll_set: Mouse scroll set to 0/0[0m
[00:01:14.234,008] [0m<dbg> zmk: zmk_hid_mouse_movement_set: Mouse movement set to 0/0[0m
[00:01:14.241,790] [0m<inf> exp02_logging: XY 74241 -8355840 -8355840[0m
[00:01:14.241,851] [0m<dbg> zmk: zmk_hid_mouse_movement_set: Mouse movement set to 0/0[0m
[00:01:14.241,882] [0m<dbg> zmk: zmk_hid_mouse_scroll_set: Mouse scroll set to 0/0[0m
[00:01:14.241,912] [0m<dbg> zmk: zmk_hid_mouse_movement_set: Mouse movement set to 0/0[0m
[00:01:14.249,816] [0m<inf> exp02_logging: XY 74249 -855474 -4934606[0m
[00:01:14.249,938] [0m<dbg> zmk: zmk_hid_mouse_movement_set: Mouse movement set to 127/127[0m
[00:01:14.249,969] [0m<dbg> zmk: zmk_hid_mouse_scroll_set: Mouse scroll set to 0/0[0m
[00:01:14.249,969] [0m<dbg> zmk: zmk_hid_mouse_movement_set: Mouse movement set to 0/0[0m
[00:01:14.257,934] [0m<inf> exp02_logging: XY 74257 -8355840 -8355840[0m
[00:01:14.258,026] [0m<dbg> zmk: zmk_hid_mouse_movement_set: Mouse movement set to 0/0[0m
[00:01:14.258,056] [0m<dbg> zmk: zmk_hid_mouse_scroll_set: Mouse scroll set to 0/0[0m
[00:01:14.258,056] [0m<dbg> zmk: zmk_hid_mouse_movement_set: Mouse movement set to 0/0[0m
[00:01:14.265,869] [0m<inf> exp02_logging: XY 74265 -8355840 -1579157[0m
[00:01:14.265,960] [0m<dbg> zmk: zmk_hid_mouse_movement_set: Mouse movement set to 0/127[0m
[00:01:14.265,960] [0m<dbg> zmk: zmk_hid_mouse_scroll_set: Mouse scroll set to 0/0[0m
[00:01:14.265,991] [0m<dbg> zmk: zmk_hid_mouse_movement_set: Mouse movement set to 0/0[0m
[00:01:14.273,895] [0m<inf> exp02_logging: XY 74273 -6316134 -8355840[0m
[00:01:14.274,017] [0m<dbg> zmk: zmk_hid_mouse_movement_set: Mouse movement set to 127/0[0m
[00:01:14.274,047] [0m<dbg> zmk: zmk_hid_mouse_scroll_set: Mouse scroll set to 0/0[0m
[00:01:14.274,047] [0m<dbg> zmk: zmk_hid_mouse_movement_set: Mouse movement set to 0/0[0m
[00:01:14.282,012] [0m<inf> exp02_logging: XY 74281 -8355840 -8355840[0m
[00:01:14.282,073] [0m<dbg> zmk: zmk_hid_mouse_movement_set: Mouse movement set to 0/0[0m
[00:01:14.282,104] [0m<dbg> zmk: zmk_hid_mouse_scroll_set: Mouse scroll set to 0/0[0m
[00:01:14.282,104] [0m<dbg> zmk: zmk_hid_mouse_movement_set: Mouse movement set to 0/0[0m
[00:01:14.289,947] [0m<inf> exp02_logging: XY 74289 -855483 -5460977[0m
[00:01:14.290,069] [0m<dbg> zmk: zmk_hid_mouse_movement_set: Mouse movement set to 127/127[0m
[00:01:14.290,100] [0m<dbg> zmk: zmk_hid_mouse_scroll_set: Mouse scroll set to 0/0[0m
[00:01:14.290,100] [0m<dbg> zmk: zmk_hid_mouse_movement_set: Mouse movement set to 0/0[0m
[00:01:14.297,973] [0m<inf> exp02_logging: XY 74297 -8355840 -8355840[0m
[00:01:14.298,095] [0m<dbg> zmk: zmk_hid_mouse_movement_set: Mouse movement set to 0/0[0m
[00:01:14.298,095] [0m<dbg> zmk: zmk_hid_mouse_scroll_set: Mouse scroll set to 0/0[0m
[00:01:14.298,126] [0m<dbg> zmk: zmk_hid_mouse_movement_set: Mouse movement set to 0/0[0m
[00:01:14.306,091] [0m<inf> exp02_logging: XY 74306 -8355840 -921138[0m
[00:01:14.306,152] [0m<dbg> zmk: zmk_hid_mouse_movement_set: Mouse movement set to 0/127[0m
[00:01:14.306,182] [0m<dbg> zmk: zmk_hid_mouse_scroll_set: Mouse scroll set to 0/0[0m
[00:01:14.306,182] [0m<dbg> zmk: zmk_hid_mouse_movement_set: Mouse movement set to 0/0[0m
[00:01:14.314,025] [0m<inf> exp02_logging: XY 74314 -6710966 -8355840[0m
[00:01:14.314,147] [0m<dbg> zmk: zmk_hid_mouse_movement_set: Mouse movement set to 127/0[0m
[00:01:14.314,178] [0m<dbg> zmk: zmk_hid_mouse_scroll_set: Mouse scroll set to 0/0[0m
[00:01:14.314,178] [0m<dbg> zmk: zmk_hid_mouse_movement_set: Mouse movement set to 0/0[0m
[00:01:14.322,052] [0m<inf> exp02_logging: XY 74322 -8355840 -8355840[0m
[00:01:14.322,143] [0m<dbg> zmk: zmk_hid_mouse_movement_set: Mouse movement set to 0/0[0m
[00:01:14.322,143] [0m<dbg> zmk: zmk_hid_mouse_scroll_set: Mouse scroll set to 0/0[0m
[00:01:14.322,174] [0m<dbg> zmk: zmk_hid_mouse_movement_set: Mouse movement set to 0/0[0m
[00:01:14.330,169] [0m<inf> exp02_logging: XY 74330 -789755 -5658350[0m
[00:01:14.330,291] [0m<dbg> zmk: zmk_hid_mouse_movement_set: Mouse movement set to 127/127[0m
[00:01:14.330,291] [0m<dbg> zmk: zmk_hid_mouse_scroll_set: Mouse scroll set to 0/0[0m
[00:01:14.330,322] [0m<dbg> zmk: zmk_hid_mouse_movement_set: Mouse movement set to 0/0[0m
[00:01:14.338,104] [0m<inf> exp02_logging: XY 74338 -8355840 -8355840[0m
[00:01:14.338,226] [0m<dbg> zmk: zmk_hid_mouse_movement_set: Mouse movement set to 0/0[0m
[00:01:14.338,226] [0m<dbg> zmk: zmk_hid_mouse_scroll_set: Mouse scroll set to 0/0[0m
[00:01:14.338,256] [0m<dbg> zmk: zmk_hid_mouse_movement_set: Mouse movement set to 0/0[0m
[00:01:14.346,130] [0m<inf> exp02_logging: XY 74346 -8355840 -723860[0m
[00:01:14.346,221] [0m<dbg> zmk: zmk_hid_mouse_movement_set: Mouse movement set to 0/127[0m
[00:01:14.346,252] [0m<dbg> zmk: zmk_hid_mouse_scroll_set: Mouse scroll set to 0/0[0m
[00:01:14.346,252] [0m<dbg> zmk: zmk_hid_mouse_movement_set: Mouse movement set to 0/0[0m
[00:01:14.354,248] [0m<inf> exp02_logging: XY 74354 -7039921 -8355840[0m
[00:01:14.354,370] [0m<dbg> zmk: zmk_hid_mouse_movement_set: Mouse movement set to 127/0[0m
[00:01:14.354,370] [0m<dbg> zmk: zmk_hid_mouse_scroll_set: Mouse scroll set to 0/0[0m
[00:01:14.354,400] [0m<dbg> zmk: zmk_hid_mouse_movement_set: Mouse movement set to 0/0[0m
[00:01:14.362,182] [0m<inf> exp02_logging: XY 74362 -8355840 -8355840[0m
[00:01:14.362,274] [0m<dbg> zmk: zmk_hid_mouse_movement_set: Mouse movement set to 0/0[0m
[00:01:14.362,274] [0m<dbg> zmk: zmk_hid_mouse_scroll_set: Mouse scroll set to 0/0[0m
[00:01:14.362,304] [0m<dbg> zmk: zmk_hid_mouse_movement_set: Mouse movement set to 0/0[0m
[00:01:14.370,208] [0m<inf> exp02_logging: XY 74370 -723914 -5789848[0m
[00:01:14.370,361] [0m<dbg> zmk: zmk_hid_mouse_movement_set: Mouse movement set to 127/127[0m
[00:01:14.370,361] [0m<dbg> zmk: zmk_hid_mouse_scroll_set: Mouse scroll set to 0/0[0m
[00:01:14.370,391] [0m<dbg> zmk: zmk_hid_mouse_movement_set: Mouse movement set to 0/0[0m
[00:01:14.378,295] [0m<inf> exp02_logging: XY 74378 -8355840 -8355840[0m
[00:01:14.378,387] [0m<dbg> zmk: zmk_hid_mouse_movement_set: Mouse movement set to 0/0[0m
[00:01:14.378,417] [0m<dbg> zmk: zmk_hid_mouse_scroll_set: Mouse scroll set to 0/0[0m
[00:01:14.378,417] [0m<dbg> zmk: zmk_hid_mouse_movement_set: Mouse movement set to 0/0[0m
[00:01:14.386,260] [0m<inf> exp02_logging: XY 74386 -8355840 -592318[0m
[00:01:14.386,352] [0m<dbg> zmk: zmk_hid_mouse_movement_set: Mouse movement set to 0/127[0m
[00:01:14.386,383] [0m<dbg> zmk: zmk_hid_mouse_scroll_set: Mouse scroll set to 0/0[0m
[00:01:14.386,383] [0m<dbg> zmk: zmk_hid_mouse_movement_set: Mouse movement set to 0/0[0m
[00:01:14.394,287] [0m<inf> exp02_logging: XY 74394 -7302916 -8355840[0m
[00:01:14.394,409] [0m<dbg> zmk: zmk_hid_mouse_movement_set: Mouse movement set to 127/0[0m
[00:01:14.394,439] [0m<dbg> zmk: zmk_hid_mouse_scroll_set: Mouse scroll set to 0/0[0m
[00:01:14.394,439] [0m<dbg> zmk: zmk_hid_mouse_movement_set: Mouse movement set to 0/0[0m
[00:01:14.402,404] [0m<inf> exp02_logging: XY 74402 -8355840 -8355840[0m
[00:01:14.402,465] [0m<dbg> zmk: zmk_hid_mouse_movement_set: Mouse movement set to 0/0[0m
[00:01:14.402,496] [0m<dbg> zmk: zmk_hid_mouse_scroll_set: Mouse scroll set to 0/0[0m
[00:01:14.402,496] [0m<dbg> zmk: zmk_hid_mouse_movement_set: Mouse movement set to 0/0[0m
[00:01:14.410,339] [0m<inf> exp02_logging: XY 74410 -723795 -6053055[0m
[00:01:14.410,461] [0m<dbg> zmk: zmk_hid_mouse_movement_set: Mouse movement set to 127/127[0m
[00:01:14.410,491] [0m<dbg> zmk: zmk_hid_mouse_scroll_set: Mouse scroll set to 0/0[0m
[00:01:14.410,491] [0m<dbg> zmk: zmk_hid_mouse_movement_set: Mouse movement set to 0/0[0m
[00:01:14.418,365] [0m<inf> exp02_logging: XY 74418 -8355840 -8355840[0m
[00:01:14.418,487] [0m<dbg> zmk: zmk_hid_mouse_movement_set: Mouse movement set to 0/0[0m
[00:01:14.418,518] [0m<dbg> zmk: zmk_hid_mouse_scroll_set: Mouse scroll set to 0/0[0m
[00:01:14.418,518] [0m<dbg> zmk: zmk_hid_mouse_movement_set: Mouse movement set to 0/0[0m
[00:01:14.426,483] [0m<inf> exp02_logging: XY 74426 -8224148 -526589[0m
[00:01:14.426,605] [0m<dbg> zmk: zmk_hid_mouse_movement_set: Mouse movement set to 25/127[0m
[00:01:14.426,605] [0m<dbg> zmk: zmk_hid_mouse_scroll_set: Mouse scroll set to 0/0[0m
[00:01:14.426,635] [0m<dbg> zmk: zmk_hid_mouse_movement_set: Mouse movement set to 0/0[0m
[00:01:14.434,417] [0m<inf> exp02_logging: XY 74434 -8289952 -8355840[0m
[00:01:14.434,539] [0m<dbg> zmk: zmk_hid_mouse_movement_set: Mouse movement set to 12/0[0m
[00:01:14.434,570] [0m<dbg> zmk: zmk_hid_mouse_scroll_set: Mouse scroll set to 0/0[0m
[00:01:14.434,570] [0m<dbg> zmk: zmk_hid_mouse_movement_set: Mouse movement set to 0/0[0m
[00:01:14.442,443] [0m<inf> exp02_logging: XY 74442 -8355840 -8355840[0m
[00:01:14.442,535] [0m<dbg> zmk: zmk_hid_mouse_movement_set: Mouse movement set to 0/0[0m
[00:01:14.442,535] [0m<dbg> zmk: zmk_hid_mouse_scroll_set: Mouse scroll set to 0/0[0m
[00:01:14.442,565] [0m<dbg> zmk: zmk_hid_mouse_movement_set: Mouse movement set to 0/0[0m
[00:01:14.450,561] [0m<inf> exp02_logging: XY 74450 -723855 -6776629[0m
[00:01:14.450,683] [0m<dbg> zmk: zmk_hid_mouse_movement_set: Mouse movement set to 127/127[0m
[00:01:14.450,714] [0m<dbg> zmk: zmk_hid_mouse_scroll_set: Mouse scroll set to 0/0[0m
[00:01:14.450,714] [0m<dbg> zmk: zmk_hid_mouse_movement_set: Mouse movement set to 0/0[0m
[00:01:14.458,496] [0m<inf> exp02_logging: XY 74458 -8355840 -8355840[0m
[00:01:14.458,618] [0m<dbg> zmk: zmk_hid_mouse_movement_set: Mouse movement set to 0/0[0m
[00:01:14.458,618] [0m<dbg> zmk: zmk_hid_mouse_scroll_set: Mouse scroll set to 0/0[0m
[00:01:14.458,648] [0m<dbg> zmk: zmk_hid_mouse_movement_set: Mouse movement set to 0/0[0m
[00:01:14.466,522] [0m<inf> exp02_logging: XY 74466 -8026654 -658078[0m
[00:01:14.466,674] [0m<dbg> zmk: zmk_hid_mouse_movement_set: Mouse movement set to 63/127[0m
[00:01:14.466,674] [0m<dbg> zmk: zmk_hid_mouse_scroll_set: Mouse scroll set to 0/0[0m
[00:01:14.466,705] [0m<dbg> zmk: zmk_hid_mouse_movement_set: Mouse movement set to 0/0[0m
[00:01:14.474,639] [0m<inf> exp02_logging: XY 74474 -8355840 -8355840[0m
[00:01:14.474,731] [0m<dbg> zmk: zmk_hid_mouse_movement_set: Mouse movement set to 0/0[0m
[00:01:14.474,761] [0m<dbg> zmk: zmk_hid_mouse_scroll_set: Mouse scroll set to 0/0[0m
[00:01:14.474,761] [0m<dbg> zmk: zmk_hid_mouse_movement_set: Mouse movement set to 0/0[0m
[00:01:14.482,574] [0m<inf> exp02_logging: XY 74482 -8355840 -8355840[0m
[00:01:14.490,661] [0m<inf> exp02_logging: XY 74490 -723885 -7039879[0m
[00:01:14.490,783] [0m<dbg> zmk: zmk_hid_mouse_movement_set: Mouse movement set to 127/127[0m
[00:01:14.490,783] [0m<dbg> zmk: zmk_hid_mouse_scroll_set: Mouse scroll set to 0/0[0m
[00:01:14.490,814] [0m<dbg> zmk: zmk_hid_mouse_movement_set: Mouse movement set to 0/0[0m
[00:01:14.498,718] [0m<inf> exp02_logging: XY 74498 -8355840 -8355840[0m
[00:01:14.498,809] [0m<dbg> zmk: zmk_hid_mouse_movement_set: Mouse movement set to 0/0[0m
[00:01:14.498,840] [0m<dbg> zmk: zmk_hid_mouse_scroll_set: Mouse scroll set to 0/0[0m
[00:01:14.498,870] [0m<dbg> zmk: zmk_hid_mouse_movement_set: Mouse movement set to 0/0[0m
[00:01:14.506,683] [0m<inf> exp02_logging: XY 74506 -7500375 -723780[0m
[00:01:14.506,805] [0m<dbg> zmk: zmk_hid_mouse_movement_set: Mouse movement set to 127/127[0m
[00:01:14.506,835] [0m<dbg> zmk: zmk_hid_mouse_scroll_set: Mouse scroll set to 0/0[0m
[00:01:14.506,835] [0m<dbg> zmk: zmk_hid_mouse_movement_set: Mouse movement set to 0/0[0m
[00:01:14.514,678] [0m<inf> exp02_logging: XY 74514 -8355840 -8355840[0m
[00:01:14.514,801] [0m<dbg> zmk: zmk_hid_mouse_movement_set: Mouse movement set to 0/0[0m
[00:01:14.514,831] [0m<dbg> zmk: zmk_hid_mouse_scroll_set: Mouse scroll set to 0/0[0m
[00:01:14.514,831] [0m<dbg> zmk: zmk_hid_mouse_movement_set: Mouse movement set to 0/0[0m
[00:01:14.522,796] [0m<inf> exp02_logging: XY 74522 -8355840 -8355840[0m
[00:01:14.530,761] [0m<inf> exp02_logging: XY 74530 -723881 -8026745[0m
[00:01:14.530,883] [0m<dbg> zmk: zmk_hid_mouse_movement_set: Mouse movement set to 127/63[0m
[00:01:14.530,914] [0m<dbg> zmk: zmk_hid_mouse_scroll_set: Mouse scroll set to 0/0[0m
[00:01:14.530,914] [0m<dbg> zmk: zmk_hid_mouse_movement_set: Mouse movement set to 0/0[0m
[00:01:14.538,848] [0m<inf> exp02_logging: XY 74538 -8355840 -8355840[0m
[00:01:14.538,940] [0m<dbg> zmk: zmk_hid_mouse_movement_set: Mouse movement set to 0/0[0m
[00:01:14.538,970] [0m<dbg> zmk: zmk_hid_mouse_scroll_set: Mouse scroll set to 0/0[0m
[00:01:14.538,970] [0m<dbg> zmk: zmk_hid_mouse_movement_set: Mouse movement set to 0/0[0m
[00:01:14.546,783] [0m<inf> exp02_logging: XY 74546 -6908223 -789738[0m
[00:01:14.546,905] [0m<dbg> zmk: zmk_hid_mouse_movement_set: Mouse movement set to 127/127[0m
[00:01:14.546,936] [0m<dbg> zmk: zmk_hid_mouse_scroll_set: Mouse scroll set to 0/0[0m
[00:01:14.546,936] [0m<dbg> zmk: zmk_hid_mouse_movement_set: Mouse movement set to 0/0[0m
[00:01:14.554,809] [0m<inf> exp02_logging: XY 74554 -8355840 -8355840[0m
[00:01:14.554,931] [0m<dbg> zmk: zmk_hid_mouse_movement_set: Mouse movement set to 0/0[0m
[00:01:14.554,962] [0m<dbg> zmk: zmk_hid_mouse_scroll_set: Mouse scroll set to 0/0[0m
[00:01:14.554,962] [0m<dbg> zmk: zmk_hid_mouse_movement_set: Mouse movement set to 0/0[0m
[00:01:14.562,927] [0m<inf> exp02_logging: XY 74562 -8355840 -8355840[0m
[00:01:14.570,892] [0m<inf> exp02_logging: XY 74570 -658073 -8355658[0m
[00:01:14.570,983] [0m<dbg> zmk: zmk_hid_mouse_movement_set: Mouse movement set to 127/0[0m
[00:01:14.570,983] [0m<dbg> zmk: zmk_hid_mouse_scroll_set: Mouse scroll set to 0/0[0m
[00:01:14.571,014] [0m<dbg> zmk: zmk_hid_mouse_movement_set: Mouse movement set to 0/0[0m
[00:01:14.578,979] [0m<inf> exp02_logging: XY 74578 -8355840 -8355840[0m
[00:01:14.579,040] [0m<dbg> zmk: zmk_hid_mouse_movement_set: Mouse movement set to 0/0[0m
[00:01:14.579,071] [0m<dbg> zmk: zmk_hid_mouse_scroll_set: Mouse scroll set to 0/0[0m
[00:01:14.579,071] [0m<dbg> zmk: zmk_hid_mouse_movement_set: Mouse movement set to 0/0[0m
[00:01:14.586,914] [0m<inf> exp02_logging: XY 74586 -6382068 -855372[0m
[00:01:14.587,036] [0m<dbg> zmk: zmk_hid_mouse_movement_set: Mouse movement set to 127/127[0m
[00:01:14.587,066] [0m<dbg> zmk: zmk_hid_mouse_scroll_set: Mouse scroll set to 0/0[0m
[00:01:14.587,066] [0m<dbg> zmk: zmk_hid_mouse_movement_set: Mouse movement set to 0/0[0m
[00:01:14.594,940] [0m<inf> exp02_logging: XY 74594 -8355840 -8355840[0m
[00:01:14.595,062] [0m<dbg> zmk: zmk_hid_mouse_movement_set: Mouse movement set to 0/0[0m
[00:01:14.595,092] [0m<dbg> zmk: zmk_hid_mouse_scroll_set: Mouse scroll set to 0/0[0m
[00:01:14.595,092] [0m<dbg> zmk: zmk_hid_mouse_movement_set: Mouse movement set to 0/0[0m
[00:01:14.603,057] [0m<inf> exp02_logging: XY 74603 -8355840 -8224171[0m
[00:01:14.603,118] [0m<dbg> zmk: zmk_hid_mouse_movement_set: Mouse movement set to 0/25[0m
[00:01:14.603,149] [0m<dbg> zmk: zmk_hid_mouse_scroll_set: Mouse scroll set to 0/0[0m
[00:01:14.603,179] [0m<dbg> zmk: zmk_hid_mouse_movement_set: Mouse movement set to 0/0[0m
[00:01:14.610,992] [0m<inf> exp02_logging: XY 74610 -658031 -8355840[0m
[00:01:14.611,114] [0m<dbg> zmk: zmk_hid_mouse_movement_set: Mouse movement set to 127/0[0m
[00:01:14.611,145] [0m<dbg> zmk: zmk_hid_mouse_scroll_set: Mouse scroll set to 0/0[0m
[00:01:14.611,145] [0m<dbg> zmk: zmk_hid_mouse_movement_set: Mouse movement set to 0/0[0m
[00:01:14.619,018] [0m<inf> exp02_logging: XY 74619 -8355840 -8355840[0m
[00:01:14.619,110] [0m<dbg> zmk: zmk_hid_mouse_movement_set: Mouse movement set to 0/0[0m
[00:01:14.619,110] [0m<dbg> zmk: zmk_hid_mouse_scroll_set: Mouse scroll set to 0/0[0m
[00:01:14.619,140] [0m<dbg> zmk: zmk_hid_mouse_movement_set: Mouse movement set to 0/0[0m
[00:01:14.627,136] [0m<inf> exp02_logging: XY 74627 -5723956 -789664[0m
[00:01:14.627,258] [0m<dbg> zmk: zmk_hid_mouse_movement_set: Mouse movement set to 127/127[0m
[00:01:14.627,288] [0m<dbg> zmk: zmk_hid_mouse_scroll_set: Mouse scroll set to 0/0[0m
[00:01:14.627,288] [0m<dbg> zmk: zmk_hid_mouse_movement_set: Mouse movement set to 0/0[0m
[00:01:14.635,070] [0m<inf> exp02_logging: XY 74635 -8355840 -8355840[0m
[00:01:14.635,192] [0m<dbg> zmk: zmk_hid_mouse_movement_set: Mouse movement set to 0/0[0m
[00:01:14.635,192] [0m<dbg> zmk: zmk_hid_mouse_scroll_set: Mouse scroll set to 0/0[0m
[00:01:14.635,223] [0m<dbg> zmk: zmk_hid_mouse_movement_set: Mouse movement set to 0/0[0m
[00:01:14.643,096] [0m<inf> exp02_logging: XY 74643 -8355840 -8092502[0m
[00:01:14.643,188] [0m<dbg> zmk: zmk_hid_mouse_movement_set: Mouse movement set to 0/51[0m
[00:01:14.643,218] [0m<dbg> zmk: zmk_hid_mouse_scroll_set: Mouse scroll set to 0/0[0m
[00:01:14.643,218] [0m<dbg> zmk: zmk_hid_mouse_movement_set: Mouse movement set to 0/0[0m
[00:01:14.651,214] [0m<inf> exp02_logging: XY 74651 -658121 -8355840[0m
[00:01:14.651,336] [0m<dbg> zmk: zmk_hid_mouse_movement_set: Mouse movement set to 127/0[0m
[00:01:14.651,336] [0m<dbg> zmk: zmk_hid_mouse_scroll_set: Mouse scroll set to 0/0[0m
[00:01:14.651,367] [0m<dbg> zmk: zmk_hid_mouse_movement_set: Mouse movement set to 0/0[0m
[00:01:14.659,149] [0m<inf> exp02_logging: XY 74659 -8355840 -8355840[0m
[00:01:14.659,210] [0m<dbg> zmk: zmk_hid_mouse_movement_set: Mouse movement set to 0/0[0m
[00:01:14.659,240] [0m<dbg> zmk: zmk_hid_mouse_scroll_set: Mouse scroll set to 0/0[0m
[00:01:14.659,240] [0m<dbg> zmk: zmk_hid_mouse_movement_set: Mouse movement set to 0/0[0m
[00:01:14.667,175] [0m<inf> exp02_logging: XY 74667 -5394974 -789638[0m
[00:01:14.667,297] [0m<dbg> zmk: zmk_hid_mouse_movement_set: Mouse movement set to 127/127[0m
[00:01:14.667,327] [0m<dbg> zmk: zmk_hid_mouse_scroll_set: Mouse scroll set to 0/0[0m
[00:01:14.667,358] [0m<dbg> zmk: zmk_hid_mouse_movement_set: Mouse movement set to 0/0[0m
[00:01:14.675,292] [0m<inf> exp02_logging: XY 74675 -8355840 -8355840[0m
[00:01:14.675,384] [0m<dbg> zmk: zmk_hid_mouse_movement_set: Mouse movement set to 0/0[0m
[00:01:14.675,415] [0m<dbg> zmk: zmk_hid_mouse_scroll_set: Mouse scroll set to 0/0[0m
[00:01:14.675,445] [0m<dbg> zmk: zmk_hid_mouse_movement_set: Mouse movement set to 0/0[0m
[00:01:14.683,227] [0m<inf> exp02_logging: XY 74683 -8355840 -7631995[0m
[00:01:14.683,319] [0m<dbg> zmk: zmk_hid_mouse_movement_set: Mouse movement set to 0/127[0m
[00:01:14.683,319] [0m<dbg> zmk: zmk_hid_mouse_scroll_set: Mouse scroll set to 0/0[0m
[00:01:14.683,349] [0m<dbg> zmk: zmk_hid_mouse_movement_set: Mouse movement set to 0/0[0m
[00:01:14.691,253] [0m<inf> exp02_logging: XY 74691 -723713 -8355840[0m
[00:01:14.691,375] [0m<dbg> zmk: zmk_hid_mouse_movement_set: Mouse movement set to 127/0[0m
[00:01:14.691,406] [0m<dbg> zmk: zmk_hid_mouse_scroll_set: Mouse scroll set to 0/0[0m
[00:01:14.691,406] [0m<dbg> zmk: zmk_hid_mouse_movement_set: Mouse movement set to 0/0[0m
[00:01:14.699,371] [0m<inf> exp02_logging: XY 74699 -8355840 -8355840[0m
[00:01:14.699,432] [0m<dbg> zmk: zmk_hid_mouse_movement_set: Mouse movement set to 0/0[0m
[00:01:14.699,462] [0m<dbg> zmk: zmk_hid_mouse_scroll_set: Mouse scroll set to 0/0[0m
[00:01:14.699,462] [0m<dbg> zmk: zmk_hid_mouse_movement_set: Mouse movement set to 0/0[0m
[00:01:14.707,305] [0m<inf> exp02_logging: XY 74707 -4868645 -789559[0m
[00:01:14.707,427] [0m<dbg> zmk: zmk_hid_mouse_movement_set: Mouse movement set to 127/127[0m
[00:01:14.707,458] [0m<dbg> zmk: zmk_hid_mouse_scroll_set: Mouse scroll set to 0/0[0m
[00:01:14.707,458] [0m<dbg> zmk: zmk_hid_mouse_movement_set: Mouse movement set to 0/0[0m
[00:01:14.715,332] [0m<inf> exp02_logging: XY 74715 -8355840 -8355840[0m
[00:01:14.715,454] [0m<dbg> zmk: zmk_hid_mouse_movement_set: Mouse movement set to 0/0[0m
[00:01:14.715,484] [0m<dbg> zmk: zmk_hid_mouse_scroll_set: Mouse scroll set to 0/0[0m
[00:01:14.715,484] [0m<dbg> zmk: zmk_hid_mouse_movement_set: Mouse movement set to 0/0[0m
[00:01:14.723,449] [0m<inf> exp02_logging: XY 74723 -8355840 -6710883[0m
[00:01:14.723,510] [0m<dbg> zmk: zmk_hid_mouse_movement_set: Mouse movement set to 0/127[0m
[00:01:14.723,541] [0m<dbg> zmk: zmk_hid_mouse_scroll_set: Mouse scroll set to 0/0[0m
[00:01:14.723,541] [0m<dbg> zmk: zmk_hid_mouse_movement_set: Mouse movement set to 0/0[0m
[00:01:14.731,384] [0m<inf> exp02_logging: XY 74731 -987038 -8355840[0m
[00:01:14.731,506] [0m<dbg> zmk: zmk_hid_mouse_movement_set: Mouse movement set to 127/0[0m
[00:01:14.731,536] [0m<dbg> zmk: zmk_hid_mouse_scroll_set: Mouse scroll set to 0/0[0m
[00:01:14.731,536] [0m<dbg> zmk: zmk_hid_mouse_movement_set: Mouse movement set to 0/0[0m
[00:01:14.739,410] [0m<inf> exp02_logging: XY 74739 -8355840 -8355840[0m
[00:01:14.739,501] [0m<dbg> zmk: zmk_hid_mouse_movement_set: Mouse movement set to 0/0[0m
[00:01:14.739,501] [0m<dbg> zmk: zmk_hid_mouse_scroll_set: Mouse scroll set to 0/0[0m
[00:01:14.739,532] [0m<dbg> zmk: zmk_hid_mouse_movement_set: Mouse movement set to 0/0[0m
[00:01:14.747,528] [0m<inf> exp02_logging: XY 74747 -4144995 -723776[0m
[00:01:14.747,650] [0m<dbg> zmk: zmk_hid_mouse_movement_set: Mouse movement set to 127/127[0m
[00:01:14.747,680] [0m<dbg> zmk: zmk_hid_mouse_scroll_set: Mouse scroll set to 0/0[0m
[00:01:14.747,680] [0m<dbg> zmk: zmk_hid_mouse_movement_set: Mouse movement set to 0/0[0m
[00:01:14.755,462] [0m<inf> exp02_logging: XY 74755 -8355840 -8355840[0m
[00:01:14.755,584] [0m<dbg> zmk: zmk_hid_mouse_movement_set: Mouse movement set to 0/0[0m
[00:01:14.755,584] [0m<dbg> zmk: zmk_hid_mouse_scroll_set: Mouse scroll set to 0/0[0m
[00:01:14.755,615] [0m<dbg> zmk: zmk_hid_mouse_movement_set: Mouse movement set to 0/0[0m
[00:01:14.763,488] [0m<inf> exp02_logging: XY 74763 -8355840 -6250248[0m
[00:01:14.763,580] [0m<dbg> zmk: zmk_hid_mouse_movement_set: Mouse movement set to 0/127[0m
[00:01:14.763,610] [0m<dbg> zmk: zmk_hid_mouse_scroll_set: Mouse scroll set to 0/0[0m
[00:01:14.763,610] [0m<dbg> zmk: zmk_hid_mouse_movement_set: Mouse movement set to 0/0[0m
[00:01:14.771,606] [0m<inf> exp02_logging: XY 74771 -1973963 -8355840[0m
[00:01:14.771,728] [0m<dbg> zmk: zmk_hid_mouse_movement_set: Mouse movement set to 127/0[0m
[00:01:14.771,728] [0m<dbg> zmk: zmk_hid_mouse_scroll_set: Mouse scroll set to 0/0[0m
[00:01:14.771,759] [0m<dbg> zmk: zmk_hid_mouse_movement_set: Mouse movement set to 0/0[0m
[00:01:14.779,541] [0m<inf> exp02_logging: XY 74779 -8355840 -8355840[0m
[00:01:14.779,602] [0m<dbg> zmk: zmk_hid_mouse_movement_set: Mouse movement set to 0/0[0m
[00:01:14.779,632] [0m<dbg> zmk: zmk_hid_mouse_scroll_set: Mouse scroll set to 0/0[0m
[00:01:14.779,632] [0m<dbg> zmk: zmk_hid_mouse_movement_set: Mouse movement set to 0/0[0m
[00:01:14.787,567] [0m<inf> exp02_logging: XY 74787 -3684539 -789515[0m
[00:01:14.787,719] [0m<dbg> zmk: zmk_hid_mouse_movement_set: Mouse movement set to 127/127[0m
[00:01:14.787,719] [0m<dbg> zmk: zmk_hid_mouse_scroll_set: Mouse scroll set to 0/0[0m
[00:01:14.787,750] [0m<dbg> zmk: zmk_hid_mouse_movement_set: Mouse movement set to 0/0[0m
[00:01:14.795,684] [0m<inf> exp02_logging: XY 74795 -8355840 -8355840[0m
[00:01:14.795,776] [0m<dbg> zmk: zmk_hid_mouse_movement_set: Mouse movement set to 0/0[0m
[00:01:14.795,806] [0m<dbg> zmk: zmk_hid_mouse_scroll_set: Mouse scroll set to 0/0[0m
[00:01:14.795,806] [0m<dbg> zmk: zmk_hid_mouse_movement_set: Mouse movement set to 0/0[0m
[00:01:14.803,619] [0m<inf> exp02_logging: XY 74803 -8355840 -5526532[0m
[00:01:14.803,710] [0m<dbg> zmk: zmk_hid_mouse_movement_set: Mouse movement set to 0/127[0m
[00:01:14.803,710] [0m<dbg> zmk: zmk_hid_mouse_scroll_set: Mouse scroll set to 0/0[0m
[00:01:14.803,741] [0m<dbg> zmk: zmk_hid_mouse_movement_set: Mouse movement set to 0/0[0m
[00:01:14.811,645] [0m<inf> exp02_logging: XY 74811 -1710799 -8355840[0m
[00:01:14.811,767] [0m<dbg> zmk: zmk_hid_mouse_movement_set: Mouse movement set to 127/0[0m
[00:01:14.811,798] [0m<dbg> zmk: zmk_hid_mouse_scroll_set: Mouse scroll set to 0/0[0m
[00:01:14.811,798] [0m<dbg> zmk: zmk_hid_mouse_movement_set: Mouse movement set to 0/0[0m
[00:01:14.819,763] [0m<inf> exp02_logging: XY 74819 -8355840 -8355840[0m
[00:01:14.819,824] [0m<dbg> zmk: zmk_hid_mouse_movement_set: Mouse movement set to 0/0[0m
[00:01:14.819,854] [0m<dbg> zmk: zmk_hid_mouse_scroll_set: Mouse scroll set to 0/0[0m
[00:01:14.819,854] [0m<dbg> zmk: zmk_hid_mouse_movement_set: Mouse movement set to 0/0[0m
[00:01:14.827,697] [0m<inf> exp02_logging: XY 74827 -3092242 -921246[0m
[00:01:14.827,819] [0m<dbg> zmk: zmk_hid_mouse_movement_set: Mouse movement set to 127/127[0m
[00:01:14.827,850] [0m<dbg> zmk: zmk_hid_mouse_scroll_set: Mouse scroll set to 0/0[0m
[00:01:14.827,850] [0m<dbg> zmk: zmk_hid_mouse_movement_set: Mouse movement set to 0/0[0m
[00:01:14.835,723] [0m<inf> exp02_logging: XY 74835 -8355840 -8355840[0m
[00:01:14.835,845] [0m<dbg> zmk: zmk_hid_mouse_movement_set: Mouse movement set to 0/0[0m
[00:01:14.835,876] [0m<dbg> zmk: zmk_hid_mouse_scroll_set: Mouse scroll set to 0/0[0m
[00:01:14.835,876] [0m<dbg> zmk: zmk_hid_mouse_movement_set: Mouse movement set to 0/0[0m
[00:01:14.843,841] [0m<inf> exp02_logging: XY 74843 -8355840 -4473888[0m
[00:01:14.843,902] [0m<dbg> zmk: zmk_hid_mouse_movement_set: Mouse movement set to 0/127[0m
[00:01:14.843,933] [0m<dbg> zmk: zmk_hid_mouse_scroll_set: Mouse scroll set to 0/0[0m
[00:01:14.843,963] [0m<dbg> zmk: zmk_hid_mouse_movement_set: Mouse movement set to 0/0[0m
[00:01:14.851,776] [0m<inf> exp02_logging: XY 74851 -2237000 -8355840[0m
[00:01:14.851,898] [0m<dbg> zmk: zmk_hid_mouse_movement_set: Mouse movement set to 127/0[0m
[00:01:14.851,928] [0m<dbg> zmk: zmk_hid_mouse_scroll_set: Mouse scroll set to 0/0[0m
[00:01:14.851,928] [0m<dbg> zmk: zmk_hid_mouse_movement_set: Mouse movement set to 0/0[0m
[00:01:14.859,802] [0m<inf> exp02_logging: XY 74859 -8355840 -8355840[0m
[00:01:14.859,893] [0m<dbg> zmk: zmk_hid_mouse_movement_set: Mouse movement set to 0/0[0m
[00:01:14.859,893] [0m<dbg> zmk: zmk_hid_mouse_scroll_set: Mouse scroll set to 0/0[0m
[00:01:14.859,924] [0m<dbg> zmk: zmk_hid_mouse_movement_set: Mouse movement set to 0/0[0m
[00:01:14.867,919] [0m<inf> exp02_logging: XY 74867 -2368722 -1579259[0m
[00:01:14.868,041] [0m<dbg> zmk: zmk_hid_mouse_movement_set: Mouse movement set to 127/127[0m
[00:01:14.868,041] [0m<dbg> zmk: zmk_hid_mouse_scroll_set: Mouse scroll set to 0/0[0m
[00:01:14.868,072] [0m<dbg> zmk: zmk_hid_mouse_movement_set: Mouse movement set to 0/0[0m
[00:01:14.875,854] [0m<inf> exp02_logging: XY 74875 -8355840 -8355840[0m
[00:01:14.875,976] [0m<dbg> zmk: zmk_hid_mouse_movement_set: Mouse movement set to 0/0[0m
[00:01:14.875,976] [0m<dbg> zmk: zmk_hid_mouse_scroll_set: Mouse scroll set to 0/0[0m
[00:01:14.876,007] [0m<dbg> zmk: zmk_hid_mouse_movement_set: Mouse movement set to 0/0[0m
[00:01:14.883,880] [0m<inf> exp02_logging: XY 74883 -8355840 -4079166[0m
[00:01:14.883,972] [0m<dbg> zmk: zmk_hid_mouse_movement_set: Mouse movement set to 0/127[0m
[00:01:14.884,002] [0m<dbg> zmk: zmk_hid_mouse_scroll_set: Mouse scroll set to 0/0[0m
[00:01:14.884,002] [0m<dbg> zmk: zmk_hid_mouse_movement_set: Mouse movement set to 0/0[0m
[00:01:14.891,998] [0m<inf> exp02_logging: XY 74891 -2763456 -8355840[0m
[00:01:14.892,120] [0m<dbg> zmk: zmk_hid_mouse_movement_set: Mouse movement set to 127/0[0m
[00:01:14.892,120] [0m<dbg> zmk: zmk_hid_mouse_scroll_set: Mouse scroll set to 0/0[0m
[00:01:14.892,150] [0m<dbg> zmk: zmk_hid_mouse_movement_set: Mouse movement set to 0/0[0m
[00:01:14.899,932] [0m<inf> exp02_logging: XY 74899 -8355840 -8355840[0m
[00:01:14.899,993] [0m<dbg> zmk: zmk_hid_mouse_movement_set: Mouse movement set to 0/0[0m
[00:01:14.900,024] [0m<dbg> zmk: zmk_hid_mouse_scroll_set: Mouse scroll set to 0/0[0m
[00:01:14.900,054] [0m<dbg> zmk: zmk_hid_mouse_movement_set: Mouse movement set to 0/0[0m
[00:01:14.907,958] [0m<inf> exp02_logging: XY 74907 -1973945 -1513340[0m
[00:01:14.908,111] [0m<dbg> zmk: zmk_hid_mouse_movement_set: Mouse movement set to 127/127[0m
[00:01:14.908,111] [0m<dbg> zmk: zmk_hid_mouse_scroll_set: Mouse scroll set to 0/0[0m
[00:01:14.908,142] [0m<dbg> zmk: zmk_hid_mouse_movement_set: Mouse movement set to 0/0[0m
[00:01:14.916,076] [0m<inf> exp02_logging: XY 74916 -8355840 -8355840[0m
[00:01:14.916,168] [0m<dbg> zmk: zmk_hid_mouse_movement_set: Mouse movement set to 0/0[0m
[00:01:14.916,198] [0m<dbg> zmk: zmk_hid_mouse_scroll_set: Mouse scroll set to 0/0[0m
[00:01:14.916,198] [0m<dbg> zmk: zmk_hid_mouse_movement_set: Mouse movement set to 0/0[0m
[00:01:14.924,011] [0m<inf> exp02_logging: XY 74924 -8355840 -3421390[0m
[00:01:14.924,102] [0m<dbg> zmk: zmk_hid_mouse_movement_set: Mouse movement set to 0/127[0m
[00:01:14.924,102] [0m<dbg> zmk: zmk_hid_mouse_scroll_set: Mouse scroll set to 0/0[0m
[00:01:14.924,133] [0m<dbg> zmk: zmk_hid_mouse_movement_set: Mouse movement set to 0/0[0m
[00:01:14.932,037] [0m<inf> exp02_logging: XY 74932 -3158076 -8355840[0m
[00:01:14.932,159] [0m<dbg> zmk: zmk_hid_mouse_movement_set: Mouse movement set to 127/0[0m
[00:01:14.932,189] [0m<dbg> zmk: zmk_hid_mouse_scroll_set: Mouse scroll set to 0/0[0m
[00:01:14.932,189] [0m<dbg> zmk: zmk_hid_mouse_movement_set: Mouse movement set to 0/0[0m
[00:01:14.940,155] [0m<inf> exp02_logging: XY 74940 -8355840 -8355840[0m
[00:01:14.940,216] [0m<dbg> zmk: zmk_hid_mouse_movement_set: Mouse movement set to 0/0[0m
[00:01:14.940,246] [0m<dbg> zmk: zmk_hid_mouse_scroll_set: Mouse scroll set to 0/0[0m
[00:01:14.940,246] [0m<dbg> zmk: zmk_hid_mouse_movement_set: Mouse movement set to 0/0[0m
[00:01:14.948,089] [0m<inf> exp02_logging: XY 74948 -1315872 -2237042[0m
[00:01:14.948,211] [0m<dbg> zmk: zmk_hid_mouse_movement_set: Mouse movement set to 127/127[0m
[00:01:14.948,242] [0m<dbg> zmk: zmk_hid_mouse_scroll_set: Mouse scroll set to 0/0[0m
[00:01:14.948,242] [0m<dbg> zmk: zmk_hid_mouse_movement_set: Mouse movement set to 0/0[0m
[00:01:14.956,115] [0m<inf> exp02_logging: XY 74956 -8355840 -8355840[0m
[00:01:14.956,237] [0m<dbg> zmk: zmk_hid_mouse_movement_set: Mouse movement set to 0/0[0m
[00:01:14.956,268] [0m<dbg> zmk: zmk_hid_mouse_scroll_set: Mouse scroll set to 0/0[0m
[00:01:14.956,268] [0m<dbg> zmk: zmk_hid_mouse_movement_set: Mouse movement set to 0/0[0m
[00:01:14.964,233] [0m<inf> exp02_logging: XY 74964 -8355840 -2763267[0m
[00:01:14.964,294] [0m<dbg> zmk: zmk_hid_mouse_movement_set: Mouse movement set to 0/127[0m
[00:01:14.964,324] [0m<dbg> zmk: zmk_hid_mouse_scroll_set: Mouse scroll set to 0/0[0m
[00:01:14.964,355] [0m<dbg> zmk: zmk_hid_mouse_movement_set: Mouse movement set to 0/0[0m
[00:01:14.972,167] [0m<inf> exp02_logging: XY 74972 -3618571 -8355840[0m
[00:01:14.972,290] [0m<dbg> zmk: zmk_hid_mouse_movement_set: Mouse movement set to 127/0[0m
[00:01:14.972,320] [0m<dbg> zmk: zmk_hid_mouse_scroll_set: Mouse scroll set to 0/0[0m
[00:01:14.972,320] [0m<dbg> zmk: zmk_hid_mouse_movement_set: Mouse movement set to 0/0[0m
[00:01:14.980,194] [0m<inf> exp02_logging: XY 74980 -8355840 -8355840[0m
[00:01:14.980,285] [0m<dbg> zmk: zmk_hid_mouse_movement_set: Mouse movement set to 0/0[0m
[00:01:14.980,285] [0m<dbg> zmk: zmk_hid_mouse_scroll_set: Mouse scroll set to 0/0[0m
[00:01:14.980,316] [0m<dbg> zmk: zmk_hid_mouse_movement_set: Mouse movement set to 0/0[0m
[00:01:14.988,311] [0m<inf> exp02_logging: XY 74988 -855446 -2565955[0m
[00:01:14.988,433] [0m<dbg> zmk: zmk_hid_mouse_movement_set: Mouse movement set to 127/127[0m
[00:01:14.988,464] [0m<dbg> zmk: zmk_hid_mouse_scroll_set: Mouse scroll set to 0/0[0m
[00:01:14.988,464] [0m<dbg> zmk: zmk_hid_mouse_movement_set: Mouse movement set to 0/0[0m
[00:01:14.996,246] [0m<inf> exp02_logging: XY 74996 -8355840 -8355840[0m
[00:01:14.996,368] [0m<dbg> zmk: zmk_hid_mouse_movement_set: Mouse movement set to 0/0[0m
[00:01:14.996,368] [0m<dbg> zmk: zmk_hid_mouse_scroll_set: Mouse scroll set to 0/0[0m
[00:01:14.996,398] [0m<dbg> zmk: zmk_hid_mouse_movement_set: Mouse movement set to 0/0[0m
[00:01:15.004,272] [0m<inf> exp02_logging: XY 75004 -8355840 -2500346[0m
[00:01:15.004,364] [0m<dbg> zmk: zmk_hid_mouse_movement_set: Mouse movement set to 0/127[0m
[00:01:15.004,394] [0m<dbg> zmk: zmk_hid_mouse_scroll_set: Mouse scroll set to 0/0[0m
[00:01:15.004,394] [0m<dbg> zmk: zmk_hid_mouse_movement_set: Mouse movement set to 0/0[0m
[00:01:15.012,390] [0m<inf> exp02_logging: XY 75012 -4079194 -8355840[0m
[00:01:15.012,512] [0m<dbg> zmk: zmk_hid_mouse_movement_set: Mouse movement set to 127/0[0m
[00:01:15.012,512] [0m<dbg> zmk: zmk_hid_mouse_scroll_set: Mouse scroll set to 0/0[0m
[00:01:15.012,542] [0m<dbg> zmk: zmk_hid_mouse_movement_set: Mouse movement set to 0/0[0m
[00:01:15.020,324] [0m<inf> exp02_logging: XY 75020 -8355840 -8355840[0m
[00:01:15.020,416] [0m<dbg> zmk: zmk_hid_mouse_movement_set: Mouse movement set to 0/0[0m
[00:01:15.020,416] [0m<dbg> zmk: zmk_hid_mouse_scroll_set: Mouse scroll set to 0/0[0m
[00:01:15.020,446] [0m<dbg> zmk: zmk_hid_mouse_movement_set: Mouse movement set to 0/0[0m
[00:01:15.028,350] [0m<inf> exp02_logging: XY 75028 -855339 -2631832[0m
[00:01:15.028,503] [0m<dbg> zmk: zmk_hid_mouse_movement_set: Mouse movement set to 127/127[0m
[00:01:15.028,503] [0m<dbg> zmk: zmk_hid_mouse_scroll_set: Mouse scroll set to 0/0[0m
[00:01:15.028,533] [0m<dbg> zmk: zmk_hid_mouse_movement_set: Mouse movement set to 0/0[0m
[00:01:15.036,468] [0m<inf> exp02_logging: XY 75036 -8355840 -8355840[0m
[00:01:15.036,560] [0m<dbg> zmk: zmk_hid_mouse_movement_set: Mouse movement set to 0/0[0m
[00:01:15.036,590] [0m<dbg> zmk: zmk_hid_mouse_scroll_set: Mouse scroll set to 0/0[0m
[00:01:15.036,590] [0m<dbg> zmk: zmk_hid_mouse_movement_set: Mouse movement set to 0/0[0m
[00:01:15.044,403] [0m<inf> exp02_logging: XY 75044 -8355840 -1973807[0m
[00:01:15.044,494] [0m<dbg> zmk: zmk_hid_mouse_movement_set: Mouse movement set to 0/127[0m
[00:01:15.044,494] [0m<dbg> zmk: zmk_hid_mouse_scroll_set: Mouse scroll set to 0/0[0m
[00:01:15.044,525] [0m<dbg> zmk: zmk_hid_mouse_movement_set: Mouse movement set to 0/0[0m
[00:01:15.052,429] [0m<inf> exp02_logging: XY 75052 -4408192 -8355840[0m
[00:01:15.052,551] [0m<dbg> zmk: zmk_hid_mouse_movement_set: Mouse movement set to 127/0[0m
[00:01:15.052,581] [0m<dbg> zmk: zmk_hid_mouse_scroll_set: Mouse scroll set to 0/0[0m
[00:01:15.052,581] [0m<dbg> zmk: zmk_hid_mouse_movement_set: Mouse movement set to 0/0[0m
[00:01:15.060,546] [0m<inf> exp02_logging: XY 75060 -8355840 -8355840[0m
[00:01:15.060,607] [0m<dbg> zmk: zmk_hid_mouse_movement_set: Mouse movement set to 0/0[0m
[00:01:15.060,638] [0m<dbg> zmk: zmk_hid_mouse_scroll_set: Mouse scroll set to 0/0[0m
[00:01:15.060,638] [0m<dbg> zmk: zmk_hid_mouse_movement_set: Mouse movement set to 0/0[0m
[00:01:15.068,481] [0m<inf> exp02_logging: XY 75068 -723777 -3223867[0m
[00:01:15.068,603] [0m<dbg> zmk: zmk_hid_mouse_movement_set: Mouse movement set to 127/127[0m
[00:01:15.068,634] [0m<dbg> zmk: zmk_hid_mouse_scroll_set: Mouse scroll set to 0/0[0m
[00:01:15.068,634] [0m<dbg> zmk: zmk_hid_mouse_movement_set: Mouse movement set to 0/0[0m
[00:01:15.076,507] [0m<inf> exp02_logging: XY 75076 -8355840 -8355840[0m
[00:01:15.076,629] [0m<dbg> zmk: zmk_hid_mouse_movement_set: Mouse movement set to 0/0[0m
[00:01:15.076,660] [0m<dbg> zmk: zmk_hid_mouse_scroll_set: Mouse scroll set to 0/0[0m
[00:01:15.076,660] [0m<dbg> zmk: zmk_hid_mouse_movement_set: Mouse movement set to 0/0[0m
[00:01:15.084,625] [0m<inf> exp02_logging: XY 75084 -8355840 -1250181[0m
[00:01:15.084,686] [0m<dbg> zmk: zmk_hid_mouse_movement_set: Mouse movement set to 0/127[0m
[00:01:15.084,716] [0m<dbg> zmk: zmk_hid_mouse_scroll_set: Mouse scroll set to 0/0[0m
[00:01:15.084,716] [0m<dbg> zmk: zmk_hid_mouse_movement_set: Mouse movement set to 0/0[0m
[00:01:15.092,559] [0m<inf> exp02_logging: XY 75092 -4934521 -8355840[0m
[00:01:15.092,681] [0m<dbg> zmk: zmk_hid_mouse_movement_set: Mouse movement set to 127/0[0m
[00:01:15.092,712] [0m<dbg> zmk: zmk_hid_mouse_scroll_set: Mouse scroll set to 0/0[0m
[00:01:15.092,712] [0m<dbg> zmk: zmk_hid_mouse_movement_set: Mouse movement set to 0/0[0m
[00:01:15.100,585] [0m<inf> exp02_logging: XY 75100 -8355840 -8355840[0m
[00:01:15.100,677] [0m<dbg> zmk: zmk_hid_mouse_movement_set: Mouse movement set to 0/0[0m
[00:01:15.100,677] [0m<dbg> zmk: zmk_hid_mouse_scroll_set: Mouse scroll set to 0/0[0m
[00:01:15.100,708] [0m<dbg> zmk: zmk_hid_mouse_movement_set: Mouse movement set to 0/0[0m
[00:01:15.108,703] [0m<inf> exp02_logging: XY 75108 -658042 -3750238[0m
[00:01:15.108,825] [0m<dbg> zmk: zmk_hid_mouse_movement_set: Mouse movement set to 127/127[0m
[00:01:15.108,825] [0m<dbg> zmk: zmk_hid_mouse_scroll_set: Mouse scroll set to 0/0[0m
[00:01:15.108,856] [0m<dbg> zmk: zmk_hid_mouse_movement_set: Mouse movement set to 0/0[0m
[00:01:15.116,638] [0m<inf> exp02_logging: XY 75116 -8355840 -8355840[0m
[00:01:15.116,760] [0m<dbg> zmk: zmk_hid_mouse_movement_set: Mouse movement set to 0/0[0m
[00:01:15.116,760] [0m<dbg> zmk: zmk_hid_mouse_scroll_set: Mouse scroll set to 0/0[0m
[00:01:15.116,790] [0m<dbg> zmk: zmk_hid_mouse_movement_set: Mouse movement set to 0/0[0m
[00:01:15.124,664] [0m<inf> exp02_logging: XY 75124 -8355840 -1052751[0m
[00:01:15.124,755] [0m<dbg> zmk: zmk_hid_mouse_movement_set: Mouse movement set to 0/127[0m
[00:01:15.124,786] [0m<dbg> zmk: zmk_hid_mouse_scroll_set: Mouse scroll set to 0/0[0m
[00:01:15.124,786] [0m<dbg> zmk: zmk_hid_mouse_movement_set: Mouse movement set to 0/0[0m
[00:01:15.132,781] [0m<inf> exp02_logging: XY 75132 -5395186 -8355840[0m
[00:01:15.132,904] [0m<dbg> zmk: zmk_hid_mouse_movement_set: Mouse movement set to 127/0[0m
[00:01:15.132,904] [0m<dbg> zmk: zmk_hid_mouse_scroll_set: Mouse scroll set to 0/0[0m
[00:01:15.132,934] [0m<dbg> zmk: zmk_hid_mouse_movement_set: Mouse movement set to 0/0[0m
[00:01:15.140,716] [0m<inf> exp02_logging: XY 75140 -8355840 -8355840[0m
[00:01:15.140,808] [0m<dbg> zmk: zmk_hid_mouse_movement_set: Mouse movement set to 0/0[0m
[00:01:15.140,808] [0m<dbg> zmk: zmk_hid_mouse_scroll_set: Mouse scroll set to 0/0[0m
[00:01:15.140,838] [0m<dbg> zmk: zmk_hid_mouse_movement_set: Mouse movement set to 0/0[0m
[00:01:15.148,742] [0m<inf> exp02_logging: XY 75148 -592346 -4013402[0m
[00:01:15.148,895] [0m<dbg> zmk: zmk_hid_mouse_movement_set: Mouse movement set to 127/127[0m
[00:01:15.148,895] [0m<dbg> zmk: zmk_hid_mouse_scroll_set: Mouse scroll set to 0/0[0m
[00:01:15.148,925] [0m<dbg> zmk: zmk_hid_mouse_movement_set: Mouse movement set to 0/0[0m
[00:01:15.156,860] [0m<inf> exp02_logging: XY 75156 -8355840 -8355840[0m
[00:01:15.156,951] [0m<dbg> zmk: zmk_hid_mouse_movement_set: Mouse movement set to 0/0[0m
[00:01:15.156,982] [0m<dbg> zmk: zmk_hid_mouse_scroll_set: Mouse scroll set to 0/0[0m
[00:01:15.156,982] [0m<dbg> zmk: zmk_hid_mouse_movement_set: Mouse movement set to 0/0[0m
[00:01:15.164,794] [0m<inf> exp02_logging: XY 75164 -8355840 -921152[0m
[00:01:15.164,886] [0m<dbg> zmk: zmk_hid_mouse_movement_set: Mouse movement set to 0/127[0m
[00:01:15.164,886] [0m<dbg> zmk: zmk_hid_mouse_scroll_set: Mouse scroll set to 0/0[0m
[00:01:15.164,916] [0m<dbg> zmk: zmk_hid_mouse_movement_set: Mouse movement set to 0/0[0m
[00:01:15.172,821] [0m<inf> exp02_logging: XY 75172 -5987136 -8355840[0m
[00:01:15.172,943] [0m<dbg> zmk: zmk_hid_mouse_movement_set: Mouse movement set to 127/0[0m
[00:01:15.172,973] [0m<dbg> zmk: zmk_hid_mouse_scroll_set: Mouse scroll set to 0/0[0m
[00:01:15.172,973] [0m<dbg> zmk: zmk_hid_mouse_movement_set: Mouse movement set to 0/0[0m
[00:01:15.180,938] [0m<inf> exp02_logging: XY 75180 -8355840 -8355840[0m
[00:01:15.180,999] [0m<dbg> zmk: zmk_hid_mouse_movement_set: Mouse movement set to 0/0[0m
[00:01:15.181,030] [0m<dbg> zmk: zmk_hid_mouse_scroll_set: Mouse scroll set to 0/0[0m
[00:01:15.181,030] [0m<dbg> zmk: zmk_hid_mouse_movement_set: Mouse movement set to 0/0[0m
[00:01:15.188,873] [0m<inf> exp02_logging: XY 75188 -592256 -4473983[0m
[00:01:15.188,995] [0m<dbg> zmk: zmk_hid_mouse_movement_set: Mouse movement set to 127/127[0m
[00:01:15.189,025] [0m<dbg> zmk: zmk_hid_mouse_scroll_set: Mouse scroll set to 0/0[0m
[00:01:15.189,025] [0m<dbg> zmk: zmk_hid_mouse_movement_set: Mouse movement set to 0/0[0m
[00:01:15.196,899] [0m<inf> exp02_logging: XY 75196 -8355840 -8355840[0m
[00:01:15.197,021] [0m<dbg> zmk: zmk_hid_mouse_movement_set: Mouse movement set to 0/0[0m
[00:01:15.197,021] [0m<dbg> zmk: zmk_hid_mouse_scroll_set: Mouse scroll set to 0/0[0m
[00:01:15.197,052] [0m<dbg> zmk: zmk_hid_mouse_movement_set: Mouse movement set to 0/0[0m
[00:01:15.205,017] [0m<inf> exp02_logging: XY 75204 -8289809 -855347[0m
[00:01:15.205,139] [0m<dbg> zmk: zmk_hid_mouse_movement_set: Mouse movement set to 12/127[0m
[00:01:15.205,139] [0m<dbg> zmk: zmk_hid_mouse_scroll_set: Mouse scroll set to 0/0[0m
[00:01:15.205,169] [0m<dbg> zmk: zmk_hid_mouse_movement_set: Mouse movement set to 0/0[0m
[00:01:15.212,951] [0m<inf> exp02_logging: XY 75212 -6118803 -8355840[0m
[00:01:15.213,073] [0m<dbg> zmk: zmk_hid_mouse_movement_set: Mouse movement set to 127/0[0m
[00:01:15.213,104] [0m<dbg> zmk: zmk_hid_mouse_scroll_set: Mouse scroll set to 0/0[0m
[00:01:15.213,104] [0m<dbg> zmk: zmk_hid_mouse_movement_set: Mouse movement set to 0/0[0m
[00:01:15.220,977] [0m<inf> exp02_logging: XY 75220 -8355840 -8355840[0m
[00:01:15.221,069] [0m<dbg> zmk: zmk_hid_mouse_movement_set: Mouse movement set to 0/0[0m
[00:01:15.221,069] [0m<dbg> zmk: zmk_hid_mouse_scroll_set: Mouse scroll set to 0/0[0m
[00:01:15.221,099] [0m<dbg> zmk: zmk_hid_mouse_movement_set: Mouse movement set to 0/0[0m
[00:01:15.229,095] [0m<inf> exp02_logging: XY 75229 -592174 -5000397[0m
[00:01:15.229,217] [0m<dbg> zmk: zmk_hid_mouse_movement_set: Mouse movement set to 127/127[0m
[00:01:15.229,217] [0m<dbg> zmk: zmk_hid_mouse_scroll_set: Mouse scroll set to 0/0[0m
[00:01:15.229,248] [0m<dbg> zmk: zmk_hid_mouse_movement_set: Mouse movement set to 0/0[0m
[00:01:15.237,030] [0m<inf> exp02_logging: XY 75237 -8355840 -8355840[0m
[00:01:15.237,152] [0m<dbg> zmk: zmk_hid_mouse_movement_set: Mouse movement set to 0/0[0m
[00:01:15.237,152] [0m<dbg> zmk: zmk_hid_mouse_scroll_set: Mouse scroll set to 0/0[0m
[00:01:15.237,182] [0m<dbg> zmk: zmk_hid_mouse_movement_set: Mouse movement set to 0/0[0m
[00:01:15.245,056] [0m<inf> exp02_logging: XY 75245 -7961047 -789600[0m
[00:01:15.245,208] [0m<dbg> zmk: zmk_hid_mouse_movement_set: Mouse movement set to 76/127[0m
[00:01:15.245,208] [0m<dbg> zmk: zmk_hid_mouse_scroll_set: Mouse scroll set to 0/0[0m
[00:01:15.245,239] [0m<dbg> zmk: zmk_hid_mouse_movement_set: Mouse movement set to 0/0[0m
[00:01:15.253,173] [0m<inf> exp02_logging: XY 75253 -6645089 -8355840[0m
[00:01:15.253,295] [0m<dbg> zmk: zmk_hid_mouse_movement_set: Mouse movement set to 127/0[0m
[00:01:15.253,295] [0m<dbg> zmk: zmk_hid_mouse_scroll_set: Mouse scroll set to 0/0[0m
[00:01:15.253,326] [0m<dbg> zmk: zmk_hid_mouse_movement_set: Mouse movement set to 0/0[0m
[00:01:15.261,108] [0m<inf> exp02_logging: XY 75261 -8355840 -8355840[0m
[00:01:15.261,199] [0m<dbg> zmk: zmk_hid_mouse_movement_set: Mouse movement set to 0/0[0m
[00:01:15.261,199] [0m<dbg> zmk: zmk_hid_mouse_scroll_set: Mouse scroll set to 0/0[0m
[00:01:15.261,230] [0m<dbg> zmk: zmk_hid_mouse_movement_set: Mouse movement set to 0/0[0m
[00:01:15.269,134] [0m<inf> exp02_logging: XY 75269 -592241 -5592347[0m
[00:01:15.269,256] [0m<dbg> zmk: zmk_hid_mouse_movement_set: Mouse movement set to 127/127[0m
[00:01:15.269,287] [0m<dbg> zmk: zmk_hid_mouse_scroll_set: Mouse scroll set to 0/0[0m
[00:01:15.269,317] [0m<dbg> zmk: zmk_hid_mouse_movement_set: Mouse movement set to 0/0[0m
[00:01:15.277,221] [0m<inf> exp02_logging: XY 75277 -8355840 -8355840[0m
[00:01:15.277,343] [0m<dbg> zmk: zmk_hid_mouse_movement_set: Mouse movement set to 0/0[0m
[00:01:15.277,374] [0m<dbg> zmk: zmk_hid_mouse_scroll_set: Mouse scroll set to 0/0[0m
[00:01:15.277,374] [0m<dbg> zmk: zmk_hid_mouse_movement_set: Mouse movement set to 0/0[0m
[00:01:15.285,186] [0m<inf> exp02_logging: XY 75285 -7631948 -789519[0m
[00:01:15.285,308] [0m<dbg> zmk: zmk_hid_mouse_movement_set: Mouse movement set to 127/127[0m
[00:01:15.285,339] [0m<dbg> zmk: zmk_hid_mouse_scroll_set: Mouse scroll set to 0/0[0m
[00:01:15.285,339] [0m<dbg> zmk: zmk_hid_mouse_movement_set: Mouse movement set to 0/0[0m
[00:01:15.293,212] [0m<inf> exp02_logging: XY 75293 -6974088 -8355840[0m
[00:01:15.293,304] [0m<dbg> zmk: zmk_hid_mouse_movement_set: Mouse movement set to 0/0[0m
[00:01:15.293,304] [0m<dbg> zmk: zmk_hid_mouse_scroll_set: Mouse scroll set to 0/0[0m
[00:01:15.293,334] [0m<dbg> zmk: zmk_hid_mouse_movement_set: Mouse movement set to 0/0[0m
[00:01:15.301,330] [0m<inf> exp02_logging: XY 75301 -8355840 -8355840[0m
[00:01:15.301,391] [0m<dbg> zmk: zmk_hid_mouse_movement_set: Mouse movement set to 0/0[0m
[00:01:15.301,422] [0m<dbg> zmk: zmk_hid_mouse_scroll_set: Mouse scroll set to 0/0[0m
[00:01:15.301,422] [0m<dbg> zmk: zmk_hid_mouse_movement_set: Mouse movement set to 0/0[0m
[00:01:15.309,265] [0m<inf> exp02_logging: XY 75309 -526549 -5987263[0m
[00:01:15.309,387] [0m<dbg> zmk: zmk_hid_mouse_movement_set: Mouse movement set to 127/127[0m
[00:01:15.309,417] [0m<dbg> zmk: zmk_hid_mouse_scroll_set: Mouse scroll set to 0/0[0m
[00:01:15.309,417] [0m<dbg> zmk: zmk_hid_mouse_movement_set: Mouse movement set to 0/0[0m
[00:01:15.317,291] [0m<inf> exp02_logging: XY 75317 -8355840 -8355840[0m
[00:01:15.317,413] [0m<dbg> zmk: zmk_hid_mouse_movement_set: Mouse movement set to 0/0[0m
[00:01:15.317,413] [0m<dbg> zmk: zmk_hid_mouse_scroll_set: Mouse scroll set to 0/0[0m
[00:01:15.317,443] [0m<dbg> zmk: zmk_hid_mouse_movement_set: Mouse movement set to 0/0[0m
[00:01:15.325,408] [0m<inf> exp02_logging: XY 75325 -7303146 -723965[0m
[00:01:15.325,531] [0m<dbg> zmk: zmk_hid_mouse_movement_set: Mouse movement set to 127/127[0m
[00:01:15.325,531] [0m<dbg> zmk: zmk_hid_mouse_scroll_set: Mouse scroll set to 0/0[0m
[00:01:15.325,561] [0m<dbg> zmk: zmk_hid_mouse_movement_set: Mouse movement set to 0/0[0m
[00:01:15.333,343] [0m<inf> exp02_logging: XY 75333 -8289995 -8355840[0m
[00:01:15.333,465] [0m<dbg> zmk: zmk_hid_mouse_movement_set: Mouse movement set to 12/0[0m
[00:01:15.333,496] [0m<dbg> zmk: zmk_hid_mouse_scroll_set: Mouse scroll set to 0/0[0m
[00:01:15.333,496] [0m<dbg> zmk: zmk_hid_mouse_movement_set: Mouse movement set to 0/0[0m
[00:01:15.341,369] [0m<inf> exp02_logging: XY 75341 -8355840 -8355840[0m
[00:01:15.341,461] [0m<dbg> zmk: zmk_hid_mouse_movement_set: Mouse movement set to 0/0[0m
[00:01:15.341,461] [0m<dbg> zmk: zmk_hid_mouse_scroll_set: Mouse scroll set to 0/0[0m
[00:01:15.341,491] [0m<dbg> zmk: zmk_hid_mouse_movement_set: Mouse movement set to 0/0[0m
[00:01:15.349,487] [0m<inf> exp02_logging: XY 75349 -526522 -6711008[0m
[00:01:15.349,609] [0m<dbg> zmk: zmk_hid_mouse_movement_set: Mouse movement set to 127/127[0m
[00:01:15.349,609] [0m<dbg> zmk: zmk_hid_mouse_scroll_set: Mouse scroll set to 0/0[0m
[00:01:15.349,639] [0m<dbg> zmk: zmk_hid_mouse_movement_set: Mouse movement set to 0/0[0m
[00:01:15.357,421] [0m<inf> exp02_logging: XY 75357 -8355840 -8355840[0m
[00:01:15.357,543] [0m<dbg> zmk: zmk_hid_mouse_movement_set: Mouse movement set to 0/0[0m
[00:01:15.357,543] [0m<dbg> zmk: zmk_hid_mouse_scroll_set: Mouse scroll set to 0/0[0m
[00:01:15.357,574] [0m<dbg> zmk: zmk_hid_mouse_movement_set: Mouse movement set to 0/0[0m
[00:01:15.365,447] [0m<inf> exp02_logging: XY 75365 -7237274 -789698[0m
[00:01:15.365,600] [0m<dbg> zmk: zmk_hid_mouse_movement_set: Mouse movement set to 127/127[0m
[00:01:15.365,600] [0m<dbg> zmk: zmk_hid_mouse_scroll_set: Mouse scroll set to 0/0[0m
[00:01:15.365,631] [0m<dbg> zmk: zmk_hid_mouse_movement_set: Mouse movement set to 0/0[0m
[00:01:15.373,565] [0m<inf> exp02_logging: XY 75373 -8355743 -8355840[0m
[00:01:15.373,687] [0m<dbg> zmk: zmk_hid_mouse_movement_set: Mouse movement set to 0/0[0m
[00:01:15.373,687] [0m<dbg> zmk: zmk_hid_mouse_scroll_set: Mouse scroll set to 0/0[0m
[00:01:15.373,718] [0m<dbg> zmk: zmk_hid_mouse_movement_set: Mouse movement set to 0/0[0m
[00:01:15.381,500] [0m<inf> exp02_logging: XY 75381 -8355840 -8355840[0m
[00:01:15.389,587] [0m<inf> exp02_logging: XY 75389 -592133 -6711008[0m
[00:01:15.389,709] [0m<dbg> zmk: zmk_hid_mouse_movement_set: Mouse movement set to 127/127[0m
[00:01:15.389,709] [0m<dbg> zmk: zmk_hid_mouse_scroll_set: Mouse scroll set to 0/0[0m
[00:01:15.389,739] [0m<dbg> zmk: zmk_hid_mouse_movement_set: Mouse movement set to 0/0[0m
[00:01:15.397,644] [0m<inf> exp02_logging: XY 75397 -8355840 -8355840[0m
[00:01:15.397,735] [0m<dbg> zmk: zmk_hid_mouse_movement_set: Mouse movement set to 0/0[0m
[00:01:15.397,766] [0m<dbg> zmk: zmk_hid_mouse_scroll_set: Mouse scroll set to 0/0[0m
[00:01:15.397,766] [0m<dbg> zmk: zmk_hid_mouse_movement_set: Mouse movement set to 0/0[0m
[00:01:15.405,639] [0m<inf> exp02_logging: XY 75405 -6973977 -855488[0m
[00:01:15.405,761] [0m<dbg> zmk: zmk_hid_mouse_movement_set: Mouse movement set to 127/127[0m
[00:01:15.405,792] [0m<dbg> zmk: zmk_hid_mouse_scroll_set: Mouse scroll set to 0/0[0m
[00:01:15.405,792] [0m<dbg> zmk: zmk_hid_mouse_movement_set: Mouse movement set to 0/0[0m
[00:01:15.413,604] [0m<inf> exp02_logging: XY 75413 -8355840 -8355840[0m
[00:01:15.413,726] [0m<dbg> zmk: zmk_hid_mouse_movement_set: Mouse movement set to 0/0[0m
[00:01:15.413,757] [0m<dbg> zmk: zmk_hid_mouse_scroll_set: Mouse scroll set to 0/0[0m
[00:01:15.413,757] [0m<dbg> zmk: zmk_hid_mouse_movement_set: Mouse movement set to 0/0[0m
[00:01:15.421,722] [0m<inf> exp02_logging: XY 75421 -8355840 -8355840[0m
[00:01:15.429,687] [0m<inf> exp02_logging: XY 75429 -592187 -7039964[0m
[00:01:15.429,809] [0m<dbg> zmk: zmk_hid_mouse_movement_set: Mouse movement set to 127/127[0m
[00:01:15.429,840] [0m<dbg> zmk: zmk_hid_mouse_scroll_set: Mouse scroll set to 0/0[0m
[00:01:15.429,840] [0m<dbg> zmk: zmk_hid_mouse_movement_set: Mouse movement set to 0/0[0m
[00:01:15.437,774] [0m<inf> exp02_logging: XY 75437 -8355840 -8355840[0m
[00:01:15.437,866] [0m<dbg> zmk: zmk_hid_mouse_movement_set: Mouse movement set to 0/0[0m
[00:01:15.437,896] [0m<dbg> zmk: zmk_hid_mouse_scroll_set: Mouse scroll set to 0/0[0m
[00:01:15.437,927] [0m<dbg> zmk: zmk_hid_mouse_movement_set: Mouse movement set to 0/0[0m
[00:01:15.445,739] [0m<inf> exp02_logging: XY 75445 -6645238 -855369[0m
[00:01:15.445,861] [0m<dbg> zmk: zmk_hid_mouse_movement_set: Mouse movement set to 127/127[0m
[00:01:15.445,861] [0m<dbg> zmk: zmk_hid_mouse_scroll_set: Mouse scroll set to 0/0[0m
[00:01:15.445,892] [0m<dbg> zmk: zmk_hid_mouse_movement_set: Mouse movement set to 0/0[0m
[00:01:15.453,735] [0m<inf> exp02_logging: XY 75453 -8355840 -8355840[0m
[00:01:15.453,857] [0m<dbg> zmk: zmk_hid_mouse_movement_set: Mouse movement set to 0/0[0m
[00:01:15.453,887] [0m<dbg> zmk: zmk_hid_mouse_scroll_set: Mouse scroll set to 0/0[0m
[00:01:15.453,887] [0m<dbg> zmk: zmk_hid_mouse_movement_set: Mouse movement set to 0/0[0m
[00:01:15.461,853] [0m<inf> exp02_logging: XY 75461 -8355840 -8290030[0m
[00:01:15.461,914] [0m<dbg> zmk: zmk_hid_mouse_movement_set: Mouse movement set to 0/12[0m
[00:01:15.461,944] [0m<dbg> zmk: zmk_hid_mouse_scroll_set: Mouse scroll set to 0/0[0m
[00:01:15.461,975] [0m<dbg> zmk: zmk_hid_mouse_movement_set: Mouse movement set to 0/0[0m
[00:01:15.469,787] [0m<inf> exp02_logging: XY 75469 -592269 -8355658[0m
[00:01:15.469,909] [0m<dbg> zmk: zmk_hid_mouse_movement_set: Mouse movement set to 127/0[0m
[00:01:15.469,940] [0m<dbg> zmk: zmk_hid_mouse_scroll_set: Mouse scroll set to 0/0[0m
[00:01:15.469,940] [0m<dbg> zmk: zmk_hid_mouse_movement_set: Mouse movement set to 0/0[0m
[00:01:15.477,813] [0m<inf> exp02_logging: XY 75477 -8355840 -8355840[0m
[00:01:15.477,905] [0m<dbg> zmk: zmk_hid_mouse_movement_set: Mouse movement set to 0/0[0m
[00:01:15.477,905] [0m<dbg> zmk: zmk_hid_mouse_scroll_set: Mouse scroll set to 0/0[0m
[00:01:15.477,935] [0m<dbg> zmk: zmk_hid_mouse_movement_set: Mouse movement set to 0/0[0m
[00:01:15.485,931] [0m<inf> exp02_logging: XY 75485 -6250364 -789702[0m
[00:01:15.486,053] [0m<dbg> zmk: zmk_hid_mouse_movement_set: Mouse movement set to 127/127[0m
[00:01:15.486,083] [0m<dbg> zmk: zmk_hid_mouse_scroll_set: Mouse scroll set to 0/0[0m
[00:01:15.486,083] [0m<dbg> zmk: zmk_hid_mouse_movement_set: Mouse movement set to 0/0[0m
[00:01:15.493,865] [0m<inf> exp02_logging: XY 75493 -8355840 -8355840[0m
[00:01:15.493,988] [0m<dbg> zmk: zmk_hid_mouse_movement_set: Mouse movement set to 0/0[0m
[00:01:15.493,988] [0m<dbg> zmk: zmk_hid_mouse_scroll_set: Mouse scroll set to 0/0[0m
[00:01:15.494,018] [0m<dbg> zmk: zmk_hid_mouse_movement_set: Mouse movement set to 0/0[0m
[00:01:15.501,892] [0m<inf> exp02_logging: XY 75501 -8355840 -8289853[0m
[00:01:15.501,983] [0m<dbg> zmk: zmk_hid_mouse_movement_set: Mouse movement set to 0/12[0m
[00:01:15.502,014] [0m<dbg> zmk: zmk_hid_mouse_scroll_set: Mouse scroll set to 0/0[0m
[00:01:15.502,014] [0m<dbg> zmk: zmk_hid_mouse_movement_set: Mouse movement set to 0/0[0m
[00:01:15.510,009] [0m<inf> exp02_logging: XY 75510 -657984 -8355786[0m
[00:01:15.510,131] [0m<dbg> zmk: zmk_hid_mouse_movement_set: Mouse movement set to 127/0[0m
[00:01:15.510,131] [0m<dbg> zmk: zmk_hid_mouse_scroll_set: Mouse scroll set to 0/0[0m
[00:01:15.510,162] [0m<dbg> zmk: zmk_hid_mouse_movement_set: Mouse movement set to 0/0[0m
[00:01:15.517,944] [0m<inf> exp02_logging: XY 75517 -8355840 -8355840[0m
[00:01:15.518,005] [0m<dbg> zmk: zmk_hid_mouse_movement_set: Mouse movement set to 0/0[0m
[00:01:15.518,035] [0m<dbg> zmk: zmk_hid_mouse_scroll_set: Mouse scroll set to 0/0[0m
[00:01:15.518,035] [0m<dbg> zmk: zmk_hid_mouse_movement_set: Mouse movement set to 0/0[0m
[00:01:15.525,970] [0m<inf> exp02_logging: XY 75525 -6052978 -855440[0m
[00:01:15.526,092] [0m<dbg> zmk: zmk_hid_mouse_movement_set: Mouse movement set to 127/127[0m
[00:01:15.526,123] [0m<dbg> zmk: zmk_hid_mouse_scroll_set: Mouse scroll set to 0/0[0m
[00:01:15.526,153] [0m<dbg> zmk: zmk_hid_mouse_movement_set: Mouse movement set to 0/0[0m
[00:01:15.534,088] [0m<inf> exp02_logging: XY 75534 -8355840 -8355840[0m
[00:01:15.534,179] [0m<dbg> zmk: zmk_hid_mouse_movement_set: Mouse movement set to 0/0[0m
[00:01:15.534,210] [0m<dbg> zmk: zmk_hid_mouse_scroll_set: Mouse scroll set to 0/0[0m
[00:01:15.534,210] [0m<dbg> zmk: zmk_hid_mouse_movement_set: Mouse movement set to 0/0[0m
[00:01:15.542,022] [0m<inf> exp02_logging: XY 75542 -8355840 -8092448[0m
[00:01:15.542,114] [0m<dbg> zmk: zmk_hid_mouse_movement_set: Mouse movement set to 0/51[0m
[00:01:15.542,114] [0m<dbg> zmk: zmk_hid_mouse_scroll_set: Mouse scroll set to 0/0[0m
[00:01:15.542,144] [0m<dbg> zmk: zmk_hid_mouse_movement_set: Mouse movement set to 0/0[0m
[00:01:15.550,048] [0m<inf> exp02_logging: XY 75550 -592296 -8355840[0m
[00:01:15.550,170] [0m<dbg> zmk: zmk_hid_mouse_movement_set: Mouse movement set to 127/0[0m
[00:01:15.550,201] [0m<dbg> zmk: zmk_hid_mouse_scroll_set: Mouse scroll set to 0/0[0m
[00:01:15.550,201] [0m<dbg> zmk: zmk_hid_mouse_movement_set: Mouse movement set to 0/0[0m
[00:01:15.558,166] [0m<inf> exp02_logging: XY 75558 -8355840 -8355840[0m
[00:01:15.558,227] [0m<dbg> zmk: zmk_hid_mouse_movement_set: Mouse movement set to 0/0[0m
[00:01:15.558,258] [0m<dbg> zmk: zmk_hid_mouse_scroll_set: Mouse scroll set to 0/0[0m
[00:01:15.558,258] [0m<dbg> zmk: zmk_hid_mouse_movement_set: Mouse movement set to 0/0[0m
[00:01:15.566,101] [0m<inf> exp02_logging: XY 75566 -5724114 -855305[0m
[00:01:15.566,223] [0m<dbg> zmk: zmk_hid_mouse_movement_set: Mouse movement set to 127/127[0m
[00:01:15.566,253] [0m<dbg> zmk: zmk_hid_mouse_scroll_set: Mouse scroll set to 0/0[0m
[00:01:15.566,253] [0m<dbg> zmk: zmk_hid_mouse_movement_set: Mouse movement set to 0/0[0m
[00:01:15.574,127] [0m<inf> exp02_logging: XY 75574 -8355840 -8355840[0m
[00:01:15.574,249] [0m<dbg> zmk: zmk_hid_mouse_movement_set: Mouse movement set to 0/0[0m
[00:01:15.574,279] [0m<dbg> zmk: zmk_hid_mouse_scroll_set: Mouse scroll set to 0/0[0m
[00:01:15.574,279] [0m<dbg> zmk: zmk_hid_mouse_movement_set: Mouse movement set to 0/0[0m
[00:01:15.582,244] [0m<inf> exp02_logging: XY 75582 -8355840 -7829276[0m
[00:01:15.582,305] [0m<dbg> zmk: zmk_hid_mouse_movement_set: Mouse movement set to 0/102[0m
[00:01:15.582,336] [0m<dbg> zmk: zmk_hid_mouse_scroll_set: Mouse scroll set to 0/0[0m
[00:01:15.582,366] [0m<dbg> zmk: zmk_hid_mouse_movement_set: Mouse movement set to 0/0[0m
[00:01:15.590,179] [0m<inf> exp02_logging: XY 75590 -658124 -8355840[0m
[00:01:15.590,301] [0m<dbg> zmk: zmk_hid_mouse_movement_set: Mouse movement set to 127/0[0m
[00:01:15.590,332] [0m<dbg> zmk: zmk_hid_mouse_scroll_set: Mouse scroll set to 0/0[0m
[00:01:15.590,332] [0m<dbg> zmk: zmk_hid_mouse_movement_set: Mouse movement set to 0/0[0m
[00:01:15.598,205] [0m<inf> exp02_logging: XY 75598 -8355840 -8355840[0m
[00:01:15.598,297] [0m<dbg> zmk: zmk_hid_mouse_movement_set: Mouse movement set to 0/0[0m
[00:01:15.598,297] [0m<dbg> zmk: zmk_hid_mouse_scroll_set: Mouse scroll set to 0/0[0m
[00:01:15.598,327] [0m<dbg> zmk: zmk_hid_mouse_movement_set: Mouse movement set to 0/0[0m
[00:01:15.606,323] [0m<inf> exp02_logging: XY 75606 -5460970 -789745[0m
[00:01:15.606,445] [0m<dbg> zmk: zmk_hid_mouse_movement_set: Mouse movement set to 127/127[0m
[00:01:15.606,445] [0m<dbg> zmk: zmk_hid_mouse_scroll_set: Mouse scroll set to 0/0[0m
[00:01:15.606,475] [0m<dbg> zmk: zmk_hid_mouse_movement_set: Mouse movement set to 0/0[0m
[00:01:15.614,257] [0m<inf> exp02_logging: XY 75614 -8355840 -8355840[0m
[00:01:15.614,379] [0m<dbg> zmk: zmk_hid_mouse_movement_set: Mouse movement set to 0/0[0m
[00:01:15.614,379] [0m<dbg> zmk: zmk_hid_mouse_scroll_set: Mouse scroll set to 0/0[0m
[00:01:15.614,410] [0m<dbg> zmk: zmk_hid_mouse_movement_set: Mouse movement set to 0/0[0m
[00:01:15.622,283] [0m<inf> exp02_logging: XY 75622 -8355840 -7763603[0m
[00:01:15.622,375] [0m<dbg> zmk: zmk_hid_mouse_movement_set: Mouse movement set to 0/114[0m
[00:01:15.622,406] [0m<dbg> zmk: zmk_hid_mouse_scroll_set: Mouse scroll set to 0/0[0m
[00:01:15.622,406] [0m<dbg> zmk: zmk_hid_mouse_movement_set: Mouse movement set to 0/0[0m
[00:01:15.630,401] [0m<inf> exp02_logging: XY 75630 -986963 -8355840[0m
[00:01:15.630,523] [0m<dbg> zmk: zmk_hid_mouse_movement_set: Mouse movement set to 127/0[0m
[00:01:15.630,523] [0m<dbg> zmk: zmk_hid_mouse_scroll_set: Mouse scroll set to 0/0[0m
[00:01:15.630,554] [0m<dbg> zmk: zmk_hid_mouse_movement_set: Mouse movement set to 0/0[0m
[00:01:15.638,336] [0m<inf> exp02_logging: XY 75638 -8355840 -8355840[0m
[00:01:15.638,427] [0m<dbg> zmk: zmk_hid_mouse_movement_set: Mouse movement set to 0/0[0m
[00:01:15.638,427] [0m<dbg> zmk: zmk_hid_mouse_scroll_set: Mouse scroll set to 0/0[0m
[00:01:15.638,458] [0m<dbg> zmk: zmk_hid_mouse_movement_set: Mouse movement set to 0/0[0m
[00:01:15.646,362] [0m<inf> exp02_logging: XY 75646 -5329287 -789645[0m
[00:01:15.646,514] [0m<dbg> zmk: zmk_hid_mouse_movement_set: Mouse movement set to 127/127[0m
[00:01:15.646,514] [0m<dbg> zmk: zmk_hid_mouse_scroll_set: Mouse scroll set to 0/0[0m
[00:01:15.646,545] [0m<dbg> zmk: zmk_hid_mouse_movement_set: Mouse movement set to 0/0[0m
[00:01:15.654,479] [0m<inf> exp02_logging: XY 75654 -8355840 -8355840[0m
[00:01:15.654,571] [0m<dbg> zmk: zmk_hid_mouse_movement_set: Mouse movement set to 0/0[0m
[00:01:15.654,602] [0m<dbg> zmk: zmk_hid_mouse_scroll_set: Mouse scroll set to 0/0[0m
[00:01:15.654,632] [0m<dbg> zmk: zmk_hid_mouse_movement_set: Mouse movement set to 0/0[0m
[00:01:15.662,414] [0m<inf> exp02_logging: XY 75662 -8355840 -7566134[0m
[00:01:15.662,506] [0m<dbg> zmk: zmk_hid_mouse_movement_set: Mouse movement set to 0/127[0m
[00:01:15.662,506] [0m<dbg> zmk: zmk_hid_mouse_scroll_set: Mouse scroll set to 0/0[0m
[00:01:15.662,536] [0m<dbg> zmk: zmk_hid_mouse_movement_set: Mouse movement set to 0/0[0m
[00:01:15.670,440] [0m<inf> exp02_logging: XY 75670 -1513298 -8355840[0m
[00:01:15.670,562] [0m<dbg> zmk: zmk_hid_mouse_movement_set: Mouse movement set to 127/0[0m
[00:01:15.670,593] [0m<dbg> zmk: zmk_hid_mouse_scroll_set: Mouse scroll set to 0/0[0m
[00:01:15.670,593] [0m<dbg> zmk: zmk_hid_mouse_movement_set: Mouse movement set to 0/0[0m
[00:01:15.678,558] [0m<inf> exp02_logging: XY 75678 -8355840 -8355840[0m
[00:01:15.678,619] [0m<dbg> zmk: zmk_hid_mouse_movement_set: Mouse movement set to 0/0[0m
[00:01:15.678,649] [0m<dbg> zmk: zmk_hid_mouse_scroll_set: Mouse scroll set to 0/0[0m
[00:01:15.678,649] [0m<dbg> zmk: zmk_hid_mouse_movement_set: Mouse movement set to 0/0[0m
[00:01:15.686,492] [0m<inf> exp02_logging: XY 75686 -4934589 -789704[0m
[00:01:15.686,614] [0m<dbg> zmk: zmk_hid_mouse_movement_set: Mouse movement set to 127/127[0m
[00:01:15.686,645] [0m<dbg> zmk: zmk_hid_mouse_scroll_set: Mouse scroll set to 0/0[0m
[00:01:15.686,645] [0m<dbg> zmk: zmk_hid_mouse_movement_set: Mouse movement set to 0/0[0m
[00:01:15.694,519] [0m<inf> exp02_logging: XY 75694 -8355840 -8355840[0m
[00:01:15.694,641] [0m<dbg> zmk: zmk_hid_mouse_movement_set: Mouse movement set to 0/0[0m
[00:01:15.694,671] [0m<dbg> zmk: zmk_hid_mouse_scroll_set: Mouse scroll set to 0/0[0m
[00:01:15.694,671] [0m<dbg> zmk: zmk_hid_mouse_movement_set: Mouse movement set to 0/0[0m
[00:01:15.702,636] [0m<inf> exp02_logging: XY 75702 -8355840 -7171569[0m
[00:01:15.702,697] [0m<dbg> zmk: zmk_hid_mouse_movement_set: Mouse movement set to 0/127[0m
[00:01:15.702,728] [0m<dbg> zmk: zmk_hid_mouse_scroll_set: Mouse scroll set to 0/0[0m
[00:01:15.702,728] [0m<dbg> zmk: zmk_hid_mouse_movement_set: Mouse movement set to 0/0[0m
[00:01:15.710,571] [0m<inf> exp02_logging: XY 75710 -2039754 -8355840[0m
[00:01:15.710,693] [0m<dbg> zmk: zmk_hid_mouse_movement_set: Mouse movement set to 127/0[0m
[00:01:15.710,723] [0m<dbg> zmk: zmk_hid_mouse_scroll_set: Mouse scroll set to 0/0[0m
[00:01:15.710,723] [0m<dbg> zmk: zmk_hid_mouse_movement_set: Mouse movement set to 0/0[0m
[00:01:15.718,597] [0m<inf> exp02_logging: XY 75718 -8355840 -8355840[0m
[00:01:15.718,688] [0m<dbg> zmk: zmk_hid_mouse_movement_set: Mouse movement set to 0/0[0m
[00:01:15.718,688] [0m<dbg> zmk: zmk_hid_mouse_scroll_set: Mouse scroll set to 0/0[0m
[00:01:15.718,719] [0m<dbg> zmk: zmk_hid_mouse_movement_set: Mouse movement set to 0/0[0m
[00:01:15.726,715] [0m<inf> exp02_logging: XY 75726 -4473990 -1118567[0m
[00:01:15.726,837] [0m<dbg> zmk: zmk_hid_mouse_movement_set: Mouse movement set to 127/127[0m
[00:01:15.726,837] [0m<dbg> zmk: zmk_hid_mouse_scroll_set: Mouse scroll set to 0/0[0m
[00:01:15.726,867] [0m<dbg> zmk: zmk_hid_mouse_movement_set: Mouse movement set to 0/0[0m
[00:01:15.734,649] [0m<inf> exp02_logging: XY 75734 -8355840 -8355840[0m
[00:01:15.734,771] [0m<dbg> zmk: zmk_hid_mouse_movement_set: Mouse movement set to 0/0[0m
[00:01:15.734,771] [0m<dbg> zmk: zmk_hid_mouse_scroll_set: Mouse scroll set to 0/0[0m
[00:01:15.734,802] [0m<dbg> zmk: zmk_hid_mouse_movement_set: Mouse movement set to 0/0[0m
[00:01:15.742,675] [0m<inf> exp02_logging: XY 75742 -8355840 -7105605[0m
[00:01:15.742,767] [0m<dbg> zmk: zmk_hid_mouse_movement_set: Mouse movement set to 0/127[0m
[00:01:15.742,797] [0m<dbg> zmk: zmk_hid_mouse_scroll_set: Mouse scroll set to 0/0[0m
[00:01:15.742,797] [0m<dbg> zmk: zmk_hid_mouse_movement_set: Mouse movement set to 0/0[0m
[00:01:15.750,793] [0m<inf> exp02_logging: XY 75750 -2566041 -8355840[0m
[00:01:15.750,915] [0m<dbg> zmk: zmk_hid_mouse_movement_set: Mouse movement set to 127/0[0m
[00:01:15.750,915] [0m<dbg> zmk: zmk_hid_mouse_scroll_set: Mouse scroll set to 0/0[0m
[00:01:15.750,946] [0m<dbg> zmk: zmk_hid_mouse_movement_set: Mouse movement set to 0/0[0m
[00:01:15.758,728] [0m<inf> exp02_logging: XY 75758 -8355840 -8355840[0m
[00:01:15.758,789] [0m<dbg> zmk: zmk_hid_mouse_movement_set: Mouse movement set to 0/0[0m
[00:01:15.758,819] [0m<dbg> zmk: zmk_hid_mouse_scroll_set: Mouse scroll set to 0/0[0m
[00:01:15.758,850] [0m<dbg> zmk: zmk_hid_mouse_movement_set: Mouse movement set to 0/0[0m
[00:01:15.766,754] [0m<inf> exp02_logging: XY 75766 -4210877 -1381743[0m
[00:01:15.766,876] [0m<dbg> zmk: zmk_hid_mouse_movement_set: Mouse movement set to 127/127[0m
[00:01:15.766,906] [0m<dbg> zmk: zmk_hid_mouse_scroll_set: Mouse scroll set to 0/0[0m
[00:01:15.766,937] [0m<dbg> zmk: zmk_hid_mouse_movement_set: Mouse movement set to 0/0[0m
[00:01:15.774,871] [0m<inf> exp02_logging: XY 75774 -8355840 -8355840[0m
[00:01:15.774,963] [0m<dbg> zmk: zmk_hid_mouse_movement_set: Mouse movement set to 0/0[0m
[00:01:15.774,993] [0m<dbg> zmk: zmk_hid_mouse_scroll_set: Mouse scroll set to 0/0[0m
[00:01:15.774,993] [0m<dbg> zmk: zmk_hid_mouse_movement_set: Mouse movement set to 0/0[0m
[00:01:15.782,806] [0m<inf> exp02_logging: XY 75782 -8355840 -6908294[0m
[00:01:15.782,897] [0m<dbg> zmk: zmk_hid_mouse_movement_set: Mouse movement set to 0/127[0m
[00:01:15.782,897] [0m<dbg> zmk: zmk_hid_mouse_scroll_set: Mouse scroll set to 0/0[0m
[00:01:15.782,928] [0m<dbg> zmk: zmk_hid_mouse_movement_set: Mouse movement set to 0/0[0m
[00:01:15.790,832] [0m<inf> exp02_logging: XY 75790 -3026578 -8355840[0m
[00:01:15.790,954] [0m<dbg> zmk: zmk_hid_mouse_movement_set: Mouse movement set to 127/0[0m
[00:01:15.790,985] [0m<dbg> zmk: zmk_hid_mouse_scroll_set: Mouse scroll set to 0/0[0m
[00:01:15.790,985] [0m<dbg> zmk: zmk_hid_mouse_movement_set: Mouse movement set to 0/0[0m
[00:01:15.798,950] [0m<inf> exp02_logging: XY 75798 -8355840 -8355840[0m
[00:01:15.799,011] [0m<dbg> zmk: zmk_hid_mouse_movement_set: Mouse movement set to 0/0[0m
[00:01:15.799,041] [0m<dbg> zmk: zmk_hid_mouse_scroll_set: Mouse scroll set to 0/0[0m
[00:01:15.799,041] [0m<dbg> zmk: zmk_hid_mouse_movement_set: Mouse movement set to 0/0[0m
[00:01:15.806,884] [0m<inf> exp02_logging: XY 75806 -3816125 -1842253[0m
[00:01:15.807,006] [0m<dbg> zmk: zmk_hid_mouse_movement_set: Mouse movement set to 127/127[0m
[00:01:15.807,037] [0m<dbg> zmk: zmk_hid_mouse_scroll_set: Mouse scroll set to 0/0[0m
[00:01:15.807,037] [0m<dbg> zmk: zmk_hid_mouse_movement_set: Mouse movement set to 0/0[0m
[00:01:15.814,910] [0m<inf> exp02_logging: XY 75814 -8355840 -8355840[0m
[00:01:15.815,032] [0m<dbg> zmk: zmk_hid_mouse_movement_set: Mouse movement set to 0/0[0m
[00:01:15.815,063] [0m<dbg> zmk: zmk_hid_mouse_scroll_set: Mouse scroll set to 0/0[0m
[00:01:15.815,063] [0m<dbg> zmk: zmk_hid_mouse_movement_set: Mouse movement set to 0/0[0m
[00:01:15.823,028] [0m<inf> exp02_logging: XY 75822 -8355840 -6645235[0m
[00:01:15.823,089] [0m<dbg> zmk: zmk_hid_mouse_movement_set: Mouse movement set to 0/127[0m
[00:01:15.823,120] [0m<dbg> zmk: zmk_hid_mouse_scroll_set: Mouse scroll set to 0/0[0m
[00:01:15.823,120] [0m<dbg> zmk: zmk_hid_mouse_movement_set: Mouse movement set to 0/0[0m
[00:01:15.830,963] [0m<inf> exp02_logging: XY 75830 -3421368 -8355840[0m
[00:01:15.831,085] [0m<dbg> zmk: zmk_hid_mouse_movement_set: Mouse movement set to 127/0[0m
[00:01:15.831,115] [0m<dbg> zmk: zmk_hid_mouse_scroll_set: Mouse scroll set to 0/0[0m
[00:01:15.831,115] [0m<dbg> zmk: zmk_hid_mouse_movement_set: Mouse movement set to 0/0[0m
[00:01:15.838,989] [0m<inf> exp02_logging: XY 75838 -8355840 -8355840[0m
[00:01:15.839,080] [0m<dbg> zmk: zmk_hid_mouse_movement_set: Mouse movement set to 0/0[0m
[00:01:15.839,080] [0m<dbg> zmk: zmk_hid_mouse_scroll_set: Mouse scroll set to 0/0[0m
[00:01:15.839,111] [0m<dbg> zmk: zmk_hid_mouse_movement_set: Mouse movement set to 0/0[0m
[00:01:15.847,106] [0m<inf> exp02_logging: XY 75847 -3289746 -2566126[0m
[00:01:15.847,229] [0m<dbg> zmk: zmk_hid_mouse_movement_set: Mouse movement set to 127/127[0m
[00:01:15.847,229] [0m<dbg> zmk: zmk_hid_mouse_scroll_set: Mouse scroll set to 0/0[0m
[00:01:15.847,259] [0m<dbg> zmk: zmk_hid_mouse_movement_set: Mouse movement set to 0/0[0m
[00:01:15.855,041] [0m<inf> exp02_logging: XY 75855 -8355840 -8355840[0m
[00:01:15.855,163] [0m<dbg> zmk: zmk_hid_mouse_movement_set: Mouse movement set to 0/0[0m
[00:01:15.855,163] [0m<dbg> zmk: zmk_hid_mouse_scroll_set: Mouse scroll set to 0/0[0m
[00:01:15.855,194] [0m<dbg> zmk: zmk_hid_mouse_movement_set: Mouse movement set to 0/0[0m
[00:01:15.863,067] [0m<inf> exp02_logging: XY 75863 -8355840 -6579238[0m
[00:01:15.863,159] [0m<dbg> zmk: zmk_hid_mouse_movement_set: Mouse movement set to 0/127[0m
[00:01:15.863,189] [0m<dbg> zmk: zmk_hid_mouse_scroll_set: Mouse scroll set to 0/0[0m
[00:01:15.863,189] [0m<dbg> zmk: zmk_hid_mouse_movement_set: Mouse movement set to 0/0[0m
[00:01:15.871,185] [0m<inf> exp02_logging: XY 75871 -3947739 -8355840[0m
[00:01:15.871,307] [0m<dbg> zmk: zmk_hid_mouse_movement_set: Mouse movement set to 127/0[0m
[00:01:15.871,307] [0m<dbg> zmk: zmk_hid_mouse_scroll_set: Mouse scroll set to 0/0[0m
[00:01:15.871,337] [0m<dbg> zmk: zmk_hid_mouse_movement_set: Mouse movement set to 0/0[0m
[00:01:15.879,119] [0m<inf> exp02_logging: XY 75879 -8355840 -8355840[0m
[00:01:15.879,211] [0m<dbg> zmk: zmk_hid_mouse_movement_set: Mouse movement set to 0/0[0m
[00:01:15.879,211] [0m<dbg> zmk: zmk_hid_mouse_scroll_set: Mouse scroll set to 0/0[0m
[00:01:15.879,241] [0m<dbg> zmk: zmk_hid_mouse_movement_set: Mouse movement set to 0/0[0m
[00:01:15.887,145] [0m<inf> exp02_logging: XY 75887 -3026604 -2697495[0m
[00:01:15.887,268] [0m<dbg> zmk: zmk_hid_mouse_movement_set: Mouse movement set to 127/127[0m
[00:01:15.887,298] [0m<dbg> zmk: zmk_hid_mouse_scroll_set: Mouse scroll set to 0/0[0m
[00:01:15.887,329] [0m<dbg> zmk: zmk_hid_mouse_movement_set: Mouse movement set to 0/0[0m
[00:01:15.895,263] [0m<inf> exp02_logging: XY 75895 -8355840 -8355840[0m
[00:01:15.895,355] [0m<dbg> zmk: zmk_hid_mouse_movement_set: Mouse movement set to 0/0[0m
[00:01:15.895,385] [0m<dbg> zmk: zmk_hid_mouse_scroll_set: Mouse scroll set to 0/0[0m
[00:01:15.895,416] [0m<dbg> zmk: zmk_hid_mouse_movement_set: Mouse movement set to 0/0[0m
[00:01:15.903,198] [0m<inf> exp02_logging: XY 75903 -8355840 -6381849[0m
[00:01:15.903,289] [0m<dbg> zmk: zmk_hid_mouse_movement_set: Mouse movement set to 0/127[0m
[00:01:15.903,289] [0m<dbg> zmk: zmk_hid_mouse_scroll_set: Mouse scroll set to 0/0[0m
[00:01:15.903,320] [0m<dbg> zmk: zmk_hid_mouse_movement_set: Mouse movement set to 0/0[0m
[00:01:15.911,224] [0m<inf> exp02_logging: XY 75911 -4210691 -8355840[0m
[00:01:15.911,346] [0m<dbg> zmk: zmk_hid_mouse_movement_set: Mouse movement set to 127/0[0m
[00:01:15.911,376] [0m<dbg> zmk: zmk_hid_mouse_scroll_set: Mouse scroll set to 0/0[0m
[00:01:15.911,376] [0m<dbg> zmk: zmk_hid_mouse_movement_set: Mouse movement set to 0/0[0m
[00:01:15.919,342] [0m<inf> exp02_logging: XY 75919 -8355840 -8355840[0m
[00:01:15.919,403] [0m<dbg> zmk: zmk_hid_mouse_movement_set: Mouse movement set to 0/0[0m
[00:01:15.919,433] [0m<dbg> zmk: zmk_hid_mouse_scroll_set: Mouse scroll set to 0/0[0m
[00:01:15.919,433] [0m<dbg> zmk: zmk_hid_mouse_movement_set: Mouse movement set to 0/0[0m
[00:01:15.927,276] [0m<inf> exp02_logging: XY 75927 -2500289 -3289658[0m
[00:01:15.927,398] [0m<dbg> zmk: zmk_hid_mouse_movement_set: Mouse movement set to 127/127[0m
[00:01:15.927,429] [0m<dbg> zmk: zmk_hid_mouse_scroll_set: Mouse scroll set to 0/0[0m
[00:01:15.927,429] [0m<dbg> zmk: zmk_hid_mouse_movement_set: Mouse movement set to 0/0[0m
[00:01:15.935,302] [0m<inf> exp02_logging: XY 75935 -8355840 -8355840[0m
[00:01:15.935,424] [0m<dbg> zmk: zmk_hid_mouse_movement_set: Mouse movement set to 0/0[0m
[00:01:15.935,455] [0m<dbg> zmk: zmk_hid_mouse_scroll_set: Mouse scroll set to 0/0[0m
[00:01:15.935,455] [0m<dbg> zmk: zmk_hid_mouse_movement_set: Mouse movement set to 0/0[0m
[00:01:15.943,420] [0m<inf> exp02_logging: XY 75943 -8355840 -5855624[0m
[00:01:15.943,481] [0m<dbg> zmk: zmk_hid_mouse_movement_set: Mouse movement set to 0/127[0m
[00:01:15.943,511] [0m<dbg> zmk: zmk_hid_mouse_scroll_set: Mouse scroll set to 0/0[0m
[00:01:15.943,511] [0m<dbg> zmk: zmk_hid_mouse_movement_set: Mouse movement set to 0/0[0m
[00:01:15.951,354] [0m<inf> exp02_logging: XY 75951 -4605608 -8355840[0m
[00:01:15.951,477] [0m<dbg> zmk: zmk_hid_mouse_movement_set: Mouse movement set to 127/0[0m
[00:01:15.951,507] [0m<dbg> zmk: zmk_hid_mouse_scroll_set: Mouse scroll set to 0/0[0m
[00:01:15.951,507] [0m<dbg> zmk: zmk_hid_mouse_movement_set: Mouse movement set to 0/0[0m
[00:01:15.959,381] [0m<inf> exp02_logging: XY 75959 -8355840 -8355840[0m
[00:01:15.959,472] [0m<dbg> zmk: zmk_hid_mouse_movement_set: Mouse movement set to 0/0[0m
[00:01:15.959,472] [0m<dbg> zmk: zmk_hid_mouse_scroll_set: Mouse scroll set to 0/0[0m
[00:01:15.959,503] [0m<dbg> zmk: zmk_hid_mouse_movement_set: Mouse movement set to 0/0[0m
[00:01:15.967,498] [0m<inf> exp02_logging: XY 75967 -1973920 -3815987[0m
[00:01:15.967,620] [0m<dbg> zmk: zmk_hid_mouse_movement_set: Mouse movement set to 127/127[0m
[00:01:15.967,620] [0m<dbg> zmk: zmk_hid_mouse_scroll_set: Mouse scroll set to 0/0[0m
[00:01:15.967,651] [0m<dbg> zmk: zmk_hid_mouse_movement_set: Mouse movement set to 0/0[0m
[00:01:15.975,433] [0m<inf> exp02_logging: XY 75975 -8355840 -8355840[0m
[00:01:15.975,555] [0m<dbg> zmk: zmk_hid_mouse_movement_set: Mouse movement set to 0/0[0m
[00:01:15.975,555] [0m<dbg> zmk: zmk_hid_mouse_scroll_set: Mouse scroll set to 0/0[0m
[00:01:15.975,585] [0m<dbg> zmk: zmk_hid_mouse_movement_set: Mouse movement set to 0/0[0m
[00:01:15.983,459] [0m<inf> exp02_logging: XY 75983 -8355840 -5592350[0m
[00:01:15.983,551] [0m<dbg> zmk: zmk_hid_mouse_movement_set: Mouse movement set to 0/127[0m
[00:01:15.983,551] [0m<dbg> zmk: zmk_hid_mouse_scroll_set: Mouse scroll set to 0/0[0m
[00:01:15.983,581] [0m<dbg> zmk: zmk_hid_mouse_movement_set: Mouse movement set to 0/0[0m
[00:01:15.991,577] [0m<inf> exp02_logging: XY 75991 -5066230 -8355840[0m
[00:01:15.991,699] [0m<dbg> zmk: zmk_hid_mouse_movement_set: Mouse movement set to 127/0[0m
[00:01:15.991,699] [0m<dbg> zmk: zmk_hid_mouse_scroll_set: Mouse scroll set to 0/0[0m
[00:01:15.991,729] [0m<dbg> zmk: zmk_hid_mouse_movement_set: Mouse movement set to 0/0[0m
[00:01:15.999,511] [0m<inf> exp02_logging: XY 75999 -8355840 -8355840[0m
[00:01:15.999,572] [0m<dbg> zmk: zmk_hid_mouse_movement_set: Mouse movement set to 0/0[0m
[00:01:15.999,603] [0m<dbg> zmk: zmk_hid_mouse_scroll_set: Mouse scroll set to 0/0[0m
[00:01:15.999,633] [0m<dbg> zmk: zmk_hid_mouse_movement_set: Mouse movement set to 0/0[0m
[00:01:16.007,537] [0m<inf> exp02_logging: XY 76007 -1184421 -4013402[0m
[00:01:16.007,690] [0m<dbg> zmk: zmk_hid_mouse_movement_set: Mouse movement set to 127/127[0m
[00:01:16.007,690] [0m<dbg> zmk: zmk_hid_mouse_scroll_set: Mouse scroll set to 0/0[0m
[00:01:16.007,720] [0m<dbg> zmk: zmk_hid_mouse_movement_set: Mouse movement set to 0/0[0m
[00:01:16.015,655] [0m<inf> exp02_logging: XY 76015 -8355840 -8355840[0m
[00:01:16.015,747] [0m<dbg> zmk: zmk_hid_mouse_movement_set: Mouse movement set to 0/0[0m
[00:01:16.015,777] [0m<dbg> zmk: zmk_hid_mouse_scroll_set: Mouse scroll set to 0/0[0m
[00:01:16.015,777] [0m<dbg> zmk: zmk_hid_mouse_movement_set: Mouse movement set to 0/0[0m
[00:01:16.023,590] [0m<inf> exp02_logging: XY 76023 -8355840 -5000309[0m
[00:01:16.023,681] [0m<dbg> zmk: zmk_hid_mouse_movement_set: Mouse movement set to 0/127[0m
[00:01:16.023,681] [0m<dbg> zmk: zmk_hid_mouse_scroll_set: Mouse scroll set to 0/0[0m
[00:01:16.023,712] [0m<dbg> zmk: zmk_hid_mouse_movement_set: Mouse movement set to 0/0[0m
[00:01:16.031,616] [0m<inf> exp02_logging: XY 76031 -5592432 -8355840[0m
[00:01:16.031,738] [0m<dbg> zmk: zmk_hid_mouse_movement_set: Mouse movement set to 127/0[0m
[00:01:16.031,768] [0m<dbg> zmk: zmk_hid_mouse_scroll_set: Mouse scroll set to 0/0[0m
[00:01:16.031,768] [0m<dbg> zmk: zmk_hid_mouse_movement_set: Mouse movement set to 0/0[0m
[00:01:16.039,733] [0m<inf> exp02_logging: XY 76039 -8355840 -8355840[0m
[00:01:16.039,794] [0m<dbg> zmk: zmk_hid_mouse_movement_set: Mouse movement set to 0/0[0m
[00:01:16.039,825] [0m<dbg> zmk: zmk_hid_mouse_scroll_set: Mouse scroll set to 0/0[0m
[00:01:16.039,825] [0m<dbg> zmk: zmk_hid_mouse_movement_set: Mouse movement set to 0/0[0m
[00:01:16.047,668] [0m<inf> exp02_logging: XY 76047 -1250074 -4539774[0m
[00:01:16.047,790] [0m<dbg> zmk: zmk_hid_mouse_movement_set: Mouse movement set to 127/127[0m
[00:01:16.047,821] [0m<dbg> zmk: zmk_hid_mouse_scroll_set: Mouse scroll set to 0/0[0m
[00:01:16.047,821] [0m<dbg> zmk: zmk_hid_mouse_movement_set: Mouse movement set to 0/0[0m
[00:01:16.055,694] [0m<inf> exp02_logging: XY 76055 -8355840 -8355840[0m
[00:01:16.055,816] [0m<dbg> zmk: zmk_hid_mouse_movement_set: Mouse movement set to 0/0[0m
[00:01:16.055,847] [0m<dbg> zmk: zmk_hid_mouse_scroll_set: Mouse scroll set to 0/0[0m
[00:01:16.055,847] [0m<dbg> zmk: zmk_hid_mouse_movement_set: Mouse movement set to 0/0[0m
[00:01:16.063,812] [0m<inf> exp02_logging: XY 76063 -8355840 -4276600[0m
[00:01:16.063,873] [0m<dbg> zmk: zmk_hid_mouse_movement_set: Mouse movement set to 0/127[0m
[00:01:16.063,903] [0m<dbg> zmk: zmk_hid_mouse_scroll_set: Mouse scroll set to 0/0[0m
[00:01:16.063,934] [0m<dbg> zmk: zmk_hid_mouse_movement_set: Mouse movement set to 0/0[0m
[00:01:16.071,746] [0m<inf> exp02_logging: XY 76071 -5855724 -8355840[0m
[00:01:16.071,868] [0m<dbg> zmk: zmk_hid_mouse_movement_set: Mouse movement set to 127/0[0m
[00:01:16.071,899] [0m<dbg> zmk: zmk_hid_mouse_scroll_set: Mouse scroll set to 0/0[0m
[00:01:16.071,899] [0m<dbg> zmk: zmk_hid_mouse_movement_set: Mouse movement set to 0/0[0m
[00:01:16.079,772] [0m<inf> exp02_logging: XY 76079 -8355840 -8355840[0m
[00:01:16.079,864] [0m<dbg> zmk: zmk_hid_mouse_movement_set: Mouse movement set to 0/0[0m
[00:01:16.079,864] [0m<dbg> zmk: zmk_hid_mouse_scroll_set: Mouse scroll set to 0/0[0m
[00:01:16.079,895] [0m<dbg> zmk: zmk_hid_mouse_movement_set: Mouse movement set to 0/0[0m
[00:01:16.087,890] [0m<inf> exp02_logging: XY 76087 -921090 -5066018[0m
[00:01:16.088,012] [0m<dbg> zmk: zmk_hid_mouse_movement_set: Mouse movement set to 127/127[0m
[00:01:16.088,043] [0m<dbg> zmk: zmk_hid_mouse_scroll_set: Mouse scroll set to 0/0[0m
[00:01:16.088,043] [0m<dbg> zmk: zmk_hid_mouse_movement_set: Mouse movement set to 0/0[0m
[00:01:16.095,825] [0m<inf> exp02_logging: XY 76095 -8355840 -8355840[0m
[00:01:16.095,947] [0m<dbg> zmk: zmk_hid_mouse_movement_set: Mouse movement set to 0/0[0m
[00:01:16.095,947] [0m<dbg> zmk: zmk_hid_mouse_scroll_set: Mouse scroll set to 0/0[0m
[00:01:16.095,977] [0m<dbg> zmk: zmk_hid_mouse_movement_set: Mouse movement set to 0/0[0m
[00:01:16.103,851] [0m<inf> exp02_logging: XY 76103 -8355840 -3881958[0m
[00:01:16.103,942] [0m<dbg> zmk: zmk_hid_mouse_movement_set: Mouse movement set to 0/127[0m
[00:01:16.103,973] [0m<dbg> zmk: zmk_hid_mouse_scroll_set: Mouse scroll set to 0/0[0m
[00:01:16.103,973] [0m<dbg> zmk: zmk_hid_mouse_movement_set: Mouse movement set to 0/0[0m
[00:01:16.111,968] [0m<inf> exp02_logging: XY 76111 -6316176 -8355840[0m
[00:01:16.112,091] [0m<dbg> zmk: zmk_hid_mouse_movement_set: Mouse movement set to 127/0[0m
[00:01:16.112,091] [0m<dbg> zmk: zmk_hid_mouse_scroll_set: Mouse scroll set to 0/0[0m
[00:01:16.112,121] [0m<dbg> zmk: zmk_hid_mouse_movement_set: Mouse movement set to 0/0[0m
[00:01:16.119,903] [0m<inf> exp02_logging: XY 76119 -8355840 -8355840[0m
[00:01:16.119,995] [0m<dbg> zmk: zmk_hid_mouse_movement_set: Mouse movement set to 0/0[0m
[00:01:16.119,995] [0m<dbg> zmk: zmk_hid_mouse_scroll_set: Mouse scroll set to 0/0[0m
[00:01:16.120,025] [0m<dbg> zmk: zmk_hid_mouse_movement_set: Mouse movement set to 0/0[0m
[00:01:16.127,929] [0m<inf> exp02_logging: XY 76127 -855485 -5329352[0m
[00:01:16.128,082] [0m<dbg> zmk: zmk_hid_mouse_movement_set: Mouse movement set to 127/127[0m
[00:01:16.128,082] [0m<dbg> zmk: zmk_hid_mouse_scroll_set: Mouse scroll set to 0/0[0m
[00:01:16.128,112] [0m<dbg> zmk: zmk_hid_mouse_movement_set: Mouse movement set to 0/0[0m
[00:01:16.136,047] [0m<inf> exp02_logging: XY 76136 -8355840 -8355840[0m
[00:01:16.136,138] [0m<dbg> zmk: zmk_hid_mouse_movement_set: Mouse movement set to 0/0[0m
[00:01:16.136,169] [0m<dbg> zmk: zmk_hid_mouse_scroll_set: Mouse scroll set to 0/0[0m
[00:01:16.136,169] [0m<dbg> zmk: zmk_hid_mouse_movement_set: Mouse movement set to 0/0[0m
[00:01:16.143,981] [0m<inf> exp02_logging: XY 76143 -8355840 -1316027[0m
[00:01:16.144,073] [0m<dbg> zmk: zmk_hid_mouse_movement_set: Mouse movement set to 0/127[0m
[00:01:16.144,073] [0m<dbg> zmk: zmk_hid_mouse_scroll_set: Mouse scroll set to 0/0[0m
[00:01:16.144,104] [0m<dbg> zmk: zmk_hid_mouse_movement_set: Mouse movement set to 0/0[0m
[00:01:16.152,008] [0m<inf> exp02_logging: XY 76152 -6973960 -8355840[0m
[00:01:16.152,130] [0m<dbg> zmk: zmk_hid_mouse_movement_set: Mouse movement set to 127/0[0m
[00:01:16.152,160] [0m<dbg> zmk: zmk_hid_mouse_scroll_set: Mouse scroll set to 0/0[0m
[00:01:16.152,160] [0m<dbg> zmk: zmk_hid_mouse_movement_set: Mouse movement set to 0/0[0m
[00:01:16.160,125] [0m<inf> exp02_logging: XY 76160 -8355840 -8355840[0m
[00:01:16.160,186] [0m<dbg> zmk: zmk_hid_mouse_movement_set: Mouse movement set to 0/0[0m
[00:01:16.160,217] [0m<dbg> zmk: zmk_hid_mouse_scroll_set: Mouse scroll set to 0/0[0m
[00:01:16.160,217] [0m<dbg> zmk: zmk_hid_mouse_movement_set: Mouse movement set to 0/0[0m
[00:01:16.168,060] [0m<inf> exp02_logging: XY 76168 -855383 -5855681[0m
[00:01:16.168,182] [0m<dbg> zmk: zmk_hid_mouse_movement_set: Mouse movement set to 127/127[0m
[00:01:16.168,212] [0m<dbg> zmk: zmk_hid_mouse_scroll_set: Mouse scroll set to 0/0[0m
[00:01:16.168,212] [0m<dbg> zmk: zmk_hid_mouse_movement_set: Mouse movement set to 0/0[0m
[00:01:16.176,086] [0m<inf> exp02_logging: XY 76176 -8355840 -8355840[0m
[00:01:16.176,208] [0m<dbg> zmk: zmk_hid_mouse_movement_set: Mouse movement set to 0/0[0m
[00:01:16.176,239] [0m<dbg> zmk: zmk_hid_mouse_scroll_set: Mouse scroll set to 0/0[0m
[00:01:16.176,239] [0m<dbg> zmk: zmk_hid_mouse_movement_set: Mouse movement set to 0/0[0m
[00:01:16.184,204] [0m<inf> exp02_logging: XY 76184 -8355840 -921218[0m
[00:01:16.184,265] [0m<dbg> zmk: zmk_hid_mouse_movement_set: Mouse movement set to 0/127[0m
[00:01:16.184,295] [0m<dbg> zmk: zmk_hid_mouse_scroll_set: Mouse scroll set to 0/0[0m
[00:01:16.184,295] [0m<dbg> zmk: zmk_hid_mouse_movement_set: Mouse movement set to 0/0[0m
[00:01:16.192,138] [0m<inf> exp02_logging: XY 76192 -6908339 -8355840[0m
[00:01:16.192,260] [0m<dbg> zmk: zmk_hid_mouse_movement_set: Mouse movement set to 127/0[0m
[00:01:16.192,291] [0m<dbg> zmk: zmk_hid_mouse_scroll_set: Mouse scroll set to 0/0[0m
[00:01:16.192,291] [0m<dbg> zmk: zmk_hid_mouse_movement_set: Mouse movement set to 0/0[0m
[00:01:16.200,164] [0m<inf> exp02_logging: XY 76200 -8355840 -8355840[0m
[00:01:16.200,256] [0m<dbg> zmk: zmk_hid_mouse_movement_set: Mouse movement set to 0/0[0m
[00:01:16.200,256] [0m<dbg> zmk: zmk_hid_mouse_scroll_set: Mouse scroll set to 0/0[0m
[00:01:16.200,286] [0m<dbg> zmk: zmk_hid_mouse_movement_set: Mouse movement set to 0/0[0m
[00:01:16.208,282] [0m<inf> exp02_logging: XY 76208 -789663 -6184679[0m
[00:01:16.208,404] [0m<dbg> zmk: zmk_hid_mouse_movement_set: Mouse movement set to 127/127[0m
[00:01:16.208,404] [0m<dbg> zmk: zmk_hid_mouse_scroll_set: Mouse scroll set to 0/0[0m
[00:01:16.208,435] [0m<dbg> zmk: zmk_hid_mouse_movement_set: Mouse movement set to 0/0[0m
[00:01:16.216,217] [0m<inf> exp02_logging: XY 76216 -8355840 -8355840[0m
[00:01:16.216,339] [0m<dbg> zmk: zmk_hid_mouse_movement_set: Mouse movement set to 0/0[0m
[00:01:16.216,339] [0m<dbg> zmk: zmk_hid_mouse_scroll_set: Mouse scroll set to 0/0[0m
[00:01:16.216,369] [0m<dbg> zmk: zmk_hid_mouse_movement_set: Mouse movement set to 0/0[0m
[00:01:16.224,243] [0m<inf> exp02_logging: XY 76224 -8355840 -921136[0m
[00:01:16.224,334] [0m<dbg> zmk: zmk_hid_mouse_movement_set: Mouse movement set to 0/127[0m
[00:01:16.224,365] [0m<dbg> zmk: zmk_hid_mouse_scroll_set: Mouse scroll set to 0/0[0m
[00:01:16.224,365] [0m<dbg> zmk: zmk_hid_mouse_movement_set: Mouse movement set to 0/0[0m
[00:01:16.232,360] [0m<inf> exp02_logging: XY 76232 -8224076 -8355840[0m
[00:01:16.232,482] [0m<dbg> zmk: zmk_hid_mouse_movement_set: Mouse movement set to 25/0[0m
[00:01:16.232,482] [0m<dbg> zmk: zmk_hid_mouse_scroll_set: Mouse scroll set to 0/0[0m
[00:01:16.232,513] [0m<dbg> zmk: zmk_hid_mouse_movement_set: Mouse movement set to 0/0[0m
[00:01:16.240,295] [0m<inf> exp02_logging: XY 76240 -8355840 -8355840[0m
[00:01:16.240,386] [0m<dbg> zmk: zmk_hid_mouse_movement_set: Mouse movement set to 0/0[0m
[00:01:16.240,386] [0m<dbg> zmk: zmk_hid_mouse_scroll_set: Mouse scroll set to 0/0[0m
[00:01:16.240,417] [0m<dbg> zmk: zmk_hid_mouse_movement_set: Mouse movement set to 0/0[0m
[00:01:16.248,321] [0m<inf> exp02_logging: XY 76248 -723762 -6316261[0m
[00:01:16.248,474] [0m<dbg> zmk: zmk_hid_mouse_movement_set: Mouse movement set to 127/127[0m
[00:01:16.248,474] [0m<dbg> zmk: zmk_hid_mouse_scroll_set: Mouse scroll set to 0/0[0m
[00:01:16.248,504] [0m<dbg> zmk: zmk_hid_mouse_movement_set: Mouse movement set to 0/0[0m
[00:01:16.256,439] [0m<inf> exp02_logging: XY 76256 -8355840 -8355840[0m
[00:01:16.256,530] [0m<dbg> zmk: zmk_hid_mouse_movement_set: Mouse movement set to 0/0[0m
[00:01:16.256,561] [0m<dbg> zmk: zmk_hid_mouse_scroll_set: Mouse scroll set to 0/0[0m
[00:01:16.256,561] [0m<dbg> zmk: zmk_hid_mouse_movement_set: Mouse movement set to 0/0[0m
[00:01:16.264,373] [0m<inf> exp02_logging: XY 76264 -8092445 -855454[0m
[00:01:16.264,495] [0m<dbg> zmk: zmk_hid_mouse_movement_set: Mouse movement set to 51/127[0m
[00:01:16.264,526] [0m<dbg> zmk: zmk_hid_mouse_scroll_set: Mouse scroll set to 0/0[0m
[00:01:16.264,526] [0m<dbg> zmk: zmk_hid_mouse_movement_set: Mouse movement set to 0/0[0m
[00:01:16.272,399] [0m<inf> exp02_logging: XY 76272 -8355658 -8355840[0m
[00:01:16.272,521] [0m<dbg> zmk: zmk_hid_mouse_movement_set: Mouse movement set to 0/0[0m
[00:01:16.272,552] [0m<dbg> zmk: zmk_hid_mouse_scroll_set: Mouse scroll set to 0/0[0m
[00:01:16.272,552] [0m<dbg> zmk: zmk_hid_mouse_movement_set: Mouse movement set to 0/0[0m
[00:01:16.280,517] [0m<inf> exp02_logging: XY 76280 -8355840 -8355840[0m
[00:01:16.288,482] [0m<inf> exp02_logging: XY 76288 -658059 -6645175[0m
[00:01:16.288,604] [0m<dbg> zmk: zmk_hid_mouse_movement_set: Mouse movement set to 127/127[0m
[00:01:16.288,635] [0m<dbg> zmk: zmk_hid_mouse_scroll_set: Mouse scroll set to 0/0[0m
[00:01:16.288,635] [0m<dbg> zmk: zmk_hid_mouse_movement_set: Mouse movement set to 0/0[0m
[00:01:16.296,569] [0m<inf> exp02_logging: XY 76296 -8355840 -8355840[0m
[00:01:16.296,661] [0m<dbg> zmk: zmk_hid_mouse_movement_set: Mouse movement set to 0/0[0m
[00:01:16.296,691] [0m<dbg> zmk: zmk_hid_mouse_scroll_set: Mouse scroll set to 0/0[0m
[00:01:16.296,691] [0m<dbg> zmk: zmk_hid_mouse_movement_set: Mouse movement set to 0/0[0m
[00:01:16.304,504] [0m<inf> exp02_logging: XY 76304 -7697689 -855356[0m
[00:01:16.304,626] [0m<dbg> zmk: zmk_hid_mouse_movement_set: Mouse movement set to 127/127[0m
[00:01:16.304,656] [0m<dbg> zmk: zmk_hid_mouse_scroll_set: Mouse scroll set to 0/0[0m
[00:01:16.304,656] [0m<dbg> zmk: zmk_hid_mouse_movement_set: Mouse movement set to 0/0[0m
[00:01:16.312,530] [0m<inf> exp02_logging: XY 76312 -8355828 -8355840[0m
[00:01:16.312,652] [0m<dbg> zmk: zmk_hid_mouse_movement_set: Mouse movement set to 0/0[0m
[00:01:16.312,683] [0m<dbg> zmk: zmk_hid_mouse_scroll_set: Mouse scroll set to 0/0[0m
[00:01:16.312,683] [0m<dbg> zmk: zmk_hid_mouse_movement_set: Mouse movement set to 0/0[0m
[00:01:16.320,648] [0m<inf> exp02_logging: XY 76320 -8355840 -8355840[0m
[00:01:16.328,613] [0m<inf> exp02_logging: XY 76328 -658028 -6842420[0m
[00:01:16.328,735] [0m<dbg> zmk: zmk_hid_mouse_movement_set: Mouse movement set to 127/127[0m
[00:01:16.328,765] [0m<dbg> zmk: zmk_hid_mouse_scroll_set: Mouse scroll set to 0/0[0m
[00:01:16.328,765] [0m<dbg> zmk: zmk_hid_mouse_movement_set: Mouse movement set to 0/0[0m
[00:01:16.336,700] [0m<inf> exp02_logging: XY 76336 -8355840 -8355840[0m
[00:01:16.336,791] [0m<dbg> zmk: zmk_hid_mouse_movement_set: Mouse movement set to 0/0[0m
[00:01:16.336,822] [0m<dbg> zmk: zmk_hid_mouse_scroll_set: Mouse scroll set to 0/0[0m
[00:01:16.336,822] [0m<dbg> zmk: zmk_hid_mouse_movement_set: Mouse movement set to 0/0[0m
[00:01:16.344,635] [0m<inf> exp02_logging: XY 76344 -6974074 -855309[0m
[00:01:16.344,757] [0m<dbg> zmk: zmk_hid_mouse_movement_set: Mouse movement set to 127/127[0m
[00:01:16.344,787] [0m<dbg> zmk: zmk_hid_mouse_scroll_set: Mouse scroll set to 0/0[0m
[00:01:16.344,787] [0m<dbg> zmk: zmk_hid_mouse_movement_set: Mouse movement set to 0/0[0m
[00:01:16.352,661] [0m<inf> exp02_logging: XY 76352 -8355840 -8355840[0m
[00:01:16.352,783] [0m<dbg> zmk: zmk_hid_mouse_movement_set: Mouse movement set to 0/0[0m
[00:01:16.352,813] [0m<dbg> zmk: zmk_hid_mouse_scroll_set: Mouse scroll set to 0/0[0m
[00:01:16.352,813] [0m<dbg> zmk: zmk_hid_mouse_movement_set: Mouse movement set to 0/0[0m
[00:01:16.360,778] [0m<inf> exp02_logging: XY 76360 -8355840 -8355840[0m
[00:01:16.368,743] [0m<inf> exp02_logging: XY 76368 -592300 -7302958[0m
[00:01:16.368,865] [0m<dbg> zmk: zmk_hid_mouse_movement_set: Mouse movement set to 127/127[0m
[00:01:16.368,896] [0m<dbg> zmk: zmk_hid_mouse_scroll_set: Mouse scroll set to 0/0[0m
[00:01:16.368,896] [0m<dbg> zmk: zmk_hid_mouse_movement_set: Mouse movement set to 0/0[0m
[00:01:16.376,831] [0m<inf> exp02_logging: XY 76376 -8355840 -8355840[0m
[00:01:16.376,922] [0m<dbg> zmk: zmk_hid_mouse_movement_set: Mouse movement set to 0/0[0m
[00:01:16.376,953] [0m<dbg> zmk: zmk_hid_mouse_scroll_set: Mouse scroll set to 0/0[0m
[00:01:16.376,953] [0m<dbg> zmk: zmk_hid_mouse_movement_set: Mouse movement set to 0/0[0m
[00:01:16.384,765] [0m<inf> exp02_logging: XY 76384 -6447674 -789600[0m
[00:01:16.384,887] [0m<dbg> zmk: zmk_hid_mouse_movement_set: Mouse movement set to 127/127[0m
[00:01:16.384,918] [0m<dbg> zmk: zmk_hid_mouse_scroll_set: Mouse scroll set to 0/0[0m
[00:01:16.384,918] [0m<dbg> zmk: zmk_hid_mouse_movement_set: Mouse movement set to 0/0[0m
[00:01:16.392,791] [0m<inf> exp02_logging: XY 76392 -8355840 -8355840[0m
[00:01:16.392,913] [0m<dbg> zmk: zmk_hid_mouse_movement_set: Mouse movement set to 0/0[0m
[00:01:16.392,944] [0m<dbg> zmk: zmk_hid_mouse_scroll_set: Mouse scroll set to 0/0[0m
[00:01:16.392,944] [0m<dbg> zmk: zmk_hid_mouse_movement_set: Mouse movement set to 0/0[0m
[00:01:16.400,909] [0m<inf> exp02_logging: XY 76400 -8355840 -8289812[0m
[00:01:16.400,970] [0m<dbg> zmk: zmk_hid_mouse_movement_set: Mouse movement set to 0/12[0m
[00:01:16.401,000] [0m<dbg> zmk: zmk_hid_mouse_scroll_set: Mouse scroll set to 0/0[0m
[00:01:16.401,031] [0m<dbg> zmk: zmk_hid_mouse_movement_set: Mouse movement set to 0/0[0m
[00:01:16.408,843] [0m<inf> exp02_logging: XY 76408 -526507 -8289910[0m
[00:01:16.408,935] [0m<dbg> zmk: zmk_hid_mouse_movement_set: Mouse movement set to 127/0[0m
[00:01:16.408,966] [0m<dbg> zmk: zmk_hid_mouse_scroll_set: Mouse scroll set to 0/0[0m
[00:01:16.408,966] [0m<dbg> zmk: zmk_hid_mouse_movement_set: Mouse movement set to 0/0[0m
[00:01:16.416,870] [0m<inf> exp02_logging: XY 76416 -8355840 -8355840[0m
[00:01:16.416,992] [0m<dbg> zmk: zmk_hid_mouse_movement_set: Mouse movement set to 0/0[0m
[00:01:16.417,022] [0m<dbg> zmk: zmk_hid_mouse_scroll_set: Mouse scroll set to 0/0[0m
[00:01:16.417,022] [0m<dbg> zmk: zmk_hid_mouse_movement_set: Mouse movement set to 0/0[0m
[00:01:16.424,987] [0m<inf> exp02_logging: XY 76424 -5855729 -789611[0m
[00:01:16.425,109] [0m<dbg> zmk: zmk_hid_mouse_movement_set: Mouse movement set to 127/127[0m
[00:01:16.425,140] [0m<dbg> zmk: zmk_hid_mouse_scroll_set: Mouse scroll set to 0/0[0m
[00:01:16.425,140] [0m<dbg> zmk: zmk_hid_mouse_movement_set: Mouse movement set to 0/0[0m
[00:01:16.432,922] [0m<inf> exp02_logging: XY 76432 -8355840 -8355840[0m
[00:01:16.433,044] [0m<dbg> zmk: zmk_hid_mouse_movement_set: Mouse movement set to 0/0[0m
[00:01:16.433,044] [0m<dbg> zmk: zmk_hid_mouse_scroll_set: Mouse scroll set to 0/0[0m
[00:01:16.433,074] [0m<dbg> zmk: zmk_hid_mouse_movement_set: Mouse movement set to 0/0[0m
[00:01:16.440,948] [0m<inf> exp02_logging: XY 76440 -8355840 -8026785[0m
[00:01:16.441,040] [0m<dbg> zmk: zmk_hid_mouse_movement_set: Mouse movement set to 0/63[0m
[00:01:16.441,070] [0m<dbg> zmk: zmk_hid_mouse_scroll_set: Mouse scroll set to 0/0[0m
[00:01:16.441,070] [0m<dbg> zmk: zmk_hid_mouse_movement_set: Mouse movement set to 0/0[0m
[00:01:16.449,066] [0m<inf> exp02_logging: XY 76449 -526387 -8355840[0m
[00:01:16.449,188] [0m<dbg> zmk: zmk_hid_mouse_movement_set: Mouse movement set to 127/0[0m
[00:01:16.449,188] [0m<dbg> zmk: zmk_hid_mouse_scroll_set: Mouse scroll set to 0/0[0m
[00:01:16.449,218] [0m<dbg> zmk: zmk_hid_mouse_movement_set: Mouse movement set to 0/0[0m
[00:01:16.457,000] [0m<inf> exp02_logging: XY 76457 -8355840 -8355840[0m
[00:01:16.457,092] [0m<dbg> zmk: zmk_hid_mouse_movement_set: Mouse movement set to 0/0[0m
[00:01:16.457,092] [0m<dbg> zmk: zmk_hid_mouse_scroll_set: Mouse scroll set to 0/0[0m
[00:01:16.457,122] [0m<dbg> zmk: zmk_hid_mouse_movement_set: Mouse movement set to 0/0[0m
[00:01:16.465,026] [0m<inf> exp02_logging: XY 76465 -5329327 -723862[0m
[00:01:16.465,179] [0m<dbg> zmk: zmk_hid_mouse_movement_set: Mouse movement set to 127/127[0m
[00:01:16.465,179] [0m<dbg> zmk: zmk_hid_mouse_scroll_set: Mouse scroll set to 0/0[0m
[00:01:16.465,209] [0m<dbg> zmk: zmk_hid_mouse_movement_set: Mouse movement set to 0/0[0m
[00:01:16.473,144] [0m<inf> exp02_logging: XY 76473 -8355840 -8355840[0m
[00:01:16.473,236] [0m<dbg> zmk: zmk_hid_mouse_movement_set: Mouse movement set to 0/0[0m
[00:01:16.473,266] [0m<dbg> zmk: zmk_hid_mouse_scroll_set: Mouse scroll set to 0/0[0m
[00:01:16.473,297] [0m<dbg> zmk: zmk_hid_mouse_movement_set: Mouse movement set to 0/0[0m
[00:01:16.481,079] [0m<inf> exp02_logging: XY 76481 -8355840 -7302920[0m
[00:01:16.481,170] [0m<dbg> zmk: zmk_hid_mouse_movement_set: Mouse movement set to 0/127[0m
[00:01:16.481,170] [0m<dbg> zmk: zmk_hid_mouse_scroll_set: Mouse scroll set to 0/0[0m
[00:01:16.481,201] [0m<dbg> zmk: zmk_hid_mouse_movement_set: Mouse movement set to 0/0[0m
[00:01:16.489,105] [0m<inf> exp02_logging: XY 76489 -460783 -8355840[0m
[00:01:16.489,227] [0m<dbg> zmk: zmk_hid_mouse_movement_set: Mouse movement set to 127/0[0m
[00:01:16.489,257] [0m<dbg> zmk: zmk_hid_mouse_scroll_set: Mouse scroll set to 0/0[0m
[00:01:16.489,257] [0m<dbg> zmk: zmk_hid_mouse_movement_set: Mouse movement set to 0/0[0m
[00:01:16.497,222] [0m<inf> exp02_logging: XY 76497 -8355840 -8355840[0m
[00:01:16.497,283] [0m<dbg> zmk: zmk_hid_mouse_movement_set: Mouse movement set to 0/0[0m
[00:01:16.497,314] [0m<dbg> zmk: zmk_hid_mouse_scroll_set: Mouse scroll set to 0/0[0m
[00:01:16.497,314] [0m<dbg> zmk: zmk_hid_mouse_movement_set: Mouse movement set to 0/0[0m
[00:01:16.505,157] [0m<inf> exp02_logging: XY 76505 -4671343 -592334[0m
[00:01:16.505,279] [0m<dbg> zmk: zmk_hid_mouse_movement_set: Mouse movement set to 127/127[0m
[00:01:16.505,310] [0m<dbg> zmk: zmk_hid_mouse_scroll_set: Mouse scroll set to 0/0[0m
[00:01:16.505,310] [0m<dbg> zmk: zmk_hid_mouse_movement_set: Mouse movement set to 0/0[0m
[00:01:16.513,183] [0m<inf> exp02_logging: XY 76513 -8355840 -8355840[0m
[00:01:16.513,305] [0m<dbg> zmk: zmk_hid_mouse_movement_set: Mouse movement set to 0/0[0m
[00:01:16.513,336] [0m<dbg> zmk: zmk_hid_mouse_scroll_set: Mouse scroll set to 0/0[0m
[00:01:16.513,336] [0m<dbg> zmk: zmk_hid_mouse_movement_set: Mouse movement set to 0/0[0m
[00:01:16.521,301] [0m<inf> exp02_logging: XY 76521 -8355840 -6250344[0m
[00:01:16.521,362] [0m<dbg> zmk: zmk_hid_mouse_movement_set: Mouse movement set to 0/127[0m
[00:01:16.521,392] [0m<dbg> zmk: zmk_hid_mouse_scroll_set: Mouse scroll set to 0/0[0m
[00:01:16.521,392] [0m<dbg> zmk: zmk_hid_mouse_movement_set: Mouse movement set to 0/0[0m
[00:01:16.529,235] [0m<inf> exp02_logging: XY 76529 -460762 -8355840[0m
[00:01:16.529,357] [0m<dbg> zmk: zmk_hid_mouse_movement_set: Mouse movement set to 127/0[0m
[00:01:16.529,388] [0m<dbg> zmk: zmk_hid_mouse_scroll_set: Mouse scroll set to 0/0[0m
[00:01:16.529,388] [0m<dbg> zmk: zmk_hid_mouse_movement_set: Mouse movement set to 0/0[0m
[00:01:16.537,261] [0m<inf> exp02_logging: XY 76537 -8355840 -8355840[0m
[00:01:16.537,353] [0m<dbg> zmk: zmk_hid_mouse_movement_set: Mouse movement set to 0/0[0m
[00:01:16.537,353] [0m<dbg> zmk: zmk_hid_mouse_scroll_set: Mouse scroll set to 0/0[0m
[00:01:16.537,384] [0m<dbg> zmk: zmk_hid_mouse_movement_set: Mouse movement set to 0/0[0m
[00:01:16.545,379] [0m<inf> exp02_logging: XY 76545 -4013378 -592217[0m
[00:01:16.545,501] [0m<dbg> zmk: zmk_hid_mouse_movement_set: Mouse movement set to 127/127[0m
[00:01:16.545,501] [0m<dbg> zmk: zmk_hid_mouse_scroll_set: Mouse scroll set to 0/0[0m
[00:01:16.545,532] [0m<dbg> zmk: zmk_hid_mouse_movement_set: Mouse movement set to 0/0[0m
[00:01:16.553,314] [0m<inf> exp02_logging: XY 76553 -8355840 -8355840[0m
[00:01:16.553,436] [0m<dbg> zmk: zmk_hid_mouse_movement_set: Mouse movement set to 0/0[0m
[00:01:16.553,436] [0m<dbg> zmk: zmk_hid_mouse_scroll_set: Mouse scroll set to 0/0[0m
[00:01:16.553,466] [0m<dbg> zmk: zmk_hid_mouse_movement_set: Mouse movement set to 0/0[0m
[00:01:16.561,340] [0m<inf> exp02_logging: XY 76561 -8355840 -5789741[0m
[00:01:16.561,431] [0m<dbg> zmk: zmk_hid_mouse_movement_set: Mouse movement set to 0/127[0m
[00:01:16.561,462] [0m<dbg> zmk: zmk_hid_mouse_scroll_set: Mouse scroll set to 0/0[0m
[00:01:16.561,462] [0m<dbg> zmk: zmk_hid_mouse_movement_set: Mouse movement set to 0/0[0m
[00:01:16.569,458] [0m<inf> exp02_logging: XY 76569 -658003 -8355840[0m
[00:01:16.569,580] [0m<dbg> zmk: zmk_hid_mouse_movement_set: Mouse movement set to 127/0[0m
[00:01:16.569,580] [0m<dbg> zmk: zmk_hid_mouse_scroll_set: Mouse scroll set to 0/0[0m
[00:01:16.569,610] [0m<dbg> zmk: zmk_hid_mouse_movement_set: Mouse movement set to 0/0[0m
[00:01:16.577,392] [0m<inf> exp02_logging: XY 76577 -8355840 -8355840[0m
[00:01:16.577,484] [0m<dbg> zmk: zmk_hid_mouse_movement_set: Mouse movement set to 0/0[0m
[00:01:16.577,484] [0m<dbg> zmk: zmk_hid_mouse_scroll_set: Mouse scroll set to 0/0[0m
[00:01:16.577,514] [0m<dbg> zmk: zmk_hid_mouse_movement_set: Mouse movement set to 0/0[0m
[00:01:16.585,418] [0m<inf> exp02_logging: XY 76585 -3487118 -526382[0m
[00:01:16.585,571] [0m<dbg> zmk: zmk_hid_mouse_movement_set: Mouse movement set to 127/127[0m
[00:01:16.585,571] [0m<dbg> zmk: zmk_hid_mouse_scroll_set: Mouse scroll set to 0/0[0m
[00:01:16.585,601] [0m<dbg> zmk: zmk_hid_mouse_movement_set: Mouse movement set to 0/0[0m
[00:01:16.593,536] [0m<inf> exp02_logging: XY 76593 -8355840 -8355840[0m
[00:01:16.593,627] [0m<dbg> zmk: zmk_hid_mouse_movement_set: Mouse movement set to 0/0[0m
[00:01:16.593,658] [0m<dbg> zmk: zmk_hid_mouse_scroll_set: Mouse scroll set to 0/0[0m
[00:01:16.593,688] [0m<dbg> zmk: zmk_hid_mouse_movement_set: Mouse movement set to 0/0[0m
[00:01:16.601,470] [0m<inf> exp02_logging: XY 76601 -8355840 -4934585[0m
[00:01:16.601,562] [0m<dbg> zmk: zmk_hid_mouse_movement_set: Mouse movement set to 0/127[0m
[00:01:16.601,562] [0m<dbg> zmk: zmk_hid_mouse_scroll_set: Mouse scroll set to 0/0[0m
[00:01:16.601,593] [0m<dbg> zmk: zmk_hid_mouse_movement_set: Mouse movement set to 0/0[0m
[00:01:16.609,497] [0m<inf> exp02_logging: XY 76609 -855503 -8355840[0m
[00:01:16.609,619] [0m<dbg> zmk: zmk_hid_mouse_movement_set: Mouse movement set to 127/0[0m
[00:01:16.609,649] [0m<dbg> zmk: zmk_hid_mouse_scroll_set: Mouse scroll set to 0/0[0m
[00:01:16.609,649] [0m<dbg> zmk: zmk_hid_mouse_movement_set: Mouse movement set to 0/0[0m
[00:01:16.617,614] [0m<inf> exp02_logging: XY 76617 -8355840 -8355840[0m
[00:01:16.617,675] [0m<dbg> zmk: zmk_hid_mouse_movement_set: Mouse movement set to 0/0[0m
[00:01:16.617,706] [0m<dbg> zmk: zmk_hid_mouse_scroll_set: Mouse scroll set to 0/0[0m
[00:01:16.617,706] [0m<dbg> zmk: zmk_hid_mouse_movement_set: Mouse movement set to 0/0[0m
[00:01:16.625,549] [0m<inf> exp02_logging: XY 76625 -2763481 -460799[0m
[00:01:16.625,671] [0m<dbg> zmk: zmk_hid_mouse_movement_set: Mouse movement set to 127/127[0m
[00:01:16.625,701] [0m<dbg> zmk: zmk_hid_mouse_scroll_set: Mouse scroll set to 0/0[0m
[00:01:16.625,701] [0m<dbg> zmk: zmk_hid_mouse_movement_set: Mouse movement set to 0/0[0m
[00:01:16.633,575] [0m<inf> exp02_logging: XY 76633 -8355840 -8355840[0m
[00:01:16.633,697] [0m<dbg> zmk: zmk_hid_mouse_movement_set: Mouse movement set to 0/0[0m
[00:01:16.633,697] [0m<dbg> zmk: zmk_hid_mouse_scroll_set: Mouse scroll set to 0/0[0m
[00:01:16.633,728] [0m<dbg> zmk: zmk_hid_mouse_movement_set: Mouse movement set to 0/0[0m
[00:01:16.641,693] [0m<inf> exp02_logging: XY 76641 -8355840 -4079228[0m
[00:01:16.641,754] [0m<dbg> zmk: zmk_hid_mouse_movement_set: Mouse movement set to 0/127[0m
[00:01:16.641,784] [0m<dbg> zmk: zmk_hid_mouse_scroll_set: Mouse scroll set to 0/0[0m
[00:01:16.641,784] [0m<dbg> zmk: zmk_hid_mouse_movement_set: Mouse movement set to 0/0[0m
[00:01:16.649,627] [0m<inf> exp02_logging: XY 76649 -1447592 -8355840[0m
[00:01:16.649,749] [0m<dbg> zmk: zmk_hid_mouse_movement_set: Mouse movement set to 127/0[0m
[00:01:16.649,780] [0m<dbg> zmk: zmk_hid_mouse_scroll_set: Mouse scroll set to 0/0[0m
[00:01:16.649,780] [0m<dbg> zmk: zmk_hid_mouse_movement_set: Mouse movement set to 0/0[0m
[00:01:16.657,653] [0m<inf> exp02_logging: XY 76657 -8355840 -8355840[0m
[00:01:16.657,745] [0m<dbg> zmk: zmk_hid_mouse_movement_set: Mouse movement set to 0/0[0m
[00:01:16.657,745] [0m<dbg> zmk: zmk_hid_mouse_scroll_set: Mouse scroll set to 0/0[0m
[00:01:16.657,775] [0m<dbg> zmk: zmk_hid_mouse_movement_set: Mouse movement set to 0/0[0m
[00:01:16.665,771] [0m<inf> exp02_logging: XY 76665 -2105541 -526449[0m
[00:01:16.665,893] [0m<dbg> zmk: zmk_hid_mouse_movement_set: Mouse movement set to 127/127[0m
[00:01:16.665,893] [0m<dbg> zmk: zmk_hid_mouse_scroll_set: Mouse scroll set to 0/0[0m
[00:01:16.665,924] [0m<dbg> zmk: zmk_hid_mouse_movement_set: Mouse movement set to 0/0[0m
[00:01:16.673,706] [0m<inf> exp02_logging: XY 76673 -8355840 -8355840[0m
[00:01:16.673,828] [0m<dbg> zmk: zmk_hid_mouse_movement_set: Mouse movement set to 0/0[0m
[00:01:16.673,828] [0m<dbg> zmk: zmk_hid_mouse_scroll_set: Mouse scroll set to 0/0[0m
[00:01:16.673,858] [0m<dbg> zmk: zmk_hid_mouse_movement_set: Mouse movement set to 0/0[0m
[00:01:16.681,732] [0m<inf> exp02_logging: XY 76681 -8355840 -3750338[0m
[00:01:16.681,823] [0m<dbg> zmk: zmk_hid_mouse_movement_set: Mouse movement set to 0/127[0m
[00:01:16.681,854] [0m<dbg> zmk: zmk_hid_mouse_scroll_set: Mouse scroll set to 0/0[0m
[00:01:16.681,854] [0m<dbg> zmk: zmk_hid_mouse_movement_set: Mouse movement set to 0/0[0m
[00:01:16.689,849] [0m<inf> exp02_logging: XY 76689 -1973921 -8355840[0m
[00:01:16.689,971] [0m<dbg> zmk: zmk_hid_mouse_movement_set: Mouse movement set to 127/0[0m
[00:01:16.689,971] [0m<dbg> zmk: zmk_hid_mouse_scroll_set: Mouse scroll set to 0/0[0m
[00:01:16.690,002] [0m<dbg> zmk: zmk_hid_mouse_movement_set: Mouse movement set to 0/0[0m
[00:01:16.697,784] [0m<inf> exp02_logging: XY 76697 -8355840 -8355840[0m
[00:01:16.697,875] [0m<dbg> zmk: zmk_hid_mouse_movement_set: Mouse movement set to 0/0[0m
[00:01:16.697,875] [0m<dbg> zmk: zmk_hid_mouse_scroll_set: Mouse scroll set to 0/0[0m
[00:01:16.697,906] [0m<dbg> zmk: zmk_hid_mouse_movement_set: Mouse movement set to 0/0[0m
[00:01:16.705,810] [0m<inf> exp02_logging: XY 76705 -1973803 -592196[0m
[00:01:16.705,932] [0m<dbg> zmk: zmk_hid_mouse_movement_set: Mouse movement set to 127/127[0m
[00:01:16.705,963] [0m<dbg> zmk: zmk_hid_mouse_scroll_set: Mouse scroll set to 0/0[0m
[00:01:16.705,993] [0m<dbg> zmk: zmk_hid_mouse_movement_set: Mouse movement set to 0/0[0m
[00:01:16.713,928] [0m<inf> exp02_logging: XY 76713 -8355840 -8355840[0m
[00:01:16.714,019] [0m<dbg> zmk: zmk_hid_mouse_movement_set: Mouse movement set to 0/0[0m
[00:01:16.714,050] [0m<dbg> zmk: zmk_hid_mouse_scroll_set: Mouse scroll set to 0/0[0m
[00:01:16.714,050] [0m<dbg> zmk: zmk_hid_mouse_movement_set: Mouse movement set to 0/0[0m
[00:01:16.721,862] [0m<inf> exp02_logging: XY 76721 -8355840 -3355640[0m
[00:01:16.721,954] [0m<dbg> zmk: zmk_hid_mouse_movement_set: Mouse movement set to 0/127[0m
[00:01:16.721,954] [0m<dbg> zmk: zmk_hid_mouse_scroll_set: Mouse scroll set to 0/0[0m
[00:01:16.721,984] [0m<dbg> zmk: zmk_hid_mouse_movement_set: Mouse movement set to 0/0[0m
[00:01:16.729,888] [0m<inf> exp02_logging: XY 76729 -2302961 -8355840[0m
[00:01:16.730,010] [0m<dbg> zmk: zmk_hid_mouse_movement_set: Mouse movement set to 127/0[0m
[00:01:16.730,041] [0m<dbg> zmk: zmk_hid_mouse_scroll_set: Mouse scroll set to 0/0[0m
[00:01:16.730,041] [0m<dbg> zmk: zmk_hid_mouse_movement_set: Mouse movement set to 0/0[0m
[00:01:16.738,006] [0m<inf> exp02_logging: XY 76737 -8355840 -8355840[0m
[00:01:16.738,067] [0m<dbg> zmk: zmk_hid_mouse_movement_set: Mouse movement set to 0/0[0m
[00:01:16.738,098] [0m<dbg> zmk: zmk_hid_mouse_scroll_set: Mouse scroll set to 0/0[0m
[00:01:16.738,098] [0m<dbg> zmk: zmk_hid_mouse_movement_set: Mouse movement set to 0/0[0m
[00:01:16.745,941] [0m<inf> exp02_logging: XY 76745 -1316002 -1052802[0m
[00:01:16.746,063] [0m<dbg> zmk: zmk_hid_mouse_movement_set: Mouse movement set to 127/127[0m
[00:01:16.746,093] [0m<dbg> zmk: zmk_hid_mouse_scroll_set: Mouse scroll set to 0/0[0m
[00:01:16.746,093] [0m<dbg> zmk: zmk_hid_mouse_movement_set: Mouse movement set to 0/0[0m
[00:01:16.753,967] [0m<inf> exp02_logging: XY 76753 -8355840 -8355840[0m
[00:01:16.754,089] [0m<dbg> zmk: zmk_hid_mouse_movement_set: Mouse movement set to 0/0[0m
[00:01:16.754,119] [0m<dbg> zmk: zmk_hid_mouse_scroll_set: Mouse scroll set to 0/0[0m
[00:01:16.754,119] [0m<dbg> zmk: zmk_hid_mouse_movement_set: Mouse movement set to 0/0[0m
[00:01:16.762,084] [0m<inf> exp02_logging: XY 76762 -8355840 -2829244[0m
[00:01:16.762,145] [0m<dbg> zmk: zmk_hid_mouse_movement_set: Mouse movement set to 0/127[0m
[00:01:16.762,176] [0m<dbg> zmk: zmk_hid_mouse_scroll_set: Mouse scroll set to 0/0[0m
[00:01:16.762,207] [0m<dbg> zmk: zmk_hid_mouse_movement_set: Mouse movement set to 0/0[0m
[00:01:16.770,019] [0m<inf> exp02_logging: XY 76770 -2894954 -8355840[0m
[00:01:16.770,141] [0m<dbg> zmk: zmk_hid_mouse_movement_set: Mouse movement set to 127/0[0m
[00:01:16.770,172] [0m<dbg> zmk: zmk_hid_mouse_scroll_set: Mouse scroll set to 0/0[0m
[00:01:16.770,172] [0m<dbg> zmk: zmk_hid_mouse_movement_set: Mouse movement set to 0/0[0m
[00:01:16.778,045] [0m<inf> exp02_logging: XY 76778 -8355840 -8355840[0m
[00:01:16.778,137] [0m<dbg> zmk: zmk_hid_mouse_movement_set: Mouse movement set to 0/0[0m
[00:01:16.778,137] [0m<dbg> zmk: zmk_hid_mouse_scroll_set: Mouse scroll set to 0/0[0m
[00:01:16.778,167] [0m<dbg> zmk: zmk_hid_mouse_movement_set: Mouse movement set to 0/0[0m
[00:01:16.786,163] [0m<inf> exp02_logging: XY 76786 -855541 -1645050[0m
[00:01:16.786,285] [0m<dbg> zmk: zmk_hid_mouse_movement_set: Mouse movement set to 127/127[0m
[00:01:16.786,315] [0m<dbg> zmk: zmk_hid_mouse_scroll_set: Mouse scroll set to 0/0[0m
[00:01:16.786,315] [0m<dbg> zmk: zmk_hid_mouse_movement_set: Mouse movement set to 0/0[0m
[00:01:16.794,097] [0m<inf> exp02_logging: XY 76794 -8355840 -8355840[0m
[00:01:16.794,219] [0m<dbg> zmk: zmk_hid_mouse_movement_set: Mouse movement set to 0/0[0m
[00:01:16.794,219] [0m<dbg> zmk: zmk_hid_mouse_scroll_set: Mouse scroll set to 0/0[0m
[00:01:16.794,250] [0m<dbg> zmk: zmk_hid_mouse_movement_set: Mouse movement set to 0/0[0m
[00:01:16.802,124] [0m<inf> exp02_logging: XY 76802 -8355840 -2763313[0m
[00:01:16.802,215] [0m<dbg> zmk: zmk_hid_mouse_movement_set: Mouse movement set to 0/127[0m
[00:01:16.802,246] [0m<dbg> zmk: zmk_hid_mouse_scroll_set: Mouse scroll set to 0/0[0m
[00:01:16.802,246] [0m<dbg> zmk: zmk_hid_mouse_movement_set: Mouse movement set to 0/0[0m
[00:01:16.810,241] [0m<inf> exp02_logging: XY 76810 -3486989 -8355840[0m
[00:01:16.810,363] [0m<dbg> zmk: zmk_hid_mouse_movement_set: Mouse movement set to 127/0[0m
[00:01:16.810,363] [0m<dbg> zmk: zmk_hid_mouse_scroll_set: Mouse scroll set to 0/0[0m
[00:01:16.810,394] [0m<dbg> zmk: zmk_hid_mouse_movement_set: Mouse movement set to 0/0[0m
[00:01:16.818,176] [0m<inf> exp02_logging: XY 76818 -8355840 -8355840[0m
[00:01:16.818,237] [0m<dbg> zmk: zmk_hid_mouse_movement_set: Mouse movement set to 0/0[0m
[00:01:16.818,267] [0m<dbg> zmk: zmk_hid_mouse_scroll_set: Mouse scroll set to 0/0[0m
[00:01:16.818,267] [0m<dbg> zmk: zmk_hid_mouse_movement_set: Mouse movement set to 0/0[0m
[00:01:16.826,202] [0m<inf> exp02_logging: XY 76826 -855391 -1973835[0m
[00:01:16.826,354] [0m<dbg> zmk: zmk_hid_mouse_movement_set: Mouse movement set to 127/127[0m
[00:01:16.826,354] [0m<dbg> zmk: zmk_hid_mouse_scroll_set: Mouse scroll set to 0/0[0m
[00:01:16.826,385] [0m<dbg> zmk: zmk_hid_mouse_movement_set: Mouse movement set to 0/0[0m
[00:01:16.834,320] [0m<inf> exp02_logging: XY 76834 -8355840 -8355840[0m
[00:01:16.834,411] [0m<dbg> zmk: zmk_hid_mouse_movement_set: Mouse movement set to 0/0[0m
[00:01:16.834,442] [0m<dbg> zmk: zmk_hid_mouse_scroll_set: Mouse scroll set to 0/0[0m
[00:01:16.834,442] [0m<dbg> zmk: zmk_hid_mouse_movement_set: Mouse movement set to 0/0[0m
[00:01:16.842,254] [0m<inf> exp02_logging: XY 76842 -8355840 -2237163[0m
[00:01:16.842,346] [0m<dbg> zmk: zmk_hid_mouse_movement_set: Mouse movement set to 0/127[0m
[00:01:16.842,346] [0m<dbg> zmk: zmk_hid_mouse_scroll_set: Mouse scroll set to 0/0[0m
[00:01:16.842,376] [0m<dbg> zmk: zmk_hid_mouse_movement_set: Mouse movement set to 0/0[0m
[00:01:16.850,280] [0m<inf> exp02_logging: XY 76850 -3816072 -8355840[0m
[00:01:16.850,402] [0m<dbg> zmk: zmk_hid_mouse_movement_set: Mouse movement set to 127/0[0m
[00:01:16.850,433] [0m<dbg> zmk: zmk_hid_mouse_scroll_set: Mouse scroll set to 0/0[0m
[00:01:16.850,433] [0m<dbg> zmk: zmk_hid_mouse_movement_set: Mouse movement set to 0/0[0m
[00:01:16.858,398] [0m<inf> exp02_logging: XY 76858 -8355840 -8355840[0m
[00:01:16.858,459] [0m<dbg> zmk: zmk_hid_mouse_movement_set: Mouse movement set to 0/0[0m
[00:01:16.858,489] [0m<dbg> zmk: zmk_hid_mouse_scroll_set: Mouse scroll set to 0/0[0m
[00:01:16.858,489] [0m<dbg> zmk: zmk_hid_mouse_movement_set: Mouse movement set to 0/0[0m
[00:01:16.866,333] [0m<inf> exp02_logging: XY 76866 -723908 -2500122[0m
[00:01:16.866,455] [0m<dbg> zmk: zmk_hid_mouse_movement_set: Mouse movement set to 127/127[0m
[00:01:16.866,485] [0m<dbg> zmk: zmk_hid_mouse_scroll_set: Mouse scroll set to 0/0[0m
[00:01:16.866,485] [0m<dbg> zmk: zmk_hid_mouse_movement_set: Mouse movement set to 0/0[0m
[00:01:16.874,359] [0m<inf> exp02_logging: XY 76874 -8355840 -8355840[0m
[00:01:16.874,481] [0m<dbg> zmk: zmk_hid_mouse_movement_set: Mouse movement set to 0/0[0m
[00:01:16.874,511] [0m<dbg> zmk: zmk_hid_mouse_scroll_set: Mouse scroll set to 0/0[0m
[00:01:16.874,511] [0m<dbg> zmk: zmk_hid_mouse_movement_set: Mouse movement set to 0/0[0m
[00:01:16.882,476] [0m<inf> exp02_logging: XY 76882 -8355840 -1645031[0m
[00:01:16.882,537] [0m<dbg> zmk: zmk_hid_mouse_movement_set: Mouse movement set to 0/127[0m
[00:01:16.882,568] [0m<dbg> zmk: zmk_hid_mouse_scroll_set: Mouse scroll set to 0/0[0m
[00:01:16.882,598] [0m<dbg> zmk: zmk_hid_mouse_movement_set: Mouse movement set to 0/0[0m
[00:01:16.890,411] [0m<inf> exp02_logging: XY 76890 -4210903 -8355840[0m
[00:01:16.890,533] [0m<dbg> zmk: zmk_hid_mouse_movement_set: Mouse movement set to 127/0[0m
[00:01:16.890,563] [0m<dbg> zmk: zmk_hid_mouse_scroll_set: Mouse scroll set to 0/0[0m
[00:01:16.890,563] [0m<dbg> zmk: zmk_hid_mouse_movement_set: Mouse movement set to 0/0[0m
[00:01:16.898,437] [0m<inf> exp02_logging: XY 76898 -8355840 -8355840[0m
[00:01:16.898,529] [0m<dbg> zmk: zmk_hid_mouse_movement_set: Mouse movement set to 0/0[0m
[00:01:16.898,529] [0m<dbg> zmk: zmk_hid_mouse_scroll_set: Mouse scroll set to 0/0[0m
[00:01:16.898,559] [0m<dbg> zmk: zmk_hid_mouse_movement_set: Mouse movement set to 0/0[0m
[00:01:16.906,555] [0m<inf> exp02_logging: XY 76906 -723899 -3158118[0m
[00:01:16.906,677] [0m<dbg> zmk: zmk_hid_mouse_movement_set: Mouse movement set to 127/127[0m
[00:01:16.906,707] [0m<dbg> zmk: zmk_hid_mouse_scroll_set: Mouse scroll set to 0/0[0m
[00:01:16.906,707] [0m<dbg> zmk: zmk_hid_mouse_movement_set: Mouse movement set to 0/0[0m
[00:01:16.914,489] [0m<inf> exp02_logging: XY 76914 -8355840 -8355840[0m
[00:01:16.914,611] [0m<dbg> zmk: zmk_hid_mouse_movement_set: Mouse movement set to 0/0[0m
[00:01:16.914,611] [0m<dbg> zmk: zmk_hid_mouse_scroll_set: Mouse scroll set to 0/0[0m
[00:01:16.914,642] [0m<dbg> zmk: zmk_hid_mouse_movement_set: Mouse movement set to 0/0[0m
[00:01:16.922,515] [0m<inf> exp02_logging: XY 76922 -8355840 -1644857[0m
[00:01:16.922,607] [0m<dbg> zmk: zmk_hid_mouse_movement_set: Mouse movement set to 0/127[0m
[00:01:16.922,637] [0m<dbg> zmk: zmk_hid_mouse_scroll_set: Mouse scroll set to 0/0[0m
[00:01:16.922,637] [0m<dbg> zmk: zmk_hid_mouse_movement_set: Mouse movement set to 0/0[0m
[00:01:16.930,633] [0m<inf> exp02_logging: XY 76930 -4868814 -8355840[0m
[00:01:16.930,755] [0m<dbg> zmk: zmk_hid_mouse_movement_set: Mouse movement set to 127/0[0m
[00:01:16.930,755] [0m<dbg> zmk: zmk_hid_mouse_scroll_set: Mouse scroll set to 0/0[0m
[00:01:16.930,786] [0m<dbg> zmk: zmk_hid_mouse_movement_set: Mouse movement set to 0/0[0m
[00:01:16.938,568] [0m<inf> exp02_logging: XY 76938 -8355840 -8355840[0m
[00:01:16.938,629] [0m<dbg> zmk: zmk_hid_mouse_movement_set: Mouse movement set to 0/0[0m
[00:01:16.938,659] [0m<dbg> zmk: zmk_hid_mouse_scroll_set: Mouse scroll set to 0/0[0m
[00:01:16.938,659] [0m<dbg> zmk: zmk_hid_mouse_movement_set: Mouse movement set to 0/0[0m
[00:01:16.946,594] [0m<inf> exp02_logging: XY 76946 -723877 -3750366[0m
[00:01:16.946,746] [0m<dbg> zmk: zmk_hid_mouse_movement_set: Mouse movement set to 127/127[0m
[00:01:16.946,746] [0m<dbg> zmk: zmk_hid_mouse_scroll_set: Mouse scroll set to 0/0[0m
[00:01:16.946,777] [0m<dbg> zmk: zmk_hid_mouse_movement_set: Mouse movement set to 0/0[0m
[00:01:16.954,711] [0m<inf> exp02_logging: XY 76954 -8355840 -8355840[0m
[00:01:16.954,803] [0m<dbg> zmk: zmk_hid_mouse_movement_set: Mouse movement set to 0/0[0m
[00:01:16.954,833] [0m<dbg> zmk: zmk_hid_mouse_scroll_set: Mouse scroll set to 0/0[0m
[00:01:16.954,833] [0m<dbg> zmk: zmk_hid_mouse_movement_set: Mouse movement set to 0/0[0m
[00:01:16.962,646] [0m<inf> exp02_logging: XY 76962 -8355840 -1315951[0m
[00:01:16.962,738] [0m<dbg> zmk: zmk_hid_mouse_movement_set: Mouse movement set to 0/127[0m
[00:01:16.962,738] [0m<dbg> zmk: zmk_hid_mouse_scroll_set: Mouse scroll set to 0/0[0m
[00:01:16.962,768] [0m<dbg> zmk: zmk_hid_mouse_movement_set: Mouse movement set to 0/0[0m
[00:01:16.970,672] [0m<inf> exp02_logging: XY 76970 -5394973 -8355840[0m
[00:01:16.970,794] [0m<dbg> zmk: zmk_hid_mouse_movement_set: Mouse movement set to 127/0[0m
[00:01:16.970,825] [0m<dbg> zmk: zmk_hid_mouse_scroll_set: Mouse scroll set to 0/0[0m
[00:01:16.970,825] [0m<dbg> zmk: zmk_hid_mouse_movement_set: Mouse movement set to 0/0[0m
[00:01:16.978,790] [0m<inf> exp02_logging: XY 76978 -8355840 -8355840[0m
[00:01:16.978,851] [0m<dbg> zmk: zmk_hid_mouse_movement_set: Mouse movement set to 0/0[0m
[00:01:16.978,881] [0m<dbg> zmk: zmk_hid_mouse_scroll_set: Mouse scroll set to 0/0[0m
[00:01:16.978,881] [0m<dbg> zmk: zmk_hid_mouse_movement_set: Mouse movement set to 0/0[0m
[00:01:16.986,724] [0m<inf> exp02_logging: XY 76986 -723733 -4342443[0m
[00:01:16.986,846] [0m<dbg> zmk: zmk_hid_mouse_movement_set: Mouse movement set to 127/127[0m
[00:01:16.986,877] [0m<dbg> zmk: zmk_hid_mouse_scroll_set: Mouse scroll set to 0/0[0m
[00:01:16.986,877] [0m<dbg> zmk: zmk_hid_mouse_movement_set: Mouse movement set to 0/0[0m
[00:01:16.994,750] [0m<inf> exp02_logging: XY 76994 -8355840 -8355840[0m
[00:01:16.994,873] [0m<dbg> zmk: zmk_hid_mouse_movement_set: Mouse movement set to 0/0[0m
[00:01:16.994,903] [0m<dbg> zmk: zmk_hid_mouse_scroll_set: Mouse scroll set to 0/0[0m
[00:01:16.994,903] [0m<dbg> zmk: zmk_hid_mouse_movement_set: Mouse movement set to 0/0[0m
[00:01:17.002,868] [0m<inf> exp02_logging: XY 77002 -8355840 -1118534[0m
[00:01:17.002,929] [0m<dbg> zmk: zmk_hid_mouse_movement_set: Mouse movement set to 0/127[0m
[00:01:17.002,960] [0m<dbg> zmk: zmk_hid_mouse_scroll_set: Mouse scroll set to 0/0[0m
[00:01:17.002,990] [0m<dbg> zmk: zmk_hid_mouse_movement_set: Mouse movement set to 0/0[0m
[00:01:17.010,803] [0m<inf> exp02_logging: XY 77010 -5724099 -8355840[0m
[00:01:17.010,925] [0m<dbg> zmk: zmk_hid_mouse_movement_set: Mouse movement set to 127/0[0m
[00:01:17.010,955] [0m<dbg> zmk: zmk_hid_mouse_scroll_set: Mouse scroll set to 0/0[0m
[00:01:17.010,955] [0m<dbg> zmk: zmk_hid_mouse_movement_set: Mouse movement set to 0/0[0m
[00:01:17.018,829] [0m<inf> exp02_logging: XY 77018 -8355840 -8355840[0m
[00:01:17.018,920] [0m<dbg> zmk: zmk_hid_mouse_movement_set: Mouse movement set to 0/0[0m
[00:01:17.018,920] [0m<dbg> zmk: zmk_hid_mouse_scroll_set: Mouse scroll set to 0/0[0m
[00:01:17.018,951] [0m<dbg> zmk: zmk_hid_mouse_movement_set: Mouse movement set to 0/0[0m
[00:01:17.026,947] [0m<inf> exp02_logging: XY 77026 -723736 -4737275[0m
[00:01:17.027,069] [0m<dbg> zmk: zmk_hid_mouse_movement_set: Mouse movement set to 127/127[0m
[00:01:17.027,099] [0m<dbg> zmk: zmk_hid_mouse_scroll_set: Mouse scroll set to 0/0[0m
[00:01:17.027,099] [0m<dbg> zmk: zmk_hid_mouse_movement_set: Mouse movement set to 0/0[0m
[00:01:17.034,881] [0m<inf> exp02_logging: XY 77034 -8355840 -8355840[0m
[00:01:17.035,003] [0m<dbg> zmk: zmk_hid_mouse_movement_set: Mouse movement set to 0/0[0m
[00:01:17.035,003] [0m<dbg> zmk: zmk_hid_mouse_scroll_set: Mouse scroll set to 0/0[0m
[00:01:17.035,034] [0m<dbg> zmk: zmk_hid_mouse_movement_set: Mouse movement set to 0/0[0m
[00:01:17.042,907] [0m<inf> exp02_logging: XY 77042 -8355840 -1118659[0m
[00:01:17.042,999] [0m<dbg> zmk: zmk_hid_mouse_movement_set: Mouse movement set to 0/127[0m
[00:01:17.043,029] [0m<dbg> zmk: zmk_hid_mouse_scroll_set: Mouse scroll set to 0/0[0m
[00:01:17.043,029] [0m<dbg> zmk: zmk_hid_mouse_movement_set: Mouse movement set to 0/0[0m
[00:01:17.051,025] [0m<inf> exp02_logging: XY 77051 -6184679 -8355840[0m
[00:01:17.051,147] [0m<dbg> zmk: zmk_hid_mouse_movement_set: Mouse movement set to 127/0[0m
[00:01:17.051,147] [0m<dbg> zmk: zmk_hid_mouse_scroll_set: Mouse scroll set to 0/0[0m
[00:01:17.051,177] [0m<dbg> zmk: zmk_hid_mouse_movement_set: Mouse movement set to 0/0[0m
[00:01:17.058,959] [0m<inf> exp02_logging: XY 77058 -8355840 -8355840[0m
[00:01:17.059,020] [0m<dbg> zmk: zmk_hid_mouse_movement_set: Mouse movement set to 0/0[0m
[00:01:17.059,051] [0m<dbg> zmk: zmk_hid_mouse_scroll_set: Mouse scroll set to 0/0[0m
[00:01:17.059,082] [0m<dbg> zmk: zmk_hid_mouse_movement_set: Mouse movement set to 0/0[0m
[00:01:17.066,986] [0m<inf> exp02_logging: XY 77066 -789555 -5263604[0m
[00:01:17.067,138] [0m<dbg> zmk: zmk_hid_mouse_movement_set: Mouse movement set to 127/127[0m
[00:01:17.067,138] [0m<dbg> zmk: zmk_hid_mouse_scroll_set: Mouse scroll set to 0/0[0m
[00:01:17.067,169] [0m<dbg> zmk: zmk_hid_mouse_movement_set: Mouse movement set to 0/0[0m
[00:01:17.075,103] [0m<inf> exp02_logging: XY 77075 -8355840 -8355840[0m
[00:01:17.075,195] [0m<dbg> zmk: zmk_hid_mouse_movement_set: Mouse movement set to 0/0[0m
[00:01:17.075,225] [0m<dbg> zmk: zmk_hid_mouse_scroll_set: Mouse scroll set to 0/0[0m
[00:01:17.075,256] [0m<dbg> zmk: zmk_hid_mouse_movement_set: Mouse movement set to 0/0[0m
[00:01:17.083,038] [0m<inf> exp02_logging: XY 77083 -8355840 -921284[0m
[00:01:17.083,129] [0m<dbg> zmk: zmk_hid_mouse_movement_set: Mouse movement set to 0/127[0m
[00:01:17.083,129] [0m<dbg> zmk: zmk_hid_mouse_scroll_set: Mouse scroll set to 0/0[0m
[00:01:17.083,160] [0m<dbg> zmk: zmk_hid_mouse_movement_set: Mouse movement set to 0/0[0m
[00:01:17.091,064] [0m<inf> exp02_logging: XY 77091 -6447801 -8355840[0m
[00:01:17.091,186] [0m<dbg> zmk: zmk_hid_mouse_movement_set: Mouse movement set to 127/0[0m
[00:01:17.091,217] [0m<dbg> zmk: zmk_hid_mouse_scroll_set: Mouse scroll set to 0/0[0m
[00:01:17.091,217] [0m<dbg> zmk: zmk_hid_mouse_movement_set: Mouse movement set to 0/0[0m
[00:01:17.099,182] [0m<inf> exp02_logging: XY 77099 -8355840 -8355840[0m
[00:01:17.099,243] [0m<dbg> zmk: zmk_hid_mouse_movement_set: Mouse movement set to 0/0[0m
[00:01:17.099,273] [0m<dbg> zmk: zmk_hid_mouse_scroll_set: Mouse scroll set to 0/0[0m
[00:01:17.099,273] [0m<dbg> zmk: zmk_hid_mouse_movement_set: Mouse movement set to 0/0[0m
[00:01:17.107,116] [0m<inf> exp02_logging: XY 77107 -855361 -5789805[0m
[00:01:17.107,238] [0m<dbg> zmk: zmk_hid_mouse_movement_set: Mouse movement set to 127/127[0m
[00:01:17.107,269] [0m<dbg> zmk: zmk_hid_mouse_scroll_set: Mouse scroll set to 0/0[0m
[00:01:17.107,269] [0m<dbg> zmk: zmk_hid_mouse_movement_set: Mouse movement set to 0/0[0m
[00:01:17.115,142] [0m<inf> exp02_logging: XY 77115 -8355840 -8355840[0m
[00:01:17.115,264] [0m<dbg> zmk: zmk_hid_mouse_movement_set: Mouse movement set to 0/0[0m
[00:01:17.115,295] [0m<dbg> zmk: zmk_hid_mouse_scroll_set: Mouse scroll set to 0/0[0m
[00:01:17.115,295] [0m<dbg> zmk: zmk_hid_mouse_movement_set: Mouse movement set to 0/0[0m
[00:01:17.123,260] [0m<inf> exp02_logging: XY 77123 -8355840 -921149[0m
[00:01:17.123,321] [0m<dbg> zmk: zmk_hid_mouse_movement_set: Mouse movement set to 0/127[0m
[00:01:17.123,352] [0m<dbg> zmk: zmk_hid_mouse_scroll_set: Mouse scroll set to 0/0[0m
[00:01:17.123,382] [0m<dbg> zmk: zmk_hid_mouse_movement_set: Mouse movement set to 0/0[0m
[00:01:17.131,195] [0m<inf> exp02_logging: XY 77131 -7171333 -8355840[0m
[00:01:17.131,317] [0m<dbg> zmk: zmk_hid_mouse_movement_set: Mouse movement set to 127/0[0m
[00:01:17.131,347] [0m<dbg> zmk: zmk_hid_mouse_scroll_set: Mouse scroll set to 0/0[0m
[00:01:17.131,347] [0m<dbg> zmk: zmk_hid_mouse_movement_set: Mouse movement set to 0/0[0m
[00:01:17.139,221] [0m<inf> exp02_logging: XY 77139 -8355840 -8355840[0m
[00:01:17.139,312] [0m<dbg> zmk: zmk_hid_mouse_movement_set: Mouse movement set to 0/0[0m
[00:01:17.139,312] [0m<dbg> zmk: zmk_hid_mouse_scroll_set: Mouse scroll set to 0/0[0m
[00:01:17.139,343] [0m<dbg> zmk: zmk_hid_mouse_movement_set: Mouse movement set to 0/0[0m
[00:01:17.147,338] [0m<inf> exp02_logging: XY 77147 -789747 -6316134[0m
[00:01:17.147,460] [0m<dbg> zmk: zmk_hid_mouse_movement_set: Mouse movement set to 127/127[0m
[00:01:17.147,460] [0m<dbg> zmk: zmk_hid_mouse_scroll_set: Mouse scroll set to 0/0[0m
[00:01:17.147,491] [0m<dbg> zmk: zmk_hid_mouse_movement_set: Mouse movement set to 0/0[0m
[00:01:17.155,273] [0m<inf> exp02_logging: XY 77155 -8355840 -8355840[0m
[00:01:17.155,395] [0m<dbg> zmk: zmk_hid_mouse_movement_set: Mouse movement set to 0/0[0m
[00:01:17.155,395] [0m<dbg> zmk: zmk_hid_mouse_scroll_set: Mouse scroll set to 0/0[0m
[00:01:17.155,426] [0m<dbg> zmk: zmk_hid_mouse_movement_set: Mouse movement set to 0/0[0m
[00:01:17.163,299] [0m<inf> exp02_logging: XY 77163 -8355840 -921142[0m
[00:01:17.163,391] [0m<dbg> zmk: zmk_hid_mouse_movement_set: Mouse movement set to 0/127[0m
[00:01:17.163,421] [0m<dbg> zmk: zmk_hid_mouse_scroll_set: Mouse scroll set to 0/0[0m
[00:01:17.163,421] [0m<dbg> zmk: zmk_hid_mouse_movement_set: Mouse movement set to 0/0[0m
[00:01:17.171,417] [0m<inf> exp02_logging: XY 77171 -8290037 -8355840[0m
[00:01:17.171,539] [0m<dbg> zmk: zmk_hid_mouse_movement_set: Mouse movement set to 12/0[0m
[00:01:17.171,539] [0m<dbg> zmk: zmk_hid_mouse_scroll_set: Mouse scroll set to 0/0[0m
[00:01:17.171,569] [0m<dbg> zmk: zmk_hid_mouse_movement_set: Mouse movement set to 0/0[0m
[00:01:17.179,351] [0m<inf> exp02_logging: XY 77179 -8355840 -8355840[0m
[00:01:17.179,443] [0m<dbg> zmk: zmk_hid_mouse_movement_set: Mouse movement set to 0/0[0m
[00:01:17.179,443] [0m<dbg> zmk: zmk_hid_mouse_scroll_set: Mouse scroll set to 0/0[0m
[00:01:17.179,473] [0m<dbg> zmk: zmk_hid_mouse_movement_set: Mouse movement set to 0/0[0m
[00:01:17.187,377] [0m<inf> exp02_logging: XY 77187 -789710 -6645004[0m
[00:01:17.187,500] [0m<dbg> zmk: zmk_hid_mouse_movement_set: Mouse movement set to 127/127[0m
[00:01:17.187,530] [0m<dbg> zmk: zmk_hid_mouse_scroll_set: Mouse scroll set to 0/0[0m
[00:01:17.187,561] [0m<dbg> zmk: zmk_hid_mouse_movement_set: Mouse movement set to 0/0[0m
[00:01:17.195,465] [0m<inf> exp02_logging: XY 77195 -8355840 -8355840[0m
[00:01:17.195,587] [0m<dbg> zmk: zmk_hid_mouse_movement_set: Mouse movement set to 0/0[0m
[00:01:17.195,617] [0m<dbg> zmk: zmk_hid_mouse_scroll_set: Mouse scroll set to 0/0[0m
[00:01:17.195,617] [0m<dbg> zmk: zmk_hid_mouse_movement_set: Mouse movement set to 0/0[0m
[00:01:17.203,460] [0m<inf> exp02_logging: XY 77203 -8355783 -855457[0m
[00:01:17.203,552] [0m<dbg> zmk: zmk_hid_mouse_movement_set: Mouse movement set to 0/127[0m
[00:01:17.203,552] [0m<dbg> zmk: zmk_hid_mouse_scroll_set: Mouse scroll set to 0/0[0m
[00:01:17.203,582] [0m<dbg> zmk: zmk_hid_mouse_movement_set: Mouse movement set to 0/0[0m
[00:01:17.211,456] [0m<inf> exp02_logging: XY 77211 -8355743 -8355840[0m
[00:01:17.211,547] [0m<dbg> zmk: zmk_hid_mouse_movement_set: Mouse movement set to 0/0[0m
[00:01:17.211,578] [0m<dbg> zmk: zmk_hid_mouse_scroll_set: Mouse scroll set to 0/0[0m
[00:01:17.211,578] [0m<dbg> zmk: zmk_hid_mouse_movement_set: Mouse movement set to 0/0[0m
[00:01:17.219,573] [0m<inf> exp02_logging: XY 77219 -8355840 -8355840[0m
[00:01:17.227,539] [0m<inf> exp02_logging: XY 77227 -789601 -6776757[0m
[00:01:17.227,661] [0m<dbg> zmk: zmk_hid_mouse_movement_set: Mouse movement set to 127/127[0m
[00:01:17.227,691] [0m<dbg> zmk: zmk_hid_mouse_scroll_set: Mouse scroll set to 0/0[0m
[00:01:17.227,691] [0m<dbg> zmk: zmk_hid_mouse_movement_set: Mouse movement set to 0/0[0m
[00:01:17.235,595] [0m<inf> exp02_logging: XY 77235 -8355840 -8355840[0m
[00:01:17.235,717] [0m<dbg> zmk: zmk_hid_mouse_movement_set: Mouse movement set to 0/0[0m
[00:01:17.235,748] [0m<dbg> zmk: zmk_hid_mouse_scroll_set: Mouse scroll set to 0/0[0m
[00:01:17.235,748] [0m<dbg> zmk: zmk_hid_mouse_movement_set: Mouse movement set to 0/0[0m
[00:01:17.243,560] [0m<inf> exp02_logging: XY 77243 -8224028 -855459[0m
[00:01:17.243,682] [0m<dbg> zmk: zmk_hid_mouse_movement_set: Mouse movement set to 25/127[0m
[00:01:17.243,713] [0m<dbg> zmk: zmk_hid_mouse_scroll_set: Mouse scroll set to 0/0[0m
[00:01:17.243,713] [0m<dbg> zmk: zmk_hid_mouse_movement_set: Mouse movement set to 0/0[0m
[00:01:17.251,586] [0m<inf> exp02_logging: XY 77251 -8355840 -8355840[0m
[00:01:17.251,708] [0m<dbg> zmk: zmk_hid_mouse_movement_set: Mouse movement set to 0/0[0m
[00:01:17.251,739] [0m<dbg> zmk: zmk_hid_mouse_scroll_set: Mouse scroll set to 0/0[0m
[00:01:17.251,739] [0m<dbg> zmk: zmk_hid_mouse_movement_set: Mouse movement set to 0/0[0m
[00:01:17.259,704] [0m<inf> exp02_logging: XY 77259 -8355840 -8355840[0m
[00:01:17.267,669] [0m<inf> exp02_logging: XY 77267 -1250215 -7237209[0m
[00:01:17.267,791] [0m<dbg> zmk: zmk_hid_mouse_movement_set: Mouse movement set to 127/127[0m
[00:01:17.267,822] [0m<dbg> zmk: zmk_hid_mouse_scroll_set: Mouse scroll set to 0/0[0m
[00:01:17.267,822] [0m<dbg> zmk: zmk_hid_mouse_movement_set: Mouse movement set to 0/0[0m
[00:01:17.275,756] [0m<inf> exp02_logging: XY 77275 -8355840 -8355840[0m
[00:01:17.275,848] [0m<dbg> zmk: zmk_hid_mouse_movement_set: Mouse movement set to 0/0[0m
[00:01:17.275,878] [0m<dbg> zmk: zmk_hid_mouse_scroll_set: Mouse scroll set to 0/0[0m
[00:01:17.275,878] [0m<dbg> zmk: zmk_hid_mouse_movement_set: Mouse movement set to 0/0[0m
[00:01:17.283,691] [0m<inf> exp02_logging: XY 77283 -7829447 -921289[0m
[00:01:17.283,813] [0m<dbg> zmk: zmk_hid_mouse_movement_set: Mouse movement set to 102/127[0m
[00:01:17.283,843] [0m<dbg> zmk: zmk_hid_mouse_scroll_set: Mouse scroll set to 0/0[0m
[00:01:17.283,843] [0m<dbg> zmk: zmk_hid_mouse_movement_set: Mouse movement set to 0/0[0m
[00:01:17.291,717] [0m<inf> exp02_logging: XY 77291 -8355840 -8355840[0m
[00:01:17.291,839] [0m<dbg> zmk: zmk_hid_mouse_movement_set: Mouse movement set to 0/0[0m
[00:01:17.291,870] [0m<dbg> zmk: zmk_hid_mouse_scroll_set: Mouse scroll set to 0/0[0m
[00:01:17.291,870] [0m<dbg> zmk: zmk_hid_mouse_movement_set: Mouse movement set to 0/0[0m
[00:01:17.299,804] [0m<inf> exp02_logging: XY 77299 -8355840 -8355840[0m
[00:01:17.307,800] [0m<inf> exp02_logging: XY 77307 -723926 -8290037[0m
[00:01:17.307,922] [0m<dbg> zmk: zmk_hid_mouse_movement_set: Mouse movement set to 127/12[0m
[00:01:17.307,952] [0m<dbg> zmk: zmk_hid_mouse_scroll_set: Mouse scroll set to 0/0[0m
[00:01:17.307,952] [0m<dbg> zmk: zmk_hid_mouse_movement_set: Mouse movement set to 0/0[0m
[00:01:17.315,887] [0m<inf> exp02_logging: XY 77315 -8355840 -8355840[0m
[00:01:17.315,979] [0m<dbg> zmk: zmk_hid_mouse_movement_set: Mouse movement set to 0/0[0m
[00:01:17.316,009] [0m<dbg> zmk: zmk_hid_mouse_scroll_set: Mouse scroll set to 0/0[0m
[00:01:17.316,009] [0m<dbg> zmk: zmk_hid_mouse_movement_set: Mouse movement set to 0/0[0m
[00:01:17.323,822] [0m<inf> exp02_logging: XY 77323 -7434514 -921188[0m
[00:01:17.323,944] [0m<dbg> zmk: zmk_hid_mouse_movement_set: Mouse movement set to 127/127[0m
[00:01:17.323,974] [0m<dbg> zmk: zmk_hid_mouse_scroll_set: Mouse scroll set to 0/0[0m
[00:01:17.323,974] [0m<dbg> zmk: zmk_hid_mouse_movement_set: Mouse movement set to 0/0[0m
[00:01:17.331,848] [0m<inf> exp02_logging: XY 77331 -8355840 -8355840[0m
[00:01:17.331,970] [0m<dbg> zmk: zmk_hid_mouse_movement_set: Mouse movement set to 0/0[0m
[00:01:17.332,000] [0m<dbg> zmk: zmk_hid_mouse_scroll_set: Mouse scroll set to 0/0[0m
[00:01:17.332,000] [0m<dbg> zmk: zmk_hid_mouse_movement_set: Mouse movement set to 0/0[0m
[00:01:17.339,965] [0m<inf> exp02_logging: XY 77339 -8355840 -8355840[0m
[00:01:17.347,930] [0m<inf> exp02_logging: XY 77347 -723945 -8355840[0m
[00:01:17.348,022] [0m<dbg> zmk: zmk_hid_mouse_movement_set: Mouse movement set to 127/0[0m
[00:01:17.348,022] [0m<dbg> zmk: zmk_hid_mouse_scroll_set: Mouse scroll set to 0/0[0m
[00:01:17.348,052] [0m<dbg> zmk: zmk_hid_mouse_movement_set: Mouse movement set to 0/0[0m
[00:01:17.356,018] [0m<inf> exp02_logging: XY 77355 -8355840 -8355840[0m
[00:01:17.356,079] [0m<dbg> zmk: zmk_hid_mouse_movement_set: Mouse movement set to 0/0[0m
[00:01:17.356,109] [0m<dbg> zmk: zmk_hid_mouse_scroll_set: Mouse scroll set to 0/0[0m
[00:01:17.356,109] [0m<dbg> zmk: zmk_hid_mouse_movement_set: Mouse movement set to 0/0[0m
[00:01:17.363,952] [0m<inf> exp02_logging: XY 77363 -6908239 -855536[0m
[00:01:17.364,074] [0m<dbg> zmk: zmk_hid_mouse_movement_set: Mouse movement set to 127/127[0m
[00:01:17.364,105] [0m<dbg> zmk: zmk_hid_mouse_scroll_set: Mouse scroll set to 0/0[0m
[00:01:17.364,105] [0m<dbg> zmk: zmk_hid_mouse_movement_set: Mouse movement set to 0/0[0m
[00:01:17.371,978] [0m<inf> exp02_logging: XY 77371 -8355840 -8355840[0m
[00:01:17.372,100] [0m<dbg> zmk: zmk_hid_mouse_movement_set: Mouse movement set to 0/0[0m
[00:01:17.372,131] [0m<dbg> zmk: zmk_hid_mouse_scroll_set: Mouse scroll set to 0/0[0m
[00:01:17.372,131] [0m<dbg> zmk: zmk_hid_mouse_movement_set: Mouse movement set to 0/0[0m
[00:01:17.380,065] [0m<inf> exp02_logging: XY 77380 -8355840 -8355840[0m
[00:01:17.388,061] [0m<inf> exp02_logging: XY 77388 -723870 -8355840[0m
[00:01:17.388,153] [0m<dbg> zmk: zmk_hid_mouse_movement_set: Mouse movement set to 127/0[0m
[00:01:17.388,153] [0m<dbg> zmk: zmk_hid_mouse_scroll_set: Mouse scroll set to 0/0[0m
[00:01:17.388,183] [0m<dbg> zmk: zmk_hid_mouse_movement_set: Mouse movement set to 0/0[0m
[00:01:17.396,148] [0m<inf> exp02_logging: XY 77396 -8355840 -8355840[0m
[00:01:17.396,209] [0m<dbg> zmk: zmk_hid_mouse_movement_set: Mouse movement set to 0/0[0m
[00:01:17.396,240] [0m<dbg> zmk: zmk_hid_mouse_scroll_set: Mouse scroll set to 0/0[0m
[00:01:17.396,240] [0m<dbg> zmk: zmk_hid_mouse_movement_set: Mouse movement set to 0/0[0m
[00:01:17.404,083] [0m<inf> exp02_logging: XY 77404 -6447655 -921142[0m
[00:01:17.404,205] [0m<dbg> zmk: zmk_hid_mouse_movement_set: Mouse movement set to 127/127[0m
[00:01:17.404,235] [0m<dbg> zmk: zmk_hid_mouse_scroll_set: Mouse scroll set to 0/0[0m
[00:01:17.404,235] [0m<dbg> zmk: zmk_hid_mouse_movement_set: Mouse movement set to 0/0[0m
[00:01:17.412,109] [0m<inf> exp02_logging: XY 77412 -8355840 -8355840[0m
[00:01:17.412,231] [0m<dbg> zmk: zmk_hid_mouse_movement_set: Mouse movement set to 0/0[0m
[00:01:17.412,261] [0m<dbg> zmk: zmk_hid_mouse_scroll_set: Mouse scroll set to 0/0[0m
[00:01:17.412,261] [0m<dbg> zmk: zmk_hid_mouse_movement_set: Mouse movement set to 0/0[0m
[00:01:17.420,227] [0m<inf> exp02_logging: XY 77420 -8355840 -8289948[0m
[00:01:17.420,288] [0m<dbg> zmk: zmk_hid_mouse_movement_set: Mouse movement set to 0/12[0m
[00:01:17.420,318] [0m<dbg> zmk: zmk_hid_mouse_scroll_set: Mouse scroll set to 0/0[0m
[00:01:17.420,349] [0m<dbg> zmk: zmk_hid_mouse_movement_set: Mouse movement set to 0/0[0m
[00:01:17.428,161] [0m<inf> exp02_logging: XY 77428 -723915 -8355840[0m
[00:01:17.428,283] [0m<dbg> zmk: zmk_hid_mouse_movement_set: Mouse movement set to 127/0[0m
[00:01:17.428,314] [0m<dbg> zmk: zmk_hid_mouse_scroll_set: Mouse scroll set to 0/0[0m
[00:01:17.428,314] [0m<dbg> zmk: zmk_hid_mouse_movement_set: Mouse movement set to 0/0[0m
[00:01:17.436,187] [0m<inf> exp02_logging: XY 77436 -8355840 -8355840[0m
[00:01:17.436,279] [0m<dbg> zmk: zmk_hid_mouse_movement_set: Mouse movement set to 0/0[0m
[00:01:17.436,279] [0m<dbg> zmk: zmk_hid_mouse_scroll_set: Mouse scroll set to 0/0[0m
[00:01:17.436,309] [0m<dbg> zmk: zmk_hid_mouse_movement_set: Mouse movement set to 0/0[0m
[00:01:17.444,305] [0m<inf> exp02_logging: XY 77444 -5855603 -855400[0m
[00:01:17.444,427] [0m<dbg> zmk: zmk_hid_mouse_movement_set: Mouse movement set to 127/127[0m
[00:01:17.444,427] [0m<dbg> zmk: zmk_hid_mouse_scroll_set: Mouse scroll set to 0/0[0m
[00:01:17.444,458] [0m<dbg> zmk: zmk_hid_mouse_movement_set: Mouse movement set to 0/0[0m
[00:01:17.452,239] [0m<inf> exp02_logging: XY 77452 -8355840 -8355840[0m
[00:01:17.452,362] [0m<dbg> zmk: zmk_hid_mouse_movement_set: Mouse movement set to 0/0[0m
[00:01:17.452,362] [0m<dbg> zmk: zmk_hid_mouse_scroll_set: Mouse scroll set to 0/0[0m
[00:01:17.452,392] [0m<dbg> zmk: zmk_hid_mouse_movement_set: Mouse movement set to 0/0[0m
[00:01:17.460,266] [0m<inf> exp02_logging: XY 77460 -8355840 -8158324[0m
[00:01:17.460,357] [0m<dbg> zmk: zmk_hid_mouse_movement_set: Mouse movement set to 0/38[0m
[00:01:17.460,388] [0m<dbg> zmk: zmk_hid_mouse_scroll_set: Mouse scroll set to 0/0[0m
[00:01:17.460,388] [0m<dbg> zmk: zmk_hid_mouse_movement_set: Mouse movement set to 0/0[0m
[00:01:17.468,383] [0m<inf> exp02_logging: XY 77468 -1052717 -8355840[0m
[00:01:17.468,505] [0m<dbg> zmk: zmk_hid_mouse_movement_set: Mouse movement set to 127/0[0m
[00:01:17.468,505] [0m<dbg> zmk: zmk_hid_mouse_scroll_set: Mouse scroll set to 0/0[0m
[00:01:17.468,536] [0m<dbg> zmk: zmk_hid_mouse_movement_set: Mouse movement set to 0/0[0m
[00:01:17.476,318] [0m<inf> exp02_logging: XY 77476 -8355840 -8355840[0m
[00:01:17.476,379] [0m<dbg> zmk: zmk_hid_mouse_movement_set: Mouse movement set to 0/0[0m
[00:01:17.476,409] [0m<dbg> zmk: zmk_hid_mouse_scroll_set: Mouse scroll set to 0/0[0m
[00:01:17.476,440] [0m<dbg> zmk: zmk_hid_mouse_movement_set: Mouse movement set to 0/0[0m
[00:01:17.484,344] [0m<inf> exp02_logging: XY 77484 -5526562 -855437[0m
[00:01:17.484,497] [0m<dbg> zmk: zmk_hid_mouse_movement_set: Mouse movement set to 127/127[0m
[00:01:17.484,497] [0m<dbg> zmk: zmk_hid_mouse_scroll_set: Mouse scroll set to 0/0[0m
[00:01:17.484,527] [0m<dbg> zmk: zmk_hid_mouse_movement_set: Mouse movement set to 0/0[0m
[00:01:17.492,462] [0m<inf> exp02_logging: XY 77492 -8355840 -8355840[0m
[00:01:17.492,553] [0m<dbg> zmk: zmk_hid_mouse_movement_set: Mouse movement set to 0/0[0m
[00:01:17.492,584] [0m<dbg> zmk: zmk_hid_mouse_scroll_set: Mouse scroll set to 0/0[0m
[00:01:17.492,584] [0m<dbg> zmk: zmk_hid_mouse_movement_set: Mouse movement set to 0/0[0m
[00:01:17.500,427] [0m<inf> exp02_logging: XY 77500 -8355840 -7829280[0m
[00:01:17.500,518] [0m<dbg> zmk: zmk_hid_mouse_movement_set: Mouse movement set to 0/102[0m
[00:01:17.500,518] [0m<dbg> zmk: zmk_hid_mouse_scroll_set: Mouse scroll set to 0/0[0m
[00:01:17.500,549] [0m<dbg> zmk: zmk_hid_mouse_movement_set: Mouse movement set to 0/0[0m
[00:01:17.508,422] [0m<inf> exp02_logging: XY 77508 -1316094 -8355840[0m
[00:01:17.508,544] [0m<dbg> zmk: zmk_hid_mouse_movement_set: Mouse movement set to 127/0[0m
[00:01:17.508,575] [0m<dbg> zmk: zmk_hid_mouse_scroll_set: Mouse scroll set to 0/0[0m
[00:01:17.508,575] [0m<dbg> zmk: zmk_hid_mouse_movement_set: Mouse movement set to 0/0[0m
[00:01:17.516,540] [0m<inf> exp02_logging: XY 77516 -8355840 -8355840[0m
[00:01:17.516,601] [0m<dbg> zmk: zmk_hid_mouse_movement_set: Mouse movement set to 0/0[0m
[00:01:17.516,632] [0m<dbg> zmk: zmk_hid_mouse_scroll_set: Mouse scroll set to 0/0[0m
[00:01:17.516,632] [0m<dbg> zmk: zmk_hid_mouse_movement_set: Mouse movement set to 0/0[0m
[00:01:17.524,475] [0m<inf> exp02_logging: XY 77524 -5000265 -789660[0m
[00:01:17.524,597] [0m<dbg> zmk: zmk_hid_mouse_movement_set: Mouse movement set to 127/127[0m
[00:01:17.524,627] [0m<dbg> zmk: zmk_hid_mouse_scroll_set: Mouse scroll set to 0/0[0m
[00:01:17.524,627] [0m<dbg> zmk: zmk_hid_mouse_movement_set: Mouse movement set to 0/0[0m
[00:01:17.532,501] [0m<inf> exp02_logging: XY 77532 -8355840 -8355840[0m
[00:01:17.532,623] [0m<dbg> zmk: zmk_hid_mouse_movement_set: Mouse movement set to 0/0[0m
[00:01:17.532,653] [0m<dbg> zmk: zmk_hid_mouse_scroll_set: Mouse scroll set to 0/0[0m
[00:01:17.532,653] [0m<dbg> zmk: zmk_hid_mouse_movement_set: Mouse movement set to 0/0[0m
[00:01:17.540,618] [0m<inf> exp02_logging: XY 77540 -8355840 -7368836[0m
[00:01:17.540,679] [0m<dbg> zmk: zmk_hid_mouse_movement_set: Mouse movement set to 0/127[0m
[00:01:17.540,710] [0m<dbg> zmk: zmk_hid_mouse_scroll_set: Mouse scroll set to 0/0[0m
[00:01:17.540,740] [0m<dbg> zmk: zmk_hid_mouse_movement_set: Mouse movement set to 0/0[0m
[00:01:17.548,553] [0m<inf> exp02_logging: XY 77548 -1842211 -8355840[0m
[00:01:17.548,675] [0m<dbg> zmk: zmk_hid_mouse_movement_set: Mouse movement set to 127/0[0m
[00:01:17.548,706] [0m<dbg> zmk: zmk_hid_mouse_scroll_set: Mouse scroll set to 0/0[0m
[00:01:17.548,706] [0m<dbg> zmk: zmk_hid_mouse_movement_set: Mouse movement set to 0/0[0m
[00:01:17.556,579] [0m<inf> exp02_logging: XY 77556 -8355840 -8355840[0m
[00:01:17.556,671] [0m<dbg> zmk: zmk_hid_mouse_movement_set: Mouse movement set to 0/0[0m
[00:01:17.556,671] [0m<dbg> zmk: zmk_hid_mouse_scroll_set: Mouse scroll set to 0/0[0m
[00:01:17.556,701] [0m<dbg> zmk: zmk_hid_mouse_movement_set: Mouse movement set to 0/0[0m
[00:01:17.564,697] [0m<inf> exp02_logging: XY 77564 -4473922 -987040[0m
[00:01:17.564,819] [0m<dbg> zmk: zmk_hid_mouse_movement_set: Mouse movement set to 127/127[0m
[00:01:17.564,849] [0m<dbg> zmk: zmk_hid_mouse_scroll_set: Mouse scroll set to 0/0[0m
[00:01:17.564,849] [0m<dbg> zmk: zmk_hid_mouse_movement_set: Mouse movement set to 0/0[0m
[00:01:17.572,631] [0m<inf> exp02_logging: XY 77572 -8355840 -8355840[0m
[00:01:17.572,753] [0m<dbg> zmk: zmk_hid_mouse_movement_set: Mouse movement set to 0/0[0m
[00:01:17.572,753] [0m<dbg> zmk: zmk_hid_mouse_scroll_set: Mouse scroll set to 0/0[0m
[00:01:17.572,784] [0m<dbg> zmk: zmk_hid_mouse_movement_set: Mouse movement set to 0/0[0m
[00:01:17.580,657] [0m<inf> exp02_logging: XY 77580 -8355840 -7171461[0m
[00:01:17.580,749] [0m<dbg> zmk: zmk_hid_mouse_movement_set: Mouse movement set to 0/127[0m
[00:01:17.580,780] [0m<dbg> zmk: zmk_hid_mouse_scroll_set: Mouse scroll set to 0/0[0m
[00:01:17.580,780] [0m<dbg> zmk: zmk_hid_mouse_movement_set: Mouse movement set to 0/0[0m
[00:01:17.588,775] [0m<inf> exp02_logging: XY 77588 -2302961 -8355840[0m
[00:01:17.588,897] [0m<dbg> zmk: zmk_hid_mouse_movement_set: Mouse movement set to 127/0[0m
[00:01:17.588,897] [0m<dbg> zmk: zmk_hid_mouse_scroll_set: Mouse scroll set to 0/0[0m
[00:01:17.588,928] [0m<dbg> zmk: zmk_hid_mouse_movement_set: Mouse movement set to 0/0[0m
[00:01:17.596,710] [0m<inf> exp02_logging: XY 77596 -8355840 -8355840[0m
[00:01:17.596,771] [0m<dbg> zmk: zmk_hid_mouse_movement_set: Mouse movement set to 0/0[0m
[00:01:17.596,801] [0m<dbg> zmk: zmk_hid_mouse_scroll_set: Mouse scroll set to 0/0[0m
[00:01:17.596,832] [0m<dbg> zmk: zmk_hid_mouse_movement_set: Mouse movement set to 0/0[0m
[00:01:17.604,736] [0m<inf> exp02_logging: XY 77604 -4145021 -1184380[0m
[00:01:17.604,888] [0m<dbg> zmk: zmk_hid_mouse_movement_set: Mouse movement set to 127/127[0m
[00:01:17.604,888] [0m<dbg> zmk: zmk_hid_mouse_scroll_set: Mouse scroll set to 0/0[0m
[00:01:17.604,919] [0m<dbg> zmk: zmk_hid_mouse_movement_set: Mouse movement set to 0/0[0m
[00:01:17.612,854] [0m<inf> exp02_logging: XY 77612 -8355840 -8355840[0m
[00:01:17.612,945] [0m<dbg> zmk: zmk_hid_mouse_movement_set: Mouse movement set to 0/0[0m
[00:01:17.612,976] [0m<dbg> zmk: zmk_hid_mouse_scroll_set: Mouse scroll set to 0/0[0m
[00:01:17.613,006] [0m<dbg> zmk: zmk_hid_mouse_movement_set: Mouse movement set to 0/0[0m
[00:01:17.620,819] [0m<inf> exp02_logging: XY 77620 -8355840 -6710908[0m
[00:01:17.620,910] [0m<dbg> zmk: zmk_hid_mouse_movement_set: Mouse movement set to 0/127[0m
[00:01:17.620,941] [0m<dbg> zmk: zmk_hid_mouse_scroll_set: Mouse scroll set to 0/0[0m
[00:01:17.620,941] [0m<dbg> zmk: zmk_hid_mouse_movement_set: Mouse movement set to 0/0[0m
[00:01:17.628,814] [0m<inf> exp02_logging: XY 77628 -2565998 -8355840[0m
[00:01:17.628,936] [0m<dbg> zmk: zmk_hid_mouse_movement_set: Mouse movement set to 127/0[0m
[00:01:17.628,967] [0m<dbg> zmk: zmk_hid_mouse_scroll_set: Mouse scroll set to 0/0[0m
[00:01:17.628,967] [0m<dbg> zmk: zmk_hid_mouse_movement_set: Mouse movement set to 0/0[0m
[00:01:17.636,932] [0m<inf> exp02_logging: XY 77636 -8355840 -8355840[0m
[00:01:17.636,993] [0m<dbg> zmk: zmk_hid_mouse_movement_set: Mouse movement set to 0/0[0m
[00:01:17.637,023] [0m<dbg> zmk: zmk_hid_mouse_scroll_set: Mouse scroll set to 0/0[0m
[00:01:17.637,023] [0m<dbg> zmk: zmk_hid_mouse_movement_set: Mouse movement set to 0/0[0m
[00:01:17.644,866] [0m<inf> exp02_logging: XY 77644 -3618600 -1645007[0m
[00:01:17.644,989] [0m<dbg> zmk: zmk_hid_mouse_movement_set: Mouse movement set to 127/127[0m
[00:01:17.645,019] [0m<dbg> zmk: zmk_hid_mouse_scroll_set: Mouse scroll set to 0/0[0m
[00:01:17.645,019] [0m<dbg> zmk: zmk_hid_mouse_movement_set: Mouse movement set to 0/0[0m
[00:01:17.652,893] [0m<inf> exp02_logging: XY 77652 -8355840 -8355840[0m
[00:01:17.653,015] [0m<dbg> zmk: zmk_hid_mouse_movement_set: Mouse movement set to 0/0[0m
[00:01:17.653,045] [0m<dbg> zmk: zmk_hid_mouse_scroll_set: Mouse scroll set to 0/0[0m
[00:01:17.653,045] [0m<dbg> zmk: zmk_hid_mouse_movement_set: Mouse movement set to 0/0[0m
[00:01:17.661,010] [0m<inf> exp02_logging: XY 77660 -8355840 -6381925[0m
[00:01:17.661,071] [0m<dbg> zmk: zmk_hid_mouse_movement_set: Mouse movement set to 0/127[0m
[00:01:17.661,102] [0m<dbg> zmk: zmk_hid_mouse_scroll_set: Mouse scroll set to 0/0[0m
[00:01:17.661,132] [0m<dbg> zmk: zmk_hid_mouse_movement_set: Mouse movement set to 0/0[0m
[00:01:17.668,945] [0m<inf> exp02_logging: XY 77668 -3223867 -8355840[0m
[00:01:17.669,067] [0m<dbg> zmk: zmk_hid_mouse_movement_set: Mouse movement set to 127/0[0m
[00:01:17.669,097] [0m<dbg> zmk: zmk_hid_mouse_scroll_set: Mouse scroll set to 0/0[0m
[00:01:17.669,097] [0m<dbg> zmk: zmk_hid_mouse_movement_set: Mouse movement set to 0/0[0m
[00:01:17.676,971] [0m<inf> exp02_logging: XY 77676 -8355840 -8355840[0m
[00:01:17.677,062] [0m<dbg> zmk: zmk_hid_mouse_movement_set: Mouse movement set to 0/0[0m
[00:01:17.677,062] [0m<dbg> zmk: zmk_hid_mouse_scroll_set: Mouse scroll set to 0/0[0m
[00:01:17.677,093] [0m<dbg> zmk: zmk_hid_mouse_movement_set: Mouse movement set to 0/0[0m
[00:01:17.685,089] [0m<inf> exp02_logging: XY 77685 -2960709 -2237127[0m
[00:01:17.685,211] [0m<dbg> zmk: zmk_hid_mouse_movement_set: Mouse movement set to 127/127[0m
[00:01:17.685,241] [0m<dbg> zmk: zmk_hid_mouse_scroll_set: Mouse scroll set to 0/0[0m
[00:01:17.685,241] [0m<dbg> zmk: zmk_hid_mouse_movement_set: Mouse movement set to 0/0[0m
[00:01:17.693,023] [0m<inf> exp02_logging: XY 77693 -8355840 -8355840[0m
[00:01:17.693,145] [0m<dbg> zmk: zmk_hid_mouse_movement_set: Mouse movement set to 0/0[0m
[00:01:17.693,145] [0m<dbg> zmk: zmk_hid_mouse_scroll_set: Mouse scroll set to 0/0[0m
[00:01:17.693,176] [0m<dbg> zmk: zmk_hid_mouse_movement_set: Mouse movement set to 0/0[0m
[00:01:17.701,049] [0m<inf> exp02_logging: XY 77701 -8355840 -6052868[0m
[00:01:17.701,141] [0m<dbg> zmk: zmk_hid_mouse_movement_set: Mouse movement set to 0/127[0m
[00:01:17.701,171] [0m<dbg> zmk: zmk_hid_mouse_scroll_set: Mouse scroll set to 0/0[0m
[00:01:17.701,171] [0m<dbg> zmk: zmk_hid_mouse_movement_set: Mouse movement set to 0/0[0m
[00:01:17.709,167] [0m<inf> exp02_logging: XY 77709 -3815944 -8355840[0m
[00:01:17.709,289] [0m<dbg> zmk: zmk_hid_mouse_movement_set: Mouse movement set to 127/0[0m
[00:01:17.709,289] [0m<dbg> zmk: zmk_hid_mouse_scroll_set: Mouse scroll set to 0/0[0m
[00:01:17.709,320] [0m<dbg> zmk: zmk_hid_mouse_movement_set: Mouse movement set to 0/0[0m
[00:01:17.717,102] [0m<inf> exp02_logging: XY 77717 -8355840 -8355840[0m
[00:01:17.717,193] [0m<dbg> zmk: zmk_hid_mouse_movement_set: Mouse movement set to 0/0[0m
[00:01:17.717,193] [0m<dbg> zmk: zmk_hid_mouse_scroll_set: Mouse scroll set to 0/0[0m
[00:01:17.717,224] [0m<dbg> zmk: zmk_hid_mouse_movement_set: Mouse movement set to 0/0[0m
[00:01:17.725,128] [0m<inf> exp02_logging: XY 77725 -2566050 -2302749[0m
[00:01:17.725,250] [0m<dbg> zmk: zmk_hid_mouse_movement_set: Mouse movement set to 127/127[0m
[00:01:17.725,280] [0m<dbg> zmk: zmk_hid_mouse_scroll_set: Mouse scroll set to 0/0[0m
[00:01:17.725,311] [0m<dbg> zmk: zmk_hid_mouse_movement_set: Mouse movement set to 0/0[0m
[00:01:17.733,245] [0m<inf> exp02_logging: XY 77733 -8355840 -8355840[0m
[00:01:17.733,337] [0m<dbg> zmk: zmk_hid_mouse_movement_set: Mouse movement set to 0/0[0m
[00:01:17.733,367] [0m<dbg> zmk: zmk_hid_mouse_scroll_set: Mouse scroll set to 0/0[0m
[00:01:17.733,398] [0m<dbg> zmk: zmk_hid_mouse_movement_set: Mouse movement set to 0/0[0m
[00:01:17.741,180] [0m<inf> exp02_logging: XY 77741 -8355840 -4276489[0m
[00:01:17.741,271] [0m<dbg> zmk: zmk_hid_mouse_movement_set: Mouse movement set to 0/127[0m
[00:01:17.741,271] [0m<dbg> zmk: zmk_hid_mouse_scroll_set: Mouse scroll set to 0/0[0m
[00:01:17.741,302] [0m<dbg> zmk: zmk_hid_mouse_movement_set: Mouse movement set to 0/0[0m
[00:01:17.749,206] [0m<inf> exp02_logging: XY 77749 -4013317 -8355840[0m
[00:01:17.749,328] [0m<dbg> zmk: zmk_hid_mouse_movement_set: Mouse movement set to 127/0[0m
[00:01:17.749,359] [0m<dbg> zmk: zmk_hid_mouse_scroll_set: Mouse scroll set to 0/0[0m
[00:01:17.749,359] [0m<dbg> zmk: zmk_hid_mouse_movement_set: Mouse movement set to 0/0[0m
[00:01:17.757,324] [0m<inf> exp02_logging: XY 77757 -8355840 -8355840[0m
[00:01:17.757,385] [0m<dbg> zmk: zmk_hid_mouse_movement_set: Mouse movement set to 0/0[0m
[00:01:17.757,415] [0m<dbg> zmk: zmk_hid_mouse_scroll_set: Mouse scroll set to 0/0[0m
[00:01:17.757,415] [0m<dbg> zmk: zmk_hid_mouse_movement_set: Mouse movement set to 0/0[0m
[00:01:17.765,258] [0m<inf> exp02_logging: XY 77765 -1842268 -2697708[0m
[00:01:17.765,380] [0m<dbg> zmk: zmk_hid_mouse_movement_set: Mouse movement set to 127/127[0m
[00:01:17.765,411] [0m<dbg> zmk: zmk_hid_mouse_scroll_set: Mouse scroll set to 0/0[0m
[00:01:17.765,411] [0m<dbg> zmk: zmk_hid_mouse_movement_set: Mouse movement set to 0/0[0m
[00:01:17.773,284] [0m<inf> exp02_logging: XY 77773 -8355840 -8355840[0m
[00:01:17.773,406] [0m<dbg> zmk: zmk_hid_mouse_movement_set: Mouse movement set to 0/0[0m
[00:01:17.773,406] [0m<dbg> zmk: zmk_hid_mouse_scroll_set: Mouse scroll set to 0/0[0m
[00:01:17.773,437] [0m<dbg> zmk: zmk_hid_mouse_movement_set: Mouse movement set to 0/0[0m
[00:01:17.781,402] [0m<inf> exp02_logging: XY 77781 -8355840 -3355579[0m
[00:01:17.781,463] [0m<dbg> zmk: zmk_hid_mouse_movement_set: Mouse movement set to 0/127[0m
[00:01:17.781,494] [0m<dbg> zmk: zmk_hid_mouse_scroll_set: Mouse scroll set to 0/0[0m
[00:01:17.781,524] [0m<dbg> zmk: zmk_hid_mouse_movement_set: Mouse movement set to 0/0[0m
[00:01:17.789,337] [0m<inf> exp02_logging: XY 77789 -4342401 -8355840[0m
[00:01:17.789,459] [0m<dbg> zmk: zmk_hid_mouse_movement_set: Mouse movement set to 127/0[0m
[00:01:17.789,489] [0m<dbg> zmk: zmk_hid_mouse_scroll_set: Mouse scroll set to 0/0[0m
[00:01:17.789,489] [0m<dbg> zmk: zmk_hid_mouse_movement_set: Mouse movement set to 0/0[0m
[00:01:17.797,363] [0m<inf> exp02_logging: XY 77797 -8355840 -8355840[0m
[00:01:17.797,454] [0m<dbg> zmk: zmk_hid_mouse_movement_set: Mouse movement set to 0/0[0m
[00:01:17.797,454] [0m<dbg> zmk: zmk_hid_mouse_scroll_set: Mouse scroll set to 0/0[0m
[00:01:17.797,485] [0m<dbg> zmk: zmk_hid_mouse_movement_set: Mouse movement set to 0/0[0m
[00:01:17.805,480] [0m<inf> exp02_logging: XY 77805 -921113 -3421325[0m
[00:01:17.805,603] [0m<dbg> zmk: zmk_hid_mouse_movement_set: Mouse movement set to 127/127[0m
[00:01:17.805,603] [0m<dbg> zmk: zmk_hid_mouse_scroll_set: Mouse scroll set to 0/0[0m
[00:01:17.805,633] [0m<dbg> zmk: zmk_hid_mouse_movement_set: Mouse movement set to 0/0[0m
[00:01:17.813,415] [0m<inf> exp02_logging: XY 77813 -8355840 -8355840[0m
[00:01:17.813,537] [0m<dbg> zmk: zmk_hid_mouse_movement_set: Mouse movement set to 0/0[0m
[00:01:17.813,537] [0m<dbg> zmk: zmk_hid_mouse_scroll_set: Mouse scroll set to 0/0[0m
[00:01:17.813,568] [0m<dbg> zmk: zmk_hid_mouse_movement_set: Mouse movement set to 0/0[0m
[00:01:17.821,441] [0m<inf> exp02_logging: XY 77821 -8355840 -2960774[0m
[00:01:17.821,533] [0m<dbg> zmk: zmk_hid_mouse_movement_set: Mouse movement set to 0/127[0m
[00:01:17.821,563] [0m<dbg> zmk: zmk_hid_mouse_scroll_set: Mouse scroll set to 0/0[0m
[00:01:17.821,563] [0m<dbg> zmk: zmk_hid_mouse_movement_set: Mouse movement set to 0/0[0m
[00:01:17.829,559] [0m<inf> exp02_logging: XY 77829 -4868857 -8355840[0m
[00:01:17.829,681] [0m<dbg> zmk: zmk_hid_mouse_movement_set: Mouse movement set to 127/0[0m
[00:01:17.829,681] [0m<dbg> zmk: zmk_hid_mouse_scroll_set: Mouse scroll set to 0/0[0m
[00:01:17.829,711] [0m<dbg> zmk: zmk_hid_mouse_movement_set: Mouse movement set to 0/0[0m
[00:01:17.837,493] [0m<inf> exp02_logging: XY 77837 -8355840 -8355840[0m
[00:01:17.837,554] [0m<dbg> zmk: zmk_hid_mouse_movement_set: Mouse movement set to 0/0[0m
[00:01:17.837,585] [0m<dbg> zmk: zmk_hid_mouse_scroll_set: Mouse scroll set to 0/0[0m
[00:01:17.837,615] [0m<dbg> zmk: zmk_hid_mouse_movement_set: Mouse movement set to 0/0[0m
[00:01:17.845,520] [0m<inf> exp02_logging: XY 77845 -855409 -3552822[0m
[00:01:17.845,642] [0m<dbg> zmk: zmk_hid_mouse_movement_set: Mouse movement set to 127/127[0m
[00:01:17.845,672] [0m<dbg> zmk: zmk_hid_mouse_scroll_set: Mouse scroll set to 0/0[0m
[00:01:17.845,703] [0m<dbg> zmk: zmk_hid_mouse_movement_set: Mouse movement set to 0/0[0m
[00:01:17.853,637] [0m<inf> exp02_logging: XY 77853 -8355840 -8355840[0m
[00:01:17.853,729] [0m<dbg> zmk: zmk_hid_mouse_movement_set: Mouse movement set to 0/0[0m
[00:01:17.853,759] [0m<dbg> zmk: zmk_hid_mouse_scroll_set: Mouse scroll set to 0/0[0m
[00:01:17.853,790] [0m<dbg> zmk: zmk_hid_mouse_movement_set: Mouse movement set to 0/0[0m
[00:01:17.861,572] [0m<inf> exp02_logging: XY 77861 -8355840 -2171196[0m
[00:01:17.861,663] [0m<dbg> zmk: zmk_hid_mouse_movement_set: Mouse movement set to 0/127[0m
[00:01:17.861,663] [0m<dbg> zmk: zmk_hid_mouse_scroll_set: Mouse scroll set to 0/0[0m
[00:01:17.861,694] [0m<dbg> zmk: zmk_hid_mouse_movement_set: Mouse movement set to 0/0[0m
[00:01:17.869,598] [0m<inf> exp02_logging: XY 77869 -4934648 -8355840[0m
[00:01:17.869,720] [0m<dbg> zmk: zmk_hid_mouse_movement_set: Mouse movement set to 127/0[0m
[00:01:17.869,750] [0m<dbg> zmk: zmk_hid_mouse_scroll_set: Mouse scroll set to 0/0[0m
[00:01:17.869,750] [0m<dbg> zmk: zmk_hid_mouse_movement_set: Mouse movement set to 0/0[0m
[00:01:17.877,716] [0m<inf> exp02_logging: XY 77877 -8355840 -8355840[0m
[00:01:17.877,777] [0m<dbg> zmk: zmk_hid_mouse_movement_set: Mouse movement set to 0/0[0m
[00:01:17.877,807] [0m<dbg> zmk: zmk_hid_mouse_scroll_set: Mouse scroll set to 0/0[0m
[00:01:17.877,807] [0m<dbg> zmk: zmk_hid_mouse_movement_set: Mouse movement set to 0/0[0m
[00:01:17.885,650] [0m<inf> exp02_logging: XY 77885 -855456 -3947739[0m
[00:01:17.885,772] [0m<dbg> zmk: zmk_hid_mouse_movement_set: Mouse movement set to 127/127[0m
[00:01:17.885,803] [0m<dbg> zmk: zmk_hid_mouse_scroll_set: Mouse scroll set to 0/0[0m
[00:01:17.885,803] [0m<dbg> zmk: zmk_hid_mouse_movement_set: Mouse movement set to 0/0[0m
[00:01:17.893,676] [0m<inf> exp02_logging: XY 77893 -8355840 -8355840[0m
[00:01:17.893,798] [0m<dbg> zmk: zmk_hid_mouse_movement_set: Mouse movement set to 0/0[0m
[00:01:17.893,829] [0m<dbg> zmk: zmk_hid_mouse_scroll_set: Mouse scroll set to 0/0[0m
[00:01:17.893,829] [0m<dbg> zmk: zmk_hid_mouse_movement_set: Mouse movement set to 0/0[0m
[00:01:17.901,794] [0m<inf> exp02_logging: XY 77901 -8355840 -1381840[0m
[00:01:17.901,855] [0m<dbg> zmk: zmk_hid_mouse_movement_set: Mouse movement set to 0/127[0m
[00:01:17.901,885] [0m<dbg> zmk: zmk_hid_mouse_scroll_set: Mouse scroll set to 0/0[0m
[00:01:17.901,885] [0m<dbg> zmk: zmk_hid_mouse_movement_set: Mouse movement set to 0/0[0m
[00:01:17.909,729] [0m<inf> exp02_logging: XY 77909 -5592474 -8355840[0m
[00:01:17.909,851] [0m<dbg> zmk: zmk_hid_mouse_movement_set: Mouse movement set to 127/0[0m
[00:01:17.909,881] [0m<dbg> zmk: zmk_hid_mouse_scroll_set: Mouse scroll set to 0/0[0m
[00:01:17.909,881] [0m<dbg> zmk: zmk_hid_mouse_movement_set: Mouse movement set to 0/0[0m
[00:01:17.917,755] [0m<inf> exp02_logging: XY 77917 -8355840 -8355840[0m
[00:01:17.917,846] [0m<dbg> zmk: zmk_hid_mouse_movement_set: Mouse movement set to 0/0[0m
[00:01:17.917,846] [0m<dbg> zmk: zmk_hid_mouse_scroll_set: Mouse scroll set to 0/0[0m
[00:01:17.917,877] [0m<dbg> zmk: zmk_hid_mouse_movement_set: Mouse movement set to 0/0[0m
[00:01:17.925,872] [0m<inf> exp02_logging: XY 77925 -723751 -4671271[0m
[00:01:17.925,994] [0m<dbg> zmk: zmk_hid_mouse_movement_set: Mouse movement set to 127/127[0m
[00:01:17.925,994] [0m<dbg> zmk: zmk_hid_mouse_scroll_set: Mouse scroll set to 0/0[0m
[00:01:17.926,025] [0m<dbg> zmk: zmk_hid_mouse_movement_set: Mouse movement set to 0/0[0m
[00:01:17.933,807] [0m<inf> exp02_logging: XY 77933 -8355840 -8355840[0m
[00:01:17.933,929] [0m<dbg> zmk: zmk_hid_mouse_movement_set: Mouse movement set to 0/0[0m
[00:01:17.933,929] [0m<dbg> zmk: zmk_hid_mouse_scroll_set: Mouse scroll set to 0/0[0m
[00:01:17.933,959] [0m<dbg> zmk: zmk_hid_mouse_movement_set: Mouse movement set to 0/0[0m
[00:01:17.941,833] [0m<inf> exp02_logging: XY 77941 -8355840 -1118657[0m
[00:01:17.941,925] [0m<dbg> zmk: zmk_hid_mouse_movement_set: Mouse movement set to 0/127[0m
[00:01:17.941,955] [0m<dbg> zmk: zmk_hid_mouse_scroll_set: Mouse scroll set to 0/0[0m
[00:01:17.941,955] [0m<dbg> zmk: zmk_hid_mouse_movement_set: Mouse movement set to 0/0[0m
[00:01:17.949,951] [0m<inf> exp02_logging: XY 77949 -5921515 -8355840[0m
[00:01:17.950,073] [0m<dbg> zmk: zmk_hid_mouse_movement_set: Mouse movement set to 127/0[0m
[00:01:17.950,073] [0m<dbg> zmk: zmk_hid_mouse_scroll_set: Mouse scroll set to 0/0[0m
[00:01:17.950,103] [0m<dbg> zmk: zmk_hid_mouse_movement_set: Mouse movement set to 0/0[0m
[00:01:17.957,885] [0m<inf> exp02_logging: XY 77957 -8355840 -8355840[0m
[00:01:17.957,946] [0m<dbg> zmk: zmk_hid_mouse_movement_set: Mouse movement set to 0/0[0m
[00:01:17.957,977] [0m<dbg> zmk: zmk_hid_mouse_scroll_set: Mouse scroll set to 0/0[0m
[00:01:17.958,007] [0m<dbg> zmk: zmk_hid_mouse_movement_set: Mouse movement set to 0/0[0m
[00:01:17.965,911] [0m<inf> exp02_logging: XY 77965 -723715 -4671441[0m
[00:01:17.966,064] [0m<dbg> zmk: zmk_hid_mouse_movement_set: Mouse movement set to 127/127[0m
[00:01:17.966,064] [0m<dbg> zmk: zmk_hid_mouse_scroll_set: Mouse scroll set to 0/0[0m
[00:01:17.966,094] [0m<dbg> zmk: zmk_hid_mouse_movement_set: Mouse movement set to 0/0[0m
[00:01:17.974,029] [0m<inf> exp02_logging: XY 77973 -8355840 -8355840[0m
[00:01:17.974,121] [0m<dbg> zmk: zmk_hid_mouse_movement_set: Mouse movement set to 0/0[0m
[00:01:17.974,151] [0m<dbg> zmk: zmk_hid_mouse_scroll_set: Mouse scroll set to 0/0[0m
[00:01:17.974,151] [0m<dbg> zmk: zmk_hid_mouse_movement_set: Mouse movement set to 0/0[0m
[00:01:17.981,964] [0m<inf> exp02_logging: XY 77981 -8355840 -921309[0m
[00:01:17.982,055] [0m<dbg> zmk: zmk_hid_mouse_movement_set: Mouse movement set to 0/127[0m
[00:01:17.982,055] [0m<dbg> zmk: zmk_hid_mouse_scroll_set: Mouse scroll set to 0/0[0m
[00:01:17.982,086] [0m<dbg> zmk: zmk_hid_mouse_movement_set: Mouse movement set to 0/0[0m
[00:01:17.989,990] [0m<inf> exp02_logging: XY 77989 -6184594 -8355840[0m
[00:01:17.990,112] [0m<dbg> zmk: zmk_hid_mouse_movement_set: Mouse movement set to 127/0[0m
[00:01:17.990,142] [0m<dbg> zmk: zmk_hid_mouse_scroll_set: Mouse scroll set to 0/0[0m
[00:01:17.990,142] [0m<dbg> zmk: zmk_hid_mouse_movement_set: Mouse movement set to 0/0[0m
[00:01:17.998,107] [0m<inf> exp02_logging: XY 77998 -8355840 -8355840[0m
[00:01:17.998,168] [0m<dbg> zmk: zmk_hid_mouse_movement_set: Mouse movement set to 0/0[0m
[00:01:17.998,199] [0m<dbg> zmk: zmk_hid_mouse_scroll_set: Mouse scroll set to 0/0[0m
[00:01:17.998,199] [0m<dbg> zmk: zmk_hid_mouse_movement_set: Mouse movement set to 0/0[0m
[00:01:18.006,042] [0m<inf> exp02_logging: XY 78006 -723724 -5197600[0m
[00:01:18.006,164] [0m<dbg> zmk: zmk_hid_mouse_movement_set: Mouse movement set to 127/127[0m
[00:01:18.006,195] [0m<dbg> zmk: zmk_hid_mouse_scroll_set: Mouse scroll set to 0/0[0m
[00:01:18.006,195] [0m<dbg> zmk: zmk_hid_mouse_movement_set: Mouse movement set to 0/0[0m
[00:01:18.014,068] [0m<inf> exp02_logging: XY 78014 -8355840 -8355840[0m
[00:01:18.014,190] [0m<dbg> zmk: zmk_hid_mouse_movement_set: Mouse movement set to 0/0[0m
[00:01:18.014,221] [0m<dbg> zmk: zmk_hid_mouse_scroll_set: Mouse scroll set to 0/0[0m
[00:01:18.014,221] [0m<dbg> zmk: zmk_hid_mouse_movement_set: Mouse movement set to 0/0[0m
[00:01:18.022,186] [0m<inf> exp02_logging: XY 78022 -8355747 -855406[0m
[00:01:18.022,277] [0m<dbg> zmk: zmk_hid_mouse_movement_set: Mouse movement set to 0/127[0m
[00:01:18.022,277] [0m<dbg> zmk: zmk_hid_mouse_scroll_set: Mouse scroll set to 0/0[0m
[00:01:18.022,308] [0m<dbg> zmk: zmk_hid_mouse_movement_set: Mouse movement set to 0/0[0m
[00:01:18.030,120] [0m<inf> exp02_logging: XY 78030 -6645089 -8355840[0m
[00:01:18.030,242] [0m<dbg> zmk: zmk_hid_mouse_movement_set: Mouse movement set to 127/0[0m
[00:01:18.030,273] [0m<dbg> zmk: zmk_hid_mouse_scroll_set: Mouse scroll set to 0/0[0m
[00:01:18.030,273] [0m<dbg> zmk: zmk_hid_mouse_movement_set: Mouse movement set to 0/0[0m
[00:01:18.038,146] [0m<inf> exp02_logging: XY 78038 -8355840 -8355840[0m
[00:01:18.038,238] [0m<dbg> zmk: zmk_hid_mouse_movement_set: Mouse movement set to 0/0[0m
[00:01:18.038,238] [0m<dbg> zmk: zmk_hid_mouse_scroll_set: Mouse scroll set to 0/0[0m
[00:01:18.038,269] [0m<dbg> zmk: zmk_hid_mouse_movement_set: Mouse movement set to 0/0[0m
[00:01:18.046,264] [0m<inf> exp02_logging: XY 78046 -657997 -5723971[0m
[00:01:18.046,386] [0m<dbg> zmk: zmk_hid_mouse_movement_set: Mouse movement set to 127/127[0m
[00:01:18.046,417] [0m<dbg> zmk: zmk_hid_mouse_scroll_set: Mouse scroll set to 0/0[0m
[00:01:18.046,417] [0m<dbg> zmk: zmk_hid_mouse_movement_set: Mouse movement set to 0/0[0m
[00:01:18.054,199] [0m<inf> exp02_logging: XY 78054 -8355840 -8355840[0m
[00:01:18.054,321] [0m<dbg> zmk: zmk_hid_mouse_movement_set: Mouse movement set to 0/0[0m
[00:01:18.054,321] [0m<dbg> zmk: zmk_hid_mouse_scroll_set: Mouse scroll set to 0/0[0m
[00:01:18.054,351] [0m<dbg> zmk: zmk_hid_mouse_movement_set: Mouse movement set to 0/0[0m
[00:01:18.062,225] [0m<inf> exp02_logging: XY 78062 -8092452 -855459[0m
[00:01:18.062,347] [0m<dbg> zmk: zmk_hid_mouse_movement_set: Mouse movement set to 51/127[0m
[00:01:18.062,377] [0m<dbg> zmk: zmk_hid_mouse_scroll_set: Mouse scroll set to 0/0[0m
[00:01:18.062,408] [0m<dbg> zmk: zmk_hid_mouse_movement_set: Mouse movement set to 0/0[0m
[00:01:18.070,343] [0m<inf> exp02_logging: XY 78070 -7105755 -8355840[0m
[00:01:18.070,465] [0m<dbg> zmk: zmk_hid_mouse_movement_set: Mouse movement set to 127/0[0m
[00:01:18.070,465] [0m<dbg> zmk: zmk_hid_mouse_scroll_set: Mouse scroll set to 0/0[0m
[00:01:18.070,495] [0m<dbg> zmk: zmk_hid_mouse_movement_set: Mouse movement set to 0/0[0m
[00:01:18.078,277] [0m<inf> exp02_logging: XY 78078 -8355840 -8355840[0m
[00:01:18.078,369] [0m<dbg> zmk: zmk_hid_mouse_movement_set: Mouse movement set to 0/0[0m
[00:01:18.078,369] [0m<dbg> zmk: zmk_hid_mouse_scroll_set: Mouse scroll set to 0/0[0m
[00:01:18.078,399] [0m<dbg> zmk: zmk_hid_mouse_movement_set: Mouse movement set to 0/0[0m
[00:01:18.086,303] [0m<inf> exp02_logging: XY 78086 -526569 -5789848[0m
[00:01:18.086,456] [0m<dbg> zmk: zmk_hid_mouse_movement_set: Mouse movement set to 127/127[0m
[00:01:18.086,456] [0m<dbg> zmk: zmk_hid_mouse_scroll_set: Mouse scroll set to 0/0[0m
[00:01:18.086,486] [0m<dbg> zmk: zmk_hid_mouse_movement_set: Mouse movement set to 0/0[0m
[00:01:18.094,421] [0m<inf> exp02_logging: XY 78094 -8355840 -8355840[0m
[00:01:18.094,512] [0m<dbg> zmk: zmk_hid_mouse_movement_set: Mouse movement set to 0/0[0m
[00:01:18.094,543] [0m<dbg> zmk: zmk_hid_mouse_scroll_set: Mouse scroll set to 0/0[0m
[00:01:18.094,543] [0m<dbg> zmk: zmk_hid_mouse_movement_set: Mouse movement set to 0/0[0m
[00:01:18.102,386] [0m<inf> exp02_logging: XY 78102 -7434712 -789525[0m
[00:01:18.102,508] [0m<dbg> zmk: zmk_hid_mouse_movement_set: Mouse movement set to 127/127[0m
[00:01:18.102,508] [0m<dbg> zmk: zmk_hid_mouse_scroll_set: Mouse scroll set to 0/0[0m
[00:01:18.102,539] [0m<dbg> zmk: zmk_hid_mouse_movement_set: Mouse movement set to 0/0[0m
[00:01:18.110,382] [0m<inf> exp02_logging: XY 78110 -7500501 -8355840[0m
[00:01:18.110,473] [0m<dbg> zmk: zmk_hid_mouse_movement_set: Mouse movement set to 0/0[0m
[00:01:18.110,504] [0m<dbg> zmk: zmk_hid_mouse_scroll_set: Mouse scroll set to 0/0[0m
[00:01:18.110,504] [0m<dbg> zmk: zmk_hid_mouse_movement_set: Mouse movement set to 0/0[0m
[00:01:18.118,499] [0m<inf> exp02_logging: XY 78118 -8355840 -8355840[0m
[00:01:18.118,560] [0m<dbg> zmk: zmk_hid_mouse_movement_set: Mouse movement set to 0/0[0m
[00:01:18.118,591] [0m<dbg> zmk: zmk_hid_mouse_scroll_set: Mouse scroll set to 0/0[0m
[00:01:18.118,591] [0m<dbg> zmk: zmk_hid_mouse_movement_set: Mouse movement set to 0/0[0m
[00:01:18.126,464] [0m<inf> exp02_logging: XY 78126 -526492 -6513550[0m
[00:01:18.126,586] [0m<dbg> zmk: zmk_hid_mouse_movement_set: Mouse movement set to 127/127[0m
[00:01:18.126,617] [0m<dbg> zmk: zmk_hid_mouse_scroll_set: Mouse scroll set to 0/0[0m
[00:01:18.126,617] [0m<dbg> zmk: zmk_hid_mouse_movement_set: Mouse movement set to 0/0[0m
[00:01:18.134,460] [0m<inf> exp02_logging: XY 78134 -8355840 -8355840[0m
[00:01:18.134,582] [0m<dbg> zmk: zmk_hid_mouse_movement_set: Mouse movement set to 0/0[0m
[00:01:18.134,582] [0m<dbg> zmk: zmk_hid_mouse_scroll_set: Mouse scroll set to 0/0[0m
[00:01:18.134,613] [0m<dbg> zmk: zmk_hid_mouse_movement_set: Mouse movement set to 0/0[0m
[00:01:18.142,578] [0m<inf> exp02_logging: XY 78142 -6908282 -723816[0m
[00:01:18.142,700] [0m<dbg> zmk: zmk_hid_mouse_movement_set: Mouse movement set to 127/127[0m
[00:01:18.142,700] [0m<dbg> zmk: zmk_hid_mouse_scroll_set: Mouse scroll set to 0/0[0m
[00:01:18.142,730] [0m<dbg> zmk: zmk_hid_mouse_movement_set: Mouse movement set to 0/0[0m
[00:01:18.150,512] [0m<inf> exp02_logging: XY 78150 -8355658 -8355840[0m
[00:01:18.150,634] [0m<dbg> zmk: zmk_hid_mouse_movement_set: Mouse movement set to 0/0[0m
[00:01:18.150,665] [0m<dbg> zmk: zmk_hid_mouse_scroll_set: Mouse scroll set to 0/0[0m
[00:01:18.150,665] [0m<dbg> zmk: zmk_hid_mouse_movement_set: Mouse movement set to 0/0[0m
[00:01:18.158,538] [0m<inf> exp02_logging: XY 78158 -8355840 -8355840[0m
[00:01:18.166,656] [0m<inf> exp02_logging: XY 78166 -526383 -6842378[0m
[00:01:18.166,778] [0m<dbg> zmk: zmk_hid_mouse_movement_set: Mouse movement set to 127/127[0m
[00:01:18.166,809] [0m<dbg> zmk: zmk_hid_mouse_scroll_set: Mouse scroll set to 0/0[0m
[00:01:18.166,809] [0m<dbg> zmk: zmk_hid_mouse_movement_set: Mouse movement set to 0/0[0m
[00:01:18.174,621] [0m<inf> exp02_logging: XY 78174 -8355840 -8355840[0m
[00:01:18.174,743] [0m<dbg> zmk: zmk_hid_mouse_movement_set: Mouse movement set to 0/0[0m
[00:01:18.174,743] [0m<dbg> zmk: zmk_hid_mouse_scroll_set: Mouse scroll set to 0/0[0m
[00:01:18.174,774] [0m<dbg> zmk: zmk_hid_mouse_movement_set: Mouse movement set to 0/0[0m
[00:01:18.182,708] [0m<inf> exp02_logging: XY 78182 -6447696 -723847[0m
[00:01:18.182,830] [0m<dbg> zmk: zmk_hid_mouse_movement_set: Mouse movement set to 127/127[0m
[00:01:18.182,830] [0m<dbg> zmk: zmk_hid_mouse_scroll_set: Mouse scroll set to 0/0[0m
[00:01:18.182,861] [0m<dbg> zmk: zmk_hid_mouse_movement_set: Mouse movement set to 0/0[0m
[00:01:18.190,643] [0m<inf> exp02_logging: XY 78190 -8355840 -8355840[0m
[00:01:18.190,765] [0m<dbg> zmk: zmk_hid_mouse_movement_set: Mouse movement set to 0/0[0m
[00:01:18.190,765] [0m<dbg> zmk: zmk_hid_mouse_scroll_set: Mouse scroll set to 0/0[0m
[00:01:18.190,795] [0m<dbg> zmk: zmk_hid_mouse_movement_set: Mouse movement set to 0/0[0m
[00:01:18.198,669] [0m<inf> exp02_logging: XY 78198 -8355840 -8224242[0m
[00:01:18.198,760] [0m<dbg> zmk: zmk_hid_mouse_movement_set: Mouse movement set to 0/25[0m
[00:01:18.198,791] [0m<dbg> zmk: zmk_hid_mouse_scroll_set: Mouse scroll set to 0/0[0m
[00:01:18.198,791] [0m<dbg> zmk: zmk_hid_mouse_movement_set: Mouse movement set to 0/0[0m
[00:01:18.206,787] [0m<inf> exp02_logging: XY 78206 -460746 -7368834[0m
[00:01:18.206,909] [0m<dbg> zmk: zmk_hid_mouse_movement_set: Mouse movement set to 127/127[0m
[00:01:18.206,939] [0m<dbg> zmk: zmk_hid_mouse_scroll_set: Mouse scroll set to 0/0[0m
[00:01:18.206,939] [0m<dbg> zmk: zmk_hid_mouse_movement_set: Mouse movement set to 0/0[0m
[00:01:18.214,721] [0m<inf> exp02_logging: XY 78214 -8355840 -8355840[0m
[00:01:18.214,843] [0m<dbg> zmk: zmk_hid_mouse_movement_set: Mouse movement set to 0/0[0m
[00:01:18.214,843] [0m<dbg> zmk: zmk_hid_mouse_scroll_set: Mouse scroll set to 0/0[0m
[00:01:18.214,874] [0m<dbg> zmk: zmk_hid_mouse_movement_set: Mouse movement set to 0/0[0m
[00:01:18.222,747] [0m<inf> exp02_logging: XY 78222 -6052882 -658035[0m
[00:01:18.222,900] [0m<dbg> zmk: zmk_hid_mouse_movement_set: Mouse movement set to 127/127[0m
[00:01:18.222,900] [0m<dbg> zmk: zmk_hid_mouse_scroll_set: Mouse scroll set to 0/0[0m
[00:01:18.222,930] [0m<dbg> zmk: zmk_hid_mouse_movement_set: Mouse movement set to 0/0[0m
[00:01:18.230,865] [0m<inf> exp02_logging: XY 78230 -8355840 -8355840[0m
[00:01:18.230,957] [0m<dbg> zmk: zmk_hid_mouse_movement_set: Mouse movement set to 0/0[0m
[00:01:18.230,987] [0m<dbg> zmk: zmk_hid_mouse_scroll_set: Mouse scroll set to 0/0[0m
[00:01:18.230,987] [0m<dbg> zmk: zmk_hid_mouse_movement_set: Mouse movement set to 0/0[0m
[00:01:18.238,800] [0m<inf> exp02_logging: XY 78238 -8355840 -7697830[0m
[00:01:18.238,891] [0m<dbg> zmk: zmk_hid_mouse_movement_set: Mouse movement set to 0/127[0m
[00:01:18.238,891] [0m<dbg> zmk: zmk_hid_mouse_scroll_set: Mouse scroll set to 0/0[0m
[00:01:18.238,922] [0m<dbg> zmk: zmk_hid_mouse_movement_set: Mouse movement set to 0/0[0m
[00:01:18.246,826] [0m<inf> exp02_logging: XY 78246 -460740 -7434710[0m
[00:01:18.246,917] [0m<dbg> zmk: zmk_hid_mouse_movement_set: Mouse movement set to 127/0[0m
[00:01:18.246,948] [0m<dbg> zmk: zmk_hid_mouse_scroll_set: Mouse scroll set to 0/0[0m
[00:01:18.246,948] [0m<dbg> zmk: zmk_hid_mouse_movement_set: Mouse movement set to 0/0[0m
[00:01:18.254,943] [0m<inf> exp02_logging: XY 78254 -8355840 -8355840[0m
[00:01:18.255,035] [0m<dbg> zmk: zmk_hid_mouse_movement_set: Mouse movement set to 0/0[0m
[00:01:18.255,065] [0m<dbg> zmk: zmk_hid_mouse_scroll_set: Mouse scroll set to 0/0[0m
[00:01:18.255,065] [0m<dbg> zmk: zmk_hid_mouse_movement_set: Mouse movement set to 0/0[0m
[00:01:18.262,878] [0m<inf> exp02_logging: XY 78262 -5460798 -592366[0m
[00:01:18.263,000] [0m<dbg> zmk: zmk_hid_mouse_movement_set: Mouse movement set to 127/127[0m
[00:01:18.263,031] [0m<dbg> zmk: zmk_hid_mouse_scroll_set: Mouse scroll set to 0/0[0m
[00:01:18.263,031] [0m<dbg> zmk: zmk_hid_mouse_movement_set: Mouse movement set to 0/0[0m
[00:01:18.270,904] [0m<inf> exp02_logging: XY 78270 -8355840 -8355840[0m
[00:01:18.271,026] [0m<dbg> zmk: zmk_hid_mouse_movement_set: Mouse movement set to 0/0[0m
[00:01:18.271,057] [0m<dbg> zmk: zmk_hid_mouse_scroll_set: Mouse scroll set to 0/0[0m
[00:01:18.271,057] [0m<dbg> zmk: zmk_hid_mouse_movement_set: Mouse movement set to 0/0[0m
[00:01:18.279,022] [0m<inf> exp02_logging: XY 78278 -8355840 -7105582[0m
[00:01:18.279,083] [0m<dbg> zmk: zmk_hid_mouse_movement_set: Mouse movement set to 0/127[0m
[00:01:18.279,113] [0m<dbg> zmk: zmk_hid_mouse_scroll_set: Mouse scroll set to 0/0[0m
[00:01:18.279,113] [0m<dbg> zmk: zmk_hid_mouse_movement_set: Mouse movement set to 0/0[0m
[00:01:18.286,956] [0m<inf> exp02_logging: XY 78286 -460630 -8290037[0m
[00:01:18.287,078] [0m<dbg> zmk: zmk_hid_mouse_movement_set: Mouse movement set to 127/12[0m
[00:01:18.287,109] [0m<dbg> zmk: zmk_hid_mouse_scroll_set: Mouse scroll set to 0/0[0m
[00:01:18.287,109] [0m<dbg> zmk: zmk_hid_mouse_movement_set: Mouse movement set to 0/0[0m
[00:01:18.294,982] [0m<inf> exp02_logging: XY 78294 -8355840 -8355840[0m
[00:01:18.295,104] [0m<dbg> zmk: zmk_hid_mouse_movement_set: Mouse movement set to 0/0[0m
[00:01:18.295,104] [0m<dbg> zmk: zmk_hid_mouse_scroll_set: Mouse scroll set to 0/0[0m
[00:01:18.295,135] [0m<dbg> zmk: zmk_hid_mouse_movement_set: Mouse movement set to 0/0[0m
[00:01:18.303,100] [0m<inf> exp02_logging: XY 78303 -4934402 -592295[0m
[00:01:18.303,222] [0m<dbg> zmk: zmk_hid_mouse_movement_set: Mouse movement set to 127/127[0m
[00:01:18.303,253] [0m<dbg> zmk: zmk_hid_mouse_scroll_set: Mouse scroll set to 0/0[0m
[00:01:18.303,253] [0m<dbg> zmk: zmk_hid_mouse_movement_set: Mouse movement set to 0/0[0m
[00:01:18.311,035] [0m<inf> exp02_logging: XY 78311 -8355840 -8355840[0m
[00:01:18.311,157] [0m<dbg> zmk: zmk_hid_mouse_movement_set: Mouse movement set to 0/0[0m
[00:01:18.311,157] [0m<dbg> zmk: zmk_hid_mouse_scroll_set: Mouse scroll set to 0/0[0m
[00:01:18.311,187] [0m<dbg> zmk: zmk_hid_mouse_movement_set: Mouse movement set to 0/0[0m
[00:01:18.319,061] [0m<inf> exp02_logging: XY 78319 -8355840 -6710972[0m
[00:01:18.319,152] [0m<dbg> zmk: zmk_hid_mouse_movement_set: Mouse movement set to 0/127[0m
[00:01:18.319,183] [0m<dbg> zmk: zmk_hid_mouse_scroll_set: Mouse scroll set to 0/0[0m
[00:01:18.319,183] [0m<dbg> zmk: zmk_hid_mouse_movement_set: Mouse movement set to 0/0[0m
[00:01:18.327,178] [0m<inf> exp02_logging: XY 78327 -460639 -8355840[0m
[00:01:18.327,301] [0m<dbg> zmk: zmk_hid_mouse_movement_set: Mouse movement set to 127/0[0m
[00:01:18.327,301] [0m<dbg> zmk: zmk_hid_mouse_scroll_set: Mouse scroll set to 0/0[0m
[00:01:18.327,331] [0m<dbg> zmk: zmk_hid_mouse_movement_set: Mouse movement set to 0/0[0m
[00:01:18.335,113] [0m<inf> exp02_logging: XY 78335 -8355840 -8355840[0m
[00:01:18.335,205] [0m<dbg> zmk: zmk_hid_mouse_movement_set: Mouse movement set to 0/0[0m
[00:01:18.335,205] [0m<dbg> zmk: zmk_hid_mouse_scroll_set: Mouse scroll set to 0/0[0m
[00:01:18.335,235] [0m<dbg> zmk: zmk_hid_mouse_movement_set: Mouse movement set to 0/0[0m
[00:01:18.343,139] [0m<inf> exp02_logging: XY 78343 -4671238 -592285[0m
[00:01:18.343,292] [0m<dbg> zmk: zmk_hid_mouse_movement_set: Mouse movement set to 127/127[0m
[00:01:18.343,292] [0m<dbg> zmk: zmk_hid_mouse_scroll_set: Mouse scroll set to 0/0[0m
[00:01:18.343,322] [0m<dbg> zmk: zmk_hid_mouse_movement_set: Mouse movement set to 0/0[0m
[00:01:18.351,257] [0m<inf> exp02_logging: XY 78351 -8355840 -8355840[0m
[00:01:18.351,348] [0m<dbg> zmk: zmk_hid_mouse_movement_set: Mouse movement set to 0/0[0m
[00:01:18.351,379] [0m<dbg> zmk: zmk_hid_mouse_scroll_set: Mouse scroll set to 0/0[0m
[00:01:18.351,379] [0m<dbg> zmk: zmk_hid_mouse_movement_set: Mouse movement set to 0/0[0m
[00:01:18.359,252] [0m<inf> exp02_logging: XY 78359 -8355840 -6382019[0m
[00:01:18.359,313] [0m<dbg> zmk: zmk_hid_mouse_movement_set: Mouse movement set to 0/127[0m
[00:01:18.359,344] [0m<dbg> zmk: zmk_hid_mouse_scroll_set: Mouse scroll set to 0/0[0m
[00:01:18.359,344] [0m<dbg> zmk: zmk_hid_mouse_movement_set: Mouse movement set to 0/0[0m
[00:01:18.367,218] [0m<inf> exp02_logging: XY 78367 -526364 -8355840[0m
[00:01:18.367,340] [0m<dbg> zmk: zmk_hid_mouse_movement_set: Mouse movement set to 127/0[0m
[00:01:18.367,370] [0m<dbg> zmk: zmk_hid_mouse_scroll_set: Mouse scroll set to 0/0[0m
[00:01:18.367,370] [0m<dbg> zmk: zmk_hid_mouse_movement_set: Mouse movement set to 0/0[0m
[00:01:18.375,335] [0m<inf> exp02_logging: XY 78375 -8355840 -8355840[0m
[00:01:18.375,396] [0m<dbg> zmk: zmk_hid_mouse_movement_set: Mouse movement set to 0/0[0m
[00:01:18.375,427] [0m<dbg> zmk: zmk_hid_mouse_scroll_set: Mouse scroll set to 0/0[0m
[00:01:18.375,427] [0m<dbg> zmk: zmk_hid_mouse_movement_set: Mouse movement set to 0/0[0m
[00:01:18.383,270] [0m<inf> exp02_logging: XY 78383 -4342305 -658068[0m
[00:01:18.383,392] [0m<dbg> zmk: zmk_hid_mouse_movement_set: Mouse movement set to 127/127[0m
[00:01:18.383,422] [0m<dbg> zmk: zmk_hid_mouse_scroll_set: Mouse scroll set to 0/0[0m
[00:01:18.383,422] [0m<dbg> zmk: zmk_hid_mouse_movement_set: Mouse movement set to 0/0[0m
[00:01:18.391,296] [0m<inf> exp02_logging: XY 78391 -8355840 -8355840[0m
[00:01:18.391,418] [0m<dbg> zmk: zmk_hid_mouse_movement_set: Mouse movement set to 0/0[0m
[00:01:18.391,448] [0m<dbg> zmk: zmk_hid_mouse_scroll_set: Mouse scroll set to 0/0[0m
[00:01:18.391,448] [0m<dbg> zmk: zmk_hid_mouse_movement_set: Mouse movement set to 0/0[0m
[00:01:18.399,414] [0m<inf> exp02_logging: XY 78399 -8355840 -5789911[0m
[00:01:18.399,475] [0m<dbg> zmk: zmk_hid_mouse_movement_set: Mouse movement set to 0/127[0m
[00:01:18.399,505] [0m<dbg> zmk: zmk_hid_mouse_scroll_set: Mouse scroll set to 0/0[0m
[00:01:18.399,505] [0m<dbg> zmk: zmk_hid_mouse_movement_set: Mouse movement set to 0/0[0m
[00:01:18.407,348] [0m<inf> exp02_logging: XY 78407 -526559 -8355840[0m
[00:01:18.407,470] [0m<dbg> zmk: zmk_hid_mouse_movement_set: Mouse movement set to 127/0[0m
[00:01:18.407,501] [0m<dbg> zmk: zmk_hid_mouse_scroll_set: Mouse scroll set to 0/0[0m
[00:01:18.407,501] [0m<dbg> zmk: zmk_hid_mouse_movement_set: Mouse movement set to 0/0[0m
[00:01:18.415,374] [0m<inf> exp02_logging: XY 78415 -8355840 -8355840[0m
[00:01:18.415,466] [0m<dbg> zmk: zmk_hid_mouse_movement_set: Mouse movement set to 0/0[0m
[00:01:18.415,466] [0m<dbg> zmk: zmk_hid_mouse_scroll_set: Mouse scroll set to 0/0[0m
[00:01:18.415,496] [0m<dbg> zmk: zmk_hid_mouse_movement_set: Mouse movement set to 0/0[0m
[00:01:18.423,492] [0m<inf> exp02_logging: XY 78423 -3881906 -592286[0m
[00:01:18.423,614] [0m<dbg> zmk: zmk_hid_mouse_movement_set: Mouse movement set to 127/127[0m
[00:01:18.423,645] [0m<dbg> zmk: zmk_hid_mouse_scroll_set: Mouse scroll set to 0/0[0m
[00:01:18.423,645] [0m<dbg> zmk: zmk_hid_mouse_movement_set: Mouse movement set to 0/0[0m
[00:01:18.431,427] [0m<inf> exp02_logging: XY 78431 -8355840 -8355840[0m
[00:01:18.431,549] [0m<dbg> zmk: zmk_hid_mouse_movement_set: Mouse movement set to 0/0[0m
[00:01:18.431,549] [0m<dbg> zmk: zmk_hid_mouse_scroll_set: Mouse scroll set to 0/0[0m
[00:01:18.431,579] [0m<dbg> zmk: zmk_hid_mouse_movement_set: Mouse movement set to 0/0[0m
[00:01:18.439,453] [0m<inf> exp02_logging: XY 78439 -8355840 -5723929[0m
[00:01:18.439,544] [0m<dbg> zmk: zmk_hid_mouse_movement_set: Mouse movement set to 0/127[0m
[00:01:18.439,575] [0m<dbg> zmk: zmk_hid_mouse_scroll_set: Mouse scroll set to 0/0[0m
[00:01:18.439,575] [0m<dbg> zmk: zmk_hid_mouse_movement_set: Mouse movement set to 0/0[0m
[00:01:18.447,570] [0m<inf> exp02_logging: XY 78447 -1052717 -8355840[0m
[00:01:18.447,692] [0m<dbg> zmk: zmk_hid_mouse_movement_set: Mouse movement set to 127/0[0m
[00:01:18.447,692] [0m<dbg> zmk: zmk_hid_mouse_scroll_set: Mouse scroll set to 0/0[0m
[00:01:18.447,723] [0m<dbg> zmk: zmk_hid_mouse_movement_set: Mouse movement set to 0/0[0m
[00:01:18.455,505] [0m<inf> exp02_logging: XY 78455 -8355840 -8355840[0m
[00:01:18.455,566] [0m<dbg> zmk: zmk_hid_mouse_movement_set: Mouse movement set to 0/0[0m
[00:01:18.455,596] [0m<dbg> zmk: zmk_hid_mouse_scroll_set: Mouse scroll set to 0/0[0m
[00:01:18.455,627] [0m<dbg> zmk: zmk_hid_mouse_movement_set: Mouse movement set to 0/0[0m
[00:01:18.463,531] [0m<inf> exp02_logging: XY 78463 -3684434 -658072[0m
[00:01:18.463,653] [0m<dbg> zmk: zmk_hid_mouse_movement_set: Mouse movement set to 127/127[0m
[00:01:18.463,684] [0m<dbg> zmk: zmk_hid_mouse_scroll_set: Mouse scroll set to 0/0[0m
[00:01:18.463,684] [0m<dbg> zmk: zmk_hid_mouse_movement_set: Mouse movement set to 0/0[0m
[00:01:18.471,649] [0m<inf> exp02_logging: XY 78471 -8355840 -8355840[0m
[00:01:18.471,740] [0m<dbg> zmk: zmk_hid_mouse_movement_set: Mouse movement set to 0/0[0m
[00:01:18.471,771] [0m<dbg> zmk: zmk_hid_mouse_scroll_set: Mouse scroll set to 0/0[0m
[00:01:18.471,771] [0m<dbg> zmk: zmk_hid_mouse_movement_set: Mouse movement set to 0/0[0m
[00:01:18.479,583] [0m<inf> exp02_logging: XY 78479 -8355840 -5329274[0m
[00:01:18.479,675] [0m<dbg> zmk: zmk_hid_mouse_movement_set: Mouse movement set to 0/127[0m
[00:01:18.479,675] [0m<dbg> zmk: zmk_hid_mouse_scroll_set: Mouse scroll set to 0/0[0m
[00:01:18.479,705] [0m<dbg> zmk: zmk_hid_mouse_movement_set: Mouse movement set to 0/0[0m
[00:01:18.487,609] [0m<inf> exp02_logging: XY 78487 -1381758 -8355840[0m
[00:01:18.487,731] [0m<dbg> zmk: zmk_hid_mouse_movement_set: Mouse movement set to 127/0[0m
[00:01:18.487,762] [0m<dbg> zmk: zmk_hid_mouse_scroll_set: Mouse scroll set to 0/0[0m
[00:01:18.487,762] [0m<dbg> zmk: zmk_hid_mouse_movement_set: Mouse movement set to 0/0[0m
[00:01:18.495,727] [0m<inf> exp02_logging: XY 78495 -8355840 -8355840[0m
[00:01:18.495,788] [0m<dbg> zmk: zmk_hid_mouse_movement_set: Mouse movement set to 0/0[0m
[00:01:18.495,819] [0m<dbg> zmk: zmk_hid_mouse_scroll_set: Mouse scroll set to 0/0[0m
[00:01:18.495,819] [0m<dbg> zmk: zmk_hid_mouse_movement_set: Mouse movement set to 0/0[0m
[00:01:18.503,662] [0m<inf> exp02_logging: XY 78503 -3421286 -723907[0m
[00:01:18.503,784] [0m<dbg> zmk: zmk_hid_mouse_movement_set: Mouse movement set to 127/127[0m
[00:01:18.503,814] [0m<dbg> zmk: zmk_hid_mouse_scroll_set: Mouse scroll set to 0/0[0m
[00:01:18.503,814] [0m<dbg> zmk: zmk_hid_mouse_movement_set: Mouse movement set to 0/0[0m
[00:01:18.511,688] [0m<inf> exp02_logging: XY 78511 -8355840 -8355840[0m
[00:01:18.511,810] [0m<dbg> zmk: zmk_hid_mouse_movement_set: Mouse movement set to 0/0[0m
[00:01:18.511,840] [0m<dbg> zmk: zmk_hid_mouse_scroll_set: Mouse scroll set to 0/0[0m
[00:01:18.511,840] [0m<dbg> zmk: zmk_hid_mouse_movement_set: Mouse movement set to 0/0[0m
[00:01:18.519,805] [0m<inf> exp02_logging: XY 78519 -8355840 -5131861[0m
[00:01:18.519,866] [0m<dbg> zmk: zmk_hid_mouse_movement_set: Mouse movement set to 0/127[0m
[00:01:18.519,897] [0m<dbg> zmk: zmk_hid_mouse_scroll_set: Mouse scroll set to 0/0[0m
[00:01:18.519,897] [0m<dbg> zmk: zmk_hid_mouse_movement_set: Mouse movement set to 0/0[0m
[00:01:18.527,740] [0m<inf> exp02_logging: XY 78527 -2105460 -8355840[0m
[00:01:18.527,862] [0m<dbg> zmk: zmk_hid_mouse_movement_set: Mouse movement set to 127/0[0m
[00:01:18.527,893] [0m<dbg> zmk: zmk_hid_mouse_scroll_set: Mouse scroll set to 0/0[0m
[00:01:18.527,893] [0m<dbg> zmk: zmk_hid_mouse_movement_set: Mouse movement set to 0/0[0m
[00:01:18.535,766] [0m<inf> exp02_logging: XY 78535 -8355840 -8355840[0m
[00:01:18.535,858] [0m<dbg> zmk: zmk_hid_mouse_movement_set: Mouse movement set to 0/0[0m
[00:01:18.535,858] [0m<dbg> zmk: zmk_hid_mouse_scroll_set: Mouse scroll set to 0/0[0m
[00:01:18.535,888] [0m<dbg> zmk: zmk_hid_mouse_movement_set: Mouse movement set to 0/0[0m
[00:01:18.543,884] [0m<inf> exp02_logging: XY 78543 -3092436 -1052877[0m
[00:01:18.544,006] [0m<dbg> zmk: zmk_hid_mouse_movement_set: Mouse movement set to 127/127[0m
[00:01:18.544,006] [0m<dbg> zmk: zmk_hid_mouse_scroll_set: Mouse scroll set to 0/0[0m
[00:01:18.544,036] [0m<dbg> zmk: zmk_hid_mouse_movement_set: Mouse movement set to 0/0[0m
[00:01:18.551,818] [0m<inf> exp02_logging: XY 78551 -8355840 -8355840[0m
[00:01:18.551,940] [0m<dbg> zmk: zmk_hid_mouse_movement_set: Mouse movement set to 0/0[0m
[00:01:18.551,940] [0m<dbg> zmk: zmk_hid_mouse_scroll_set: Mouse scroll set to 0/0[0m
[00:01:18.551,971] [0m<dbg> zmk: zmk_hid_mouse_movement_set: Mouse movement set to 0/0[0m
[00:01:18.559,844] [0m<inf> exp02_logging: XY 78559 -8355840 -5131828[0m
[00:01:18.559,936] [0m<dbg> zmk: zmk_hid_mouse_movement_set: Mouse movement set to 0/127[0m
[00:01:18.559,967] [0m<dbg> zmk: zmk_hid_mouse_scroll_set: Mouse scroll set to 0/0[0m
[00:01:18.559,967] [0m<dbg> zmk: zmk_hid_mouse_movement_set: Mouse movement set to 0/0[0m
[00:01:18.567,962] [0m<inf> exp02_logging: XY 78567 -2697708 -8355840[0m
[00:01:18.568,084] [0m<dbg> zmk: zmk_hid_mouse_movement_set: Mouse movement set to 127/0[0m
[00:01:18.568,084] [0m<dbg> zmk: zmk_hid_mouse_scroll_set: Mouse scroll set to 0/0[0m
[00:01:18.568,115] [0m<dbg> zmk: zmk_hid_mouse_movement_set: Mouse movement set to 0/0[0m
[00:01:18.575,897] [0m<inf> exp02_logging: XY 78575 -8355840 -8355840[0m
[00:01:18.575,988] [0m<dbg> zmk: zmk_hid_mouse_movement_set: Mouse movement set to 0/0[0m
[00:01:18.575,988] [0m<dbg> zmk: zmk_hid_mouse_scroll_set: Mouse scroll set to 0/0[0m
[00:01:18.576,019] [0m<dbg> zmk: zmk_hid_mouse_movement_set: Mouse movement set to 0/0[0m
[00:01:18.583,923] [0m<inf> exp02_logging: XY 78583 -3026545 -1579046[0m
[00:01:18.584,045] [0m<dbg> zmk: zmk_hid_mouse_movement_set: Mouse movement set to 127/127[0m
[00:01:18.584,075] [0m<dbg> zmk: zmk_hid_mouse_scroll_set: Mouse scroll set to 0/0[0m
[00:01:18.584,106] [0m<dbg> zmk: zmk_hid_mouse_movement_set: Mouse movement set to 0/0[0m
[00:01:18.592,041] [0m<inf> exp02_logging: XY 78592 -8355840 -8355840[0m
[00:01:18.592,132] [0m<dbg> zmk: zmk_hid_mouse_movement_set: Mouse movement set to 0/0[0m
[00:01:18.592,163] [0m<dbg> zmk: zmk_hid_mouse_scroll_set: Mouse scroll set to 0/0[0m
[00:01:18.592,193] [0m<dbg> zmk: zmk_hid_mouse_movement_set: Mouse movement set to 0/0[0m
[00:01:18.599,975] [0m<inf> exp02_logging: XY 78599 -8355840 -4737260[0m
[00:01:18.600,067] [0m<dbg> zmk: zmk_hid_mouse_movement_set: Mouse movement set to 0/127[0m
[00:01:18.600,067] [0m<dbg> zmk: zmk_hid_mouse_scroll_set: Mouse scroll set to 0/0[0m
[00:01:18.600,097] [0m<dbg> zmk: zmk_hid_mouse_movement_set: Mouse movement set to 0/0[0m
[00:01:18.608,001] [0m<inf> exp02_logging: XY 78608 -2894869 -8355840[0m
[00:01:18.608,123] [0m<dbg> zmk: zmk_hid_mouse_movement_set: Mouse movement set to 127/0[0m
[00:01:18.608,154] [0m<dbg> zmk: zmk_hid_mouse_scroll_set: Mouse scroll set to 0/0[0m
[00:01:18.608,154] [0m<dbg> zmk: zmk_hid_mouse_movement_set: Mouse movement set to 0/0[0m
[00:01:18.616,119] [0m<inf> exp02_logging: XY 78616 -8355840 -8355840[0m
[00:01:18.616,180] [0m<dbg> zmk: zmk_hid_mouse_movement_set: Mouse movement set to 0/0[0m
[00:01:18.616,210] [0m<dbg> zmk: zmk_hid_mouse_scroll_set: Mouse scroll set to 0/0[0m
[00:01:18.616,210] [0m<dbg> zmk: zmk_hid_mouse_movement_set: Mouse movement set to 0/0[0m
[00:01:18.624,053] [0m<inf> exp02_logging: XY 78624 -2763412 -2039797[0m
[00:01:18.624,176] [0m<dbg> zmk: zmk_hid_mouse_movement_set: Mouse movement set to 127/127[0m
[00:01:18.624,206] [0m<dbg> zmk: zmk_hid_mouse_scroll_set: Mouse scroll set to 0/0[0m
[00:01:18.624,206] [0m<dbg> zmk: zmk_hid_mouse_movement_set: Mouse movement set to 0/0[0m
[00:01:18.632,080] [0m<inf> exp02_logging: XY 78632 -8355840 -8355840[0m
[00:01:18.632,202] [0m<dbg> zmk: zmk_hid_mouse_movement_set: Mouse movement set to 0/0[0m
[00:01:18.632,232] [0m<dbg> zmk: zmk_hid_mouse_scroll_set: Mouse scroll set to 0/0[0m
[00:01:18.632,232] [0m<dbg> zmk: zmk_hid_mouse_movement_set: Mouse movement set to 0/0[0m
[00:01:18.640,197] [0m<inf> exp02_logging: XY 78640 -8355840 -4276700[0m
[00:01:18.640,258] [0m<dbg> zmk: zmk_hid_mouse_movement_set: Mouse movement set to 0/127[0m
[00:01:18.640,289] [0m<dbg> zmk: zmk_hid_mouse_scroll_set: Mouse scroll set to 0/0[0m
[00:01:18.640,289] [0m<dbg> zmk: zmk_hid_mouse_movement_set: Mouse movement set to 0/0[0m
[00:01:18.648,132] [0m<inf> exp02_logging: XY 78648 -3552865 -8355840[0m
[00:01:18.648,254] [0m<dbg> zmk: zmk_hid_mouse_movement_set: Mouse movement set to 127/0[0m
[00:01:18.648,284] [0m<dbg> zmk: zmk_hid_mouse_scroll_set: Mouse scroll set to 0/0[0m
[00:01:18.648,284] [0m<dbg> zmk: zmk_hid_mouse_movement_set: Mouse movement set to 0/0[0m
[00:01:18.656,158] [0m<inf> exp02_logging: XY 78656 -8355840 -8355840[0m
[00:01:18.656,250] [0m<dbg> zmk: zmk_hid_mouse_movement_set: Mouse movement set to 0/0[0m
[00:01:18.656,250] [0m<dbg> zmk: zmk_hid_mouse_scroll_set: Mouse scroll set to 0/0[0m
[00:01:18.656,280] [0m<dbg> zmk: zmk_hid_mouse_movement_set: Mouse movement set to 0/0[0m
[00:01:18.664,276] [0m<inf> exp02_logging: XY 78664 -2302938 -2631874[0m
[00:01:18.664,398] [0m<dbg> zmk: zmk_hid_mouse_movement_set: Mouse movement set to 127/127[0m
[00:01:18.664,428] [0m<dbg> zmk: zmk_hid_mouse_scroll_set: Mouse scroll set to 0/0[0m
[00:01:18.664,428] [0m<dbg> zmk: zmk_hid_mouse_movement_set: Mouse movement set to 0/0[0m
[00:01:18.672,210] [0m<inf> exp02_logging: XY 78672 -8355840 -8355840[0m
[00:01:18.672,332] [0m<dbg> zmk: zmk_hid_mouse_movement_set: Mouse movement set to 0/0[0m
[00:01:18.672,332] [0m<dbg> zmk: zmk_hid_mouse_scroll_set: Mouse scroll set to 0/0[0m
[00:01:18.672,363] [0m<dbg> zmk: zmk_hid_mouse_movement_set: Mouse movement set to 0/0[0m
[00:01:18.680,236] [0m<inf> exp02_logging: XY 78680 -8355840 -4210848[0m
[00:01:18.680,328] [0m<dbg> zmk: zmk_hid_mouse_movement_set: Mouse movement set to 0/127[0m
[00:01:18.680,328] [0m<dbg> zmk: zmk_hid_mouse_scroll_set: Mouse scroll set to 0/0[0m
[00:01:18.680,358] [0m<dbg> zmk: zmk_hid_mouse_movement_set: Mouse movement set to 0/0[0m
[00:01:18.688,354] [0m<inf> exp02_logging: XY 78688 -4145070 -8355840[0m
[00:01:18.688,476] [0m<dbg> zmk: zmk_hid_mouse_movement_set: Mouse movement set to 127/0[0m
[00:01:18.688,476] [0m<dbg> zmk: zmk_hid_mouse_scroll_set: Mouse scroll set to 0/0[0m
[00:01:18.688,507] [0m<dbg> zmk: zmk_hid_mouse_movement_set: Mouse movement set to 0/0[0m
[00:01:18.696,289] [0m<inf> exp02_logging: XY 78696 -8355840 -8355840[0m
[00:01:18.696,350] [0m<dbg> zmk: zmk_hid_mouse_movement_set: Mouse movement set to 0/0[0m
[00:01:18.696,380] [0m<dbg> zmk: zmk_hid_mouse_scroll_set: Mouse scroll set to 0/0[0m
[00:01:18.696,380] [0m<dbg> zmk: zmk_hid_mouse_movement_set: Mouse movement set to 0/0[0m
[00:01:18.704,315] [0m<inf> exp02_logging: XY 78704 -2171360 -2763456[0m
[00:01:18.704,467] [0m<dbg> zmk: zmk_hid_mouse_movement_set: Mouse movement set to 127/127[0m
[00:01:18.704,467] [0m<dbg> zmk: zmk_hid_mouse_scroll_set: Mouse scroll set to 0/0[0m
[00:01:18.704,498] [0m<dbg> zmk: zmk_hid_mouse_movement_set: Mouse movement set to 0/0[0m
[00:01:18.712,432] [0m<inf> exp02_logging: XY 78712 -8355840 -8355840[0m
[00:01:18.712,524] [0m<dbg> zmk: zmk_hid_mouse_movement_set: Mouse movement set to 0/0[0m
[00:01:18.712,554] [0m<dbg> zmk: zmk_hid_mouse_scroll_set: Mouse scroll set to 0/0[0m
[00:01:18.712,554] [0m<dbg> zmk: zmk_hid_mouse_movement_set: Mouse movement set to 0/0[0m
[00:01:18.720,367] [0m<inf> exp02_logging: XY 78720 -8355840 -5395048[0m
[00:01:18.720,458] [0m<dbg> zmk: zmk_hid_mouse_movement_set: Mouse movement set to 0/127[0m
[00:01:18.720,458] [0m<dbg> zmk: zmk_hid_mouse_scroll_set: Mouse scroll set to 0/0[0m
[00:01:18.720,489] [0m<dbg> zmk: zmk_hid_mouse_movement_set: Mouse movement set to 0/0[0m
[00:01:18.728,393] [0m<inf> exp02_logging: XY 78728 -4408107 -8355840[0m
[00:01:18.728,515] [0m<dbg> zmk: zmk_hid_mouse_movement_set: Mouse movement set to 127/0[0m
[00:01:18.728,546] [0m<dbg> zmk: zmk_hid_mouse_scroll_set: Mouse scroll set to 0/0[0m
[00:01:18.728,546] [0m<dbg> zmk: zmk_hid_mouse_movement_set: Mouse movement set to 0/0[0m
[00:01:18.736,511] [0m<inf> exp02_logging: XY 78736 -8355840 -8355840[0m
[00:01:18.736,572] [0m<dbg> zmk: zmk_hid_mouse_movement_set: Mouse movement set to 0/0[0m
[00:01:18.736,602] [0m<dbg> zmk: zmk_hid_mouse_scroll_set: Mouse scroll set to 0/0[0m
[00:01:18.736,602] [0m<dbg> zmk: zmk_hid_mouse_movement_set: Mouse movement set to 0/0[0m
[00:01:18.744,445] [0m<inf> exp02_logging: XY 78744 -921228 -3289658[0m
[00:01:18.744,567] [0m<dbg> zmk: zmk_hid_mouse_movement_set: Mouse movement set to 127/127[0m
[00:01:18.744,598] [0m<dbg> zmk: zmk_hid_mouse_scroll_set: Mouse scroll set to 0/0[0m
[00:01:18.744,598] [0m<dbg> zmk: zmk_hid_mouse_movement_set: Mouse movement set to 0/0[0m
[00:01:18.752,471] [0m<inf> exp02_logging: XY 78752 -8355840 -8355840[0m
[00:01:18.752,593] [0m<dbg> zmk: zmk_hid_mouse_movement_set: Mouse movement set to 0/0[0m
[00:01:18.752,624] [0m<dbg> zmk: zmk_hid_mouse_scroll_set: Mouse scroll set to 0/0[0m
[00:01:18.752,624] [0m<dbg> zmk: zmk_hid_mouse_movement_set: Mouse movement set to 0/0[0m
[00:01:18.760,589] [0m<inf> exp02_logging: XY 78760 -8355840 -4868646[0m
[00:01:18.760,650] [0m<dbg> zmk: zmk_hid_mouse_movement_set: Mouse movement set to 0/127[0m
[00:01:18.760,681] [0m<dbg> zmk: zmk_hid_mouse_scroll_set: Mouse scroll set to 0/0[0m
[00:01:18.760,681] [0m<dbg> zmk: zmk_hid_mouse_movement_set: Mouse movement set to 0/0[0m
[00:01:18.768,524] [0m<inf> exp02_logging: XY 78768 -4934478 -8355840[0m
[00:01:18.768,646] [0m<dbg> zmk: zmk_hid_mouse_movement_set: Mouse movement set to 127/0[0m
[00:01:18.768,676] [0m<dbg> zmk: zmk_hid_mouse_scroll_set: Mouse scroll set to 0/0[0m
[00:01:18.768,676] [0m<dbg> zmk: zmk_hid_mouse_movement_set: Mouse movement set to 0/0[0m
[00:01:18.776,550] [0m<inf> exp02_logging: XY 78776 -8355840 -8355840[0m
[00:01:18.776,641] [0m<dbg> zmk: zmk_hid_mouse_movement_set: Mouse movement set to 0/0[0m
[00:01:18.776,641] [0m<dbg> zmk: zmk_hid_mouse_scroll_set: Mouse scroll set to 0/0[0m
[00:01:18.776,672] [0m<dbg> zmk: zmk_hid_mouse_movement_set: Mouse movement set to 0/0[0m
[00:01:18.784,667] [0m<inf> exp02_logging: XY 78784 -1315937 -4013317[0m
[00:01:18.784,790] [0m<dbg> zmk: zmk_hid_mouse_movement_set: Mouse movement set to 127/127[0m
[00:01:18.784,790] [0m<dbg> zmk: zmk_hid_mouse_scroll_set: Mouse scroll set to 0/0[0m
[00:01:18.784,820] [0m<dbg> zmk: zmk_hid_mouse_movement_set: Mouse movement set to 0/0[0m
[00:01:18.792,602] [0m<inf> exp02_logging: XY 78792 -8355840 -8355840[0m
[00:01:18.792,724] [0m<dbg> zmk: zmk_hid_mouse_movement_set: Mouse movement set to 0/0[0m
[00:01:18.792,724] [0m<dbg> zmk: zmk_hid_mouse_scroll_set: Mouse scroll set to 0/0[0m
[00:01:18.792,755] [0m<dbg> zmk: zmk_hid_mouse_movement_set: Mouse movement set to 0/0[0m
[00:01:18.800,628] [0m<inf> exp02_logging: XY 78800 -8355840 -4605668[0m
[00:01:18.800,720] [0m<dbg> zmk: zmk_hid_mouse_movement_set: Mouse movement set to 0/127[0m
[00:01:18.800,720] [0m<dbg> zmk: zmk_hid_mouse_scroll_set: Mouse scroll set to 0/0[0m
[00:01:18.800,750] [0m<dbg> zmk: zmk_hid_mouse_movement_set: Mouse movement set to 0/0[0m
[00:01:18.808,746] [0m<inf> exp02_logging: XY 78808 -5460807 -8355840[0m
[00:01:18.808,868] [0m<dbg> zmk: zmk_hid_mouse_movement_set: Mouse movement set to 127/0[0m
[00:01:18.808,868] [0m<dbg> zmk: zmk_hid_mouse_scroll_set: Mouse scroll set to 0/0[0m
[00:01:18.808,898] [0m<dbg> zmk: zmk_hid_mouse_movement_set: Mouse movement set to 0/0[0m
[00:01:18.816,680] [0m<inf> exp02_logging: XY 78816 -8355840 -8355840[0m
[00:01:18.816,741] [0m<dbg> zmk: zmk_hid_mouse_movement_set: Mouse movement set to 0/0[0m
[00:01:18.816,772] [0m<dbg> zmk: zmk_hid_mouse_scroll_set: Mouse scroll set to 0/0[0m
[00:01:18.816,802] [0m<dbg> zmk: zmk_hid_mouse_movement_set: Mouse movement set to 0/0[0m
[00:01:18.824,707] [0m<inf> exp02_logging: XY 78824 -1118665 -4408149[0m
[00:01:18.824,859] [0m<dbg> zmk: zmk_hid_mouse_movement_set: Mouse movement set to 127/127[0m
[00:01:18.824,859] [0m<dbg> zmk: zmk_hid_mouse_scroll_set: Mouse scroll set to 0/0[0m
[00:01:18.824,890] [0m<dbg> zmk: zmk_hid_mouse_movement_set: Mouse movement set to 0/0[0m
[00:01:18.832,824] [0m<inf> exp02_logging: XY 78832 -8355840 -8355840[0m
[00:01:18.832,916] [0m<dbg> zmk: zmk_hid_mouse_movement_set: Mouse movement set to 0/0[0m
[00:01:18.832,946] [0m<dbg> zmk: zmk_hid_mouse_scroll_set: Mouse scroll set to 0/0[0m
[00:01:18.832,946] [0m<dbg> zmk: zmk_hid_mouse_movement_set: Mouse movement set to 0/0[0m
[00:01:18.840,759] [0m<inf> exp02_logging: XY 78840 -8355840 -2368760[0m
[00:01:18.840,850] [0m<dbg> zmk: zmk_hid_mouse_movement_set: Mouse movement set to 0/127[0m
[00:01:18.840,850] [0m<dbg> zmk: zmk_hid_mouse_scroll_set: Mouse scroll set to 0/0[0m
[00:01:18.840,881] [0m<dbg> zmk: zmk_hid_mouse_movement_set: Mouse movement set to 0/0[0m
[00:01:18.848,785] [0m<inf> exp02_logging: XY 78848 -5658223 -8355840[0m
[00:01:18.848,907] [0m<dbg> zmk: zmk_hid_mouse_movement_set: Mouse movement set to 127/0[0m
[00:01:18.848,937] [0m<dbg> zmk: zmk_hid_mouse_scroll_set: Mouse scroll set to 0/0[0m
[00:01:18.848,937] [0m<dbg> zmk: zmk_hid_mouse_movement_set: Mouse movement set to 0/0[0m
[00:01:18.856,903] [0m<inf> exp02_logging: XY 78856 -8355840 -8355840[0m
[00:01:18.856,964] [0m<dbg> zmk: zmk_hid_mouse_movement_set: Mouse movement set to 0/0[0m
[00:01:18.856,994] [0m<dbg> zmk: zmk_hid_mouse_scroll_set: Mouse scroll set to 0/0[0m
[00:01:18.856,994] [0m<dbg> zmk: zmk_hid_mouse_movement_set: Mouse movement set to 0/0[0m
[00:01:18.864,837] [0m<inf> exp02_logging: XY 78864 -921162 -4737275[0m
[00:01:18.864,959] [0m<dbg> zmk: zmk_hid_mouse_movement_set: Mouse movement set to 127/127[0m
[00:01:18.864,990] [0m<dbg> zmk: zmk_hid_mouse_scroll_set: Mouse scroll set to 0/0[0m
[00:01:18.864,990] [0m<dbg> zmk: zmk_hid_mouse_movement_set: Mouse movement set to 0/0[0m
[00:01:18.872,863] [0m<inf> exp02_logging: XY 78872 -8355840 -8355840[0m
[00:01:18.872,985] [0m<dbg> zmk: zmk_hid_mouse_movement_set: Mouse movement set to 0/0[0m
[00:01:18.873,016] [0m<dbg> zmk: zmk_hid_mouse_scroll_set: Mouse scroll set to 0/0[0m
[00:01:18.873,016] [0m<dbg> zmk: zmk_hid_mouse_movement_set: Mouse movement set to 0/0[0m
[00:01:18.880,981] [0m<inf> exp02_logging: XY 78880 -8355840 -1710638[0m
[00:01:18.881,042] [0m<dbg> zmk: zmk_hid_mouse_movement_set: Mouse movement set to 0/127[0m
[00:01:18.881,072] [0m<dbg> zmk: zmk_hid_mouse_scroll_set: Mouse scroll set to 0/0[0m
[00:01:18.881,103] [0m<dbg> zmk: zmk_hid_mouse_movement_set: Mouse movement set to 0/0[0m
[00:01:18.888,916] [0m<inf> exp02_logging: XY 78888 -6052927 -8355840[0m
[00:01:18.889,038] [0m<dbg> zmk: zmk_hid_mouse_movement_set: Mouse movement set to 127/0[0m
[00:01:18.889,068] [0m<dbg> zmk: zmk_hid_mouse_scroll_set: Mouse scroll set to 0/0[0m
[00:01:18.889,068] [0m<dbg> zmk: zmk_hid_mouse_movement_set: Mouse movement set to 0/0[0m
[00:01:18.896,942] [0m<inf> exp02_logging: XY 78896 -8355840 -8355840[0m
[00:01:18.897,033] [0m<dbg> zmk: zmk_hid_mouse_movement_set: Mouse movement set to 0/0[0m
[00:01:18.897,033] [0m<dbg> zmk: zmk_hid_mouse_scroll_set: Mouse scroll set to 0/0[0m
[00:01:18.897,064] [0m<dbg> zmk: zmk_hid_mouse_movement_set: Mouse movement set to 0/0[0m
[00:01:18.905,059] [0m<inf> exp02_logging: XY 78905 -855389 -5460935[0m
[00:01:18.905,181] [0m<dbg> zmk: zmk_hid_mouse_movement_set: Mouse movement set to 127/127[0m
[00:01:18.905,212] [0m<dbg> zmk: zmk_hid_mouse_scroll_set: Mouse scroll set to 0/0[0m
[00:01:18.905,212] [0m<dbg> zmk: zmk_hid_mouse_movement_set: Mouse movement set to 0/0[0m
[00:01:18.912,994] [0m<inf> exp02_logging: XY 78912 -8355840 -8355840[0m
[00:01:18.913,116] [0m<dbg> zmk: zmk_hid_mouse_movement_set: Mouse movement set to 0/0[0m
[00:01:18.913,116] [0m<dbg> zmk: zmk_hid_mouse_scroll_set: Mouse scroll set to 0/0[0m
[00:01:18.913,146] [0m<dbg> zmk: zmk_hid_mouse_movement_set: Mouse movement set to 0/0[0m
[00:01:18.921,020] [0m<inf> exp02_logging: XY 78921 -8355840 -1447531[0m
[00:01:18.921,112] [0m<dbg> zmk: zmk_hid_mouse_movement_set: Mouse movement set to 0/127[0m
[00:01:18.921,142] [0m<dbg> zmk: zmk_hid_mouse_scroll_set: Mouse scroll set to 0/0[0m
[00:01:18.921,142] [0m<dbg> zmk: zmk_hid_mouse_movement_set: Mouse movement set to 0/0[0m
[00:01:18.929,138] [0m<inf> exp02_logging: XY 78929 -6579383 -8355840[0m
[00:01:18.929,260] [0m<dbg> zmk: zmk_hid_mouse_movement_set: Mouse movement set to 127/0[0m
[00:01:18.929,260] [0m<dbg> zmk: zmk_hid_mouse_scroll_set: Mouse scroll set to 0/0[0m
[00:01:18.929,290] [0m<dbg> zmk: zmk_hid_mouse_movement_set: Mouse movement set to 0/0[0m
[00:01:18.937,072] [0m<inf> exp02_logging: XY 78937 -8355840 -8355840[0m
[00:01:18.937,164] [0m<dbg> zmk: zmk_hid_mouse_movement_set: Mouse movement set to 0/0[0m
[00:01:18.937,164] [0m<dbg> zmk: zmk_hid_mouse_scroll_set: Mouse scroll set to 0/0[0m
[00:01:18.937,194] [0m<dbg> zmk: zmk_hid_mouse_movement_set: Mouse movement set to 0/0[0m
[00:01:18.945,098] [0m<inf> exp02_logging: XY 78945 -855460 -5658180[0m
[00:01:18.945,220] [0m<dbg> zmk: zmk_hid_mouse_movement_set: Mouse movement set to 127/127[0m
[00:01:18.945,251] [0m<dbg> zmk: zmk_hid_mouse_scroll_set: Mouse scroll set to 0/0[0m
[00:01:18.945,281] [0m<dbg> zmk: zmk_hid_mouse_movement_set: Mouse movement set to 0/0[0m
[00:01:18.953,216] [0m<inf> exp02_logging: XY 78953 -8355840 -8355840[0m
[00:01:18.953,308] [0m<dbg> zmk: zmk_hid_mouse_movement_set: Mouse movement set to 0/0[0m
[00:01:18.953,338] [0m<dbg> zmk: zmk_hid_mouse_scroll_set: Mouse scroll set to 0/0[0m
[00:01:18.953,338] [0m<dbg> zmk: zmk_hid_mouse_movement_set: Mouse movement set to 0/0[0m
[00:01:18.961,151] [0m<inf> exp02_logging: XY 78961 -8355840 -1052860[0m
[00:01:18.961,242] [0m<dbg> zmk: zmk_hid_mouse_movement_set: Mouse movement set to 0/127[0m
[00:01:18.961,242] [0m<dbg> zmk: zmk_hid_mouse_scroll_set: Mouse scroll set to 0/0[0m
[00:01:18.961,273] [0m<dbg> zmk: zmk_hid_mouse_movement_set: Mouse movement set to 0/0[0m
[00:01:18.969,177] [0m<inf> exp02_logging: XY 78969 -6842463 -8355840[0m
[00:01:18.969,299] [0m<dbg> zmk: zmk_hid_mouse_movement_set: Mouse movement set to 127/0[0m
[00:01:18.969,329] [0m<dbg> zmk: zmk_hid_mouse_scroll_set: Mouse scroll set to 0/0[0m
[00:01:18.969,329] [0m<dbg> zmk: zmk_hid_mouse_movement_set: Mouse movement set to 0/0[0m
[00:01:18.977,294] [0m<inf> exp02_logging: XY 78977 -8355840 -8355840[0m
[00:01:18.977,355] [0m<dbg> zmk: zmk_hid_mouse_movement_set: Mouse movement set to 0/0[0m
[00:01:18.977,386] [0m<dbg> zmk: zmk_hid_mouse_scroll_set: Mouse scroll set to 0/0[0m
[00:01:18.977,386] [0m<dbg> zmk: zmk_hid_mouse_movement_set: Mouse movement set to 0/0[0m
[00:01:18.985,229] [0m<inf> exp02_logging: XY 78985 -855416 -6184594[0m
[00:01:18.985,351] [0m<dbg> zmk: zmk_hid_mouse_movement_set: Mouse movement set to 127/127[0m
[00:01:18.985,382] [0m<dbg> zmk: zmk_hid_mouse_scroll_set: Mouse scroll set to 0/0[0m
[00:01:18.985,382] [0m<dbg> zmk: zmk_hid_mouse_movement_set: Mouse movement set to 0/0[0m
[00:01:18.993,255] [0m<inf> exp02_logging: XY 78993 -8355840 -8355840[0m
[00:01:18.993,377] [0m<dbg> zmk: zmk_hid_mouse_movement_set: Mouse movement set to 0/0[0m
[00:01:18.993,408] [0m<dbg> zmk: zmk_hid_mouse_scroll_set: Mouse scroll set to 0/0[0m
[00:01:18.993,408] [0m<dbg> zmk: zmk_hid_mouse_movement_set: Mouse movement set to 0/0[0m
[00:01:19.001,373] [0m<inf> exp02_logging: XY 79001 -8355840 -921146[0m
[00:01:19.001,434] [0m<dbg> zmk: zmk_hid_mouse_movement_set: Mouse movement set to 0/127[0m
[00:01:19.001,464] [0m<dbg> zmk: zmk_hid_mouse_scroll_set: Mouse scroll set to 0/0[0m
[00:01:19.001,464] [0m<dbg> zmk: zmk_hid_mouse_movement_set: Mouse movement set to 0/0[0m
[00:01:19.009,307] [0m<inf> exp02_logging: XY 79009 -8092494 -8355840[0m
[00:01:19.009,429] [0m<dbg> zmk: zmk_hid_mouse_movement_set: Mouse movement set to 51/0[0m
[00:01:19.009,460] [0m<dbg> zmk: zmk_hid_mouse_scroll_set: Mouse scroll set to 0/0[0m
[00:01:19.009,460] [0m<dbg> zmk: zmk_hid_mouse_movement_set: Mouse movement set to 0/0[0m
[00:01:19.017,333] [0m<inf> exp02_logging: XY 79017 -8355840 -8355840[0m
[00:01:19.017,425] [0m<dbg> zmk: zmk_hid_mouse_movement_set: Mouse movement set to 0/0[0m
[00:01:19.017,425] [0m<dbg> zmk: zmk_hid_mouse_scroll_set: Mouse scroll set to 0/0[0m
[00:01:19.017,456] [0m<dbg> zmk: zmk_hid_mouse_movement_set: Mouse movement set to 0/0[0m
[00:01:19.025,451] [0m<inf> exp02_logging: XY 79025 -789533 -6579256[0m
[00:01:19.025,573] [0m<dbg> zmk: zmk_hid_mouse_movement_set: Mouse movement set to 127/127[0m
[00:01:19.025,604] [0m<dbg> zmk: zmk_hid_mouse_scroll_set: Mouse scroll set to 0/0[0m
[00:01:19.025,604] [0m<dbg> zmk: zmk_hid_mouse_movement_set: Mouse movement set to 0/0[0m
[00:01:19.033,386] [0m<inf> exp02_logging: XY 79033 -8355840 -8355840[0m
[00:01:19.033,508] [0m<dbg> zmk: zmk_hid_mouse_movement_set: Mouse movement set to 0/0[0m
[00:01:19.033,508] [0m<dbg> zmk: zmk_hid_mouse_scroll_set: Mouse scroll set to 0/0[0m
[00:01:19.033,538] [0m<dbg> zmk: zmk_hid_mouse_movement_set: Mouse movement set to 0/0[0m
[00:01:19.041,412] [0m<inf> exp02_logging: XY 79041 -8355818 -855435[0m
[00:01:19.041,503] [0m<dbg> zmk: zmk_hid_mouse_movement_set: Mouse movement set to 0/127[0m
[00:01:19.041,534] [0m<dbg> zmk: zmk_hid_mouse_scroll_set: Mouse scroll set to 0/0[0m
[00:01:19.041,534] [0m<dbg> zmk: zmk_hid_mouse_movement_set: Mouse movement set to 0/0[0m
[00:01:19.049,530] [0m<inf> exp02_logging: XY 79049 -8355828 -8355840[0m
[00:01:19.049,591] [0m<dbg> zmk: zmk_hid_mouse_movement_set: Mouse movement set to 0/0[0m
[00:01:19.049,621] [0m<dbg> zmk: zmk_hid_mouse_scroll_set: Mouse scroll set to 0/0[0m
[00:01:19.049,621] [0m<dbg> zmk: zmk_hid_mouse_movement_set: Mouse movement set to 0/0[0m
[00:01:19.057,464] [0m<inf> exp02_logging: XY 79057 -8355840 -8355840[0m
[00:01:19.065,551] [0m<inf> exp02_logging: XY 79065 -789601 -6908381[0m
[00:01:19.065,673] [0m<dbg> zmk: zmk_hid_mouse_movement_set: Mouse movement set to 127/127[0m
[00:01:19.065,673] [0m<dbg> zmk: zmk_hid_mouse_scroll_set: Mouse scroll set to 0/0[0m
[00:01:19.065,704] [0m<dbg> zmk: zmk_hid_mouse_movement_set: Mouse movement set to 0/0[0m
[00:01:19.073,608] [0m<inf> exp02_logging: XY 79073 -8355840 -8355840[0m
[00:01:19.073,699] [0m<dbg> zmk: zmk_hid_mouse_movement_set: Mouse movement set to 0/0[0m
[00:01:19.073,730] [0m<dbg> zmk: zmk_hid_mouse_scroll_set: Mouse scroll set to 0/0[0m
[00:01:19.073,760] [0m<dbg> zmk: zmk_hid_mouse_movement_set: Mouse movement set to 0/0[0m
[00:01:19.081,542] [0m<inf> exp02_logging: XY 79081 -8092588 -855449[0m
[00:01:19.081,665] [0m<dbg> zmk: zmk_hid_mouse_movement_set: Mouse movement set to 51/127[0m
[00:01:19.081,695] [0m<dbg> zmk: zmk_hid_mouse_scroll_set: Mouse scroll set to 0/0[0m
[00:01:19.081,695] [0m<dbg> zmk: zmk_hid_mouse_movement_set: Mouse movement set to 0/0[0m
[00:01:19.089,569] [0m<inf> exp02_logging: XY 79089 -8355840 -8355840[0m
[00:01:19.089,691] [0m<dbg> zmk: zmk_hid_mouse_movement_set: Mouse movement set to 0/0[0m
[00:01:19.089,721] [0m<dbg> zmk: zmk_hid_mouse_scroll_set: Mouse scroll set to 0/0[0m
[00:01:19.089,721] [0m<dbg> zmk: zmk_hid_mouse_movement_set: Mouse movement set to 0/0[0m
[00:01:19.097,686] [0m<inf> exp02_logging: XY 79097 -8355840 -8355840[0m
[00:01:19.105,651] [0m<inf> exp02_logging: XY 79105 -789670 -6908169[0m
[00:01:19.105,773] [0m<dbg> zmk: zmk_hid_mouse_movement_set: Mouse movement set to 127/127[0m
[00:01:19.105,804] [0m<dbg> zmk: zmk_hid_mouse_scroll_set: Mouse scroll set to 0/0[0m
[00:01:19.105,804] [0m<dbg> zmk: zmk_hid_mouse_movement_set: Mouse movement set to 0/0[0m
[00:01:19.113,739] [0m<inf> exp02_logging: XY 79113 -8355840 -8355840[0m
[00:01:19.113,830] [0m<dbg> zmk: zmk_hid_mouse_movement_set: Mouse movement set to 0/0[0m
[00:01:19.113,861] [0m<dbg> zmk: zmk_hid_mouse_scroll_set: Mouse scroll set to 0/0[0m
[00:01:19.113,861] [0m<dbg> zmk: zmk_hid_mouse_movement_set: Mouse movement set to 0/0[0m
[00:01:19.121,673] [0m<inf> exp02_logging: XY 79121 -7632007 -855477[0m
[00:01:19.121,795] [0m<dbg> zmk: zmk_hid_mouse_movement_set: Mouse movement set to 127/127[0m
[00:01:19.121,826] [0m<dbg> zmk: zmk_hid_mouse_scroll_set: Mouse scroll set to 0/0[0m
[00:01:19.121,826] [0m<dbg> zmk: zmk_hid_mouse_movement_set: Mouse movement set to 0/0[0m
[00:01:19.129,699] [0m<inf> exp02_logging: XY 79129 -8355840 -8355840[0m
[00:01:19.129,821] [0m<dbg> zmk: zmk_hid_mouse_movement_set: Mouse movement set to 0/0[0m
[00:01:19.129,852] [0m<dbg> zmk: zmk_hid_mouse_scroll_set: Mouse scroll set to 0/0[0m
[00:01:19.129,852] [0m<dbg> zmk: zmk_hid_mouse_movement_set: Mouse movement set to 0/0[0m
[00:01:19.137,817] [0m<inf> exp02_logging: XY 79137 -8355840 -8355840[0m
[00:01:19.145,782] [0m<inf> exp02_logging: XY 79145 -723841 -7434625[0m
[00:01:19.145,904] [0m<dbg> zmk: zmk_hid_mouse_movement_set: Mouse movement set to 127/127[0m
[00:01:19.145,935] [0m<dbg> zmk: zmk_hid_mouse_scroll_set: Mouse scroll set to 0/0[0m
[00:01:19.145,935] [0m<dbg> zmk: zmk_hid_mouse_movement_set: Mouse movement set to 0/0[0m
[00:01:19.153,869] [0m<inf> exp02_logging: XY 79153 -8355840 -8355840[0m
[00:01:19.153,961] [0m<dbg> zmk: zmk_hid_mouse_movement_set: Mouse movement set to 0/0[0m
[00:01:19.153,991] [0m<dbg> zmk: zmk_hid_mouse_scroll_set: Mouse scroll set to 0/0[0m
[00:01:19.154,022] [0m<dbg> zmk: zmk_hid_mouse_movement_set: Mouse movement set to 0/0[0m
[00:01:19.161,834] [0m<inf> exp02_logging: XY 79161 -7105715 -855343[0m
[00:01:19.161,956] [0m<dbg> zmk: zmk_hid_mouse_movement_set: Mouse movement set to 127/127[0m
[00:01:19.161,987] [0m<dbg> zmk: zmk_hid_mouse_scroll_set: Mouse scroll set to 0/0[0m
[00:01:19.161,987] [0m<dbg> zmk: zmk_hid_mouse_movement_set: Mouse movement set to 0/0[0m
[00:01:19.169,830] [0m<inf> exp02_logging: XY 79169 -8355840 -8355840[0m
[00:01:19.169,952] [0m<dbg> zmk: zmk_hid_mouse_movement_set: Mouse movement set to 0/0[0m
[00:01:19.169,982] [0m<dbg> zmk: zmk_hid_mouse_scroll_set: Mouse scroll set to 0/0[0m
[00:01:19.169,982] [0m<dbg> zmk: zmk_hid_mouse_movement_set: Mouse movement set to 0/0[0m
[00:01:19.177,947] [0m<inf> exp02_logging: XY 79177 -8355840 -8355840[0m
[00:01:19.185,913] [0m<inf> exp02_logging: XY 79185 -658135 -8289995[0m
[00:01:19.186,035] [0m<dbg> zmk: zmk_hid_mouse_movement_set: Mouse movement set to 127/12[0m
[00:01:19.186,065] [0m<dbg> zmk: zmk_hid_mouse_scroll_set: Mouse scroll set to 0/0[0m
[00:01:19.186,065] [0m<dbg> zmk: zmk_hid_mouse_movement_set: Mouse movement set to 0/0[0m
[00:01:19.194,000] [0m<inf> exp02_logging: XY 79193 -8355840 -8355840[0m
[00:01:19.194,091] [0m<dbg> zmk: zmk_hid_mouse_movement_set: Mouse movement set to 0/0[0m
[00:01:19.194,122] [0m<dbg> zmk: zmk_hid_mouse_scroll_set: Mouse scroll set to 0/0[0m
[00:01:19.194,122] [0m<dbg> zmk: zmk_hid_mouse_movement_set: Mouse movement set to 0/0[0m
[00:01:19.201,934] [0m<inf> exp02_logging: XY 79201 -6579310 -855411[0m
[00:01:19.202,056] [0m<dbg> zmk: zmk_hid_mouse_movement_set: Mouse movement set to 127/127[0m
[00:01:19.202,087] [0m<dbg> zmk: zmk_hid_mouse_scroll_set: Mouse scroll set to 0/0[0m
[00:01:19.202,087] [0m<dbg> zmk: zmk_hid_mouse_movement_set: Mouse movement set to 0/0[0m
[00:01:19.209,960] [0m<inf> exp02_logging: XY 79209 -8355840 -8355840[0m
[00:01:19.210,083] [0m<dbg>
### phase: stop 'STOP - HOLD STILL' at 2026-10-01T21:19:22.3091442+03:00
 zmk: zmk_hid_mouse_movement_set: Mouse movement set to 0/0[0m
[00:01:19.210,113] [0m<dbg> zmk: zmk_hid_mouse_scroll_set: Mouse scroll set to 0/0[0m
[00:01:19.210,113] [0m<dbg> zmk: zmk_hid_mouse_movement_set: Mouse movement set to 0/0[0m
[00:01:19.218,078] [0m<inf> exp02_logging: XY 79218 -8355840 -8355809[0m
[00:01:19.226,043] [0m<inf> exp02_logging: XY 79226 -592380 -8355828[0m
[00:01:19.226,135] [0m<dbg> zmk: zmk_hid_mouse_movement_set: Mouse movement set to 127/0[0m
[00:01:19.226,135] [0m<dbg> zmk: zmk_hid_mouse_scroll_set: Mouse scroll set to 0/0[0m
[00:01:19.226,165] [0m<dbg> zmk: zmk_hid_mouse_movement_set: Mouse movement set to 0/0[0m
[00:01:19.234,130] [0m<inf> exp02_logging: XY 79234 -8355840 -8355840[0m
[00:01:19.234,191] [0m<dbg> zmk: zmk_hid_mouse_movement_set: Mouse movement set to 0/0[0m
[00:01:19.234,222] [0m<dbg> zmk: zmk_hid_mouse_scroll_set: Mouse scroll set to 0/0[0m
[00:01:19.234,222] [0m<dbg> zmk: zmk_hid_mouse_movement_set: Mouse movement set to 0/0[0m
[00:01:19.242,065] [0m<inf> exp02_logging: XY 79242 -6053052 -855342[0m
[00:01:19.242,187] [0m<dbg> zmk: zmk_hid_mouse_movement_set: Mouse movement set to 127/127[0m
[00:01:19.242,218] [0m<dbg> zmk: zmk_hid_mouse_scroll_set: Mouse scroll set to 0/0[0m
[00:01:19.242,248] [0m<dbg> zmk: zmk_hid_mouse_movement_set: Mouse movement set to 0/0[0m
[00:01:19.250,091] [0m<inf> exp02_logging: XY 79250 -8355840 -8355840[0m
[00:01:19.250,213] [0m<dbg> zmk: zmk_hid_mouse_movement_set: Mouse movement set to 0/0[0m
[00:01:19.250,244] [0m<dbg> zmk: zmk_hid_mouse_scroll_set: Mouse scroll set to 0/0[0m
[00:01:19.250,244] [0m<dbg> zmk: zmk_hid_mouse_movement_set: Mouse movement set to 0/0[0m
[00:01:19.258,209] [0m<inf> exp02_logging: XY 79258 -8355840 -8092518[0m
[00:01:19.258,270] [0m<dbg> zmk: zmk_hid_mouse_movement_set: Mouse movement set to 0/51[0m
[00:01:19.258,300] [0m<dbg> zmk: zmk_hid_mouse_scroll_set: Mouse scroll set to 0/0[0m
[00:01:19.258,300] [0m<dbg> zmk: zmk_hid_mouse_movement_set: Mouse movement set to 0/0[0m
[00:01:19.266,143] [0m<inf> exp02_logging: XY 79266 -658027 -8355840[0m
[00:01:19.266,265] [0m<dbg> zmk: zmk_hid_mouse_movement_set: Mouse movement set to 127/0[0m
[00:01:19.266,296] [0m<dbg> zmk: zmk_hid_mouse_scroll_set: Mouse scroll set to 0/0[0m
[00:01:19.266,296] [0m<dbg> zmk: zmk_hid_mouse_movement_set: Mouse movement set to 0/0[0m
[00:01:19.274,169] [0m<inf> exp02_logging: XY 79274 -8355840 -8355840[0m
[00:01:19.274,261] [0m<dbg> zmk: zmk_hid_mouse_movement_set: Mouse movement set to 0/0[0m
[00:01:19.274,261] [0m<dbg> zmk: zmk_hid_mouse_scroll_set: Mouse scroll set to 0/0[0m
[00:01:19.274,291] [0m<dbg> zmk: zmk_hid_mouse_movement_set: Mouse movement set to 0/0[0m
[00:01:19.282,287] [0m<inf> exp02_logging: XY 79282 -5329365 -789747[0m
[00:01:19.282,409] [0m<dbg> zmk: zmk_hid_mouse_movement_set: Mouse movement set to 127/127[0m
[00:01:19.282,409] [0m<dbg> zmk: zmk_hid_mouse_scroll_set: Mouse scroll set to 0/0[0m
[00:01:19.282,440] [0m<dbg> zmk: zmk_hid_mouse_movement_set: Mouse movement set to 0/0[0m
[00:01:19.290,222] [0m<inf> exp02_logging: XY 79290 -8355840 -8355840[0m
[00:01:19.290,344] [0m<dbg> zmk: zmk_hid_mouse_movement_set: Mouse movement set to 0/0[0m
[00:01:19.290,344] [0m<dbg> zmk: zmk_hid_mouse_scroll_set: Mouse scroll set to 0/0[0m
[00:01:19.290,374] [0m<dbg> zmk: zmk_hid_mouse_movement_set: Mouse movement set to 0/0[0m
[00:01:19.298,248] [0m<inf> exp02_logging: XY 79298 -8355840 -7829265[0m
[00:01:19.298,339] [0m<dbg> zmk: zmk_hid_mouse_movement_set: Mouse movement set to 0/102[0m
[00:01:19.298,370] [0m<dbg> zmk: zmk_hid_mouse_scroll_set: Mouse scroll set to 0/0[0m
[00:01:19.298,370] [0m<dbg> zmk: zmk_hid_mouse_movement_set: Mouse movement set to 0/0[0m
[00:01:19.306,365] [0m<inf> exp02_logging: XY 79306 -723730 -8355840[0m
[00:01:19.306,488] [0m<dbg> zmk: zmk_hid_mouse_movement_set: Mouse movement set to 127/0[0m
[00:01:19.306,488] [0m<dbg> zmk: zmk_hid_mouse_scroll_set: Mouse scroll set to 0/0[0m
[00:01:19.306,518] [0m<dbg> zmk: zmk_hid_mouse_movement_set: Mouse movement set to 0/0[0m
[00:01:19.314,300] [0m<inf> exp02_logging: XY 79314 -8355840 -8355840[0m
[00:01:19.314,392] [0m<dbg> zmk: zmk_hid_mouse_movement_set: Mouse movement set to 0/0[0m
[00:01:19.314,392] [0m<dbg> zmk: zmk_hid_mouse_scroll_set: Mouse scroll set to 0/0[0m
[00:01:19.314,422] [0m<dbg> zmk: zmk_hid_mouse_movement_set: Mouse movement set to 0/0[0m
[00:01:19.322,326] [0m<inf> exp02_logging: XY 79322 -4934528 -789665[0m
[00:01:19.322,479] [0m<dbg> zmk: zmk_hid_mouse_movement_set: Mouse movement set to 127/127[0m
[00:01:19.322,479] [0m<dbg> zmk: zmk_hid_mouse_scroll_set: Mouse scroll set to 0/0[0m
[00:01:19.322,509] [0m<dbg> zmk: zmk_hid_mouse_movement_set: Mouse movement set to 0/0[0m
[00:01:19.330,444] [0m<inf> exp02_logging: XY 79330 -8355840 -8355840[0m
[00:01:19.330,535] [0m<dbg> zmk: zmk_hid_mouse_movement_set: Mouse movement set to 0/0[0m
[00:01:19.330,566] [0m<dbg> zmk: zmk_hid_mouse_scroll_set: Mouse scroll set to 0/0[0m
[00:01:19.330,566] [0m<dbg> zmk: zmk_hid_mouse_movement_set: Mouse movement set to 0/0[0m
[00:01:19.338,378] [0m<inf> exp02_logging: XY 79338 -8355840 -6974040[0m
[00:01:19.338,470] [0m<dbg> zmk: zmk_hid_mouse_movement_set: Mouse movement set to 0/127[0m
[00:01:19.338,470] [0m<dbg> zmk: zmk_hid_mouse_scroll_set: Mouse scroll set to 0/0[0m
[00:01:19.338,500] [0m<dbg> zmk: zmk_hid_mouse_movement_set: Mouse movement set to 0/0[0m
[00:01:19.346,405] [0m<inf> exp02_logging: XY 79346 -855324 -8355840[0m
[00:01:19.346,527] [0m<dbg> zmk: zmk_hid_mouse_movement_set: Mouse movement set to 127/0[0m
[00:01:19.346,557] [0m<dbg> zmk: zmk_hid_mouse_scroll_set: Mouse scroll set to 0/0[0m
[00:01:19.346,557] [0m<dbg> zmk: zmk_hid_mouse_movement_set: Mouse movement set to 0/0[0m
[00:01:19.354,522] [0m<inf> exp02_logging: XY 79354 -8355840 -8355840[0m
[00:01:19.354,583] [0m<dbg> zmk: zmk_hid_mouse_movement_set: Mouse movement set to 0/0[0m
[00:01:19.354,614] [0m<dbg> zmk: zmk_hid_mouse_scroll_set: Mouse scroll set to 0/0[0m
[00:01:19.354,614] [0m<dbg> zmk: zmk_hid_mouse_movement_set: Mouse movement set to 0/0[0m
[00:01:19.362,457] [0m<inf> exp02_logging: XY 79362 -4276610 -723967[0m
[00:01:19.362,579] [0m<dbg> zmk: zmk_hid_mouse_movement_set: Mouse movement set to 127/127[0m
[00:01:19.362,609] [0m<dbg> zmk: zmk_hid_mouse_scroll_set: Mouse scroll set to 0/0[0m
[00:01:19.362,609] [0m<dbg> zmk: zmk_hid_mouse_movement_set: Mouse movement set to 0/0[0m
[00:01:19.370,483] [0m<inf> exp02_logging: XY 79370 -8355840 -8355840[0m
[00:01:19.370,605] [0m<dbg> zmk: zmk_hid_mouse_movement_set: Mouse movement set to 0/0[0m
[00:01:19.370,635] [0m<dbg> zmk: zmk_hid_mouse_scroll_set: Mouse scroll set to 0/0[0m
[00:01:19.370,635] [0m<dbg> zmk: zmk_hid_mouse_movement_set: Mouse movement set to 0/0[0m
[00:01:19.378,570] [0m<inf> exp02_logging: XY 79378 -8355840 -6250428[0m
[00:01:19.378,631] [0m<dbg> zmk: zmk_hid_mouse_movement_set: Mouse movement set to 0/127[0m
[00:01:19.378,662] [0m<dbg> zmk: zmk_hid_mouse_scroll_set: Mouse scroll set to 0/0[0m
[00:01:19.378,662] [0m<dbg> zmk: zmk_hid_mouse_movement_set: Mouse movement set to 0/0[0m
[00:01:19.386,535] [0m<inf> exp02_logging: XY 79386 -1381801 -8355840[0m
[00:01:19.386,657] [0m<dbg> zmk: zmk_hid_mouse_movement_set: Mouse movement set to 127/0[0m
[00:01:19.386,657] [0m<dbg> zmk: zmk_hid_mouse_scroll_set: Mouse scroll set to 0/0[0m
[00:01:19.386,688] [0m<dbg> zmk: zmk_hid_mouse_movement_set: Mouse movement set to 0/0[0m
[00:01:19.394,561] [0m<inf> exp02_logging: XY 79394 -8355840 -8355840[0m
[00:01:19.394,653] [0m<dbg> zmk: zmk_hid_mouse_movement_set: Mouse movement set to 0/0[0m
[00:01:19.394,653] [0m<dbg> zmk: zmk_hid_mouse_scroll_set: Mouse scroll set to 0/0[0m
[00:01:19.394,683] [0m<dbg> zmk: zmk_hid_mouse_movement_set: Mouse movement set to 0/0[0m
[00:01:19.402,679] [0m<inf> exp02_logging: XY 79402 -3750201 -723881[0m
[00:01:19.402,801] [0m<dbg> zmk: zmk_hid_mouse_movement_set: Mouse movement set to 127/127[0m
[00:01:19.402,801] [0m<dbg> zmk: zmk_hid_mouse_scroll_set: Mouse scroll set to 0/0[0m
[00:01:19.402,832] [0m<dbg> zmk: zmk_hid_mouse_movement_set: Mouse movement set to 0/0[0m
[00:01:19.410,614] [0m<inf> exp02_logging: XY 79410 -8355840 -8355840[0m
[00:01:19.410,736] [0m<dbg> zmk: zmk_hid_mouse_movement_set: Mouse movement set to 0/0[0m
[00:01:19.410,736] [0m<dbg> zmk: zmk_hid_mouse_scroll_set: Mouse scroll set to 0/0[0m
[00:01:19.410,766] [0m<dbg> zmk: zmk_hid_mouse_movement_set: Mouse movement set to 0/0[0m
[00:01:19.418,640] [0m<inf> exp02_logging: XY 79418 -8355840 -5658350[0m
[00:01:19.418,731] [0m<dbg> zmk: zmk_hid_mouse_movement_set: Mouse movement set to 0/127[0m
[00:01:19.418,762] [0m<dbg> zmk: zmk_hid_mouse_scroll_set: Mouse scroll set to 0/0[0m
[00:01:19.418,762] [0m<dbg> zmk: zmk_hid_mouse_movement_set: Mouse movement set to 0/0[0m
[00:01:19.426,757] [0m<inf> exp02_logging: XY 79426 -1908002 -8355840[0m
[00:01:19.426,879] [0m<dbg> zmk: zmk_hid_mouse_movement_set: Mouse movement set to 127/0[0m
[00:01:19.426,879] [0m<dbg> zmk: zmk_hid_mouse_scroll_set: Mouse scroll set to 0/0[0m
[00:01:19.426,910] [0m<dbg> zmk: zmk_hid_mouse_movement_set: Mouse movement set to 0/0[0m
[00:01:19.434,692] [0m<inf> exp02_logging: XY 79434 -8355840 -8355840[0m
[00:01:19.434,753] [0m<dbg> zmk: zmk_hid_mouse_movement_set: Mouse movement set to 0/0[0m
[00:01:19.434,783] [0m<dbg> zmk: zmk_hid_mouse_scroll_set: Mouse scroll set to 0/0[0m
[00:01:19.434,814] [0m<dbg> zmk: zmk_hid_mouse_movement_set: Mouse movement set to 0/0[0m
[00:01:19.442,718] [0m<inf> exp02_logging: XY 79442 -3223845 -789579[0m
[00:01:19.442,840] [0m<dbg> zmk: zmk_hid_mouse_movement_set: Mouse movement set to 127/127[0m
[00:01:19.442,871] [0m<dbg> zmk: zmk_hid_mouse_scroll_set: Mouse scroll set to 0/0[0m
[00:01:19.442,901] [0m<dbg> zmk: zmk_hid_mouse_movement_set: Mouse movement set to 0/0[0m
[00:01:19.450,836] [0m<inf> exp02_logging: XY 79450 -8355840 -8355840[0m
[00:01:19.450,927] [0m<dbg> zmk: zmk_hid_mouse_movement_set: Mouse movement set to 0/0[0m
[00:01:19.450,958] [0m<dbg> zmk: zmk_hid_mouse_scroll_set: Mouse scroll set to 0/0[0m
[00:01:19.450,958] [0m<dbg> zmk: zmk_hid_mouse_movement_set: Mouse movement set to 0/0[0m
[00:01:19.458,770] [0m<inf> exp02_logging: XY 79458 -8355840 -4802889[0m
[00:01:19.458,862] [0m<dbg> zmk: zmk_hid_mouse_movement_set: Mouse movement set to 0/127[0m
[00:01:19.458,862] [0m<dbg> zmk: zmk_hid_mouse_scroll_set: Mouse scroll set to 0/0[0m
[00:01:19.458,892] [0m<dbg> zmk: zmk_hid_mouse_movement_set: Mouse movement set to 0/0[0m
[00:01:19.466,796] [0m<inf> exp02_logging: XY 79466 -2171209 -8355840[0m
[00:01:19.466,918] [0m<dbg> zmk: zmk_hid_mouse_movement_set: Mouse movement set to 127/0[0m
[00:01:19.466,949] [0m<dbg> zmk: zmk_hid_mouse_scroll_set: Mouse scroll set to 0/0[0m
[00:01:19.466,949] [0m<dbg> zmk: zmk_hid_mouse_movement_set: Mouse movement set to 0/0[0m
[00:01:19.474,914] [0m<inf> exp02_logging: XY 79474 -8355840 -8355840[0m
[00:01:19.474,975] [0m<dbg> zmk: zmk_hid_mouse_movement_set: Mouse movement set to 0/0[0m
[00:01:19.475,006] [0m<dbg> zmk: zmk_hid_mouse_scroll_set: Mouse scroll set to 0/0[0m
[00:01:19.475,006] [0m<dbg> zmk: zmk_hid_mouse_movement_set: Mouse movement set to 0/0[0m
[00:01:19.482,849] [0m<inf> exp02_logging: XY 79482 -2697533 -921228[0m
[00:01:19.482,971] [0m<dbg> zmk: zmk_hid_mouse_movement_set: Mouse movement set to 127/127[0m
[00:01:19.483,001] [0m<dbg> zmk: zmk_hid_mouse_scroll_set: Mouse scroll set to 0/0[0m
[00:01:19.483,001] [0m<dbg> zmk: zmk_hid_mouse_movement_set: Mouse movement set to 0/0[0m
[00:01:19.490,875] [0m<inf> exp02_logging: XY 79490 -8355840 -8355840[0m
[00:01:19.490,997] [0m<dbg> zmk: zmk_hid_mouse_movement_set: Mouse movement set to 0/0[0m
[00:01:19.491,027] [0m<dbg> zmk: zmk_hid_mouse_scroll_set: Mouse scroll set to 0/0[0m
[00:01:19.491,027] [0m<dbg> zmk: zmk_hid_mouse_movement_set: Mouse movement set to 0/0[0m
[00:01:19.498,992] [0m<inf> exp02_logging: XY 79498 -8355840 -4013448[0m
[00:01:19.499,053] [0m<dbg> zmk: zmk_hid_mouse_movement_set: Mouse movement set to 0/127[0m
[00:01:19.499,084] [0m<dbg> zmk: zmk_hid_mouse_scroll_set: Mouse scroll set to 0/0[0m
[00:01:19.499,084] [0m<dbg> zmk: zmk_hid_mouse_movement_set: Mouse movement set to 0/0[0m
[00:01:19.506,927] [0m<inf> exp02_logging: XY 79506 -2500334 -8355840[0m
[00:01:19.507,049] [0m<dbg> zmk: zmk_hid_mouse_movement_set: Mouse movement set to 127/0[0m
[00:01:19.507,080] [0m<dbg> zmk: zmk_hid_mouse_scroll_set: Mouse scroll set to 0/0[0m
[00:01:19.507,080] [0m<dbg> zmk: zmk_hid_mouse_movement_set: Mouse movement set to 0/0[0m
[00:01:19.514,953] [0m<inf> exp02_logging: XY 79514 -8355840 -8355840[0m
[00:01:19.515,045] [0m<dbg> zmk: zmk_hid_mouse_movement_set: Mouse movement set to 0/0[0m
[00:01:19.515,045] [0m<dbg> zmk: zmk_hid_mouse_scroll_set: Mouse scroll set to 0/0[0m
[00:01:19.515,075] [0m<dbg> zmk: zmk_hid_mouse_movement_set: Mouse movement set to 0/0[0m
[00:01:19.523,071] [0m<inf> exp02_logging: XY 79523 -2039599 -1513255[0m
[00:01:19.523,193] [0m<dbg> zmk: zmk_hid_mouse_movement_set: Mouse movement set to 127/127[0m
[00:01:19.523,223] [0m<dbg> zmk: zmk_hid_mouse_scroll_set: Mouse scroll set to 0/0[0m
[00:01:19.523,223] [0m<dbg> zmk: zmk_hid_mouse_movement_set: Mouse movement set to 0/0[0m
[00:01:19.531,005] [0m<inf> exp02_logging: XY 79531 -8355840 -8355840[0m
[00:01:19.531,127] [0m<dbg> zmk: zmk_hid_mouse_movement_set: Mouse movement set to 0/0[0m
[00:01:19.531,127] [0m<dbg> zmk: zmk_hid_mouse_scroll_set: Mouse scroll set to 0/0[0m
[00:01:19.531,158] [0m<dbg> zmk: zmk_hid_mouse_movement_set: Mouse movement set to 0/0[0m
[00:01:19.539,031] [0m<inf> exp02_logging: XY 79539 -8355840 -3618762[0m
[00:01:19.539,123] [0m<dbg> zmk: zmk_hid_mouse_movement_set: Mouse movement set to 0/127[0m
[00:01:19.539,154] [0m<dbg> zmk: zmk_hid_mouse_scroll_set: Mouse scroll set to 0/0[0m
[00:01:19.539,154] [0m<dbg> zmk: zmk_hid_mouse_movement_set: Mouse movement set to 0/0[0m
[00:01:19.547,149] [0m<inf> exp02_logging: XY 79547 -3092412 -8355840[0m
[00:01:19.547,271] [0m<dbg> zmk: zmk_hid_mouse_movement_set: Mouse movement set to 127/0[0m
[00:01:19.547,271] [0m<dbg> zmk: zmk_hid_mouse_scroll_set: Mouse scroll set to 0/0[0m
[00:01:19.547,302] [0m<dbg> zmk: zmk_hid_mouse_movement_set: Mouse movement set to 0/0[0m
[00:01:19.555,084] [0m<inf> exp02_logging: XY 79555 -8355840 -8355840[0m
[00:01:19.555,145] [0m<dbg> zmk: zmk_hid_mouse_movement_set: Mouse movement set to 0/0[0m
[00:01:19.555,175] [0m<dbg> zmk: zmk_hid_mouse_scroll_set: Mouse scroll set to 0/0[0m
[00:01:19.555,206] [0m<dbg> zmk: zmk_hid_mouse_movement_set: Mouse movement set to 0/0[0m
[00:01:19.563,110] [0m<inf> exp02_logging: XY 79563 -1513270 -1710714[0m
[00:01:19.563,262] [0m<dbg> zmk: zmk_hid_mouse_movement_set: Mouse movement set to 127/127[0m
[00:01:19.563,262] [0m<dbg> zmk: zmk_hid_mouse_scroll_set: Mouse scroll set to 0/0[0m
[00:01:19.563,293] [0m<dbg> zmk: zmk_hid_mouse_movement_set: Mouse movement set to 0/0[0m
[00:01:19.571,228] [0m<inf> exp02_logging: XY 79571 -8355840 -8355840[0m
[00:01:19.571,319] [0m<dbg> zmk: zmk_hid_mouse_movement_set: Mouse movement set to 0/0[0m
[00:01:19.571,350] [0m<dbg> zmk: zmk_hid_mouse_scroll_set: Mouse scroll set to 0/0[0m
[00:01:19.571,350] [0m<dbg> zmk: zmk_hid_mouse_movement_set: Mouse movement set to 0/0[0m
[00:01:19.579,162] [0m<inf> exp02_logging: XY 79579 -8355840 -3092310[0m
[00:01:19.579,254] [0m<dbg> zmk: zmk_hid_mouse_movement_set: Mouse movement set to 0/127[0m
[00:01:19.579,254] [0m<dbg> zmk: zmk_hid_mouse_scroll_set: Mouse scroll set to 0/0[0m
[00:01:19.579,284] [0m<dbg> zmk: zmk_hid_mouse_movement_set: Mouse movement set to 0/0[0m
[00:01:19.587,188] [0m<inf> exp02_logging: XY 79587 -3421325 -8355840[0m
[00:01:19.587,310] [0m<dbg> zmk: zmk_hid_mouse_movement_set: Mouse movement set to 127/0[0m
[00:01:19.587,341] [0m<dbg> zmk: zmk_hid_mouse_scroll_set: Mouse scroll set to 0/0[0m
[00:01:19.587,341] [0m<dbg> zmk: zmk_hid_mouse_movement_set: Mouse movement set to 0/0[0m
[00:01:19.595,306] [0m<inf> exp02_logging: XY 79595 -8355840 -8355840[0m
[00:01:19.595,367] [0m<dbg> zmk: zmk_hid_mouse_movement_set: Mouse movement set to 0/0[0m
[00:01:19.595,397] [0m<dbg> zmk: zmk_hid_mouse_scroll_set: Mouse scroll set to 0/0[0m
[00:01:19.595,397] [0m<dbg> zmk: zmk_hid_mouse_movement_set: Mouse movement set to 0/0[0m
[00:01:19.603,240] [0m<inf> exp02_logging: XY 79603 -921131 -2237042[0m
[00:01:19.603,363] [0m<dbg> zmk: zmk_hid_mouse_movement_set: Mouse movement set to 127/127[0m
[00:01:19.603,393] [0m<dbg> zmk: zmk_hid_mouse_scroll_set: Mouse scroll set to 0/0[0m
[00:01:19.603,393] [0m<dbg> zmk: zmk_hid_mouse_movement_set: Mouse movement set to 0/0[0m
[00:01:19.611,267] [0m<inf> exp02_logging: XY 79611 -8355840 -8355840[0m
[00:01:19.611,389] [0m<dbg> zmk: zmk_hid_mouse_movement_set: Mouse movement set to 0/0[0m
[00:01:19.611,389] [0m<dbg> zmk: zmk_hid_mouse_scroll_set: Mouse scroll set to 0/0[0m
[00:01:19.611,419] [0m<dbg> zmk: zmk_hid_mouse_movement_set: Mouse movement set to 0/0[0m
[00:01:19.619,384] [0m<inf> exp02_logging: XY 79619 -8355840 -2368688[0m
[00:01:19.619,445] [0m<dbg> zmk: zmk_hid_mouse_movement_set: Mouse movement set to 0/127[0m
[00:01:19.619,476] [0m<dbg> zmk: zmk_hid_mouse_scroll_set: Mouse scroll set to 0/0[0m
[00:01:19.619,506] [0m<dbg> zmk: zmk_hid_mouse_movement_set: Mouse movement set to 0/0[0m
[00:01:19.627,319] [0m<inf> exp02_logging: XY 79627 -3881778 -8355840[0m
[00:01:19.627,441] [0m<dbg> zmk: zmk_hid_mouse_movement_set: Mouse movement set to 127/0[0m
[00:01:19.627,471] [0m<dbg> zmk: zmk_hid_mouse_scroll_set: Mouse scroll set to 0/0[0m
[00:01:19.627,471] [0m<dbg> zmk: zmk_hid_mouse_movement_set: Mouse movement set to 0/0[0m
[00:01:19.635,345] [0m<inf> exp02_logging: XY 79635 -8355840 -8355840[0m
[00:01:19.635,437] [0m<dbg> zmk: zmk_hid_mouse_movement_set: Mouse movement set to 0/0[0m
[00:01:19.635,437] [0m<dbg> zmk: zmk_hid_mouse_scroll_set: Mouse scroll set to 0/0[0m
[00:01:19.635,467] [0m<dbg> zmk: zmk_hid_mouse_movement_set: Mouse movement set to 0/0[0m
[00:01:19.643,463] [0m<inf> exp02_logging: XY 79643 -789575 -2697708[0m
[00:01:19.643,585] [0m<dbg> zmk: zmk_hid_mouse_movement_set: Mouse movement set to 127/127[0m
[00:01:19.643,585] [0m<dbg> zmk: zmk_hid_mouse_scroll_set: Mouse scroll set to 0/0[0m
[00:01:19.643,615] [0m<dbg> zmk: zmk_hid_mouse_movement_set: Mouse movement set to 0/0[0m
[00:01:19.651,397] [0m<inf> exp02_logging: XY 79651 -8355840 -8355840[0m
[00:01:19.651,519] [0m<dbg> zmk: zmk_hid_mouse_movement_set: Mouse movement set to 0/0[0m
[00:01:19.651,519] [0m<dbg> zmk: zmk_hid_mouse_scroll_set: Mouse scroll set to 0/0[0m
[00:01:19.651,550] [0m<dbg> zmk: zmk_hid_mouse_movement_set: Mouse movement set to 0/0[0m
[00:01:19.659,423] [0m<inf> exp02_logging: XY 79659 -8355840 -2105448[0m
[00:01:19.659,515] [0m<dbg> zmk: zmk_hid_mouse_movement_set: Mouse movement set to 0/127[0m
[00:01:19.659,545] [0m<dbg> zmk: zmk_hid_mouse_scroll_set: Mouse scroll set to 0/0[0m
[00:01:19.659,545] [0m<dbg> zmk: zmk_hid_mouse_movement_set: Mouse movement set to 0/0[0m
[00:01:19.667,541] [0m<inf> exp02_logging: XY 79667 -4408192 -8355840[0m
[00:01:19.667,663] [0m<dbg> zmk: zmk_hid_mouse_movement_set: Mouse movement set to 127/0[0m
[00:01:19.667,663] [0m<dbg> zmk: zmk_hid_mouse_scroll_set: Mouse scroll set to 0/0[0m
[00:01:19.667,694] [0m<dbg> zmk: zmk_hid_mouse_movement_set: Mouse movement set to 0/0[0m
[00:01:19.675,476] [0m<inf> exp02_logging: XY 79675 -8355840 -8355840[0m
[00:01:19.675,537] [0m<dbg> zmk: zmk_hid_mouse_movement_set: Mouse movement set to 0/0[0m
[00:01:19.675,567] [0m<dbg> zmk: zmk_hid_mouse_scroll_set: Mouse scroll set to 0/0[0m
[00:01:19.675,598] [0m<dbg> zmk: zmk_hid_mouse_movement_set: Mouse movement set to 0/0[0m
[00:01:19.683,502] [0m<inf> exp02_logging: XY 79683 -723909 -3026493[0m
[00:01:19.683,624] [0m<dbg> zmk: zmk_hid_mouse_movement_set: Mouse movement set to 127/127[0m
[00:01:19.683,654] [0m<dbg> zmk: zmk_hid_mouse_scroll_set: Mouse scroll set to 0/0[0m
[00:01:19.683,685] [0m<dbg> zmk: zmk_hid_mouse_movement_set: Mouse movement set to 0/0[0m
[00:01:19.691,619] [0m<inf> exp02_logging: XY 79691 -8355840 -8355840[0m
[00:01:19.691,711] [0m<dbg> zmk: zmk_hid_mouse_movement_set: Mouse movement set to 0/0[0m
[00:01:19.691,741] [0m<dbg> zmk: zmk_hid_mouse_scroll_set: Mouse scroll set to 0/0[0m
[00:01:19.691,772] [0m<dbg> zmk: zmk_hid_mouse_movement_set: Mouse movement set to 0/0[0m
[00:01:19.699,554] [0m<inf> exp02_logging: XY 79699 -8355840 -1513402[0m
[00:01:19.699,645] [0m<dbg> zmk: zmk_hid_mouse_movement_set: Mouse movement set to 0/127[0m
[00:01:19.699,645] [0m<dbg> zmk: zmk_hid_mouse_scroll_set: Mouse scroll set to 0/0[0m
[00:01:19.699,676] [0m<dbg> zmk: zmk_hid_mouse_movement_set: Mouse movement set to 0/0[0m
[00:01:19.707,580] [0m<inf> exp02_logging: XY 79707 -4737232 -8355840[0m
[00:01:19.707,702] [0m<dbg> zmk: zmk_hid_mouse_movement_set: Mouse movement set to 127/0[0m
[00:01:19.707,733] [0m<dbg> zmk: zmk_hid_mouse_scroll_set: Mouse scroll set to 0/0[0m
[00:01:19.707,733] [0m<dbg> zmk: zmk_hid_mouse_movement_set: Mouse movement set to 0/0[0m
[00:01:19.715,698] [0m<inf> exp02_logging: XY 79715 -8355840 -8355840[0m
[00:01:19.715,759] [0m<dbg> zmk: zmk_hid_mouse_movement_set: Mouse movement set to 0/0[0m
[00:01:19.715,789] [0m<dbg> zmk: zmk_hid_mouse_scroll_set: Mouse scroll set to 0/0[0m
[00:01:19.715,789] [0m<dbg> zmk: zmk_hid_mouse_movement_set: Mouse movement set to 0/0[0m
[00:01:19.723,632] [0m<inf> exp02_logging: XY 79723 -658146 -3487159[0m
[00:01:19.723,754] [0m<dbg> zmk: zmk_hid_mouse_movement_set: Mouse movement set to 127/127[0m
[00:01:19.723,785] [0m<dbg> zmk: zmk_hid_mouse_scroll_set: Mouse scroll set to 0/0[0m
[00:01:19.723,785] [0m<dbg> zmk: zmk_hid_mouse_movement_set: Mouse movement set to 0/0[0m
[00:01:19.731,658] [0m<inf> exp02_logging: XY 79731 -8355840 -8355840[0m
[00:01:19.731,781] [0m<dbg> zmk: zmk_hid_mouse_movement_set: Mouse movement set to 0/0[0m
[00:01:19.731,811] [0m<dbg> zmk: zmk_hid_mouse_scroll_set: Mouse scroll set to 0/0[0m
[00:01:19.731,811] [0m<dbg> zmk: zmk_hid_mouse_movement_set: Mouse movement set to 0/0[0m
[00:01:19.739,776] [0m<inf> exp02_logging: XY 79739 -8355840 -987117[0m
[00:01:19.739,837] [0m<dbg> zmk: zmk_hid_mouse_movement_set: Mouse movement set to 0/127[0m
[00:01:19.739,868] [0m<dbg> zmk: zmk_hid_mouse_scroll_set: Mouse scroll set to 0/0[0m
[00:01:19.739,898] [0m<dbg> zmk: zmk_hid_mouse_movement_set: Mouse movement set to 0/0[0m
[00:01:19.747,711] [0m<inf> exp02_logging: XY 79747 -5460764 -8355840[0m
[00:01:19.747,833] [0m<dbg> zmk: zmk_hid_mouse_movement_set: Mouse movement set to 127/0[0m
[00:01:19.747,863] [0m<dbg> zmk: zmk_hid_mouse_scroll_set: Mouse scroll set to 0/0[0m
[00:01:19.747,863] [0m<dbg> zmk: zmk_hid_mouse_movement_set: Mouse movement set to 0/0[0m
[00:01:19.755,737] [0m<inf> exp02_logging: XY 79755 -8355840 -8355840[0m
[00:01:19.755,828] [0m<dbg> zmk: zmk_hid_mouse_movement_set: Mouse movement set to 0/0[0m
[00:01:19.755,828] [0m<dbg> zmk: zmk_hid_mouse_scroll_set: Mouse scroll set to 0/0[0m
[00:01:19.755,859] [0m<dbg> zmk: zmk_hid_mouse_movement_set: Mouse movement set to 0/0[0m
[00:01:19.763,854] [0m<inf> exp02_logging: XY 79763 -657932 -4145112[0m
[00:01:19.763,977] [0m<dbg> zmk: zmk_hid_mouse_movement_set: Mouse movement set to 127/127[0m
[00:01:19.763,977] [0m<dbg> zmk: zmk_hid_mouse_scroll_set: Mouse scroll set to 0/0[0m
[00:01:19.764,007] [0m<dbg> zmk: zmk_hid_mouse_movement_set: Mouse movement set to 0/0[0m
[00:01:19.771,789] [0m<inf> exp02_logging: XY 79771 -8355840 -8355840[0m
[00:01:19.771,911] [0m<dbg> zmk: zmk_hid_mouse_movement_set: Mouse movement set to 0/0[0m
[00:01:19.771,911] [0m<dbg> zmk: zmk_hid_mouse_scroll_set: Mouse scroll set to 0/0[0m
[00:01:19.771,942] [0m<dbg> zmk: zmk_hid_mouse_movement_set: Mouse movement set to 0/0[0m
[00:01:19.779,815] [0m<inf> exp02_logging: XY 79779 -8355840 -921244[0m
[00:01:19.779,907] [0m<dbg> zmk: zmk_hid_mouse_movement_set: Mouse movement set to 0/127[0m
[00:01:19.779,937] [0m<dbg> zmk: zmk_hid_mouse_scroll_set: Mouse scroll set to 0/0[0m
[00:01:19.779,937] [0m<dbg> zmk: zmk_hid_mouse_movement_set: Mouse movement set to 0/0[0m
[00:01:19.787,933] [0m<inf> exp02_logging: XY 79787 -5789933 -8355840[0m
[00:01:19.788,055] [0m<dbg> zmk: zmk_hid_mouse_movement_set: Mouse movement set to 127/0[0m
[00:01:19.788,055] [0m<dbg> zmk: zmk_hid_mouse_scroll_set: Mouse scroll set to 0/0[0m
[00:01:19.788,085] [0m<dbg> zmk: zmk_hid_mouse_movement_set: Mouse movement set to 0/0[0m
[00:01:19.795,867] [0m<inf> exp02_logging: XY 79795 -8355840 -8355840[0m
[00:01:19.795,959] [0m<dbg> zmk: zmk_hid_mouse_movement_set: Mouse movement set to 0/0[0m
[00:01:19.795,959] [0m<dbg> zmk: zmk_hid_mouse_scroll_set: Mouse scroll set to 0/0[0m
[00:01:19.795,989] [0m<dbg> zmk: zmk_hid_mouse_movement_set: Mouse movement set to 0/0[0m
[00:01:19.803,894] [0m<inf> exp02_logging: XY 79803 -592332 -4408277[0m
[00:01:19.804,046] [0m<dbg> zmk: zmk_hid_mouse_movement_set: Mouse movement set to 127/127[0m
[00:01:19.804,046] [0m<dbg> zmk: zmk_hid_mouse_scroll_set: Mouse scroll set to 0/0[0m
[00:01:19.804,077] [0m<dbg> zmk: zmk_hid_mouse_movement_set: Mouse movement set to 0/0[0m
[00:01:19.812,011] [0m<inf> exp02_logging: XY 79811 -8355840 -8355840[0m
[00:01:19.812,103] [0m<dbg> zmk: zmk_hid_mouse_movement_set: Mouse movement set to 0/0[0m
[00:01:19.812,133] [0m<dbg> zmk: zmk_hid_mouse_scroll_set: Mouse scroll set to 0/0[0m
[00:01:19.812,133] [0m<dbg> zmk: zmk_hid_mouse_movement_set: Mouse movement set to 0/0[0m
[00:01:19.819,946] [0m<inf> exp02_logging: XY 79819 -8355806 -855518[0m
[00:01:19.820,037] [0m<dbg> zmk: zmk_hid_mouse_movement_set: Mouse movement set to 0/127[0m
[00:01:19.820,068] [0m<dbg> zmk: zmk_hid_mouse_scroll_set: Mouse scroll set to 0/0[0m
[00:01:19.820,068] [0m<dbg> zmk: zmk_hid_mouse_movement_set: Mouse movement set to 0/0[0m
[00:01:19.827,972] [0m<inf> exp02_logging: XY 79827 -6316049 -8355840[0m
[00:01:19.828,094] [0m<dbg> zmk: zmk_hid_mouse_movement_set: Mouse movement set to 127/0[0m
[00:01:19.828,125] [0m<dbg> zmk: zmk_hid_mouse_scroll_set: Mouse scroll set to 0/0[0m
[00:01:19.828,125] [0m<dbg> zmk: zmk_hid_mouse_movement_set: Mouse movement set to 0/0[0m
[00:01:19.836,090] [0m<inf> exp02_logging: XY 79836 -8355840 -8355840[0m
[00:01:19.836,151] [0m<dbg> zmk: zmk_hid_mouse_movement_set: Mouse movement set to 0/0[0m
[00:01:19.836,181] [0m<dbg> zmk: zmk_hid_mouse_scroll_set: Mouse scroll set to 0/0[0m
[00:01:19.836,181] [0m<dbg> zmk: zmk_hid_mouse_movement_set: Mouse movement set to 0/0[0m
[00:01:19.844,024] [0m<inf> exp02_logging: XY 79844 -592218 -5066230[0m
[00:01:19.844,146] [0m<dbg> zmk: zmk_hid_mouse_movement_set: Mouse movement set to 127/127[0m
[00:01:19.844,177] [0m<dbg> zmk: zmk_hid_mouse_scroll_set: Mouse scroll set to 0/0[0m
[00:01:19.844,177] [0m<dbg> zmk: zmk_hid_mouse_movement_set: Mouse movement set to 0/0[0m
[00:01:19.852,050] [0m<inf> exp02_logging: XY 79852 -8355840 -8355840[0m
[00:01:19.852,172] [0m<dbg> zmk: zmk_hid_mouse_movement_set: Mouse movement set to 0/0[0m
[00:01:19.852,203] [0m<dbg> zmk: zmk_hid_mouse_scroll_set: Mouse scroll set to 0/0[0m
[00:01:19.852,203] [0m<dbg> zmk: zmk_hid_mouse_movement_set: Mouse movement set to 0/0[0m
[00:01:19.860,168] [0m<inf> exp02_logging: XY 79860 -8026838 -789709[0m
[00:01:19.860,290] [0m<dbg> zmk: zmk_hid_mouse_movement_set: Mouse movement set to 63/127[0m
[00:01:19.860,321] [0m<dbg> zmk: zmk_hid_mouse_scroll_set: Mouse scroll set to 0/0[0m
[00:01:19.860,321] [0m<dbg> zmk: zmk_hid_mouse_movement_set: Mouse movement set to 0/0[0m
[00:01:19.868,103] [0m<inf> exp02_logging: XY 79868 -6579298 -8355840[0m
[00:01:19.868,225] [0m<dbg> zmk: zmk_hid_mouse_movement_set: Mouse movement set to 127/0[0m
[00:01:19.868,255] [0m<dbg> zmk: zmk_hid_mouse_scroll_set: Mouse scroll set to 0/0[0m
[00:01:19.868,255] [0m<dbg> zmk: zmk_hid_mouse_movement_set: Mouse movement set to 0/0[0m
[00:01:19.876,129] [0m<inf> exp02_logging: XY 79876 -8355840 -8355840[0m
[00:01:19.876,220] [0m<dbg> zmk: zmk_hid_mouse_movement_set: Mouse movement set to 0/0[0m
[00:01:19.876,220] [0m<dbg> zmk: zmk_hid_mouse_scroll_set: Mouse scroll set to 0/0[0m
[00:01:19.876,251] [0m<dbg> zmk: zmk_hid_mouse_movement_set: Mouse movement set to 0/0[0m
[00:01:19.884,246] [0m<inf> exp02_logging: XY 79884 -592318 -5658180[0m
[00:01:19.884,368] [0m<dbg> zmk: zmk_hid_mouse_movement_set: Mouse movement set to 127/127[0m
[00:01:19.884,368] [0m<dbg> zmk: zmk_hid_mouse_scroll_set: Mouse scroll set to 0/0[0m
[00:01:19.884,399] [0m<dbg> zmk: zmk_hid_mouse_movement_set: Mouse movement set to 0/0[0m
[00:01:19.892,181] [0m<inf> exp02_logging: XY 79892 -8355840 -8355840[0m
[00:01:19.892,303] [0m<dbg> zmk: zmk_hid_mouse_movement_set: Mouse movement set to 0/0[0m
[00:01:19.892,303] [0m<dbg> zmk: zmk_hid_mouse_scroll_set: Mouse scroll set to 0/0[0m
[00:01:19.892,333] [0m<dbg> zmk: zmk_hid_mouse_movement_set: Mouse movement set to 0/0[0m
[00:01:19.900,207] [0m<inf> exp02_logging: XY 79900 -7895071 -789673[0m
[00:01:19.900,360] [0m<dbg> zmk: zmk_hid_mouse_movement_set: Mouse movement set to 89/127[0m
[00:01:19.900,360] [0m<dbg> zmk: zmk_hid_mouse_scroll_set: Mouse scroll set to 0/0[0m
[00:01:19.900,390] [0m<dbg> zmk: zmk_hid_mouse_movement_set: Mouse movement set to 0/0[0m
[00:01:19.908,325] [0m<inf> exp02_logging: XY 79908 -7237124 -8355840[0m
[00:01:19.908,447] [0m<dbg> zmk: zmk_hid_mouse_movement_set: Mouse movement set to 127/0[0m
[00:01:19.908,447] [0m<dbg> zmk: zmk_hid_mouse_scroll_set: Mouse scroll set to 0/0[0m
[00:01:19.908,477] [0m<dbg> zmk: zmk_hid_mouse_movement_set: Mouse movement set to 0/0[0m
[00:01:19.916,259] [0m<inf> exp02_logging: XY 79916 -8355840 -8355840[0m
[00:01:19.916,320] [0m<dbg> zmk: zmk_hid_mouse_movement_set: Mouse movement set to 0/0[0m
[00:01:19.916,351] [0m<dbg> zmk: zmk_hid_mouse_scroll_set: Mouse scroll set to 0/0[0m
[00:01:19.916,381] [0m<dbg> zmk: zmk_hid_mouse_movement_set: Mouse movement set to 0/0[0m
[00:01:19.924,285] [0m<inf> exp02_logging: XY 79924 -592268 -5921387[0m
[00:01:19.924,438] [0m<dbg> zmk: zmk_hid_mouse_movement_set: Mouse movement set to 127/127[0m
[00:01:19.924,438] [0m<dbg> zmk: zmk_hid_mouse_scroll_set: Mouse scroll set to 0/0[0m
[00:01:19.924,468] [0m<dbg> zmk: zmk_hid_mouse_movement_set: Mouse movement set to 0/0[0m
[00:01:19.932,403] [0m<inf> exp02_logging: XY 79932 -8355840 -8355840[0m
[00:01:19.932,495] [0m<dbg> zmk: zmk_hid_mouse_movement_set: Mouse movement set to 0/0[0m
[00:01:19.932,525] [0m<dbg> zmk: zmk_hid_mouse_scroll_set: Mouse scroll set to 0/0[0m
[00:01:19.932,525] [0m<dbg> zmk: zmk_hid_mouse_movement_set: Mouse movement set to 0/0[0m
[00:01:19.940,338] [0m<inf> exp02_logging: XY 79940 -7631892 -789676[0m
[00:01:19.940,460] [0m<dbg> zmk: zmk_hid_mouse_movement_set: Mouse movement set to 127/127[0m
[00:01:19.940,490] [0m<dbg> zmk: zmk_hid_mouse_scroll_set: Mouse scroll set to 0/0[0m
[00:01:19.940,490] [0m<dbg> zmk: zmk_hid_mouse_movement_set: Mouse movement set to 0/0[0m
[00:01:19.948,364] [0m<inf> exp02_logging: XY 79948 -7368749 -8355840[0m
[00:01:19.948,455] [0m<dbg> zmk: zmk_hid_mouse_movement_set: Mouse movement set to 0/0[0m
[00:01:19.948,486] [0m<dbg> zmk: zmk_hid_mouse_scroll_set: Mouse scroll set to 0/0[0m
[00:01:19.948,486] [0m<dbg> zmk: zmk_hid_mouse_movement_set: Mouse movement set to 0/0[0m
[00:01:19.956,481] [0m<inf> exp02_logging: XY 79956 -8355840 -8355840[0m
[00:01:19.956,542] [0m<dbg> zmk: zmk_hid_mouse_movement_set: Mouse movement set to 0/0[0m
[00:01:19.956,573] [0m<dbg> zmk: zmk_hid_mouse_scroll_set: Mouse scroll set to 0/0[0m
[00:01:19.956,573] [0m<dbg> zmk: zmk_hid_mouse_movement_set: Mouse movement set to 0/0[0m
[00:01:19.964,416] [0m<inf> exp02_logging: XY 79964 -592144 -6382053[0m
[00:01:19.964,538] [0m<dbg> zmk: zmk_hid_mouse_movement_set: Mouse movement set to 127/127[0m
[00:01:19.964,569] [0m<dbg> zmk: zmk_hid_mouse_scroll_set: Mouse scroll set to 0/0[0m
[00:01:19.964,569] [0m<dbg> zmk: zmk_hid_mouse_movement_set: Mouse movement set to 0/0[0m
[00:01:19.972,442] [0m<inf> exp02_logging: XY 79972 -8355840 -8355840[0m
[00:01:19.972,564] [0m<dbg> zmk: zmk_hid_mouse_movement_set: Mouse movement set to 0/0[0m
[00:01:19.972,564] [0m<dbg> zmk: zmk_hid_mouse_scroll_set: Mouse scroll set to 0/0[0m
[00:01:19.972,595] [0m<dbg> zmk: zmk_hid_mouse_movement_set: Mouse movement set to 0/0[0m
[00:01:19.980,560] [0m<inf> exp02_logging: XY 79980 -7303105 -855459[0m
[00:01:19.980,682] [0m<dbg> zmk: zmk_hid_mouse_movement_set: Mouse movement set to 127/127[0m
[00:01:19.980,682] [0m<dbg> zmk: zmk_hid_mouse_scroll_set: Mouse scroll set to 0/0[0m
[00:01:19.980,712] [0m<dbg> zmk: zmk_hid_mouse_movement_set: Mouse movement set to 0/0[0m
[00:01:19.988,494] [0m<inf> exp02_logging: XY 79988 -8355658 -8355840[0m
[00:01:19.988,616] [0m<dbg> zmk: zmk_hid_mouse_movement_set: Mouse movement set to 0/0[0m
[00:01:19.988,647] [0m<dbg> zmk: zmk_hid_mouse_scroll_set: Mouse scroll set to 0/0[0m
[00:01:19.988,647] [0m<dbg> zmk: zmk_hid_mouse_movement_set: Mouse movement set to 0/0[0m
[00:01:19.996,520] [0m<inf> exp02_logging: XY 79996 -8355840 -8355840[0m
[00:01:20.004,638] [0m<inf> exp02_logging: XY 80004 -592380 -6711008[0m
[00:01:20.004,760] [0m<dbg> zmk: zmk_hid_mouse_movement_set: Mouse movement set to 127/127[0m
[00:01:20.004,760] [0m<dbg> zmk: zmk_hid_mouse_scroll_set: Mouse scroll set to 0/0[0m
[00:01:20.004,791] [0m<dbg> zmk: zmk_hid_mouse_movement_set: Mouse movement set to 0/0[0m
[00:01:20.012,603] [0m<inf> exp02_logging: XY 80012 -8355840 -8355840[0m
[00:01:20.012,725] [0m<dbg> zmk: zmk_hid_mouse_movement_set: Mouse movement set to 0/0[0m
[00:01:20.012,725] [0m<dbg> zmk: zmk_hid_mouse_scroll_set: Mouse scroll set to 0/0[0m
[00:01:20.012,756] [0m<dbg> zmk: zmk_hid_mouse_movement_set: Mouse movement set to 0/0[0m
[00:01:20.020,690] [0m<inf> exp02_logging: XY 80020 -7171508 -855482[0m
[00:01:20.020,812] [0m<dbg> zmk: zmk_hid_mouse_movement_set: Mouse movement set to 127/127[0m
[00:01:20.020,812] [0m<dbg> zmk: zmk_hid_mouse_scroll_set: Mouse scroll set to 0/0[0m
[00:01:20.020,843] [0m<dbg> zmk: zmk_hid_mouse_movement_set: Mouse movement set to 0/0[0m
[00:01:20.028,625] [0m<inf> exp02_logging: XY 80028 -8355840 -8355840[0m
[00:01:20.028,747] [0m<dbg> zmk: zmk_hid_mouse_movement_set: Mouse movement set to 0/0[0m
[00:01:20.028,747] [0m<dbg> zmk: zmk_hid_mouse_scroll_set: Mouse scroll set to 0/0[0m
[00:01:20.028,778] [0m<dbg> zmk: zmk_hid_mouse_movement_set: Mouse movement set to 0/0[0m
[00:01:20.036,651] [0m<inf> exp02_logging: XY 80036 -8355840 -8355840[0m
[00:01:20.044,769] [0m<inf> exp02_logging: XY 80044 -657967 -7171333[0m
[00:01:20.044,891] [0m<dbg> zmk: zmk_hid_mouse_movement_set: Mouse movement set to 127/127[0m
[00:01:20.044,921] [0m<dbg> zmk: zmk_hid_mouse_scroll_set: Mouse scroll set to 0/0[0m
[00:01:20.044,921] [0m<dbg> zmk: zmk_hid_mouse_movement_set: Mouse movement set to 0/0[0m
[00:01:20.052,734] [0m<inf> exp02_logging: XY 80052 -8355840 -8355840[0m
[00:01:20.052,856] [0m<dbg> zmk: zmk_hid_mouse_movement_set: Mouse movement set to 0/0[0m
[00:01:20.052,856] [0m<dbg> zmk: zmk_hid_mouse_scroll_set: Mouse scroll set to 0/0[0m
[00:01:20.052,886] [0m<dbg> zmk: zmk_hid_mouse_movement_set: Mouse movement set to 0/0[0m
[00:01:20.060,821] [0m<inf> exp02_logging: XY 80060 -6908306 -855333[0m
[00:01:20.060,943] [0m<dbg> zmk: zmk_hid_mouse_movement_set: Mouse movement set to 127/127[0m
[00:01:20.060,974] [0m<dbg> zmk: zmk_hid_mouse_scroll_set: Mouse scroll set to 0/0[0m
[00:01:20.060,974] [0m<dbg> zmk: zmk_hid_mouse_movement_set: Mouse movement set to 0/0[0m
[00:01:20.068,756] [0m<inf> exp02_logging: XY 80068 -8355840 -8355840[0m
[00:01:20.068,878] [0m<dbg> zmk: zmk_hid_mouse_movement_set: Mouse movement set to 0/0[0m
[00:01:20.068,878] [0m<dbg> zmk: zmk_hid_mouse_scroll_set: Mouse scroll set to 0/0[0m
[00:01:20.068,908] [0m<dbg> zmk: zmk_hid_mouse_movement_set: Mouse movement set to 0/0[0m
[00:01:20.076,782] [0m<inf> exp02_logging: XY 80076 -8355840 -8355840[0m
[00:01:20.084,899] [0m<inf> exp02_logging: XY 80084 -658071 -8289910[0m
[00:01:20.085,021] [0m<dbg> zmk: zmk_hid_mouse_movement_set: Mouse movement set to 127/12[0m
[00:01:20.085,052] [0m<dbg> zmk: zmk_hid_mouse_scroll_set: Mouse scroll set to 0/0[0m
[00:01:20.085,052] [0m<dbg> zmk: zmk_hid_mouse_movement_set: Mouse movement set to 0/0[0m
[00:01:20.092,864] [0m<inf> exp02_logging: XY 80092 -8355840 -8355840[0m
[00:01:20.092,987] [0m<dbg> zmk: zmk_hid_mouse_movement_set: Mouse movement set to 0/0[0m
[00:01:20.092,987] [0m<dbg> zmk: zmk_hid_mouse_scroll_set: Mouse scroll set to 0/0[0m
[00:01:20.093,017] [0m<dbg> zmk: zmk_hid_mouse_movement_set: Mouse movement set to 0/0[0m
[00:01:20.100,952] [0m<inf> exp02_logging: XY 80100 -6710892 -855345[0m
[00:01:20.101,074] [0m<dbg> zmk: zmk_hid_mouse_movement_set: Mouse movement set to 127/127[0m
[00:01:20.101,104] [0m<dbg> zmk: zmk_hid_mouse_scroll_set: Mouse scroll set to 0/0[0m
[00:01:20.101,104] [0m<dbg> zmk: zmk_hid_mouse_movement_set: Mouse movement set to 0/0[0m
[00:01:20.108,886] [0m<inf> exp02_logging: XY 80108 -8355840 -8355840[0m
[00:01:20.109,008] [0m<dbg> zmk: zmk_hid_mouse_movement_set: Mouse movement set to 0/0[0m
[00:01:20.109,008] [0m<dbg> zmk: zmk_hid_mouse_scroll_set: Mouse scroll set to 0/0[0m
[00:01:20.109,039] [0m<dbg> zmk: zmk_hid_mouse_movement_set: Mouse movement set to 0/0[0m
[00:01:20.116,912] [0m<inf> exp02_logging: XY 80116 -8355840 -8355840[0m
[00:01:20.125,030] [0m<inf> exp02_logging: XY 80125 -658094 -8355828[0m
[00:01:20.125,122] [0m<dbg> zmk: zmk_hid_mouse_movement_set: Mouse movement set to 127/0[0m
[00:01:20.125,122] [0m<dbg> zmk: zmk_hid_mouse_scroll_set: Mouse scroll set to 0/0[0m
[00:01:20.125,152] [0m<dbg> zmk: zmk_hid_mouse_movement_set: Mouse movement set to 0/0[0m
[00:01:20.132,995] [0m<inf> exp02_logging: XY 80132 -8355840 -8355840[0m
[00:01:20.133,056] [0m<dbg> zmk: zmk_hid_mouse_movement_set: Mouse movement set to 0/0[0m
[00:01:20.133,087] [0m<dbg> zmk: zmk_hid_mouse_scroll_set: Mouse scroll set to 0/0[0m
[00:01:20.133,117] [0m<dbg> zmk: zmk_hid_mouse_movement_set: Mouse movement set to 0/0[0m
[00:01:20.141,082] [0m<inf> exp02_logging: XY 80141 -6381918 -855361[0m
[00:01:20.141,204] [0m<dbg> zmk: zmk_hid_mouse_movement_set: Mouse movement set to 127/127[0m
[00:01:20.141,204] [0m<dbg> zmk: zmk_hid_mouse_scroll_set: Mouse scroll set to 0/0[0m
[00:01:20.141,235] [0m<dbg> zmk: zmk_hid_mouse_movement_set: Mouse movement set to 0/0[0m
[00:01:20.149,017] [0m<inf> exp02_logging: XY 80149 -8355840 -8355840[0m
[00:01:20.149,139] [0m<dbg> zmk: zmk_hid_mouse_movement_set: Mouse movement set to 0/0[0m
[00:01:20.149,139] [0m<dbg> zmk: zmk_hid_mouse_scroll_set: Mouse scroll set to 0/0[0m
[00:01:20.149,169] [0m<dbg> zmk: zmk_hid_mouse_movement_set: Mouse movement set to 0/0[0m
[00:01:20.157,043] [0m<inf> exp02_logging: XY 80157 -8355840 -8355756[0m
[00:01:20.165,161] [0m<inf> exp02_logging: XY 80165 -658167 -8355840[0m
[00:01:20.165,222] [0m<dbg> zmk: zmk_hid_mouse_movement_set: Mouse movement set to 127/0[0m
[00:01:20.165,252] [0m<dbg> zmk: zmk_hid_mouse_scroll_set: Mouse scroll set to 0/0[0m
[00:01:20.165,252] [0m<dbg> zmk: zmk_hid_mouse_movement_set: Mouse movement set to 0/0[0m
[00:01:20.173,126] [0m<inf> exp02_logging: XY 80173 -8355840 -8355840[0m
[00:01:20.173,187] [0m<dbg> zmk: zmk_hid_mouse_movement_set: Mouse movement set to 0/0[0m
[00:01:20.173,217] [0m<dbg> zmk: zmk_hid_mouse_scroll_set: Mouse scroll set to 0/0[0m
[00:01:20.173,217] [0m<dbg> zmk: zmk_hid_mouse_movement_set: Mouse movement set to 0/0[0m
[00:01:20.181,213] [0m<inf> exp02_logging: XY 80181 -6052877 -855345[0m
[00:01:20.181,335] [0m<dbg> zmk: zmk_hid_mouse_movement_set: Mouse movement set to 127/127[0m
[00:01:20.181,335] [0m<dbg> zmk: zmk_hid_mouse_scroll_set: Mouse scroll set to 0/0[0m
[00:01:20.181,365] [0m<dbg> zmk: zmk_hid_mouse_movement_set: Mouse movement set to 0/0[0m
[00:01:20.189,147] [0m<inf> exp02_logging: XY 80189 -8355840 -8355840[0m
[00:01:20.189,270] [0m<dbg> zmk: zmk_hid_mouse_movement_set: Mouse movement set to 0/0[0m
[00:01:20.189,270] [0m<dbg> zmk: zmk_hid_mouse_scroll_set: Mouse scroll set to 0/0[0m
[00:01:20.189,300] [0m<dbg> zmk: zmk_hid_mouse_movement_set: Mouse movement set to 0/0[0m
[00:01:20.197,174] [0m<inf> exp02_logging: XY 80197 -8355840 -8224152[0m
[00:01:20.197,265] [0m<dbg> zmk: zmk_hid_mouse_movement_set: Mouse movement set to 0/25[0m
[00:01:20.197,296] [0m<dbg> zmk: zmk_hid_mouse_scroll_set: Mouse scroll set to 0/0[0m
[00:01:20.197,296] [0m<dbg> zmk: zmk_hid_mouse_movement_set: Mouse movement set to 0/0[0m
[00:01:20.205,291] [0m<inf> exp02_logging: XY 80205 -723735 -8355840[0m
[00:01:20.205,413] [0m<dbg> zmk: zmk_hid_mouse_movement_set: Mouse movement set to 127/0[0m
[00:01:20.205,413] [0m<dbg> zmk: zmk_hid_mouse_scroll_set: Mouse scroll set to 0/0[0m
[00:01:20.205,444] [0m<dbg> zmk: zmk_hid_mouse_movement_set: Mouse movement set to 0/0[0m
[00:01:20.213,226] [0m<inf> exp02_logging: XY 80213 -8355840 -8355840[0m
[00:01:20.213,287] [0m<dbg> zmk: zmk_hid_mouse_movement_set: Mouse movement set to 0/0[0m
[00:01:20.213,317] [0m<dbg> zmk: zmk_hid_mouse_scroll_set: Mouse scroll set to 0/0[0m
[00:01:20.213,348] [0m<dbg> zmk: zmk_hid_mouse_movement_set: Mouse movement set to 0/0[0m
[00:01:20.221,252] [0m<inf> exp02_logging: XY 80221 -5789931 -855450[0m
[00:01:20.221,405] [0m<dbg> zmk: zmk_hid_mouse_movement_set: Mouse movement set to 127/127[0m
[00:01:20.221,405] [0m<dbg> zmk: zmk_hid_mouse_scroll_set: Mouse scroll set to 0/0[0m
[00:01:20.221,435] [0m<dbg> zmk: zmk_hid_mouse_movement_set: Mouse movement set to 0/0[0m
[00:01:20.229,370] [0m<inf> exp02_logging: XY 80229 -8355840 -8355840[0m
[00:01:20.229,461] [0m<dbg> zmk: zmk_hid_mouse_movement_set: Mouse movement set to 0/0[0m
[00:01:20.229,492] [0m<dbg> zmk: zmk_hid_mouse_scroll_set: Mouse scroll set to 0/0[0m
[00:01:20.229,492] [0m<dbg> zmk: zmk_hid_mouse_movement_set: Mouse movement set to 0/0[0m
[00:01:20.237,304] [0m<inf> exp02_logging: XY 80237 -8355840 -7961066[0m
[00:01:20.237,396] [0m<dbg> zmk: zmk_hid_mouse_movement_set: Mouse movement set to 0/76[0m
[00:01:20.237,396] [0m<dbg> zmk: zmk_hid_mouse_scroll_set: Mouse scroll set to 0/0[0m
[00:01:20.237,426] [0m<dbg> zmk: zmk_hid_mouse_movement_set: Mouse movement set to 0/0[0m
[00:01:20.245,330] [0m<inf> exp02_logging: XY 80245 -789706 -8355840[0m
[00:01:20.245,452] [0m<dbg> zmk: zmk_hid_mouse_movement_set: Mouse movement set to 127/0[0m
[00:01:20.245,483] [0m<dbg> zmk: zmk_hid_mouse_scroll_set: Mouse scroll set to 0/0[0m
[00:01:20.245,483] [0m<dbg> zmk: zmk_hid_mouse_movement_set: Mouse movement set to 0/0[0m
[00:01:20.253,448] [0m<inf> exp02_logging: XY 80253 -8355840 -8355840[0m
[00:01:20.253,509] [0m<dbg> zmk: zmk_hid_mouse_movement_set: Mouse movement set to 0/0[0m
[00:01:20.253,540] [0m<dbg> zmk: zmk_hid_mouse_scroll_set: Mouse scroll set to 0/0[0m
[00:01:20.253,540] [0m<dbg> zmk: zmk_hid_mouse_movement_set: Mouse movement set to 0/0[0m
[00:01:20.261,383] [0m<inf> exp02_logging: XY 80261 -5395155 -789695[0m
[00:01:20.261,505] [0m<dbg> zmk: zmk_hid_mouse_movement_set: Mouse movement set to 127/127[0m
[00:01:20.261,535] [0m<dbg> zmk: zmk_hid_mouse_scroll_set: Mouse scroll set to 0/0[0m
[00:01:20.261,535] [0m<dbg> zmk: zmk_hid_mouse_movement_set: Mouse movement set to 0/0[0m
[00:01:20.269,409] [0m<inf> exp02_logging: XY 80269 -8355840 -8355840[0m
[00:01:20.269,531] [0m<dbg> zmk: zmk_hid_mouse_movement_set: Mouse movement set to 0/0[0m
[00:01:20.269,561] [0m<dbg> zmk: zmk_hid_mouse_scroll_set: Mouse scroll set to 0/0[0m
[00:01:20.269,561] [0m<dbg> zmk: zmk_hid_mouse_movement_set: Mouse movement set to 0/0[0m
[00:01:20.277,526] [0m<inf> exp02_logging: XY 80277 -8355840 -7697721[0m
[00:01:20.277,587] [0m<dbg> zmk: zmk_hid_mouse_movement_set: Mouse movement set to 0/127[0m
[00:01:20.277,618] [0m<dbg> zmk: zmk_hid_mouse_scroll_set: Mouse scroll set to 0/0[0m
[00:01:20.277,618] [0m<dbg> zmk: zmk_hid_mouse_movement_set: Mouse movement set to 0/0[0m
[00:01:20.285,461] [0m<inf> exp02_logging: XY 80285 -1315882 -8355840[0m
[00:01:20.285,583] [0m<dbg> zmk: zmk_hid_mouse_movement_set: Mouse movement set to 127/0[0m
[00:01:20.285,614] [0m<dbg> zmk: zmk_hid_mouse_scroll_set: Mouse scroll set to 0/0[0m
[00:01:20.285,614] [0m<dbg> zmk: zmk_hid_mouse_movement_set: Mouse movement set to 0/0[0m
[00:01:20.293,487] [0m<inf> exp02_logging: XY 80293 -8355840 -8355840[0m
[00:01:20.293,579] [0m<dbg> zmk: zmk_hid_mouse_movement_set: Mouse movement set to 0/0[0m
[00:01:20.293,579] [0m<dbg> zmk: zmk_hid_mouse_scroll_set: Mouse scroll set to 0/0[0m
[00:01:20.293,609] [0m<dbg> zmk: zmk_hid_mouse_movement_set: Mouse movement set to 0/0[0m
[00:01:20.301,605] [0m<inf> exp02_logging: XY 80301 -5000221 -789742[0m
[00:01:20.301,727] [0m<dbg> zmk: zmk_hid_mouse_movement_set: Mouse movement set to 127/127[0m
[00:01:20.301,757] [0m<dbg> zmk: zmk_hid_mouse_scroll_set: Mouse scroll set to 0/0[0m
[00:01:20.301,757] [0m<dbg> zmk: zmk_hid_mouse_movement_set: Mouse movement set to 0/0[0m
[00:01:20.309,539] [0m<inf> exp02_logging: XY 80309 -8355840 -8355840[0m
[00:01:20.309,661] [0m<dbg> zmk: zmk_hid_mouse_movement_set: Mouse movement set to 0/0[0m
[00:01:20.309,661] [0m<dbg> zmk: zmk_hid_mouse_scroll_set: Mouse scroll set to 0/0[0m
[00:01:20.309,692] [0m<dbg> zmk: zmk_hid_mouse_movement_set: Mouse movement set to 0/0[0m
[00:01:20.317,565] [0m<inf> exp02_logging: XY 80317 -8355840 -7566317[0m
[00:01:20.317,657] [0m<dbg> zmk: zmk_hid_mouse_movement_set: Mouse movement set to 0/127[0m
[00:01:20.317,687] [0m<dbg> zmk: zmk_hid_mouse_scroll_set: Mouse scroll set to 0/0[0m
[00:01:20.317,687] [0m<dbg> zmk: zmk_hid_mouse_movement_set: Mouse movement set to 0/0[0m
[00:01:20.325,683] [0m<inf> exp02_logging: XY 80325 -1842253 -8355840[0m
[00:01:20.325,805] [0m<dbg> zmk: zmk_hid_mouse_movement_set: Mouse movement set to 127/0[0m
[00:01:20.325,805] [0m<dbg> zmk: zmk_hid_mouse_scroll_set: Mouse scroll set to 0/0[0m
[00:01:20.325,836] [0m<dbg> zmk: zmk_hid_mouse_movement_set: Mouse movement set to 0/0[0m
[00:01:20.333,618] [0m<inf> exp02_logging: XY 80333 -8355840 -8355840[0m
[00:01:20.333,709] [0m<dbg> zmk: zmk_hid_mouse_movement_set: Mouse movement set to 0/0[0m
[00:01:20.333,709] [0m<dbg> zmk: zmk_hid_mouse_scroll_set: Mouse scroll set to 0/0[0m
[00:01:20.333,740] [0m<dbg> zmk: zmk_hid_mouse_movement_set: Mouse movement set to 0/0[0m
[00:01:20.341,644] [0m<inf> exp02_logging: XY 80341 -4671431 -855394[0m
[00:01:20.341,766] [0m<dbg> zmk: zmk_hid_mouse_movement_set: Mouse movement set to 127/127[0m
[00:01:20.341,796] [0m<dbg> zmk: zmk_hid_mouse_scroll_set: Mouse scroll set to 0/0[0m
[00:01:20.341,827] [0m<dbg> zmk: zmk_hid_mouse_movement_set: Mouse movement set to 0/0[0m
[00:01:20.349,761] [0m<inf> exp02_logging: XY 80349 -8355840 -8355840[0m
[00:01:20.349,853] [0m<dbg> zmk: zmk_hid_mouse_movement_set: Mouse movement set to 0/0[0m
[00:01:20.349,884] [0m<dbg> zmk: zmk_hid_mouse_scroll_set: Mouse scroll set to 0/0[0m
[00:01:20.349,884] [0m<dbg> zmk: zmk_hid_mouse_movement_set: Mouse movement set to 0/0[0m
[00:01:20.357,696] [0m<inf> exp02_logging: XY 80357 -8355840 -7368771[0m
[00:01:20.357,788] [0m<dbg> zmk: zmk_hid_mouse_movement_set: Mouse movement set to 0/127[0m
[00:01:20.357,788] [0m<dbg> zmk: zmk_hid_mouse_scroll_set: Mouse scroll set to 0/0[0m
[00:01:20.357,818] [0m<dbg> zmk: zmk_hid_mouse_movement_set: Mouse movement set to 0/0[0m
[00:01:20.365,722] [0m<inf> exp02_logging: XY 80365 -2171294 -8355840[0m
[00:01:20.365,844] [0m<dbg> zmk: zmk_hid_mouse_movement_set: Mouse movement set to 127/0[0m
[00:01:20.365,875] [0m<dbg> zmk: zmk_hid_mouse_scroll_set: Mouse scroll set to 0/0[0m
[00:01:20.365,875] [0m<dbg> zmk: zmk_hid_mouse_movement_set: Mouse movement set to 0/0[0m
[00:01:20.373,840] [0m<inf> exp02_logging: XY 80373 -8355840 -8355840[0m
[00:01:20.373,901] [0m<dbg> zmk: zmk_hid_mouse_movement_set: Mouse movement set to 0/0[0m
[00:01:20.373,931] [0m<dbg> zmk: zmk_hid_mouse_scroll_set: Mouse scroll set to 0/0[0m
[00:01:20.373,931] [0m<dbg> zmk: zmk_hid_mouse_movement_set: Mouse movement set to 0/0[0m
[00:01:20.381,774] [0m<inf> exp02_logging: XY 80381 -4210772 -1184288[0m
[00:01:20.381,896] [0m<dbg> zmk: zmk_hid_mouse_movement_set: Mouse movement set to 127/127[0m
[00:01:20.381,927] [0m<dbg> zmk: zmk_hid_mouse_scroll_set: Mouse scroll set to 0/0[0m
[00:01:20.381,927] [0m<dbg> zmk: zmk_hid_mouse_movement_set: Mouse movement set to 0/0[0m
[00:01:20.389,801] [0m<inf> exp02_logging: XY 80389 -8355840 -8355840[0m
[00:01:20.389,923] [0m<dbg> zmk: zmk_hid_mouse_movement_set: Mouse movement set to 0/0[0m
[00:01:20.389,953] [0m<dbg> zmk: zmk_hid_mouse_scroll_set: Mouse scroll set to 0/0[0m
[00:01:20.389,953] [0m<dbg> zmk: zmk_hid_mouse_movement_set: Mouse movement set to 0/0[0m
[00:01:20.397,918] [0m<inf> exp02_logging: XY 80397 -8355840 -6908357[0m
[00:01:20.397,979] [0m<dbg> zmk: zmk_hid_mouse_movement_set: Mouse movement set to 0/127[0m
[00:01:20.398,010] [0m<dbg> zmk: zmk_hid_mouse_scroll_set: Mouse scroll set to 0/0[0m
[00:01:20.398,010] [0m<dbg> zmk: zmk_hid_mouse_movement_set: Mouse movement set to 0/0[0m
[00:01:20.405,853] [0m<inf> exp02_logging: XY 80405 -2566041 -8355840[0m
[00:01:20.405,975] [0m<dbg> zmk: zmk_hid_mouse_movement_set: Mouse movement set to 127/0[0m
[00:01:20.406,005] [0m<dbg> zmk: zmk_hid_mouse_scroll_set: Mouse scroll set to 0/0[0m
[00:01:20.406,005] [0m<dbg> zmk: zmk_hid_mouse_movement_set: Mouse movement set to 0/0[0m
[00:01:20.413,879] [0m<inf> exp02_logging: XY 80413 -8355840 -8355840[0m
[00:01:20.413,970] [0m<dbg> zmk: zmk_hid_mouse_movement_set: Mouse movement set to 0/0[0m
[00:01:20.413,970] [0m<dbg> zmk: zmk_hid_mouse_scroll_set: Mouse scroll set to 0/0[0m
[00:01:20.414,001] [0m<dbg> zmk: zmk_hid_mouse_movement_set: Mouse movement set to 0/0[0m
[00:01:20.421,997] [0m<inf> exp02_logging: XY 80421 -3684442 -1710714[0m
[00:01:20.422,119] [0m<dbg> zmk: zmk_hid_mouse_movement_set: Mouse movement set to 127/127[0m
[00:01:20.422,119] [0m<dbg> zmk: zmk_hid_mouse_scroll_set: Mouse scroll set to 0/0[0m
[00:01:20.422,149] [0m<dbg> zmk: zmk_hid_mouse_movement_set: Mouse movement set to 0/0[0m
[00:01:20.429,931] [0m<inf> exp02_logging: XY 80429 -8355840 -8355840[0m
[00:01:20.430,053] [0m<dbg> zmk: zmk_hid_mouse_movement_set: Mouse movement set to 0/0[0m
[00:01:20.430,053] [0m<dbg> zmk: zmk_hid_mouse_scroll_set: Mouse scroll set to 0/0[0m
[00:01:20.430,084] [0m<dbg> zmk: zmk_hid_mouse_movement_set: Mouse movement set to 0/0[0m
[00:01:20.437,957] [0m<inf> exp02_logging: XY 80437 -8355840 -6645160[0m
[00:01:20.438,049] [0m<dbg> zmk: zmk_hid_mouse_movement_set: Mouse movement set to 0/127[0m
[00:01:20.438,049] [0m<dbg> zmk: zmk_hid_mouse_scroll_set: Mouse scroll set to 0/0[0m
[00:01:20.438,079] [0m<dbg> zmk: zmk_hid_mouse_movement_set: Mouse movement set to 0/0[0m
[00:01:20.446,075] [0m<inf> exp02_logging: XY 80446 -3092327 -8355840[0m
[00:01:20.446,197] [0m<dbg> zmk: zmk_hid_mouse_movement_set: Mouse movement set to 127/0[0m
[00:01:20.446,197] [0m<dbg> zmk: zmk_hid_mouse_scroll_set: Mouse scroll set to 0/0[0m
[00:01:20.446,228] [0m<dbg> zmk: zmk_hid_mouse_movement_set: Mouse movement set to 0/0[0m
[00:01:20.454,010] [0m<inf> exp02_logging: XY 80454 -8355840 -8355840[0m
[00:01:20.454,071] [0m<dbg> zmk: zmk_hid_mouse_movement_set: Mouse movement set to 0/0[0m
[00:01:20.454,101] [0m<dbg> zmk: zmk_hid_mouse_scroll_set: Mouse scroll set to 0/0[0m
[00:01:20.454,132] [0m<dbg> zmk: zmk_hid_mouse_movement_set: Mouse movement set to 0/0[0m
[00:01:20.462,036] [0m<inf> exp02_logging: XY 80462 -3223969 -1973835[0m
[00:01:20.462,188] [0m<dbg> zmk: zmk_hid_mouse_movement_set: Mouse movement set to 127/127[0m
[00:01:20.462,188] [0m<dbg> zmk: zmk_hid_mouse_scroll_set: Mouse scroll set to 0/0[0m
[00:01:20.462,219] [0m<dbg> zmk: zmk_hid_mouse_movement_set: Mouse movement set to 0/0[0m
[00:01:20.470,153] [0m<inf> exp02_logging: XY 80470 -8355840 -8355840[0m
[00:01:20.470,245] [0m<dbg> zmk: zmk_hid_mouse_movement_set: Mouse movement set to 0/0[0m
[00:01:20.470,275] [0m<dbg> zmk: zmk_hid_mouse_scroll_set: Mouse scroll set to 0/0[0m
[00:01:20.470,275] [0m<dbg> zmk: zmk_hid_mouse_movement_set: Mouse movement set to 0/0[0m
[00:01:20.478,088] [0m<inf> exp02_logging: XY 80478 -8355840 -6118905[0m
[00:01:20.478,179] [0m<dbg> zmk: zmk_hid_mouse_movement_set: Mouse movement set to 0/127[0m
[00:01:20.478,179] [0m<dbg> zmk: zmk_hid_mouse_scroll_set: Mouse scroll set to 0/0[0m
[00:01:20.478,210] [0m<dbg> zmk: zmk_hid_mouse_movement_set: Mouse movement set to 0/0[0m
[00:01:20.486,114] [0m<inf> exp02_logging: XY 80486 -3355619 -8355840[0m
[00:01:20.486,236] [0m<dbg> zmk: zmk_hid_mouse_movement_set: Mouse movement set to 127/0[0m
[00:01:20.486,267] [0m<dbg> zmk: zmk_hid_mouse_scroll_set: Mouse scroll set to 0/0[0m
[00:01:20.486,267] [0m<dbg> zmk: zmk_hid_mouse_movement_set: Mouse movement set to 0/0[0m
[00:01:20.494,232] [0m<inf> exp02_logging: XY 80494 -8355840 -8355840[0m
[00:01:20.494,293] [0m<dbg> zmk: zmk_hid_mouse_movement_set: Mouse movement set to 0/0[0m
[00:01:20.494,323] [0m<dbg> zmk: zmk_hid_mouse_scroll_set: Mouse scroll set to 0/0[0m
[00:01:20.494,323] [0m<dbg> zmk: zmk_hid_mouse_movement_set: Mouse movement set to 0/0[0m
[00:01:20.502,166] [0m<inf> exp02_logging: XY 80502 -2631761 -2368582[0m
[00:01:20.502,288] [0m<dbg> zmk: zmk_hid_mouse_movement_set: Mouse movement set to 127/127[0m
[00:01:20.502,319] [0m<dbg> zmk: zmk_hid_mouse_scroll_set: Mouse scroll set to 0/0[0m
[00:01:20.502,319] [0m<dbg> zmk: zmk_hid_mouse_movement_set: Mouse movement set to 0/0[0m
[00:01:20.510,192] [0m<inf> exp02_logging: XY 80510 -8355840 -8355840[0m
[00:01:20.510,314] [0m<dbg> zmk: zmk_hid_mouse_movement_set: Mouse movement set to 0/0[0m
[00:01:20.510,345] [0m<dbg> zmk: zmk_hid_mouse_scroll_set: Mouse scroll set to 0/0[0m
[00:01:20.510,345] [0m<dbg> zmk: zmk_hid_mouse_movement_set: Mouse movement set to 0/0[0m
[00:01:20.518,310] [0m<inf> exp02_logging: XY 80518 -8355840 -5724077[0m
[00:01:20.518,371] [0m<dbg> zmk: zmk_hid_mouse_movement_set: Mouse movement set to 0/127[0m
[00:01:20.518,402] [0m<dbg> zmk: zmk_hid_mouse_scroll_set: Mouse scroll set to 0/0[0m
[00:01:20.518,432] [0m<dbg> zmk: zmk_hid_mouse_movement_set: Mouse movement set to 0/0[0m
[00:01:20.526,245] [0m<inf> exp02_logging: XY 80526 -3947569 -8355840[0m
[00:01:20.526,367] [0m<dbg> zmk: zmk_hid_mouse_movement_set: Mouse movement set to 127/0[0m
[00:01:20.526,397] [0m<dbg> zmk: zmk_hid_mouse_scroll_set: Mouse scroll set to 0/0[0m
[00:01:20.526,397] [0m<dbg> zmk: zmk_hid_mouse_movement_set: Mouse movement set to 0/0[0m
[00:01:20.534,271] [0m<inf> exp02_logging: XY 80534 -8355840 -8355840[0m
[00:01:20.534,362] [0m<dbg> zmk: zmk_hid_mouse_movement_set: Mouse movement set to 0/0[0m
[00:01:20.534,362] [0m<dbg> zmk: zmk_hid_mouse_scroll_set: Mouse scroll set to 0/0[0m
[00:01:20.534,393] [0m<dbg> zmk: zmk_hid_mouse_movement_set: Mouse movement set to 0/0[0m
[00:01:20.542,388] [0m<inf> exp02_logging: XY 80542 -1908111 -2960787[0m
[00:01:20.542,510] [0m<dbg> zmk: zmk_hid_mouse_movement_set: Mouse movement set to 127/127[0m
[00:01:20.542,541] [0m<dbg> zmk: zmk_hid_mouse_scroll_set: Mouse scroll set to 0/0[0m
[00:01:20.542,541] [0m<dbg> zmk: zmk_hid_mouse_movement_set: Mouse movement set to 0/0[0m
[00:01:20.550,323] [0m<inf> exp02_logging: XY 80550 -8355840 -8355840[0m
[00:01:20.550,445] [0m<dbg> zmk: zmk_hid_mouse_movement_set: Mouse movement set to 0/0[0m
[00:01:20.550,445] [0m<dbg> zmk: zmk_hid_mouse_scroll_set: Mouse scroll set to 0/0[0m
[00:01:20.550,476] [0m<dbg> zmk: zmk_hid_mouse_movement_set: Mouse movement set to 0/0[0m
[00:01:20.558,349] [0m<inf> exp02_logging: XY 80558 -8355840 -3816073[0m
[00:01:20.558,441] [0m<dbg> zmk: zmk_hid_mouse_movement_set: Mouse movement set to 0/127[0m
[00:01:20.558,471] [0m<dbg> zmk: zmk_hid_mouse_scroll_set: Mouse scroll set to 0/0[0m
[00:01:20.558,471] [0m<dbg> zmk: zmk_hid_mouse_movement_set: Mouse movement set to 0/0[0m
[00:01:20.566,467] [0m<inf> exp02_logging: XY 80566 -4408149 -8355840[0m
[00:01:20.566,589] [0m<dbg> zmk: zmk_hid_mouse_movement_set: Mouse movement set to 127/0[0m
[00:01:20.566,589] [0m<dbg> zmk: zmk_hid_mouse_scroll_set: Mouse scroll set to 0/0[0m
[00:01:20.566,619] [0m<dbg> zmk: zmk_hid_mouse_movement_set: Mouse movement set to 0/0[0m
[00:01:20.574,401] [0m<inf> exp02_logging: XY 80574 -8355840 -8355840[0m
[00:01:20.574,493] [0m<dbg> zmk: zmk_hid_mouse_movement_set: Mouse movement set to 0/0[0m
[00:01:20.574,493] [0m<dbg> zmk: zmk_hid_mouse_scroll_set: Mouse scroll set to 0/0[0m
[00:01:20.574,523] [0m<dbg> zmk: zmk_hid_mouse_movement_set: Mouse movement set to 0/0[0m
[00:01:20.582,427] [0m<inf> exp02_logging: XY 80582 -921191 -3092454[0m
[00:01:20.582,550] [0m<dbg> zmk: zmk_hid_mouse_movement_set: Mouse movement set to 127/127[0m
[00:01:20.582,580] [0m<dbg> zmk: zmk_hid_mouse_scroll_set: Mouse scroll set to 0/0[0m
[00:01:20.582,611] [0m<dbg> zmk: zmk_hid_mouse_movement_set: Mouse movement set to 0/0[0m
[00:01:20.590,545] [0m<inf> exp02_logging: XY 80590 -8355840 -8355840[0m
[00:01:20.590,637] [0m<dbg> zmk: zmk_hid_mouse_movement_set: Mouse movement set to 0/0[0m
[00:01:20.590,667] [0m<dbg> zmk: zmk_hid_mouse_scroll_set: Mouse scroll set to 0/0[0m
[00:01:20.590,698] [0m<dbg> zmk: zmk_hid_mouse_movement_set: Mouse movement set to 0/0[0m
[00:01:20.598,480] [0m<inf> exp02_logging: XY 80598 -8355840 -3158060[0m
[00:01:20.598,571] [0m<dbg> zmk: zmk_hid_mouse_movement_set: Mouse movement set to 0/127[0m
[00:01:20.598,571] [0m<dbg> zmk: zmk_hid_mouse_scroll_set: Mouse scroll set to 0/0[0m
[00:01:20.598,602] [0m<dbg> zmk: zmk_hid_mouse_movement_set: Mouse movement set to 0/0[0m
[00:01:20.606,506] [0m<inf> exp02_logging: XY 80606 -4605522 -8355840[0m
[00:01:20.606,628] [0m<dbg> zmk: zmk_hid_mouse_movement_set: Mouse movement set to 127/0[0m
[00:01:20.606,658] [0m<dbg> zmk: zmk_hid_mouse_scroll_set: Mouse scroll set to 0/0[0m
[00:01:20.606,658] [0m<dbg> zmk: zmk_hid_mouse_movement_set: Mouse movement set to 0/0[0m
[00:01:20.614,624] [0m<inf> exp02_logging: XY 80614 -8355840 -8355840[0m
[00:01:20.614,685] [0m<dbg> zmk: zmk_hid_mouse_movement_set: Mouse movement set to 0/0[0m
[00:01:20.614,715] [0m<dbg> zmk: zmk_hid_mouse_scroll_set: Mouse scroll set to 0/0[0m
[00:01:20.614,715] [0m<dbg> zmk: zmk_hid_mouse_movement_set: Mouse movement set to 0/0[0m
[00:01:20.622,589] [0m<inf> exp02_logging: XY 80622 -921155 -3552780[0m
[00:01:20.622,711] [0m<dbg> zmk: zmk_hid_mouse_movement_set: Mouse movement set to 127/127[0m
[00:01:20.622,741] [0m<dbg> zmk: zmk_hid_mouse_scroll_set: Mouse scroll set to 0/0[0m
[00:01:20.622,741] [0m<dbg> zmk: zmk_hid_mouse_movement_set: Mouse movement set to 0/0[0m
[00:01:20.630,584] [0m<inf> exp02_logging: XY 80630 -8355840 -8355840[0m
[00:01:20.630,706] [0m<dbg> zmk: zmk_hid_mouse_movement_set: Mouse movement set to 0/0[0m
[00:01:20.630,737] [0m<dbg> zmk: zmk_hid_mouse_scroll_set: Mouse scroll set to 0/0[0m
[00:01:20.630,737] [0m<dbg> zmk: zmk_hid_mouse_movement_set: Mouse movement set to 0/0[0m
[00:01:20.638,702] [0m<inf> exp02_logging: XY 80638 -8355840 -2368687[0m
[00:01:20.638,763] [0m<dbg> zmk: zmk_hid_mouse_movement_set: Mouse movement set to 0/127[0m
[00:01:20.638,793] [0m<dbg> zmk: zmk_hid_mouse_scroll_set: Mouse scroll set to 0/0[0m
[00:01:20.638,793] [0m<dbg> zmk: zmk_hid_mouse_movement_set: Mouse movement set to 0/0[0m
[00:01:20.646,636] [0m<inf> exp02_logging: XY 80646 -5197728 -8355840[0m
[00:01:20.646,759] [0m<dbg> zmk: zmk_hid_mouse_movement_set: Mouse movement set to 127/0[0m
[00:01:20.646,789] [0m<dbg> zmk: zmk_hid_mouse_scroll_set: Mouse scroll set to 0/0[0m
[00:01:20.646,789] [0m<dbg> zmk: zmk_hid_mouse_movement_set: Mouse movement set to 0/0[0m
[00:01:20.654,663] [0m<inf> exp02_logging: XY 80654 -8355840 -8355840[0m
[00:01:20.654,754] [0m<dbg> zmk: zmk_hid_mouse_movement_set: Mouse movement set to 0/0[0m
[00:01:20.654,754] [0m<dbg> zmk: zmk_hid_mouse_scroll_set: Mouse scroll set to 0/0[0m
[00:01:20.654,785] [0m<dbg> zmk: zmk_hid_mouse_movement_set: Mouse movement set to 0/0[0m
[00:01:20.662,780] [0m<inf> exp02_logging: XY 80662 -921111 -4276609[0m
[00:01:20.662,902] [0m<dbg> zmk: zmk_hid_mouse_movement_set: Mouse movement set to 127/127[0m
[00:01:20.662,902] [0m<dbg> zmk: zmk_hid_mouse_scroll_set: Mouse scroll set to 0/0[0m
[00:01:20.662,933] [0m<dbg> zmk: zmk_hid_mouse_movement_set: Mouse movement set to 0/0[0m
[00:01:20.670,715] [0m<inf> exp02_logging: XY 80670 -8355840 -8355840[0m
[00:01:20.670,837] [0m<dbg> zmk: zmk_hid_mouse_movement_set: Mouse movement set to 0/0[0m
[00:01:20.670,837] [0m<dbg> zmk: zmk_hid_mouse_scroll_set: Mouse scroll set to 0/0[0m
[00:01:20.670,867] [0m<dbg> zmk: zmk_hid_mouse_movement_set: Mouse movement set to 0/0[0m
[00:01:20.678,741] [0m<inf> exp02_logging: XY 80678 -8355840 -1776526[0m
[00:01:20.678,833] [0m<dbg> zmk: zmk_hid_mouse_movement_set: Mouse movement set to 0/127[0m
[00:01:20.678,863] [0m<dbg> zmk: zmk_hid_mouse_scroll_set: Mouse scroll set to 0/0[0m
[00:01:20.678,863] [0m<dbg> zmk: zmk_hid_mouse_movement_set: Mouse movement set to 0/0[0m
[00:01:20.686,859] [0m<inf> exp02_logging: XY 80686 -5724099 -8355840[0m
[00:01:20.686,981] [0m<dbg> zmk: zmk_hid_mouse_movement_set: Mouse movement set to 127/0[0m
[00:01:20.686,981] [0m<dbg> zmk: zmk_hid_mouse_scroll_set: Mouse scroll set to 0/0[0m
[00:01:20.687,011] [0m<dbg> zmk: zmk_hid_mouse_movement_set: Mouse movement set to 0/0[0m
[00:01:20.694,793] [0m<inf> exp02_logging: XY 80694 -8355840 -8355840[0m
[00:01:20.694,885] [0m<dbg> zmk: zmk_hid_mouse_movement_set: Mouse movement set to 0/0[0m
[00:01:20.694,885] [0m<dbg> zmk: zmk_hid_mouse_scroll_set: Mouse scroll set to 0/0[0m
[00:01:20.694,915] [0m<dbg> zmk: zmk_hid_mouse_movement_set: Mouse movement set to 0/0[0m
[00:01:20.702,819] [0m<inf> exp02_logging: XY 80702 -723841 -4342358[0m
[00:01:20.702,972] [0m<dbg> zmk: zmk_hid_mouse_movement_set: Mouse movement set to 127/127[0m
[00:01:20.702,972] [0m<dbg> zmk: zmk_hid_mouse_scroll_set: Mouse scroll set to 0/0[0m
[00:01:20.703,002] [0m<dbg> zmk: zmk_hid_mouse_movement_set: Mouse movement set to 0/0[0m
[00:01:20.710,937] [0m<inf> exp02_logging: XY 80710 -8355840 -8355840[0m
[00:01:20.711,029] [0m<dbg> zmk: zmk_hid_mouse_movement_set: Mouse movement set to 0/0[0m
[00:01:20.711,059] [0m<dbg> zmk: zmk_hid_mouse_scroll_set: Mouse scroll set to 0/0[0m
[00:01:20.711,090] [0m<dbg> zmk: zmk_hid_mouse_movement_set: Mouse movement set to 0/0[0m
[00:01:20.718,902] [0m<inf> exp02_logging: XY 80718 -8355840 -1118529[0m
[00:01:20.718,994] [0m<dbg> zmk: zmk_hid_mouse_movement_set: Mouse movement set to 0/127[0m
[00:01:20.718,994] [0m<dbg> zmk: zmk_hid_mouse_scroll_set: Mouse scroll set to 0/0[0m
[00:01:20.719,024] [0m<dbg> zmk: zmk_hid_mouse_movement_set: Mouse movement set to 0/0[0m
[00:01:20.726,898] [0m<inf> exp02_logging: XY 80726 -5921345 -8355840[0m
[00:01:20.727,020] [0m<dbg> zmk: zmk_hid_mouse_movement_set: Mouse movement set to 127/0[0m
[00:01:20.727,050] [0m<dbg> zmk: zmk_hid_mouse_scroll_set: Mouse scroll set to 0/0[0m
[00:01:20.727,050] [0m<dbg> zmk: zmk_hid_mouse_movement_set: Mouse movement set to 0/0[0m
[00:01:20.735,015] [0m<inf> exp02_logging: XY 80734 -8355840 -8355840[0m
[00:01:20.735,076] [0m<dbg> zmk: zmk_hid_mouse_movement_set: Mouse movement set to 0/0[0m
[00:01:20.735,107] [0m<dbg> zmk: zmk_hid_mouse_scroll_set: Mouse scroll set to 0/0[0m
[00:01:20.735,107] [0m<dbg> zmk: zmk_hid_mouse_movement_set: Mouse movement set to 0/0[0m
[00:01:20.742,950] [0m<inf> exp02_logging: XY 80742 -723957 -4802853[0m
[00:01:20.743,072] [0m<dbg> zmk: zmk_hid_mouse_movement_set: Mouse movement set to 127/127[0m
[00:01:20.743,103] [0m<dbg> zmk: zmk_hid_mouse_scroll_set: Mouse scroll set to 0/0[0m
[00:01:20.743,103] [0m<dbg> zmk: zmk_hid_mouse_movement_set: Mouse movement set to 0/0[0m
[00:01:20.750,976] [0m<inf> exp02_logging: XY 80750 -8355840 -8355840[0m
[00:01:20.751,098] [0m<dbg> zmk: zmk_hid_mouse_movement_set: Mouse movement set to 0/0[0m
[00:01:20.751,129] [0m<dbg> zmk: zmk_hid_mouse_scroll_set: Mouse scroll set to 0/0[0m
[00:01:20.751,129] [0m<dbg> zmk: zmk_hid_mouse_movement_set: Mouse movement set to 0/0[0m
[00:01:20.759,094] [0m<inf> exp02_logging: XY 80759 -8355840 -921179[0m
[00:01:20.759,155] [0m<dbg> zmk: zmk_hid_mouse_movement_set: Mouse movement set to 0/127[0m
[00:01:20.759,185] [0m<dbg> zmk: zmk_hid_mouse_scroll_set: Mouse scroll set to 0/0[0m
[00:01:20.759,216] [0m<dbg> zmk: zmk_hid_mouse_movement_set: Mouse movement set to 0/0[0m
[00:01:20.767,028] [0m<inf> exp02_logging: XY 80767 -6316091 -8355840[0m
[00:01:20.767,150] [0m<dbg> zmk: zmk_hid_mouse_movement_set: Mouse movement set to 127/0[0m
[00:01:20.767,181] [0m<dbg> zmk: zmk_hid_mouse_scroll_set: Mouse scroll set to 0/0[0m
[00:01:20.767,181] [0m<dbg> zmk: zmk_hid_mouse_movement_set: Mouse movement set to 0/0[0m
[00:01:20.775,054] [0m<inf> exp02_logging: XY 80775 -8355840 -8355840[0m
[00:01:20.775,146] [0m<dbg> zmk: zmk_hid_mouse_movement_set: Mouse movement set to 0/0[0m
[00:01:20.775,146] [0m<dbg> zmk: zmk_hid_mouse_scroll_set: Mouse scroll set to 0/0[0m
[00:01:20.775,177] [0m<dbg> zmk: zmk_hid_mouse_movement_set: Mouse movement set to 0/0[0m
[00:01:20.783,172] [0m<inf> exp02_logging: XY 80783 -658023 -5592389[0m
[00:01:20.783,294] [0m<dbg> zmk: zmk_hid_mouse_movement_set: Mouse movement set to 127/127[0m
[00:01:20.783,325] [0m<dbg> zmk: zmk_hid_mouse_scroll_set: Mouse scroll set to 0/0[0m
[00:01:20.783,325] [0m<dbg> zmk: zmk_hid_mouse_movement_set: Mouse movement set to 0/0[0m
[00:01:20.791,107] [0m<inf> exp02_logging: XY 80791 -8355840 -8355840[0m
[00:01:20.791,229] [0m<dbg> zmk: zmk_hid_mouse_movement_set: Mouse movement set to 0/0[0m
[00:01:20.791,229] [0m<dbg> zmk: zmk_hid_mouse_scroll_set: Mouse scroll set to 0/0[0m
[00:01:20.791,259] [0m<dbg> zmk: zmk_hid_mouse_movement_set: Mouse movement set to 0/0[0m
[00:01:20.799,133] [0m<inf> exp02_logging: XY 80799 -8355840 -921207[0m
[00:01:20.799,224] [0m<dbg> zmk: zmk_hid_mouse_movement_set: Mouse movement set to 0/127[0m
[00:01:20.799,255] [0m<dbg> zmk: zmk_hid_mouse_scroll_set: Mouse scroll set to 0/0[0m
[00:01:20.799,255] [0m<dbg> zmk: zmk_hid_mouse_movement_set: Mouse movement set to 0/0[0m
[00:01:20.807,250] [0m<inf> exp02_logging: XY 80807 -6776672 -8355840[0m
[00:01:20.807,373] [0m<dbg> zmk: zmk_hid_mouse_movement_set: Mouse movement set to 127/0[0m
[00:01:20.807,373] [0m<dbg> zmk: zmk_hid_mouse_scroll_set: Mouse scroll set to 0/0[0m
[00:01:20.807,403] [0m<dbg> zmk: zmk_hid_mouse_movement_set: Mouse movement set to 0/0[0m
[00:01:20.815,185] [0m<inf> exp02_logging: XY 80815 -8355840 -8355840[0m
[00:01:20.815,246] [0m<dbg> zmk: zmk_hid_mouse_movement_set: Mouse movement set to 0/0[0m
[00:01:20.815,277] [0m<dbg> zmk: zmk_hid_mouse_scroll_set: Mouse scroll set to 0/0[0m
[00:01:20.815,277] [0m<dbg> zmk: zmk_hid_mouse_movement_set: Mouse movement set to 0/0[0m
[00:01:20.823,211] [0m<inf> exp02_logging: XY 80823 -592383 -5592347[0m
[00:01:20.823,364] [0m<dbg> zmk: zmk_hid_mouse_movement_set: Mouse movement set to 127/127[0m
[00:01:20.823,364] [0m<dbg> zmk: zmk_hid_mouse_scroll_set: Mouse scroll set to 0/0[0m
[00:01:20.823,394] [0m<dbg> zmk: zmk_hid_mouse_movement_set: Mouse movement set to 0/0[0m
[00:01:20.831,329] [0m<inf> exp02_logging: XY 80831 -8355840 -8355840[0m
[00:01:20.831,420] [0m<dbg> zmk: zmk_hid_mouse_movement_set: Mouse movement set to 0/0[0m
[00:01:20.831,451] [0m<dbg> zmk: zmk_hid_mouse_scroll_set: Mouse scroll set to 0/0[0m
[00:01:20.831,451] [0m<dbg> zmk: zmk_hid_mouse_movement_set: Mouse movement set to 0/0[0m
[00:01:20.839,263] [0m<inf> exp02_logging: XY 80839 -8026730 -855300[0m
[00:01:20.839,385] [0m<dbg> zmk: zmk_hid_mouse_movement_set: Mouse movement set to 63/127[0m
[00:01:20.839,416] [0m<dbg> zmk: zmk_hid_mouse_scroll_set: Mouse scroll set to 0/0[0m
[00:01:20.839,416] [0m<dbg> zmk: zmk_hid_mouse_movement_set: Mouse movement set to 0/0[0m
[00:01:20.847,290] [0m<inf> exp02_logging: XY 80847 -7237167 -8355840[0m
[00:01:20.847,412] [0m<dbg> zmk: zmk_hid_mouse_movement_set: Mouse movement set to 127/0[0m
[00:01:20.847,442] [0m<dbg> zmk: zmk_hid_mouse_scroll_set: Mouse scroll set to 0/0[0m
[00:01:20.847,442] [0m<dbg> zmk: zmk_hid_mouse_movement_set: Mouse movement set to 0/0[0m
[00:01:20.855,407] [0m<inf> exp02_logging: XY 80855 -8355840 -8355840[0m
[00:01:20.855,468] [0m<dbg> zmk: zmk_hid_mouse_movement_set: Mouse movement set to 0/0[0m
[00:01:20.855,499] [0m<dbg> zmk: zmk_hid_mouse_scroll_set: Mouse scroll set to 0/0[0m
[00:01:20.855,499] [0m<dbg> zmk: zmk_hid_mouse_movement_set: Mouse movement set to 0/0[0m
[00:01:20.863,342] [0m<inf> exp02_logging: XY 80863 -592211 -6053012[0m
[00:01:20.863,464] [0m<dbg> zmk: zmk_hid_mouse_movement_set: Mouse movement set to 127/127[0m
[00:01:20.863,494] [0m<dbg> zmk: zmk_hid_mouse_scroll_set: Mouse scroll set to 0/0[0m
[00:01:20.863,494] [0m<dbg> zmk: zmk_hid_mouse_movement_set: Mouse movement set to 0/0[0m
[00:01:20.871,368] [0m<inf> exp02_logging: XY 80871 -8355840 -8355840[0m
[00:01:20.871,490] [0m<dbg> zmk: zmk_hid_mouse_movement_set: Mouse movement set to 0/0[0m
[00:01:20.871,490] [0m<dbg> zmk: zmk_hid_mouse_scroll_set: Mouse scroll set to 0/0[0m
[00:01:20.871,520] [0m<dbg> zmk: zmk_hid_mouse_movement_set: Mouse movement set to 0/0[0m
[00:01:20.879,486] [0m<inf> exp02_logging: XY 80879 -7434699 -789688[0m
[00:01:20.879,608] [0m<dbg> zmk: zmk_hid_mouse_movement_set: Mouse movement set to 127/127[0m
[00:01:20.879,608] [0m<dbg> zmk: zmk_hid_mouse_scroll_set: Mouse scroll set to 0/0[0m
[00:01:20.879,638] [0m<dbg> zmk: zmk_hid_mouse_movement_set: Mouse movement set to 0/0[0m
[00:01:20.887,420] [0m<inf> exp02_logging: XY 80887 -8289952 -8355840[0m
[00:01:20.887,542] [0m<dbg> zmk: zmk_hid_mouse_movement_set: Mouse movement set to 12/0[0m
[00:01:20.887,573] [0m<dbg> zmk: zmk_hid_mouse_scroll_set: Mouse scroll set to 0/0[0m
[00:01:20.887,573] [0m<dbg> zmk: zmk_hid_mouse_movement_set: Mouse movement set to 0/0[0m
[00:01:20.895,446] [0m<inf> exp02_logging: XY 80895 -8355840 -8355840[0m
[00:01:20.895,538] [0m<dbg> zmk: zmk_hid_mouse_movement_set: Mouse movement set to 0/0[0m
[00:01:20.895,538] [0m<dbg> zmk: zmk_hid_mouse_scroll_set: Mouse scroll set to 0/0[0m
[00:01:20.895,568] [0m<dbg> zmk: zmk_hid_mouse_movement_set: Mouse movement set to 0/0[0m
[00:01:20.903,564] [0m<inf> exp02_logging: XY 80903 -526481 -6513635[0m
[00:01:20.903,686] [0m<dbg> zmk: zmk_hid_mouse_movement_set: Mouse movement set to 127/127[0m
[00:01:20.903,717] [0m<dbg> zmk: zmk_hid_mouse_scroll_set: Mouse scroll set to 0/0[0m
[00:01:20.903,717] [0m<dbg> zmk: zmk_hid_mouse_movement_set: Mouse movement set to 0/0[0m
[00:01:20.911,499] [0m<inf> exp02_logging: XY 80911 -8355840 -8355840[0m
[00:01:20.911,621] [0m<dbg> zmk: zmk_hid_mouse_movement_set: Mouse movement set to 0/0[0m
[00:01:20.911,621] [0m<dbg> zmk: zmk_hid_mouse_scroll_set: Mouse scroll set to 0/0[0m
[00:01:20.911,651] [0m<dbg> zmk: zmk_hid_mouse_movement_set: Mouse movement set to 0/0[0m
[00:01:20.919,525] [0m<inf> exp02_logging: XY 80919 -7105645 -723856[0m
[00:01:20.919,677] [0m<dbg> zmk: zmk_hid_mouse_movement_set: Mouse movement set to 127/127[0m
[00:01:20.919,677] [0m<dbg> zmk: zmk_hid_mouse_scroll_set: Mouse scroll set to 0/0[0m
[00:01:20.919,708] [0m<dbg> zmk: zmk_hid_mouse_movement_set: Mouse movement set to 0/0[0m
[00:01:20.927,642] [0m<inf> exp02_logging: XY 80927 -8355786 -8355840[0m
[00:01:20.927,764] [0m<dbg> zmk: zmk_hid_mouse_movement_set: Mouse movement set to 0/0[0m
[00:01:20.927,764] [0m<dbg> zmk: zmk_hid_mouse_scroll_set: Mouse scroll set to 0/0[0m
[00:01:20.927,795] [0m<dbg> zmk: zmk_hid_mouse_movement_set: Mouse movement set to 0/0[0m
[00:01:20.935,607] [0m<inf> exp02_logging: XY 80935 -8355840 -8355840[0m
[00:01:20.943,664] [0m<inf> exp02_logging: XY 80943 -526509 -6776799[0m
[00:01:20.943,786] [0m<dbg> zmk: zmk_hid_mouse_movement_set: Mouse movement set to 127/127[0m
[00:01:20.943,786] [0m<dbg> zmk: zmk_hid_mouse_scroll_set: Mouse scroll set to 0/0[0m
[00:01:20.943,817] [0m<dbg> zmk: zmk_hid_mouse_movement_set: Mouse movement set to 0/0[0m
[00:01:20.951,721] [0m<inf> exp02_logging: XY 80951 -8355840 -8355840[0m
[00:01:20.951,812] [0m<dbg> zmk: zmk_hid_mouse_movement_set: Mouse movement set to 0/0[0m
[00:01:20.951,843] [0m<dbg> zmk: zmk_hid_mouse_scroll_set: Mouse scroll set to 0/0[0m
[00:01:20.951,873] [0m<dbg> zmk: zmk_hid_mouse_movement_set: Mouse movement set to 0/0[0m
[00:01:20.959,655] [0m<inf> exp02_logging: XY 80959 -6513588 -789574[0m
[00:01:20.959,777] [0m<dbg> zmk: zmk_hid_mouse_movement_set: Mouse movement set to 127/127[0m
[00:01:20.959,808] [0m<dbg> zmk: zmk_hid_mouse_scroll_set: Mouse scroll set to 0/0[0m
[00:01:20.959,808] [0m<dbg> zmk: zmk_hid_mouse_movement_set: Mouse movement set to 0/0[0m
[00:01:20.967,681] [0m<inf> exp02_logging: XY 80967 -8355840 -8355840[0m
[00:01:20.967,803] [0m<dbg> zmk: zmk_hid_mouse_movement_set: Mouse movement set to 0/0[0m
[00:01:20.967,834] [0m<dbg> zmk: zmk_hid_mouse_scroll_set: Mouse scroll set to 0/0[0m
[00:01:20.967,834] [0m<dbg> zmk: zmk_hid_mouse_movement_set: Mouse movement set to 0/0[0m
[00:01:20.975,799] [0m<inf> exp02_logging: XY 80975 -8355840 -8224254[0m
[00:01:20.975,860] [0m<dbg> zmk: zmk_hid_mouse_movement_set: Mouse movement set to 0/25[0m
[00:01:20.975,891] [0m<dbg> zmk: zmk_hid_mouse_scroll_set: Mouse scroll set to 0/0[0m
[00:01:20.975,921] [0m<dbg> zmk: zmk_hid_mouse_movement_set: Mouse movement set to 0/0[0m
[00:01:20.983,734] [0m<inf> exp02_logging: XY 80983 -526422 -7171461[0m
[00:01:20.983,856] [0m<dbg> zmk: zmk_hid_mouse_movement_set: Mouse movement set to 127/127[0m
[00:01:20.983,886] [0m<dbg> zmk: zmk_hid_mouse_scroll_set: Mouse scroll set to 0/0[0m
[00:01:20.983,886] [0m<dbg> zmk: zmk_hid_mouse_movement_set: Mouse movement set to 0/0[0m
[00:01:20.991,760] [0m<inf> exp02_logging: XY 80991 -8355840 -8355840[0m
[00:01:20.991,882] [0m<dbg> zmk: zmk_hid_mouse_movement_set: Mouse movement set to 0/0[0m
[00:01:20.991,912] [0m<dbg> zmk: zmk_hid_mouse_scroll_set: Mouse scroll set to 0/0[0m
[00:01:20.991,912] [0m<dbg> zmk: zmk_hid_mouse_movement_set: Mouse movement set to 0/0[0m
[00:01:20.999,877] [0m<inf> exp02_logging: XY 80999 -5987155 -658112[0m
[00:01:21.000,000] [0m<dbg> zmk: zmk_hid_mouse_movement_set: Mouse movement set to 127/127[0m
[00:01:21.000,030] [0m<dbg> zmk: zmk_hid_mouse_scroll_set: Mouse scroll set to 0/0[0m
[00:01:21.000,030] [0m<dbg> zmk: zmk_hid_mouse_movement_set: Mouse movement set to 0/0[0m
[00:01:21.007,812] [0m<inf> exp02_logging: XY 81007 -8355840 -8355840[0m
[00:01:21.007,934] [0m<dbg> zmk: zmk_hid_mouse_movement_set: Mouse movement set to 0/0[0m
[00:01:21.007,934] [0m<dbg> zmk: zmk_hid_mouse_scroll_set: Mouse scroll set to 0/0[0m
[00:01:21.007,965] [0m<dbg> zmk: zmk_hid_mouse_movement_set: Mouse movement set to 0/0[0m
[00:01:21.015,838] [0m<inf> exp02_logging: XY 81015 -8355840 -8026820[0m
[00:01:21.015,930] [0m<dbg> zmk: zmk_hid_mouse_movement_set: Mouse movement set to 0/63[0m
[00:01:21.015,960] [0m<dbg> zmk: zmk_hid_mouse_scroll_set: Mouse scroll set to 0/0[0m
[00:01:21.015,960] [0m<dbg> zmk: zmk_hid_mouse_movement_set: Mouse movement set to 0/0[0m
[00:01:21.023,956] [0m<inf> exp02_logging: XY 81023 -460776 -8289995[0m
[00:01:21.024,078] [0m<dbg> zmk: zmk_hid_mouse_movement_set: Mouse movement set to 127/12[0m
[00:01:21.024,078] [0m<dbg> zmk: zmk_hid_mouse_scroll_set: Mouse scroll set to 0/0[0m
[00:01:21.024,108] [0m<dbg> zmk: zmk_hid_mouse_movement_set: Mouse movement set to 0/0[0m
[00:01:21.031,890] [0m<inf> exp02_logging: XY 81031 -8355840 -8355840[0m
[00:01:21.032,012] [0m<dbg> zmk: zmk_hid_mouse_movement_set: Mouse movement set to 0/0[0m
[00:01:21.032,012] [0m<dbg> zmk: zmk_hid_mouse_scroll_set: Mouse scroll set to 0/0[0m
[00:01:21.032,043] [0m<dbg> zmk: zmk_hid_mouse_movement_set: Mouse movement set to 0/0[0m
[00:01:21.039,916] [0m<inf> exp02_logging: XY 81039 -5592384 -723756[0m
[00:01:21.040,069] [0m<dbg> zmk: zmk_hid_mouse_movement_set: Mouse movement set to 127/127[0m
[00:01:21.040,069] [0m<dbg> zmk: zmk_hid_mouse_scroll_set: Mouse scroll set to 0/0[0m
[00:01:21.040,100] [0m<dbg> zmk: zmk_hid_mouse_movement_set: Mouse movement set to 0/0[0m
[00:01:21.048,034] [0m<inf> exp02_logging: XY 81048 -8355840 -8355840[0m
[00:01:21.048,126] [0m<dbg> zmk: zmk_hid_mouse_movement_set: Mouse movement set to 0/0[0m
[00:01:21.048,156] [0m<dbg> zmk: zmk_hid_mouse_scroll_set: Mouse scroll set to 0/0[0m
[00:01:21.048,156] [0m<dbg> zmk: zmk_hid_mouse_movement_set: Mouse movement set to 0/0[0m
[00:01:21.055,999] [0m<inf> exp02_logging: XY 81055 -8355840 -7237207[0m
[00:01:21.056,091] [0m<dbg> zmk: zmk_hid_mouse_movement_set: Mouse movement set to 0/127[0m
[00:01:21.056,121] [0m<dbg> zmk: zmk_hid_mouse_scroll_set: Mouse scroll set to 0/0[0m
[00:01:21.056,121] [0m<dbg> zmk: zmk_hid_mouse_movement_set: Mouse movement set to 0/0[0m
[00:01:21.063,995] [0m<inf> exp02_logging: XY 81063 -460654 -8355658[0m
[00:01:21.064,147] [0m<dbg> zmk: zmk_hid_mouse_movement_set: Mouse movement set to 127/0[0m
[00:01:21.064,147] [0m<dbg> zmk: zmk_hid_mouse_scroll_set: Mouse scroll set to 0/0[0m
[00:01:21.064,178] [0m<dbg> zmk: zmk_hid_mouse_movement_set: Mouse movement set to 0/0[0m
[00:01:21.072,113] [0m<inf> exp02_logging: XY 81072 -8355840 -8355840[0m
[00:01:21.072,174] [0m<dbg> zmk: zmk_hid_mouse_movement_set: Mouse movement set to 0/0[0m
[00:01:21.072,204] [0m<dbg> zmk: zmk_hid_mouse_scroll_set: Mouse scroll set to 0/0[0m
[00:01:21.072,204] [0m<dbg> zmk: zmk_hid_mouse_movement_set: Mouse movement set to 0/0[0m
[00:01:21.080,047] [0m<inf> exp02_logging: XY 81080 -4934512 -592289[0m
[00:01:21.080,169] [0m<dbg> zmk: zmk_hid_mouse_movement_set: Mouse movement set to 127/127[0m
[00:01:21.080,200] [0m<dbg> zmk: zmk_hid_mouse_scroll_set: Mouse scroll set to 0/0[0m
[00:01:21.080,200] [0m<dbg> zmk: zmk_hid_mouse_movement_set: Mouse movement set to 0/0[0m
[00:01:21.088,073] [0m<inf> exp02_logging: XY 81088 -8355840 -8355840[0m
[00:01:21.088,195] [0m<dbg> zmk: zmk_hid_mouse_movement_set: Mouse movement set to 0/0[0m
[00:01:21.088,226] [0m<dbg> zmk: zmk_hid_mouse_scroll_set: Mouse scroll set to 0/0[0m
[00:01:21.088,226] [0m<dbg> zmk: zmk_hid_mouse_movement_set: Mouse movement set to 0/0[0m
[00:01:21.096,191] [0m<inf> exp02_logging: XY 81096 -8355840 -6513497[0m
[00:01:21.096,252] [0m<dbg> zmk: zmk_hid_mouse_movement_set: Mouse movement set to 0/127[0m
[00:01:21.096,282] [0m<dbg> zmk: zmk_hid_mouse_scroll_set: Mouse scroll set to 0/0[0m
[00:01:21.096,313] [0m<dbg> zmk: zmk_hid_mouse_movement_set: Mouse movement set to 0/0[0m
[00:01:21.104,125] [0m<inf> exp02_logging: XY 81104 -460599 -8355840[0m
[00:01:21.104,248] [0m<dbg> zmk: zmk_hid_mouse_movement_set: Mouse movement set to 127/0[0m
[00:01:21.104,278] [0m<dbg> zmk: zmk_hid_mouse_scroll_set: Mouse scroll set to 0/0[0m
[00:01:21.104,278] [0m<dbg> zmk: zmk_hid_mouse_movement_set: Mouse movement set to 0/0[0m
[00:01:21.112,152] [0m<inf> exp02_logging: XY 81112 -8355840 -8355840[0m
[00:01:21.112,243] [0m<dbg> zmk: zmk_hid_mouse_movement_set: Mouse movement set to 0/0[0m
[00:01:21.112,243] [0m<dbg> zmk: zmk_hid_mouse_scroll_set: Mouse scroll set to 0/0[0m
[00:01:21.112,274] [0m<dbg> zmk: zmk_hid_mouse_movement_set: Mouse movement set to 0/0[0m
[00:01:21.120,269] [0m<inf> exp02_logging: XY 81120 -4342438 -592253[0m
[00:01:21.120,391] [0m<dbg> zmk: zmk_hid_mouse_movement_set: Mouse movement set to 127/127[0m
[00:01:21.120,422] [0m<dbg> zmk: zmk_hid_mouse_scroll_set: Mouse scroll set to 0/0[0m
[00:01:21.120,422] [0m<dbg> zmk: zmk_hid_mouse_movement_set: Mouse movement set to 0/0[0m
[00:01:21.128,204] [0m<inf> exp02_logging: XY 81128 -8355840 -8355840[0m
[00:01:21.128,326] [0m<dbg> zmk: zmk_hid_mouse_movement_set: Mouse movement set to 0/0[0m
[00:01:21.128,326] [0m<dbg> zmk: zmk_hid_mouse_scroll_set: Mouse scroll set to 0/0[0m
[00:01:21.128,356] [0m<dbg> zmk: zmk_hid_mouse_movement_set: Mouse movement set to 0/0[0m
[00:01:21.136,230] [0m<inf> exp02_logging: XY 81136 -8355840 -6118659[0m
[00:01:21.136,322] [0m<dbg> zmk: zmk_hid_mouse_movement_set: Mouse movement set to 0/127[0m
[00:01:21.136,352] [0m<dbg> zmk: zmk_hid_mouse_scroll_set: Mouse scroll set to 0/0[0m
[00:01:21.136,352] [0m<dbg> zmk: zmk_hid_mouse_movement_set: Mouse movement set to 0/0[0m
[00:01:21.144,348] [0m<inf> exp02_logging: XY 81144 -526346 -8355840[0m
[00:01:21.144,470] [0m<dbg> zmk: zmk_hid_mouse_movement_set: Mouse movement set to 127/0[0m
[00:01:21.144,470] [0m<dbg> zmk: zmk_hid_mouse_scroll_set: Mouse scroll set to 0/0[0m
[00:01:21.144,500] [0m<dbg> zmk: zmk_hid_mouse_movement_set: Mouse movement set to 0/0[0m
[00:01:21.152,282] [0m<inf> exp02_logging: XY 81152 -8355840 -8355840[0m
[00:01:21.152,374] [0m<dbg> zmk: zmk_hid_mouse_movement_set: Mouse movement set to 0/0[0m
[00:01:21.152,374] [0m<dbg> zmk: zmk_hid_mouse_scroll_set: Mouse scroll set to 0/0[0m
[00:01:21.152,404] [0m<dbg> zmk: zmk_hid_mouse_movement_set: Mouse movement set to 0/0[0m
[00:01:21.160,308] [0m<inf> exp02_logging: XY 81160 -3947711 -592186[0m
[00:01:21.160,461] [0m<dbg> zmk: zmk_hid_mouse_movement_set: Mouse movement set to 127/127[0m
[00:01:21.160,461] [0m<dbg> zmk: zmk_hid_mouse_scroll_set: Mouse scroll set to 0/0[0m
[00:01:21.160,491] [0m<dbg> zmk: zmk_hid_mouse_movement_set: Mouse movement set to 0/0[0m
[00:01:21.168,426] [0m<inf> exp02_logging: XY 81168 -8355840 -8355840[0m
[00:01:21.168,518] [0m<dbg> zmk: zmk_hid_mouse_movement_set: Mouse movement set to 0/0[0m
[00:01:21.168,548] [0m<dbg> zmk: zmk_hid_mouse_scroll_set: Mouse scroll set to 0/0[0m
[00:01:21.168,579] [0m<dbg> zmk: zmk_hid_mouse_movement_set: Mouse movement set to 0/0[0m
[00:01:21.176,361] [0m<inf> exp02_logging: XY 81176 -8355840 -5460910[0m
[00:01:21.176,452] [0m<dbg> zmk: zmk_hid_mouse_movement_set: Mouse movement set to 0/127[0m
[00:01:21.176,452] [0m<dbg> zmk: zmk_hid_mouse_scroll_set: Mouse scroll set to 0/0[0m
[00:01:21.176,483] [0m<dbg> zmk: zmk_hid_mouse_movement_set: Mouse movement set to 0/0[0m
[00:01:21.184,387] [0m<inf> exp02_logging: XY 81184 -592255 -8355840[0m
[00:01:21.184,509] [0m<dbg> zmk: zmk_hid_mouse_movement_set: Mouse movement set to 127/0[0m
[00:01:21.184,539] [0m<dbg> zmk: zmk_hid_mouse_scroll_set: Mouse scroll set to 0/0[0m
[00:01:21.184,539] [0m<dbg> zmk: zmk_hid_mouse_movement_set: Mouse movement set to 0/0[0m
[00:01:21.192,504] [0m<inf> exp02_logging: XY 81192 -8355840 -8355840[0m
[00:01:21.192,565] [0m<dbg> zmk: zmk_hid_mouse_movement_set: Mouse movement set to 0/0[0m
[00:01:21.192,596] [0m<dbg> zmk: zmk_hid_mouse_scroll_set: Mouse scroll set to 0/0[0m
[00:01:21.192,596] [0m<dbg> zmk: zmk_hid_mouse_movement_set: Mouse movement set to 0/0[0m
[00:01:21.200,439] [0m<inf> exp02_logging: XY 81200 -3487055 -526381[0m
[00:01:21.200,561] [0m<dbg> zmk: zmk_hid_mouse_movement_set: Mouse movement set to 127/127[0m
[00:01:21.200,592] [0m<dbg> zmk: zmk_hid_mouse_scroll_set: Mouse scroll set to 0/0[0m
[00:01:21.200,592] [0m<dbg> zmk: zmk_hid_mouse_movement_set: Mouse movement set to 0/0[0m
[00:01:21.208,465] [0m<inf> exp02_logging: XY 81208 -8355840 -8355840[0m
[00:01:21.208,587] [0m<dbg> zmk: zmk_hid_mouse_movement_set: Mouse movement set to 0/0[0m
[00:01:21.208,618] [0m<dbg> zmk: zmk_hid_mouse_scroll_set: Mouse scroll set to 0/0[0m
[00:01:21.208,618] [0m<dbg> zmk: zmk_hid_mouse_movement_set: Mouse movement set to 0/0[0m
[00:01:21.216,583] [0m<inf> exp02_logging: XY 81216 -8355840 -4868679[0m
[00:01:21.216,644] [0m<dbg> zmk: zmk_hid_mouse_movement_set: Mouse movement set to 0/127[0m
[00:01:21.216,674] [0m<dbg> zmk: zmk_hid_mouse_scroll_set: Mouse scroll set to 0/0[0m
[00:01:21.216,674] [0m<dbg> zmk: zmk_hid_mouse_movement_set: Mouse movement set to 0/0[0m
[00:01:21.224,517] [0m<inf> exp02_logging: XY 81224 -921211 -8355840[0m
[00:01:21.224,639] [0m<dbg> zmk: zmk_hid_mouse_movement_set: Mouse movement set to 127/0[0m
[00:01:21.224,670] [0m<dbg> zmk: zmk_hid_mouse_scroll_set: Mouse scroll set to 0/0[0m
[00:01:21.224,670] [0m<dbg> zmk: zmk_hid_mouse_movement_set: Mouse movement set to 0/0[0m
[00:01:21.232,543] [0m<inf> exp02_logging: XY 81232 -8355840 -8355840[0m
[00:01:21.232,635] [0m<dbg> zmk: zmk_hid_mouse_movement_set: Mouse movement set to 0/0[0m
[00:01:21.232,635] [0m<dbg> zmk: zmk_hid_mouse_scroll_set: Mouse scroll set to 0/0[0m
[00:01:21.232,666] [0m<dbg> zmk: zmk_hid_mouse_movement_set: Mouse movement set to 0/0[0m
[00:01:21.240,661] [0m<inf> exp02_logging: XY 81240 -3092375 -526506[0m
[00:01:21.240,783] [0m<dbg> zmk: zmk_hid_mouse_movement_set: Mouse movement set to 127/127[0m
[00:01:21.240,783] [0m<dbg> zmk: zmk_hid_mouse_scroll_set: Mouse scroll set to 0/0[0m
[00:01:21.240,814] [0m<dbg> zmk: zmk_hid_mouse_movement_set: Mouse movement set to 0/0[0m
[00:01:21.248,596] [0m<inf> exp02_logging: XY 81248 -8355840 -8355840[0m
[00:01:21.248,718] [0m<dbg> zmk: zmk_hid_mouse_movement_set: Mouse movement set to 0/0[0m
[00:01:21.248,718] [0m<dbg> zmk: zmk_hid_mouse_scroll_set: Mouse scroll set to 0/0[0m
[00:01:21.248,748] [0m<dbg> zmk: zmk_hid_mouse_movement_set: Mouse movement set to 0/0[0m
[00:01:21.256,622] [0m<inf> exp02_logging: XY 81256 -8355840 -4802939[0m
[00:01:21.256,713] [0m<dbg> zmk: zmk_hid_mouse_movement_set: Mouse movement set to 0/127[0m
[00:01:21.256,744] [0m<dbg> zmk: zmk_hid_mouse_scroll_set: Mouse scroll set to 0/0[0m
[00:01:21.256,744] [0m<dbg> zmk: zmk_hid_mouse_movement_set: Mouse movement set to 0/0[0m
[00:01:21.264,739] [0m<inf> exp02_logging: XY 81264 -1513425 -8355840[0m
[00:01:21.264,862] [0m<dbg> zmk: zmk_hid_mouse_movement_set: Mouse movement set to 127/0[0m
[00:01:21.264,862] [0m<dbg> zmk: zmk_hid_mouse_scroll_set: Mouse scroll set to 0/0[0m
[00:01:21.264,892] [0m<dbg> zmk: zmk_hid_mouse_movement_set: Mouse movement set to 0/0[0m
[00:01:21.272,674] [0m<inf> exp02_logging: XY 81272 -8355840 -8355840[0m
[00:01:21.272,735] [0m<dbg> zmk: zmk_hid_mouse_movement_set: Mouse movement set to 0/0[0m
[00:01:21.272,766] [0m<dbg> zmk: zmk_hid_mouse_scroll_set: Mouse scroll set to 0/0[0m
[00:01:21.272,766] [0m<dbg> zmk: zmk_hid_mouse_movement_set: Mouse movement set to 0/0[0m
[00:01:21.280,700] [0m<inf> exp02_logging: XY 81280 -2829062 -592273[0m
[00:01:21.280,853] [0m<dbg> zmk: zmk_hid_mouse_movement_set: Mouse movement set to 127/127[0m
[00:01:21.280,853] [0m<dbg> zmk: zmk_hid_mouse_scroll_set: Mouse scroll set to 0/0[0m
[00:01:21.280,883] [0m<dbg> zmk: zmk_hid_mouse_movement_set: Mouse movement set to 0/0[0m
[00:01:21.288,818] [0m<inf> exp02_logging: XY 81288 -8355840 -8355840[0m
[00:01:21.288,909] [0m<dbg> zmk: zmk_hid_mouse_movement_set: Mouse movement set to 0/0[0m
[00:01:21.288,940] [0m<dbg> zmk: zmk_hid_mouse_scroll_set: Mouse scroll set to 0/0[0m
[00:01:21.288,940] [0m<dbg> zmk: zmk_hid_mouse_movement_set: Mouse movement set to 0/0[0m
[00:01:21.296,752] [0m<inf> exp02_logging: XY 81296 -8355840 -4408238[0m
[00:01:21.296,844] [0m<dbg> zmk: zmk_hid_mouse_movement_set: Mouse movement set to 0/127[0m
[00:01:21.296,844] [0m<dbg> zmk: zmk_hid_mouse_scroll_set: Mouse scroll set to 0/0[0m
[00:01:21.296,875] [0m<dbg> zmk: zmk_hid_mouse_movement_set: Mouse movement set to 0/0[0m
[00:01:21.304,779] [0m<inf> exp02_logging: XY 81304 -1908002 -8355840[0m
[00:01:21.304,901] [0m<dbg> zmk: zmk_hid_mouse_movement_set: Mouse movement set to 127/0[0m
[00:01:21.304,931] [0m<dbg> zmk: zmk_hid_mouse_scroll_set: Mouse scroll set to 0/0[0m
[00:01:21.304,931] [0m<dbg> zmk: zmk_hid_mouse_movement_set: Mouse movement set to 0/0[0m
[00:01:21.312,896] [0m<inf> exp02_logging: XY 81312 -8355840 -8355840[0m
[00:01:21.312,957] [0m<dbg> zmk: zmk_hid_mouse_movement_set: Mouse movement set to 0/0[0m
[00:01:21.312,988] [0m<dbg> zmk: zmk_hid_mouse_scroll_set: Mouse scroll set to 0/0[0m
[00:01:21.312,988] [0m<dbg> zmk: zmk_hid_mouse_movement_set: Mouse movement set to 0/0[0m
[00:01:21.320,831] [0m<inf> exp02_logging: XY 81320 -2566064 -789726[0m
[00:01:21.320,953] [0m<dbg> zmk: zmk_hid_mouse_movement_set: Mouse movement set to 127/127[0m
[00:01:21.320,983] [0m<dbg> zmk: zmk_hid_mouse_scroll_set: Mouse scroll set to 0/0[0m
[00:01:21.320,983] [0m<dbg> zmk: zmk_hid_mouse_movement_set: Mouse movement set to 0/0[0m
[00:01:21.328,857] [0m<inf> exp02_logging: XY 81328 -8355840 -8355840[0m
[00:01:21.328,979] [0m<dbg> zmk: zmk_hid_mouse_movement_set: Mouse movement set to 0/0[0m
[00:01:21.329,010] [0m<dbg> zmk: zmk_hid_mouse_scroll_set: Mouse scroll set to 0/0[0m
[00:01:21.329,010] [0m<dbg> zmk: zmk_hid_mouse_movement_set: Mouse movement set to 0/0[0m
[00:01:21.336,944] [0m<inf> exp02_logging: XY 81336 -8355840 -4079285[0m
[00:01:21.337,036] [0m<dbg> zmk: zmk_hid_mouse_movement_set: Mouse movement set to 0/127[0m
[00:01:21.337,066] [0m<dbg> zmk: zmk_hid_mouse_scroll_set: Mouse scroll set to 0/0[0m
[00:01:21.337,066] [0m<dbg> zmk: zmk_hid_mouse_movement_set: Mouse movement set to 0/0[0m
[00:01:21.344,909] [0m<inf> exp02_logging: XY 81344 -2500122 -8355840[0m
[00:01:21.345,031] [0m<dbg> zmk: zmk_hid_mouse_movement_set: Mouse movement set to 127/0[0m
[00:01:21.345,062] [0m<dbg> zmk: zmk_hid_mouse_scroll_set: Mouse scroll set to 0/0[0m
[00:01:21.345,062] [0m<dbg> zmk: zmk_hid_mouse_movement_set: Mouse movement set to 0/0[0m
[00:01:21.352,935] [0m<inf> exp02_logging: XY 81352 -8355840 -8355840[0m
[00:01:21.353,027] [0m<dbg> zmk: zmk_hid_mouse_movement_set: Mouse movement set to 0/0[0m
[00:01:21.353,027] [0m<dbg> zmk: zmk_hid_mouse_scroll_set: Mouse scroll set to 0/0[0m
[00:01:21.353,057] [0m<dbg> zmk: zmk_hid_mouse_movement_set: Mouse movement set to 0/0[0m
[00:01:21.361,053] [0m<inf> exp02_logging: XY 81361 -2237091 -1381886[0m
[00:01:21.361,175] [0m<dbg> zmk: zmk_hid_mouse_movement_set: Mouse movement set to 127/127[0m
[00:01:21.361,175] [0m<dbg> zmk: zmk_hid_mouse_scroll_set: Mouse scroll set to 0/0[0m
[00:01:21.361,206] [0m<dbg> zmk: zmk_hid_mouse_movement_set: Mouse movement set to 0/0[0m
[00:01:21.368,988] [0m<inf> exp02_logging: XY 81368 -8355840 -8355840[0m
[00:01:21.369,110] [0m<dbg> zmk: zmk_hid_mouse_movement_set: Mouse movement set to 0/0[0m
[00:01:21.369,110] [0m<dbg> zmk: zmk_hid_mouse_scroll_set: Mouse scroll set to 0/0[0m
[00:01:21.369,140] [0m<dbg> zmk: zmk_hid_mouse_movement_set: Mouse movement set to 0/0[0m
[00:01:21.377,014] [0m<inf> exp02_logging: XY 81377 -8355840 -3947680[0m
[00:01:21.377,105] [0m<dbg> zmk: zmk_hid_mouse_movement_set: Mouse movement set to 0/127[0m
[00:01:21.377,136] [0m<dbg> zmk: zmk_hid_mouse_scroll_set: Mouse scroll set to 0/0[0m
[00:01:21.377,136] [0m<dbg> zmk: zmk_hid_mouse_movement_set: Mouse movement set to 0/0[0m
[00:01:21.385,131] [0m<inf> exp02_logging: XY 81385 -3026493 -8355840[0m
[00:01:21.385,253] [0m<dbg> zmk: zmk_hid_mouse_movement_set: Mouse movement set to 127/0[0m
[00:01:21.385,253] [0m<dbg> zmk: zmk_hid_mouse_scroll_set: Mouse scroll set to 0/0[0m
[00:01:21.385,284] [0m<dbg> zmk: zmk_hid_mouse_movement_set: Mouse movement set to 0/0[0m
[00:01:21.393,066] [0m<inf> exp02_logging: XY 81393 -8355840 -8355840[0m
[00:01:21.393,157] [0m<dbg> zmk: zmk_hid_mouse_movement_set: Mouse movement set to 0/0[0m
[00:01:21.393,157] [0m<dbg> zmk: zmk_hid_mouse_scroll_set: Mouse scroll set to 0/0[0m
[00:01:21.393,188] [0m<dbg> zmk: zmk_hid_mouse_movement_set: Mouse movement set to 0/0[0m
[00:01:21.401,092] [0m<inf> exp02_logging: XY 81401 -2039634 -1710714[0m
[00:01:21.401,245] [0m<dbg> zmk: zmk_hid_mouse_movement_set: Mouse movement set to 127/127[0m
[00:01:21.401,245] [0m<dbg> zmk: zmk_hid_mouse_scroll_set: Mouse scroll set to 0/0[0m
[00:01:21.401,275] [0m<dbg> zmk: zmk_hid_mouse_movement_set: Mouse movement set to 0/0[0m
[00:01:21.409,210] [0m<inf> exp02_logging: XY 81409 -8355840 -8355840[0m
[00:01:21.409,301] [0m<dbg> zmk: zmk_hid_mouse_movement_set: Mouse movement set to 0/0[0m
[00:01:21.409,332] [0m<dbg> zmk: zmk_hid_mouse_scroll_set: Mouse scroll set to 0/0[0m
[00:01:21.409,332] [0m<dbg> zmk: zmk_hid_mouse_movement_set: Mouse movement set to 0/0[0m
[00:01:21.417,144] [0m<inf> exp02_logging: XY 81417 -8355840 -3618605[0m
[00:01:21.417,236] [0m<dbg> zmk: zmk_hid_mouse_movement_set: Mouse movement set to 0/127[0m
[00:01:21.417,236] [0m<dbg> zmk: zmk_hid_mouse_scroll_set: Mouse scroll set to 0/0[0m
[00:01:21.417,266] [0m<dbg> zmk: zmk_hid_mouse_movement_set: Mouse movement set to 0/0[0m
[00:01:21.425,170] [0m<inf> exp02_logging: XY 81425 -3289743 -8355840[0m
[00:01:21.425,292] [0m<dbg> zmk: zmk_hid_mouse_movement_set: Mouse movement set to 127/0[0m
[00:01:21.425,323] [0m<dbg> zmk: zmk_hid_mouse_scroll_set: Mouse scroll set to 0/0[0m
[00:01:21.425,323] [0m<dbg> zmk: zmk_hid_mouse_movement_set: Mouse movement set to 0/0[0m
[00:01:21.433,288] [0m<inf> exp02_logging: XY 81433 -8355840 -8355840[0m
[00:01:21.433,349] [0m<dbg> zmk: zmk_hid_mouse_movement_set: Mouse movement set to 0/0[0m
[00:01:21.433,380] [0m<dbg> zmk: zmk_hid_mouse_scroll_set: Mouse scroll set to 0/0[0m
[00:01:21.433,380] [0m<dbg> zmk: zmk_hid_mouse_movement_set: Mouse movement set to 0/0[0m
[00:01:21.441,223] [0m<inf> exp02_logging: XY 81441 -1644858 -2237127[0m
[00:01:21.441,345] [0m<dbg> zmk: zmk_hid_mouse_movement_set: Mouse movement set to 127/127[0m
[00:01:21.441,375] [0m<dbg> zmk: zmk_hid_mouse_scroll_set: Mouse scroll set to 0/0[0m
[00:01:21.441,375] [0m<dbg> zmk: zmk_hid_mouse_movement_set: Mouse movement set to 0/0[0m
[00:01:21.449,249] [0m<inf> exp02_logging: XY 81449 -8355840 -8355840[0m
[00:01:21.449,371] [0m<dbg> zmk: zmk_hid_mouse_movement_set: Mouse movement set to 0/0[0m
[00:01:21.449,401] [0m<dbg> zmk: zmk_hid_mouse_scroll_set: Mouse scroll set to 0/0[0m
[00:01:21.449,401] [0m<dbg> zmk: zmk_hid_mouse_movement_set: Mouse movement set to 0/0[0m
[00:01:21.457,366] [0m<inf> exp02_logging: XY 81457 -8355840 -3092265[0m
[00:01:21.457,427] [0m<dbg> zmk: zmk_hid_mouse_movement_set: Mouse movement set to 0/127[0m
[00:01:21.457,458] [0m<dbg> zmk: zmk_hid_mouse_scroll_set: Mouse scroll set to 0/0[0m
[00:01:21.457,458] [0m<dbg> zmk: zmk_hid_mouse_movement_set: Mouse movement set to 0/0[0m
[00:01:21.465,301] [0m<inf> exp02_logging: XY 81465 -3881778 -8355840[0m
[00:01:21.465,423] [0m<dbg> zmk: zmk_hid_mouse_movement_set: Mouse movement set to 127/0[0m
[00:01:21.465,454] [0m<dbg> zmk: zmk_hid_mouse_scroll_set: Mouse scroll set to 0/0[0m
[00:01:21.465,454] [0m<dbg> zmk: zmk_hid_mouse_movement_set: Mouse movement set to 0/0[0m
[00:01:21.473,327] [0m<inf> exp02_logging: XY 81473 -8355840 -8355840[0m
[00:01:21.473,419] [0m<dbg> zmk: zmk_hid_mouse_movement_set: Mouse movement set to 0/0[0m
[00:01:21.473,419] [0m<dbg> zmk: zmk_hid_mouse_scroll_set: Mouse scroll set to 0/0[0m
[00:01:21.473,449] [0m<dbg> zmk: zmk_hid_mouse_movement_set: Mouse movement set to 0/0[0m
[00:01:21.481,445] [0m<inf> exp02_logging: XY 81481 -855543 -3026493[0m
[00:01:21.481,567] [0m<dbg> zmk: zmk_hid_mouse_movement_set: Mouse movement set to 127/127[0m
[00:01:21.481,597] [0m<dbg> zmk: zmk_hid_mouse_scroll_set: Mouse scroll set to 0/0[0m
[00:01:21.481,597] [0m<dbg> zmk: zmk_hid_mouse_movement_set: Mouse movement set to 0/0[0m
[00:01:21.489,379] [0m<inf> exp02_logging: XY 81489 -8355840 -8355840[0m
[00:01:21.489,501] [0m<dbg> zmk: zmk_hid_mouse_movement_set: Mouse movement set to 0/0[0m
[00:01:21.489,501] [0m<dbg> zmk: zmk_hid_mouse_scroll_set: Mouse scroll set to 0/0[0m
[00:01:21.489,532] [0m<dbg> zmk: zmk_hid_mouse_movement_set: Mouse movement set to 0/0[0m
[00:01:21.497,406] [0m<inf> exp02_logging: XY 81497 -8355840 -2894924[0m
[00:01:21.497,497] [0m<dbg> zmk: zmk_hid_mouse_movement_set: Mouse movement set to 0/127[0m
[00:01:21.497,528] [0m<dbg> zmk: zmk_hid_mouse_scroll_set: Mouse scroll set to 0/0[0m
[00:01:21.497,528] [0m<dbg> zmk: zmk_hid_mouse_movement_set: Mouse movement set to 0/0[0m
[00:01:21.505,523] [0m<inf> exp02_logging: XY 81505 -4408234 -8355840[0m
[00:01:21.505,645] [0m<dbg> zmk: zmk_hid_mouse_movement_set: Mouse movement set to 127/0[0m
[00:01:21.505,645] [0m<dbg> zmk: zmk_hid_mouse_scroll_set: Mouse scroll set to 0/0[0m
[00:01:21.505,676] [0m<dbg> zmk: zmk_hid_mouse_movement_set: Mouse movement set to 0/0[0m
[00:01:21.513,458] [0m<inf> exp02_logging: XY 81513 -8355840 -8355840[0m
[00:01:21.513,519] [0m<dbg> zmk: zmk_hid_mouse_movement_set: Mouse movement set to 0/0[0m
[00:01:21.513,549] [0m<dbg> zmk: zmk_hid_mouse_scroll_set: Mouse scroll set to 0/0[0m
[00:01:21.513,580] [0m<dbg> zmk: zmk_hid_mouse_movement_set: Mouse movement set to 0/0[0m
[00:01:21.521,484] [0m<inf> exp02_logging: XY 81521 -855435 -3223994[0m
[00:01:21.521,606] [0m<dbg> zmk: zmk_hid_mouse_movement_set: Mouse movement set to 127/127[0m
[00:01:21.521,636] [0m<dbg> zmk: zmk_hid_mouse_scroll_set: Mouse scroll set to 0/0[0m
[00:01:21.521,667] [0m<dbg> zmk: zmk_hid_mouse_movement_set: Mouse movement set to 0/0[0m
[00:01:21.529,602] [0m<inf> exp02_logging: XY 81529 -8355840 -8355840[0m
[00:01:21.529,693] [0m<dbg> zmk: zmk_hid_mouse_movement_set: Mouse movement set to 0/0[0m
[00:01:21.529,724] [0m<dbg> zmk: zmk_hid_mouse_scroll_set: Mouse scroll set to 0/0[0m
[00:01:21.529,724] [0m<dbg> zmk: zmk_hid_mouse_movement_set: Mouse movement set to 0/0[0m
[00:01:21.537,536] [0m<inf> exp02_logging: XY 81537 -8355840 -2500287[0m
[00:01:21.537,628] [0m<dbg> zmk: zmk_hid_mouse_movement_set: Mouse movement set to 0/127[0m
[00:01:21.537,628] [0m<dbg> zmk: zmk_hid_mouse_scroll_set: Mouse scroll set to 0/0[0m
[00:01:21.537,658] [0m<dbg> zmk: zmk_hid_mouse_movement_set: Mouse movement set to 0/0[0m
[00:01:21.545,562] [0m<inf> exp02_logging: XY 81545 -4737190 -8355840[0m
[00:01:21.545,684] [0m<dbg> zmk: zmk_hid_mouse_movement_set: Mouse movement set to 127/0[0m
[00:01:21.545,715] [0m<dbg> zmk: zmk_hid_mouse_scroll_set: Mouse scroll set to 0/0[0m
[00:01:21.545,715] [0m<dbg> zmk: zmk_hid_mouse_movement_set: Mouse movement set to 0/0[0m
[00:01:21.553,680] [0m<inf> exp02_logging: XY 81553 -8355840 -8355840[0m
[00:01:21.553,741] [0m<dbg> zmk: zmk_hid_mouse_movement_set: Mouse movement set to 0/0[0m
[00:01:21.553,771] [0m<dbg> zmk: zmk_hid_mouse_scroll_set: Mouse scroll set to 0/0[0m
[00:01:21.553,771] [0m<dbg> zmk: zmk_hid_mouse_movement_set: Mouse movement set to 0/0[0m
[00:01:21.561,645] [0m<inf> exp02_logging: XY 81561 -855447 -3684489[0m
[00:01:21.561,767] [0m<dbg> zmk: zmk_hid_mouse_movement_set: Mouse movement set to 127/127[0m
[00:01:21.561,767] [0m<dbg> zmk: zmk_hid_mouse_scroll_set: Mouse scroll set to 0/0[0m
[00:01:21.561,798] [0m<dbg> zmk: zmk_hid_mouse_movement_set: Mouse movement set to 0/0[0m
[00:01:21.569,641] [0m<inf> exp02_logging: XY 81569 -8355840 -8355840[0m
[00:01:21.569,763] [0m<dbg> zmk: zmk_hid_mouse_movement_set: Mouse movement set to 0/0[0m
[00:01:21.569,793] [0m<dbg> zmk: zmk_hid_mouse_scroll_set: Mouse scroll set to 0/0[0m
[00:01:21.569,793] [0m<dbg> zmk: zmk_hid_mouse_movement_set: Mouse movement set to 0/0[0m
[00:01:21.577,758] [0m<inf> exp02_logging: XY 81577 -8355840 -2105436[0m
[00:01:21.577,819] [0m<dbg> zmk: zmk_hid_mouse_movement_set: Mouse movement set to 0/127[0m
[00:01:21.577,850] [0m<dbg> zmk: zmk_hid_mouse_scroll_set: Mouse scroll set to 0/0[0m
[00:01:21.577,850] [0m<dbg> zmk: zmk_hid_mouse_movement_set: Mouse movement set to 0/0[0m
[00:01:21.585,693] [0m<inf> exp02_logging: XY 81585 -5329267 -8355840[0m
[00:01:21.585,815] [0m<dbg> zmk: zmk_hid_mouse_movement_set: Mouse movement set to 127/0[0m
[00:01:21.585,815] [0m<dbg> zmk: zmk_hid_mouse_scroll_set: Mouse scroll set to 0/0[0m
[00:01:21.585,845] [0m<dbg> zmk: zmk_hid_mouse_movement_set: Mouse movement set to 0/0[0m
[00:01:21.593,719] [0m<inf> exp02_logging: XY 81593 -8355840 -8355840[0m
[00:01:21.593,811] [0m<dbg> zmk: zmk_hid_mouse_movement_set: Mouse movement set to 0/0[0m
[00:01:21.593,811] [0m<dbg> zmk: zmk_hid_mouse_scroll_set: Mouse scroll set to 0/0[0m
[00:01:21.593,841] [0m<dbg> zmk: zmk_hid_mouse_movement_set: Mouse movement set to 0/0[0m
[00:01:21.601,837] [0m<inf> exp02_logging: XY 81601 -789702 -4210818[0m
[00:01:21.601,959] [0m<dbg> zmk: zmk_hid_mouse_movement_set: Mouse movement set to 127/127[0m
[00:01:21.601,989] [0m<dbg> zmk: zmk_hid_mouse_scroll_set: Mouse scroll set to 0/0[0m
[00:01:21.601,989] [0m<dbg> zmk: zmk_hid_mouse_movement_set: Mouse movement set to 0/0[0m
[00:01:21.609,771] [0m<inf> exp02_logging: XY 81609 -8355840 -8355840[0m
[00:01:21.609,893] [0m<dbg> zmk: zmk_hid_mouse_movement_set: Mouse movement set to 0/0[0m
[00:01:21.609,893] [0m<dbg> zmk: zmk_hid_mouse_scroll_set: Mouse scroll set to 0/0[0m
[00:01:21.609,924] [0m<dbg> zmk: zmk_hid_mouse_movement_set: Mouse movement set to 0/0[0m
[00:01:21.617,797] [0m<inf> exp02_logging: XY 81617 -8355840 -1842348[0m
[00:01:21.617,889] [0m<dbg> zmk: zmk_hid_mouse_movement_set: Mouse movement set to 0/127[0m
[00:01:21.617,919] [0m<dbg> zmk: zmk_hid_mouse_scroll_set: Mouse scroll set to 0/0[0m
[00:01:21.617,919] [0m<dbg> zmk: zmk_hid_mouse_movement_set: Mouse movement set to 0/0[0m
[00:01:21.625,915] [0m<inf> exp02_logging: XY 81625 -5724099 -8355840[0m
[00:01:21.626,037] [0m<dbg> zmk: zmk_hid_mouse_movement_set: Mouse movement set to 127/0[0m
[00:01:21.626,037] [0m<dbg> zmk: zmk_hid_mouse_scroll_set: Mouse scroll set to 0/0[0m
[00:01:21.626,068] [0m<dbg> zmk: zmk_hid_mouse_movement_set: Mouse movement set to 0/0[0m
[00:01:21.633,850] [0m<inf> exp02_logging: XY 81633 -8355840 -8355840[0m
[00:01:21.633,941] [0m<dbg> zmk: zmk_hid_mouse_movement_set: Mouse movement set to 0/0[0m
[00:01:21.633,941] [0m<dbg> zmk: zmk_hid_mouse_scroll_set: Mouse scroll set to 0/0[0m
[00:01:21.633,972] [0m<dbg> zmk: zmk_hid_mouse_movement_set: Mouse movement set to 0/0[0m
[00:01:21.641,876] [0m<inf> exp02_logging: XY 81641 -855449 -4408149[0m
[00:01:21.642,028] [0m<dbg> zmk: zmk_hid_mouse_movement_set: Mouse movement set to 127/127[0m
[00:01:21.642,028] [0m<dbg> zmk: zmk_hid_mouse_scroll_set: Mouse scroll set to 0/0[0m
[00:01:21.642,059] [0m<dbg> zmk: zmk_hid_mouse_movement_set: Mouse movement set to 0/0[0m
[00:01:21.649,993] [0m<inf> exp02_logging: XY 81649 -8355840 -8355840[0m
[00:01:21.650,085] [0m<dbg> zmk: zmk_hid_mouse_movement_set: Mouse movement set to 0/0[0m
[00:01:21.650,115] [0m<dbg> zmk: zmk_hid_mouse_scroll_set: Mouse scroll set to 0/0[0m
[00:01:21.650,115] [0m<dbg> zmk: zmk_hid_mouse_movement_set: Mouse movement set to 0/0[0m
[00:01:21.657,958] [0m<inf> exp02_logging: XY 81657 -8355840 -1381660[0m
[00:01:21.658,050] [0m<dbg> zmk: zmk_hid_mouse_movement_set: Mouse movement set to 0/127[0m
[00:01:21.658,050] [0m<dbg> zmk: zmk_hid_mouse_scroll_set: Mouse scroll set to 0/0[0m
[00:01:21.658,081] [0m<dbg> zmk: zmk_hid_mouse_movement_set: Mouse movement set to 0/0[0m
[00:01:21.665,954] [0m<inf> exp02_logging: XY 81665 -6184594 -8355840[0m
[00:01:21.666,076] [0m<dbg> zmk: zmk_hid_mouse_movement_set: Mouse movement set to 127/0[0m
[00:01:21.666,107] [0m<dbg> zmk: zmk_hid_mouse_scroll_set: Mouse scroll set to 0/0[0m
[00:01:21.666,107] [0m<dbg> zmk: zmk_hid_mouse_movement_set: Mouse movement set to 0/0[0m
[00:01:21.674,072] [0m<inf> exp02_logging: XY 81674 -8355840 -8355840[0m
[00:01:21.674,133] [0m<dbg> zmk: zmk_hid_mouse_movement_set: Mouse movement set to 0/0[0m
[00:01:21.674,163] [0m<dbg> zmk: zmk_hid_mouse_scroll_set: Mouse scroll set to 0/0[0m
[00:01:21.674,163] [0m<dbg> zmk: zmk_hid_mouse_movement_set: Mouse movement set to 0/0[0m
[00:01:21.682,037] [0m<inf> exp02_logging: XY 81682 -789683 -5197600[0m
[00:01:21.682,159] [0m<dbg> zmk: zmk_hid_mouse_movement_set: Mouse movement set to 127/127[0m
[00:01:21.682,189] [0m<dbg> zmk: zmk_hid_mouse_scroll_set: Mouse scroll set to 0/0[0m
[00:01:21.682,189] [0m<dbg> zmk: zmk_hid_mouse_movement_set: Mouse movement set to 0/0[0m
[00:01:21.690,032] [0m<inf> exp02_logging: XY 81690 -8355840 -8355840[0m
[00:01:21.690,155] [0m<dbg> zmk: zmk_hid_mouse_movement_set: Mouse movement set to 0/0[0m
[00:01:21.690,185] [0m<dbg> zmk: zmk_hid_mouse_scroll_set: Mouse scroll set to 0/0[0m
[00:01:21.690,185] [0m<dbg> zmk: zmk_hid_mouse_movement_set: Mouse movement set to 0/0[0m
[00:01:21.698,150] [0m<inf> exp02_logging: XY 81698 -8355840 -1052744[0m
[00:01:21.698,211] [0m<dbg> zmk: zmk_hid_mouse_movement_set: Mouse movement set to 0/127[0m
[00:01:21.698,242] [0m<dbg> zmk: zmk_hid_mouse_scroll_set: Mouse scroll set to 0/0[0m
[00:01:21.698,272] [0m<dbg> zmk: zmk_hid_mouse_movement_set: Mouse movement set to 0/0[0m
[00:01:21.706,085] [0m<inf> exp02_logging: XY 81706 -6579213 -8355840[0m
[00:01:21.706,207] [0m<dbg> zmk: zmk_hid_mouse_movement_set: Mouse movement set to 127/0[0m
[00:01:21.706,237] [0m<dbg> zmk: zmk_hid_mouse_scroll_set: Mouse scroll set to 0/0[0m
[00:01:21.706,237] [0m<dbg> zmk: zmk_hid_mouse_movement_set: Mouse movement set to 0/0[0m
[00:01:21.714,111] [0m<inf> exp02_logging: XY 81714 -8355840 -8355840[0m
[00:01:21.714,202] [0m<dbg> zmk: zmk_hid_mouse_movement_set: Mouse movement set to 0/0[0m
[00:01:21.714,202] [0m<dbg> zmk: zmk_hid_mouse_scroll_set: Mouse scroll set to 0/0[0m
[00:01:21.714,233] [0m<dbg> zmk: zmk_hid_mouse_movement_set: Mouse movement set to 0/0[0m
[00:01:21.722,229] [0m<inf> exp02_logging: XY 81722 -855478 -5724014[0m
[00:01:21.722,351] [0m<dbg> zmk: zmk_hid_mouse_movement_set: Mouse movement set to 127/127[0m
[00:01:21.722,381] [0m<dbg> zmk: zmk_hid_mouse_scroll_set: Mouse scroll set to 0/0[0m
[00:01:21.722,381] [0m<dbg> zmk: zmk_hid_mouse_movement_set: Mouse movement set to 0/0[0m
[00:01:21.730,163] [0m<inf> exp02_logging: XY 81730 -8355840 -8355840[0m
[00:01:21.730,285] [0m<dbg> zmk: zmk_hid_mouse_movement_set: Mouse movement set to 0/0[0m
[00:01:21.730,285] [0m<dbg> zmk: zmk_hid_mouse_scroll_set: Mouse scroll set to 0/0[0m
[00:01:21.730,316] [0m<dbg> zmk: zmk_hid_mouse_movement_set: Mouse movement set to 0/0[0m
[00:01:21.738,189] [0m<inf> exp02_logging: XY 81738 -8355840 -986965[0m
[00:01:21.738,281] [0m<dbg> zmk: zmk_hid_mouse_movement_set: Mouse movement set to 0/127[0m
[00:01:21.738,311] [0m<dbg> zmk: zmk_hid_mouse_scroll_set: Mouse scroll set to 0/0[0m
[00:01:21.738,311] [0m<dbg> zmk: zmk_hid_mouse_movement_set: Mouse movement set to 0/0[0m
[00:01:21.746,307] [0m<inf> exp02_logging: XY 81746 -7105712 -8355840[0m
[00:01:21.746,429] [0m<dbg> zmk: zmk_hid_mouse_movement_set: Mouse movement set to 127/0[0m
[00:01:21.746,429] [0m<dbg> zmk: zmk_hid_mouse_scroll_set: Mouse scroll set to 0/0[0m
[00:01:21.746,459] [0m<dbg> zmk: zmk_hid_mouse_movement_set: Mouse movement set to 0/0[0m
[00:01:21.754,241] [0m<inf> exp02_logging: XY 81754 -8355840 -8355840[0m
[00:01:21.754,302] [0m<dbg> zmk: zmk_hid_mouse_movement_set: Mouse movement set to 0/0[0m
[00:01:21.754,333] [0m<dbg> zmk: zmk_hid_mouse_scroll_set: Mouse scroll set to 0/0[0m
[00:01:21.754,333] [0m<dbg> zmk: zmk_hid_mouse_movement_set: Mouse movement set to 0/0[0m
[00:01:21.762,268] [0m<inf> exp02_logging: XY 81762 -855320 -6118803[0m
[00:01:21.762,390] [0m<dbg> zmk: zmk_hid_mouse_movement_set: Mouse movement set to 127/127[0m
[00:01:21.762,420] [0m<dbg> zmk: zmk_hid_mouse_scroll_set: Mouse scroll set to 0/0[0m
[00:01:21.762,451] [0m<dbg> zmk: zmk_hid_mouse_movement_set: Mouse movement set to 0/0[0m
[00:01:21.770,385] [0m<inf> exp02_logging: XY 81770 -8355840 -8355840[0m
[00:01:21.770,477] [0m<dbg> zmk: zmk_hid_mouse_movement_set: Mouse movement set to 0/0[0m
[00:01:21.770,507] [0m<dbg> zmk: zmk_hid_mouse_scroll_set: Mouse scroll set to 0/0[0m
[00:01:21.770,507] [0m<dbg> zmk: zmk_hid_mouse_movement_set: Mouse movement set to 0/0[0m
[00:01:21.778,320] [0m<inf> exp02_logging: XY 81778 -8355840 -921237[0m
[00:01:21.778,411] [0m<dbg> zmk: zmk_hid_mouse_movement_set: Mouse movement set to 0/127[0m
[00:01:21.778,411] [0m<dbg> zmk: zmk_hid_mouse_scroll_set: Mouse scroll set to 0/0[0m
[00:01:21.778,442] [0m<dbg> zmk: zmk_hid_mouse_movement_set: Mouse movement set to 0/0[0m
[00:01:21.786,346] [0m<inf> exp02_logging: XY 81786 -7434625 -8355840[0m
[00:01:21.786,468] [0m<dbg> zmk: zmk_hid_mouse_movement_set: Mouse movement set to 127/0[0m
[00:01:21.786,499] [0m<dbg> zmk: zmk_hid_mouse_scroll_set: Mouse scroll set to 0/0[0m
[00:01:21.786,499] [0m<dbg> zmk: zmk_hid_mouse_movement_set: Mouse movement set to 0/0[0m
[00:01:21.794,464] [0m<inf> exp02_logging: XY 81794 -8355840 -8355840[0m
[00:01:21.794,525] [0m<dbg> zmk: zmk_hid_mouse_movement_set: Mouse movement set to 0/0[0m
[00:01:21.794,555] [0m<dbg> zmk: zmk_hid_mouse_scroll_set: Mouse scroll set to 0/0[0m
[00:01:21.794,555] [0m<dbg> zmk: zmk_hid_mouse_movement_set: Mouse movement set to 0/0[0m
[00:01:21.802,398] [0m<inf> exp02_logging: XY 81802 -789661 -6447631[0m
[00:01:21.802,520] [0m<dbg> zmk: zmk_hid_mouse_movement_set: Mouse movement set to 127/127[0m
[00:01:21.802,551] [0m<dbg> zmk: zmk_hid_mouse_scroll_set: Mouse scroll set to 0/0[0m
[00:01:21.802,551] [0m<dbg> zmk: zmk_hid_mouse_movement_set: Mouse movement set to 0/0[0m
[00:01:21.810,424] [0m<inf> exp02_logging: XY 81810 -8355840 -8355840[0m
[00:01:21.810,546] [0m<dbg> zmk: zmk_hid_mouse_movement_set: Mouse movement set to 0/0[0m
[00:01:21.810,577] [0m<dbg> zmk: zmk_hid_mouse_scroll_set: Mouse scroll set to 0/0[0m
[00:01:21.810,577] [0m<dbg> zmk: zmk_hid_mouse_movement_set: Mouse movement set to 0/0[0m
[00:01:21.818,542] [0m<inf> exp02_logging: XY 81818 -8224152 -855490[0m
[00:01:21.818,664] [0m<dbg> zmk: zmk_hid_mouse_movement_set: Mouse movement set to 25/127[0m
[00:01:21.818,695] [0m<dbg> zmk: zmk_hid_mouse_scroll_set: Mouse scroll set to 0/0[0m
[00:01:21.818,695] [0m<dbg> zmk: zmk_hid_mouse_movement_set: Mouse movement set to 0/0[0m
[00:01:21.826,477] [0m<inf> exp02_logging: XY 81826 -8355786 -8355840[0m
[00:01:21.826,599] [0m<dbg> zmk: zmk_hid_mouse_movement_set: Mouse movement set to 0/0[0m
[00:01:21.826,599] [0m<dbg> zmk: zmk_hid_mouse_scroll_set: Mouse scroll set to 0/0[0m
[00:01:21.826,629] [0m<dbg> zmk: zmk_hid_mouse_movement_set: Mouse movement set to 0/0[0m
[00:01:21.834,503] [0m<inf> exp02_logging: XY 81834 -8355840 -8355840[0m
[00:01:21.842,620] [0m<inf> exp02_logging: XY 81842 -789514 -6908339[0m
[00:01:21.842,742] [0m<dbg> zmk: zmk_hid_mouse_movement_set: Mouse movement set to 127/127[0m
[00:01:21.842,742] [0m<dbg> zmk: zmk_hid_mouse_scroll_set: Mouse scroll set to 0/0[0m
[00:01:21.842,773] [0m<dbg> zmk: zmk_hid_mouse_movement_set: Mouse movement set to 0/0[0m
[00:01:21.850,585] [0m<inf> exp02_logging: XY 81850 -8355840 -8355840[0m
[00:01:21.850,708] [0m<dbg> zmk: zmk_hid_mouse_movement_set: Mouse movement set to 0/0[0m
[00:01:21.850,708] [0m<dbg> zmk: zmk_hid_mouse_scroll_set: Mouse scroll set to 0/0[0m
[00:01:21.850,738] [0m<dbg> zmk: zmk_hid_mouse_movement_set: Mouse movement set to 0/0[0m
[00:01:21.858,673] [0m<inf> exp02_logging: XY 81858 -7763618 -855460[0m
[00:01:21.858,795] [0m<dbg> zmk: zmk_hid_mouse_movement_set: Mouse movement set to 114/127[0m
[00:01:21.858,825] [0m<dbg> zmk: zmk_hid_mouse_scroll_set: Mouse scroll set to 0/0[0m
[00:01:21.858,825] [0m<dbg> zmk: zmk_hid_mouse_movement_set: Mouse movement set to 0/0[0m
[00:01:21.866,607] [0m<inf> exp02_logging: XY 81866 -8355840 -8355840[0m
[00:01:21.866,729] [0m<dbg> zmk: zmk_hid_mouse_movement_set: Mouse movement set to 0/0[0m
[00:01:21.866,729] [0m<dbg> zmk: zmk_hid_mouse_scroll_set: Mouse scroll set to 0/0[0m
[00:01:21.866,760] [0m<dbg> zmk: zmk_hid_mouse_movement_set: Mouse movement set to 0/0[0m
[00:01:21.874,633] [0m<inf> exp02_logging: XY 81874 -8355840 -8355840[0m
[00:01:21.882,751] [0m<inf> exp02_logging: XY 81882 -723777 -7302958[0m
[00:01:21.882,873] [0m<dbg> zmk: zmk_hid_mouse_movement_set: Mouse movement set to 127/127[0m
[00:01:21.882,873] [0m<dbg> zmk: zmk_hid_mouse_scroll_set: Mouse scroll set to 0/0[0m
[00:01:21.882,904] [0m<dbg> zmk: zmk_hid_mouse_movement_set: Mouse movement set to 0/0[0m
[00:01:21.890,716] [0m<inf> exp02_logging: XY 81890 -8355840 -8355840[0m
[00:01:21.890,838] [0m<dbg> zmk: zmk_hid_mouse_movement_set: Mouse movement set to 0/0[0m
[00:01:21.890,838] [0m<dbg> zmk: zmk_hid_mouse_scroll_set: Mouse scroll set to 0/0[0m
[00:01:21.890,869] [0m<dbg> zmk: zmk_hid_mouse_movement_set: Mouse movement set to 0/0[0m
[00:01:21.898,803] [0m<inf> exp02_logging: XY 81898 -7237204 -855338[0m
[00:01:21.898,925] [0m<dbg> zmk: zmk_hid_mouse_movement_set: Mouse movement set to 127/127[0m
[00:01:21.898,925] [0m<dbg> zmk: zmk_hid_mouse_scroll_set: Mouse scroll set to 0/0[0m
[00:01:21.898,956] [0m<dbg> zmk: zmk_hid_mouse_movement_set: Mouse movement set to 0/0[0m
[00:01:21.906,738] [0m<inf> exp02_logging: XY 81906 -8355840 -8355840[0m
[00:01:21.906,860] [0m<dbg> zmk: zmk_hid_mouse_movement_set: Mouse movement set to 0/0[0m
[00:01:21.906,860] [0m<dbg> zmk: zmk_hid_mouse_scroll_set: Mouse scroll set to 0/0[0m
[00:01:21.906,890] [0m<dbg> zmk: zmk_hid_mouse_movement_set: Mouse movement set to 0/0[0m
[00:01:21.914,764] [0m<inf> exp02_logging: XY 81914 -8355840 -8355840[0m
[00:01:21.922,882] [0m<inf> exp02_logging: XY 81922 -657982 -8289910[0m
[00:01:21.923,004] [0m<dbg> zmk: zmk_hid_mouse_movement_set: Mouse movement set to 127/12[0m
[00:01:21.923,034] [0m<dbg> zmk: zmk_hid_mouse_scroll_set: Mouse scroll set to 0/0[0m
[00:01:21.923,034] [0m<dbg> zmk: zmk_hid_mouse_movement_set: Mouse movement set to 0/0[0m
[00:01:21.930,847] [0m<inf> exp02_logging: XY 81930 -8355840 -8355840[0m
[00:01:21.930,969] [0m<dbg> zmk: zmk_hid_mouse_movement_set: Mouse movement set to 0/0[0m
[00:01:21.930,969] [0m<dbg> zmk: zmk_hid_mouse_scroll_set: Mouse scroll set to 0/0[0m
[00:01:21.930,999] [0m<dbg> zmk: zmk_hid_mouse_movement_set: Mouse movement set to 0/0[0m
[00:01:21.938,934] [0m<inf> exp02_logging: XY 81938 -6513627 -789740[0m
[00:01:21.939,056] [0m<dbg> zmk: zmk_hid_mouse_movement_set: Mouse movement set to 127/127[0m
[00:01:21.939,086] [0m<dbg> zmk: zmk_hid_mouse_scroll_set: Mouse scroll set to 0/0[0m
[00:01:21.939,086] [0m<dbg> zmk: zmk_hid_mouse_movement_set: Mouse movement set to 0/0[0m
[00:01:21.946,868] [0m<inf> exp02_logging: XY 81946 -8355840 -8355840[0m
[00:01:21.946,990] [0m<dbg> zmk: zmk_hid_mouse_movement_set: Mouse movement set to 0/0[0m
[00:01:21.946,990] [0m<dbg> zmk: zmk_hid_mouse_scroll_set: Mouse scroll set to 0/0[0m
[00:01:21.947,021] [0m<dbg> zmk: zmk_hid_mouse_movement_set: Mouse movement set to 0/0[0m
[00:01:21.954,895] [0m<inf> exp02_logging: XY 81954 -8355840 -8355840[0m
[00:01:21.963,012] [0m<inf> exp02_logging: XY 81963 -592301 -8355616[0m
[00:01:21.963,104] [0m<dbg> zmk: zmk_hid_mouse_movement_set: Mouse movement set to 127/0[0m
[00:01:21.963,104] [0m<dbg> zmk: zmk_hid_mouse_scroll_set: Mouse scroll set to 0/0[0m
[00:01:21.963,134] [0m<dbg> zmk: zmk_hid_mouse_movement_set: Mouse movement set to 0/0[0m
[00:01:21.970,977] [0m<inf> exp02_logging: XY 81970 -8355840 -8355840[0m
[00:01:21.971,069] [0m<dbg> zmk: zmk_hid_mouse_movement_set: Mouse movement set to 0/0[0m
[00:01:21.971,069] [0m<dbg> zmk: zmk_hid_mouse_scroll_set: Mouse scroll set to 0/0[0m
[00:01:21.971,099] [0m<dbg> zmk: zmk_hid_mouse_movement_set: Mouse movement set to 0/0[0m
[00:01:21.979,064] [0m<inf> exp02_logging: XY 81979 -5921525 -789715[0m
[00:01:21.979,187] [0m<dbg> zmk: zmk_hid_mouse_movement_set: Mouse movement set to 127/127[0m
[00:01:21.979,217] [0m<dbg> zmk: zmk_hid_mouse_scroll_set: Mouse scroll set to 0/0[0m
[00:01:21.979,217] [0m<dbg> zmk: zmk_hid_mouse_movement_set: Mouse movement set to 0/0[0m
[00:01:21.987,060] [0m<inf> exp02_logging: XY 81987 -8355840 -8355840[0m
[00:01:21.987,152] [0m<dbg> zmk: zmk_hid_mouse_movement_set: Mouse movement set to 0/0[0m
[00:01:21.987,182] [0m<dbg> zmk: zmk_hid_mouse_scroll_set: Mouse scroll set to 0/0[0m
[00:01:21.987,182] [0m<dbg> zmk: zmk_hid_mouse_movement_set: Mouse movement set to 0/0[0m
[00:01:21.995,025] [0m<inf> exp02_logging: XY 81995 -8355840 -8158339[0m
[00:01:21.995,117] [0m<dbg> zmk: zmk_hid_mouse_movement_set: Mouse movement set to 0/38[0m
[00:01:21.995,147] [0m<dbg> zmk: zmk_hid_mouse_scroll_set: Mouse scroll set to 0/0[0m
[00:01:21.995,147] [0m<dbg> zmk: zmk_hid_mouse_movement_set: Mouse movement set to 0/0[0m
[00:01:22.003,143] [0m<inf> exp02_logging: XY 82003 -526565 -8355840[0m
[00:01:22.003,265] [0m<dbg> zmk: zmk_hid_mouse_movement_set: Mouse movement set to 127/0[0m
[00:01:22.003,265] [0m<dbg> zmk: zmk_hid_mouse_scroll_set: Mouse scroll set to 0/0[0m
[00:01:22.003,295] [0m<dbg> zmk: zmk_hid_mouse_movement_set: Mouse movement set to 0/0[0m
[00:01:22.011,077] [0m<inf> exp02_logging: XY 82011 -8355840 -8355840[0m
[00:01:22.011,169] [0m<dbg> zmk: zmk_hid_mouse_movement_set: Mouse movement set to 0/0[0m
[00:01:22.011,169] [0m<dbg> zmk: zmk_hid_mouse_scroll_set: Mouse scroll set to 0/0[0m
[00:01:22.011,199] [0m<dbg> zmk: zmk_hid_mouse_movement_set: Mouse movement set to 0/0[0m
[00:01:22.019,104] [0m<inf> exp02_logging: XY 82019 -5460855 -789518[0m
[00:01:22.019,256] [0m<dbg> zmk: zmk_hid_mouse_movement_set: Mouse movement set to 127/127[0m
[00:01:22.019,256] [0m<dbg> zmk: zmk_hid_mouse_scroll_set: Mouse scroll set to 0/0[0m
[00:01:22.019,287] [0m<dbg> zmk: zmk_hid_mouse_movement_set: Mouse movement set to 0/0[0m
[00:01:22.027,221] [0m<inf> exp02_logging: XY 82027 -8355840 -8355840[0m
[00:01:22.027,313] [0m<dbg> zmk: zmk_hid_mouse_movement_set: Mouse movement set to 0/0[0m
[00:01:22.027,343] [0m<dbg> zmk: zmk_hid_mouse_scroll_set: Mouse scroll set to 0/0[0m
[00:01:22.027,374] [0m<dbg> zmk: zmk_hid_mouse_movement_set: Mouse movement set to 0/0[0m
[00:01:22.035,156] [0m<inf> exp02_logging: XY 82035 -8355840 -7566128[0m
[00:01:22.035,247] [0m<dbg> zmk: zmk_hid_mouse_movement_set: Mouse movement set to 0/127[0m
[00:01:22.035,247] [0m<dbg> zmk: zmk_hid_mouse_scroll_set: Mouse scroll set to 0/0[0m
[00:01:22.035,278] [0m<dbg> zmk: zmk_hid_mouse_movement_set: Mouse movement set to 0/0[0m
[00:01:22.043,182] [0m<inf> exp02_logging: XY 82043 -526405 -8355840[0m
[00:01:22.043,304] [0m<dbg> zmk: zmk_hid_mouse_movement_set: Mouse movement set to 127/0[0m
[00:01:22.043,334] [0m<dbg> zmk: zmk_hid_mouse_scroll_set: Mouse scroll set to 0/0[0m
[00:01:22.043,334] [0m<dbg> zmk: zmk_hid_mouse_movement_set: Mouse movement set to 0/0[0m
[00:01:22.051,300] [0m<inf> exp02_logging: XY 82051 -8355840 -8355840[0m
[00:01:22.051,361] [0m<dbg> zmk: zmk_hid_mouse_movement_set: Mouse movement set to 0/0[0m
[00:01:22.051,391] [0m<dbg> zmk: zmk_hid_mouse_scroll_set: Mouse scroll set to 0/0[0m
[00:01:22.051,391] [0m<dbg> zmk: zmk_hid_mouse_movement_set: Mouse movement set to 0/0[0m
[00:01:22.059,234] [0m<inf> exp02_logging: XY 82059 -4868795 -723910[0m
[00:01:22.059,356] [0m<dbg> zmk: zmk_hid_mouse_movement_set: Mouse movement set to 127/127[0m
[00:01:22.059,387] [0m<dbg> zmk: zmk_hid_mouse_scroll_set: Mouse scroll set to 0/0[0m
[00:01:22.059,387] [0m<dbg> zmk: zmk_hid_mouse_movement_set: Mouse movement set to 0/0[0m
[00:01:22.067,260] [0m<inf> exp02_logging: XY 82067 -8355840 -8355840[0m
[00:01:22.067,382] [0m<dbg> zmk: zmk_hid_mouse_movement_set: Mouse movement set to 0/0[0m
[00:01:22.067,413] [0m<dbg> zmk: zmk_hid_mouse_scroll_set: Mouse scroll set to 0/0[0m
[00:01:22.067,413] [0m<dbg> zmk: zmk_hid_mouse_movement_set: Mouse movement set to 0/0[0m
[00:01:22.075,378] [0m<inf> exp02_logging: XY 82075 -8355840 -6710995[0m
[00:01:22.075,439] [0m<dbg> zmk: zmk_hid_mouse_movement_set: Mouse movement set to 0/127[0m
[00:01:22.075,469] [0m<dbg> zmk: zmk_hid_mouse_scroll_set: Mouse scroll set to 0/0[0m
[00:01:22.075,500] [0m<dbg> zmk: zmk_hid_mouse_movement_set: Mouse movement set to 0/0[0m
[00:01:22.083,312] [0m<inf> exp02_logging: XY 82083 -592144 -8355840[0m
[00:01:22.083,435] [0m<dbg> zmk: zmk_hid_mouse_movement_set: Mouse movement set to 127/0[0m
[00:01:22.083,465] [0m<dbg> zmk: zmk_hid_mouse_scroll_set: Mouse scroll set to 0/0[0m
[00:01:22.083,465] [0m<dbg> zmk: zmk_hid_mouse_movement_set: Mouse movement set to 0/0[0m
[00:01:22.091,339] [0m<inf> exp02_logging: XY 82091 -8355840 -8355840[0m
[00:01:22.091,430] [0m<dbg> zmk: zmk_hid_mouse_movement_set: Mouse movement set to 0/0[0m
[00:01:22.091,430] [0m<dbg> zmk: zmk_hid_mouse_scroll_set: Mouse scroll set to 0/0[0m
[00:01:22.091,461] [0m<dbg> zmk: zmk_hid_mouse_movement_set: Mouse movement set to 0/0[0m
[00:01:22.099,456] [0m<inf> exp02_logging: XY 82099 -4210721 -657948[0m
[00:01:22.099,578] [0m<dbg> zmk: zmk_hid_mouse_movement_set: Mouse movement set to 127/127[0m
[00:01:22.099,609] [0m<dbg> zmk: zmk_hid_mouse_scroll_set: Mouse scroll set to 0/0[0m
[00:01:22.099,609] [0m<dbg> zmk: zmk_hid_mouse_movement_set: Mouse movement set to 0/0[0m
[00:01:22.107,391] [0m<inf> exp02_logging: XY 82107 -8355840 -8355840[0m
[00:01:22.107,513] [0m<dbg> zmk: zmk_hid_mouse_movement_set: Mouse movement set to 0/0[0m
[00:01:22.107,513] [0m<dbg> zmk: zmk_hid_mouse_scroll_set: Mouse scroll set to 0/0[0m
[00:01:22.107,543] [0m<dbg> zmk: zmk_hid_mouse_movement_set: Mouse movement set to 0/0[0m
[00:01:22.115,417] [0m<inf> exp02_logging: XY 82115 -8355840 -6184593[0m
[00:01:22.115,509] [0m<dbg> zmk: zmk_hid_mouse_movement_set: Mouse movement set to 0/127[0m
[00:01:22.115,539] [0m<dbg> zmk: zmk_hid_mouse_scroll_set: Mouse scroll set to 0/0[0m
[00:01:22.115,539] [0m<dbg> zmk: zmk_hid_mouse_movement_set: Mouse movement set to 0/0[0m
[00:01:22.123,535] [0m<inf> exp02_logging: XY 82123 -789701 -8355840[0m
[00:01:22.123,657] [0m<dbg> zmk: zmk_hid_mouse_movement_set: Mouse movement set to 127/0[0m
[00:01:22.123,657] [0m<dbg> zmk: zmk_hid_mouse_scroll_set: Mouse scroll set to 0/0[0m
[00:01:22.123,687] [0m<dbg> zmk: zmk_hid_mouse_movement_set: Mouse movement set to 0/0[0m
[00:01:22.131,469] [0m<inf> exp02_logging: XY 82131 -8355840 -8355840[0m
[00:01:22.131,561] [0m<dbg> zmk: zmk_hid_mouse_movement_set: Mouse movement set to 0/0[0m
[00:01:22.131,561] [0m<dbg> zmk: zmk_hid_mouse_scroll_set: Mouse scroll set to 0/0[0m
[00:01:22.131,591] [0m<dbg> zmk: zmk_hid_mouse_movement_set: Mouse movement set to 0/0[0m
[00:01:22.139,495] [0m<inf> exp02_logging: XY 82139 -3750338 -592379[0m
[00:01:22.139,648] [0m<dbg> zmk: zmk_hid_mouse_movement_set: Mouse movement set to 127/127[0m
[00:01:22.139,648] [0m<dbg> zmk: zmk_hid_mouse_scroll_set: Mouse scroll set to 0/0[0m
[00:01:22.139,678] [0m<dbg> zmk: zmk_hid_mouse_movement_set: Mouse movement set to 0/0[0m
[00:01:22.147,613] [0m<inf> exp02_logging: XY 82147 -8355840 -8355840[0m
[00:01:22.147,705] [0m<dbg> zmk: zmk_hid_mouse_movement_set: Mouse movement set to 0/0[0m
[00:01:22.147,735] [0m<dbg> zmk: zmk_hid_mouse_scroll_set: Mouse scroll set to 0/0[0m
[00:01:22.147,735] [0m<dbg> zmk: zmk_hid_mouse_movement_set: Mouse movement set to 0/0[0m
[00:01:22.155,578] [0m<inf> exp02_logging: XY 82155 -8355840 -5526651[0m
[00:01:22.155,670] [0m<dbg> zmk: zmk_hid_mouse_movement_set: Mouse movement set to 0/127[0m
[00:01:22.155,670] [0m<dbg> zmk: zmk_hid_mouse_scroll_set: Mouse scroll set to 0/0[0m
[00:01:22.155,700] [0m<dbg> zmk: zmk_hid_mouse_movement_set: Mouse movement set to 0/0[0m
[00:01:22.163,574] [0m<inf> exp02_logging: XY 82163 -1184427 -8355840[0m
[00:01:22.163,696] [0m<dbg> zmk: zmk_hid_mouse_movement_set: Mouse movement set to 127/0[0m
[00:01:22.163,726] [0m<dbg> zmk: zmk_hid_mouse_scroll_set: Mouse scroll set to 0/0[0m
[00:01:22.163,726] [0m<dbg> zmk: zmk_hid_mouse_movement_set: Mouse movement set to 0/0[0m
[00:01:22.171,691] [0m<inf> exp02_logging: XY 82171 -8355840 -8355840[0m
[00:01:22.171,752] [0m<dbg> zmk: zmk_hid_mouse_movement_set: Mouse movement set to 0/0[0m
[00:01:22.171,783] [0m<dbg> zmk: zmk_hid_mouse_scroll_set: Mouse scroll set to 0/0[0m
[00:01:22.171,783] [0m<dbg> zmk: zmk_hid_mouse_movement_set: Mouse movement set to 0/0[0m
[00:01:22.179,626] [0m<inf> exp02_logging: XY 82179 -3355406 -657940[0m
[00:01:22.179,748] [0m<dbg> zmk: zmk_hid_mouse_movement_set: Mouse movement set to 127/127[0m
[00:01:22.179,779] [0m<dbg> zmk: zmk_hid_mouse_scroll_set: Mouse scroll set to 0/0[0m
[00:01:22.179,779] [0m<dbg> zmk: zmk_hid_mouse_movement_set: Mouse movement set to 0/0[0m
[00:01:22.187,652] [0m<inf> exp02_logging: XY 82187 -8355840 -8355840[0m
[00:01:22.187,774] [0m<dbg> zmk: zmk_hid_mouse_movement_set: Mouse movement set to 0/0[0m
[00:01:22.187,774] [0m<dbg> zmk: zmk_hid_mouse_scroll_set: Mouse scroll set to 0/0[0m
[00:01:22.187,805] [0m<dbg> zmk: zmk_hid_mouse_movement_set: Mouse movement set to 0/0[0m
[00:01:22.195,770] [0m<inf> exp02_logging: XY 82195 -8355840 -4802981[0m
[00:01:22.195,831] [0m<dbg> zmk: zmk_hid_mouse_movement_set: Mouse movement set to 0/127[0m
[00:01:22.195,861] [0m<dbg> zmk: zmk_hid_mouse_scroll_set: Mouse scroll set to 0/0[0m
[00:01:22.195,861] [0m<dbg> zmk: zmk_hid_mouse_movement_set: Mouse movement set to 0/0[0m
[00:01:22.203,704] [0m<inf> exp02_logging: XY 82203 -1645050 -8355840[0m
[00:01:22.203,826] [0m<dbg> zmk: zmk_hid_mouse_movement_set: Mouse movement set to 127/0[0m
[00:01:22.203,826] [0m<dbg> zmk: zmk_hid_mouse_scroll_set: Mouse scroll set to 0/0[0m
[00:01:22.203,857] [0m<dbg> zmk: zmk_hid_mouse_movement_set: Mouse movement set to 0/0[0m
[00:01:22.211,730] [0m<inf> exp02_logging: XY 82211 -8355840 -8355840[0m
[00:01:22.211,822] [0m<dbg> zmk: zmk_hid_mouse_movement_set: Mouse movement set to 0/0[0m
[00:01:22.211,822] [0m<dbg> zmk: zmk_hid_mouse_scroll_set: Mouse scroll set to 0/0[0m
[00:01:22.211,853] [0m<dbg> zmk: zmk_hid_mouse_movement_set: Mouse movement set to 0/0[0m
[00:01:22.219,848] [0m<inf> exp02_logging: XY 82219 -2697624 -658034[0m
[00:01:22.219,970] [0m<dbg> zmk: zmk_hid_mouse_movement_set: Mouse movement set to 127/127[0m
[00:01:22.219,970] [0m<dbg> zmk: zmk_hid_mouse_scroll_set: Mouse scroll set to 0/0[0m
[00:01:22.220,001] [0m<dbg> zmk: zmk_hid_mouse_movement_set: Mouse movement set to 0/0[0m
[00:01:22.227,783] [0m<inf> exp02_logging: XY 82227 -8355840 -8355840[0m
[00:01:22.227,905] [0m<dbg> zmk: zmk_hid_mouse_movement_set: Mouse movement set to 0/0[0m
[00:01:22.227,905] [0m<dbg> zmk: zmk_hid_mouse_scroll_set: Mouse scroll set to 0/0[0m
[00:01:22.227,935] [0m<dbg> zmk: zmk_hid_mouse_movement_set: Mouse movement set to 0/0[0m
[00:01:22.235,809] [0m<inf> exp02_logging: XY 82235 -8355840 -4473867[0m
[00:01:22.235,900] [0m<dbg> zmk: zmk_hid_mouse_movement_set: Mouse movement set to 0/127[0m
[00:01:22.235,931] [0m<dbg> zmk: zmk_hid_mouse_scroll_set: Mouse scroll set to 0/0[0m
[00:01:22.235,931] [0m<dbg> zmk: zmk_hid_mouse_movement_set: Mouse movement set to 0/0[0m
[00:01:22.243,927] [0m<inf> exp02_logging: XY 82243 -2237042 -8355840[0m
[00:01:22.244,049] [0m<dbg> zmk: zmk_hid_mouse_movement_set: Mouse movement set to 127/0[0m
[00:01:22.244,049] [0m<dbg> zmk: zmk_hid_mouse_scroll_set: Mouse scroll set to 0/0[0m
[00:01:22.244,079] [0m<dbg> zmk: zmk_hid_mouse_movement_set: Mouse movement set to 0/0[0m
[00:01:22.251,861] [0m<inf> exp02_logging: XY 82251 -8355840 -8355840[0m
[00:01:22.251,922] [0m<dbg> zmk: zmk_hid_mouse_movement_set: Mouse movement set to 0/0[0m
[00:01:22.251,953] [0m<dbg> zmk: zmk_hid_mouse_scroll_set: Mouse scroll set to 0/0[0m
[00:01:22.251,953] [0m<dbg> zmk: zmk_hid_mouse_movement_set: Mouse movement set to 0/0[0m
[00:01:22.259,887] [0m<inf> exp02_logging: XY 82259 -2368566 -855428[0m
[00:01:22.260,040] [0m<dbg> zmk: zmk_hid_mouse_movement_set: Mouse movement set to 127/127[0m
[00:01:22.260,040] [0m<dbg> zmk: zmk_hid_mouse_scroll_set: Mouse scroll set to 0/0[0m
[00:01:22.260,070] [0m<dbg> zmk: zmk_hid_mouse_movement_set: Mouse movement set to 0/0[0m
[00:01:22.268,005] [0m<inf> exp02_logging: XY 82267 -8355840 -8355840[0m
[00:01:22.268,096] [0m<dbg> zmk: zmk_hid_mouse_movement_set: Mouse movement set to 0/0[0m
[00:01:22.268,127] [0m<dbg> zmk: zmk_hid_mouse_scroll_set: Mouse scroll set to 0/0[0m
[00:01:22.268,127] [0m<dbg> zmk: zmk_hid_mouse_movement_set: Mouse movement set to 0/0[0m
[00:01:22.275,939] [0m<inf> exp02_logging: XY 82275 -8355840 -3881739[0m
[00:01:22.276,031] [0m<dbg> zmk: zmk_hid_mouse_movement_set: Mouse movement set to 0/127[0m
[00:01:22.276,031] [0m<dbg> zmk: zmk_hid_mouse_scroll_set: Mouse scroll set to 0/0[0m
[00:01:22.276,062] [0m<dbg> zmk: zmk_hid_mouse_movement_set: Mouse movement set to 0/0[0m
[00:01:22.283,966] [0m<inf> exp02_logging: XY 82283 -2500292 -8355840[0m
[00:01:22.284,088] [0m<dbg> zmk: zmk_hid_mouse_movement_set: Mouse movement set to 127/0[0m
[00:01:22.284,118] [0m<dbg> zmk: zmk_hid_mouse_scroll_set: Mouse scroll set to 0/0[0m
[00:01:22.284,118] [0m<dbg> zmk: zmk_hid_mouse_movement_set: Mouse movement set to 0/0[0m
[00:01:22.292,083] [0m<inf> exp02_logging: XY 82292 -8355840 -8355840[0m
[00:01:22.292,144] [0m<dbg> zmk: zmk_hid_mouse_movement_set: Mouse movement set to 0/0[0m
[00:01:22.292,175] [0m<dbg> zmk: zmk_hid_mouse_scroll_set: Mouse scroll set to 0/0[0m
[00:01:22.292,175] [0m<dbg> zmk: zmk_hid_mouse_movement_set: Mouse movement set to 0/0[0m
[00:01:22.300,018] [0m<inf> exp02_logging: XY 82300 -1710743 -1316094[0m
[00:01:22.300,140] [0m<dbg> zmk: zmk_hid_mouse_movement_set: Mouse movement set to 127/127[0m
[00:01:22.300,170] [0m<dbg> zmk: zmk_hid_mouse_scroll_set: Mouse scroll set to 0/0[0m
[00:01:22.300,170] [0m<dbg> zmk: zmk_hid_mouse_movement_set: Mouse movement set to 0/0[0m
[00:01:22.308,044] [0m<inf> exp02_logging: XY 82308 -8355840 -8355840[0m
[00:01:22.308,166] [0m<dbg> zmk: zmk_hid_mouse_movement_set: Mouse movement set to 0/0[0m
[00:01:22.308,197] [0m<dbg> zmk: zmk_hid_mouse_scroll_set: Mouse scroll set to 0/0[0m
[00:01:22.308,197] [0m<dbg> zmk: zmk_hid_mouse_movement_set: Mouse movement set to 0/0[0m
[00:01:22.316,162] [0m<inf> exp02_logging: XY 82316 -8355840 -3026590[0m
[00:01:22.316,223] [0m<dbg> zmk: zmk_hid_mouse_movement_set: Mouse movement set to 0/127[0m
[00:01:22.316,253] [0m<dbg> zmk: zmk_hid_mouse_scroll_set: Mouse scroll set to 0/0[0m
[00:01:22.316,253] [0m<dbg> zmk: zmk_hid_mouse_movement_set: Mouse movement set to 0/0[0m
[00:01:22.324,096] [0m<inf> exp02_logging: XY 82324 -3158033 -8355840[0m
[00:01:22.324,218] [0m<dbg> zmk: zmk_hid_mouse_movement_set: Mouse movement set to 127/0[0m
[00:01:22.324,249] [0m<dbg> zmk: zmk_hid_mouse_scroll_set: Mouse scroll set to 0/0[0m
[00:01:22.324,249] [0m<dbg> zmk: zmk_hid_mouse_movement_set: Mouse movement set to 0/0[0m
[00:01:22.332,122] [0m<inf> exp02_logging: XY 82332 -8355840 -8355840[0m
[00:01:22.332,214] [0m<dbg> zmk: zmk_hid_mouse_movement_set: Mouse movement set to 0/0[0m
[00:01:22.332,214] [0m<dbg> zmk: zmk_hid_mouse_scroll_set: Mouse scroll set to 0/0[0m
[00:01:22.332,244] [0m<dbg> zmk: zmk_hid_mouse_movement_set: Mouse movement set to 0/0[0m
[00:01:22.340,240] [0m<inf> exp02_logging: XY 82340 -921226 -1842423[0m
[00:01:22.340,362] [0m<dbg> zmk: zmk_hid_mouse_movement_set: Mouse movement set to 127/127[0m
[00:01:22.340,362] [0m<dbg> zmk: zmk_hid_mouse_scroll_set: Mouse scroll set to 0/0[0m
[00:01:22.340,393] [0m<dbg> zmk: zmk_hid_mouse_movement_set: Mouse movement set to 0/0[0m
[00:01:22.348,175] [0m<inf> exp02_logging: XY 82348 -8355840 -8355840[0m
[00:01:22.348,297] [0m<dbg> zmk: zmk_hid_mouse_movement_set: Mouse movement set to 0/0[0m
[00:01:22.348,297] [0m<dbg> zmk: zmk_hid_mouse_scroll_set: Mouse scroll set to 0/0[0m
[00:01:22.348,327] [0m<dbg> zmk: zmk_hid_mouse_movement_set: Mouse movement set to 0/0[0m
[00:01:22.356,201] [0m<inf> exp02_logging: XY 82356 -8355840 -2697633[0m
[00:01:22.356,292] [0m<dbg> zmk: zmk_hid_mouse_movement_set: Mouse movement set to 0/127[0m
[00:01:22.356,323] [0m<dbg> zmk: zmk_hid_mouse_scroll_set: Mouse scroll set to 0/0[0m
[00:01:22.356,323] [0m<dbg> zmk: zmk_hid_mouse_movement_set: Mouse movement set to 0/0[0m
[00:01:22.364,318] [0m<inf> exp02_logging: XY 82364 -3618656 -8355840[0m
[00:01:22.364,440] [0m<dbg> zmk: zmk_hid_mouse_movement_set: Mouse movement set to 127/0[0m
[00:01:22.364,440] [0m<dbg> zmk: zmk_hid_mouse_scroll_set: Mouse scroll set to 0/0[0m
[00:01:22.364,471] [0m<dbg> zmk: zmk_hid_mouse_movement_set: Mouse movement set to 0/0[0m
[00:01:22.372,253] [0m<inf> exp02_logging: XY 82372 -8355840 -8355840[0m
[00:01:22.372,314] [0m<dbg> zmk: zmk_hid_mouse_movement_set: Mouse movement set to 0/0[0m
[00:01:22.372,344] [0m<dbg> zmk: zmk_hid_mouse_scroll_set: Mouse scroll set to 0/0[0m
[00:01:22.372,344] [0m<dbg> zmk: zmk_hid_mouse_movement_set: Mouse movement set to 0/0[0m
[00:01:22.380,279] [0m<inf> exp02_logging: XY 82380 -789737 -2105588[0m
[00:01:22.380,432] [0m<dbg> zmk: zmk_hid_mouse_movement_set: Mouse movement set to 127/127[0m
[00:01:22.380,432] [0m<dbg> zmk: zmk_hid_mouse_scroll_set: Mouse scroll set to 0/0[0m
[00:01:22.380,462] [0m<dbg> zmk: zmk_hid_mouse_movement_set: Mouse movement set to 0/0[0m
[00:01:22.388,397] [0m<inf> exp02_logging: XY 82388 -8355840 -8355840[0m
[00:01:22.388,488] [0m<dbg> zmk: zmk_hid_mouse_movement_set: Mouse movement set to 0/0[0m
[00:01:22.388,519] [0m<dbg> zmk: zmk_hid_mouse_scroll_set: Mouse scroll set to 0/0[0m
[00:01:22.388,519] [0m<dbg> zmk: zmk_hid_mouse_movement_set: Mouse movement set to 0/0[0m
[00:01:22.396,331] [0m<inf> exp02_logging: XY 82396 -8355840 -2171261[0m
[00:01:22.396,423] [0m<dbg> zmk: zmk_hid_mouse_movement_set: Mouse movement set to 0/127[0m
[00:01:22.396,423] [0m<dbg> zmk: zmk_hid_mouse_scroll_set: Mouse scroll set to 0/0[0m
[00:01:22.396,453] [0m<dbg> zmk: zmk_hid_mouse_movement_set: Mouse movement set to 0/0[0m
[00:01:22.404,357] [0m<inf> exp02_logging: XY 82404 -3881863 -8355840[0m
[00:01:22.404,479] [0m<dbg> zmk: zmk_hid_mouse_movement_set: Mouse movement set to 127/0[0m
[00:01:22.404,510] [0m<dbg> zmk: zmk_hid_mouse_scroll_set: Mouse scroll set to 0/0[0m
[00:01:22.404,510] [0m<dbg> zmk: zmk_hid_mouse_movement_set: Mouse movement set to 0/0[0m
[00:01:22.412,475] [0m<inf> exp02_logging: XY 82412 -8355840 -8355840[0m
[00:01:22.412,536] [0m<dbg> zmk: zmk_hid_mouse_movement_set: Mouse movement set to 0/0[0m
[00:01:22.412,567] [0m<dbg> zmk: zmk_hid_mouse_scroll_set: Mouse scroll set to 0/0[0m
[00:01:22.412,567] [0m<dbg> zmk: zmk_hid_mouse_movement_set: Mouse movement set to 0/0[0m
[00:01:22.420,410] [0m<inf> exp02_logging: XY 82420 -723950 -2697538[0m
[00:01:22.420,532] [0m<dbg> zmk: zmk_hid_mouse_movement_set: Mouse movement set to 127/127[0m
[00:01:22.420,562] [0m<dbg> zmk: zmk_hid_mouse_scroll_set: Mouse scroll set to 0/0[0m
[00:01:22.420,562] [0m<dbg> zmk: zmk_hid_mouse_movement_set: Mouse movement set to 0/0[0m
[00:01:22.428,436] [0m<inf> exp02_logging: XY 82428 -8355840 -8355840[0m
[00:01:22.428,558] [0m<dbg> zmk: zmk_hid_mouse_movement_set: Mouse movement set to 0/0[0m
[00:01:22.428,588] [0m<dbg> zmk: zmk_hid_mouse_scroll_set: Mouse scroll set to 0/0[0m
[00:01:22.428,588] [0m<dbg> zmk: zmk_hid_mouse_movement_set: Mouse movement set to 0/0[0m
[00:01:22.436,553] [0m<inf> exp02_logging: XY 82436 -8355840 -1381728[0m
[00:01:22.436,614] [0m<dbg> zmk: zmk_hid_mouse_movement_set: Mouse movement set to 0/127[0m
[00:01:22.436,645] [0m<dbg> zmk: zmk_hid_mouse_scroll_set: Mouse scroll set to 0/0[0m
[00:01:22.436,645] [0m<dbg> zmk: zmk_hid_mouse_movement_set: Mouse movement set to 0/0[0m
[00:01:22.444,488] [0m<inf> exp02_logging: XY 82444 -4342486 -8355840[0m
[00:01:22.444,610] [0m<dbg> zmk: zmk_hid_mouse_movement_set: Mouse movement set to 127/0[0m
[00:01:22.444,641] [0m<dbg> zmk: zmk_hid_mouse_scroll_set: Mouse scroll set to 0/0[0m
[00:01:22.444,641] [0m<dbg> zmk: zmk_hid_mouse_movement_set: Mouse movement set to 0/0[0m
[00:01:22.452,514] [0m<inf> exp02_logging: XY 82452 -8355840 -8355840[0m
[00:01:22.452,606] [0m<dbg> zmk: zmk_hid_mouse_movement_set: Mouse movement set to 0/0[0m
[00:01:22.452,606] [0m<dbg> zmk: zmk_hid_mouse_scroll_set: Mouse scroll set to 0/0[0m
[00:01:22.452,636] [0m<dbg> zmk: zmk_hid_mouse_movement_set: Mouse movement set to 0/0[0m
[00:01:22.460,632] [0m<inf> exp02_logging: XY 82460 -723751 -3223824[0m
[00:01:22.460,754] [0m<dbg> zmk: zmk_hid_mouse_movement_set: Mouse movement set to 127/127[0m
[00:01:22.460,754] [0m<dbg> zmk: zmk_hid_mouse_scroll_set: Mouse scroll set to 0/0[0m
[00:01:22.460,784] [0m<dbg> zmk: zmk_hid_mouse_movement_set: Mouse movement set to 0/0[0m
[00:01:22.468,566] [0m<inf> exp02_logging: XY 82468 -8355840 -8355840[0m
[00:01:22.468,688] [0m<dbg> zmk: zmk_hid_mouse_movement_set: Mouse movement set to 0/0[0m
[00:01:22.468,688] [0m<dbg> zmk: zmk_hid_mouse_scroll_set: Mouse scroll set to 0/0[0m
[00:01:22.468,719] [0m<dbg> zmk: zmk_hid_mouse_movement_set: Mouse movement set to 0/0[0m
[00:01:22.476,593] [0m<inf> exp02_logging: XY 82476 -8355840 -1184482[0m
[00:01:22.476,684] [0m<dbg> zmk: zmk_hid_mouse_movement_set: Mouse movement set to 0/127[0m
[00:01:22.476,715] [0m<dbg> zmk: zmk_hid_mouse_scroll_set: Mouse scroll set to 0/0[0m
[00:01:22.476,715] [0m<dbg> zmk: zmk_hid_mouse_movement_set: Mouse movement set to 0/0[0m
[00:01:22.484,710] [0m<inf> exp02_logging: XY 82484 -5000397 -8355840[0m
[00:01:22.484,832] [0m<dbg> zmk: zmk_hid_mouse_movement_set: Mouse movement set to 127/0[0m
[00:01:22.484,832] [0m<dbg> zmk: zmk_hid_mouse_scroll_set: Mouse scroll set to 0/0[0m
[00:01:22.484,863] [0m<dbg> zmk: zmk_hid_mouse_movement_set: Mouse movement set to 0/0[0m
[00:01:22.492,645] [0m<inf> exp02_logging: XY 82492 -8355840 -8355840[0m
[00:01:22.492,706] [0m<dbg> zmk: zmk_hid_mouse_movement_set: Mouse movement set to 0/0[0m
[00:01:22.492,736] [0m<dbg> zmk: zmk_hid_mouse_scroll_set: Mouse scroll set to 0/0[0m
[00:01:22.492,736] [0m<dbg> zmk: zmk_hid_mouse_movement_set: Mouse movement set to 0/0[0m
[00:01:22.500,671] [0m<inf> exp02_logging: XY 82500 -657983 -3552822[0m
[00:01:22.500,823] [0m<dbg> zmk: zmk_hid_mouse_movement_set: Mouse movement set to 127/127[0m
[00:01:22.500,823] [0m<dbg> zmk: zmk_hid_mouse_scroll_set: Mouse scroll set to 0/0[0m
[00:01:22.500,854] [0m<dbg> zmk: zmk_hid_mouse_movement_set: Mouse movement set to 0/0[0m
[00:01:22.508,789] [0m<inf> exp02_logging: XY 82508 -8355840 -8355840[0m
[00:01:22.508,880] [0m<dbg> zmk: zmk_hid_mouse_movement_set: Mouse movement set to 0/0[0m
[00:01:22.508,911] [0m<dbg> zmk: zmk_hid_mouse_scroll_set: Mouse scroll set to 0/0[0m
[00:01:22.508,911] [0m<dbg> zmk: zmk_hid_mouse_movement_set: Mouse movement set to 0/0[0m
[00:01:22.516,723] [0m<inf> exp02_logging: XY 82516 -8355840 -921139[0m
[00:01:22.516,815] [0m<dbg> zmk: zmk_hid_mouse_movement_set: Mouse movement set to 0/127[0m
[00:01:22.516,815] [0m<dbg> zmk: zmk_hid_mouse_scroll_set: Mouse scroll set to 0/0[0m
[00:01:22.516,845] [0m<dbg> zmk: zmk_hid_mouse_movement_set: Mouse movement set to 0/0[0m
[00:01:22.524,749] [0m<inf> exp02_logging: XY 82524 -5329182 -8355840[0m
[00:01:22.524,871] [0m<dbg> zmk: zmk_hid_mouse_movement_set: Mouse movement set to 127/0[0m
[00:01:22.524,902] [0m<dbg> zmk: zmk_hid_mouse_scroll_set: Mouse scroll set to 0/0[0m
[00:01:22.524,902] [0m<dbg> zmk: zmk_hid_mouse_movement_set: Mouse movement set to 0/0[0m
[00:01:22.532,867] [0m<inf> exp02_logging: XY 82532 -8355840 -8355840[0m
[00:01:22.532,928] [0m<dbg> zmk: zmk_hid_mouse_movement_set: Mouse movement set to 0/0[0m
[00:01:22.532,958] [0m<dbg> zmk: zmk_hid_mouse_scroll_set: Mouse scroll set to 0/0[0m
[00:01:22.532,958] [0m<dbg> zmk: zmk_hid_mouse_movement_set: Mouse movement set to 0/0[0m
[00:01:22.540,802] [0m<inf> exp02_logging: XY 82540 -592320 -4013317[0m
[00:01:22.540,924] [0m<dbg> zmk: zmk_hid_mouse_movement_set: Mouse movement set to 127/127[0m
[00:01:22.540,954] [0m<dbg> zmk: zmk_hid_mouse_scroll_set: Mouse scroll set to 0/0[0m
[00:01:22.540,954] [0m<dbg> zmk: zmk_hid_mouse_movement_set: Mouse movement set to 0/0[0m
[00:01:22.548,828] [0m<inf> exp02_logging: XY 82548 -8355840 -8355840[0m
[00:01:22.548,950] [0m<dbg> zmk: zmk_hid_mouse_movement_set: Mouse movement set to 0/0[0m
[00:01:22.548,980] [0m<dbg> zmk: zmk_hid_mouse_scroll_set: Mouse scroll set to 0/0[0m
[00:01:22.548,980] [0m<dbg> zmk: zmk_hid_mouse_movement_set: Mouse movement set to 0/0[0m
[00:01:22.556,945] [0m<inf> exp02_logging: XY 82556 -8355840 -789726[0m
[00:01:22.557,006] [0m<dbg> zmk: zmk_hid_mouse_movement_set: Mouse movement set to 0/127[0m
[00:01:22.557,037] [0m<dbg> zmk: zmk_hid_mouse_scroll_set: Mouse scroll set to 0/0[0m
[00:01:22.557,037] [0m<dbg> zmk: zmk_hid_mouse_movement_set: Mouse movement set to 0/0[0m
[00:01:22.564,941] [0m<inf> exp02_logging: XY 82564 -5724056 -8355840[0m
[00:01:22.565,063] [0m<dbg> zmk: zmk_hid_mouse_movement_set: Mouse movement set to 127/0[0m
[00:01:22.565,063] [0m<dbg> zmk: zmk_hid_mouse_scroll_set: Mouse scroll set to 0/0[0m
[00:01:22.565,093] [0m<dbg> zmk: zmk_hid_mouse_movement_set: Mouse movement set to 0/0[0m
[00:01:22.572,906] [0m<inf> exp02_logging: XY 82572 -8355840 -8355840[0m
[00:01:22.572,998] [0m<dbg> zmk: zmk_hid_mouse_movement_set: Mouse movement set to 0/0[0m
[00:01:22.572,998] [0m<dbg> zmk: zmk_hid_mouse_scroll_set: Mouse scroll set to 0/0[0m
[00:01:22.573,028] [0m<dbg> zmk: zmk_hid_mouse_movement_set: Mouse movement set to 0/0[0m
[00:01:22.581,024] [0m<inf> exp02_logging: XY 82581 -592288 -4539901[0m
[00:01:22.581,146] [0m<dbg> zmk: zmk_hid_mouse_movement_set: Mouse movement set to 127/127[0m
[00:01:22.581,176] [0m<dbg> zmk: zmk_hid_mouse_scroll_set: Mouse scroll set to 0/0[0m
[00:01:22.581,176] [0m<dbg> zmk: zmk_hid_mouse_movement_set: Mouse movement set to 0/0[0m
[00:01:22.588,958] [0m<inf> exp02_logging: XY 82588 -8355840 -8355840[0m
[00:01:22.589,080] [0m<dbg> zmk: zmk_hid_mouse_movement_set: Mouse movement set to 0/0[0m
[00:01:22.589,080] [0m<dbg> zmk: zmk_hid_mouse_scroll_set: Mouse scroll set to 0/0[0m
[00:01:22.589,111] [0m<dbg> zmk: zmk_hid_mouse_movement_set: Mouse movement set to 0/0[0m
[00:01:22.596,984] [0m<inf> exp02_logging: XY 82596 -8289931 -855371[0m
[00:01:22.597,137] [0m<dbg> zmk: zmk_hid_mouse_movement_set: Mouse movement set to 12/127[0m
[00:01:22.597,137] [0m<dbg> zmk: zmk_hid_mouse_scroll_set: Mouse scroll set to 0/0[0m
[00:01:22.597,167] [0m<dbg> zmk: zmk_hid_mouse_movement_set: Mouse movement set to 0/0[0m
[00:01:22.605,102] [0m<inf> exp02_logging: XY 82605 -6250300 -8355840[0m
[00:01:22.605,224] [0m<dbg> zmk: zmk_hid_mouse_movement_set: Mouse movement set to 127/0[0m
[00:01:22.605,224] [0m<dbg> zmk: zmk_hid_mouse_scroll_set: Mouse scroll set to 0/0[0m
[00:01:22.605,255] [0m<dbg> zmk: zmk_hid_mouse_movement_set: Mouse movement set to 0/0[0m
[00:01:22.613,037] [0m<inf> exp02_logging: XY 82613 -8355840 -8355840[0m
[00:01:22.613,098] [0m<dbg> zmk: zmk_hid_mouse_movement_set: Mouse movement set to 0/0[0m
[00:01:22.613,128] [0m<dbg> zmk: zmk_hid_mouse_scroll_set: Mouse scroll set to 0/0[0m
[00:01:22.613,159] [0m<dbg> zmk: zmk_hid_mouse_movement_set: Mouse movement set to 0/0[0m
[00:01:22.621,063] [0m<inf> exp02_logging: XY 82621 -592190 -4934478[0m
[00:01:22.621,215] [0m<dbg> zmk: zmk_hid_mouse_movement_set: Mouse movement set to 127/127[0m
[00:01:22.621,215] [0m<dbg> zmk: zmk_hid_mouse_scroll_set: Mouse scroll set to 0/0[0m
[00:01:22.621,246] [0m<dbg> zmk: zmk_hid_mouse_movement_set: Mouse movement set to 0/0[0m
[00:01:22.629,180] [0m<inf> exp02_logging: XY 82629 -8355840 -8355840[0m
[00:01:22.629,272] [0m<dbg> zmk: zmk_hid_mouse_movement_set: Mouse movement set to 0/0[0m
[00:01:22.629,302] [0m<dbg> zmk: zmk_hid_mouse_scroll_set: Mouse scroll set to 0/0[0m
[00:01:22.629,302] [0m<dbg> zmk: zmk_hid_mouse_movement_set: Mouse movement set to 0/0[0m
[00:01:22.637,115] [0m<inf> exp02_logging: XY 82637 -7895204 -789603[0m
[00:01:22.637,237] [0m<dbg> zmk: zmk_hid_mouse_movement_set: Mouse movement set to 89/127[0m
[00:01:22.637,268] [0m<dbg> zmk: zmk_hid_mouse_scroll_set: Mouse scroll set to 0/0[0m
[00:01:22.637,268] [0m<dbg> zmk: zmk_hid_mouse_movement_set: Mouse movement set to 0/0[0m
[00:01:22.645,141] [0m<inf> exp02_logging: XY 82645 -6513507 -8355840[0m
[00:01:22.645,263] [0m<dbg> zmk: zmk_hid_mouse_movement_set: Mouse movement set to 127/0[0m
[00:01:22.645,294] [0m<dbg> zmk: zmk_hid_mouse_scroll_set: Mouse scroll set to 0/0[0m
[00:01:22.645,294] [0m<dbg> zmk: zmk_hid_mouse_movement_set: Mouse movement set to 0/0[0m
[00:01:22.653,259] [0m<inf> exp02_logging: XY 82653 -8355840 -8355840[0m
[00:01:22.653,320] [0m<dbg> zmk: zmk_hid_mouse_movement_set: Mouse movement set to 0/0[0m
[00:01:22.653,350] [0m<dbg> zmk: zmk_hid_mouse_scroll_set: Mouse scroll set to 0/0[0m
[00:01:22.653,350] [0m<dbg> zmk: zmk_hid_mouse_movement_set: Mouse movement set to 0/0[0m
[00:01:22.661,193] [0m<inf> exp02_logging: XY 82661 -592200 -5592517[0m
[00:01:22.661,315] [0m<dbg> zmk: zmk_hid_mouse_movement_set: Mouse movement set to 127/127[0m
[00:01:22.661,346] [0m<dbg> zmk: zmk_hid_mouse_scroll_set: Mouse scroll set to 0/0[0m
[00:01:22.661,346] [0m<dbg> zmk: zmk_hid_mouse_movement_set: Mouse movement set to 0/0[0m
[00:01:22.669,219] [0m<inf> exp02_logging: XY 82669 -8355840 -8355840[0m
[00:01:22.669,342] [0m<dbg> zmk: zmk_hid_mouse_movement_set: Mouse movement set to 0/0[0m
[00:01:22.669,342] [0m<dbg> zmk: zmk_hid_mouse_scroll_set: Mouse scroll set to 0/0[0m
[00:01:22.669,372] [0m<dbg> zmk: zmk_hid_mouse_movement_set: Mouse movement set to 0/0[0m
[00:01:22.677,337] [0m<inf> exp02_logging: XY 82677 -7434497 -723798[0m
[00:01:22.677,459] [0m<dbg> zmk: zmk_hid_mouse_movement_set: Mouse movement set to 127/127[0m
[00:01:22.677,459] [0m<dbg> zmk: zmk_hid_mouse_scroll_set: Mouse scroll set to 0/0[0m
[00:01:22.677,490] [0m<dbg> zmk: zmk_hid_mouse_movement_set: Mouse movement set to 0/0[0m
[00:01:22.685,272] [0m<inf> exp02_logging: XY 82685 -6974130 -8355840[0m
[00:01:22.685,363] [0m<dbg> zmk: zmk_hid_mouse_movement_set: Mouse movement set to 0/0[0m
[00:01:22.685,363] [0m<dbg> zmk: zmk_hid_mouse_scroll_set: Mouse scroll set to 0/0[0m
[00:01:22.685,394] [0m<dbg> zmk: zmk_hid_mouse_movement_set: Mouse movement set to 0/0[0m
[00:01:22.693,298] [0m<inf> exp02_logging: XY 82693 -8355840 -8355840[0m
[00:01:22.693,389] [0m<dbg> zmk: zmk_hid_mouse_movement_set: Mouse movement set to 0/0[0m
[00:01:22.693,389] [0m<dbg> zmk: zmk_hid_mouse_scroll_set: Mouse scroll set to 0/0[0m
[00:01:22.693,420] [0m<dbg> zmk: zmk_hid_mouse_movement_set: Mouse movement set to 0/0[0m
[00:01:22.701,416] [0m<inf> exp02_logging: XY 82701 -526424 -6053097[0m
[00:01:22.701,538] [0m<dbg> zmk: zmk_hid_mouse_movement_set: Mouse movement set to 127/127[0m
[00:01:22.701,568] [0m<dbg> zmk: zmk_hid_mouse_scroll_set: Mouse scroll set to 0/0[0m
[00:01:22.701,568] [0m<dbg> zmk: zmk_hid_mouse_movement_set: Mouse movement set to 0/0[0m
[00:01:22.709,350] [0m<inf> exp02_logging: XY 82709 -8355840 -8355840[0m
[00:01:22.709,472] [0m<dbg> zmk: zmk_hid_mouse_movement_set: Mouse movement set to 0/0[0m
[00:01:22.709,472] [0m<dbg> zmk: zmk_hid_mouse_scroll_set: Mouse scroll set to 0/0[0m
[00:01:22.709,503] [0m<dbg> zmk: zmk_hid_mouse_movement_set: Mouse movement set to 0/0[0m
[00:01:22.717,376] [0m<inf> exp02_logging: XY 82717 -7237181 -723812[0m
[00:01:22.717,529] [0m<dbg> zmk: zmk_hid_mouse_movement_set: Mouse movement set to 127/127[0m
[00:01:22.717,529] [0m<dbg> zmk: zmk_hid_mouse_scroll_set: Mouse scroll set to 0/0[0m
[00:01:22.717,559] [0m<dbg> zmk: zmk_hid_mouse_movement_set: Mouse movement set to 0/0[0m
[00:01:22.725,494] [0m<inf> exp02_logging: XY 82725 -8158285 -8355840[0m
[00:01:22.725,616] [0m<dbg> zmk: zmk_hid_mouse_movement_set: Mouse movement set to 38/0[0m
[00:01:22.725,616] [0m<dbg> zmk: zmk_hid_mouse_scroll_set: Mouse scroll set to 0/0[0m
[00:01:22.725,646] [0m<dbg> zmk: zmk_hid_mouse_movement_set: Mouse movement set to 0/0[0m
[00:01:22.733,428] [0m<inf> exp02_logging: XY 82733 -8355840 -8355840[0m
[00:01:22.733,520] [0m<dbg> zmk: zmk_hid_mouse_movement_set: Mouse movement set to 0/0[0m
[00:01:22.733,520] [0m<dbg> zmk: zmk_hid_mouse_scroll_set: Mouse scroll set to 0/0[0m
[00:01:22.733,551] [0m<dbg> zmk: zmk_hid_mouse_movement_set: Mouse movement set to 0/0[0m
[00:01:22.741,455] [0m<inf> exp02_logging: XY 82741 -526412 -6316091[0m
[00:01:22.741,607] [0m<dbg> zmk: zmk_hid_mouse_movement_set: Mouse movement set to 127/127[0m
[00:01:22.741,607] [0m<dbg> zmk: zmk_hid_mouse_scroll_set: Mouse scroll set to 0/0[0m
[00:01:22.741,638] [0m<dbg> zmk: zmk_hid_mouse_movement_set: Mouse movement set to 0/0[0m
[00:01:22.749,572] [0m<inf> exp02_logging: XY 82749 -8355840 -8355840[0m
[00:01:22.749,664] [0m<dbg> zmk: zmk_hid_mouse_movement_set: Mouse movement set to 0/0[0m
[00:01:22.749,694] [0m<dbg> zmk: zmk_hid_mouse_scroll_set: Mouse scroll set to 0/0[0m
[00:01:22.749,725] [0m<dbg> zmk: zmk_hid_mouse_movement_set: Mouse movement set to 0/0[0m
[00:01:22.757,507] [0m<inf> exp02_logging: XY 82757 -6908179 -658176[0m
[00:01:22.757,629] [0m<dbg> zmk: zmk_hid_mouse_movement_set: Mouse movement set to 127/127[0m
[00:01:22.757,659] [0m<dbg> zmk: zmk_hid_mouse_scroll_set: Mouse scroll set to 0/0[0m
[00:01:22.757,659] [0m<dbg> zmk: zmk_hid_mouse_movement_set: Mouse movement set to 0/0[0m
[00:01:22.765,533] [0m<inf> exp02_logging: XY 82765 -8289952 -8355840[0m
[00:01:22.765,655] [0m<dbg> zmk: zmk_hid_mouse_movement_set: Mouse movement set to 12/0[0m
[00:01:22.765,686] [0m<dbg> zmk: zmk_hid_mouse_scroll_set: Mouse scroll set to 0/0[0m
[00:01:22.765,686] [0m<dbg> zmk: zmk_hid_mouse_movement_set: Mouse movement set to 0/0[0m
[00:01:22.773,651] [0m<inf> exp02_logging: XY 82773 -8355840 -8355785[0m
[00:01:22.773,712] [0m<dbg> zmk: zmk_hid_mouse_movement_set: Mouse movement set to 0/0[0m
[00:01:22.773,742] [0m<dbg> zmk: zmk_hid_mouse_scroll_set: Mouse scroll set to 0/0[0m
[00:01:22.773,742] [0m<dbg> zmk: zmk_hid_mouse_movement_set: Mouse movement set to 0/0[0m
[00:01:22.781,616] [0m<inf> exp02_logging: XY 82781 -526405 -6579426[0m
[00:01:22.781,738] [0m<dbg> zmk: zmk_hid_mouse_movement_set: Mouse movement set to 127/127[0m
[00:01:22.781,768] [0m<dbg> zmk: zmk_hid_mouse_scroll_set: Mouse scroll set to 0/0[0m
[00:01:22.781,768] [0m<dbg> zmk: zmk_hid_mouse_movement_set: Mouse movement set to 0/0[0m
[00:01:22.789,611] [0m<inf> exp02_logging: XY 82789 -8355840 -8355840[0m
[00:01:22.789,733] [0m<dbg> zmk: zmk_hid_mouse_movement_set: Mouse movement set to 0/0[0m
[00:01:22.789,764] [0m<dbg> zmk: zmk_hid_mouse_scroll_set: Mouse scroll set to 0/0[0m
[00:01:22.789,764] [0m<dbg> zmk: zmk_hid_mouse_movement_set: Mouse movement set to 0/0[0m
[00:01:22.797,729] [0m<inf> exp02_logging: XY 82797 -6513523 -789581[0m
[00:01:22.797,851] [0m<dbg> zmk: zmk_hid_mouse_movement_set: Mouse movement set to 127/127[0m
[00:01:22.797,851] [0m<dbg> zmk: zmk_hid_mouse_scroll_set: Mouse scroll set to 0/0[0m
[00:01:22.797,882] [0m<dbg> zmk: zmk_hid_mouse_movement_set: Mouse movement set to 0/0[0m
[00:01:22.805,664] [0m<inf> exp02_logging: XY 82805 -8355840 -8355840[0m
[00:01:22.805,786] [0m<dbg> zmk: zmk_hid_mouse_movement_set: Mouse movement set to 0/0[0m
[00:01:22.805,786] [0m<dbg> zmk: zmk_hid_mouse_scroll_set: Mouse scroll set to 0/0[0m
[00:01:22.805,816] [0m<dbg> zmk: zmk_hid_mouse_movement_set: Mouse movement set to 0/0[0m
[00:01:22.813,690] [0m<inf> exp02_logging: XY 82813 -8355840 -8355586[0m
[00:01:22.821,807] [0m<inf> exp02_logging: XY 82821 -526455 -7171418[0m
[00:01:22.821,929] [0m<dbg> zmk: zmk_hid_mouse_movement_set: Mouse movement set to 127/127[0m
[00:01:22.821,929] [0m<dbg> zmk: zmk_hid_mouse_scroll_set: Mouse scroll set to 0/0[0m
[00:01:22.821,960] [0m<dbg> zmk: zmk_hid_mouse_movement_set: Mouse movement set to 0/0[0m
[00:01:22.829,772] [0m<inf> exp02_logging: XY 82829 -8355840 -8355840[0m
[00:01:22.829,895] [0m<dbg> zmk: zmk_hid_mouse_movement_set: Mouse movement set to 0/0[0m
[00:01:22.829,895] [0m<dbg> zmk: zmk_hid_mouse_scroll_set: Mouse scroll set to 0/0[0m
[00:01:22.829,925] [0m<dbg> zmk: zmk_hid_mouse_movement_set: Mouse movement set to 0/0[0m
[00:01:22.837,860] [0m<inf> exp02_logging: XY 82837 -6184525 -723932[0m
[00:01:22.837,982] [0m<dbg> zmk: zmk_hid_mouse_movement_set: Mouse movement set to 127/127[0m
[00:01:22.838,012] [0m<dbg> zmk: zmk_hid_mouse_scroll_set: Mouse scroll set to 0/0[0m
[00:01:22.838,012] [0m<dbg> zmk: zmk_hid_mouse_movement_set: Mouse movement set to 0/0[0m
[00:01:22.845,794] [0m<inf> exp02_logging: XY 82845 -8355840 -8355840[0m
[00:01:22.845,916] [0m<dbg> zmk: zmk_hid_mouse_movement_set: Mouse movement set to 0/0[0m
[00:01:22.845,916] [0m<dbg> zmk: zmk_hid_mouse_scroll_set: Mouse scroll set to 0/0[0m
[00:01:22.845,947] [0m<dbg> zmk: zmk_hid_mouse_movement_set: Mouse movement set to 0/0[0m
[00:01:22.853,820] [0m<inf> exp02_logging: XY 82853 -8355840 -8224062[0m
[00:01:22.853,912] [0m<dbg> zmk: zmk_hid_mouse_movement_set: Mouse movement set to 0/25[0m
[00:01:22.853,942] [0m<dbg> zmk: zmk_hid_mouse_scroll_set: Mouse scroll set to 0/0[0m
[00:01:22.853,942] [0m<dbg> zmk: zmk_hid_mouse_movement_set: Mouse movement set to 0/0[0m
[00:01:22.861,938] [0m<inf> exp02_logging: XY 82861 -526456 -8289952[0m
[00:01:22.862,060] [0m<dbg> zmk: zmk_hid_mouse_movement_set: Mouse movement set to 127/12[0m
[00:01:22.862,060] [0m<dbg> zmk: zmk_hid_mouse_scroll_set: Mouse scroll set to 0/0[0m
[00:01:22.862,091] [0m<dbg> zmk: zmk_hid_mouse_movement_set: Mouse movement set to 0/0[0m
[00:01:22.869,873] [0m<inf> exp02_logging: XY 82869 -8355840 -8355840[0m
[00:01:22.869,995] [0m<dbg> zmk: zmk_hid_mouse_movement_set: Mouse movement set to 0/0[0m
[00:01:22.869,995] [0m<dbg> zmk: zmk_hid_mouse_scroll_set: Mouse scroll set to 0/0[0m
[00:01:22.870,025] [0m<dbg> zmk: zmk_hid_mouse_movement_set: Mouse movement set to 0/0[0m
[00:01:22.877,899] [0m<inf> exp02_logging: XY 82877 -6053011 -789659[0m
[00:01:22.878,021] [0m<dbg> zmk: zmk_hid_mouse_movement_set: Mouse movement set to 127/127[0m
[00:01:22.878,051] [0m<dbg> zmk: zmk_hid_mouse_scroll_set: Mouse scroll set to 0/0[0m
[00:01:22.878,082] [0m<dbg> zmk: zmk_hid_mouse_movement_set: Mouse movement set to 0/0[0m
[00:01:22.886,016] [0m<inf> exp02_logging: XY 82885 -8355840 -8355840[0m
[00:01:22.886,108] [0m<dbg> zmk: zmk_hid_mouse_movement_set: Mouse movement set to 0/0[0m
[00:01:22.886,138] [0m<dbg> zmk: zmk_hid_mouse_scroll_set: Mouse scroll set to 0/0[0m
[00:01:22.886,169] [0m<dbg> zmk: zmk_hid_mouse_movement_set: Mouse movement set to 0/0[0m
[00:01:22.893,951] [0m<inf> exp02_logging: XY 82893 -8355840 -8092482[0m
[00:01:22.894,042] [0m<dbg> zmk: zmk_hid_mouse_movement_set: Mouse movement set to 0/51[0m
[00:01:22.894,042] [0m<dbg> zmk: zmk_hid_mouse_scroll_set: Mouse scroll set to 0/0[0m
[00:01:22.894,073] [0m<dbg> zmk: zmk_hid_mouse_movement_set: Mouse movement set to 0/0[0m
[00:01:22.901,977] [0m<inf> exp02_logging: XY 82901 -526461 -8355658[0m
[00:01:22.902,130] [0m<dbg> zmk: zmk_hid_mouse_movement_set: Mouse movement set to 127/0[0m
[00:01:22.902,130] [0m<dbg> zmk: zmk_hid_mouse_scroll_set: Mouse scroll set to 0/0[0m
[00:01:22.902,160] [0m<dbg> zmk: zmk_hid_mouse_movement_set: Mouse movement set to 0/0[0m
[00:01:22.910,095] [0m<inf> exp02_logging: XY 82910 -8355840 -8355840[0m
[00:01:22.910,156] [0m<dbg> zmk: zmk_hid_mouse_movement_set: Mouse movement set to 0/0[0m
[00:01:22.910,186] [0m<dbg> zmk: zmk_hid_mouse_scroll_set: Mouse scroll set to 0/0[0m
[00:01:22.910,186] [0m<dbg> zmk: zmk_hid_mouse_movement_set: Mouse movement set to 0/0[0m
[00:01:22.918,029] [0m<inf> exp02_logging: XY 82918 -5723967 -789681[0m
[00:01:22.918,151] [0m<dbg> zmk: zmk_hid_mouse_movement_set: Mouse movement set to 127/127[0m
[00:01:22.918,182] [0m<dbg> zmk: zmk_hid_mouse_scroll_set: Mouse scroll set to 0/0[0m
[00:01:22.918,182] [0m<dbg> zmk: zmk_hid_mouse_movement_set: Mouse movement set to 0/0[0m
[00:01:22.926,055] [0m<inf> exp02_logging: XY 82926 -8355840 -8355840[0m
[00:01:22.926,177] [0m<dbg> zmk: zmk_hid_mouse_movement_set: Mouse movement set to 0/0[0m
[00:01:22.926,177] [0m<dbg> zmk: zmk_hid_mouse_scroll_set: Mouse scroll set to 0/0[0m
[00:01:22.926,208] [0m<dbg> zmk: zmk_hid_mouse_movement_set: Mouse movement set to 0/0[0m
[00:01:22.934,173] [0m<inf> exp02_logging: XY 82934 -8355840 -7763579[0m
[00:01:22.934,234] [0m<dbg> zmk: zmk_hid_mouse_movement_set: Mouse movement set to 0/114[0m
[00:01:22.934,265] [0m<dbg> zmk: zmk_hid_mouse_scroll_set: Mouse scroll set to 0/0[0m
[00:01:22.934,295] [0m<dbg> zmk: zmk_hid_mouse_movement_set: Mouse movement set to 0/0[0m
[00:01:22.942,108] [0m<inf> exp02_logging: XY 82942 -592251 -8355840[0m
[00:01:22.942,230] [0m<dbg> zmk: zmk_hid_mouse_movement_set: Mouse movement set to 127/0[0m
[00:01:22.942,260] [0m<dbg> zmk: zmk_hid_mouse_scroll_set: Mouse scroll set to 0/0[0m
[00:01:22.942,260] [0m<dbg> zmk: zmk_hid_mouse_movement_set: Mouse movement set to 0/0[0m
[00:01:22.950,134] [0m<inf> exp02_logging: XY 82950 -8355840 -8355840[0m
[00:01:22.950,225] [0m<dbg> zmk: zmk_hid_mouse_movement_set: Mouse movement set to 0/0[0m
[00:01:22.950,225] [0m<dbg> zmk: zmk_hid_mouse_scroll_set: Mouse scroll set to 0/0[0m
[00:01:22.950,256] [0m<dbg> zmk: zmk_hid_mouse_movement_set: Mouse movement set to 0/0[0m
[00:01:22.958,251] [0m<inf> exp02_logging: XY 82958 -5395007 -789656[0m
[00:01:22.958,374] [0m<dbg> zmk: zmk_hid_mouse_movement_set: Mouse movement set to 127/127[0m
[00:01:22.958,374] [0m<dbg> zmk: zmk_hid_mouse_scroll_set: Mouse scroll set to 0/0[0m
[00:01:22.958,404] [0m<dbg> zmk: zmk_hid_mouse_movement_set: Mouse movement set to 0/0[0m
[00:01:22.966,186] [0m<inf> exp02_logging: XY 82966 -8355840 -8355840[0m
[00:01:22.966,308] [0m<dbg> zmk: zmk_hid_mouse_movement_set: Mouse movement set to 0/0[0m
[00:01:22.966,308] [0m<dbg> zmk: zmk_hid_mouse_scroll_set: Mouse scroll set to 0/0[0m
[00:01:22.966,339] [0m<dbg> zmk: zmk_hid_mouse_movement_set: Mouse movement set to 0/0[0m
[00:01:22.974,212] [0m<inf> exp02_logging: XY 82974 -8355840 -7697811[0m
[00:01:22.974,304] [0m<dbg> zmk: zmk_hid_mouse_movement_set: Mouse movement set to 0/127[0m
[00:01:22.974,334] [0m<dbg> zmk: zmk_hid_mouse_scroll_set: Mouse scroll set to 0/0[0m
[00:01:22.974,334] [0m<dbg> zmk: zmk_hid_mouse_movement_set: Mouse movement set to 0/0[0m
[00:01:22.982,330] [0m<inf> exp02_logging: XY 82982 -658173 -8355840[0m
[00:01:22.982,452] [0m<dbg> zmk: zmk_hid_mouse_movement_set: Mouse movement set to 127/0[0m
[00:01:22.982,452] [0m<dbg> zmk: zmk_hid_mouse_scroll_set: Mouse scroll set to 0/0[0m
[00:01:22.982,482] [0m<dbg> zmk: zmk_hid_mouse_movement_set: Mouse movement set to 0/0[0m
[00:01:22.990,264] [0m<inf> exp02_logging: XY 82990 -8355840 -8355840[0m
[00:01:22.990,356] [0m<dbg> zmk: zmk_hid_mouse_movement_set: Mouse movement set to 0/0[0m
[00:01:22.990,356] [0m<dbg> zmk: zmk_hid_mouse_scroll_set: Mouse scroll set to 0/0[0m
[00:01:22.990,386] [0m<dbg> zmk: zmk_hid_mouse_movement_set: Mouse movement set to 0/0[0m
[00:01:22.998,291] [0m<inf> exp02_logging: XY 82998 -5263469 -855354[0m
[00:01:22.998,443] [0m<dbg> zmk: zmk_hid_mouse_movement_set: Mouse movement set to 127/127[0m
[00:01:22.998,443] [0m<dbg> zmk: zmk_hid_mouse_scroll_set: Mouse scroll set to 0/0[0m
[00:01:22.998,474] [0m<dbg> zmk: zmk_hid_mouse_movement_set: Mouse movement set to 0/0[0m
[00:01:23.006,408] [0m<inf> exp02_logging: XY 83006 -8355840 -8355840[0m
[00:01:23.006,500] [0m<dbg> zmk: zmk_hid_mouse_movement_set: Mouse movement set to 0/0[0m
[00:01:23.006,530] [0m<dbg> zmk: zmk_hid_mouse_scroll_set: Mouse scroll set to 0/0[0m
[00:01:23.006,530] [0m<dbg> zmk: zmk_hid_mouse_movement_set: Mouse movement set to 0/0[0m
[00:01:23.014,343] [0m<inf> exp02_logging: XY 83014 -8355840 -7500464[0m
[00:01:23.014,434] [0m<dbg> zmk: zmk_hid_mouse_movement_set: Mouse movement set to 0/127[0m
[00:01:23.014,434] [0m<dbg> zmk: zmk_hid_mouse_scroll_set: Mouse scroll set to 0/0[0m
[00:01:23.014,465] [0m<dbg> zmk: zmk_hid_mouse_movement_set: Mouse movement set to 0/0[0m
[00:01:23.022,369] [0m<inf> exp02_logging: XY 83022 -921132 -8355840[0m
[00:01:23.022,491] [0m<dbg> zmk: zmk_hid_mouse_movement_set: Mouse movement set to 127/0[0m
[00:01:23.022,521] [0m<dbg> zmk: zmk_hid_mouse_scroll_set: Mouse scroll set to 0/0[0m
[00:01:23.022,521] [0m<dbg> zmk: zmk_hid_mouse_movement_set: Mouse movement set to 0/0[0m
[00:01:23.030,487] [0m<inf> exp02_logging: XY 83030 -8355840 -8355840[0m
[00:01:23.030,548] [0m<dbg> zmk: zmk_hid_mouse_movement_set: Mouse movement set to 0/0[0m
[00:01:23.030,578] [0m<dbg> zmk: zmk_hid_mouse_scroll_set: Mouse scroll set to 0/0[0m
[00:01:23.030,578] [0m<dbg> zmk: zmk_hid_mouse_movement_set: Mouse movement set to 0/0[0m
[00:01:23.038,421] [0m<inf> exp02_logging: XY 83038 -4934556 -789640[0m
[00:01:23.038,543] [0m<dbg> zmk: zmk_hid_mouse_movement_set: Mouse movement set to 127/127[0m
[00:01:23.038,574] [0m<dbg> zmk: zmk_hid_mouse_scroll_set: Mouse scroll set to 0/0[0m
[00:01:23.038,574] [0m<dbg> zmk: zmk_hid_mouse_movement_set: Mouse movement set to 0/0[0m
[00:01:23.046,447] [0m<inf> exp02_logging: XY 83046 -8355840 -8355840[0m
[00:01:23.046,569] [0m<dbg> zmk: zmk_hid_mouse_movement_set: Mouse movement set to 0/0[0m
[00:01:23.046,600] [0m<dbg> zmk: zmk_hid_mouse_scroll_set: Mouse scroll set to 0/0[0m
[00:01:23.046,600] [0m<dbg> zmk: zmk_hid_mouse_movement_set: Mouse movement set to 0/0[0m
[00:01:23.054,565] [0m<inf> exp02_logging: XY 83054 -8355840 -6974143[0m
[00:01:23.054,626] [0m<dbg> zmk: zmk_hid_mouse_movement_set: Mouse movement set to 0/127[0m
[00:01:23.054,656] [0m<dbg> zmk: zmk_hid_mouse_scroll_set: Mouse scroll set to 0/0[0m
[00:01:23.054,656] [0m<dbg> zmk: zmk_hid_mouse_movement_set: Mouse movement set to 0/0[0m
[00:01:23.062,500] [0m<inf> exp02_logging: XY 83062 -1184500 -8355840[0m
[00:01:23.062,622] [0m<dbg> zmk: zmk_hid_mouse_movement_set: Mouse movement set to 127/0[0m
[00:01:23.062,652] [0m<dbg> zmk: zmk_hid_mouse_scroll_set: Mouse scroll set to 0/0[0m
[00:01:23.062,652] [0m<dbg> zmk: zmk_hid_mouse_movement_set: Mouse movement set to 0/0[0m
[00:01:23.070,526] [0m<inf> exp02_logging: XY 83070 -8355840 -8355840[0m
[00:01:23.070,617] [0m<dbg> zmk: zmk_hid_mouse_movement_set: Mouse movement set to 0/0[0m
[00:01:23.070,617] [0m<dbg> zmk: zmk_hid_mouse_scroll_set: Mouse scroll set to 0/0[0m
[00:01:23.070,648] [0m<dbg> zmk: zmk_hid_mouse_movement_set: Mouse movement set to 0/0[0m
[00:01:23.078,643] [0m<inf> exp02_logging: XY 83078 -4539890 -789629[0m
[00:01:23.078,765] [0m<dbg> zmk: zmk_hid_mouse_movement_set: Mouse movement set to 127/127[0m
[00:01:23.078,765] [0m<dbg> zmk: zmk_hid_mouse_scroll_set: Mouse scroll set to 0/0[0m
[00:01:23.078,796] [0m<dbg> zmk: zmk_hid_mouse_movement_set: Mouse movement set to 0/0[0m
[00:01:23.086,578] [0m<inf> exp02_logging: XY 83086 -8355840 -8355840[0m
[00:01:23.086,700] [0m<dbg> zmk: zmk_hid_mouse_movement_set: Mouse movement set to 0/0[0m
[00:01:23.086,700] [0m<dbg> zmk: zmk_hid_mouse_scroll_set: Mouse scroll set to 0/0[0m
[00:01:23.086,730] [0m<dbg> zmk: zmk_hid_mouse_movement_set: Mouse movement set to 0/0[0m
[00:01:23.094,604] [0m<inf> exp02_logging: XY 83094 -8355840 -7105595[0m
[00:01:23.094,696] [0m<dbg> zmk: zmk_hid_mouse_movement_set: Mouse movement set to 0/127[0m
[00:01:23.094,696] [0m<dbg> zmk: zmk_hid_mouse_scroll_set: Mouse scroll set to 0/0[0m
[00:01:23.094,726] [0m<dbg> zmk: zmk_hid_mouse_movement_set: Mouse movement set to 0/0[0m
[00:01:23.102,722] [0m<inf> exp02_logging: XY 83102 -1776547 -8355840[0m
[00:01:23.102,844] [0m<dbg> zmk: zmk_hid_mouse_movement_set: Mouse movement set to 127/0[0m
[00:01:23.102,844] [0m<dbg> zmk: zmk_hid_mouse_scroll_set: Mouse scroll set to 0/0[0m
[00:01:23.102,874] [0m<dbg> zmk: zmk_hid_mouse_movement_set: Mouse movement set to 0/0[0m
[00:01:23.110,656] [0m<inf> exp02_logging: XY 83110 -8355840 -8355840[0m
[00:01:23.110,748] [0m<dbg> zmk: zmk_hid_mouse_movement_set: Mouse movement set to 0/0[0m
[00:01:23.110,748] [0m<dbg> zmk: zmk_hid_mouse_scroll_set: Mouse scroll set to 0/0[0m
[00:01:23.110,778] [0m<dbg> zmk: zmk_hid_mouse_movement_set: Mouse movement set to 0/0[0m
[00:01:23.118,682] [0m<inf> exp02_logging: XY 83118 -4276714 -855384[0m
[00:01:23.118,835] [0m<dbg> zmk: zmk_hid_mouse_movement_set: Mouse movement set to 127/127[0m
[00:01:23.118,835] [0m<dbg> zmk: zmk_hid_mouse_scroll_set: Mouse scroll set to 0/0[0m
[00:01:23.118,865] [0m<dbg> zmk: zmk_hid_mouse_movement_set: Mouse movement set to 0/0[0m
[00:01:23.126,800] [0m<inf> exp02_logging: XY 83126 -8355840 -8355840[0m
[00:01:23.126,892] [0m<dbg> zmk: zmk_hid_mouse_movement_set: Mouse movement set to 0/0[0m
[00:01:23.126,922] [0m<dbg> zmk: zmk_hid_mouse_scroll_set: Mouse scroll set to 0/0[0m
[00:01:23.126,922] [0m<dbg> zmk: zmk_hid_mouse_movement_set: Mouse movement set to 0/0[0m
[00:01:23.134,735] [0m<inf> exp02_logging: XY 83134 -8355840 -6776796[0m
[00:01:23.134,826] [0m<dbg> zmk: zmk_hid_mouse_movement_set: Mouse movement set to 0/127[0m
[00:01:23.134,826] [0m<dbg> zmk: zmk_hid_mouse_scroll_set: Mouse scroll set to 0/0[0m
[00:01:23.134,857] [0m<dbg> zmk: zmk_hid_mouse_movement_set: Mouse movement set to 0/0[0m
[00:01:23.142,761] [0m<inf> exp02_logging: XY 83142 -2236957 -8355840[0m
[00:01:23.142,883] [0m<dbg> zmk: zmk_hid_mouse_movement_set: Mouse movement set to 127/0[0m
[00:01:23.142,913] [0m<dbg> zmk: zmk_hid_mouse_scroll_set: Mouse scroll set to 0/0[0m
[00:01:23.142,913] [0m<dbg> zmk: zmk_hid_mouse_movement_set: Mouse movement set to 0/0[0m
[00:01:23.150,878] [0m<inf> exp02_logging: XY 83150 -8355840 -8355840[0m
[00:01:23.150,939] [0m<dbg> zmk: zmk_hid_mouse_movement_set: Mouse movement set to 0/0[0m
[00:01:23.150,970] [0m<dbg> zmk: zmk_hid_mouse_scroll_set: Mouse scroll set to 0/0[0m
[00:01:23.150,970] [0m<dbg> zmk: zmk_hid_mouse_movement_set: Mouse movement set to 0/0[0m
[00:01:23.158,813] [0m<inf> exp02_logging: XY 83158 -3881731 -1052868[0m
[00:01:23.158,935] [0m<dbg> zmk: zmk_hid_mouse_movement_set: Mouse movement set to 127/127[0m
[00:01:23.158,966] [0m<dbg> zmk: zmk_hid_mouse_scroll_set: Mouse scroll set to 0/0[0m
[00:01:23.158,966] [0m<dbg> zmk: zmk_hid_mouse_movement_set: Mouse movement set to 0/0[0m
[00:01:23.166,839] [0m<inf> exp02_logging: XY 83166 -8355840 -8355840[0m
[00:01:23.166,961] [0m<dbg> zmk: zmk_hid_mouse_movement_set: Mouse movement set to 0/0[0m
[00:01:23.166,992] [0m<dbg> zmk: zmk_hid_mouse_scroll_set: Mouse scroll set to 0/0[0m
[00:01:23.166,992] [0m<dbg> zmk: zmk_hid_mouse_movement_set: Mouse movement set to 0/0[0m
[00:01:23.174,957] [0m<inf> exp02_logging: XY 83174 -8355840 -6447670[0m
[00:01:23.175,018] [0m<dbg> zmk: zmk_hid_mouse_movement_set: Mouse movement set to 0/127[0m
[00:01:23.175,048] [0m<dbg> zmk: zmk_hid_mouse_scroll_set: Mouse scroll set to 0/0[0m
[00:01:23.175,048] [0m<dbg> zmk: zmk_hid_mouse_movement_set: Mouse movement set to 0/0[0m
[00:01:23.182,891] [0m<inf> exp02_logging: XY 83182 -2566083 -8355840[0m
[00:01:23.183,013] [0m<dbg> zmk: zmk_hid_mouse_movement_set: Mouse movement set to 127/0[0m
[00:01:23.183,044] [0m<dbg> zmk: zmk_hid_mouse_scroll_set: Mouse scroll set to 0/0[0m
[00:01:23.183,044] [0m<dbg> zmk: zmk_hid_mouse_movement_set: Mouse movement set to 0/0[0m
[00:01:23.190,917] [0m<inf> exp02_logging: XY 83190 -8355840 -8355840[0m
[00:01:23.191,009] [0m<dbg> zmk: zmk_hid_mouse_movement_set: Mouse movement set to 0/0[0m
[00:01:23.191,009] [0m<dbg> zmk: zmk_hid_mouse_scroll_set: Mouse scroll set to 0/0[0m
[00:01:23.191,040] [0m<dbg> zmk: zmk_hid_mouse_movement_set: Mouse movement set to 0/0[0m
[00:01:23.199,035] [0m<inf> exp02_logging: XY 83199 -3355590 -1710756[0m
[00:01:23.199,157] [0m<dbg> zmk: zmk_hid_mouse_movement_set: Mouse movement set to 127/127[0m
[00:01:23.199,157] [0m<dbg> zmk: zmk_hid_mouse_scroll_set: Mouse scroll set to 0/0[0m
[00:01:23.199,188] [0m<dbg> zmk: zmk_hid_mouse_movement_set: Mouse movement set to 0/0[0m
[00:01:23.206,970] [0m<inf> exp02_logging: XY 83206 -8355840 -8355840[0m
[00:01:23.207,092] [0m<dbg> zmk: zmk_hid_mouse_movement_set: Mouse movement set to 0/0[0m
[00:01:23.207,092] [0m<dbg> zmk: zmk_hid_mouse_scroll_set: Mouse scroll set to 0/0[0m
[00:01:23.207,122] [0m<dbg> zmk: zmk_hid_mouse_movement_set: Mouse movement set to 0/0[0m
[00:01:23.214,996] [0m<inf> exp02_logging: XY 83214 -8355840 -6250481[0m
[00:01:23.215,087] [0m<dbg> zmk: zmk_hid_mouse_movement_set: Mouse movement set to 0/127[0m
[00:01:23.215,087] [0m<dbg> zmk: zmk_hid_mouse_scroll_set: Mouse scroll set to 0/0[0m
[00:01:23.215,118] [0m<dbg> zmk: zmk_hid_mouse_movement_set: Mouse movement set to 0/0[0m
[00:01:23.223,114] [0m<inf> exp02_logging: XY 83223 -3092327 -8355840[0m
[00:01:23.223,236] [0m<dbg> zmk: zmk_hid_mouse_movement_set: Mouse movement set to 127/0[0m
[00:01:23.223,236] [0m<dbg> zmk: zmk_hid_mouse_scroll_set: Mouse scroll set to 0/0[0m
[00:01:23.223,266] [0m<dbg> zmk: zmk_hid_mouse_movement_set: Mouse movement set to 0/0[0m
[00:01:23.231,048] [0m<inf> exp02_logging: XY 83231 -8355840 -8355840[0m
[00:01:23.231,109] [0m<dbg> zmk: zmk_hid_mouse_movement_set: Mouse movement set to 0/0[0m
[00:01:23.231,140] [0m<dbg> zmk: zmk_hid_mouse_scroll_set: Mouse scroll set to 0/0[0m
[00:01:23.231,170] [0m<dbg> zmk: zmk_hid_mouse_movement_set: Mouse movement set to 0/0[0m
[00:01:23.239,074] [0m<inf> exp02_logging: XY 83239 -3026656 -1973878[0m
[00:01:23.239,227] [0m<dbg> zmk: zmk_hid_mouse_movement_set: Mouse movement set to 127/127[0m
[00:01:23.239,227] [0m<dbg> zmk: zmk_hid_mouse_scroll_set: Mouse scroll set to 0/0[0m
[00:01:23.239,257] [0m<dbg> zmk: zmk_hid_mouse_movement_set: Mouse movement set to 0/0[0m
[00:01:23.247,192] [0m<inf> exp02_logging: XY 83247 -8355840 -8355840[0m
[00:01:23.247,283] [0m<dbg> zmk: zmk_hid_mouse_movement_set: Mouse movement set to 0/0[0m
[00:01:23.247,314] [0m<dbg> zmk: zmk_hid_mouse_scroll_set: Mouse scroll set to 0/0[0m
[00:01:23.247,314] [0m<dbg> zmk: zmk_hid_mouse_movement_set: Mouse movement set to 0/0[0m
[00:01:23.255,126] [0m<inf> exp02_logging: XY 83255 -8355840 -5987160[0m
[00:01:23.255,218] [0m<dbg> zmk: zmk_hid_mouse_movement_set: Mouse movement set to 0/127[0m
[00:01:23.255,218] [0m<dbg> zmk: zmk_hid_mouse_scroll_set: Mouse scroll set to 0/0[0m
[00:01:23.255,249] [0m<dbg> zmk: zmk_hid_mouse_movement_set: Mouse movement set to 0/0[0m
[00:01:23.263,153] [0m<inf> exp02_logging: XY 83263 -3487116 -8355840[0m
[00:01:23.263,275] [0m<dbg> zmk: zmk_hid_mouse_movement_set: Mouse movement set to 127/0[0m
[00:01:23.263,305] [0m<dbg> zmk: zmk_hid_mouse_scroll_set: Mouse scroll set to 0/0[0m
[00:01:23.263,305] [0m<dbg> zmk: zmk_hid_mouse_movement_set: Mouse movement set to 0/0[0m
[00:01:23.271,240] [0m<inf> exp02_logging: XY 83271 -8355840 -8355840[0m
[00:01:23.271,331] [0m<dbg> zmk: zmk_hid_mouse_movement_set: Mouse movement set to 0/0[0m
[00:01:23.271,331] [0m<dbg> zmk: zmk_hid_mouse_scroll_set: Mouse scroll set to 0/0[0m
[00:01:23.271,362] [0m<dbg> zmk: zmk_hid_mouse_movement_set: Mouse movement set to 0/0[0m
[00:01:23.279,205] [0m<inf> exp02_logging: XY 83279 -2565953 -2368540[0m
[00:01:23.279,327] [0m<dbg> zmk: zmk_hid_mouse_movement_set: Mouse movement set to 127/127[0m
[00:01:23.279,357] [0m<dbg> zmk: zmk_hid_mouse_scroll_set: Mouse scroll set to 0/0[0m
[00:01:23.279,357] [0m<dbg> zmk: zmk_hid_mouse_movement_set: Mouse movement set to 0/0[0m
[00:01:23.287,231] [0m<inf> exp02_logging: XY 83287 -8355840 -8355840[0m
[00:01:23.287,353] [0m<dbg> zmk: zmk_hid_mouse_movement_set: Mouse movement set to 0/0[0m
[00:01:23.287,384] [0m<dbg> zmk: zmk_hid_mouse_scroll_set: Mouse scroll set to 0/0[0m
[00:01:23.287,384] [0m<dbg> zmk: zmk_hid_mouse_movement_set: Mouse movement set to 0/0[0m
[00:01:23.295,349] [0m<inf> exp02_logging: XY 83295 -8355840 -5724105[0m
[00:01:23.295,410] [0m<dbg> zmk: zmk_hid_mouse_movement_set: Mouse movement set to 0/127[0m
[00:01:23.295,440] [0m<dbg> zmk: zmk_hid_mouse_scroll_set: Mouse scroll set to 0/0[0m
[00:01:23.295,440] [0m<dbg> zmk: zmk_hid_mouse_movement_set: Mouse movement set to 0/0[0m
[00:01:23.303,283] [0m<inf> exp02_logging: XY 83303 -3881820 -8355840[0m
[00:01:23.303,405] [0m<dbg> zmk: zmk_hid_mouse_movement_set: Mouse movement set to 127/0[0m
[00:01:23.303,405] [0m<dbg> zmk: zmk_hid_mouse_scroll_set: Mouse scroll set to 0/0[0m
[00:01:23.303,436] [0m<dbg> zmk: zmk_hid_mouse_movement_set: Mouse movement set to 0/0[0m
[00:01:23.311,309] [0m<inf> exp02_logging: XY 83311 -8355840 -8355840[0m
[00:01:23.311,401] [0m<dbg> zmk: zmk_hid_mouse_movement_set: Mouse movement set to 0/0[0m
[00:01:23.311,401] [0m<dbg> zmk: zmk_hid_mouse_scroll_set: Mouse scroll set to 0/0[0m
[00:01:23.311,431] [0m<dbg> zmk: zmk_hid_mouse_movement_set: Mouse movement set to 0/0[0m
[00:01:23.319,427] [0m<inf> exp02_logging: XY 83319 -2105382 -3092369[0m
[00:01:23.319,549] [0m<dbg> zmk: zmk_hid_mouse_movement_set: Mouse movement set to 127/127[0m
[00:01:23.319,549] [0m<dbg> zmk: zmk_hid_mouse_scroll_set: Mouse scroll set to 0/0[0m
[00:01:23.319,580] [0m<dbg> zmk: zmk_hid_mouse_movement_set: Mouse movement set to 0/0[0m
[00:01:23.327,362] [0m<inf> exp02_logging: XY 83327 -8355840 -8355840[0m
[00:01:23.327,484] [0m<dbg> zmk: zmk_hid_mouse_movement_set: Mouse movement set to 0/0[0m
[00:01:23.327,484] [0m<dbg> zmk: zmk_hid_mouse_scroll_set: Mouse scroll set to 0/0[0m
[00:01:23.327,514] [0m<dbg> zmk: zmk_hid_mouse_movement_set: Mouse movement set to 0/0[0m
[00:01:23.335,388] [0m<inf> exp02_logging: XY 83335 -8355840 -5460768[0m
[00:01:23.335,479] [0m<dbg> zmk: zmk_hid_mouse_movement_set: Mouse movement set to 0/127[0m
[00:01:23.335,479] [0m<dbg> zmk: zmk_hid_mouse_scroll_set: Mouse scroll set to 0/0[0m
[00:01:23.335,510] [0m<dbg> zmk: zmk_hid_mouse_movement_set: Mouse movement set to 0/0[0m
[00:01:23.343,505] [0m<inf> exp02_logging: XY 83343 -4408234 -8355840[0m
[00:01:23.343,627] [0m<dbg> zmk: zmk_hid_mouse_movement_set: Mouse movement set to 127/0[0m
[00:01:23.343,627] [0m<dbg> zmk: zmk_hid_mouse_scroll_set: Mouse scroll set to 0/0[0m
[00:01:23.343,658] [0m<dbg> zmk: zmk_hid_mouse_movement_set: Mouse movement set to 0/0[0m
[00:01:23.351,440] [0m<inf> exp02_logging: XY 83351 -8355840 -8355840[0m
[00:01:23.351,501] [0m<dbg> zmk: zmk_hid_mouse_movement_set: Mouse movement set to 0/0[0m
[00:01:23.351,531] [0m<dbg> zmk: zmk_hid_mouse_scroll_set: Mouse scroll set to 0/0[0m
[00:01:23.351,531] [0m<dbg> zmk: zmk_hid_mouse_movement_set: Mouse movement set to 0/0[0m
[00:01:23.359,466] [0m<inf> exp02_logging: XY 83359 -921276 -3289658[0m
[00:01:23.359,588] [0m<dbg> zmk: zmk_hid_mouse_movement_set: Mouse movement set to 127/127[0m
[00:01:23.359,619] [0m<dbg> zmk: zmk_hid_mouse_scroll_set: Mouse scroll set to 0/0[0m
[00:01:23.359,649] [0m<dbg> zmk: zmk_hid_mouse_movement_set: Mouse movement set to 0/0[0m
[00:01:23.367,584] [0m<inf> exp02_logging: XY 83367 -8355840 -8355840[0m
[00:01:23.367,675] [0m<dbg> zmk: zmk_hid_mouse_movement_set: Mouse movement set to 0/0[0m
[00:01:23.367,706] [0m<dbg> zmk: zmk_hid_mouse_scroll_set: Mouse scroll set to 0/0[0m
[00:01:23.367,706] [0m<dbg> zmk: zmk_hid_mouse_movement_set: Mouse movement set to 0/0[0m
[00:01:23.375,518] [0m<inf> exp02_logging: XY 83375 -8355840 -3223877[0m
[00:01:23.375,610] [0m<dbg> zmk: zmk_hid_mouse_movement_set: Mouse movement set to 0/127[0m
[00:01:23.375,610] [0m<dbg> zmk: zmk_hid_mouse_scroll_set: Mouse scroll set to 0/0[0m
[00:01:23.375,640] [0m<dbg> zmk: zmk_hid_mouse_movement_set: Mouse movement set to 0/0[0m
[00:01:23.383,544] [0m<inf> exp02_logging: XY 83383 -4737147 -8355840[0m
[00:01:23.383,666] [0m<dbg> zmk: zmk_hid_mouse_movement_set: Mouse movement set to 127/0[0m
[00:01:23.383,697] [0m<dbg> zmk: zmk_hid_mouse_scroll_set: Mouse scroll set to 0/0[0m
[00:01:23.383,697] [0m<dbg> zmk: zmk_hid_mouse_movement_set: Mouse movement set to 0/0[0m
[00:01:23.391,662] [0m<inf> exp02_logging: XY 83391 -8355840 -8355840[0m
[00:01:23.391,723] [0m<dbg> zmk: zmk_hid_mouse_movement_set: Mouse movement set to 0/0[0m
[00:01:23.391,754] [0m<dbg> zmk: zmk_hid_mouse_scroll_set: Mouse scroll set to 0/0[0m
[00:01:23.391,754] [0m<dbg> zmk: zmk_hid_mouse_movement_set: Mouse movement set to 0/0[0m
[00:01:23.399,597] [0m<inf> exp02_logging: XY 83399 -855550 -3618783[0m
[00:01:23.399,719] [0m<dbg> zmk: zmk_hid_mouse_movement_set: Mouse movement set to 127/127[0m
[00:01:23.399,749] [0m<dbg> zmk: zmk_hid_mouse_scroll_set: Mouse scroll set to 0/0[0m
[00:01:23.399,749] [0m<dbg> zmk: zmk_hid_mouse_movement_set: Mouse movement set to 0/0[0m
[00:01:23.407,623] [0m<inf> exp02_logging: XY 83407 -8355840 -8355840[0m
[00:01:23.407,745] [0m<dbg> zmk: zmk_hid_mouse_movement_set: Mouse movement set to 0/0[0m
[00:01:23.407,775] [0m<dbg> zmk: zmk_hid_mouse_scroll_set: Mouse scroll set to 0/0[0m
[00:01:23.407,775] [0m<dbg> zmk: zmk_hid_mouse_movement_set: Mouse movement set to 0/0[0m
[00:01:23.415,740] [0m<inf> exp02_logging: XY 83415 -8355840 -2368671[0m
[00:01:23.415,802] [0m<dbg> zmk: zmk_hid_mouse_movement_set: Mouse movement set to 0/127[0m
[00:01:23.415,832] [0m<dbg> zmk: zmk_hid_mouse_scroll_set: Mouse scroll set to 0/0[0m
[00:01:23.415,863] [0m<dbg> zmk: zmk_hid_mouse_movement_set: Mouse movement set to 0/0[0m
[00:01:23.423,675] [0m<inf> exp02_logging: XY 83423 -5329267 -8355840[0m
[00:01:23.423,797] [0m<dbg> zmk: zmk_hid_mouse_movement_set: Mouse movement set to 127/0[0m
[00:01:23.423,828] [0m<dbg> zmk: zmk_hid_mouse_scroll_set: Mouse scroll set to 0/0[0m
[00:01:23.423,828] [0m<dbg> zmk: zmk_hid_mouse_movement_set: Mouse movement set to 0/0[0m
[00:01:23.431,701] [0m<inf> exp02_logging: XY 83431 -8355840 -8355840[0m
[00:01:23.431,793] [0m<dbg> zmk: zmk_hid_mouse_movement_set: Mouse movement set to 0/0[0m
[00:01:23.431,793] [0m<dbg> zmk: zmk_hid_mouse_scroll_set: Mouse scroll set to 0/0[0m
[00:01:23.431,823] [0m<dbg> zmk: zmk_hid_mouse_movement_set: Mouse movement set to 0/0[0m
[00:01:23.439,819] [0m<inf> exp02_logging: XY 83439 -855401 -4210861[0m
[00:01:23.439,941] [0m<dbg> zmk: zmk_hid_mouse_movement_set: Mouse movement set to 127/127[0m
[00:01:23.439,971] [0m<dbg> zmk: zmk_hid_mouse_scroll_set: Mouse scroll set to 0/0[0m
[00:01:23.439,971] [0m<dbg> zmk: zmk_hid_mouse_movement_set: Mouse movement set to 0/0[0m
[00:01:23.447,753] [0m<inf> exp02_logging: XY 83447 -8355840 -8355840[0m
[00:01:23.447,875] [0m<dbg> zmk: zmk_hid_mouse_movement_set: Mouse movement set to 0/0[0m
[00:01:23.447,875] [0m<dbg> zmk: zmk_hid_mouse_scroll_set: Mouse scroll set to 0/0[0m
[00:01:23.447,906] [0m<dbg> zmk: zmk_hid_mouse_movement_set: Mouse movement set to 0/0[0m
[00:01:23.455,780] [0m<inf> exp02_logging: XY 83455 -8355840 -1908110[0m
[00:01:23.455,871] [0m<dbg> zmk: zmk_hid_mouse_movement_set: Mouse movement set to 0/127[0m
[00:01:23.455,902] [0m<dbg> zmk: zmk_hid_mouse_scroll_set: Mouse scroll set to 0/0[0m
[00:01:23.455,902] [0m<dbg> zmk: zmk_hid_mouse_movement_set: Mouse movement set to 0/0[0m
[00:01:23.463,897] [0m<inf> exp02_logging: XY 83463 -5789763 -8355840[0m
[00:01:23.464,019] [0m<dbg> zmk: zmk_hid_mouse_movement_set: Mouse movement set to 127/0[0m
[00:01:23.464,019] [0m<dbg> zmk: zmk_hid_mouse_scroll_set: Mouse scroll set to 0/0[0m
[00:01:23.464,050] [0m<dbg> zmk: zmk_hid_mouse_movement_set: Mouse movement set to 0/0[0m
[00:01:23.471,832] [0m<inf> exp02_logging: XY 83471 -8355840 -8355840[0m
[00:01:23.471,923] [0m<dbg> zmk: zmk_hid_mouse_movement_set: Mouse movement set to 0/0[0m
[00:01:23.471,923] [0m<dbg> zmk: zmk_hid_mouse_scroll_set: Mouse scroll set to 0/0[0m
[00:01:23.471,954] [0m<dbg> zmk: zmk_hid_mouse_movement_set: Mouse movement set to 0/0[0m
[00:01:23.479,858] [0m<inf> exp02_logging: XY 83479 -789658 -4408234[0m
[00:01:23.480,010] [0m<dbg> zmk: zmk_hid_mouse_movement_set: Mouse movement set to 127/127[0m
[00:01:23.480,010] [0m<dbg> zmk: zmk_hid_mouse_scroll_set: Mouse scroll set to 0/0[0m
[00:01:23.480,041] [0m<dbg> zmk: zmk_hid_mouse_movement_set: Mouse movement set to 0/0[0m
[00:01:23.487,976] [0m<inf> exp02_logging: XY 83487 -8355840 -8355840[0m
[00:01:23.488,067] [0m<dbg> zmk: zmk_hid_mouse_movement_set: Mouse movement set to 0/0[0m
[00:01:23.488,098] [0m<dbg> zmk: zmk_hid_mouse_scroll_set: Mouse scroll set to 0/0[0m
[00:01:23.488,098] [0m<dbg> zmk: zmk_hid_mouse_movement_set: Mouse movement set to 0/0[0m
[00:01:23.495,910] [0m<inf> exp02_logging: XY 83495 -8355840 -1118532[0m
[00:01:23.496,002] [0m<dbg> zmk: zmk_hid_mouse_movement_set: Mouse movement set to 0/127[0m
[00:01:23.496,002] [0m<dbg> zmk: zmk_hid_mouse_scroll_set: Mouse scroll set to 0/0[0m
[00:01:23.496,032] [0m<dbg> zmk: zmk_hid_mouse_movement_set: Mouse movement set to 0/0[0m
[00:01:23.503,936] [0m<inf> exp02_logging: XY 83503 -5921472 -8355840[0m
[00:01:23.504,058] [0m<dbg> zmk: zmk_hid_mouse_movement_set: Mouse movement set to 127/0[0m
[00:01:23.504,089] [0m<dbg> zmk: zmk_hid_mouse_scroll_set: Mouse scroll set to 0/0[0m
[00:01:23.504,089] [0m<dbg> zmk: zmk_hid_mouse_movement_set: Mouse movement set to 0/0[0m
[00:01:23.512,054] [0m<inf> exp02_logging: XY 83512 -8355840 -8355840[0m
[00:01:23.512,115] [0m<dbg> zmk: zmk_hid_mouse_movement_set: Mouse movement set to 0/0[0m
[00:01:23.512,145] [0m<dbg> zmk: zmk_hid_mouse_scroll_set: Mouse scroll set to 0/0[0m
[00:01:23.512,145] [0m<dbg> zmk: zmk_hid_mouse_movement_set: Mouse movement set to 0/0[0m
[00:01:23.519,989] [0m<inf> exp02_logging: XY 83519 -789537 -5066230[0m
[00:01:23.520,111] [0m<dbg> zmk: zmk_hid_mouse_movement_set: Mouse movement set to 127/127[0m
[00:01:23.520,141] [0m<dbg> zmk: zmk_hid_mouse_scroll_set: Mouse scroll set to 0/0[0m
[00:01:23.520,141] [0m<dbg> zmk: zmk_hid_mouse_movement_set: Mouse movement set to 0/0[0m
[00:01:23.528,015] [0m<inf> exp02_logging: XY 83528 -8355840 -8355840[0m
[00:01:23.528,137] [0m<dbg> zmk: zmk_hid_mouse_movement_set: Mouse movement set to 0/0[0m
[00:01:23.528,137] [0m<dbg> zmk: zmk_hid_mouse_scroll_set: Mouse scroll set to 0/0[0m
[00:01:23.528,167] [0m<dbg> zmk: zmk_hid_mouse_movement_set: Mouse movement set to 0/0[0m
[00:01:23.536,132] [0m<inf> exp02_logging: XY 83536 -8355840 -921154[0m
[00:01:23.536,193] [0m<dbg> zmk: zmk_hid_mouse_movement_set: Mouse movement set to 0/127[0m
[00:01:23.536,224] [0m<dbg> zmk: zmk_hid_mouse_scroll_set: Mouse scroll set to 0/0[0m
[00:01:23.536,224] [0m<dbg> zmk: zmk_hid_mouse_movement_set: Mouse movement set to 0/0[0m
[00:01:23.544,067] [0m<inf> exp02_logging: XY 83544 -6382053 -8355840[0m
[00:01:23.544,189] [0m<dbg> zmk: zmk_hid_mouse_movement_set: Mouse movement set to 127/0[0m
[00:01:23.544,219] [0m<dbg> zmk: zmk_hid_mouse_scroll_set: Mouse scroll set to 0/0[0m
[00:01:23.544,219] [0m<dbg> zmk: zmk_hid_mouse_movement_set: Mouse movement set to 0/0[0m
[00:01:23.552,093] [0m<inf> exp02_logging: XY 83552 -8355840 -8355840[0m
[00:01:23.552,185] [0m<dbg> zmk: zmk_hid_mouse_movement_set: Mouse movement set to 0/0[0m
[00:01:23.552,185] [0m<dbg> zmk: zmk_hid_mouse_scroll_set: Mouse scroll set to 0/0[0m
[00:01:23.552,215] [0m<dbg> zmk: zmk_hid_mouse_movement_set: Mouse movement set to 0/0[0m
[00:01:23.560,211] [0m<inf> exp02_logging: XY 83560 -723863 -5592389[0m
[00:01:23.560,333] [0m<dbg> zmk: zmk_hid_mouse_movement_set: Mouse movement set to 127/127[0m
[00:01:23.560,363] [0m<dbg> zmk: zmk_hid_mouse_scroll_set: Mouse scroll set to 0/0[0m
[00:01:23.560,363] [0m<dbg> zmk: zmk_hid_mouse_movement_set: Mouse movement set to 0/0[0m
[00:01:23.568,145] [0m<inf> exp02_logging: XY 83568 -8355840 -8355840[0m
[00:01:23.568,267] [0m<dbg> zmk: zmk_hid_mouse_movement_set: Mouse movement set to 0/0[0m
[00:01:23.568,267] [0m<dbg> zmk: zmk_hid_mouse_scroll_set: Mouse scroll set to 0/0[0m
[00:01:23.568,298] [0m<dbg> zmk: zmk_hid_mouse_movement_set: Mouse movement set to 0/0[0m
[00:01:23.576,171] [0m<inf> exp02_logging: XY 83576 -8355840 -921254[0m
[00:01:23.576,263] [0m<dbg> zmk: zmk_hid_mouse_movement_set: Mouse movement set to 0/127[0m
[00:01:23.576,293] [0m<dbg> zmk: zmk_hid_mouse_scroll_set: Mouse scroll set to 0/0[0m
[00:01:23.576,293] [0m<dbg> zmk: zmk_hid_mouse_movement_set: Mouse movement set to 0/0[0m
[00:01:23.584,289] [0m<inf> exp02_logging: XY 83584 -6908381 -8355840[0m
[00:01:23.584,411] [0m<dbg> zmk: zmk_hid_mouse_movement_set: Mouse movement set to 127/0[0m
[00:01:23.584,411] [0m<dbg> zmk: zmk_hid_mouse_scroll_set: Mouse scroll set to 0/0[0m
[00:01:23.584,442] [0m<dbg> zmk: zmk_hid_mouse_movement_set: Mouse movement set to 0/0[0m
[00:01:23.592,224] [0m<inf> exp02_logging: XY 83592 -8355840 -8355840[0m
[00:01:23.592,315] [0m<dbg> zmk: zmk_hid_mouse_movement_set: Mouse movement set to 0/0[0m
[00:01:23.592,315] [0m<dbg> zmk: zmk_hid_mouse_scroll_set: Mouse scroll set to 0/0[0m
[00:01:23.592,346] [0m<dbg> zmk: zmk_hid_mouse_movement_set: Mouse movement set to 0/0[0m
[00:01:23.600,250] [0m<inf> exp02_logging: XY 83600 -723803 -5789848[0m
[00:01:23.600,402] [0m<dbg> zmk: zmk_hid_mouse_movement_set: Mouse movement set to 127/127[0m
[00:01:23.600,402] [0m<dbg> zmk: zmk_hid_mouse_scroll_set: Mouse scroll set to 0/0[0m
[00:01:23.600,433] [0m<dbg> zmk: zmk_hid_mouse_movement_set: Mouse movement set to 0/0[0m
[00:01:23.608,367] [0m<inf> exp02_logging: XY 83608 -8355840 -8355840[0m
[00:01:23.608,459] [0m<dbg> zmk: zmk_hid_mouse_movement_set: Mouse movement set to 0/0[0m
[00:01:23.608,489] [0m<dbg> zmk: zmk_hid_mouse_scroll_set: Mouse scroll set to 0/0[0m
[00:01:23.608,489] [0m<dbg> zmk: zmk_hid_mouse_movement_set: Mouse movement set to 0/0[0m
[00:01:23.616,302] [0m<inf> exp02_logging: XY 83616 -8158239 -855429[0m
[00:01:23.616,424] [0m<dbg> zmk: zmk_hid_mouse_movement_set: Mouse movement set to 38/127[0m
[00:01:23.616,455] [0m<dbg> zmk: zmk_hid_mouse_scroll_set: Mouse scroll set to 0/0[0m
[00:01:23.616,455] [0m<dbg> zmk: zmk_hid_mouse_movement_set: Mouse movement set to 0/0[0m
[00:01:23.624,328] [0m<inf> exp02_logging: XY 83624 -7237124 -8355840[0m
[00:01:23.624,450] [0m<dbg> zmk: zmk_hid_mouse_movement_set: Mouse movement set to 127/0[0m
[00:01:23.624,481] [0m<dbg> zmk: zmk_hid_mouse_scroll_set: Mouse scroll set to 0/0[0m
[00:01:23.624,481] [0m<dbg> zmk: zmk_hid_mouse_movement_set: Mouse movement set to 0/0[0m
[00:01:23.632,446] [0m<inf> exp02_logging: XY 83632 -8355840 -8355840[0m
[00:01:23.632,507] [0m<dbg> zmk: zmk_hid_mouse_movement_set: Mouse movement set to 0/0[0m
[00:01:23.632,537] [0m<dbg> zmk: zmk_hid_mouse_scroll_set: Mouse scroll set to 0/0[0m
[00:01:23.632,537] [0m<dbg> zmk: zmk_hid_mouse_movement_set: Mouse movement set to 0/0[0m
[00:01:23.640,380] [0m<inf> exp02_logging: XY 83640 -592270 -6447674[0m
[00:01:23.640,502] [0m<dbg> zmk: zmk_hid_mouse_movement_set: Mouse movement set to 127/127[0m
[00:01:23.640,533] [0m<dbg> zmk: zmk_hid_mouse_scroll_set: Mouse scroll set to 0/0[0m
[00:01:23.640,533] [0m<dbg> zmk: zmk_hid_mouse_movement_set: Mouse movement set to 0/0[0m
[00:01:23.648,406] [0m<inf> exp02_logging: XY 83648 -8355840 -8355840[0m
[00:01:23.648,529] [0m<dbg> zmk: zmk_hid_mouse_movement_set: Mouse movement set to 0/0[0m
[00:01:23.648,559] [0m<dbg> zmk: zmk_hid_mouse_scroll_set: Mouse scroll set to 0/0[0m
[00:01:23.648,559] [0m<dbg> zmk: zmk_hid_mouse_movement_set: Mouse movement set to 0/0[0m
[00:01:23.656,524] [0m<inf> exp02_logging: XY 83656 -7500473 -789581[0m
[00:01:23.656,646] [0m<dbg> zmk: zmk_hid_mouse_movement_set: Mouse movement set to 127/127[0m
[00:01:23.656,646] [0m<dbg> zmk: zmk_hid_mouse_scroll_set: Mouse scroll set to 0/0[0m
[00:01:23.656,677] [0m<dbg> zmk: zmk_hid_mouse_movement_set: Mouse movement set to 0/0[0m
[00:01:23.664,459] [0m<inf> exp02_logging: XY 83664 -8224034 -8355840[0m
[00:01:23.664,581] [0m<dbg> zmk: zmk_hid_mouse_movement_set: Mouse movement set to 25/0[0m
[00:01:23.664,611] [0m<dbg> zmk: zmk_hid_mouse_scroll_set: Mouse scroll set to 0/0[0m
[00:01:23.664,611] [0m<dbg> zmk: zmk_hid_mouse_movement_set: Mouse movement set to 0/0[0m
[00:01:23.672,485] [0m<inf> exp02_logging: XY 83672 -8355840 -8355840[0m
[00:01:23.672,576] [0m<dbg> zmk: zmk_hid_mouse_movement_set: Mouse movement set to 0/0[0m
[00:01:23.672,576] [0m<dbg> zmk: zmk_hid_mouse_scroll_set: Mouse scroll set to 0/0[0m
[00:01:23.672,607] [0m<dbg> zmk: zmk_hid_mouse_movement_set: Mouse movement set to 0/0[0m
[00:01:23.680,603] [0m<inf> exp02_logging: XY 83680 -526538 -6645132[0m
[00:01:23.680,725] [0m<dbg> zmk: zmk_hid_mouse_movement_set: Mouse movement set to 127/127[0m
[00:01:23.680,755] [0m<dbg> zmk: zmk_hid_mouse_scroll_set: Mouse scroll set to 0/0[0m
[00:01:23.680,755] [0m<dbg> zmk: zmk_hid_mouse_movement_set: Mouse movement set to 0/0[0m
[00:01:23.688,598] [0m<inf> exp02_logging: XY 83688 -8355840 -8355840[0m
[00:01:23.688,690] [0m<dbg> zmk: zmk_hid_mouse_movement_set: Mouse movement set to 0/0[0m
[00:01:23.688,720] [0m<dbg> zmk: zmk_hid_mouse_scroll_set: Mouse scroll set to 0/0[0m
[00:01:23.688,720] [0m<dbg> zmk: zmk_hid_mouse_movement_set: Mouse movement set to 0/0[0m
[00:01:23.696,563] [0m<inf> exp02_logging: XY 83696 -7039750 -789652[0m
[00:01:23.696,716] [0m<dbg> zmk: zmk_hid_mouse_movement_set: Mouse movement set to 127/127[0m
[00:01:23.696,716] [0m<dbg> zmk: zmk_hid_mouse_scroll_set: Mouse scroll set to 0/0[0m
[00:01:23.696,746] [0m<dbg> zmk: zmk_hid_mouse_movement_set: Mouse movement set to 0/0[0m
[00:01:23.704,681] [0m<inf> exp02_logging: XY 83704 -8355786 -8355840[0m
[00:01:23.704,803] [0m<dbg> zmk: zmk_hid_mouse_movement_set: Mouse movement set to 0/0[0m
[00:01:23.704,803] [0m<dbg> zmk: zmk_hid_mouse_scroll_set: Mouse scroll set to 0/0[0m
[00:01:23.704,833] [0m<dbg> zmk: zmk_hid_mouse_movement_set: Mouse movement set to 0/0[0m
[00:01:23.712,677] [0m<inf> exp02_logging: XY 83712 -8355840 -8355840[0m
[00:01:23.720,703] [0m<inf> exp02_logging: XY 83720 -526362 -6776757[0m
[00:01:23.720,825] [0m<dbg> zmk: zmk_hid_mouse_movement_set: Mouse movement set to 127/127[0m
[00:01:23.720,825] [0m<dbg> zmk: zmk_hid_mouse_scroll_set: Mouse scroll set to 0/0[0m
[00:01:23.720,855] [0m<dbg> zmk: zmk_hid_mouse_movement_set: Mouse movement set to 0/0[0m
[00:01:23.728,759] [0m<inf> exp02_logging: XY 83728 -8355840 -8355840[0m
[00:01:23.728,851] [0m<dbg> zmk: zmk_hid_mouse_movement_set: Mouse movement set to 0/0[0m
[00:01:23.728,881] [0m<dbg> zmk: zmk_hid_mouse_scroll_set: Mouse scroll set to 0/0[0m
[00:01:23.728,881] [0m<dbg> zmk: zmk_hid_mouse_movement_set: Mouse movement set to 0/0[0m
[00:01:23.736,755] [0m<inf> exp02_logging: XY 83736 -6316272 -658079[0m
[00:01:23.736,877] [0m<dbg> zmk: zmk_hid_mouse_movement_set: Mouse movement set to 127/127[0m
[00:01:23.736,877] [0m<dbg> zmk: zmk_hid_mouse_scroll_set: Mouse scroll set to 0/0[0m
[00:01:23.736,907] [0m<dbg> zmk: zmk_hid_mouse_movement_set: Mouse movement set to 0/0[0m
[00:01:23.744,720] [0m<inf> exp02_logging: XY 83744 -8355840 -8355840[0m
[00:01:23.744,842] [0m<dbg> zmk: zmk_hid_mouse_movement_set: Mouse movement set to 0/0[0m
[00:01:23.744,842] [0m<dbg> zmk: zmk_hid_mouse_scroll_set: Mouse scroll set to 0/0[0m
[00:01:23.744,873] [0m<dbg> zmk: zmk_hid_mouse_movement_set: Mouse movement set to 0/0[0m
[00:01:23.752,838] [0m<inf> exp02_logging: XY 83752 -8355840 -8092629[0m
[00:01:23.752,899] [0m<dbg> zmk: zmk_hid_mouse_movement_set: Mouse movement set to 0/51[0m
[00:01:23.752,929] [0m<dbg> zmk: zmk_hid_mouse_scroll_set: Mouse scroll set to 0/0[0m
[00:01:23.752,960] [0m<dbg> zmk: zmk_hid_mouse_movement_set: Mouse movement set to 0/0[0m
[00:01:23.760,772] [0m<inf> exp02_logging: XY 83760 -460695 -7237167[0m
[00:01:23.760,894] [0m<dbg> zmk: zmk_hid_mouse_movement_set: Mouse movement set to 127/127[0m
[00:01:23.760,925] [0m<dbg> zmk: zmk_hid_mouse_scroll_set: Mouse scroll set to 0/0[0m
[00:01:23.760,925] [0m<dbg> zmk: zmk_hid_mouse_movement_set: Mouse movement set to 0/0[0m
[00:01:23.768,798] [0m<inf> exp02_logging: XY 83768 -8355840 -8355840[0m
[00:01:23.768,920] [0m<dbg> zmk: zmk_hid_mouse_movement_set: Mouse movement set to 0/0[0m
[00:01:23.768,951] [0m<dbg> zmk: zmk_hid_mouse_scroll_set: Mouse scroll set to 0/0[0m
[00:01:23.768,951] [0m<dbg> zmk: zmk_hid_mouse_movement_set: Mouse movement set to 0/0[0m
[00:01:23.776,916] [0m<inf> exp02_logging: XY 83776 -5724081 -657992[0m
[00:01:23.777,038] [0m<dbg> zmk: zmk_hid_mouse_movement_set: Mouse movement set to 127/127[0m
[00:01:23.777,038] [0m<dbg> zmk: zmk_hid_mouse_scroll_set: Mouse scroll set to 0/0[0m
[00:01:23.777,069] [0m<dbg> zmk: zmk_hid_mouse_movement_set: Mouse movement set to 0/0[0m
[00:01:23.784,851] [0m<inf> exp02_logging: XY 83784 -8355840 -8355840[0m
[00:01:23.784,973] [0m<dbg> zmk: zmk_hid_mouse_movement_set: Mouse movement set to 0/0[0m
[00:01:23.784,973] [0m<dbg> zmk: zmk_hid_mouse_scroll_set: Mouse scroll set to 0/0[0m
[00:01:23.785,003] [0m<dbg> zmk: zmk_hid_mouse_movement_set: Mouse movement set to 0/0[0m
[00:01:23.792,877] [0m<inf> exp02_logging: XY 83792 -8355840 -7763663[0m
[00:01:23.792,968] [0m<dbg> zmk: zmk_hid_mouse_movement_set: Mouse movement set to 0/114[0m
[00:01:23.792,999] [0m<dbg> zmk: zmk_hid_mouse_scroll_set: Mouse scroll set to 0/0[0m
[00:01:23.792,999] [0m<dbg> zmk: zmk_hid_mouse_movement_set: Mouse movement set to 0/0[0m
[00:01:23.800,994] [0m<inf> exp02_logging: XY 83800 -460559 -8289995[0m
[00:01:23.801,116] [0m<dbg> zmk: zmk_hid_mouse_movement_set: Mouse movement set to 127/12[0m
[00:01:23.801,116] [0m<dbg> zmk: zmk_hid_mouse_scroll_set: Mouse scroll set to 0/0[0m
[00:01:23.801,147] [0m<dbg> zmk: zmk_hid_mouse_movement_set: Mouse movement set to 0/0[0m
[00:01:23.808,929] [0m<inf> exp02_logging: XY 83808 -8355840 -8355840[0m
[00:01:23.809,051] [0m<dbg> zmk: zmk_hid_mouse_movement_set: Mouse movement set to 0/0[0m
[00:01:23.809,051] [0m<dbg> zmk: zmk_hid_mouse_scroll_set: Mouse scroll set to 0/0[0m
[00:01:23.809,082] [0m<dbg> zmk: zmk_hid_mouse_movement_set: Mouse movement set to 0/0[0m
[00:01:23.816,955] [0m<inf> exp02_logging: XY 83816 -5329284 -657936[0m
[00:01:23.817,077] [0m<dbg> zmk: zmk_hid_mouse_movement_set: Mouse movement set to 127/127[0m
[00:01:23.817,108] [0m<dbg> zmk: zmk_hid_mouse_scroll_set: Mouse scroll set to 0/0[0m
[00:01:23.817,138] [0m<dbg> zmk: zmk_hid_mouse_movement_set: Mouse movement set to 0/0[0m
[00:01:23.825,073] [0m<inf> exp02_logging: XY 83825 -8355840 -8355840[0m
[00:01:23.825,164] [0m<dbg> zmk: zmk_hid_mouse_movement_set: Mouse movement set to 0/0[0m
[00:01:23.825,195] [0m<dbg> zmk: zmk_hid_mouse_scroll_set: Mouse scroll set to 0/0[0m
[00:01:23.825,195] [0m<dbg> zmk: zmk_hid_mouse_movement_set: Mouse movement set to 0/0[0m
[00:01:23.833,007] [0m<inf> exp02_logging: XY 83833 -8355840 -7171335[0m
[00:01:23.833,099] [0m<dbg> zmk: zmk_hid_mouse_movement_set: Mouse movement set to 0/127[0m
[00:01:23.833,099] [0m<dbg> zmk: zmk_hid_mouse_scroll_set: Mouse scroll set to 0/0[0m
[00:01:23.833,129] [0m<dbg> zmk: zmk_hid_mouse_movement_set: Mouse movement set to 0/0[0m
[00:01:23.841,033] [0m<inf> exp02_logging: XY 83841 -394991 -8355701[0m
[00:01:23.841,156] [0m<dbg> zmk: zmk_hid_mouse_movement_set: Mouse movement set to 127/0[0m
[00:01:23.841,186] [0m<dbg> zmk: zmk_hid_mouse_scroll_set: Mouse scroll set to 0/0[0m
[00:01:23.841,217] [0m<dbg> zmk: zmk_hid_mouse_movement_set: Mouse movement set to 0/0[0m
[00:01:23.849,151] [0m<inf> exp02_logging: XY 83849 -8355840 -8355840[0m
[00:01:23.849,212] [0m<dbg> zmk: zmk_hid_mouse_movement_set: Mouse movement set to 0/0[0m
[00:01:23.849,243] [0m<dbg> zmk: zmk_hid_mouse_scroll_set: Mouse scroll set to 0/0[0m
[00:01:23.849,243] [0m<dbg> zmk: zmk_hid_mouse_movement_set: Mouse movement set to 0/0[0m
[00:01:23.857,086] [0m<inf> exp02_logging: XY 83857 -4802845 -592185[0m
[00:01:23.857,208] [0m<dbg> zmk: zmk_hid_mouse_movement_set: Mouse movement set to 127/127[0m
[00:01:23.857,238] [0m<dbg> zmk: zmk_hid_mouse_scroll_set: Mouse scroll set to 0/0[0m
[00:01:23.857,238] [0m<dbg> zmk: zmk_hid_mouse_movement_set: Mouse movement set to 0/0[0m
[00:01:23.865,112] [0m<inf> exp02_logging: XY 83865 -8355840 -8355840[0m
[00:01:23.865,234] [0m<dbg> zmk: zmk_hid_mouse_movement_set: Mouse movement set to 0/0[0m
[00:01:23.865,264] [0m<dbg> zmk: zmk_hid_mouse_scroll_set: Mouse scroll set to 0/0[0m
[00:01:23.865,264] [0m<dbg> zmk: zmk_hid_mouse_movement_set: Mouse movement set to 0/0[0m
[00:01:23.873,229] [0m<inf> exp02_logging: XY 83873 -8355840 -6381997[0m
[00:01:23.873,291] [0m<dbg> zmk: zmk_hid_mouse_movement_set: Mouse movement set to 0/127[0m
[00:01:23.873,321] [0m<dbg> zmk: zmk_hid_mouse_scroll_set: Mouse scroll set to 0/0[0m
[00:01:23.873,321] [0m<dbg> zmk: zmk_hid_mouse_movement_set: Mouse movement set to 0/0[0m
[00:01:23.881,164] [0m<inf> exp02_logging: XY 83881 -460598 -8355840[0m
[00:01:23.881,286] [0m<dbg> zmk: zmk_hid_mouse_movement_set: Mouse movement set to 127/0[0m
[00:01:23.881,317] [0m<dbg> zmk: zmk_hid_mouse_scroll_set: Mouse scroll set to 0/0[0m
[00:01:23.881,317] [0m<dbg> zmk: zmk_hid_mouse_movement_set: Mouse movement set to 0/0[0m
[00:01:23.889,190] [0m<inf> exp02_logging: XY 83889 -8355840 -8355840[0m
[00:01:23.889,282] [0m<dbg> zmk: zmk_hid_mouse_movement_set: Mouse movement set to 0/0[0m
[00:01:23.889,282] [0m<dbg> zmk: zmk_hid_mouse_scroll_set: Mouse scroll set to 0/0[0m
[00:01:23.889,312] [0m<dbg> zmk: zmk_hid_mouse_movement_set: Mouse movement set to 0/0[0m
[00:01:23.897,308] [0m<inf> exp02_logging: XY 83897 -4210794 -592150[0m
[00:01:23.897,430] [0m<dbg> zmk: zmk_hid_mouse_movement_set: Mouse movement set to 127/127[0m
[00:01:23.897,460] [0m<dbg> zmk: zmk_hid_mouse_scroll_set: Mouse scroll set to 0/0[0m
[00:01:23.897,460] [0m<dbg> zmk: zmk_hid_mouse_movement_set: Mouse movement set to 0/0[0m
[00:01:23.905,242] [0m<inf> exp02_logging: XY 83905 -8355840 -8355840[0m
[00:01:23.905,364] [0m<dbg> zmk: zmk_hid_mouse_movement_set: Mouse movement set to 0/0[0m
[00:01:23.905,364] [0m<dbg> zmk: zmk_hid_mouse_scroll_set: Mouse scroll set to 0/0[0m
[00:01:23.905,395] [0m<dbg> zmk: zmk_hid_mouse_movement_set: Mouse movement set to 0/0[0m
[00:01:23.913,269] [0m<inf> exp02_logging: XY 83913 -8355840 -6053099[0m
[00:01:23.913,360] [0m<dbg> zmk: zmk_hid_mouse_movement_set: Mouse movement set to 0/127[0m
[00:01:23.913,391] [0m<dbg> zmk: zmk_hid_mouse_scroll_set: Mouse scroll set to 0/0[0m
[00:01:23.913,391] [0m<dbg> zmk: zmk_hid_mouse_movement_set: Mouse movement set to 0/0[0m
[00:01:23.921,386] [0m<inf> exp02_logging: XY 83921 -460700 -8355840[0m
[00:01:23.921,508] [0m<dbg> zmk: zmk_hid_mouse_movement_set: Mouse movement set to 127/0[0m
[00:01:23.921,508] [0m<dbg> zmk: zmk_hid_mouse_scroll_set: Mouse scroll set to 0/0[0m
[00:01:23.921,539] [0m<dbg> zmk: zmk_hid_mouse_movement_set: Mouse movement set to 0/0[0m
[00:01:23.929,321] [0m<inf> exp02_logging: XY 83929 -8355840 -8355840[0m
[00:01:23.929,412] [0m<dbg> zmk: zmk_hid_mouse_movement_set: Mouse movement set to 0/0[0m
[00:01:23.929,412] [0m<dbg> zmk: zmk_hid_mouse_scroll_set: Mouse scroll set to 0/0[0m
[00:01:23.929,443] [0m<dbg> zmk: zmk_hid_mouse_movement_set: Mouse movement set to 0/0[0m
[00:01:23.937,347] [0m<inf> exp02_logging: XY 83937 -3816185 -526529[0m
[00:01:23.937,500] [0m<dbg> zmk: zmk_hid_mouse_movement_set: Mouse movement set to 127/127[0m
[00:01:23.937,500] [0m<dbg> zmk: zmk_hid_mouse_scroll_set: Mouse scroll set to 0/0[0m
[00:01:23.937,530] [0m<dbg> zmk: zmk_hid_mouse_movement_set: Mouse movement set to 0/0[0m
[00:01:23.945,465] [0m<inf> exp02_logging: XY 83945 -8355840 -8355840[0m
[00:01:23.945,556] [0m<dbg> zmk: zmk_hid_mouse_movement_set: Mouse movement set to 0/0[0m
[00:01:23.945,587] [0m<dbg> zmk: zmk_hid_mouse_scroll_set: Mouse scroll set to 0/0[0m
[00:01:23.945,587] [0m<dbg> zmk: zmk_hid_mouse_movement_set: Mouse movement set to 0/0[0m
[00:01:23.953,399] [0m<inf> exp02_logging: XY 83953 -8355840 -5526568[0m
[00:01:23.953,491] [0m<dbg> zmk: zmk_hid_mouse_movement_set: Mouse movement set to 0/127[0m
[00:01:23.953,491] [0m<dbg> zmk: zmk_hid_mouse_scroll_set: Mouse scroll set to 0/0[0m
[00:01:23.953,521] [0m<dbg> zmk: zmk_hid_mouse_movement_set: Mouse movement set to 0/0[0m
[00:01:23.961,425] [0m<inf> exp02_logging: XY 83961 -723940 -8355840[0m
[00:01:23.961,547] [0m<dbg> zmk: zmk_hid_mouse_movement_set: Mouse movement set to 127/0[0m
[00:01:23.961,578] [0m<dbg> zmk: zmk_hid_mouse_scroll_set: Mouse scroll set to 0/0[0m
[00:01:23.961,578] [0m<dbg> zmk: zmk_hid_mouse_movement_set: Mouse movement set to 0/0[0m
[00:01:23.969,543] [0m<inf> exp02_logging: XY 83969 -8355840 -8355840[0m
[00:01:23.969,604] [0m<dbg> zmk: zmk_hid_mouse_movement_set: Mouse movement set to 0/0[0m
[00:01:23.969,635] [0m<dbg> zmk: zmk_hid_mouse_scroll_set: Mouse scroll set to 0/0[0m
[00:01:23.969,635] [0m<dbg> zmk: zmk_hid_mouse_movement_set: Mouse movement set to 0/0[0m
[00:01:23.977,478] [0m<inf> exp02_logging: XY 83977 -3421236 -526470[0m
[00:01:23.977,600] [0m<dbg> zmk: zmk_hid_mouse_movement_set: Mouse movement set to 127/127[0m
[00:01:23.977,630] [0m<dbg> zmk: zmk_hid_mouse_scroll_set: Mouse scroll set to 0/0[0m
[00:01:23.977,630] [0m<dbg> zmk: zmk_hid_mouse_movement_set: Mouse movement set to 0/0[0m
[00:01:23.985,504] [0m<inf> exp02_logging: XY 83985 -8355840 -8355840[0m
[00:01:23.985,626] [0m<dbg> zmk: zmk_hid_mouse_movement_set: Mouse movement set to 0/0[0m
[00:01:23.985,626] [0m<dbg> zmk: zmk_hid_mouse_scroll_set: Mouse scroll set to 0/0[0m
[00:01:23.985,656] [0m<dbg> zmk: zmk_hid_mouse_movement_set: Mouse movement set to 0/0[0m
[00:01:23.993,621] [0m<inf> exp02_logging: XY 83993 -8355840 -4737233[0m
[00:01:23.993,682] [0m<dbg> zmk: zmk_hid_mouse_movement_set: Mouse movement set to 0/127[0m
[00:01:23.993,713] [0m<dbg> zmk: zmk_hid_mouse_scroll_set: Mouse scroll set to 0/0[0m
[00:01:23.993,743] [0m<dbg> zmk: zmk_hid_mouse_movement_set: Mouse movement set to 0/0[0m
[00:01:24.001,556] [0m<inf> exp02_logging: XY 84001 -1052802 -8355840[0m
[00:01:24.001,678] [0m<dbg> zmk: zmk_hid_mouse_movement_set: Mouse movement set to 127/0[0m
[00:01:24.001,708] [0m<dbg> zmk: zmk_hid_mouse_scroll_set: Mouse scroll set to 0/0[0m
[00:01:24.001,708] [0m<dbg> zmk: zmk_hid_mouse_movement_set: Mouse movement set to 0/0[0m
[00:01:24.009,582] [0m<inf> exp02_logging: XY 84009 -8355840 -8355840[0m
[00:01:24.009,674] [0m<dbg> zmk: zmk_hid_mouse_movement_set: Mouse movement set to 0/0[0m
[00:01:24.009,674] [0m<dbg> zmk: zmk_hid_mouse_scroll_set: Mouse scroll set to 0/0[0m
[00:01:24.009,704] [0m<dbg> zmk: zmk_hid_mouse_movement_set: Mouse movement set to 0/0[0m
[00:01:24.017,700] [0m<inf> exp02_logging: XY 84017 -2763370 -526340[0m
[00:01:24.017,822] [0m<dbg> zmk: zmk_hid_mouse_movement_set: Mouse movement set to 127/127[0m
[00:01:24.017,852] [0m<dbg> zmk: zmk_hid_mouse_scroll_set: Mouse scroll set to 0/0[0m
[00:01:24.017,852] [0m<dbg> zmk: zmk_hid_mouse_movement_set: Mouse movement set to 0/0[0m
[00:01:24.025,634] [0m<inf> exp02_logging: XY 84025 -8355840 -8355840[0m
[00:01:24.025,756] [0m<dbg> zmk: zmk_hid_mouse_movement_set: Mouse movement set to 0/0[0m
[00:01:24.025,756] [0m<dbg> zmk: zmk_hid_mouse_scroll_set: Mouse scroll set to 0/0[0m
[00:01:24.025,787] [0m<dbg> zmk: zmk_hid_mouse_movement_set: Mouse movement set to 0/0[0m
[00:01:24.033,660] [0m<inf> exp02_logging: XY 84033 -8355840 -4474098[0m
[00:01:24.033,752] [0m<dbg> zmk: zmk_hid_mouse_movement_set: Mouse movement set to 0/127[0m
[00:01:24.033,782] [0m<dbg> zmk: zmk_hid_mouse_scroll_set: Mouse scroll set to 0/0[0m
[00:01:24.033,782] [0m<dbg> zmk: zmk_hid_mouse_movement_set: Mouse movement set to 0/0[0m
[00:01:24.041,778] [0m<inf> exp02_logging: XY 84041 -1579174 -8355840[0m
[00:01:24.041,900] [0m<dbg> zmk: zmk_hid_mouse_movement_set: Mouse movement set to 127/0[0m
[00:01:24.041,900] [0m<dbg> zmk: zmk_hid_mouse_scroll_set: Mouse scroll set to 0/0[0m
[00:01:24.041,931] [0m<dbg> zmk: zmk_hid_mouse_movement_set: Mouse movement set to 0/0[0m
[00:01:24.049,713] [0m<inf> exp02_logging: XY 84049 -8355840 -8355840[0m
[00:01:24.049,774] [0m<dbg> zmk: zmk_hid_mouse_movement_set: Mouse movement set to 0/0[0m
[00:01:24.049,804] [0m<dbg> zmk: zmk_hid_mouse_scroll_set: Mouse scroll set to 0/0[0m
[00:01:24.049,835] [0m<dbg> zmk: zmk_hid_mouse_movement_set: Mouse movement set to 0/0[0m
[00:01:24.057,739] [0m<inf> exp02_logging: XY 84057 -2500291 -592166[0m
[00:01:24.057,891] [0m<dbg> zmk: zmk_hid_mouse_movement_set: Mouse movement set to 127/127[0m
[00:01:24.057,891] [0m<dbg> zmk: zmk_hid_mouse_scroll_set: Mouse scroll set to 0/0[0m
[00:01:24.057,922] [0m<dbg> zmk: zmk_hid_mouse_movement_set: Mouse movement set to 0/0[0m
[00:01:24.065,856] [0m<inf> exp02_logging: XY 84065 -8355840 -8355840[0m
[00:01:24.065,948] [0m<dbg> zmk: zmk_hid_mouse_movement_set: Mouse movement set to 0/0[0m
[00:01:24.065,979] [0m<dbg> zmk: zmk_hid_mouse_scroll_set: Mouse scroll set to 0/0[0m
[00:01:24.065,979] [0m<dbg> zmk: zmk_hid_mouse_movement_set: Mouse movement set to 0/0[0m
[00:01:24.073,791] [0m<inf> exp02_logging: XY 84073 -8355840 -3947709[0m
[00:01:24.073,883] [0m<dbg> zmk: zmk_hid_mouse_movement_set: Mouse movement set to 0/127[0m
[00:01:24.073,883] [0m<dbg> zmk: zmk_hid_mouse_scroll_set: Mouse scroll set to 0/0[0m
[00:01:24.073,913] [0m<dbg> zmk: zmk_hid_mouse_movement_set: Mouse movement set to 0/0[0m
[00:01:24.081,817] [0m<inf> exp02_logging: XY 84081 -2039669 -8355840[0m
[00:01:24.081,939] [0m<dbg> zmk: zmk_hid_mouse_movement_set: Mouse movement set to 127/0[0m
[00:01:24.081,970] [0m<dbg> zmk: zmk_hid_mouse_scroll_set: Mouse scroll set to 0/0[0m
[00:01:24.081,970] [0m<dbg> zmk: zmk_hid_mouse_movement_set: Mouse movement set to 0/0[0m
[00:01:24.089,935] [0m<inf> exp02_logging: XY 84089 -8355840 -8355840[0m
[00:01:24.089,996] [0m<dbg> zmk: zmk_hid_mouse_movement_set: Mouse movement set to 0/0[0m
[00:01:24.090,026] [0m<dbg> zmk: zmk_hid_mouse_scroll_set: Mouse scroll set to 0/0[0m
[00:01:24.090,026] [0m<dbg> zmk: zmk_hid_mouse_movement_set: Mouse movement set to 0/0[0m
[00:01:24.097,869] [0m<inf> exp02_logging: XY 84097 -1973990 -723962[0m
[00:01:24.097,991] [0m<dbg> zmk: zmk_hid_mouse_movement_set: Mouse movement set to 127/127[0m
[00:01:24.098,022] [0m<dbg> zmk: zmk_hid_mouse_scroll_set: Mouse scroll set to 0/0[0m
[00:01:24.098,022] [0m<dbg> zmk: zmk_hid_mouse_movement_set: Mouse movement set to 0/0[0m
[00:01:24.105,895] [0m<inf> exp02_logging: XY 84105 -8355840 -8355840[0m
[00:01:24.106,018] [0m<dbg> zmk: zmk_hid_mouse_movement_set: Mouse movement set to 0/0[0m
[00:01:24.106,048] [0m<dbg> zmk: zmk_hid_mouse_scroll_set: Mouse scroll set to 0/0[0m
[00:01:24.106,048] [0m<dbg> zmk: zmk_hid_mouse_movement_set: Mouse movement set to 0/0[0m
[00:01:24.114,013] [0m<inf> exp02_logging: XY 84113 -8355840 -3355627[0m
[00:01:24.114,074] [0m<dbg> zmk: zmk_hid_mouse_movement_set: Mouse movement set to 0/127[0m
[00:01:24.114,105] [0m<dbg> zmk: zmk_hid_mouse_scroll_set: Mouse scroll set to 0/0[0m
[00:01:24.114,105] [0m<dbg> zmk: zmk_hid_mouse_movement_set: Mouse movement set to 0/0[0m
[00:01:24.121,948] [0m<inf> exp02_logging: XY 84121 -2500249 -8355840[0m
[00:01:24.122,070] [0m<dbg> zmk: zmk_hid_mouse_movement_set: Mouse movement set to 127/0[0m
[00:01:24.122,100] [0m<dbg> zmk: zmk_hid_mouse_scroll_set: Mouse scroll set to 0/0[0m
[00:01:24.122,100] [0m<dbg> zmk: zmk_hid_mouse_movement_set: Mouse movement set to 0/0[0m
[00:01:24.129,974] [0m<inf> exp02_logging: XY 84129 -8355840 -8355840[0m
[00:01:24.130,065] [0m<dbg> zmk: zmk_hid_mouse_movement_set: Mouse movement set to 0/0[0m
[00:01:24.130,065] [0m<dbg> zmk: zmk_hid_mouse_scroll_set: Mouse scroll set to 0/0[0m
[00:01:24.130,096] [0m<dbg> zmk: zmk_hid_mouse_movement_set: Mouse movement set to 0/0[0m
[00:01:24.138,092] [0m<inf> exp02_logging: XY 84138 -1513363 -1381758[0m
[00:01:24.138,214] [0m<dbg> zmk: zmk_hid_mouse_movement_set: Mouse movement set to 127/127[0m
[00:01:24.138,244] [0m<dbg> zmk: zmk_hid_mouse_scroll_set: Mouse scroll set to 0/0[0m
[00:01:24.138,244] [0m<dbg> zmk: zmk_hid_mouse_movement_set: Mouse movement set to 0/0[0m
[00:01:24.146,026] [0m<inf> exp02_logging: XY 84146 -8355840 -8355840[0m
[00:01:24.146,148] [0m<dbg> zmk: zmk_hid_mouse_movement_set: Mouse movement set to 0/0[0m
[00:01:24.146,148] [0m<dbg> zmk: zmk_hid_mouse_scroll_set: Mouse scroll set to 0/0[0m
[00:01:24.146,179] [0m<dbg> zmk: zmk_hid_mouse_movement_set: Mouse movement set to 0/0[0m
[00:01:24.154,052] [0m<inf> exp02_logging: XY 84154 -8355840 -3289679[0m
[00:01:24.154,144] [0m<dbg> zmk: zmk_hid_mouse_movement_set: Mouse movement set to 0/127[0m
[00:01:24.154,174] [0m<dbg> zmk: zmk_hid_mouse_scroll_set: Mouse scroll set to 0/0[0m
[00:01:24.154,174] [0m<dbg> zmk: zmk_hid_mouse_movement_set: Mouse movement set to 0/0[0m
[00:01:24.162,170] [0m<inf> exp02_logging: XY 84162 -2960872 -8355840[0m
[00:01:24.162,292] [0m<dbg> zmk: zmk_hid_mouse_movement_set: Mouse movement set to 127/0[0m
[00:01:24.162,292] [0m<dbg> zmk: zmk_hid_mouse_scroll_set: Mouse scroll set to 0/0[0m
[00:01:24.162,322] [0m<dbg> zmk: zmk_hid_mouse_movement_set: Mouse movement set to 0/0[0m
[00:01:24.170,104] [0m<inf> exp02_logging: XY 84170 -8355840 -8355840[0m
[00:01:24.170,166] [0m<dbg> zmk: zmk_hid_mouse_movement_set: Mouse movement set to 0/0[0m
[00:01:24.170,196] [0m<dbg> zmk: zmk_hid_mouse_scroll_set: Mouse scroll set to 0/0[0m
[00:01:24.170,196] [0m<dbg> zmk: zmk_hid_mouse_movement_set: Mouse movement set to 0/0[0m
[00:01:24.178,131] [0m<inf> exp02_logging: XY 84178 -1250254 -1447549[0m
[00:01:24.178,253] [0m<dbg> zmk: zmk_hid_mouse_movement_set: Mouse movement set to 127/127[0m
[00:01:24.178,283] [0m<dbg> zmk: zmk_hid_mouse_scroll_set: Mouse scroll set to 0/0[0m
[00:01:24.178,314] [0m<dbg> zmk: zmk_hid_mouse_movement_set: Mouse movement set to 0/0[0m
[00:01:24.186,248] [0m<inf> exp02_logging: XY 84186 -8355840 -8355840[0m
[00:01:24.186,340] [0m<dbg> zmk: zmk_hid_mouse_movement_set: Mouse movement set to 0/0[0m
[00:01:24.186,370] [0m<dbg> zmk: zmk_hid_mouse_scroll_set: Mouse scroll set to 0/0[0m
[00:01:24.186,370] [0m<dbg> zmk: zmk_hid_mouse_movement_set: Mouse movement set to 0/0[0m
[00:01:24.194,183] [0m<inf> exp02_logging: XY 84194 -8355840 -2829177[0m
[00:01:24.194,274] [0m<dbg> zmk: zmk_hid_mouse_movement_set: Mouse movement set to 0/127[0m
[00:01:24.194,274] [0m<dbg> zmk: zmk_hid_mouse_scroll_set: Mouse scroll set to 0/0[0m
[00:01:24.194,305] [0m<dbg> zmk: zmk_hid_mouse_movement_set: Mouse movement set to 0/0[0m
[00:01:24.202,209] [0m<inf> exp02_logging: XY 84202 -3421368 -8355840[0m
[00:01:24.202,331] [0m<dbg> zmk: zmk_hid_mouse_movement_set: Mouse movement set to 127/0[0m
[00:01:24.202,362] [0m<dbg> zmk: zmk_hid_mouse_scroll_set: Mouse scroll set to 0/0[0m
[00:01:24.202,362] [0m<dbg> zmk: zmk_hid_mouse_movement_set: Mouse movement set to 0/0[0m
[00:01:24.210,327] [0m<inf> exp02_logging: XY 84210 -8355840 -8355840[0m
[00:01:24.210,388] [0m<dbg> zmk: zmk_hid_mouse_movement_set: Mouse movement set to 0/0[0m
[00:01:24.210,418] [0m<dbg> zmk: zmk_hid_mouse_scroll_set: Mouse scroll set to 0/0[0m
[00:01:24.210,418] [0m<dbg> zmk: zmk_hid_mouse_movement_set: Mouse movement set to 0/0[0m
[00:01:24.218,261] [0m<inf> exp02_logging: XY 84218 -855503 -1974006[0m
[00:01:24.218,383] [0m<dbg> zmk: zmk_hid_mouse_movement_set: Mouse movement set to 127/127[0m
[00:01:24.218,414] [0m<dbg> zmk: zmk_hid_mouse_scroll_set: Mouse scroll set to 0/0[0m
[00:01:24.218,414] [0m<dbg> zmk: zmk_hid_mouse_movement_set: Mouse movement set to 0/0[0m
[00:01:24.226,287] [0m<inf> exp02_logging: XY 84226 -8355840 -8355840[0m
[00:01:24.226,409] [0m<dbg> zmk: zmk_hid_mouse_movement_set: Mouse movement set to 0/0[0m
[00:01:24.226,409] [0m<dbg> zmk: zmk_hid_mouse_scroll_set: Mouse scroll set to 0/0[0m
[00:01:24.226,440] [0m<dbg> zmk: zmk_hid_mouse_movement_set: Mouse movement set to 0/0[0m
[00:01:24.234,375] [0m<inf> exp02_logging: XY 84234 -8355840 -2368680[0m
[00:01:24.234,466] [0m<dbg> zmk: zmk_hid_mouse_movement_set: Mouse movement set to 0/127[0m
[00:01:24.234,497] [0m<dbg> zmk: zmk_hid_mouse_scroll_set: Mouse scroll set to 0/0[0m
[00:01:24.234,497] [0m<dbg> zmk: zmk_hid_mouse_movement_set: Mouse movement set to 0/0[0m
[00:01:24.242,340] [0m<inf> exp02_logging: XY 84242 -3881735 -8355840[0m
[00:01:24.242,462] [0m<dbg> zmk: zmk_hid_mouse_movement_set: Mouse movement set to 127/0[0m
[00:01:24.242,492] [0m<dbg> zmk: zmk_hid_mouse_scroll_set: Mouse scroll set to 0/0[0m
[00:01:24.242,492] [0m<dbg> zmk: zmk_hid_mouse_movement_set: Mouse movement set to 0/0[0m
[00:01:24.250,366] [0m<inf> exp02_logging: XY 84250 -8355840 -8355840[0m
[00:01:24.250,457] [0m<dbg> zmk: zmk_hid_mouse_movement_set: Mouse movement set to 0/0[0m
[00:01:24.250,457] [0m<dbg> zmk: zmk_hid_mouse_scroll_set: Mouse scroll set to 0/0[0m
[00:01:24.250,488] [0m<dbg> zmk: zmk_hid_mouse_movement_set: Mouse movement set to 0/0[0m
[00:01:24.258,483] [0m<inf> exp02_logging: XY 84258 -789706 -2763371[0m
[00:01:24.258,605] [0m<dbg> zmk: zmk_hid_mouse_movement_set: Mouse movement set to 127/127[0m
[00:01:24.258,605] [0m<dbg> zmk: zmk_hid_mouse_scroll_set: Mouse scroll set to 0/0[0m
[00:01:24.258,636] [0m<dbg> zmk: zmk_hid_mouse_movement_set: Mouse movement set to 0/0[0m
[00:01:24.266,418] [0m<inf> exp02_logging: XY 84266 -8355840 -8355840[0m
[00:01:24.266,540] [0m<dbg> zmk: zmk_hid_mouse_movement_set: Mouse movement set to 0/0[0m
[00:01:24.266,540] [0m<dbg> zmk: zmk_hid_mouse_scroll_set: Mouse scroll set to 0/0[0m
[00:01:24.266,571] [0m<dbg> zmk: zmk_hid_mouse_movement_set: Mouse movement set to 0/0[0m
[00:01:24.274,444] [0m<inf> exp02_logging: XY 84274 -8355840 -2237037[0m
[00:01:24.274,536] [0m<dbg> zmk: zmk_hid_mouse_movement_set: Mouse movement set to 0/127[0m
[00:01:24.274,566] [0m<dbg> zmk: zmk_hid_mouse_scroll_set: Mouse scroll set to 0/0[0m
[00:01:24.274,566] [0m<dbg> zmk: zmk_hid_mouse_movement_set: Mouse movement set to 0/0[0m
[00:01:24.282,562] [0m<inf> exp02_logging: XY 84282 -4473983 -8355840[0m
[00:01:24.282,653] [0m<dbg> zmk: zmk_hid_mouse_movement_set: Mouse movement set to 127/0[0m
[00:01:24.282,684] [0m<dbg> zmk: zmk_hid_mouse_scroll_set: Mouse scroll set to 0/0[0m
[00:01:24.282,714] [0m<dbg> zmk: zmk_hid_mouse_movement_set: Mouse movement set to 0/0[0m
[00:01:24.290,496] [0m<inf> exp02_logging: XY 84290 -8355840 -8355840[0m
[00:01:24.290,557] [0m<dbg> zmk: zmk_hid_mouse_movement_set: Mouse movement set to 0/0[0m
[00:01:24.290,588] [0m<dbg> zmk: zmk_hid_mouse_scroll_set: Mouse scroll set to 0/0[0m
[00:01:24.290,618] [0m<dbg> zmk: zmk_hid_mouse_movement_set: Mouse movement set to 0/0[0m
[00:01:24.298,522] [0m<inf> exp02_logging: XY 84298 -855301 -3158076[0m
[00:01:24.298,675] [0m<dbg> zmk: zmk_hid_mouse_movement_set: Mouse movement set to 127/127[0m
[00:01:24.298,675] [0m<dbg> zmk: zmk_hid_mouse_scroll_set: Mouse scroll set to 0/0[0m
[00:01:24.298,706] [0m<dbg> zmk: zmk_hid_mouse_movement_set: Mouse movement set to 0/0[0m
[00:01:24.306,640] [0m<inf> exp02_logging: XY 84306 -8355840 -8355840[0m
[00:01:24.306,732] [0m<dbg> zmk: zmk_hid_mouse_movement_set: Mouse movement set to 0/0[0m
[00:01:24.306,762] [0m<dbg> zmk: zmk_hid_mouse_scroll_set: Mouse scroll set to 0/0[0m
[00:01:24.306,762] [0m<dbg> zmk: zmk_hid_mouse_movement_set: Mouse movement set to 0/0[0m
[00:01:24.314,575] [0m<inf> exp02_logging: XY 84314 -8355840 -1842374[0m
[00:01:24.314,666] [0m<dbg> zmk: zmk_hid_mouse_movement_set: Mouse movement set to 0/127[0m
[00:01:24.314,666] [0m<dbg> zmk: zmk_hid_mouse_scroll_set: Mouse scroll set to 0/0[0m
[00:01:24.314,697] [0m<dbg> zmk: zmk_hid_mouse_movement_set: Mouse movement set to 0/0[0m
[00:01:24.322,601] [0m<inf> exp02_logging: XY 84322 -4802853 -8355840[0m
[00:01:24.322,723] [0m<dbg> zmk: zmk_hid_mouse_movement_set: Mouse movement set to 127/0[0m
[00:01:24.322,753] [0m<dbg> zmk: zmk_hid_mouse_scroll_set: Mouse scroll set to 0/0[0m
[00:01:24.322,753] [0m<dbg> zmk: zmk_hid_mouse_movement_set: Mouse movement set to 0/0[0m
[00:01:24.330,688] [0m<inf> exp02_logging: XY 84330 -8355840 -8355840[0m
[00:01:24.330,780] [0m<dbg> zmk: zmk_hid_mouse_movement_set: Mouse movement set to 0/0[0m
[00:01:24.330,810] [0m<dbg> zmk: zmk_hid_mouse_scroll_set: Mouse scroll set to 0/0[0m
[00:01:24.330,810] [0m<dbg> zmk: zmk_hid_mouse_movement_set: Mouse movement set to 0/0[0m
[00:01:24.338,684] [0m<inf> exp02_logging: XY 84338 -789550 -3750238[0m
[00:01:24.338,806] [0m<dbg> zmk: zmk_hid_mouse_movement_set: Mouse movement set to 127/127[0m
[00:01:24.338,836] [0m<dbg> zmk: zmk_hid_mouse_scroll_set: Mouse scroll set to 0/0[0m
[00:01:24.338,836] [0m<dbg> zmk: zmk_hid_mouse_movement_set: Mouse movement set to 0/0[0m
[00:01:24.346,679] [0m<inf> exp02_logging: XY 84346 -8355840 -8355840[0m
[00:01:24.346,801] [0m<dbg> zmk: zmk_hid_mouse_movement_set: Mouse movement set to 0/0[0m
[00:01:24.346,832] [0m<dbg> zmk: zmk_hid_mouse_scroll_set: Mouse scroll set to 0/0[0m
[00:01:24.346,832] [0m<dbg> zmk: zmk_hid_mouse_movement_set: Mouse movement set to 0/0[0m
[00:01:24.354,797] [0m<inf> exp02_logging: XY 84354 -8355840 -1381659[0m
[00:01:24.354,858] [0m<dbg> zmk: zmk_hid_mouse_movement_set: Mouse movement set to 0/127[0m
[00:01:24.354,888] [0m<dbg> zmk: zmk_hid_mouse_scroll_set: Mouse scroll set to 0/0[0m
[00:01:24.354,888] [0m<dbg> zmk: zmk_hid_mouse_movement_set: Mouse movement set to 0/0[0m
[00:01:24.362,731] [0m<inf> exp02_logging: XY 84362 -5329352 -8355840[0m
[00:01:24.362,854] [0m<dbg> zmk: zmk_hid_mouse_movement_set: Mouse movement set to 127/0[0m
[00:01:24.362,854] [0m<dbg> zmk: zmk_hid_mouse_scroll_set: Mouse scroll set to 0/0[0m
[00:01:24.362,884] [0m<dbg> zmk: zmk_hid_mouse_movement_set: Mouse movement set to 0/0[0m
[00:01:24.370,819] [0m<inf> exp02_logging: XY 84370 -8355840 -8355840[0m
[00:01:24.370,880] [0m<dbg> zmk: zmk_hid_mouse_movement_set: Mouse movement set to 0/0[0m
[00:01:24.370,910] [0m<dbg> zmk: zmk_hid_mouse_scroll_set: Mouse scroll set to 0/0[0m
[00:01:24.370,941] [0m<dbg> zmk: zmk_hid_mouse_movement_set: Mouse movement set to 0/0[0m
[00:01:24.378,845] [0m<inf> exp02_logging: XY 84378 -723876 -4276482[0m
[00:01:24.378,967] [0m<dbg> zmk: zmk_hid_mouse_movement_set: Mouse movement set to 127/127[0m
[00:01:24.378,997] [0m<dbg> zmk: zmk_hid_mouse_scroll_set: Mouse scroll set to 0/0[0m
[00:01:24.378,997] [0m<dbg> zmk: zmk_hid_mouse_movement_set: Mouse movement set to 0/0[0m
[00:01:24.386,810] [0m<inf> exp02_logging: XY 84386 -8355840 -8355840[0m
[00:01:24.386,932] [0m<dbg> zmk: zmk_hid_mouse_movement_set: Mouse movement set to 0/0[0m
[00:01:24.386,932] [0m<dbg> zmk: zmk_hid_mouse_scroll_set: Mouse scroll set to 0/0[0m
[00:01:24.386,962] [0m<dbg> zmk: zmk_hid_mouse_movement_set: Mouse movement set to 0/0[0m
[00:01:24.394,836] [0m<inf> exp02_logging: XY 84394 -8355840 -1315857[0m
[00:01:24.394,927] [0m<dbg> zmk: zmk_hid_mouse_movement_set: Mouse movement set to 0/127[0m
[00:01:24.394,958] [0m<dbg> zmk: zmk_hid_mouse_scroll_set: Mouse scroll set to 0/0[0m
[00:01:24.394,958] [0m<dbg> zmk: zmk_hid_mouse_movement_set: Mouse movement set to 0/0[0m
[00:01:24.402,954] [0m<inf> exp02_logging: XY 84402 -5789763 -8355840[0m
[00:01:24.403,076] [0m<dbg> zmk: zmk_hid_mouse_movement_set: Mouse movement set to 127/0[0m
[00:01:24.403,076] [0m<dbg> zmk: zmk_hid_mouse_scroll_set: Mouse scroll set to 0/0[0m
[00:01:24.403,106] [0m<dbg> zmk: zmk_hid_mouse_movement_set: Mouse movement set to 0/0[0m
[00:01:24.410,888] [0m<inf> exp02_logging: XY 84410 -8355840 -8355840[0m
[00:01:24.410,949] [0m<dbg> zmk: zmk_hid_mouse_movement_set: Mouse movement set to 0/0[0m
[00:01:24.410,980] [0m<dbg> zmk: zmk_hid_mouse_scroll_set: Mouse scroll set to 0/0[0m
[00:01:24.410,980] [0m<dbg> zmk: zmk_hid_mouse_movement_set: Mouse movement set to 0/0[0m
[00:01:24.418,914] [0m<inf> exp02_logging: XY 84418 -789663 -4474110[0m
[00:01:24.419,067] [0m<dbg> zmk: zmk_hid_mouse_movement_set: Mouse movement set to 127/127[0m
[00:01:24.419,067] [0m<dbg> zmk: zmk_hid_mouse_scroll_set: Mouse scroll set to 0/0[0m
[00:01:24.419,097] [0m<dbg> zmk: zmk_hid_mouse_movement_set: Mouse movement set to 0/0[0m
[00:01:24.427,032] [0m<inf> exp02_logging: XY 84427 -8355840 -8355840[0m
[00:01:24.427,124] [0m<dbg> zmk: zmk_hid_mouse_movement_set: Mouse movement set to 0/0[0m
[00:01:24.427,154] [0m<dbg> zmk: zmk_hid_mouse_scroll_set: Mouse scroll set to 0/0[0m
[00:01:24.427,154] [0m<dbg> zmk: zmk_hid_mouse_movement_set: Mouse movement set to 0/0[0m
[00:01:24.434,967] [0m<inf> exp02_logging: XY 84434 -8355840 -1052893[0m
[00:01:24.435,058] [0m<dbg> zmk: zmk_hid_mouse_movement_set: Mouse movement set to 0/127[0m
[00:01:24.435,058] [0m<dbg> zmk: zmk_hid_mouse_scroll_set: Mouse scroll set to 0/0[0m
[00:01:24.435,089] [0m<dbg> zmk: zmk_hid_mouse_movement_set: Mouse movement set to 0/0[0m
[00:01:24.443,023] [0m<inf> exp02_logging: XY 84442 -6053097 -8355840[0m
[00:01:24.443,115] [0m<dbg> zmk: zmk_hid_mouse_movement_set: Mouse movement set to 127/0[0m
[00:01:24.443,145] [0m<dbg> zmk: zmk_hid_mouse_scroll_set: Mouse scroll set to 0/0[0m
[00:01:24.443,176] [0m<dbg> zmk: zmk_hid_mouse_movement_set: Mouse movement set to 0/0[0m
[00:01:24.451,110] [0m<inf> exp02_logging: XY 84451 -8355840 -8355840[0m
[00:01:24.451,171] [0m<dbg> zmk: zmk_hid_mouse_movement_set: Mouse movement set to 0/0[0m
[00:01:24.451,202] [0m<dbg> zmk: zmk_hid_mouse_scroll_set: Mouse scroll set to 0/0[0m
[00:01:24.451,202] [0m<dbg> zmk: zmk_hid_mouse_movement_set: Mouse movement set to 0/0[0m
[00:01:24.459,045] [0m<inf> exp02_logging: XY 84459 -789542 -5066103[0m
[00:01:24.459,167] [0m<dbg> zmk: zmk_hid_mouse_movement_set: Mouse movement set to 127/127[0m
[00:01:24.459,197] [0m<dbg> zmk: zmk_hid_mouse_scroll_set: Mouse scroll set to 0/0[0m
[00:01:24.459,197] [0m<dbg> zmk: zmk_hid_mouse_movement_set: Mouse movement set to 0/0[0m
[00:01:24.467,071] [0m<inf> exp02_logging: XY 84467 -8355840 -8355840[0m
[00:01:24.467,193] [0m<dbg> zmk: zmk_hid_mouse_movement_set: Mouse movement set to 0/0[0m
[00:01:24.467,224] [0m<dbg> zmk: zmk_hid_mouse_scroll_set: Mouse scroll set to 0/0[0m
[00:01:24.467,224] [0m<dbg> zmk: zmk_hid_mouse_movement_set: Mouse movement set to 0/0[0m
[00:01:24.475,189] [0m<inf> exp02_logging: XY 84475 -8355840 -921118[0m
[00:01:24.475,250] [0m<dbg> zmk: zmk_hid_mouse_movement_set: Mouse movement set to 0/127[0m
[00:01:24.475,280] [0m<dbg> zmk: zmk_hid_mouse_scroll_set: Mouse scroll set to 0/0[0m
[00:01:24.475,311] [0m<dbg> zmk: zmk_hid_mouse_movement_set: Mouse movement set to 0/0[0m
[00:01:24.483,123] [0m<inf> exp02_logging: XY 84483 -6579341 -8355840[0m
[00:01:24.483,245] [0m<dbg> zmk: zmk_hid_mouse_movement_set: Mouse movement set to 127/0[0m
[00:01:24.483,276] [0m<dbg> zmk: zmk_hid_mouse_scroll_set: Mouse scroll set to 0/0[0m
[00:01:24.483,276] [0m<dbg> zmk: zmk_hid_mouse_movement_set: Mouse movement set to 0/0[0m
[00:01:24.491,149] [0m<inf> exp02_logging: XY 84491 -8355840 -8355840[0m
[00:01:24.491,241] [0m<dbg> zmk: zmk_hid_mouse_movement_set: Mouse movement set to 0/0[0m
[00:01:24.491,241] [0m<dbg> zmk: zmk_hid_mouse_scroll_set: Mouse scroll set to 0/0[0m
[00:01:24.491,271] [0m<dbg> zmk: zmk_hid_mouse_movement_set: Mouse movement set to 0/0[0m
[00:01:24.499,267] [0m<inf> exp02_logging: XY 84499 -789660 -5658223[0m
[00:01:24.499,389] [0m<dbg> zmk: zmk_hid_mouse_movement_set: Mouse movement set to 127/127[0m
[00:01:24.499,389] [0m<dbg> zmk: zmk_hid_mouse_scroll_set: Mouse scroll set to 0/0[0m
[00:01:24.499,420] [0m<dbg> zmk: zmk_hid_mouse_movement_set: Mouse movement set to 0/0[0m
[00:01:24.507,202] [0m<inf> exp02_logging: XY 84507 -8355840 -8355840[0m
[00:01:24.507,324] [0m<dbg> zmk: zmk_hid_mouse_movement_set: Mouse movement set to 0/0[0m
[00:01:24.507,324] [0m<dbg> zmk: zmk_hid_mouse_scroll_set: Mouse scroll set to 0/0[0m
[00:01:24.507,354] [0m<dbg> zmk: zmk_hid_mouse_movement_set: Mouse movement set to 0/0[0m
[00:01:24.515,228] [0m<inf> exp02_logging: XY 84515 -8355840 -921293[0m
[00:01:24.515,319] [0m<dbg> zmk: zmk_hid_mouse_movement_set: Mouse movement set to 0/127[0m
[00:01:24.515,350] [0m<dbg> zmk: zmk_hid_mouse_scroll_set: Mouse scroll set to 0/0[0m
[00:01:24.515,350] [0m<dbg> zmk: zmk_hid_mouse_movement_set: Mouse movement set to 0/0[0m
[00:01:24.523,345] [0m<inf> exp02_logging: XY 84523 -7105712 -8355840[0m
[00:01:24.523,468] [0m<dbg> zmk: zmk_hid_mouse_movement_set: Mouse movement set to 127/0[0m
[00:01:24.523,468] [0m<dbg> zmk: zmk_hid_mouse_scroll_set: Mouse scroll set to 0/0[0m
[00:01:24.523,498] [0m<dbg> zmk: zmk_hid_mouse_movement_set: Mouse movement set to 0/0[0m
[00:01:24.531,280] [0m<inf> exp02_logging: XY 84531 -8355840 -8355840[0m
[00:01:24.531,372] [0m<dbg> zmk: zmk_hid_mouse_movement_set: Mouse movement set to 0/0[0m
[00:01:24.531,372] [0m<dbg> zmk: zmk_hid_mouse_scroll_set: Mouse scroll set to 0/0[0m
[00:01:24.531,402] [0m<dbg> zmk: zmk_hid_mouse_movement_set: Mouse movement set to 0/0[0m
[00:01:24.539,306] [0m<inf> exp02_logging: XY 84539 -723915 -6052969[0m
[00:01:24.539,459] [0m<dbg> zmk: zmk_hid_mouse_movement_set: Mouse movement set to 127/127[0m
[00:01:24.539,459] [0m<dbg> zmk: zmk_hid_mouse_scroll_set: Mouse scroll set to 0/0[0m
[00:01:24.539,489] [0m<dbg> zmk: zmk_hid_mouse_movement_set: Mouse movement set to 0/0[0m
[00:01:24.547,424] [0m<inf> exp02_logging: XY 84547 -8355840 -8355840[0m
[00:01:24.547,515] [0m<dbg> zmk: zmk_hid_mouse_movement_set: Mouse movement set to 0/0[0m
[00:01:24.547,546] [0m<dbg> zmk: zmk_hid_mouse_scroll_set: Mouse scroll set to 0/0[0m
[00:01:24.547,576] [0m<dbg> zmk: zmk_hid_mouse_movement_set: Mouse movement set to 0/0[0m
[00:01:24.555,358] [0m<inf> exp02_logging: XY 84555 -8290032 -855466[0m
[00:01:24.555,480] [0m<dbg> zmk: zmk_hid_mouse_movement_set: Mouse movement set to 12/127[0m
[00:01:24.555,511] [0m<dbg> zmk: zmk_hid_mouse_scroll_set: Mouse scroll set to 0/0[0m
[00:01:24.555,511] [0m<dbg> zmk: zmk_hid_mouse_movement_set: Mouse movement set to 0/0[0m
[00:01:24.563,385] [0m<inf> exp02_logging: XY 84563 -8224161 -8355840[0m
[00:01:24.563,507] [0m<dbg> zmk: zmk_hid_mouse_movement_set: Mouse movement set to 25/0[0m
[00:01:24.563,537] [0m<dbg> zmk: zmk_hid_mouse_scroll_set: Mouse scroll set to 0/0[0m
[00:01:24.563,537] [0m<dbg> zmk: zmk_hid_mouse_movement_set: Mouse movement set to 0/0[0m
[00:01:24.571,502] [0m<inf> exp02_logging: XY 84571 -8355840 -8355840[0m
[00:01:24.571,563] [0m<dbg> zmk: zmk_hid_mouse_movement_set: Mouse movement set to 0/0[0m
[00:01:24.571,594] [0m<dbg> zmk: zmk_hid_mouse_scroll_set: Mouse scroll set to 0/0[0m
[00:01:24.571,594] [0m<dbg> zmk: zmk_hid_mouse_movement_set: Mouse movement set to 0/0[0m
[00:01:24.579,437] [0m<inf> exp02_logging: XY 84579 -723854 -6513592[0m
[00:01:24.579,559] [0m<dbg> zmk: zmk_hid_mouse_movement_set: Mouse movement set to 127/127[0m
[00:01:24.579,589] [0m<dbg> zmk: zmk_hid_mouse_scroll_set: Mouse scroll set to 0/0[0m
[00:01:24.579,589] [0m<dbg> zmk: zmk_hid_mouse_movement_set: Mouse movement set to 0/0[0m
[00:01:24.587,463] [0m<inf> exp02_logging: XY 84587 -8355840 -8355840[0m
[00:01:24.587,585] [0m<dbg> zmk: zmk_hid_mouse_movement_set: Mouse movement set to 0/0[0m
[00:01:24.587,615] [0m<dbg> zmk: zmk_hid_mouse_scroll_set: Mouse scroll set to 0/0[0m
[00:01:24.587,615] [0m<dbg> zmk: zmk_hid_mouse_movement_set: Mouse movement set to 0/0[0m
[00:01:24.595,581] [0m<inf> exp02_logging: XY 84595 -8026872 -855482[0m
[00:01:24.595,703] [0m<dbg> zmk: zmk_hid_mouse_movement_set: Mouse movement set to 63/127[0m
[00:01:24.595,703] [0m<dbg> zmk: zmk_hid_mouse_scroll_set: Mouse scroll set to 0/0[0m
[00:01:24.595,733] [0m<dbg> zmk: zmk_hid_mouse_movement_set: Mouse movement set to 0/0[0m
[00:01:24.603,515] [0m<inf> exp02_logging: XY 84603 -8355828 -8355840[0m
[00:01:24.603,637] [0m<dbg> zmk: zmk_hid_mouse_movement_set: Mouse movement set to 0/0[0m
[00:01:24.603,668] [0m<dbg> zmk: zmk_hid_mouse_scroll_set: Mouse scroll set to 0/0[0m
[00:01:24.603,668] [0m<dbg> zmk: zmk_hid_mouse_movement_set: Mouse movement set to 0/0[0m
[00:01:24.611,541] [0m<inf> exp02_logging: XY 84611 -8355840 -8355840[0m
[00:01:24.619,659] [0m<inf> exp02_logging: XY 84619 -723904 -6842420[0m
[00:01:24.619,781] [0m<dbg> zmk: zmk_hid_mouse_movement_set: Mouse movement set to 127/127[0m
[00:01:24.619,781] [0m<dbg> zmk: zmk_hid_mouse_scroll_set: Mouse scroll set to 0/0[0m
[00:01:24.619,812] [0m<dbg> zmk: zmk_hid_mouse_movement_set: Mouse movement set to 0/0[0m
[00:01:24.627,624] [0m<inf> exp02_logging: XY 84627 -8355840 -8355840[0m
[00:01:24.627,746] [0m<dbg> zmk: zmk_hid_mouse_movement_set: Mouse movement set to 0/0[0m
[00:01:24.627,746] [0m<dbg> zmk: zmk_hid_mouse_scroll_set: Mouse scroll set to 0/0[0m
[00:01:24.627,777] [0m<dbg> zmk: zmk_hid_mouse_movement_set: Mouse movement set to 0/0[0m
[00:01:24.635,711] [0m<inf> exp02_logging: XY 84635 -7697775 -855526[0m
[00:01:24.635,833] [0m<dbg> zmk: zmk_hid_mouse_movement_set: Mouse movement set to 127/127[0m
[00:01:24.635,864] [0m<dbg> zmk: zmk_hid_mouse_scroll_set: Mouse scroll set to 0/0[0m
[00:01:24.635,864] [0m<dbg> zmk: zmk_hid_mouse_movement_set: Mouse movement set to 0/0[0m
[00:01:24.643,646] [0m<inf> exp02_logging: XY 84643 -8355840 -8355840[0m
[00:01:24.643,768] [0m<dbg> zmk: zmk_hid_mouse_movement_set: Mouse movement set to 0/0[0m
[00:01:24.643,768] [0m<dbg> zmk: zmk_hid_mouse_scroll_set: Mouse scroll set to 0/0[0m
[00:01:24.643,798] [0m<dbg> zmk: zmk_hid_mouse_movement_set: Mouse movement set to 0/0[0m
[00:01:24.651,672] [0m<inf> exp02_logging: XY 84651 -8355840 -8355840[0m
[00:01:24.659,790] [0m<inf> exp02_logging: XY 84659 -723905 -7368834[0m
[00:01:24.659,912] [0m<dbg> zmk: zmk_hid_mouse_movement_set: Mouse movement set to 127/127[0m
[00:01:24.659,912] [0m<dbg> zmk: zmk_hid_mouse_scroll_set: Mouse scroll set to 0/0[0m
[00:01:24.659,942] [0m<dbg> zmk: zmk_hid_mouse_movement_set: Mouse movement set to 0/0[0m
[00:01:24.667,755] [0m<inf> exp02_logging: XY 84667 -8355840 -8355840[0m
[00:01:24.667,877] [0m<dbg> zmk: zmk_hid_mouse_movement_set: Mouse movement set to 0/0[0m
[00:01:24.667,877] [0m<dbg> zmk: zmk_hid_mouse_scroll_set: Mouse scroll set to 0/0[0m
[00:01:24.667,907] [0m<dbg> zmk: zmk_hid_mouse_movement_set: Mouse movement set to 0/0[0m
[00:01:24.675,842] [0m<inf> exp02_logging: XY 84675 -7302955 -789755[0m
[00:01:24.675,964] [0m<dbg> zmk: zmk_hid_mouse_movement_set: Mouse movement set to 127/127[0m
[00:01:24.675,994] [0m<dbg> zmk: zmk_hid_mouse_scroll_set: Mouse scroll set to 0/0[0m
[00:01:24.675,994] [0m<dbg> zmk: zmk_hid_mouse_movement_set: Mouse movement set to 0/0[0m
[00:01:24.683,776] [0m<inf> exp02_logging: XY 84683 -8355840 -8355840[0m
[00:01:24.683,898] [0m<dbg> zmk: zmk_hid_mouse_movement_set: Mouse movement set to 0/0[0m
[00:01:24.683,929] [0m<dbg> zmk: zmk_hid_mouse_scroll_set: Mouse scroll set to 0/0[0m
[00:01:24.683,929] [0m<dbg> zmk: zmk_hid_mouse_movement_set: Mouse movement set to 0/0[0m
[00:01:24.691,802] [0m<inf> exp02_logging: XY 84691 -8355840 -8355840[0m
[00:01:24.699,920] [0m<inf> exp02_logging: XY 84699 -723812 -8355616[0m
[00:01:24.700,012] [0m<dbg> zmk: zmk_hid_mouse_movement_set: Mouse movement set to 127/0[0m
[00:01:24.700,012] [0m<dbg> zmk: zmk_hid_mouse_scroll_set: Mouse scroll set to 0/0[0m
[00:01:24.700,042] [0m<dbg> zmk: zmk_hid_mouse_movement_set: Mouse movement set to 0/0[0m
[00:01:24.707,885] [0m<inf> exp02_logging: XY 84707 -8355840 -8355840[0m
[00:01:24.707,946] [0m<dbg> zmk: zmk_hid_mouse_movement_set: Mouse movement set to 0/0[0m
[00:01:24.707,977] [0m<dbg> zmk: zmk_hid_mouse_scroll_set: Mouse scroll set to 0/0[0m
[00:01:24.707,977] [0m<dbg> zmk: zmk_hid_mouse_movement_set: Mouse movement set to 0/0[0m
[00:01:24.715,972] [0m<inf> exp02_logging: XY 84715 -6842417 -855403[0m
[00:01:24.716,094] [0m<dbg> zmk: zmk_hid_mouse_movement_set: Mouse movement set to 127/127[0m
[00:01:24.716,094] [0m<dbg> zmk: zmk_hid_mouse_scroll_set: Mouse scroll set to 0/0[0m
[00:01:24.716,125] [0m<dbg> zmk: zmk_hid_mouse_movement_set: Mouse movement set to 0/0[0m
[00:01:24.723,907] [0m<inf> exp02_logging: XY 84723 -8355840 -8355840[0m
[00:01:24.724,029] [0m<dbg> zmk: zmk_hid_mouse_movement_set: Mouse movement set to 0/0[0m
[00:01:24.724,029] [0m<dbg> zmk: zmk_hid_mouse_scroll_set: Mouse scroll set to 0/0[0m
[00:01:24.724,060] [0m<dbg> zmk: zmk_hid_mouse_movement_set: Mouse movement set to 0/0[0m
[00:01:24.731,933] [0m<inf> exp02_logging: XY 84731 -8355840 -8355840[0m
[00:01:24.740,051] [0m<inf> exp02_logging: XY 84740 -658078 -8355828[0m
[00:01:24.740,142] [0m<dbg> zmk: zmk_hid_mouse_movement_set: Mouse movement set to 127/0[0m
[00:01:24.740,142] [0m<dbg> zmk: zmk_hid_mouse_scroll_set: Mouse scroll set to 0/0[0m
[00:01:24.740,173] [0m<dbg> zmk: zmk_hid_mouse_movement_set: Mouse movement set to 0/0[0m
[00:01:24.748,016] [0m<inf> exp02_logging: XY 84747 -8355840 -8355840[0m
[00:01:24.748,077] [0m<dbg> zmk: zmk_hid_mouse_movement_set: Mouse movement set to 0/0[0m
[00:01:24.748,107] [0m<dbg> zmk: zmk_hid_mouse_scroll_set: Mouse scroll set to 0/0[0m
[00:01:24.748,138] [0m<dbg> zmk: zmk_hid_mouse_movement_set: Mouse movement set to 0/0[0m
[00:01:24.756,103] [0m<inf> exp02_logging: XY 84756 -6381828 -855385[0m
[00:01:24.756,225] [0m<dbg> zmk: zmk_hid_mouse_movement_set: Mouse movement set to 127/127[0m
[00:01:24.756,225] [0m<dbg> zmk: zmk_hid_mouse_scroll_set: Mouse scroll set to 0/0[0m
[00:01:24.756,256] [0m<dbg> zmk: zmk_hid_mouse_movement_set: Mouse movement set to 0/0[0m
[00:01:24.764,038] [0m<inf> exp02_logging: XY 84764 -8355840 -8355840[0m
[00:01:24.764,160] [0m<dbg> zmk: zmk_hid_mouse_movement_set: Mouse movement set to 0/0[0m
[00:01:24.764,160] [0m<dbg> zmk: zmk_hid_mouse_scroll_set: Mouse scroll set to 0/0[0m
[00:01:24.764,190] [0m<dbg> zmk: zmk_hid_mouse_movement_set: Mouse movement set to 0/0[0m
[00:01:24.772,064] [0m<inf> exp02_logging: XY 84772 -8355840 -8355802[0m
[00:01:24.780,181] [0m<inf> exp02_logging: XY 84780 -658010 -8355840[0m
[00:01:24.780,242] [0m<dbg> zmk: zmk_hid_mouse_movement_set: Mouse movement set to 127/0[0m
[00:01:24.780,273] [0m<dbg> zmk: zmk_hid_mouse_scroll_set: Mouse scroll set to 0/0[0m
[00:01:24.780,303] [0m<dbg> zmk: zmk_hid_mouse_movement_set: Mouse movement set to 0/0[0m
[00:01:24.788,146] [0m<inf> exp02_logging: XY 84788 -8355840 -8355840[0m
[00:01:24.788,208] [0m<dbg> zmk: zmk_hid_mouse_movement_set: Mouse movement set to 0/0[0m
[00:01:24.788,238] [0m<dbg> zmk: zmk_hid_mouse_scroll_set: Mouse scroll set to 0/0[0m
[00:01:24.788,238] [0m<dbg> zmk: zmk_hid_mouse_movement_set: Mouse movement set to 0/0[0m
[00:01:24.796,234] [0m<inf> exp02_logging: XY 84796 -5855653 -855310[0m
[00:01:24.796,356] [0m<dbg> zmk: zmk_hid_mouse_movement_set: Mouse movement set to 127/127[0m
[00:01:24.796,356] [0m<dbg> zmk: zmk_hid_mouse_scroll_set: Mouse scroll set to 0/0[0m
[00:01:24.796,386] [0m<dbg> zmk: zmk_hid_mouse_movement_set: Mouse movement set to 0/0[0m
[00:01:24.804,199] [0m<inf> exp02_logging: XY 84804 -8355840 -8355840[0m
[00:01:24.804,321] [0m<dbg> zmk: zmk_hid_mouse_movement_set: Mouse movement set to 0/0[0m
[00:01:24.804,321] [0m<dbg> zmk: zmk_hid_mouse_scroll_set: Mouse scroll set to 0/0[0m
[00:01:24.804,351] [0m<dbg> zmk: zmk_hid_mouse_movement_set: Mouse movement set to 0/0[0m
[00:01:24.812,194] [0m<inf> exp02_logging: XY 84812 -8355840 -8092634[0m
[00:01:24.812,286] [0m<dbg> zmk: zmk_hid_mouse_movement_set: Mouse movement set to 0/51[0m
[00:01:24.812,316] [0m<dbg> zmk: zmk_hid_mouse_scroll_set: Mouse scroll set to 0/0[0m
[00:01:24.812,316] [0m<dbg> zmk: zmk_hid_mouse_movement_set: Mouse movement set to 0/0[0m
[00:01:24.820,312] [0m<inf> exp02_logging: XY 84820 -658122 -8355840[0m
[00:01:24.820,434] [0m<dbg> zmk: zmk_hid_mouse_movement_set: Mouse movement set to 127/0[0m
[00:01:24.820,434] [0m<dbg> zmk: zmk_hid_mouse_scroll_set: Mouse scroll set to 0/0[0m
[00:01:24.820,465] [0m<dbg> zmk: zmk_hid_mouse_movement_set: Mouse movement set to 0/0[0m
[00:01:24.828,247] [0m<inf> exp02_logging: XY 84828 -8355840 -8355840[0m
[00:01:24.828,338] [0m<dbg> zmk: zmk_hid_mouse_movement_set: Mouse movement set to 0/0[0m
[00:01:24.828,338] [0m<dbg> zmk: zmk_hid_mouse_scroll_set: Mouse scroll set to 0/0[0m
[00:01:24.828,369] [0m<dbg> zmk: zmk_hid_mouse_movement_set: Mouse movement set to 0/0[0m
[00:01:24.836,273] [0m<inf> exp02_logging: XY 84836 -5526701 -855344[0m
[00:01:24.836,425] [0m<dbg> zmk: zmk_hid_mouse_movement_set: Mouse movement set to 127/127[0m
[00:01:24.836,425] [0m<dbg> zmk: zmk_hid_mouse_scroll_set: Mouse scroll set to 0/0[0m
[00:01:24.836,456] [0m<dbg> zmk: zmk_hid_mouse_movement_set: Mouse movement set to 0/0[0m
[00:01:24.844,390] [0m<inf> exp02_logging: XY 84844 -8355840 -8355840[0m
[00:01:24.844,482] [0m<dbg> zmk: zmk_hid_mouse_movement_set: Mouse movement set to 0/0[0m
[00:01:24.844,512] [0m<dbg> zmk: zmk_hid_mouse_scroll_set: Mouse scroll set to 0/0[0m
[00:01:24.844,512] [0m<dbg> zmk: zmk_hid_mouse_movement_set: Mouse movement set to 0/0[0m
[00:01:24.852,325] [0m<inf> exp02_logging: XY 84852 -8355840 -7763635[0m
[00:01:24.852,416] [0m<dbg> zmk: zmk_hid_mouse_movement_set: Mouse movement set to 0/114[0m
[00:01:24.852,416] [0m<dbg> zmk: zmk_hid_mouse_scroll_set: Mouse scroll set to 0/0[0m
[00:01:24.852,447] [0m<dbg> zmk: zmk_hid_mouse_movement_set: Mouse movement set to 0/0[0m
[00:01:24.860,351] [0m<inf> exp02_logging: XY 84860 -987024 -8355840[0m
[00:01:24.860,473] [0m<dbg> zmk: zmk_hid_mouse_movement_set: Mouse movement set to 127/0[0m
[00:01:24.860,504] [0m<dbg> zmk: zmk_hid_mouse_scroll_set: Mouse scroll set to 0/0[0m
[00:01:24.860,504] [0m<dbg> zmk: zmk_hid_mouse_movement_set: Mouse movement set to 0/0[0m
[00:01:24.868,469] [0m<inf> exp02_logging: XY 84868 -8355840 -8355840[0m
[00:01:24.868,530] [0m<dbg> zmk: zmk_hid_mouse_movement_set: Mouse movement set to 0/0[0m
[00:01:24.868,560] [0m<dbg> zmk: zmk_hid_mouse_scroll_set: Mouse scroll set to 0/0[0m
[00:01:24.868,560] [0m<dbg> zmk: zmk_hid_mouse_movement_set: Mouse movement set to 0/0[0m
[00:01:24.876,403] [0m<inf> exp02_logging: XY 84876 -5066128 -789561[0m
[00:01:24.876,525] [0m<dbg> zmk: zmk_hid_mouse_movement_set: Mouse movement set to 127/127[0m
[00:01:24.876,556] [0m<dbg> zmk: zmk_hid_mouse_scroll_set: Mouse scroll set to 0/0[0m
[00:01:24.876,556] [0m<dbg> zmk: zmk_hid_mouse_movement_set: Mouse movement set to 0/0[0m
[00:01:24.884,429] [0m<inf> exp02_logging: XY 84884 -8355840 -8355840[0m
[00:01:24.884,552] [0m<dbg> zmk: zmk_hid_mouse_movement_set: Mouse movement set to 0/0[0m
[00:01:24.884,552] [0m<dbg> zmk: zmk_hid_mouse_scroll_set: Mouse scroll set to 0/0[0m
[00:01:24.884,582] [0m<dbg> zmk: zmk_hid_mouse_movement_set: Mouse movement set to 0/0[0m
[00:01:24.892,547] [0m<inf> exp02_logging: XY 84892 -8355840 -7303127[0m
[00:01:24.892,608] [0m<dbg> zmk: zmk_hid_mouse_movement_set: Mouse movement set to 0/127[0m
[00:01:24.892,639] [0m<dbg> zmk: zmk_hid_mouse_scroll_set: Mouse scroll set to 0/0[0m
[00:01:24.892,669] [0m<dbg> zmk: zmk_hid_mouse_movement_set: Mouse movement set to 0/0[0m
[00:01:24.900,482] [0m<inf> exp02_logging: XY 84900 -1184427 -8355840[0m
[00:01:24.900,604] [0m<dbg> zmk: zmk_hid_mouse_movement_set: Mouse movement set to 127/0[0m
[00:01:24.900,634] [0m<dbg> zmk: zmk_hid_mouse_scroll_set: Mouse scroll set to 0/0[0m
[00:01:24.900,634] [0m<dbg> zmk: zmk_hid_mouse_movement_set: Mouse movement set to 0/0[0m
[00:01:24.908,508] [0m<inf> exp02_logging: XY 84908 -8355840 -8355840[0m
[00:01:24.908,599] [0m<dbg> zmk: zmk_hid_mouse_movement_set: Mouse movement set to 0/0[0m
[00:01:24.908,599] [0m<dbg> zmk: zmk_hid_mouse_scroll_set: Mouse scroll set to 0/0[0m
[00:01:24.908,630] [0m<dbg> zmk: zmk_hid_mouse_movement_set: Mouse movement set to 0/0[0m
[00:01:24.916,625] [0m<inf> exp02_logging: XY 84916 -4539746 -789529[0m
[00:01:24.916,748] [0m<dbg> zmk: zmk_hid_mouse_movement_set: Mouse movement set to 127/127[0m
[00:01:24.916,748] [0m<dbg> zmk: zmk_hid_mouse_scroll_set: Mouse scroll set to 0/0[0m
[00:01:24.916,778] [0m<dbg> zmk: zmk_hid_mouse_movement_set: Mouse movement set to 0/0[0m
[00:01:24.924,560] [0m<inf> exp02_logging: XY 84924 -8355840 -8355840[0m
[00:01:24.924,682] [0m<dbg> zmk: zmk_hid_mouse_movement_set: Mouse movement set to 0/0[0m
[00:01:24.924,682] [0m<dbg> zmk: zmk_hid_mouse_scroll_set: Mouse scroll set to 0/0[0m
[00:01:24.924,713] [0m<dbg> zmk: zmk_hid_mouse_movement_set: Mouse movement set to 0/0[0m
[00:01:24.932,586] [0m<inf> exp02_logging: XY 84932 -8355840 -7105614[0m
[00:01:24.932,678] [0m<dbg> zmk: zmk_hid_mouse_movement_set: Mouse movement set to 0/127[0m
[00:01:24.932,708] [0m<dbg> zmk: zmk_hid_mouse_scroll_set: Mouse scroll set to 0/0[0m
[00:01:24.932,708] [0m<dbg> zmk: zmk_hid_mouse_movement_set: Mouse movement set to 0/0[0m
[00:01:24.940,704] [0m<inf> exp02_logging: XY 84940 -1776547 -8355840[0m
[00:01:24.940,826] [0m<dbg> zmk: zmk_hid_mouse_movement_set: Mouse movement set to 127/0[0m
[00:01:24.940,826] [0m<dbg> zmk: zmk_hid_mouse_scroll_set: Mouse scroll set to 0/0[0m
[00:01:24.940,856] [0m<dbg> zmk: zmk_hid_mouse_movement_set: Mouse movement set to 0/0[0m
[00:01:24.948,638] [0m<inf> exp02_logging: XY 84948 -8355840 -8355840[0m
[00:01:24.948,699] [0m<dbg> zmk: zmk_hid_mouse_movement_set: Mouse movement set to 0/0[0m
[00:01:24.948,730] [0m<dbg> zmk: zmk_hid_mouse_scroll_set: Mouse scroll set to 0/0[0m
[00:01:24.948,730] [0m<dbg> zmk: zmk_hid_mouse_movement_set: Mouse movement set to 0/0[0m
[00:01:24.956,665] [0m<inf> exp02_logging: XY 84956 -4013539 -789537[0m
[00:01:24.956,817] [0m<dbg> zmk: zmk_hid_mouse_movement_set: Mouse movement set to 127/127[0m
[00:01:24.956,817] [0m<dbg> zmk: zmk_hid_mouse_scroll_set: Mouse scroll set to 0/0[0m
[00:01:24.956,848] [0m<dbg> zmk: zmk_hid_mouse_movement_set: Mouse movement set to 0/0[0m
[00:01:24.964,782] [0m<inf> exp02_logging: XY 84964 -8355840 -8355840[0m
[00:01:24.964,874] [0m<dbg> zmk: zmk_hid_mouse_movement_set: Mouse movement set to 0/0[0m
[00:01:24.964,904] [0m<dbg> zmk: zmk_hid_mouse_scroll_set: Mouse scroll set to 0/0[0m
[00:01:24.964,904] [0m<dbg> zmk: zmk_hid_mouse_movement_set: Mouse movement set to 0/0[0m
[00:01:24.972,717] [0m<inf> exp02_logging: XY 84972 -8355840 -5921292[0m
[00:01:24.972,808] [0m<dbg> zmk: zmk_hid_mouse_movement_set: Mouse movement set to 0/127[0m
[00:01:24.972,808] [0m<dbg> zmk: zmk_hid_mouse_scroll_set: Mouse scroll set to 0/0[0m
[00:01:24.972,839] [0m<dbg> zmk: zmk_hid_mouse_movement_set: Mouse movement set to 0/0[0m
[00:01:24.980,743] [0m<inf> exp02_logging: XY 84980 -1973921 -8355840[0m
[00:01:24.980,865] [0m<dbg> zmk: zmk_hid_mouse_movement_set: Mouse movement set to 127/0[0m
[00:01:24.980,895] [0m<dbg> zmk: zmk_hid_mouse_scroll_set: Mouse scroll set to 0/0[0m
[00:01:24.980,895] [0m<dbg> zmk: zmk_hid_mouse_movement_set: Mouse movement set to 0/0[0m
[00:01:24.988,861] [0m<inf> exp02_logging: XY 84988 -8355840 -8355840[0m
[00:01:24.988,922] [0m<dbg> zmk: zmk_hid_mouse_movement_set: Mouse movement set to 0/0[0m
[00:01:24.988,952] [0m<dbg> zmk: zmk_hid_mouse_scroll_set: Mouse scroll set to 0/0[0m
[00:01:24.988,952] [0m<dbg> zmk: zmk_hid_mouse_movement_set: Mouse movement set to 0/0[0m
[00:01:24.996,795] [0m<inf> exp02_logging: XY 84996 -3355548 -921185[0m
[00:01:24.996,917] [0m<dbg> zmk: zmk_hid_mouse_movement_set: Mouse movement set to 127/127[0m
[00:01:24.996,948] [0m<dbg> zmk: zmk_hid_mouse_scroll_set: Mouse scroll set to 0/0[0m
[00:01:24.996,978] [0m<dbg> zmk: zmk_hid_mouse_movement_set: Mouse movement set to 0/0[0m
[00:01:25.004,821] [0m<inf> exp02_logging: XY 85004 -8355840 -8355840[0m
[00:01:25.004,943] [0m<dbg> zmk: zmk_hid_mouse_movement_set: Mouse movement set to 0/0[0m
[00:01:25.004,943] [0m<dbg> zmk: zmk_hid_mouse_scroll_set: Mouse scroll set to 0/0[0m
[00:01:25.004,974] [0m<dbg> zmk: zmk_hid_mouse_movement_set: Mouse movement set to 0/0[0m
[00:01:25.012,939] [0m<inf> exp02_logging: XY 85012 -8355840 -5066117[0m
[00:01:25.013,000] [0m<dbg> zmk: zmk_hid_mouse_movement_set: Mouse movement set to 0/127[0m
[00:01:25.013,031] [0m<dbg> zmk: zmk_hid_mouse_scroll_set: Mouse scroll set to 0/0[0m
[00:01:25.013,031] [0m<dbg> zmk: zmk_hid_mouse_movement_set: Mouse movement set to 0/0[0m
[00:01:25.020,874] [0m<inf> exp02_logging: XY 85020 -2434501 -8355840[0m
[00:01:25.020,996] [0m<dbg> zmk: zmk_hid_mouse_movement_set: Mouse movement set to 127/0[0m
[00:01:25.021,026] [0m<dbg> zmk: zmk_hid_mouse_scroll_set: Mouse scroll set to 0/0[0m
[00:01:25.021,026] [0m<dbg> zmk: zmk_hid_mouse_movement_set: Mouse movement set to 0/0[0m
[00:01:25.028,900] [0m<inf> exp02_logging: XY 85028 -8355840 -8355840[0m
[00:01:25.028,991] [0m<dbg> zmk: zmk_hid_mouse_movement_set: Mouse movement set to 0/0[0m
[00:01:25.028,991] [0m<dbg> zmk: zmk_hid_mouse_scroll_set: Mouse scroll set to 0/0[0m
[00:01:25.029,022] [0m<dbg> zmk: zmk_hid_mouse_movement_set: Mouse movement set to 0/0[0m
[00:01:25.037,017] [0m<inf> exp02_logging: XY 85037 -2763451 -1513425[0m
[00:01:25.037,139] [0m<dbg> zmk: zmk_hid_mouse_movement_set: Mouse movement set to 127/127[0m
[00:01:25.037,170] [0m<dbg> zmk: zmk_hid_mouse_scroll_set: Mouse scroll set to 0/0[0m
[00:01:25.037,170] [0m<dbg> zmk: zmk_hid_mouse_movement_set: Mouse movement set to 0/0[0m
[00:01:25.044,952] [0m<inf> exp02_logging: XY 85044 -8355840 -8355840[0m
[00:01:25.045,074] [0m<dbg> zmk: zmk_hid_mouse_movement_set: Mouse movement set to 0/0[0m
[00:01:25.045,074] [0m<dbg> zmk: zmk_hid_mouse_scroll_set: Mouse scroll set to 0/0[0m
[00:01:25.045,104] [0m<dbg> zmk: zmk_hid_mouse_movement_set: Mouse movement set to 0/0[0m
[00:01:25.052,978] [0m<inf> exp02_logging: XY 85052 -8355840 -4605531[0m
[00:01:25.053,070] [0m<dbg> zmk: zmk_hid_mouse_movement_set: Mouse movement set to 0/127[0m
[00:01:25.053,100] [0m<dbg> zmk: zmk_hid_mouse_scroll_set: Mouse scroll set to 0/0[0m
[00:01:25.053,100] [0m<dbg> zmk: zmk_hid_mouse_movement_set: Mouse movement set to 0/0[0m
[00:01:25.061,096] [0m<inf> exp02_logging: XY 85061 -2960872 -8355840[0m
[00:01:25.061,218] [0m<dbg> zmk: zmk_hid_mouse_movement_set: Mouse movement set to 127/0[0m
[00:01:25.061,218] [0m<dbg> zmk: zmk_hid_mouse_scroll_set: Mouse scroll set to 0/0[0m
[00:01:25.061,248] [0m<dbg> zmk: zmk_hid_mouse_movement_set: Mouse movement set to 0/0[0m
[00:01:25.069,030] [0m<inf> exp02_logging: XY 85069 -8355840 -8355840[0m
[00:01:25.069,091] [0m<dbg> zmk: zmk_hid_mouse_movement_set: Mouse movement set to 0/0[0m
[00:01:25.069,122] [0m<dbg> zmk: zmk_hid_mouse_scroll_set: Mouse scroll set to 0/0[0m
[00:01:25.069,152] [0m<dbg> zmk: zmk_hid_mouse_movement_set: Mouse movement set to 0/0[0m
[00:01:25.077,056] [0m<inf> exp02_logging: XY 85077 -2237037 -1710756[0m
[00:01:25.077,209] [0m<dbg> zmk: zmk_hid_mouse_movement_set: Mouse movement set to 127/127[0m
[00:01:25.077,209] [0m<dbg> zmk: zmk_hid_mouse_scroll_set: Mouse scroll set to 0/0[0m
[00:01:25.077,239] [0m<dbg> zmk: zmk_hid_mouse_movement_set: Mouse movement set to 0/0[0m
[00:01:25.085,174] [0m<inf> exp02_logging: XY 85085 -8355840 -8355840[0m
[00:01:25.085,266] [0m<dbg> zmk: zmk_hid_mouse_movement_set: Mouse movement set to 0/0[0m
[00:01:25.085,296] [0m<dbg> zmk: zmk_hid_mouse_scroll_set: Mouse scroll set to 0/0[0m
[00:01:25.085,327] [0m<dbg> zmk: zmk_hid_mouse_movement_set: Mouse movement set to 0/0[0m
[00:01:25.093,139] [0m<inf> exp02_logging: XY 85093 -8355840 -3750295[0m
[00:01:25.093,200] [0m<dbg> zmk: zmk_hid_mouse_movement_set: Mouse movement set to 0/127[0m
[00:01:25.093,231] [0m<dbg> zmk: zmk_hid_mouse_scroll_set: Mouse scroll set to 0/0[0m
[00:01:25.093,231] [0m<dbg> zmk: zmk_hid_mouse_movement_set: Mouse movement set to 0/0[0m
[00:01:25.101,135] [0m<inf> exp02_logging: XY 85101 -3289658 -8355840[0m
[00:01:25.101,257] [0m<dbg> zmk: zmk_hid_mouse_movement_set: Mouse movement set to 127/0[0m
[00:01:25.101,287] [0m<dbg> zmk: zmk_hid_mouse_scroll_set: Mouse scroll set to 0/0[0m
[00:01:25.101,287] [0m<dbg> zmk: zmk_hid_mouse_movement_set: Mouse movement set to 0/0[0m
[00:01:25.109,252] [0m<inf> exp02_logging: XY 85109 -8355840 -8355840[0m
[00:01:25.109,313] [0m<dbg> zmk: zmk_hid_mouse_movement_set: Mouse movement set to 0/0[0m
[00:01:25.109,344] [0m<dbg> zmk: zmk_hid_mouse_scroll_set: Mouse scroll set to 0/0[0m
[00:01:25.109,344] [0m<dbg> zmk:
# end=2026-10-01T21:19:28.2677645+03:00
