t_ms,raw_x,raw_y,phase
2014196,-1253772,-5055707,motion
2014204,-5266685,-4635538,motion
2014212,-35528,-657321,motion
2014220,-5266939,-5250102,motion
2014228,-3999543,-86805,motion
2014236,-1389322,-5096780,motion
2014244,-5259967,-4467929,motion
2014252,-32297,-809452,motion
2014260,-5279356,-5250272,motion
2014268,-3779041,-62484,motion
2014276,-1636951,-5123057,motion
2014284,-5256650,-4381021,motion
2014292,-27450,-1004869,motion
2014300,-5302061,-5246701,motion
2014308,-3614920,-56022,motion
2014316,-1951164,-5170678,motion
2014324,-5246616,-4235607,motion
2014332,-26004,-1089905,motion
2014340,-5313285,-5243215,motion
2014348,-3322817,-53556,motion
2014356,-2103891,-5201461,motion
2014364,-5233095,-3976243,motion
2014372,-24133,-1316275,motion
2014380,-5316772,-5241174,motion
2014388,-3052823,-46157,motion
2014396,-2420911,-5215322,motion
2014404,-5225016,-3851153,motion
2014413,-23283,-1668245,motion
2014420,-5320939,-5235136,motion
2014429,-2822371,-38674,motion
2014437,-2697622,-5242874,motion
2014445,-5212601,-3644597,motion
2014453,-21666,-1750390,motion
2014461,-5324765,-5225527,motion
2014469,-2517683,-40290,motion
2014477,-2888871,-5266430,motion
2014485,-5197634,-3279873,motion
2014493,-16819,-2073447,motion
2014501,-5325105,-5218979,motion
2014509,-2194710,-34337,motion
2014517,-3226299,-5277910,motion
2014525,-5187005,-3080545,motion
2014533,-14014,-2475334,motion
2014541,-5324340,-5203928,motion
2014549,-1985604,-31021,motion
2014557,-3481411,-5286499,motion
2014565,-5173058,-2811147,motion
2014573,-14524,-2581715,motion
2014581,-5325105,-5199335,motion
2014589,-1731428,-30681,motion
2014597,-3749279,-5291430,motion
2014605,-5159538,-2639371,motion
2014613,-14609,-2920760,motion
2014621,-5323235,-5183178,motion
2014629,-1511946,-25664,motion
2014637,-3933130,-5294322,motion
2014645,-5146867,-2289273,motion
2014653,-14184,-3065323,motion
2014661,-5320428,-5171358,motion
2014669,-1250371,-22517,motion
2014677,-4080499,-5296193,motion
2014685,-5127649,-1986710,motion
2014693,-16054,-3383193,motion
2014701,-5317877,-5159538,motion
2014709,-1038288,-19796,motion
2014717,-4291477,-5295512,motion
2014725,-5109961,-1841891,motion
2014734,-22517,-3689583,motion
2014742,-5312690,-5145932,motion
2014750,-869574,-16989,motion
2014758,-4460105,-5294237,motion
2014766,-5084960,-1545876,motion
2014774,-27194,-3788481,motion
2014782,-5308268,-5127989,motion
2014790,-661998,-18265,motion
2014798,-4567848,-5294322,motion
2014806,-5046864,-1250797,motion
2014814,-39440,-4008558,motion
2014822,-5307928,-5118890,motion
2014830,-497026,-22007,motion
2014838,-4739539,-5291176,motion
2014846,-5015314,-1100196,motion
2014854,-71669,-4230845,motion
2014862,-5303676,-5105709,motion
2014870,-373891,-22347,motion
2014878,-4814967,-5289475,motion
2014886,-4956723,-846104,motion
2014894,-117419,-4322685,motion
2014902,-5298914,-5067442,motion
2014910,-234261,-27960,motion
2014918,-4864969,-5287774,motion
2014926,-4884102,-626027,motion
2014934,-203221,-4530007,motion
2014942,-5295002,-5053837,motion
2014950,-147437,-40800,motion
2014958,-4948135,-5283947,motion
2014966,-4821600,-531466,motion
2014974,-315301,-4697615,motion
2014982,-5294322,-5013358,motion
2014990,-87740,-53471,motion
2014998,-4996521,-5279866,motion
2015006,-4681458,-352717,motion
2015014,-384266,-4721170,motion
2015022,-5292111,-4937505,motion
2015030,-33827,-115803,motion
2015038,-5053751,-5276635,motion
2015047,-4555518,-224395,motion
2015055,-525853,-4798129,motion
2015063,-5288964,-4913270,motion
2015071,-24473,-222355,motion
2015079,-5156307,-5271617,motion
2015087,-4441142,-168696,motion
2015095,-647287,-4869730,motion
2015103,-5289134,-4813095,motion
2015111,-19031,-259687,motion
2015119,-5191341,-5269236,motion
2015127,-4228294,-80258,motion
2015135,-772121,-4888864,motion
2015143,-5286924,-4669723,motion
2015151,-13333,-357054,motion
2015159,-5233520,-5269066,motion
2015167,-4002520,-26429,motion
2015175,-928845,-4958255,motion
2015183,-5285563,-4565892,motion
2015191,-8316,-497280,motion
2015199,-5268641,-5266939,motion
2015207,-3788565,-21582,motion
2015215,-1115162,-5063191,motion
2015223,-5280545,-4373538,motion
2015231,-7041,-572708,motion
2015239,-5282501,-5265750,motion
2015247,-3509219,-19456,motion
2015255,-1280900,-5082494,motion
2015263,-5275954,-4159499,motion
2015271,-4149,-748056,motion
2015279,-5292791,-5262858,motion
2015287,-3280383,-18521,motion
2015295,-1575384,-5136238,motion
2015303,-5267110,-4075992,motion
2015311,-6276,-952571,motion
2015319,-5313711,-5258861,motion
2015327,-3102740,-20476,motion
2015336,-1841976,-5172039,motion
2015343,-5254270,-3871562,motion
2015351,-7125,-1050108,motion
2015360,-5321959,-5252314,motion
2015368,-2825688,-19626,motion
2015376,-2086629,-5192362,motion
2015384,-5239813,-3658034,motion
2015392,-8146,-1313894,motion
2015400,-5325105,-5248062,motion
2015408,-2612244,-19796,motion
2015416,-2411896,-5218553,motion
2015424,-5229524,-3586517,motion
2015432,-10357,-1652768,motion
2015440,-5331313,-5239728,motion
2015448,-2456626,-19966,motion
2015456,-2700003,-5242960,motion
2015464,-5212091,-3311507,motion
2015472,-10697,-1767568,motion
2015480,-5333609,-5227482,motion
2015488,-2204065,-19115,motion
2015496,-2926542,-5259967,motion
2015504,-5202567,-3049507,motion
2015512,-9677,-2064093,motion
2015520,-5331398,-5222551,motion
2015528,-2001761,-21071,motion
2015536,-3250450,-5272807,motion
2015544,-5184624,-2934451,motion
2015552,-11037,-2411216,motion
2015560,-5329612,-5207329,motion
2015568,-1836873,-23197,motion
2015576,-3567809,-5284287,motion
2015584,-5168467,-2700087,motion
2015592,-11463,-2543619,motion
2015600,-5325871,-5195764,motion
2015608,-1639162,-26174,motion
2015616,-3722152,-5288029,motion
2015624,-5157582,-2446506,motion
2015632,-13503,-2879091,motion
2015640,-5324510,-5185304,motion
2015649,-1440770,-23963,motion
2015657,-3955749,-5292026,motion
2015665,-5143550,-2344972,motion
2015673,-15119,-3205040,motion
2015681,-5319578,-5169657,motion
2015689,-1300714,-23452,motion
2015697,-4131947,-5291941,motion
2015705,-5131475,-2093686,motion
2015713,-20901,-3343905,motion
2015721,-5314306,-5155116,motion
2015729,-1095519,-22943,motion
2015737,-4285609,-5292196,motion
2015745,-5106560,-1820546,motion
2015753,-24303,-3665602,motion
2015761,-5309203,-5147292,motion
2015769,-896446,-23878,motion
2015777,-4482130,-5289645,motion
2015785,-5090913,-1714335,motion
2015793,-31871,-3908298,motion
2015801,-5304696,-5136322,motion
2015809,-804521,-23538,motion
2015817,-4623632,-5286583,motion
2015825,-5060300,-1470533,motion
2015833,-44797,-3991040,motion
2015841,-5300614,-5113533,motion
2015849,-635721,-30511,motion
2015857,-4725422,-5283862,motion
2015865,-5018716,-1215847,motion
2015873,-89356,-4236627,motion
2015881,-5296533,-5106304,motion
2015889,-485206,-32551,motion
2015897,-4821174,-5279526,motion
2015905,-4990144,-1114991,motion
2015913,-167166,-4460276,motion
2015921,-5290750,-5087086,motion
2015929,-411904,-36633,motion
2015937,-4883846,-5277910,motion
2015945,-4925005,-905120,motion
2015953,-228223,-4512744,motion
2015962,-5285733,-5050350,motion
2015970,-280435,-52195,motion
2015978,-4926536,-5274083,motion
2015986,-4851703,-679856,motion
2015994,-337581,-4662750,motion
2016002,-5283608,-5034958,motion
2016010,-182898,-96159,motion
2016018,-5005450,-5269916,motion
2016026,-4794558,-601706,motion
2016034,-448129,-4761053,motion
2016042,-5280971,-4986912,motion
2016050,-131025,-133151,motion
2016058,-5065826,-5264048,motion
2016066,-4664620,-435204,motion
2016074,-558933,-4792686,motion
2016082,-5281141,-4918372,motion
2016090,-69457,-216147,motion
2016098,-5119995,-5263708,motion
2016106,-4538935,-295572,motion
2016114,-711405,-4855785,motion
2016122,-5280121,-4890649,motion
2016130,-41140,-366239,motion
2016138,-5185559,-5258351,motion
2016146,-4436465,-242509,motion
2016154,-884541,-4928662,motion
2016162,-5278165,-4787585,motion
2016170,-38589,-407396,motion
2016178,-5225272,-5256480,motion
2016186,-4249553,-140464,motion
2016194,-990242,-4944563,motion
2016202,-5274168,-4656457,motion
2016210,-31616,-557827,motion
2016218,-5245341,-5257415,motion
2016226,-4085941,-76431,motion
2016234,-1178515,-5023138,motion
2016242,-5271532,-4602968,motion
2016251,-31191,-716252,motion
2016258,-5272553,-5255715,motion
2016266,-3926327,-56532,motion
2016275,-1388982,-5100607,motion
2016283,-5264899,-4442503,motion
2016291,-26685,-804435,motion
2016299,-5289304,-5253333,motion
2016307,-3669854,-48794,motion
2016315,-1545791,-5130710,motion
2016323,-5256396,-4283313,motion
2016331,-20901,-987606,motion
2016339,-5299765,-5251973,motion
2016347,-3468571,-47008,motion
2016355,-1908815,-5164215,motion
2016363,-5250783,-4186115,motion
2016371,-20987,-1207258,motion
2016379,-5317877,-5247467,motion
2016387,-3246878,-38674,motion
2016395,-2207722,-5207244,motion
2016403,-5236071,-3971056,motion
2016411,-20561,-1299608,motion
2016419,-5323830,-5241854,motion
2016427,-2939043,-35953,motion
2016435,-2401947,-5217364,motion
2016443,-5229354,-3710076,motion
2016451,-20901,-1558036,motion
2016459,-5328592,-5238282,motion
2016467,-2654253,-28725,motion
2016475,-2710377,-5247637,motion
2016483,-5220169,-3564152,motion
2016491,-17075,-1874546,motion
2016499,-5328933,-5229949,motion
2016507,-2419464,-27450,motion
2016515,-2972632,-5271447,motion
2016523,-5199760,-3225873,motion
2016531,-13673,-2027357,motion
2016539,-5330973,-5218724,motion
2016547,-2092496,-24303,motion
2016555,-3171195,-5278845,motion
2016563,-5189641,-2895759,motion
2016571,-10782,-2332812,motion
2016579,-5333864,-5213962,motion
2016588,-1783810,-21752,motion
2016596,-3522144,-5291601,motion
2016604,-5173739,-2672621,motion
2016612,-8571,-2704765,motion
2016620,-5334204,-5198315,motion
2016628,-1554975,-20306,motion
2016636,-3767732,-5303421,motion
2016644,-5161494,-2312317,motion
2016652,-6445,-2784530,motion
2016660,-5333780,-5184368,motion
2016668,-1238551,-14268,motion
2016676,-3877430,-5305972,motion
2016684,-5141510,-1966471,motion
2016692,-7976,-3092535,motion
2016700,-5332334,-5173144,motion
2016708,-1002403,-12228,motion
2016716,-4118001,-5308183,motion
2016724,-5126288,-1801753,motion
2016732,-8911,-3459982,motion
2016740,-5328847,-5161154,motion
2016748,-814555,-10102,motion
2016756,-4289181,-5308268,motion
2016764,-5103923,-1480652,motion
2016772,-12483,-3588303,motion
2016780,-5326040,-5142360,motion
2016788,-592438,-10016,motion
2016796,-4427111,-5307928,motion
2016804,-5065826,-1166184,motion
2016812,-17160,-3820115,motion
2016820,-5323745,-5127989,motion
2016828,-431547,-8146,motion
2016836,-4617850,-5306908,motion
2016844,-5038019,-1039223,motion
2016852,-35528,-4074121,motion
2016860,-5318813,-5114638,motion
2016868,-311985,-7891,motion
2016877,-4741834,-5301975,motion
2016884,-4981214,-760726,motion
2016893,-53556,-4138750,motion
2016901,-5314646,-5081984,motion
2016909,-182302,-10527,motion
2016917,-4797619,-5302910,motion
2016925,-4907572,-534187,motion
2016933,-118610,-4331699,motion
2016941,-5310904,-5065061,motion
2016949,-83659,-19201,motion
2016957,-4887674,-5300275,motion
2016965,-4832739,-404080,motion
2016973,-203732,-4568953,motion
2016981,-5309884,-5022287,motion
2016989,-29406,-21412,motion
2016997,-4944223,-5296703,motion
2017005,-4678991,-240127,motion
2017013,-248037,-4601693,motion
2017021,-5309969,-4946519,motion
2017029,-4999,-47688,motion
2017037,-4976962,-5297639,motion
2017045,-4529156,-104493,motion
2017053,-358159,-4734521,motion
2017061,-5306908,-4921519,motion
2017069,-1427,-110871,motion
2017077,-5076627,-5292962,motion
2017085,-4375834,-44372,motion
2017093,-447789,-4816072,motion
2017101,-5309799,-4777975,motion
2017109,2143,-129579,motion
2017117,-5145932,-5292451,motion
2017125,-4031688,-3469,motion
2017133,-542180,-4830103,motion
2017141,-5309884,-4614619,motion
2017149,4015,-211130,motion
2017157,-5185134,-5290750,motion
2017165,-3856681,-2618,motion
2017173,-678835,-4895412,motion
2017181,-5307587,-4547950,motion
2017190,4355,-346169,motion
2017197,-5242790,-5285138,motion
2017206,-3636944,-4234,motion
2017214,-924168,-5002218,motion
2017222,-5294492,-4367670,motion
2017230,1208,-438265,motion
2017238,-5269916,-5276889,motion
2017246,-3568829,-12312,motion
2017254,-1110060,-5035468,motion
2017262,-5284627,-4291902,motion
2017270,-4829,-601706,motion
2017278,-5282842,-5269491,motion
2017286,-3529542,-21327,motion
2017294,-1364662,-5097971,motion
2017302,-5276635,-4285694,motion
2017310,-11037,-851291,motion
2017318,-5297553,-5262603,motion
2017326,-3435151,-29916,motion
2017334,-1743333,-5147207,motion
2017342,-5265664,-4153121,motion
2017350,-19201,-1046877,motion
2017358,-5326126,-5249082,motion
2017366,-3560240,-97095,motion
2017374,-2500165,-5192107,motion
2017382,-5215748,-4507302,motion
2017390,-424744,-2070216,motion
2017398,-5231309,-5188110,motion
2017406,-4506791,-1832452,motion
2017414,-3507942,-5174079,motion
2017422,-5171358,-4863353,motion
2017430,-1608293,-2754002,motion
2017438,-5190152,-5174249,motion
2017446,-4744725,-2526016,motion
2017454,-3932449,-5205798,motion
2017462,-5163620,-4913950,motion
2017470,-2177108,-3254616,motion
2017478,-5219149,-5155966,motion
2017486,-4747277,-2804514,motion
2017494,-4105160,-5192532,motion
2017503,-5146187,-4906127,motion
2017511,-2333917,-3546039,motion
2017519,-5215832,-5147122,motion
2017527,-4785118,-3146279,motion
2017535,-4325406,-5186154,motion
2017543,-5137088,-4923049,motion
2017551,-2763866,-3863058,motion
2017559,-5202991,-5134537,motion
2017567,-4796514,-3339909,motion
2017575,-4410784,-5178246,motion
2017583,-5127479,-4918457,motion
2017591,-2847287,-4071060,motion
2017599,-5198315,-5127989,motion
2017607,-4806378,-3521293,motion
2017615,-4491399,-5173058,motion
2017623,-5120080,-4915565,motion
2017631,-2974078,-4256016,motion
2017639,-5189641,-5120676,motion
2017647,-4796088,-3564492,motion
2017655,-4528816,-5167957,motion
2017663,-5113533,-4909018,motion
2017671,-3031308,-4415461,motion
2017679,-5184538,-5114638,motion
2017687,-4789965,-3652251,motion
2017695,-4568699,-5163959,motion
2017703,-5106560,-4899154,motion
2017711,-3051802,-4534344,motion
2017719,-5178246,-5108600,motion
2017727,-4777975,-3625635,motion
2017735,-4590808,-5161408,motion
2017743,-5101542,-4892605,motion
2017751,-3084457,-4653735,motion
2017759,-5173144,-5102733,motion
2017767,-4767430,-3669344,motion
2017775,-4610452,-5159028,motion
2017783,-5094229,-4878915,motion
2017791,-3091430,-4738603,motion
2017800,-5169402,-5097376,motion
2017808,-4746681,-3646979,motion
2017816,-4637749,-5156391,motion
2017824,-5086491,-4863523,motion
2017832,-3096787,-4807908,motion
2017840,-5165915,-5092699,motion
2017848,-4728058,-3622403,motion
2017856,-4676526,-5152905,motion
2017864,-5079262,-4849491,motion
2017872,-3134204,-4875513,motion
2017880,-5161919,-5087256,motion
2017888,-4705779,-3602759,motion
2017896,-4713772,-5150014,motion
2017904,-5070164,-4832569,motion
2017912,-3173066,-4928066,motion
2017920,-5158092,-5082664,motion
2017928,-4678482,-3556924,motion
2017936,-4742344,-5146272,motion
2017944,-5060554,-4812585,motion
2017952,-3219156,-4976197,motion
2017960,-5153925,-5076797,motion
2017968,-4653565,-3529882,motion
2017976,-4767090,-5144146,motion
2017984,-5049839,-4788435,motion
2017992,-3271368,-5007916,motion
2018000,-5150439,-5068888,motion
2018008,-4616829,-3492976,motion
2018016,-4798809,-5141935,motion
2018024,-5042441,-4770917,motion
2018032,-3324262,-5033683,motion
2018040,-5147462,-5060554,motion
2018048,-4576777,-3469676,motion
2018056,-4833080,-5139043,motion
2018064,-5032832,-4747958,motion
2018072,-3389656,-5058003,motion
2018080,-5144741,-5051115,motion
2018088,-4519036,-3440168,motion
2018096,-4873217,-5136068,motion
2018105,-5023563,-4721000,motion
2018113,-3447821,-5069143,motion
2018121,-5145166,-5044227,motion
2018129,-4430343,-3427667,motion
2018137,-4902045,-5132581,motion
2018145,-5013019,-4686050,motion
2018153,-3534219,-5084280,motion
2018161,-5144486,-5034873,motion
2018169,-4329913,-3407684,motion
2018177,-4943117,-5131051,motion
2018185,-5006811,-4653991,motion
2018193,-3621723,-5095590,motion
2018201,-5143976,-5025264,motion
2018209,-4215453,-3401560,motion
2018217,-4978408,-5128499,motion
2018225,-4997457,-4601183,motion
2018233,-3705059,-5106049,motion
2018241,-5141850,-5017696,motion
2018249,-4100398,-3414317,motion
2018257,-5009957,-5127904,motion
2018265,-4986486,-4531792,motion
2018273,-3831169,-5115999,motion
2018281,-5140659,-5012338,motion
2018289,-3992996,-3480391,motion
2018297,-5056728,-5126628,motion
2018305,-4978068,-4490975,motion
2018313,-3944439,-5127223,motion
2018321,-5136578,-5002899,motion
2018329,-3933214,-3534049,motion
2018337,-5077987,-5124927,motion
2018345,-4967779,-4446925,motion
2018353,-4042743,-5130540,motion
2018361,-5132070,-4996436,motion
2018369,-3887974,-3691113,motion
2018377,-5098225,-5123057,motion
2018385,-4958935,-4420054,motion
2018393,-4150060,-5135728,motion
2018401,-5127139,-4994226,motion
2018410,-3851918,-3817223,motion
2018417,-5126883,-5121016,motion
2018426,-4947540,-4381446,motion
2018434,-4238669,-5139554,motion
2018442,-5121781,-4987507,motion
2018450,-3805658,-3927262,motion
2018458,-5142020,-5117699,motion
2018466,-4936485,-4333911,motion
2018474,-4323621,-5139639,motion
2018482,-5117445,-4980279,motion
2018490,-3761014,-4036024,motion
2018498,-5155031,-5114383,motion
2018506,-4921773,-4259588,motion
2018514,-4381531,-5140234,motion
2018522,-5112852,-4970925,motion
2018530,-3690858,-4132457,motion
2018538,-5158603,-5110046,motion
2018546,-4906552,-4187050,motion
2018554,-4432469,-5139554,motion
2018562,-5107580,-4961996,motion
2018570,-3609732,-4239264,motion
2018578,-5159793,-5105795,motion
2018586,-4890054,-4119531,motion
2018594,-4473797,-5139894,motion
2018602,-5103328,-4950771,motion
2018610,-3532178,-4336632,motion
2018618,-5159538,-5101883,motion
2018626,-4870666,-4052097,motion
2018634,-4486807,-5139043,motion
2018642,-5098821,-4937675,motion
2018650,-3443910,-4422775,motion
2018658,-5158347,-5097631,motion
2018666,-4852638,-3998778,motion
2018674,-4499563,-5138024,motion
2018682,-5092189,-4926280,motion
2018690,-3357172,-4509937,motion
2018698,-5155541,-5092273,motion
2018706,-4830868,-3940698,motion
2018714,-4537319,-5137428,motion
2018722,-5087001,-4912674,motion
2018731,-3269923,-4596590,motion
2018739,-5152139,-5088872,motion
2018747,-4806548,-3859997,motion
2018755,-4565382,-5136917,motion
2018763,-5083684,-4897708,motion
2018771,-3206571,-4661219,motion
2018779,-5150353,-5084110,motion
2018787,-4782142,-3788565,motion
2018795,-4601183,-5136578,motion
2018803,-5077477,-4881211,motion
2018811,-3147554,-4728909,motion
2018819,-5148228,-5079262,motion
2018827,-4754845,-3717900,motion
2018835,-4658838,-5134537,motion
2018843,-5071439,-4864374,motion
2018851,-3146789,-4791241,motion
2018859,-5145676,-5075436,motion
2018867,-4726782,-3647149,motion
2018875,-4667682,-5131986,motion
2018883,-5063191,-4848642,motion
2018891,-3115070,-4851957,motion
2018899,-5142615,-5070504,motion
2018907,-4699146,-3597316,motion
2018915,-4707140,-5130370,motion
2018923,-5054262,-4827552,motion
2018931,-3141432,-4905361,motion
2018939,-5139639,-5066166,motion
2018947,-4667427,-3529967,motion
2018955,-4736647,-5127819,motion
2018963,-5046864,-4806718,motion
2018971,-3156313,-4941842,motion
2018979,-5135728,-5060214,motion
2018987,-4637408,-3476479,motion
2018995,-4760117,-5125523,motion
2019003,-5037509,-4784694,motion
2019011,-3193560,-4975602,motion
2019019,-5132921,-5053751,motion
2019028,-4607135,-3437957,motion
2019035,-4784438,-5123311,motion
2019044,-5028920,-4764199,motion
2019052,-3262779,-5007151,motion
2019060,-5130880,-5047459,motion
2019068,-4572355,-3421799,motion
2019076,-4809864,-5121101,motion
2019084,-5019736,-4745576,motion
2019092,-3301472,-5028325,motion
2019100,-5127734,-5039125,motion
2019108,-4528816,-3415166,motion
2019116,-4840307,-5117529,motion
2019124,-5011318,-4723977,motion
2019132,-3373329,-5046948,motion
2019140,-5126798,-5031897,motion
2019148,-4459511,-3400285,motion
2019156,-4887674,-5115489,motion
2019164,-5002899,-4703142,motion
2019172,-3474013,-5061745,motion
2019180,-5126458,-5024669,motion
2019188,-4388674,-3408789,motion
2019196,-4912844,-5112427,motion
2019204,-4995841,-4684604,motion
2019212,-3564067,-5072629,motion
2019220,-5125863,-5015570,motion
2019228,-4314692,-3443059,motion
2019236,-4961996,-5110216,motion
2019244,-4988612,-4656712,motion
2019252,-3692558,-5084025,motion
2019260,-5124502,-5009192,motion
2019268,-4238158,-3481751,motion
2019276,-4979174,-5109196,motion
2019284,-4983085,-4633326,motion
2019292,-3781678,-5093804,motion
2019300,-5121951,-5000858,motion
2019308,-4156268,-3542978,motion
2019316,-5010893,-5108770,motion
2019324,-4973476,-4592254,motion
2019333,-3879555,-5102478,motion
2019341,-5119145,-4994140,motion
2019349,-4060175,-3628100,motion
2019357,-5044397,-5107495,motion
2019365,-4965738,-4548120,motion
2019373,-3978029,-5110301,motion
2019381,-5115913,-4989038,motion
2019389,-4003455,-3647659,motion
2019397,-5062935,-5106474,motion
2019405,-4954002,-4481960,motion
2019413,-4054137,-5113363,motion
2019421,-5111917,-4980449,motion
2019429,-3932279,-3728359,motion
2019437,-5090062,-5104858,motion
2019445,-4940821,-4422179,motion
2019453,-4148784,-5117445,motion
2019461,-5107750,-4972796,motion
2019469,-3841714,-3809825,motion
2019477,-5108005,-5102137,motion
2019485,-4929767,-4360697,motion
2019493,-4230845,-5121101,motion
2019501,-5104434,-4967014,motion
2019509,-3773940,-3906513,motion
2019517,-5123142,-5100352,motion
2019525,-4916501,-4290456,motion
2019533,-4292837,-5121696,motion
2019541,-5100692,-4958169,motion
2019549,-3696045,-3991890,motion
2019557,-5135132,-5096610,motion
2019565,-4901705,-4217664,motion
2019573,-4346156,-5122462,motion
2019581,-5096015,-4949326,motion
2019589,-3608201,-4081349,motion
2019597,-5141510,-5092103,motion
2019605,-4884697,-4109412,motion
2019613,-4382041,-5122462,motion
2019621,-5091763,-4938270,motion
2019630,-3519848,-4200487,motion
2019638,-5143296,-5089297,motion
2019646,-4867179,-4041807,motion
2019653,-4426771,-5121441,motion
2019662,-5086065,-4926196,motion
2019670,-3439063,-4264605,motion
2019678,-5143296,-5084790,motion
2019686,-4851107,-4004816,motion
2019694,-4475243,-5121781,motion
2019702,-5082239,-4912674,motion
2019710,-3344075,-4366990,motion
2019718,-5140745,-5080879,motion
2019726,-4829593,-3934915,motion
2019734,-4486552,-5121611,motion
2019742,-5076286,-4900089,motion
2019750,-3263546,-4460105,motion
2019758,-5138194,-5076541,motion
2019766,-4807228,-3877685,motion
2019774,-4506451,-5120761,motion
2019782,-5072120,-4886738,motion
2019790,-3193984,-4541571,motion
2019798,-5136238,-5071950,motion
2019806,-4784694,-3816543,motion
2019814,-4532558,-5120080,motion
2019822,-5068122,-4873982,motion
2019830,-3137265,-4629840,motion
2019838,-5133346,-5067952,motion
2019846,-4760032,-3745963,motion
2019854,-4567592,-5119315,motion
2019862,-5060639,-4860206,motion
2019870,-3130802,-4707819,motion
2019878,-5130625,-5062680,motion
2019886,-4739623,-3701147,motion
2019894,-4604924,-5117529,motion
2019902,-5052731,-4843028,motion
2019910,-3113539,-4776954,motion
2019918,-5127819,-5058003,motion
2019926,-4718024,-3652081,motion
2019934,-4642425,-5115829,motion
2019943,-5043377,-4823556,motion
2019951,-3134034,-4839967,motion
2019959,-5125097,-5054772,motion
2019967,-4694213,-3585327,motion
2019975,-4704758,-5112852,motion
2019983,-5036659,-4808674,motion
2019991,-3148405,-4884017,motion
2019999,-5121951,-5049159,motion
2020007,-4672784,-3558540,motion
2020015,-4738773,-5110556,motion
2020023,-5028411,-4793112,motion
2020031,-3203934,-4929511,motion
2020039,-5118380,-5043036,motion
2020047,-4651610,-3538896,motion
2020055,-4754505,-5107921,motion
2020063,-5019736,-4776359,motion
2020071,-3269582,-4967693,motion
2020079,-5114468,-5035128,motion
2020087,-4632221,-3545699,motion
2020095,-4756971,-5105454,motion
2020103,-5009617,-4760287,motion
2020111,-3344756,-4997541,motion
2020119,-5112087,-5028665,motion
2020127,-4614278,-3548930,motion
2020135,-4792942,-5101713,motion
2020143,-5001708,-4748467,motion
2020151,-3435831,-5020161,motion
2020159,-5110471,-5021692,motion
2020167,-4577627,-3574356,motion
2020175,-4846856,-5099332,motion
2020183,-4995075,-4739708,motion
2020191,-3551142,-5035468,motion
2020199,-5109451,-5014124,motion
2020207,-4538935,-3604630,motion
2020215,-4869561,-5095334,motion
2020223,-4989038,-4729589,motion
2020231,-3624784,-5048989,motion
2020239,-5107921,-5006725,motion
2020247,-4491654,-3645788,motion
2020255,-4914630,-5093634,motion
2020264,-4980790,-4717429,motion
2020272,-3761269,-5059619,motion
2020280,-5106560,-4999583,motion
2020288,-4449050,-3699447,motion
2020296,-4944308,-5091168,motion
2020304,-4975432,-4705354,motion
2020312,-3826408,-5070504,motion
2020320,-5104349,-4991674,motion
2020328,-4364693,-3745537,motion
2020336,-4984446,-5090317,motion
2020344,-4968374,-4683243,motion
2020352,-3944610,-5079177,motion
2020360,-5101457,-4985211,motion
2020368,-4294112,-3828959,motion
2020376,-5009277,-5089127,motion
2020384,-4960635,-4653735,motion
2020392,-4028201,-5088617,motion
2020400,-5098225,-4978578,motion
2020408,-4218344,-3865695,motion
2020416,-5038275,-5088107,motion
2020424,-4949750,-4606370,motion
2020432,-4115960,-5095080,motion
2020440,-5094739,-4973136,motion
2020448,-4133137,-3953369,motion
2020456,-5069824,-5085470,motion
2020464,-4940737,-4572100,motion
2020472,-4178887,-5097631,motion
2020480,-5090147,-4966333,motion
2020488,-4056944,-3997418,motion
2020496,-5087851,-5084449,motion
2020504,-4928831,-4527370,motion
2020512,-4254740,-5102137,motion
2020520,-5086661,-4959955,motion
2020528,-4003965,-4073866,motion
2020536,-5105624,-5081898,motion
2020544,-4916842,-4459255,motion
2020552,-4311716,-5102563,motion
2020561,-5082834,-4951281,motion
2020569,-3914336,-4166302,motion
2020577,-5118720,-5078837,motion
2020585,-4903150,-4385953,motion
2020593,-4359846,-5103158,motion
2020601,-5076967,-4940991,motion
2020609,-3850048,-4227784,motion
2020617,-5121781,-5073565,motion
2020625,-4888779,-4335016,motion
2020633,-4397689,-5103923,motion
2020641,-5073055,-4933934,motion
2020649,-3776320,-4328043,motion
2020657,-5122887,-5070248,motion
2020665,-4873982,-4288670,motion
2020673,-4444544,-5102818,motion
2020681,-5067698,-4924069,motion
2020689,-3720196,-4415546,motion
2020697,-5122292,-5065571,motion
2020705,-4861227,-4262053,motion
2020713,-4471161,-5102307,motion
2020721,-5062595,-4913865,motion
2020729,-3655482,-4525074,motion
2020737,-5120761,-5062085,motion
2020745,-4850002,-4237223,motion
2020753,-4489019,-5101372,motion
2020761,-5057238,-4904766,motion
2020769,-3608797,-4600418,motion
2020777,-5116764,-5057323,motion
2020785,-4837076,-4218004,motion
2020793,-4522778,-5099586,motion
2020801,-5052136,-4894647,motion
2020809,-3563132,-4668532,motion
2020817,-5113277,-5052986,motion
2020825,-4822619,-4192067,motion
2020833,-4564191,-5098225,motion
2020841,-5048819,-4886398,motion
2020849,-3520528,-4740644,motion
2020857,-5110982,-5049329,motion
2020865,-4808674,-4163495,motion
2020873,-4613258,-5098225,motion
2020882,-5043887,-4877469,motion
2020890,-3488894,-4811225,motion
2020898,-5108600,-5045248,motion
2020906,-4794472,-4113834,motion
2020914,-4642341,-5097036,motion
2020922,-5037254,-4863353,motion
2020930,-3486684,-4847026,motion
2020938,-5105454,-5041676,motion
2020946,-4777805,-4064938,motion
2020954,-4665131,-5094569,motion
2020962,-5031727,-4854508,motion
2020970,-3464063,-4883846,motion
2020978,-5103753,-5038275,motion
2020986,-4764539,-4015275,motion
2020994,-4694723,-5091422,motion
2021002,-5023648,-4841072,motion
2021010,-3491701,-4921859,motion
2021018,-5099927,-5033683,motion
2021026,-4749998,-3960512,motion
2021034,-4713432,-5089892,motion
2021042,-5016420,-4827297,motion
2021050,-3526821,-4951111,motion
2021058,-5097290,-5029686,motion
2021066,-4735117,-3919694,motion
2021074,-4741749,-5087851,motion
2021082,-5008002,-4813946,motion
2021090,-3566788,-4975772,motion
2021098,-5095080,-5024159,motion
2021106,-4722191,-3904216,motion
2021114,-4773128,-5085810,motion
2021122,-4999497,-4802126,motion
2021130,-3620957,-4996436,motion
2021138,-5091848,-5017526,motion
2021146,-4706799,-3901155,motion
2021154,-4807908,-5084195,motion
2021162,-4994735,-4793197,motion
2021170,-3680568,-5011403,motion
2021179,-5090062,-5011318,motion
2021187,-4689876,-3905152,motion
2021195,-4849066,-5081644,motion
2021203,-4987082,-4784864,motion
2021211,-3739925,-5023138,motion
2021219,-5089297,-5003834,motion
2021227,-4660029,-3913400,motion
2021235,-4875003,-5079262,motion
2021243,-4979344,-4772703,motion
2021251,-3802937,-5033683,motion
2021259,-5089892,-4996776,motion
2021267,-4621336,-3924711,motion
2021275,-4908762,-5076881,motion
2021283,-4974241,-4765134,motion
2021291,-3900220,-5045248,motion
2021299,-5088957,-4989378,motion
2021307,-4577457,-3956004,motion
2021315,-4938866,-5074671,motion
2021323,-4968459,-4752209,motion
2021331,-3933554,-5055027,motion
2021339,-5087426,-4983000,motion
2021347,-4525925,-3989084,motion
2021355,-4968969,-5072715,motion
2021363,-4961060,-4732905,motion
2021371,-4003795,-5063871,motion
2021379,-5086235,-4977558,motion
2021387,-4468354,-4011108,motion
2021395,-4999668,-5072629,motion
2021403,-4953662,-4712241,motion
2021411,-4075992,-5070164,motion
2021419,-5083344,-4971775,motion
2021427,-4402536,-4075992,motion
2021435,-5032747,-5072545,motion
2021443,-4947029,-4691152,motion
2021451,-4148614,-5078157,motion
2021459,-5080368,-4964972,motion
2021467,-4327533,-4107201,motion
2021475,-5053156,-5070589,motion
2021483,-4939972,-4662240,motion
2021492,-4195384,-5081984,motion
2021500,-5077222,-4961656,motion
2021508,-4256271,-4155672,motion
2021516,-5074501,-5069228,motion
2021524,-4929597,-4626949,motion
2021532,-4254061,-5084705,motion
2021540,-5072290,-4955873,motion
2021548,-4189517,-4218004,motion
2021556,-5085300,-5068038,motion
2021564,-4920753,-4591573,motion
2021572,-4310270,-5086065,motion
2021580,-5068888,-4949666,motion
2021588,-4123272,-4270388,motion
2021596,-5097631,-5064636,motion
2021604,-4907913,-4545994,motion
2021612,-4346921,-5086661,motion
2021620,-5065742,-4941928,motion
2021628,-4057539,-4325492,motion
2021636,-5102818,-5061915,motion
2021644,-4896857,-4501094,motion
2021652,-4411804,-5087001,motion
2021660,-5061319,-4933764,motion
2021668,-3985342,-4383487,motion
2021676,-5105539,-5057918,motion
2021684,-4884697,-4453132,motion
2021692,-4452027,-5087171,motion
2021700,-5056558,-4926450,motion
2021708,-3914677,-4464528,motion
2021716,-5106560,-5054942,motion
2021724,-4873727,-4419117,motion
2021732,-4466994,-5086916,motion
2021740,-5051030,-4914375,motion
2021748,-3837377,-4532302,motion
2021756,-5106304,-5051371,motion
2021764,-4860206,-4362058,motion
2021772,-4500243,-5087341,motion
2021780,-5047713,-4905106,motion
2021788,-3753701,-4594125,motion
2021797,-5104263,-5048224,motion
2021804,-4846940,-4327362,motion
2021813,-4504155,-5086575,motion
2021821,-5043207,-4895667,motion
2021829,-3676657,-4652375,motion
2021837,-5102053,-5043801,motion
2021845,-4831124,-4280252,motion
2021853,-4546248,-5086235,motion
2021861,-5039891,-4884357,motion
2021869,-3638220,-4718449,motion
2021877,-5099757,-5040400,motion
2021885,-4814286,-4241985,motion
2021893,-4581539,-5086065,motion
2021901,-5036063,-4875854,motion
2021909,-3539831,-4778231,motion
2021917,-5098311,-5036744,motion
2021925,-4799235,-4174551,motion
2021933,-4622102,-5085896,motion
2021941,-5030536,-4865139,motion
2021949,-3509984,-4819048,motion
2021957,-5095845,-5032492,motion
2021965,-4782227,-4107456,motion
2021973,-4651610,-5083940,motion
2021981,-5023053,-4849066,motion
2021989,-3479540,-4857315,motion
2021997,-5093549,-5029601,motion
2022005,-4767006,-4049800,motion
2022013,-4669383,-5082579,motion
2022021,-5016420,-4836906,motion
2022029,-3486854,-4898133,motion
2022037,-5091168,-5025604,motion
2022045,-4748977,-3989084,motion
2022053,-4689196,-5080623,motion
2022061,-5010977,-4824831,motion
2022069,-3512194,-4924920,motion
2022077,-5088701,-5020501,motion
2022085,-4734266,-3937041,motion
2022093,-4717853,-5078327,motion
2022102,-5002304,-4812585,motion
2022110,-3538896,-4955278,motion
2022118,-5085640,-5015910,motion
2022126,-4719044,-3894438,motion
2022134,-4771428,-5076797,motion
2022142,-4993885,-4797704,motion
2022150,-3581075,-4974327,motion
2022158,-5082919,-5010212,motion
2022166,-4704163,-3897243,motion
2022174,-4780271,-5074585,motion
2022182,-4987337,-4788860,motion
2022190,-3637115,-4994310,motion
2022198,-5080709,-5002729,motion
2022206,-4688176,-3898178,motion
2022214,-4815562,-5072374,motion
2022222,-4980109,-4779166,motion
2022230,-3692048,-5005535,motion
2022238,-5078327,-4996861,motion
2022246,-4664110,-3903451,motion
2022254,-4851787,-5069994,motion
2022262,-4973901,-4766750,motion
2022270,-3759738,-5018545,motion
2022278,-5078923,-4989803,motion
2022286,-4633582,-3907023,motion
2022294,-4883676,-5067187,motion
2022302,-4968203,-4757822,motion
2022310,-3870967,-5031046,motion
2022318,-5078327,-4983681,motion
2022326,-4595315,-3931599,motion
2022334,-4932403,-5065231,motion
2022342,-4960295,-4748723,motion
2022350,-3901750,-5040656,motion
2022358,-5077562,-4977473,motion
2022366,-4553051,-3962807,motion
2022374,-4944478,-5063105,motion
2022382,-4955023,-4735541,motion
2022390,-3964338,-5050350,motion
2022398,-5075691,-4970329,motion
2022407,-4491484,-4022418,motion
2022414,-4983255,-5062510,motion
2022423,-4946859,-4714537,motion
2022431,-4040871,-5057833,motion
2022439,-5074245,-4964122,motion
2022447,-4426771,-4036450,motion
2022455,-5016675,-5062340,motion
2022463,-4941672,-4694979,motion
2022471,-4111198,-5064721,motion
2022479,-5071354,-4958255,motion
2022487,-4362568,-4086196,motion
2022495,-5039295,-5061235,motion
2022503,-4934614,-4668192,motion
2022511,-4159073,-5072290,motion
2022519,-5068888,-4954257,motion
2022527,-4283653,-4141131,motion
2022535,-5054006,-5060639,motion
2022543,-4924664,-4633667,motion
2022551,-4220556,-5074755,motion
2022559,-5064636,-4948390,motion
2022567,-4210691,-4179652,motion
2022575,-5069483,-5058854,motion
2022583,-4914120,-4595741,motion
2022591,-4281527,-5075181,motion
2022599,-5060809,-4942437,motion
2022607,-4159754,-4247172,motion
2022615,-5081133,-5056558,motion
2022623,-4904681,-4559344,motion
2022631,-4332209,-5076967,motion
2022639,-5056813,-4936740,motion
2022647,-4087301,-4283823,motion
2022655,-5090573,-5054176,motion
2022663,-4894391,-4523799,motion
2022671,-4364269,-5077051,motion
2022679,-5052731,-4929257,motion
2022687,-4024714,-4355339,motion
2022695,-5095675,-5050690,motion
2022703,-4880530,-4472691,motion
2022711,-4420733,-5077222,motion
2022720,-5049074,-4920923,motion
2022728,-3949287,-4435870,motion
2022736,-5096525,-5046608,motion
2022744,-4869135,-4407042,motion
2022752,-4426346,-5076456,motion
2022760,-5043632,-4910039,motion
2022768,-3876580,-4499308,motion
2022776,-5096695,-5044057,motion
2022784,-4856464,-4386209,motion
2022792,-4453898,-5077392,motion
2022800,-5039975,-4901620,motion
2022808,-3794519,-4564106,motion
2022816,-5095334,-5039465,motion
2022824,-4842604,-4353554,motion
2022832,-4487147,-5077307,motion
2022840,-5035298,-4888439,motion
2022848,-3708885,-4621336,motion
2022856,-5093124,-5036574,motion
2022864,-4828487,-4301426,motion
2022872,-4527370,-5077392,motion
2022880,-5032577,-4880955,motion
2022888,-3634989,-4683329,motion
2022896,-5090998,-5032747,motion
2022904,-4813606,-4250403,motion
2022912,-4564191,-5076456,motion
2022920,-5028241,-4871686,motion
2022928,-3565427,-4733075,motion
2022936,-5089892,-5029090,motion
2022944,-4796598,-4171574,motion
2022952,-4604839,-5077222,motion
2022960,-5024243,-4860632,motion
2022968,-3506667,-4791156,motion
2022976,-5086575,-5024924,motion
2022984,-4779676,-4131436,motion
2022992,-4629925,-5075776,motion
2023000,-5018291,-4847026,motion
2023008,-3475204,-4830018,motion
2023016,-5085215,-5021267,motion
2023024,-4764285,-4067403,motion
2023032,-4650844,-5074671,motion
2023041,-5011318,-4835546,motion
2023049,-3474267,-4871261,motion
2023057,-5083600,-5018036,motion
2023065,-4747787,-3992826,motion
2023073,-4674655,-5071694,motion
2023081,-5004430,-4822110,motion
2023089,-3491615,-4908848,motion
2023097,-5080368,-5014379,motion
2023105,-4733585,-3949797,motion
2023113,-4699911,-5071013,motion
2023121,-4997287,-4809013,motion
2023129,-3550716,-4936400,motion
2023137,-5078157,-5009362,motion
2023145,-4716238,-3913656,motion
2023153,-4727803,-5068292,motion
2023161,-4989378,-4797619,motion
2023169,-3557264,-4958679,motion
2023177,-5074841,-5004939,motion
2023185,-4703652,-3898689,motion
2023193,-4784694,-5066592,motion
2023201,-4981299,-4783673,motion
2023209,-3628951,-4980194,motion
2023217,-5072969,-4997457,motion
2023225,-4685199,-3887465,motion
2023233,-4799149,-5064977,motion
2023241,-4973731,-4773383,motion
2023249,-3678528,-4993885,motion
2023257,-5070674,-4990228,motion
2023265,-4664025,-3890015,motion
2023273,-4831634,-5062256,motion
2023281,-4966503,-4762839,motion
2023289,-3744602,-5007661,motion
2023297,-5070248,-4983681,motion
2023305,-4638514,-3894182,motion
2023313,-4861737,-5060214,motion
2023321,-4960891,-4752294,motion
2023329,-3800726,-5017270,motion
2023338,-5069738,-4976452,motion
2023346,-4603734,-3910849,motion
2023354,-4901450,-5057323,motion
2023362,-4953322,-4741749,motion
2023370,-3864674,-5029346,motion
2023378,-5067952,-4970840,motion
2023386,-4559429,-3942994,motion
2023394,-4925940,-5055282,motion
2023402,-4947029,-4730950,motion
2023410,-3934320,-5037339,motion
2023418,-5068463,-4964632,motion
2023426,-4503985,-3969866,motion
2023434,-4954853,-5053751,motion
2023442,-4940226,-4711816,motion
2023450,-4004476,-5045673,motion
2023458,-5065571,-4957574,motion
2023466,-4443778,-4014255,motion
2023474,-4985126,-5053071,motion
2023482,-4934614,-4692002,motion
2023490,-4073271,-5053411,motion
2023498,-5063531,-4951962,motion
2023506,-4377620,-4059920,motion
2023514,-5018121,-5052646,motion
2023522,-4925940,-4669213,motion
2023530,-4128970,-5060470,motion
2023538,-5060300,-4946434,motion
2023546,-4304997,-4111792,motion
2023554,-5037679,-5052220,motion
2023562,-4919137,-4643531,motion
2023570,-4190283,-5064891,motion
2023578,-5057493,-4942098,motion
2023586,-4229399,-4153205,motion
2023594,-5058003,-5050775,motion
2023602,-4910548,-4600672,motion
2023610,-4255761,-5066847,motion
2023618,-5053071,-4935720,motion
2023626,-4164771,-4218174,motion
2023635,-5070759,-5048564,motion
2023643,-4900599,-4561640,motion
2023651,-4308314,-5067612,motion
2023659,-5049415,-4930872,motion
2023667,-4103374,-4266135,motion
2023675,-5081474,-5046353,motion
2023683,-4889460,-4515380,motion
2023691,-4339183,-5068208,motion
2023699,-5046098,-4922198,motion
2023707,-4042827,-4337737,motion
2023715,-5086916,-5042782,motion
2023723,-4875598,-4484851,motion
2023731,-4381957,-5068888,motion
2023739,-5041847,-4913100,motion
2023747,-3967059,-4393777,motion
2023755,-5089382,-5039550,motion
2023763,-4864374,-4438931,motion
2023771,-4452452,-5069143,motion
2023779,-5037084,-4904085,motion
2023787,-3907278,-4473627,motion
2023795,-5088701,-5035893,motion
2023803,-4853318,-4395647,motion
2023811,-4453813,-5070334,motion
2023819,-5033512,-4897368,motion
2023827,-3813227,-4534768,motion
2023835,-5088107,-5032747,motion
2023843,-4840137,-4354915,motion
2023851,-4473797,-5070078,motion
2023859,-5028070,-4883506,motion
2023867,-3732952,-4596420,motion
2023875,-5086321,-5028920,motion
2023883,-4825086,-4311630,motion
2023891,-4514445,-5069653,motion
2023899,-5025264,-4875173,motion
2023907,-3654632,-4662410,motion
2023915,-5083684,-5025348,motion
2023923,-4808674,-4255336,motion
2023931,-4544548,-5068803,motion
2023940,-5020757,-4865649,motion
2023948,-3583796,-4715983,motion
2023956,-5081814,-5021862,motion
2023964,-4792857,-4183394,motion
2023972,-4590723,-5068292,motion
2023980,-5017015,-4854424,motion
2023988,-3520953,-4770747,motion
2023996,-5079602,-5018376,motion
2024004,-4776615,-4127695,motion
2024012,-4616489,-5068803,motion
2024020,-5010807,-4841413,motion
2024028,-3498163,-4814286,motion
2024036,-5077392,-5014209,motion
2024044,-4760797,-4081094,motion
2024052,-4656457,-5065912,motion
2024060,-5005705,-4830529,motion
2024068,-3471036,-4852553,motion
2024076,-5075266,-5010723,motion
2024084,-4745661,-4020632,motion
2024092,-4665981,-5064977,motion
2024100,-4997627,-4818368,motion
2024108,-3483452,-4891840,motion
2024116,-5073225,-5006641,motion
2024124,-4727803,-3958216,motion
2024132,-4685880,-5062256,motion
2024140,-4990314,-4803317,motion
2024148,-3505817,-4921263,motion
2024156,-5070164,-5002134,motion
2024164,-4712411,-3916462,motion
2024172,-4713006,-5060214,motion
2024180,-4982405,-4791326,motion
2024188,-3565427,-4947285,motion
2024196,-5068292,-4997457,motion
2024204,-4698465,-3892907,motion
2024212,-4746767,-5059704,motion
2024220,-4975943,-4779506,motion
2024228,-3587452,-4968459,motion
2024236,-5064551,-4991419,motion
2024244,-4683073,-3886189,motion
2024252,-4777891,-5057493,motion
2024261,-4966758,-4768196,motion
2024269,-3645788,-4982660,motion
2024277,-5062425,-4984276,motion
2024285,-4663260,-3885593,motion
2024293,-4818113,-5055707,motion
2024301,-4961146,-4758161,motion
2024309,-3710587,-4996947,motion
2024317,-5062000,-4977558,motion
2024325,-4639364,-3881341,motion
2024333,-4846856,-5052816,motion
2024341,-4952472,-4747277,motion
2024349,-3777596,-5008681,motion
2024357,-5061575,-4971010,motion
2024365,-4606625,-3903706,motion
2024373,-4880785,-5050350,motion
2024381,-4946859,-4739369,motion
2024389,-3851918,-5018886,motion
2024397,-5060554,-4963782,motion
2024405,-4563596,-3940612,motion
2024413,-4913014,-5048479,motion
2024421,-4940396,-4728738,motion
2024429,-3919608,-5031472,motion
2024437,-5060724,-4957234,motion
2024445,-4511723,-3969015,motion
2024453,-4943798,-5046268,motion
2024461,-4934699,-4710880,motion
2024469,-3994016,-5037339,motion
2024477,-5058768,-4950856,motion
2024485,-4450241,-4018082,motion
2024493,-4973901,-5045587,motion
2024501,-4927131,-4692427,motion
2024509,-4069529,-5044738,motion
2024517,-5057407,-4944393,motion
2024525,-4388844,-4058389,motion
2024533,-5008341,-5045248,motion
2024541,-4921689,-4669553,motion
2024549,-4107966,-5052901,motion
2024558,-5054006,-4941247,motion
2024566,-4318858,-4108647,motion
2024574,-5028241,-5045162,motion
2024582,-4912930,-4638089,motion
2024590,-4176251,-5057833,motion
2024598,-5050604,-4935465,motion
2024606,-4265455,-4164856,motion
2024614,-5046608,-5043462,motion
2024622,-4904341,-4601437,motion
2024630,-4251849,-5060214,motion
2024638,-5047459,-4928662,motion
2024646,-4167322,-4215113,motion
2024654,-5062000,-5041931,motion
2024662,-4894221,-4565722,motion
2024670,-4317668,-5059704,motion
2024678,-5044227,-4923389,motion
2024686,-4111878,-4251169,motion
2024694,-5071013,-5039805,motion
2024702,-4884527,-4532217,motion
2024710,-4371072,-5060979,motion
2024718,-5038700,-4916756,motion
2024726,-4044613,-4326257,motion
2024734,-5078242,-5035979,motion
2024742,-4872112,-4487403,motion
2024750,-4371072,-5062425,motion
2024758,-5035044,-4906976,motion
2024766,-3969440,-4402450,motion
2024774,-5081644,-5033937,motion
2024782,-4858420,-4437061,motion
2024790,-4417927,-5062000,motion
2024798,-5029856,-4898984,motion
2024806,-3902431,-4471501,motion
2024814,-5082579,-5029686,motion
2024822,-4846260,-4395903,motion
2024830,-4436635,-5062510,motion
2024838,-5025774,-4888949,motion
2024846,-3825642,-4527030,motion
2024854,-5081218,-5026369,motion
2024862,-4835801,-4356700,motion
2024870,-4501859,-5062256,motion
2024879,-5023393,-4881381,motion
2024887,-3761183,-4594975,motion
2024895,-5079772,-5022798,motion
2024903,-4821430,-4313246,motion
2024911,-4498117,-5062765,motion
2024919,-5018121,-4871006,motion
2024927,-3681078,-4652035,motion
2024935,-5077222,-5019056,motion
2024943,-4803826,-4250403,motion
2024951,-4539020,-5062256,motion
2024959,-5014549,-4860802,motion
2024967,-3589238,-4704333,motion
2024975,-5075011,-5015910,motion
2024983,-4789541,-4205673,motion
2024991,-4575416,-5061575,motion
2024999,-5010127,-4847536,motion
2025007,-3529882,-4757822,motion
2025015,-5072460,-5011403,motion
2025023,-4773638,-4141725,motion
2025031,-4611898,-5061915,motion
2025039,-5005195,-4838437,motion
2025047,-3485238,-4804082,motion
2025055,-5070674,-5006725,motion
2025063,-4757311,-4082030,motion
2025071,-4631371,-5060384,motion
2025079,-4999922,-4825256,motion
2025087,-3483707,-4847026,motion
2025095,-5069143,-5004174,motion
2025103,-4741664,-4022588,motion
2025111,-4656542,-5058174,motion
2025119,-4992610,-4812330,motion
2025127,-3500714,-4881890,motion
2025135,-5066847,-5000603,motion
2025143,-4725337,-3965273,motion
2025151,-4681883,-5056132,motion
2025159,-4985126,-4799915,motion
2025167,-3500630,-4910718,motion
2025176,-5063701,-4997031,motion
2025183,-4709520,-3923010,motion
2025192,-4702802,-5054262,motion
2025200,-4977132,-4787585,motion
2025208,-3532263,-4936144,motion
2025216,-5061575,-4991334,motion
2025224,-4692427,-3884658,motion
2025232,-4734606,-5052816,motion
2025240,-4969140,-4775339,motion
2025248,-3580310,-4958935,motion
2025256,-5059109,-4985551,motion
2025264,-4680693,-3886019,motion
2025272,-4768536,-5051541,motion
2025280,-4961911,-4762073,motion
2025288,-3664667,-4976027,motion
2025296,-5056898,-4979174,motion
2025304,-4663090,-3879896,motion
2025312,-4797959,-5048650,motion
2025320,-4953408,-4752124,motion
2025328,-3700212,-4987933,motion
2025336,-5055367,-4972115,motion
2025344,-4639620,-3880151,motion
2025352,-4833334,-5045843,motion
2025360,-4947370,-4744300,motion
2025368,-3776661,-5000858,motion
2025376,-5055197,-4965738,motion
2025384,-4607391,-3897839,motion
2025392,-4873557,-5044227,motion
2025400,-4942437,-4736817,motion
2025408,-3840779,-5012849,motion
2025416,-5055282,-4959105,motion
2025424,-4567592,-3931853,motion
2025432,-4902810,-5041421,motion
2025440,-4934188,-4723551,motion
2025448,-3908809,-5021692,motion
2025456,-5053921,-4951366,motion
2025464,-4515805,-3957365,motion
2025472,-4933169,-5039805,motion
2025481,-4928917,-4708159,motion
2025489,-3982111,-5030451,motion
2025497,-5052816,-4945838,motion
2025505,-4461211,-3991890,motion
2025513,-4967354,-5040231,motion
2025521,-4924154,-4695319,motion
2025529,-4052181,-5036404,motion
2025537,-5050690,-4940226,motion
2025545,-4391310,-4041637,motion
2025553,-4995926,-5038954,motion
2025561,-4917691,-4671253,motion
2025569,-4130075,-5045078,motion
2025577,-5047969,-4935295,motion
2025585,-4328723,-4096401,motion
2025593,-5018801,-5038275,motion
2025601,-4908762,-4639534,motion
2025609,-4167748,-5050180,motion
2025617,-5045248,-4930787,motion
2025625,-4256611,-4143937,motion
2025633,-5039210,-5037254,motion
2025641,-4900599,-4608496,motion
2025649,-4232461,-5052901,motion
2025657,-5040145,-4924069,motion
2025665,-4190962,-4203889,motion
2025673,-5053497,-5035298,motion
2025681,-4889630,-4569548,motion
2025689,-4288925,-5053581,motion
2025697,-5037594,-4918967,motion
2025705,-4130756,-4261118,motion
2025713,-5062765,-5034363,motion
2025721,-4880190,-4538850,motion
2025729,-4348877,-5055367,motion
2025737,-5032662,-4911229,motion
2025745,-4053627,-4316988,motion
2025753,-5071694,-5030196,motion
2025761,-4868370,-4490634,motion
2025769,-4375664,-5055622,motion
2025777,-5029260,-4904171,motion
2025786,-3986533,-4373622,motion
2025794,-5075436,-5027220,motion
2025802,-4854594,-4441398,motion
2025810,-4400410,-5055197,motion
2025818,-5025519,-4896517,motion
2025826,-3911445,-4445139,motion
2025834,-5076201,-5024499,motion
2025842,-4843624,-4387654,motion
2025850,-4434425,-5056898,motion
2025858,-5021352,-4887163,motion
2025866,-3834230,-4509087,motion
2025874,-5075861,-5020842,motion
2025882,-4832994,-4356785,motion
2025890,-4460616,-5055962,motion
2025898,-5017526,-4876278,motion
2025906,-3754041,-4575246,motion
2025914,-5073820,-5017780,motion
2025922,-4817602,-4316903,motion
2025930,-4510277,-5056047,motion
2025938,-5013444,-4867009,motion
2025946,-3670449,-4632987,motion
2025954,-5071950,-5013784,motion
2025962,-4802210,-4264520,motion
2025970,-4523799,-5055962,motion
2025978,-5009021,-4856805,motion
2025986,-3600208,-4690812,motion
2025994,-5068548,-5009277,motion
2026002,-4786394,-4212647,motion
2026010,-4565892,-5055197,motion
2026018,-5003834,-4845240,motion
2026026,-3533964,-4757396,motion
2026034,-5066337,-5006130,motion
2026042,-4769727,-4150570,motion
2026050,-4610282,-5055622,motion
2026058,-5000518,-4835120,motion
2026066,-3483792,-4791411,motion
2026074,-5064891,-5001623,motion
2026082,-4754420,-4091469,motion
2026090,-4637154,-5054006,motion
2026099,-4995161,-4822705,motion
2026107,-3488980,-4833504,motion
2026115,-5062425,-4999073,motion
2026123,-4738348,-4047760,motion
2026131,-4648888,-5051965,motion
2026139,-4987337,-4809524,motion
2026147,-3502755,-4870581,motion
2026155,-5060895,-4995161,motion
2026163,-4723211,-3965273,motion
2026171,-4675505,-5050690,motion
2026179,-4980024,-4797449,motion
2026187,-3521804,-4908083,motion
2026195,-5058344,-4991079,motion
2026203,-4708500,-3916207,motion
2026211,-4695574,-5048904,motion
2026219,-4972541,-4784694,motion
2026227,-3519338,-4926620,motion
2026235,-5055622,-4986827,motion
2026243,-4692088,-3889505,motion
2026251,-4721340,-5046778,motion
2026259,-4965058,-4772277,motion
2026267,-3565513,-4951026,motion
2026275,-5052731,-4980279,motion
2026283,-4678991,-3877175,motion
2026291,-4751868,-5045418,motion
2026299,-4956639,-4760373,motion
2026307,-3623168,-4966418,motion
2026315,-5051285,-4974496,motion
2026323,-4660708,-3869606,motion
2026331,-4786734,-5043462,motion
2026339,-4950006,-4750423,motion
2026347,-3710587,-4981639,motion
2026355,-5049925,-4968119,motion
2026363,-4642425,-3870967,motion
2026371,-4823640,-5041336,motion
2026379,-4943117,-4741834,motion
2026387,-3752085,-4993375,motion
2026395,-5049329,-4960551,motion
2026403,-4610282,-3890696,motion
2026411,-4855189,-5038870,motion
2026420,-4934699,-4730354,motion
2026428,-3861018,-5003664,motion
2026436,-5048819,-4954343,motion
2026444,-4569548,-3920969,motion
2026452,-4889544,-5036233,motion
2026460,-4931043,-4721851,motion
2026468,-3893161,-5014635,motion
2026476,-5048650,-4947794,motion
2026484,-4520397,-3951413,motion
2026492,-4923475,-5034618,motion
2026500,-4925260,-4709605,motion
2026508,-3959491,-5022627,motion
2026516,-5047118,-4940652,motion
2026524,-4478644,-3984407,motion
2026532,-4950856,-5034107,motion
2026540,-4920073,-4692938,motion
2026548,-4034068,-5031472,motion
2026556,-5045418,-4935804,motion
2026564,-4407042,-4028796,motion
2026572,-4977813,-5033512,motion
2026580,-4912079,-4669213,motion
2026588,-4103289,-5036829,motion
2026596,-5043207,-4930107,motion
2026604,-4343265,-4081689,motion
2026612,-5008426,-5033002,motion
2026620,-4904596,-4642171,motion
2026628,-4147339,-5044397,motion
2026636,-5040400,-4924750,motion
2026644,-4265030,-4130331,motion
2026652,-5029601,-5032322,motion
2026660,-4895667,-4609601,motion
2026668,-4213413,-5047203,motion
2026676,-5035468,-4918712,motion
2026684,-4216388,-4177186,motion
2026692,-5045587,-5030366,motion
2026700,-4886738,-4571930,motion
2026708,-4269962,-5049499,motion
2026717,-5032577,-4913440,motion
2026725,-4127525,-4211457,motion
2026733,-5055537,-5029260,motion
2026741,-4874663,-4540806,motion
2026749,-4316137,-5049755,motion
2026757,-5029006,-4907742,motion
2026765,-4056603,-4276340,motion
2026773,-5065231,-5026795,motion
2026781,-4862842,-4477113,motion
2026789,-4353894,-5050690,motion
2026797,-5024839,-4898984,motion
2026805,-3972076,-4324896,motion
2026813,-5070248,-5023648,motion
2026821,-4850172,-4431278,motion
2026829,-4387739,-5051711,motion
2026837,-5020671,-4890735,motion
2026845,-3887889,-4407297,motion
2026853,-5071609,-5019906,motion
2026861,-4837671,-4377364,motion
2026869,-4405597,-5052476,motion
2026877,-5017526,-4881976,motion
2026885,-3793838,-4460276,motion
2026893,-5071864,-5016760,motion
2026901,-4822790,-4322091,motion
2026909,-4463847,-5052306,motion
2026917,-5013698,-4870156,motion
2026925,-3713308,-4527370,motion
2026933,-5070164,-5013189,motion
2026941,-4808164,-4276510,motion
2026949,-4510447,-5052390,motion
2026957,-5009107,-4859696,motion
2026965,-3627250,-4597526,motion
2026973,-5069059,-5009617,motion
2026981,-4793197,-4220811,motion
2026989,-4532728,-5052731,motion
2026997,-5004939,-4849577,motion
2027005,-3551821,-4648293,motion
2027014,-5066847,-5006046,motion
2027021,-4777040,-4155161,motion
2027029,-4544548,-5052646,motion
2027038,-5000603,-4838692,motion
2027046,-3482856,-4710966,motion
2027054,-5064466,-5001964,motion
2027062,-4759012,-4096571,motion
2027070,-4575162,-5052136,motion
2027078,-4996947,-4827637,motion
2027086,-3423076,-4753740,motion
2027094,-5062680,-4999073,motion
2027102,-4740559,-4019782,motion
2027110,-4597781,-5051711,motion
2027118,-4992610,-4815477,motion
2027126,-3363039,-4789030,motion
2027134,-5061660,-4997371,motion
2027142,-4725422,-3929983,motion
2027150,-4617850,-5050350,motion
2027158,-4988017,-4803571,motion
2027166,-3344245,-4819644,motion
2027174,-5060470,-4994566,motion
2027182,-4706629,-3873603,motion
2027190,-4642085,-5049499,motion
2027198,-4980109,-4787669,motion
2027206,-3348327,-4857571,motion
2027214,-5058514,-4990568,motion
2027222,-4689196,-3812802,motion
2027230,-4655351,-5047629,motion
2027238,-4972456,-4771512,motion
2027246,-3364314,-4895752,motion
2027254,-5055792,-4985637,motion
2027262,-4670233,-3761439,motion
2027270,-4687071,-5045673,motion
2027278,-4965653,-4759608,motion
2027286,-3395183,-4919052,motion
2027294,-5053581,-4981555,motion
2027302,-4652970,-3723428,motion
2027310,-4723467,-5044652,motion
2027319,-4959360,-4745916,motion
2027326,-3430899,-4939376,motion
2027335,-5050860,-4974157,motion
2027343,-4630691,-3694514,motion
2027351,-4734861,-5042356,motion
2027359,-4949071,-4729334,motion
2027367,-3501055,-4958935,motion
2027375,-5049415,-4967608,motion
2027383,-4608070,-3692304,motion
2027391,-4766920,-5040656,motion
2027399,-4943288,-4719214,motion
2027407,-3548676,-4975262,motion
2027415,-5049499,-4961230,motion
2027423,-4570485,-3680654,motion
2027431,-4805357,-5038445,motion
2027439,-4935974,-4706203,motion
2027447,-3622998,-4987763,motion
2027455,-5049669,-4954513,motion
2027463,-4527455,-3687541,motion
2027471,-4830954,-5036659,motion
2027479,-4929171,-4690046,motion
2027487,-3700212,-5000092,motion
2027495,-5049839,-4947880,motion
2027503,-4466228,-3689583,motion
2027511,-4881381,-5034788,motion
2027519,-4923475,-4675165,motion
2027527,-3773089,-5010723,motion
2027535,-5048734,-4940567,motion
2027543,-4401430,-3722917,motion
2027551,-4901875,-5034448,motion
2027559,-4915735,-4653991,motion
2027567,-3850218,-5020077,motion
2027575,-5047459,-4935379,motion
2027583,-4324216,-3754891,motion
2027591,-4935379,-5034193,motion
2027599,-4911058,-4625844,motion
2027607,-3924115,-5028665,motion
2027615,-5045418,-4929171,motion
2027623,-4265115,-3809485,motion
2027631,-4963782,-5033853,motion
2027640,-4901194,-4590808,motion
2027648,-4018166,-5036914,motion
2027656,-5042612,-4922029,motion
2027664,-4155842,-3845541,motion
2027672,-4990058,-5032747,motion
2027680,-4892775,-4545398,motion
2027688,-4133562,-5043972,motion
2027696,-5039805,-4919817,motion
2027704,-4082454,-3909744,motion
2027712,-5022883,-5032747,motion
2027720,-4882231,-4492335,motion
2027728,-4191983,-5047713,motion
2027736,-5036744,-4913610,motion
2027744,-3971056,-3961277,motion
2027752,-5040315,-5032322,motion
2027760,-4872622,-4431874,motion
2027768,-4280847,-5049839,motion
2027776,-5033088,-4906552,motion
2027784,-3887039,-4036110,motion
2027792,-5054092,-5029686,motion
2027800,-4858080,-4366395,motion
2027808,-4323280,-5050435,motion
2027816,-5029516,-4900429,motion
2027824,-3816543,-4108221,motion
2027832,-5065571,-5026369,motion
2027840,-4844730,-4301256,motion
2027848,-4361122,-5051795,motion
2027856,-5025519,-4890395,motion
2027864,-3727169,-4190197,motion
2027872,-5072460,-5023563,motion
2027880,-4830018,-4227954,motion
2027888,-4376769,-5052901,motion
2027896,-5021267,-4879680,motion
2027904,-3634648,-4281102,motion
2027912,-5073820,-5020161,motion
2027920,-4812160,-4155757,motion
2027928,-4415461,-5052986,motion
2027936,-5018036,-4870666,motion
2027945,-3537450,-4366905,motion
2027953,-5074501,-5017356,motion
2027961,-4796598,-4091554,motion
2027969,-4437996,-5053751,motion
2027977,-5013189,-4856975,motion
2027985,-3479200,-4451772,motion
2027993,-5071950,-5013019,motion
2028001,-4777550,-4017741,motion
2028009,-4469205,-5053156,motion
2028017,-5008851,-4845240,motion
2028025,-3360148,-4518611,motion
2028033,-5069143,-5008937,motion
2028041,-4755866,-3954218,motion
2028049,-4491314,-5052901,motion
2028057,-5004260,-4833080,motion
2028065,-3283784,-4580349,motion
2028073,-5067952,-5004855,motion
2028081,-4733331,-3878110,motion
2028089,-4523034,-5054176,motion
2028097,-4999668,-4819558,motion
2028105,-3217114,-4648974,motion
2028113,-5065826,-5001708,motion
2028121,-4711561,-3816118,motion
2028129,-4558409,-5053326,motion
2028137,-4995161,-4807058,motion
2028145,-3158950,-4702972,motion
2028153,-5063191,-4997627,motion
2028161,-4688431,-3746047,motion
2028169,-4597271,-5051371,motion
2028177,-4988612,-4791326,motion
2028185,-3144578,-4762243,motion
2028193,-5062170,-4994055,motion
2028201,-4662920,-3679803,motion
2028209,-4622272,-5050095,motion
2028217,-4981725,-4774233,motion
2028225,-3147895,-4816157,motion
2028233,-5059874,-4990824,motion
2028242,-4639790,-3609562,motion
2028250,-4679417,-5048309,motion
2028257,-4973646,-4756971,motion
2028266,-3158609,-4858506,motion
2028274,-5056983,-4985807,motion
2028282,-4617850,-3547911,motion
2028290,-4683669,-5046098,motion
2028298,-4965142,-4737583,motion
2028306,-3217540,-4894561,motion
2028314,-5054857,-4980790,motion
2028322,-4592339,-3523760,motion
2028330,-4709010,-5044482,motion
2028338,-4957234,-4722786,motion
2028346,-3248749,-4924750,motion
2028354,-5051795,-4975262,motion
2028362,-4568273,-3498334,motion
2028370,-4729759,-5043036,motion
2028378,-4949836,-4706289,motion
2028386,-3307255,-4945499,motion
2028394,-5050690,-4968289,motion
2028402,-4543952,-3490170,motion
2028410,-4768366,-5040740,motion
2028418,-4942012,-4691067,motion
2028426,-3376304,-4966673,motion
2028434,-5048394,-4961146,motion
2028442,-4505260,-3482177,motion
2028450,-4787074,-5038954,motion
2028458,-4935890,-4676866,motion
2028466,-3456921,-4980194,motion
2028474,-5048054,-4954002,motion
2028482,-4458916,-3494167,motion
2028490,-4818623,-5036063,motion
2028498,-4927215,-4663005,motion
2028506,-3545104,-4991079,motion
2028514,-5047969,-4947794,motion
2028522,-4400494,-3530393,motion
2028530,-4853573,-5033683,motion
2028538,-4921519,-4651949,motion
2028547,-3640601,-5005535,motion
2028554,-5048224,-4941587,motion
2028563,-4345050,-3569255,motion
2028571,-4889714,-5032067,motion
2028579,-4916672,-4639620,motion
2028587,-3737458,-5013954,motion
2028595,-5046268,-4935209,motion
2028603,-4289776,-3626825,motion
2028611,-4921093,-5031897,motion
2028619,-4909613,-4616319,motion
2028627,-3827427,-5021862,motion
2028635,-5044057,-4927896,motion
2028643,-4210606,-3672235,motion
2028651,-4948731,-5031302,motion
2028659,-4901875,-4586641,motion
2028667,-3940442,-5030451,motion
2028675,-5041931,-4922368,motion
2028683,-4135263,-3741795,motion
2028691,-4980279,-5031897,motion
2028699,-4894051,-4554242,motion
2028707,-4035259,-5038784,motion
2028715,-5039210,-4916842,motion
2028723,-4063917,-3775980,motion
2028731,-5000262,-5029941,motion
2028739,-4883506,-4494461,motion
2028747,-4138750,-5041847,motion
2028755,-5034618,-4907997,motion
2028763,-3979474,-3900475,motion
2028771,-5034363,-5027390,motion
2028779,-4867690,-4440887,motion
2028787,-4211201,-5046098,motion
2028795,-5028495,-4899919,motion
2028803,-3897839,-3992826,motion
2028811,-5051541,-5024839,motion
2028819,-4854424,-4378045,motion
2028827,-4271918,-5048054,motion
2028835,-5023988,-4890479,motion
2028843,-3819945,-4071060,motion
2028851,-5061915,-5022203,motion
2028859,-4840223,-4316477,motion
2028867,-4322770,-5048819,motion
2028876,-5019566,-4883336,motion
2028884,-3735502,-4148188,motion
2028892,-5068378,-5018036,motion
2028900,-4823810,-4248107,motion
2028908,-4357636,-5049839,motion
2028916,-5015654,-4871772,motion
2028924,-3663306,-4255761,motion
2028932,-5070504,-5014805,motion
2028940,-4809439,-4178887,motion
2028948,-4389695,-5049839,motion
2028956,-5011318,-4861481,motion
2028964,-3584221,-4327617,motion
2028972,-5069653,-5010977,motion
2028980,-4793452,-4131012,motion
2028988,-4419543,-5049585,motion
2028996,-5006641,-4850852,motion
2029004,-3507603,-4426176,motion
2029012,-5069059,-5007321,motion
2029020,-4778061,-4064001,motion
2029028,-4470310,-5049499,motion
2029036,-5002218,-4837416,motion
2029044,-3421034,-4484596,motion
2029052,-5066847,-5003664,motion
2029060,-4755950,-4000649,motion
2029068,-4474562,-5049415,motion
2029076,-4997287,-4822365,motion
2029084,-3328429,-4548885,motion
2029092,-5064891,-4999497,motion
2029100,-4730184,-3904132,motion
2029108,-4506451,-5049755,motion
2029116,-4992694,-4807398,motion
2029124,-3266267,-4620486,motion
2029132,-5063531,-4995501,motion
2029140,-4702462,-3826578,motion
2029148,-4535959,-5050775,motion
2029156,-4988612,-4791497,motion
2029164,-3142027,-4673635,motion
2029173,-5062256,-4991844,motion
2029181,-4665896,-3694430,motion
2029189,-4570485,-5050690,motion
2029197,-4981725,-4765050,motion
2029205,-3064388,-4722531,motion
2029213,-5060809,-4988783,motion
2029221,-4625844,-3567469,motion
2029229,-4607221,-5049669,motion
2029237,-4975177,-4741920,motion
2029245,-3020764,-4772873,motion
2029253,-5060384,-4985041,motion
2029261,-4581539,-3474267,motion
2029269,-4636473,-5049839,motion
2029277,-4968033,-4715218,motion
2029285,-3008519,-4826277,motion
2029293,-5057748,-4981044,motion
2029301,-4533833,-3345776,motion
2029309,-4667087,-5047883,motion
2029317,-4956809,-4680182,motion
2029325,-3003161,-4853403,motion
2029333,-5055622,-4975857,motion
2029341,-4483746,-3255467,motion
2029349,-4690557,-5046608,motion
2029357,-4948305,-4647953,motion
2029365,-3038792,-4881125,motion
2029373,-5054602,-4969819,motion
2029381,-4420478,-3166348,motion
2029389,-4710371,-5045587,motion
2029397,-4941672,-4615043,motion
2029405,-3002991,-4912760,motion
2029413,-5053326,-4963442,motion
2029421,-4348282,-3073062,motion
2029429,-4729589,-5046098,motion
2029437,-4930107,-4566062,motion
2029445,-3028928,-4930107,motion
2029453,-5052136,-4958169,motion
2029461,-4240369,-2988620,motion
2029469,-4773468,-5044397,motion
2029477,-4922964,-4528221,motion
2029486,-3107077,-4958084,motion
2029494,-5052816,-4948901,motion
2029502,-4115450,-2911151,motion
2029510,-4800340,-5042101,motion
2029518,-4911739,-4444629,motion
2029526,-3099253,-4961486,motion
2029534,-5055197,-4936400,motion
2029542,-3942654,-2827474,motion
2029550,-4826617,-5042782,motion
2029558,-4900173,-4335866,motion
2029566,-3172045,-4976792,motion
2029574,-5057407,-4932573,motion
2029582,-3786015,-2799241,motion
2029590,-4839883,-5041506,motion
2029598,-4893116,-4228975,motion
2029606,-3192539,-4991079,motion
2029614,-5058939,-4921433,motion
2029622,-3590004,-2690479,motion
2029630,-4870326,-5046608,motion
2029638,-4882146,-4043168,motion
2029646,-3214649,-4997287,motion
2029654,-5060470,-4909358,motion
2029662,-3431494,-2770414,motion
2029670,-4878404,-5046098,motion
2029678,-4868625,-3923350,motion
2029686,-3352834,-5010297,motion
2029694,-5059534,-4904766,motion
2029702,-3296285,-2868547,motion
2029710,-4944478,-5045843,motion
2029718,-4857910,-3856681,motion
2029726,-3521464,-5032151,motion
2029734,-5056983,-4894817,motion
2029742,-3193730,-2918038,motion
2029750,-4964293,-5045078,motion
2029758,-4838181,-3726233,motion
2029766,-3596381,-5034618,motion
2029774,-5053581,-4882911,motion
2029782,-3026121,-3012855,motion
2029790,-4988868,-5046268,motion
2029799,-4820409,-3566364,motion
2029807,-3744516,-5053581,motion
2029815,-5052051,-4877724,motion
2029823,-2826878,-3098063,motion
2029831,-5027900,-5046098,motion
2029839,-4789200,-3371287,motion
2029847,-3804468,-5061149,motion
2029855,-5047969,-4860887,motion
2029863,-2623640,-3075868,motion
2029871,-5043887,-5047034,motion
2029879,-4757736,-3164732,motion
2029887,-3835337,-5064977,motion
2029895,-5048479,-4845921,motion
2029903,-2477715,-3154612,motion
2029911,-5060809,-5047373,motion
2029919,-4724232,-2998824,motion
2029927,-3961277,-5072034,motion
2029935,-5045757,-4839542,motion
2029943,-2379327,-3346201,motion
2029951,-5089382,-5040740,motion
2029959,-4682054,-2916422,motion
2029967,-4070974,-5075606,motion
2029975,-5031897,-4798724,motion
2029983,-2244883,-3484898,motion
2029991,-5095250,-5028241,motion
2029999,-4608581,-2783509,motion
2030007,-4188581,-5073565,motion
2030015,-5022032,-4777295,motion
2030023,-2324988,-3754636,motion
2030031,-5097036,-5022713,motion
2030039,-4617425,-2966936,motion
2030047,-4356190,-5070589,motion
2030055,-5014549,-4771428,motion
2030063,-2479926,-4015615,motion
2030071,-5090317,-5015229,motion
2030079,-4618615,-3102314,motion
2030087,-4424305,-5067698,motion
2030096,-5006471,-4765220,motion
2030104,-2616156,-4215369,motion
2030112,-5084619,-5009532,motion
2030120,-4616404,-3197216,motion
2030128,-4474562,-5063445,motion
2030136,-5001708,-4762243,motion
2030144,-2678233,-4362993,motion
2030152,-5079348,-5004260,motion
2030160,-4605860,-3245433,motion
2030168,-4506961,-5060809,motion
2030176,-4995671,-4752719,motion
2030184,-2709783,-4475497,motion
2030192,-5074925,-4998732,motion
2030200,-4583665,-3255127,motion
2030208,-4514785,-5059279,motion
2030216,-4990654,-4739199,motion
2030224,-2724919,-4563682,motion
2030232,-5070589,-4995245,motion
2030240,-4570399,-3222898,motion
2030248,-4540551,-5056472,motion
2030256,-4985126,-4723041,motion
2030264,-2729171,-4645572,motion
2030272,-5067952,-4990909,motion
2030280,-4544122,-3206571,motion
2030288,-4597526,-5054006,motion
2030296,-4976962,-4707819,motion
2030304,-2747113,-4690046,motion
2030312,-5065061,-4987167,motion
2030320,-4518696,-3166432,motion
2030328,-4597781,-5052220,motion
2030336,-4969224,-4685115,motion
2030344,-2800347,-4757652,motion
2030352,-5061405,-4983511,motion
2030360,-4487912,-3127740,motion
2030368,-4657222,-5049244,motion
2030376,-4960976,-4665641,motion
2030384,-2830025,-4813436,motion
2030393,-5058344,-4977132,motion
2030401,-4458830,-3104950,motion
2030408,-4689452,-5046694,motion
2030417,-4952387,-4648293,motion
2030425,-2900351,-4855785,motion
2030433,-5054857,-4972031,motion
2030441,-4436465,-3105971,motion
2030449,-4706203,-5044908,motion
2030457,-4944989,-4628309,motion
2030465,-2981136,-4891500,motion
2030473,-5052986,-4965228,motion
2030481,-4402790,-3090750,motion
2030489,-4721595,-5043972,motion
2030497,-4939546,-4614278,motion
2030505,-3021188,-4912334,motion
2030513,-5051371,-4958679,motion
2030521,-4368010,-3075358,motion
2030529,-4741749,-5040826,motion
2030537,-4932828,-4592169,motion
2030545,-3117791,-4939802,motion
2030553,-5050010,-4952727,motion
2030561,-4306358,-3084457,motion
2030569,-4762583,-5038275,motion
2030577,-4923984,-4571760,motion
2030585,-3216265,-4959190,motion
2030593,-5050520,-4948731,motion
2030601,-4240795,-3111583,motion
2030609,-4798894,-5035468,motion
2030617,-4918712,-4561556,motion
2030625,-3328939,-4982065,motion
2030633,-5050265,-4940396,motion
2030641,-4164601,-3127145,motion
2030649,-4843879,-5033767,motion
2030657,-4911058,-4523288,motion
2030665,-3457090,-4988698,motion
2030673,-5049499,-4930957,motion
2030681,-4082795,-3176468,motion
2030689,-4847536,-5032917,motion
2030698,-4901620,-4470905,motion
2030705,-3559135,-5005025,motion
2030713,-5047629,-4927641,motion
2030722,-3999374,-3256743,motion
2030730,-4901450,-5033002,motion
2030738,-4897368,-4451006,motion
2030746,-3672319,-5017270,motion
2030754,-5045587,-4919563,motion
2030762,-3927346,-3280213,motion
2030770,-4925090,-5032917,motion
2030778,-4887418,-4376343,motion
2030786,-3747493,-5022032,motion
2030794,-5044142,-4912249,motion
2030802,-3815693,-3355556,motion
2030810,-4949155,-5033342,motion
2030818,-4876278,-4291816,motion
2030826,-3887294,-5033342,motion
2030834,-5040570,-4908167,motion
2030842,-3702252,-3477414,motion
2030850,-4994566,-5032662,motion
2030858,-4867435,-4256101,motion
2030866,-3985172,-5041421,motion
2030874,-5036319,-4902129,motion
2030882,-3635413,-3510919,motion
2030890,-5008086,-5030876,motion
2030898,-4851533,-4148699,motion
2030906,-4050225,-5044568,motion
2030914,-5033258,-4891840,motion
2030922,-3527842,-3592215,motion
2030930,-5025944,-5030621,motion
2030938,-4836225,-4039596,motion
2030946,-4146998,-5048904,motion
2030954,-5031386,-4887588,motion
2030962,-3426987,-3702763,motion
2030970,-5051371,-5026880,motion
2030978,-4822280,-3947415,motion
2030986,-4224042,-5050435,motion
2030994,-5027474,-4878575,motion
2031003,-3367376,-3817903,motion
2031010,-5065317,-5024499,motion
2031019,-4803231,-3856766,motion
2031027,-4274470,-5052306,motion
2031035,-5023648,-4866924,motion
2031043,-3221026,-3909063,motion
2031051,-5072969,-5021267,motion
2031059,-4782227,-3757783,motion
2031067,-4334080,-5052731,motion
2031075,-5020331,-4854764,motion
2031083,-3123744,-4013489,motion
2031091,-5077137,-5018716,motion
2031099,-4762839,-3683799,motion
2031107,-4369456,-5052816,motion
2031115,-5016165,-4844900,motion
2031123,-3064728,-4108221,motion
2031131,-5076201,-5016080,motion
2031139,-4739199,-3574102,motion
2031147,-4402195,-5052646,motion
2031155,-5012593,-4828147,motion
2031163,-2940489,-4201252,motion
2031171,-5073480,-5011573,motion
2031179,-4712241,-3508793,motion
2031187,-4430767,-5052901,motion
2031195,-5008511,-4814031,motion
2031203,-2874925,-4298705,motion
2031211,-5071354,-5007746,motion
2031219,-4678312,-3401560,motion
2031227,-4453218,-5055112,motion
2031235,-5005365,-4793282,motion
2031243,-2759699,-4364949,motion
2031251,-5070929,-5005535,motion
2031259,-4643701,-3273920,motion
2031267,-4470736,-5054686,motion
2031275,-5001029,-4781547,motion
2031283,-2729766,-4491484,motion
2031291,-5065147,-4998817,motion
2031299,-4626014,-3333956,motion
2031307,-4526520,-5051711,motion
2031315,-4989549,-4754675,motion
2031324,-2622449,-4504240,motion
2031332,-5067187,-4999073,motion
2031340,-4566998,-3096192,motion
2031348,-4528816,-5053411,motion
2031356,-4987593,-4727463,motion
2031364,-2590815,-4580093,motion
2031372,-5066847,-4996521,motion
2031380,-4517336,-2980626,motion
2031388,-4587831,-5052476,motion
2031396,-4981980,-4699911,motion
2031404,-2588264,-4635622,motion
2031412,-5065487,-4992610,motion
2031420,-4470140,-2885979,motion
2031428,-4591743,-5051115,motion
2031436,-4972966,-4665896,motion
2031444,-2545575,-4684179,motion
2031452,-5064210,-4989208,motion
2031460,-4426516,-2821011,motion
2031468,-4626098,-5051285,motion
2031476,-4969224,-4663260,motion
2031484,-2644898,-4760968,motion
2031492,-5059109,-4978323,motion
2031500,-4345815,-2733848,motion
2031508,-4706969,-5039465,motion
2031516,-4944733,-4666916,motion
2031524,-3136839,-4921348,motion
2031532,-5049755,-4963612,motion
2031540,-4433574,-3155548,motion
2031548,-4740984,-5036998,motion
2031556,-4932658,-4620401,motion
2031564,-3113369,-4932573,motion
2031572,-5046608,-4956639,motion
2031580,-4411974,-3212353,motion
2031588,-4765134,-5035468,motion
2031596,-4926876,-4603223,motion
2031604,-3171790,-4953152,motion
2031612,-5045333,-4947540,motion
2031621,-4332464,-3210311,motion
2031628,-4787074,-5032067,motion
2031636,-4916842,-4584260,motion
2031645,-3395013,-4981809,motion
2031653,-5042866,-4935804,motion
2031661,-4254910,-3316779,motion
2031669,-4839287,-5026539,motion
2031677,-4905616,-4580944,motion
2031685,-3588729,-4998136,motion
2031693,-5039805,-4927471,motion
2031701,-4219279,-3439828,motion
2031709,-4887844,-5024243,motion
2031717,-4899324,-4568359,motion
2031725,-3715944,-5008597,motion
2031733,-5037594,-4920073,motion
2031741,-4163155,-3499269,motion
2031749,-4920498,-5023308,motion
2031757,-4889884,-4532558,motion
2031765,-3807274,-5014549,motion
2031773,-5035128,-4910718,motion
2031781,-4066893,-3598507,motion
2031789,-4947115,-5022457,motion
2031797,-4883081,-4480514,motion
2031805,-3913316,-5025944,motion
2031813,-5033002,-4907742,motion
2031821,-3989424,-3659394,motion
2031829,-4987082,-5022798,motion
2031837,-4875003,-4444459,motion
2031845,-4045634,-5035723,motion
2031853,-5028920,-4899068,motion
2031861,-3900390,-3695790,motion
2031869,-5003409,-5020842,motion
2031877,-4860887,-4362993,motion
2031885,-4076588,-5038784,motion
2031893,-5024499,-4889119,motion
2031901,-3807955,-3791712,motion
2031909,-5030791,-5019906,motion
2031917,-4846175,-4309079,motion
2031925,-4173105,-5042186,motion
2031934,-5021352,-4884783,motion
2031942,-3732696,-3859827,motion
2031950,-5046013,-5018376,motion
2031958,-4834185,-4245726,motion
2031966,-4238158,-5043547,motion
2031974,-5017015,-4874322,motion
2031982,-3653782,-3964933,motion
2031990,-5058854,-5015314,motion
2031998,-4818709,-4178207,motion
2032006,-4345645,-5045418,motion
2032014,-5012508,-4866839,motion
2032022,-3599698,-4053117,motion
2032030,-5065487,-5011063,motion
2032038,-4802466,-4108136,motion
2032046,-4340288,-5045248,motion
2032054,-5007832,-4856039,motion
2032062,-3522399,-4152186,motion
2032070,-5066677,-5007661,motion
2032078,-4784864,-4010684,motion
2032086,-4396923,-5044908,motion
2032094,-5003664,-4844560,motion
2032102,-3432854,-4243686,motion
2032110,-5065912,-5004515,motion
2032118,-4763604,-3940782,motion
2032126,-4404832,-5045248,motion
2032134,-4998052,-4831634,motion
2032142,-3342800,-4326597,motion
2032150,-5064806,-5000092,motion
2032158,-4744556,-3877260,motion
2032166,-4431363,-5045333,motion
2032174,-4994650,-4818963,motion
2032182,-3300876,-4406787,motion
2032190,-5062935,-4996352,motion
2032198,-4723211,-3826238,motion
2032206,-4454068,-5044142,motion
2032214,-4990994,-4805103,motion
2032222,-3198237,-4491994,motion
2032230,-5060300,-4993035,motion
2032238,-4698976,-3770028,motion
2032246,-4489784,-5044397,motion
2032255,-4985977,-4788775,motion
2032263,-3128166,-4581454,motion
2032271,-5057918,-4988102,motion
2032279,-4671423,-3708290,motion
2032287,-4523288,-5044482,motion
2032295,-4980960,-4771342,motion
2032303,-3067874,-4637749,motion
2032311,-5056472,-4984276,motion
2032319,-4641575,-3617471,motion
2032327,-4557644,-5044652,motion
2032335,-4973901,-4753654,motion
2032343,-3019999,-4698381,motion
2032351,-5054262,-4980534,motion
2032359,-4613173,-3540427,motion
2032367,-4589277,-5043122,motion
2032375,-4967014,-4733671,motion
2032383,-3014556,-4757226,motion
2032391,-5052220,-4975943,motion
2032399,-4584856,-3486428,motion
2032407,-4625163,-5041166,motion
2032415,-4960635,-4716493,motion
2032423,-3040662,-4809184,motion
2032431,-5049329,-4972626,motion
2032439,-4555263,-3435661,motion
2032447,-4652716,-5038784,motion
2032455,-4952217,-4697444,motion
2032463,-3070851,-4852383,motion
2032471,-5046694,-4966758,motion
2032479,-4523799,-3391612,motion
2032487,-4675420,-5036404,motion
2032495,-4943373,-4677291,motion
2032503,-3124084,-4888864,motion
2032511,-5042952,-4961826,motion
2032519,-4497608,-3372818,motion
2032527,-4701526,-5034533,motion
2032535,-4934188,-4657817,motion
2032544,-3181399,-4918797,motion
2032552,-5040826,-4955193,motion
2032559,-4462061,-3354195,motion
2032568,-4720746,-5031981,motion
2032576,-4924664,-4636643,motion
2032584,-3257337,-4943203,motion
2032592,-5037424,-4947965,motion
2032600,-4435785,-3374264,motion
2032608,-4752209,-5029601,motion
2032616,-4918542,-4627544,motion
2032624,-3352069,-4962761,motion
2032632,-5035214,-4940567,motion
2032640,-4388844,-3382767,motion
2032648,-4783162,-5026539,motion
2032656,-4911399,-4612068,motion
2032664,-3452839,-4975857,motion
2032672,-5035383,-4933083,motion
2032680,-4340458,-3413296,motion
2032688,-4819303,-5023818,motion
2032696,-4903660,-4592339,motion
2032704,-3558029,-4986742,motion
2032712,-5035214,-4925090,motion
2032720,-4267156,-3465934,motion
2032728,-4854339,-5021608,motion
2032736,-4896942,-4574991,motion
2032744,-3665262,-4997627,motion
2032752,-5034107,-4918287,motion
2032760,-4200317,-3482602,motion
2032768,-4894051,-5019566,motion
2032776,-4888523,-4535193,motion
2032784,-3751745,-5008256,motion
2032792,-5033258,-4914630,motion
2032800,-4107286,-3543403,motion
2032808,-4934954,-5019566,motion
2032816,-4883336,-4519122,motion
2032824,-3848432,-5020331,motion
2032832,-5031727,-4905701,motion
2032840,-4034494,-3578268,motion
2032848,-4959870,-5019311,motion
2032856,-4873472,-4462317,motion
2032864,-3913231,-5025264,motion
2032873,-5029430,-4898133,motion
2032881,-3948946,-3648849,motion
2032889,-4983341,-5019311,motion
2032897,-4865989,-4395477,motion
2032905,-4035429,-5032832,motion
2032913,-5027474,-4894136,motion
2032921,-3841033,-3756592,motion
2032929,-5017270,-5019311,motion
2032937,-4855019,-4353894,motion
2032945,-4127695,-5039125,motion
2032953,-5021777,-4888269,motion
2032961,-3785930,-3803362,motion
2032969,-5030451,-5017100,motion
2032977,-4840903,-4263414,motion
2032985,-4188327,-5040400,motion
2032993,-5017356,-4877724,motion
2033001,-3701063,-3905918,motion
2033009,-5048819,-5015314,motion
2033017,-4827807,-4193088,motion
2033025,-4245216,-5041847,motion
2033033,-5013868,-4871516,motion
2033041,-3663051,-3977179,motion
2033049,-5056813,-5011742,motion
2033057,-4811650,-4154226,motion
2033065,-4307378,-5042271,motion
2033073,-5009787,-4862672,motion
2033081,-3593830,-4072930,motion
2033089,-5062935,-5008256,motion
2033097,-4797193,-4113238,motion
2033105,-4349217,-5042356,motion
2033113,-5004770,-4853233,motion
2033121,-3536515,-4191132,motion
2033129,-5062850,-5004430,motion
2033137,-4782312,-4048355,motion
2033145,-4411465,-5042017,motion
2033154,-4998987,-4841243,motion
2033162,-3469590,-4271153,motion
2033170,-5061575,-5000688,motion
2033178,-4766240,-3999118,motion
2033186,-4412230,-5041336,motion
2033194,-4995671,-4831804,motion
2033202,-3396969,-4364693,motion
2033210,-5060044,-4995926,motion
2033218,-4749998,-3951413,motion
2033226,-4437400,-5040996,motion
2033234,-4990654,-4820154,motion
2033242,-3332511,-4450922,motion
2033250,-5057153,-4992014,motion
2033258,-4731545,-3906683,motion
2033266,-4467419,-5039891,motion
2033274,-4985211,-4805357,motion
2033282,-3275791,-4542592,motion
2033290,-5054262,-4988442,motion
2033298,-4710455,-3862293,motion
2033306,-4497352,-5039635,motion
2033314,-4981809,-4795068,motion
2033322,-3214904,-4606795,motion
2033330,-5052390,-4984446,motion
2033338,-4688771,-3792988,motion
2033346,-4531537,-5039550,motion
2033354,-4976878,-4782738,motion
2033362,-3159374,-4686560,motion
2033370,-5050095,-4980960,motion
2033378,-4664876,-3743326,motion
2033386,-4566317,-5038870,motion
2033394,-4971690,-4766835,motion
2033402,-3130632,-4730524,motion
2033410,-5047203,-4976792,motion
2033418,-4639110,-3673765,motion
2033426,-4603734,-5037424,motion
2033434,-4964632,-4748723,motion
2033442,-3133438,-4795748,motion
2033450,-5045673,-4973050,motion
2033458,-4612238,-3618151,motion
2033466,-4634942,-5034618,motion
2033475,-4957404,-4730864,motion
2033483,-3158950,-4835036,motion
2033491,-5043207,-4969564,motion
2033499,-4588512,-3567043,motion
2033507,-4657903,-5033428,motion
2033515,-4949496,-4712922,motion
2033523,-3194240,-4868370,motion
2033531,-5040486,-4964887,motion
2033539,-4565127,-3529628,motion
2033547,-4683838,-5030196,motion
2033555,-4940482,-4694128,motion
2033563,-3236248,-4909358,motion
2033571,-5037594,-4958425,motion
2033579,-4535874,-3497143,motion
2033587,-4700846,-5029006,motion
2033595,-4932913,-4677546,motion
2033603,-3289397,-4926280,motion
2033611,-5034788,-4952472,motion
2033619,-4506026,-3476564,motion
2033627,-4728314,-5027134,motion
2033635,-4924580,-4659348,motion
2033643,-3357172,-4948985,motion
2033651,-5033258,-4944649,motion
2033659,-4472181,-3462703,motion
2033667,-4754080,-5025094,motion
2033675,-4914035,-4638854,motion
2033683,-3432430,-4964122,motion
2033691,-5031556,-4937675,motion
2033699,-4429407,-3478605,motion
2033707,-4795323,-5023223,motion
2033715,-4908932,-4626439,motion
2033723,-3520953,-4976962,motion
2033731,-5032067,-4930787,motion
2033739,-4370391,-3492636,motion
2033747,-4845495,-5020077,motion
2033755,-4900939,-4612748,motion
2033763,-3612199,-4987507,motion
2033772,-5031302,-4922454,motion
2033779,-4309164,-3536345,motion
2033787,-4862842,-5017866,motion
2033796,-4894477,-4593189,motion
2033804,-3711522,-4996352,motion
2033812,-5030281,-4916501,motion
2033820,-4250403,-3579714,motion
2033828,-4898218,-5015995,motion
2033836,-4888864,-4574395,motion
2033844,-3809655,-5007151,motion
2033852,-5029176,-4909528,motion
2033860,-4169874,-3644088,motion
2033868,-4932318,-5015484,motion
2033876,-4882061,-4545058,motion
2033884,-3898094,-5015400,motion
2033892,-5027304,-4905871,motion
2033900,-4104140,-3720366,motion
2033908,-4967098,-5014039,motion
2033916,-4875598,-4522864,motion
2033924,-4027521,-5023903,motion
2033932,-5023988,-4898133,motion
2033940,-4039596,-3767732,motion
2033948,-4988612,-5014549,motion
2033956,-4867009,-4473541,motion
2033964,-4062556,-5028155,motion
2033972,-5020417,-4891245,motion
2033980,-3961361,-3849538,motion
2033988,-5013274,-5013019,motion
2033996,-4857485,-4426090,motion
2034004,-4146233,-5031386,motion
2034012,-5015910,-4887504,motion
2034020,-3899539,-3925646,motion
2034028,-5029856,-5011318,motion
2034036,-4844730,-4395392,motion
2034044,-4231270,-5033853,motion
2034052,-5011573,-4880020,motion
2034060,-3853024,-4005496,motion
2034068,-5042782,-5009021,motion
2034076,-4833080,-4348707,motion
2034084,-4286630,-5034958,motion
2034093,-5006556,-4873047,motion
2034101,-3801492,-4102949,motion
2034109,-5051285,-5005876,motion
2034117,-4820919,-4300915,motion
2034125,-4328978,-5034703,motion
2034133,-5004090,-4865734,motion
2034141,-3743241,-4203038,motion
2034149,-5055112,-5002899,motion
2034157,-4807994,-4250403,motion
2034165,-4404746,-5034873,motion
2034173,-4999157,-4856550,motion
2034181,-3704038,-4286544,motion
2034189,-5055622,-4998817,motion
2034197,-4795238,-4200826,motion
2034205,-4420903,-5035128,motion
2034213,-4993800,-4846345,motion
2034221,-3622233,-4381531,motion
2034229,-5054602,-4995756,motion
2034237,-4779251,-4145637,motion
2034245,-4422519,-5034958,motion
2034253,-4990484,-4835376,motion
2034261,-3543829,-4456279,motion
2034269,-5052646,-4991589,motion
2034277,-4764114,-4089428,motion
2034285,-4443013,-5034958,motion
2034293,-4986572,-4826617,motion
2034301,-3469420,-4543868,motion
2034309,-5050690,-4988272,motion
2034317,-4746172,-4023524,motion
2034325,-4484342,-5033258,motion
2034333,-4983255,-4814967,motion
2034341,-3391696,-4591743,motion
2034349,-5048394,-4983595,motion
2034357,-4727719,-3987128,motion
2034365,-4510618,-5034448,motion
2034373,-4978323,-4800765,motion
2034381,-3315418,-4646932,motion
2034390,-5047459,-4980279,motion
2034397,-4703738,-3909659,motion
2034406,-4550246,-5033853,motion
2034414,-4973817,-4789370,motion
2034422,-3246198,-4706203,motion
2034430,-5044227,-4976452,motion
2034438,-4680607,-3828278,motion
2034446,-4574991,-5034277,motion
2034454,-4967268,-4768026,motion
2034462,-3206741,-4752549,motion
2034470,-5043036,-4972456,motion
2034478,-4651440,-3742391,motion
2034486,-4611642,-5033002,motion
2034494,-4960635,-4751189,motion
2034502,-3191858,-4802976,motion
2034510,-5041506,-4968969,motion
2034518,-4625674,-3684565,motion
2034526,-4642681,-5030962,motion
2034534,-4953067,-4733756,motion
2034542,-3200022,-4843965,motion
2034550,-5039550,-4965653,motion
2034558,-4595741,-3607606,motion
2034566,-4661984,-5029856,motion
2034574,-4944053,-4714282,motion
2034582,-3231486,-4876873,motion
2034590,-5036914,-4959955,motion
2034598,-4574566,-3587962,motion
2034606,-4713602,-5027134,motion
2034614,-4936400,-4700761,motion
2034622,-3298326,-4906976,motion
2034630,-5033342,-4954683,motion
2034638,-4556453,-3573337,motion
2034646,-4703738,-5025519,motion
2034654,-4929001,-4687240,motion
2034662,-3390081,-4932828,motion
2034670,-5030111,-4947624,motion
2034678,-4535704,-3582520,motion
2034686,-4732820,-5023308,motion
2034695,-4921603,-4673549,motion
2034703,-3453774,-4951366,motion
2034711,-5028495,-4941162,motion
2034719,-4507897,-3576568,motion
2034727,-4769981,-5020671,motion
2034735,-4913865,-4659603,motion
2034743,-3530137,-4966077,motion
2034751,-5028580,-4934529,motion
2034759,-4465548,-3584731,motion
2034767,-4808078,-5018121,motion
2034775,-4904255,-4640640,motion
2034783,-3605480,-4978068,motion
2034791,-5027474,-4927046,motion
2034799,-4405597,-3617130,motion
2034807,-4842604,-5016080,motion
2034815,-4898728,-4626353,motion
2034823,-3675636,-4992610,motion
2034831,-5027474,-4919987,motion
2034839,-4337992,-3610922,motion
2034847,-4892010,-5014039,motion
2034855,-4892775,-4606540,motion
2034863,-3765265,-4998902,motion
2034871,-5026709,-4912760,motion
2034879,-4254740,-3634308,motion
2034887,-4903150,-5013103,motion
2034895,-4886313,-4581028,motion
2034903,-3882447,-5007916,motion
2034911,-5025009,-4905106,motion
2034919,-4179908,-3712543,motion
2034927,-4941842,-5012593,motion
2034935,-4880530,-4552711,motion
2034943,-3938317,-5014719,motion
2034951,-5024583,-4902980,motion
2034959,-4114004,-3770368,motion
2034967,-4975262,-5012679,motion
2034975,-4872792,-4525755,motion
2034983,-4023864,-5023903,motion
2034991,-5020842,-4895496,motion
2034999,-4035854,-3793668,motion
2035008,-4997371,-5011828,motion
2035015,-4862162,-4470480,motion
2035024,-4082710,-5026880,motion
2035032,-5018036,-4888609,motion
2035040,-3956344,-3862463,motion
2035048,-5019906,-5011233,motion
2035056,-4851957,-4420138,motion
2035064,-4168597,-5031556,motion
2035072,-5013019,-4882571,motion
2035080,-3886104,-3932279,motion
2035088,-5031556,-5009192,motion
2035096,-4841413,-4363758,motion
2035104,-4229484,-5033088,motion
2035112,-5010977,-4876024,motion
2035120,-3808379,-4002265,motion
2035128,-5046098,-5006981,motion
2035136,-4828317,-4304913,motion
2035144,-4284164,-5033937,motion
2035152,-5007151,-4869305,motion
2035160,-3735078,-4079563,motion
2035168,-5052306,-5004770,motion
2035176,-4811990,-4229145,motion
2035184,-4323280,-5035128,motion
2035192,-5002218,-4859696,motion
2035200,-3656163,-4162730,motion
2035208,-5055112,-5001708,motion
2035216,-4797279,-4162050,motion
2035224,-4395563,-5034703,motion
2035232,-4998136,-4851957,motion
2035240,-3581245,-4256952,motion
2035248,-5056302,-4998052,motion
2035256,-4782567,-4089683,motion
2035264,-4391905,-5034873,motion
2035272,-4994226,-4840053,motion
2035280,-3512450,-4347091,motion
2035288,-5055877,-4994566,motion
2035296,-4765134,-4036875,motion
2035304,-4421414,-5034703,motion
2035313,-4990568,-4828573,motion
2035321,-3421629,-4407467,motion
2035329,-5053581,-4989463,motion
2035337,-4745236,-3966464,motion
2035345,-4442843,-5035298,motion
2035353,-4985126,-4813776,motion
2035361,-3325452,-4475667,motion
2035369,-5051881,-4986912,motion
2035377,-4721935,-3885253,motion
2035385,-4473031,-5036149,motion
2035393,-4980874,-4796684,motion
2035401,-3256402,-4548629,motion
2035409,-5049585,-4983511,motion
2035417,-4695999,-3801831,motion
2035425,-4496076,-5036063,motion
2035433,-4977132,-4784353,motion
2035441,-3143642,-4606114,motion
2035449,-5048904,-4979939,motion
2035457,-4665555,-3697831,motion
2035465,-4532047,-5036233,motion
2035473,-4972031,-4766155,motion
2035481,-3061836,-4656031,motion
2035489,-5047203,-4975857,motion
2035497,-4633752,-3598082,motion
2035505,-4569038,-5036574,motion
2035513,-4967098,-4745236,motion
2035521,-3014556,-4712411,motion
2035529,-5046098,-4972711,motion
2035537,-4598886,-3504626,motion
2035545,-4595315,-5035468,motion
2035553,-4959530,-4721935,motion
2035561,-3007582,-4769727,motion
2035569,-5045162,-4969735,motion
2035577,-4560535,-3412105,motion
2035585,-4621251,-5034107,motion
2035593,-4949666,-4694299,motion
2035601,-2993467,-4808929,motion
2035609,-5043036,-4966247,motion
2035617,-4517931,-3309976,motion
2035625,-4648804,-5033002,motion
2035634,-4942012,-4665301,motion
2035642,-2985643,-4842263,motion
2035650,-5041166,-4960721,motion
2035658,-4473797,-3229615,motion
2035666,-4680098,-5031981,motion
2035674,-4932318,-4636048,motion
2035682,-2981731,-4869561,motion
2035690,-5039040,-4954427,motion
2035698,-4421584,-3159545,motion
2035706,-4701867,-5029941,motion
2035714,-4923984,-4600842,motion
2035722,-3007582,-4897452,motion
2035730,-5037339,-4947454,motion
2035738,-4354319,-3097042,motion
2035746,-4725763,-5029090,motion
2035754,-4917691,-4574481,motion
2035762,-3069660,-4920838,motion
2035770,-5036404,-4939972,motion
2035778,-4279146,-3058775,motion
2035786,-4773638,-5027304,motion
2035794,-4908167,-4535279,motion
2035802,-3148065,-4944989,motion
2035810,-5036829,-4935720,motion
2035818,-4188922,-3046190,motion
2035826,-4779846,-5025264,motion
2035834,-4902045,-4511128,motion
2035842,-3237439,-4967863,motion
2035850,-5036319,-4925430,motion
2035858,-4097592,-3020764,motion
2035866,-4810715,-5023393,motion
2035874,-4891245,-4453218,motion
2035882,-3308275,-4975177,motion
2035890,-5037765,-4915056,motion
2035898,-3976158,-3033094,motion
2035906,-4817602,-5022287,motion
2035914,-4884442,-4380511,motion
2035922,-3410405,-4985721,motion
2035930,-5038189,-4911739,motion
2035939,-3861528,-3076463,motion
2035947,-4866414,-5022032,motion
2035955,-4877469,-4327787,motion
2035963,-3515766,-5001199,motion
2035971,-5037169,-4902299,motion
2035979,-3754550,-3081055,motion
2035987,-4895496,-5022627,motion
2035995,-4866329,-4230845,motion
2036003,-3570530,-5006130,motion
2036011,-5036404,-4892605,motion
2036019,-3632862,-3143472,motion
2036027,-4918797,-5023478,motion
2036035,-4856380,-4114854,motion
2036043,-3692134,-5015824,motion
2036051,-5033853,-4889544,motion
2036059,-3505902,-3234378,motion
2036067,-4961316,-5023648,motion
2036075,-4845240,-4042657,motion
2036083,-3823431,-5029771,motion
2036091,-5030536,-4879510,motion
2036099,-3395438,-3273240,motion
2036107,-4988017,-5022883,motion
2036115,-4825256,-3931684,motion
2036123,-3902771,-5035468,motion
2036131,-5026539,-4870156,motion
2036139,-3282423,-3381067,motion
2036147,-5012679,-5022543,motion
2036155,-4804762,-3794603,motion
2036163,-4030156,-5042441,motion
2036171,-5023563,-4864883,motion
2036179,-3185566,-3505391,motion
2036187,-5040315,-5020671,motion
2036195,-4791497,-3735843,motion
2036203,-4127270,-5049074,motion
2036211,-5019311,-4851703,motion
2036219,-3078334,-3593490,motion
2036227,-5057833,-5017696,motion
2036235,-4763944,-3575972,motion
2036243,-4166216,-5050690,motion
2036252,-5015824,-4836991,motion
2036260,-2950267,-3674021,motion
2036268,-5070248,-5014549,motion
2036276,-4732650,-3454879,motion
2036284,-4235267,-5052220,motion
2036292,-5011742,-4817602,motion
2036300,-2801367,-3756506,motion
2036308,-5076967,-5011403,motion
2036316,-4691832,-3295009,motion
2036324,-4288500,-5053751,motion
2036332,-5008426,-4800000,motion
2036340,-2676362,-3874878,motion
2036348,-5078753,-5008256,motion
2036356,-4661134,-3197726,motion
2036364,-4341819,-5053581,motion
2036372,-5004090,-4778826,motion
2036380,-2599319,-3992231,motion
2036388,-5076797,-5004685,motion
2036396,-4617850,-3085052,motion
2036404,-4393861,-5052731,motion
2036412,-4999243,-4753400,motion
2036420,-2464194,-4098527,motion
2036428,-5075011,-5000603,motion
2036436,-4568953,-2977820,motion
2036444,-4421414,-5054772,motion
2036452,-4994566,-4719725,motion
2036460,-2361554,-4198105,motion
2036468,-5074501,-4998987,motion
2036476,-4514445,-2805194,motion
2036484,-4435105,-5056472,motion
2036492,-4993375,-4693193,motion
2036500,-2235954,-4229570,motion
2036508,-5073565,-4995501,motion
2036516,-4447860,-2708676,motion
2036524,-4459085,-5057153,motion
2036532,-4987847,-4657903,motion
2036541,-2173877,-4326001,motion
2036549,-5071950,-4992440,motion
2036557,-4392926,-2632908,motion
2036565,-4483916,-5056983,motion
2036573,-4981725,-4621932,motion
2036581,-2173366,-4429748,motion
2036589,-5072460,-4988953,motion
2036597,-4337567,-2589879,motion
2036605,-4565552,-5057153,motion
2036613,-4970245,-4564701,motion
2036621,-2145645,-4516401,motion
2036629,-5070078,-4983341,motion
2036637,-4183224,-2386810,motion
2036645,-4564021,-5056302,motion
2036653,-4964972,-4527285,motion
2036661,-2136630,-4585875,motion
2036669,-5068208,-4979004,motion
2036677,-4146318,-2398716,motion
2036685,-4618020,-5052306,motion
2036693,-4951026,-4461721,motion
2036701,-2171751,-4619295,motion
2036709,-5064721,-4969140,motion
2036717,-4025650,-2331791,motion
2036725,-4632901,-5051371,motion
2036733,-4937505,-4363928,motion
2036741,-2232213,-4682819,motion
2036749,-5061319,-4965482,motion
2036757,-3914847,-2304919,motion
2036765,-4693874,-5048564,motion
2036773,-4929682,-4353213,motion
2036781,-2338849,-4766325,motion
2036789,-5058003,-4954513,motion
2036797,-3858297,-2320822,motion
2036805,-4739708,-5045248,motion
2036813,-4915821,-4289776,motion
2036821,-2442765,-4802296,motion
2036829,-5055537,-4943203,motion
2036837,-3782613,-2394804,motion
2036845,-4756971,-5043462,motion
2036854,-4907742,-4281017,motion
2036862,-2720496,-4895922,motion
2036870,-5052560,-4936144,motion
2036878,-3702508,-2488345,motion
2036886,-4800340,-5035893,motion
2036894,-4896517,-4277701,motion
2036902,-2904518,-4938016,motion
2036910,-5047289,-4922624,motion
2036918,-3722407,-2607312,motion
2036926,-4822110,-5029686,motion
2036934,-4882231,-4250914,motion
2036942,-3076463,-4957234,motion
2036950,-5042017,-4911144,motion
2036958,-3742221,-2817099,motion
2036966,-4818113,-5025774,motion
2036974,-4879085,-4289606,motion
2036982,-3361253,-4985041,motion
2036990,-5038700,-4908678,motion
2036998,-3787035,-3048826,motion
2037006,-4870070,-5021097,motion
2037014,-4873387,-4325322,motion
2037022,-3572996,-5003324,motion
2037030,-5033683,-4899664,motion
2037038,-3840949,-3221707,motion
2037046,-4914716,-5018036,motion
2037054,-4865309,-4329063,motion
2037062,-3723768,-5010212,motion
2037070,-5027815,-4892010,motion
2037078,-3823346,-3416103,motion
2037086,-4943884,-5015824,motion
2037094,-4860716,-4336462,motion
2037102,-3918248,-5022968,motion
2037110,-5023478,-4890225,motion
2037118,-3832275,-3606245,motion
2037126,-4996521,-5013189,motion
2037134,-4855104,-4357125,motion
2037142,-4064427,-5029260,motion
2037150,-5018121,-4884697,motion
2037159,-3828448,-3746558,motion
2037167,-5011488,-5010212,motion
2037175,-4842179,-4326001,motion
2037183,-4143002,-5030876,motion
2037191,-5011828,-4877129,motion
2037199,-3790777,-3866970,motion
2037207,-5029176,-5007916,motion
2037215,-4834185,-4314011,motion
2037223,-4224807,-5031556,motion
2037231,-5008511,-4872962,motion
2037239,-3754381,-3975393,motion
2037247,-5041080,-5005025,motion
2037255,-4821684,-4275149,motion
2037263,-4292497,-5031556,motion
2037271,-5003920,-4865989,motion
2037279,-3716879,-4076077,motion
2037287,-5049755,-5001453,motion
2037295,-4807994,-4239009,motion
2037303,-4328978,-5031897,motion
2037311,-4999413,-4857910,motion
2037319,-3664071,-4184925,motion
2037327,-5052731,-4997541,motion
2037335,-4795578,-4173614,motion
2037343,-4370051,-5031386,motion
2037351,-4994735,-4849577,motion
2037359,-3608287,-4276510,motion
2037367,-5052051,-4994480,motion
2037375,-4781036,-4121742,motion
2037383,-4390545,-5030706,motion
2037391,-4990228,-4837332,motion
2037399,-3525630,-4369031,motion
2037407,-5051541,-4990568,motion
2037415,-4765560,-4049546,motion
2037423,-4423880,-5030962,motion
2037431,-4985807,-4826106,motion
2037439,-3439743,-4430853,motion
2037447,-5049925,-4987337,motion
2037455,-4748212,-3995462,motion
2037463,-4448881,-5031472,motion
2037472,-4981895,-4813095,motion
2037480,-3343821,-4498117,motion
2037488,-5048054,-4983595,motion
2037496,-4723637,-3917227,motion
2037504,-4499733,-5031727,motion
2037512,-4978068,-4797959,motion
2037520,-3242031,-4558068,motion
2037528,-5046608,-4979939,motion
2037536,-4694894,-3808804,motion
2037544,-4502879,-5032917,motion
2037552,-4973306,-4778910,motion
2037560,-3130292,-4611217,motion
2037568,-5046183,-4976878,motion
2037576,-4661474,-3686692,motion
2037584,-4534598,-5033767,motion
2037592,-4969735,-4761903,motion
2037600,-3041258,-4655947,motion
2037608,-5044227,-4974496,motion
2037616,-4625078,-3565938,motion
2037624,-4593189,-5033683,motion
2037632,-4964037,-4737667,motion
2037640,-2986578,-4711646,motion
2037648,-5043632,-4970925,motion
2037656,-4580179,-3426562,motion
2037664,-4589108,-5033937,motion
2037672,-4955618,-4709265,motion
2037680,-2923991,-4748637,motion
2037688,-5043972,-4967354,motion
2037696,-4522523,-3261844,motion
2037704,-4622272,-5033088,motion
2037712,-4946859,-4665215,motion
2037720,-2866336,-4792091,motion
2037728,-5042866,-4963612,motion
2037736,-4449050,-3127486,motion
2037744,-4648548,-5033258,motion
2037752,-4939206,-4621676,motion
2037760,-2791928,-4815137,motion
2037769,-5043377,-4957149,motion
2037776,-4352789,-2944655,motion
2037785,-4698295,-5033342,motion
2037793,-4930022,-4553562,motion
2037801,-2735463,-4832144,motion
2037809,-5044057,-4955534,motion
2037817,-4206950,-2750090,motion
2037825,-4724656,-5035298,motion
2037833,-4922454,-4487573,motion
2037841,-2693540,-4862248,motion
2037849,-5044397,-4945584,motion
2037857,-4049120,-2610629,motion
2037865,-4774149,-5035214,motion
2037873,-4908508,-4383572,motion
2037881,-2646770,-4851192,motion
2037889,-5045843,-4934274,motion
2037897,-3845201,-2476184,motion
2037905,-4778740,-5036659,motion
2037913,-4897538,-4228634,motion
2037921,-2636139,-4861992,motion
2037929,-5051285,-4934104,motion
2037937,-3653356,-2422781,motion
2037945,-4799830,-5038105,motion
2037953,-4895242,-4166811,motion
2037961,-2677808,-4896517,motion
2037969,-5054772,-4926025,motion
2037977,-3553947,-2381283,motion
2037985,-4817602,-5036998,motion
2037993,-4884612,-4068339,motion
2038001,-2755702,-4910209,motion
2038009,-5056218,-4917607,motion
2038017,-3459386,-2458496,motion
2038025,-4826106,-5037679,motion
2038033,-4878829,-3971481,motion
2038041,-2848053,-4937760,motion
2038049,-5055537,-4913865,motion
2038057,-3311591,-2463684,motion
2038065,-4852383,-5037594,motion
2038073,-4871772,-3914931,motion
2038082,-2924332,-4957574,motion
2038090,-5055453,-4904851,motion
2038098,-3222642,-2456881,motion
2038106,-4869305,-5037935,motion
2038114,-4863097,-3803192,motion
2038122,-2997804,-4964462,motion
2038130,-5056388,-4915311,motion
2038138,-3215499,-2456711,motion
2038146,-4868540,-5043122,motion
2038154,-4868710,-3706420,motion
2038162,-2990066,-4967524,motion
2038170,-5058344,-4904511,motion
2038178,-3013790,-2517343,motion
2038186,-4888269,-5042782,motion
2038194,-4852128,-3644172,motion
2038202,-3154443,-4991419,motion
2038210,-5053581,-4893370,motion
2038218,-2906814,-2559351,motion
2038226,-4909613,-5041336,motion
2038234,-4833504,-3527246,motion
2038242,-3288802,-5001538,motion
2038250,-5048479,-4881550,motion
2038258,-2784870,-2687672,motion
2038266,-4916416,-5040315,motion
2038274,-4814881,-3408023,motion
2038282,-3470696,-5017440,motion
2038290,-5045928,-4877299,motion
2038298,-2686057,-2859958,motion
2038306,-4968289,-5037849,motion
2038314,-4795578,-3345182,motion
2038322,-3623509,-5036233,motion
2038330,-5039805,-4859356,motion
2038338,-2591920,-2918038,motion
2038346,-4995331,-5033002,motion
2038354,-4760883,-3180889,motion
2038362,-3733546,-5041336,motion
2038370,-5035383,-4842349,motion
2038378,-2483157,-3108097,motion
2038386,-5030876,-5031302,motion
2038395,-4726528,-3040237,motion
2038403,-3894863,-5052646,motion
2038411,-5032407,-4834100,motion
2038419,-2408495,-3321541,motion
2038427,-5068888,-5027304,motion
2038435,-4703228,-3022720,motion
2038443,-4056008,-5060044,motion
2038451,-5027560,-4815051,motion
2038459,-2337829,-3481666,motion
2038467,-5085215,-5024329,motion
2038475,-4670148,-2926967,motion
2038483,-4141131,-5062510,motion
2038491,-5024329,-4797789,motion
2038499,-2277792,-3609987,motion
2038507,-5088191,-5019056,motion
2038515,-4621676,-2829515,motion
2038523,-4202698,-5061319,motion
2038531,-5017696,-4766240,motion
2038539,-2151512,-3717814,motion
2038547,-5085726,-5015314,motion
2038555,-4574991,-2730192,motion
2038563,-4295303,-5060724,motion
2038571,-5013103,-4737413,motion
2038579,-2094197,-3850813,motion
2038587,-5082834,-5011233,motion
2038595,-4520908,-2624319,motion
2038603,-4357551,-5060470,motion
2038611,-5006811,-4698381,motion
2038619,-2023191,-3965698,motion
2038627,-5079943,-5007321,motion
2038635,-4458150,-2538602,motion
2038643,-4398538,-5060129,motion
2038651,-5002984,-4672358,motion
2038659,-1978206,-4097167,motion
2038667,-5077902,-5002899,motion
2038675,-4387739,-2442339,motion
2038683,-4437996,-5059619,motion
2038692,-4993970,-4623462,motion
2038700,-1913322,-4190197,motion
2038708,-5075691,-4997371,motion
2038716,-4314862,-2379242,motion
2038724,-4451006,-5058258,motion
2038732,-4985381,-4584175,motion
2038740,-1925653,-4301766,motion
2038748,-5075181,-4994566,motion
2038756,-4260778,-2341996,motion
2038764,-4496757,-5058344,motion
2038772,-4978664,-4546164,motion
2038780,-1959243,-4416566,motion
2038788,-5074076,-4993630,motion
2038796,-4193853,-2276346,motion
2038804,-4564787,-5055622,motion
2038812,-4969989,-4506876,motion
2038820,-1975060,-4488763,motion
2038828,-5070759,-4984786,motion
2038836,-4107286,-2215460,motion
2038844,-4596250,-5054857,motion
2038852,-4957659,-4440122,motion
2038860,-2011030,-4526435,motion
2038868,-5067273,-4977048,motion
2038876,-4004986,-2177278,motion
2038884,-4590043,-5053581,motion
2038892,-4949326,-4374388,motion
2038900,-2109759,-4615724,motion
2038908,-5065571,-4972966,motion
2038916,-3908809,-2152617,motion
2038924,-4653735,-5050860,motion
2038932,-4940396,-4339437,motion
2038940,-2162482,-4691492,motion
2038948,-5063871,-4963612,motion
2038956,-3823346,-2144964,motion
2038964,-4699570,-5048819,motion
2038972,-4928322,-4261288,motion
2038980,-2225239,-4716493,motion
2038988,-5064296,-4952897,motion
2038996,-3710501,-2161462,motion
2039004,-4725763,-5047629,motion
2039013,-4920582,-4198446,motion
2039021,-2331366,-4770067,motion
2039029,-5063786,-4949240,motion
2039037,-3616450,-2203725,motion
2039045,-4776275,-5044738,motion
2039053,-4912079,-4154142,motion
2039061,-2436812,-4823215,motion
2039069,-5062935,-4937675,motion
2039077,-3514575,-2213249,motion
2039085,-4809013,-5042101,motion
2039093,-4898558,-4026755,motion
2039101,-2509859,-4843114,motion
2039109,-5062000,-4924580,motion
2039117,-3345861,-2270904,motion
2039125,-4838351,-5040740,motion
2039133,-4886738,-3925901,motion
2039141,-2697026,-4904596,motion
2039149,-5060895,-4920582,motion
2039157,-3284465,-2392083,motion
2039165,-4854254,-5041251,motion
2039173,-4881381,-3894692,motion
2039181,-2859618,-4951622,motion
2039189,-5058854,-4910293,motion
2039197,-3208781,-2443020,motion
2039205,-4871772,-5040486,motion
2039213,-4865819,-3779552,motion
2039221,-2976119,-4965653,motion
2039229,-5054857,-4898813,motion
2039237,-3077909,-2543619,motion
2039245,-4876278,-5040910,motion
2039253,-4849917,-3660074,motion
2039261,-3212183,-4994055,motion
2039269,-5052136,-4892691,motion
2039277,-2995337,-2685886,motion
2039285,-4910123,-5039465,motion
2039293,-4837076,-3614920,motion
2039302,-3393992,-5015229,motion
2039309,-5046948,-4883336,motion
2039317,-2890657,-2760125,motion
2039326,-4948305,-5037084,motion
2039334,-4814031,-3504796,motion
2039342,-3526991,-5023223,motion
2039350,-5042271,-4870496,motion
2039358,-2793884,-2925692,motion
2039366,-4969819,-5035468,motion
2039374,-4793452,-3397309,motion
2039382,-3719175,-5038445,motion
2039390,-5038700,-4865139,motion
2039398,-2719817,-3116090,motion
2039406,-5023903,-5031897,motion
2039414,-4772958,-3329279,motion
2039422,-3869861,-5050435,motion
2039430,-5031897,-4848131,motion
2039438,-2645919,-3210822,motion
2039446,-5045587,-5026199,motion
2039454,-4740814,-3221452,motion
2039462,-3995206,-5052816,rest
2039470,-5026455,-4829252,rest
2039478,-2554504,-3413551,rest
2039486,-5066337,-5024159,rest
2039494,-4711050,-3143302,rest
2039502,-4138750,-5058003,rest
2039510,-5023478,-4822875,rest
2039518,-2507989,-3599953,rest
