# EXP02 capture  port=COM8  start=2026-10-01T21:31:10.8439212+03:00
[00:00:20.396,179] [0m<inf> exp02_logging: XY 20396 -8355840 -802_logging: XY 22129 -8355840 -8355840[ exp02_logging: XY 20404 -8355840 -8355840[0m
[00:00:20.412,200] [0m<inf> exp02_logging: XY 20412 -8355840 -8355840[0m
[00:00:20.420,227] [0m<inf> exp02_logging: XY 20420 -8355840 -8355840[0m
[00:00:20.428,283] [0m<inf> exp02_logging: XY 20428 -8355840 -8355840[0m
[00:00:20.436,309] [0m<inf> exp02_logging: XY 20436 -8355840 -8355840[0m
[00:00:20.444,335] [0m<inf> exp02_logging: XY 20444 -8355840 -8355840[0m
[00:00:20.452,362] [0m<inf> exp02_logging: XY 20452 -8355840 -8355840[0m
[00:00:20.460,388] [0m<inf> exp02_logging: XY 20460 -8355840 -8355840[0m
[00:00:20.468,414] [0m<inf> exp02_logging: XY 20468 -8355840 -8355840[0m
[00:00:20.476,440] [0m<inf> exp02_logging: XY 20476 -8355840 -8355840[0m
[00:00:20.484,466] [0m<inf> exp02_logging: XY 20484 -8355840 -8355840[0m
[00:00:20.492,492] [0m<inf> exp02_logging: XY 20492 -8355840 -8355840[0m
[00:00:20.500,518] [0m<inf> exp02_logging: XY 20500 -8355840 -8355840[0m
[00:00:20.508,544] [0m<inf> exp02_logging: XY 20508 -8355840 -8355840[0m
[00:00:20.516,571] [0m<inf> exp02_logging: XY 20516 -8355840 -8355840[0m
[00:00:20.524,597] [0m<inf> exp02_logging: XY 20524 -8355840 -8355840[0m
[00:00:20.532,623] [0m<inf> exp02_logging: XY 20532 -8355840 -8355840[0m
[00:00:20.540,649] [0m<inf> exp02_logging: XY 20540 -8355840 -8355840[0m
[00:00:20.548,675] [0m<inf> exp02_logging: XY 20548 -8355840 -8355840[0m
[00:00:20.556,701] [0m<inf> exp02_logging: XY 20556 -8355840 -8355840[0m
[00:00:20.564,727] [0m<inf> exp02_logging: XY 20564 -8355840 -8355840[0m
[00:00:20.572,753] [0m<inf> exp02_logging: XY 20572 -8355840 -8355840[0m
[00:00:20.580,780] [0m<inf> exp02_logging: XY 20580 -8355840 -8355840[0m
[00:00:20.588,806] [0m<inf> exp02_logging: XY 20588 -8355840 -8355840[0m
[00:00:20.596,832] [0m<inf> exp02_logging: XY 20596 -8355840 -8355840[0m
[00:00:20.604,858] [0m<inf> exp02_logging: XY 20604 -8355840 -8355840[0m
[00:00:20.612,884] [0m<inf> exp02_logging: XY 20612 -8355840 -8355840[0m
[00:00:20.620,910] [0m<inf> exp02_logging: XY 20620 -8355840 -8355840[0m
[00:00:20.628,936] [0m<inf> exp02_logging: XY 20628 -8355840 -8355840[0m
[00:00:20.636,962] [0m<inf> exp02_logging: XY 20636 -8355840 -8355840[0m
[00:00:20.644,989] [0m<inf> exp02_logging: XY 20644 -8355840 -8355840[0m
[00:00:20.653,015] [0m<inf> exp02_logging: XY 20652 -8355840 -8355840[0m
[00:00:20.661,041] [0m<inf> exp02_logging: XY 20661 -8355840 -8355840[0m
[00:00:20.669,067] [0m<inf> exp02_logging: XY 20669 -8355840 -8355840[0m
[00:00:20.677,093] [0m<inf> exp02_logging: XY 20677 -8355840 -8355840[0m
[00:00:20.685,119] [0m<inf> exp02_logging: XY 20685 -8355840 -8355840[0m
[00:00:20.693,145] [0m<inf> exp02_logging: XY 20693 -8355840 -8355840[0m
[00:00:20.701,171] [0m<inf> exp02_logging: XY 20701 -8355840 -8355840[0m
[00:00:20.709,197] [0m<inf> exp02_logging: XY 20709 -8355840 -8355840[0m
[00:00:20.717,224] [0m<inf> exp02_logging: XY 20717 -8355840 -8355840[0m
[00:00:20.725,250] [0m<inf> exp02_logging: XY 20725 -8355840 -8355840[0m
[00:00:20.733,276] [0m<inf> exp02_logging: XY 20733 -8355840 -8355840[0m
[00:00:20.741,302] [0m<inf> exp02_logging: XY 20741 -8355840 -8355840[0m
[00:00:20.749,328] [0m<inf> exp02_logging: XY 20749 -8355840 -8355840[0m
[00:00:20.757,354] [0m<inf> exp02_logging: XY 20757 -8355840 -8355840[0m
[00:00:20.765,380] [0m<inf> exp02_logging: XY 20765 -8355840 -8355840[0m
[00:00:20.773,406] [0m<inf> exp02_logging: XY 20773 -8355840 -8355840[0m
[00:00:20.781,433] [0m<inf> exp02_logging: XY 20781 -8355840 -8355840[0m
[00:00:20.789,459] [0m<inf> exp02_logging: XY 20789 -8355840 -8355840[0m
[00:00:20.797,485] [0m<inf> exp02_logging: XY 20797 -8355840 -8355840[0m
[00:00:20.805,511] [0m<inf> exp02_logging: XY 20805 -8355840 -8355840[0m
[00:00:20.813,537] [0m<inf> exp02_logging: XY 20813 -8355840 -8355840[0m
[00:00:20.821,563] [0m<inf> exp02_logging: XY 20821 -8355840 -8355840[0m
[00:00:20.829,589] [0m<inf> exp02_logging: XY 20829 -8355840 -8355840[0m
[00:00:20.837,615] [0m<inf> exp02_logging: XY 20837 -8355840 -8355840[0m
[00:00:20.845,642] [0m<inf> exp02_logging: XY 20845 -8355840 -8355840[0m
[00:00:20.853,668] [0m<inf> exp02_logging: XY 20853 -8355840 -8355840[0m
[00:00:20.861,694] [0m<inf> exp02_logging: XY 20861 -8355840 -8355840[0m
[00:00:20.869,720] [0m<inf> exp02_logging: XY 20869 -8355840 -8355840[0m
[00:00:20.877,746] [0m<inf> exp02_logging: XY 20877 -8355840 -8355840[0m
[00:00:20.885,772] [0m<inf> exp02_logging: XY 20885 -8355840 -8355840[0m
[00:00:20.893,798] [0m<inf> exp02_logging: XY 20893 -8355840 -8355840[0m
[00:00:20.901,824] [0m<inf> exp02_logging: XY 20901 -8355840 -8355840[0m
[00:00:20.909,851] [0m<inf> exp02_logging: XY 20909 -8355840 -8355840[0m
[00:00:20.917,877] [0m<inf> exp02_logging: XY 20917 -8355840 -8355840[0m
[00:00:20.925,903] [0m<inf> exp02_logging: XY 20925 -8355840 -8355840[0m
[00:00:20.933,929] [0m<inf> exp02_logging: XY 20933 -8355840 -8355840[0m
[00:00:20.941,955] [0m<inf> exp02_logging: XY 20941 -8355840 -8355840[0m
[00:00:20.949,981] [0m<inf> exp02_logging: XY 20949 -8355840 -8355840[0m
[00:00:20.958,007] [0m<inf> exp02_logging: XY 20957 -8355840 -8355840[0m
[00:00:20.966,033] [0m<inf> exp02_logging: XY 20966 -8355840 -8355840[0m
[00:00:20.974,060] [0m<inf> exp02_logging: XY 20974 -8355840 -8355840[0m
[00:00:20.982,086] [0m<inf> exp02_logging: XY 20982 -8355840 -8355840[0m
[00:00:20.990,112] [0m<inf> exp02_logging: XY 20990 -8355840 -8355840[0m
[00:00:20.998,138] [0m<inf> exp02_logging: XY 20998 -8355840 -8355840[0m
[00:00:21.006,164] [0m<inf> exp02_logging: XY 21006 -8355840 -8355840[0m
[00:00:21.014,190] [0m<inf> exp02_logging: XY 21014 -8355840 -8355840[0m
[00:00:21.022,216] [0m<inf> exp02_logging: XY 21022 -8355840 -8355840[0m
[00:00:21.030,242] [0m<inf> exp02_logging: XY 21030 -8355840 -8355840[0m
[00:00:21.038,269] [0m<inf> exp02_logging: XY 21038 -8355840 -8355840[0m
[00:00:21.046,295] [0m<inf> exp02_logging: XY 21046 -8355840 -8355840[0m
[00:00:21.054,321] [0m<inf> exp02_logging: XY 21054 -8355840 -8355840[0m
[00:00:21.062,347] [0m<inf> exp02_logging: XY 21062 -8355840 -8355840[0m
[00:00:21.070,373] [0m<inf> exp02_logging: XY 21070 -8355840 -8355840[0m
[00:00:21.078,399] [0m<inf> exp02_logging: XY 21078 -8355840 -8355840[0m
[00:00:21.086,425] [0m<inf> exp02_logging: XY 21086 -8355840 -8355840[0m
[00:00:21.094,451] [0m<inf> exp02_logging: XY 21094 -8355840 -8355840[0m
[00:00:21.102,478] [0m<inf> exp02_logging: XY 21102 -8355840 -8355840[0m
[00:00:21.110,504] [0m<inf> exp02_logging: XY 21110 -8355840 -8355840[0m
[00:00:21.118,530] [0m<inf> exp02_logging: XY 21118 -8355840 -8355840[0m
[00:00:21.126,556] [0m<inf> exp02_logging: XY 21126 -8355840 -8355840[0m
[00:00:21.134,582] [0m<inf> exp02_logging: XY 21134 -8355840 -8355840[0m
[00:00:21.142,608] [0m<inf> exp02_logging: XY 21142 -8355840 -8355840[0m
[00:00:21.150,634] [0m<inf> exp02_logging: XY 21150 -8355840 -8355840[0m
[00:00:21.158,660] [0m<inf> exp02_logging: XY 21158 -8355840 -8355840[0m
[00:00:21.166,687] [0m<inf> exp02_logging: XY 21166 -8355840 -8355840[0m
[00:00:21.174,713] [0m<inf> exp02_logging: XY 21174 -8355840 -8355840[0m
[00:00:21.182,739] [0m<inf> exp02_logging: XY 21182 -8355840 -8355840[0m
[00:00:21.190,765] [0m<inf> exp02_logging: XY 21190 -8355840 -8355840[0m
[00:00:21.198,791] [0m<inf> exp02_logging: XY 21198 -8355840 -8355840[0m
[00:00:21.206,817] [0m<inf> exp02_logging: XY 21206 -8355840 -8355840[0m
[00:00:21.214,843] [0m<inf> exp02_logging: XY 21214 -8355840 -8355840[0m
[00:00:21.222,869] [0m<inf> exp02_logging: XY 21222 -8355840 -8355840[0m
[00:00:21.230,895] [0m<inf> exp02_logging: XY 21230 -8355840 -8355840[0m
[00:00:21.238,922] [0m<inf> exp02_logging: XY 21238 -8355840 -8355840[0m
[00:00:21.246,948] [0m<inf> exp02_logging: XY 21246 -8355840 -8355840[0m
[00:00:21.254,974] [0m<inf> exp02_logging: XY 21254 -8355840 -8355840[0m
[00:00:21.263,000] [0m<inf> exp02_logging: XY 21262 -8355840 -8355840[0m
[00:00:21.271,026] [0m<inf> exp02_logging: XY 21271 -8355840 -8355840[0m
[00:00:21.279,052] [0m<inf> exp02_logging: XY 21279 -8355840 -8355840[0m
[00:00:21.287,078] [0m<inf> exp02_logging: XY 21287 -8355840 -8355840[0m
[00:00:21.295,104] [0m<inf> exp02_logging: XY 21295 -8355840 -8355840[0m
[00:00:21.303,131] [0m<inf> exp02_logging: XY 21303 -8355840 -8355840[0m
[00:00:21.311,157] [0m<inf> exp02_logging: XY 21311 -8355840 -8355840[0m
[00:00:21.319,183] [0m<inf> exp02_logging: XY 21319 -8355840 -8355840[0m
[00:00:21.327,209] [0m<inf> exp02_logging: XY 21327 -8355840 -8355840[0m
[00:00:21.335,235] [0m<inf> exp02_logging: XY 21335 -8355840 -8355840[0m
[00:00:21.343,261] [0m<inf> exp02_logging: XY 21343 -8355840 -8355840[0m
[00:00:21.351,287] [0m<inf> exp02_logging: XY 21351 -8355840 -8355840[0m
[00:00:21.359,313] [0m<inf> exp02_logging: XY 21359 -8355840 -8355840[0m
[00:00:21.367,340] [0m<inf> exp02_logging: XY 21367 -8355840 -8355840[0m
[00:00:21.375,366] [0m<inf> exp02_logging: XY 21375 -8355840 -8355840[0m
[00:00:21.383,392] [0m<inf> exp02_logging: XY 21383 -8355840 -8355840[0m
[00:00:21.391,418] [0m<inf> exp02_logging: XY 21391 -8355840 -8355840[0m
[00:00:21.399,444] [0m<inf> exp02_logging: XY 21399 -8355840 -8355840[0m
[00:00:21.407,470] [0m<inf> exp02_logging: XY 21407 -8355840 -8355840[0m
[00:00:21.415,496] [0m<inf> exp02_logging: XY 21415 -8355840 -8355840[0m
[00:00:21.423,522] [0m<inf> exp02_logging: XY 21423 -8355840 -8355840[0m
[00:00:21.431,549] [0m<inf> exp02_logging: XY 21431 -8355840 -8355840[0m
[00:00:21.439,575] [0m<inf> exp02_logging: XY 21439 -8355840 -8355840[0m
[00:00:21.447,601] [0m<inf> exp02_logging: XY 21447 -8355840 -8355840[0m
[00:00:21.455,627] [0m<inf> exp02_logging: XY 21455 -8355840 -8355840[0m
[00:00:21.463,653] [0m<inf> exp02_logging: XY 21463 -8355840 -8355840[0m
[00:00:21.471,679] [0m<inf> exp02_logging: XY 21471 -8355840 -8355840[0m
[00:00:21.479,705] [0m<inf> exp02_logging: XY 21479 -8355840 -8355840[0m
[00:00:21.487,731] [0m<inf> exp02_logging: XY 21487 -8355840 -8355840[0m
[00:00:21.495,758] [0m<inf> exp02_logging: XY 21495 -8355840 -8355840[0m
[00:00:21.503,784] [0m<inf> exp02_logging: XY 21503 -8355840 -8355840[0m
[00:00:21.511,810] [0m<inf> exp02_logging: XY 21511 -8355840 -8355840[0m
[00:00:21.519,836] [0m<inf> exp02_logging: XY 21519 -8355840 -8355840[0m
[00:00:21.527,862] [0m<inf> exp02_logging: XY 21527 -8355840 -8355840[0m
[00:00:21.535,888] [0m<inf> exp02_logging: XY 21535 -8355840 -8355840[0m
[00:00:21.543,914] [0m<inf> exp02_logging: XY 21543 -8355840 -8355840[0m
[00:00:21.551,940] [0m<inf> exp02_logging: XY 21551 -8355840 -8355840[0m
[00:00:21.559,967] [0m<inf> exp02_logging: XY 21559 -8355840 -8355840[0m
[00:00:21.567,993] [0m<inf> exp02_logging: XY 21567 -8355840 -8355840[0m
[00:00:21.576,019] [0m<inf> exp02_logging: XY 21576 -8355840 -8355840[0m
[00:00:21.584,045] [0m<inf> exp02_logging: XY 21584 -8355840 -8355840[0m
[00:00:21.592,071] [0m<inf> exp02_logging: XY 21592 -8355840 -8355840[0m
[00:00:21.600,097] [0m<inf> exp02_logging: XY 21600 -8355840 -8355840[0m
[00:00:21.608,123] [0m<inf> exp02_logging: XY 21608 -8355840 -8355840[0m
[00:00:21.616,149] [0m<inf> exp02_logging: XY 21616 -8355840 -8355840[0m
[00:00:21.624,176] [0m<inf> exp02_logging: XY 21624 -8355840 -8355840[0m
[00:00:21.632,202] [0m<inf> exp02_logging: XY 21632 -8355840 -8355840[0m
[00:00:21.640,228] [0m<inf> exp02_logging: XY 21640 -8355840 -8355840[0m
[00:00:21.648,254] [0m<inf> exp02_logging: XY 21648 -8355840 -8355840[0m
[00:00:21.656,280] [0m<inf> exp02_logging: XY 21656 -8355840 -8355840[0m
[00:00:21.664,306] [0m<inf> exp02_logging: XY 21664 -8355840 -8355840[0m
[00:00:21.672,332] [0m<inf> exp02_logging: XY 21672 -8355840 -8355840[0m
[00:00:21.680,358] [0m<inf> exp02_logging: XY 21680 -8355840 -8355840[0m
[00:00:21.688,385] [0m<inf> exp02_logging: XY 21688 -8355840 -8355840[0m
[00:00:21.696,411] [0m<inf> exp02_logging: XY 21696 -8355840 -8355840[0m
[00:00:21.704,437] [0m<inf> exp02_logging: XY 21704 -8355840 -8355840[0m
[00:00:21.712,463] [0m<inf> exp02_logging: XY 21712 -8355840 -8355840[0m
[00:00:21.720,489] [0m<inf> exp02_logging: XY 21720 -8355840 -8355840[0m
[00:00:21.728,515] [0m<inf> exp02_logging: XY 21728 -8355840 -8355840[0m
[00:00:21.736,541] [0m<inf> exp02_logging: XY 21736 -8355840 -8355840[0m
[00:00:21.744,567] [0m<inf> exp02_logging: XY 21744 -8355840 -8355840[0m
[00:00:21.752,593] [0m<inf> exp02_logging: XY 21752 -8355840 -8355840[0m
[00:00:21.760,620] [0m<inf> exp02_logging: XY 21760 -8355840 -8355840[0m
[00:00:21.768,646] [0m<inf> exp02_logging: XY 21768 -8355840 -8355840[0m
[00:00:21.776,672] [0m<inf> exp02_logging: XY 21776 -8355840 -8355840[0m
[00:00:21.784,698] [0m<inf> exp02_logging: XY 21784 -8355840 -8355840[0m
[00:00:21.792,724] [0m<inf> exp02_logging: XY 21792 -8355840 -8355840[0m
[00:00:21.800,750] [0m<inf> exp02_logging: XY 21800 -8355840 -8355840[0m
[00:00:21.808,776] [0m<inf> exp02_logging: XY 21808 -8355840 -8355840[0m
[00:00:21.816,802] [0m<inf> exp02_logging: XY 21816 -8355840 -8355840[0m
[00:00:21.824,829] [0m<inf> exp02_logging: XY 21824 -8355840 -8355840[0m
[00:00:21.832,855] [0m<inf> exp02_logging: XY 21832 -8355840 -8355840[0m
[00:00:21.840,881] [0m<inf> exp02_logging: XY 21840 -8355840 -8355840[0m
[00:00:21.848,907] [0m<inf> exp02_logging: XY 21848 -8355840 -8355840[0m
[00:00:21.856,933] [0m<inf> exp02_logging: XY 21856 -8355840 -8355840[0m
[00:00:21.864,959] [0m<inf> exp02_logging: XY 21864 -8355840 -8355840[0m
[00:00:21.872,985] [0m<inf> exp02_logging: XY 21872 -8355840 -8355840[0m
[00:00:21.881,011] [0m<inf> exp02_logging: XY 21881 -8355840 -8355840[0m
[00:00:21.889,038] [0m<inf> exp02_logging: XY 21889 -8355840 -8355840[0m
[00:00:21.897,064] [0m<inf> exp02_logging: XY 21897 -8355840 -8355840[0m
[00:00:21.905,090] [0m<inf> exp02_logging: XY 21905 -8355840 -8355840[0m
[00:00:21.913,116] [0m<inf> exp02_logging: XY 21913 -8355840 -8355840[0m
[00:00:21.921,142] [0m<inf> exp02_logging: XY 21921 -8355840 -8355840[0m
[00:00:21.929,168] [0m<inf> exp02_logging: XY 21929 -8355840 -8355840[0m
[00:00:21.937,194] [0m<inf> exp02_logging: XY 21937 -8355840 -8355840[0m
[00:00:21.945,220] [0m<inf> exp02_logging: XY 21945 -8355840 -8355840[0m
[00:00:21.953,247] [0m<inf> exp02_logging: XY 21953 -8355840 -8355840[0m
[00:00:21.961,273] [0m<inf> exp02_logging: XY 21961 -8355840 -8355840[0m
[00:00:21.969,299] [0m<inf> exp02_logging: XY 21969 -8355840 -8355840[0m
[00:00:21.977,325] [0m<inf> exp02_logging: XY 21977 -8355840 -8355840[0m
[00:00:21.985,351] [0m<inf> exp02_logging: XY 21985 -8355840 -8355840[0m
[00:00:21.993,377] [0m<inf> exp02_logging: XY 21993 -8355840 -8355840[0m
[00:00:22.001,403] [0m<inf> exp02_logging: XY 22001 -8355840 -8355840[0m
[00:00:22.009,429] [0m<inf> exp02_logging: XY 22009 -8355840 -8355840[0m
[00:00:22.017,456] [0m<inf> exp02_logging: XY 22017 -8355840 -8355840[0m
[00:00:22.025,482] [0m<inf> exp02_logging: XY 22025 -8355840 -8355840[0m
[00:00:22.033,508] [0m<inf> exp02_logging: XY 22033 -8355840 -8355840[0m
[00:00:22.041,534] [0m<inf> exp02_logging: XY 22041 -8355840 -8355840[0m
[00:00:22.049,560] [0m<inf> exp02_logging: XY 22049 -8355840 -8355840[0m
[00:00:22.057,586] [0m<inf> exp02_logging: XY 22057 -8355840 -8355840[0m
[00:00:22.065,612] [0m<inf> exp02_logging: XY 22065 -8355840 -8355840[0m
[00:00:22.073,638] [0m<inf> exp02_logging: XY 22073 -8355840 -8355840[0m
[00:00:22.081,665] [0m<inf> exp02_logging: XY 22081 -8355840 -8355840[0m
[00:00:22.089,691] [0m<inf> exp02_logging: XY 22089 -8355840 -8355840[0m
[00:00:22.097,717] [0m<inf> exp02_logging: XY 22097 -8355840 -8355840[0m
[00:00:22.105,743] [0m<inf> exp02_logging: XY 22105 -8355840 -8355840[0m
[00:00:22.113,769] [0m<inf> exp02_logging: XY 22113 -8355840 -8355840[0m
[00:00:22.121,795] [0m<inf> exp02_logging: XY 22121 -8355840 -8355840[0m
[00:00:22.129,821] [0m<inf> exp02_logging: XY 22129 -8355840 -8355840[[00:00:52.452,514] [0m<inf> exp02_logging: XY 52452 -8355840 -8355840[0m
[00:00:52.460,815] [0m<inf> exp02_logging: XY 52460 -8355840 -8355840[0m
[00:00:52.468,841] [0m<inf> exp02_logging: XY 52468 -8355840 -8355840[0m
[00:00:52.476,745] [0m<inf> exp02_logging: XY 52476 -8355840 -8355840[0m
[00:00:52.484,710] [0m<inf> exp02_logging: XY 52484 -8355840 -8355840[0m
[00:00:52.492,645] [0m<inf> exp02_logging: XY 52492 -8355840 -8355840[0m
[00:00:52.500,701] [0m<inf> exp02_logging: XY 52500 -8355840 -8355840[0m
[00:00:52.508,728] [0m<inf> exp02_logging: XY 52508 -8355840 -8355840[0m
[00:00:52.516,723] [0m<inf> exp02_logging: XY 52516 -8355840 -8355840[0m
[00:00:52.524,780] [0m<inf> exp02_logging: XY 52524 -8355840 -8355840[0m
[00:00:52.532,775] [0m<inf> exp02_logging: XY 52532 -8355840 -8355840[0m
[00:00:52.540,832] [0m<inf> exp02_logging: XY 52540 -8355840 -8355840[0m
[00:00:52.548,828] [0m<inf> exp02_logging: XY 52548 -8355840 -8355840[0m
[00:00:52.556,884] [0m<inf> exp02_logging: XY 52556 -8355840 -8355840[0m
[00:00:52.564,880] [0m<inf> exp02_logging: XY 52564 -8355840 -8355840[0m
[00:00:52.572,937] [0m<inf> exp02_logging: XY 52572 -8355840 -8355840[0m
[00:00:52.580,932] [0m<inf> exp02_logging: XY 52580 -8355840 -8355840[0m
[00:00:52.588,989] [0m<inf> exp02_logging: XY 52588 -8355840 -8355840[0m
[00:00:52.596,984] [0m<inf> exp02_logging: XY 52596 -8355840 -8355840[0m
[00:00:52.605,041] [0m<inf> exp02_logging: XY 52605 -8355840 -8355840[0m
[00:00:52.613,037] [0m<inf> exp02_logging: XY 52613 -8355840 -8355840[0m
[00:00:52.621,093] [0m<inf> exp02_logging: XY 52621 -8355840 -8355840[0m
[00:00:52.629,089] [0m<inf> exp02_logging: XY 52629 -8355840 -8355840[0m
[00:00:52.637,145] [0m<inf> exp02_logging: XY 52637 -8355840 -8355840[0m
[00:00:52.645,141] [0m<inf> exp02_logging: XY 52645 -8355840 -8355840[0m
[00:00:52.653,198] [0m<inf> exp02_logging: XY 52653 -8355840 -8355840[0m
[00:00:52.661,193] [0m<inf> exp02_logging: XY 52661 -8355840 -8355840[0m
[00:00:52.669,250] [0m<inf> exp02_logging: XY 52669 -8355840 -8355840[0m
[00:00:52.677,246] [0m<inf> exp02_logging: XY 52677 -8355840 -8355840[0m
[00:00:52.685,302] [0m<inf> exp02_logging: XY 52685 -8355840 -8355840[0m
[00:00:52.693,298] [0m<inf> exp02_logging: XY 52693 -8355840 -8355840[0m
[00:00:52.701,354] [0m<inf> exp02_logging: XY 52701 -8355840 -8355840[0m
[00:00:52.709,350] [0m<inf> exp02_logging: XY 52709 -8355840 -8355840[0m
[00:00:52.717,407] [0m<inf> exp02_logging: XY 52717 -8355840 -8355840[0m
[00:00:52.725,402] [0m<inf> exp02_logging: XY 52725 -8355840 -8355840[0m
[00:00:52.733,459] [0m<inf> exp02_logging: XY 52733 -8355840 -8355840[0m
[00:00:52.741,455] [0m<inf> exp02_logging: XY 52741 -8355840 -8355840[0m
[00:00:52.749,511] [0m<inf> exp02_logging: XY 52749 -8355840 -8355840[0m
[00:00:52.757,507] [0m<inf> exp02_logging: XY 52757 -8355840 -8355840[0m
[00:00:52.765,563] [0m<inf> exp02_logging: XY 52765 -8355840 -8355840[0m
[00:00:52.773,559] [0m<inf> exp02_logging: XY 52773 -8355840 -8355840[0m
[00:00:52.781,616] [0m<inf> exp02_logging: XY 52781 -8355840 -8355840[0m
[00:00:52.789,611] [0m<inf> exp02_logging: XY 52789 -8355840 -8355840[0m
[00:00:52.797,668] [0m<inf> exp02_logging: XY 52797 -8355840 -8355840[0m
[00:00:52.805,664] [0m<inf> exp02_logging: XY 52805 -8355840 -8355840[0m
[00:00:52.813,720] [0m<inf> exp02_logging: XY 52813 -8355840 -8355840[0m
[00:00:52.821,716] [0m<inf> exp02_logging: XY 52821 -8355840 -8355840[0m
[00:00:52.829,772] [0m<inf> exp02_logging: XY 52829 -8355840 -8355840[0m
[00:00:52.837,768] [0m<inf> exp02_logging: XY 52837 -8355840 -8355840[0m
[00:00:52.845,825] [0m<inf> exp02_logging: XY 52845 -8355840 -8355840[0m
[00:00:52.853,820] [0m<inf> exp02_logging: XY 52853 -8355840 -8355840[0m
[00:00:52.861,877] [0m<inf> exp02_logging: XY 52861 -8355840 -8355840[0m
[00:00:52.869,873] [0m<inf> exp02_logging: XY 52869 -8355840 -8355840[0m
[00:00:52.877,929] [0m<inf> exp02_logging: XY 52877 -8355840 -8355840[0m
[00:00:52.885,925] [0m<inf> exp02_logging: XY 52885 -8355840 -8355840[0m
[00:00:52.893,981] [0m<inf> exp02_logging: XY 52893 -8355840 -8355840[0m
[00:00:52.901,977] [0m<inf> exp02_logging: XY 52901 -8355840 -8355840[0m
[00:00:52.910,034] [0m<inf> exp02_logging: XY 52910 -8355840 -8355840[0m
[00:00:52.918,029] [0m<inf> exp02_logging: XY 52918 -8355840 -8355840[0m
[00:00:52.926,086] [0m<inf> exp02_logging: XY 52926 -8355840 -8355840[0m
[00:00:52.934,082] [0m<inf> exp02_logging: XY 52934 -8355840 -8355840[0m
[00:00:52.942,138] [0m<inf> exp02_logging: XY 52942 -8355840 -8355840[0m
[00:00:52.950,134] [0m<inf> exp02_logging: XY 52950 -8355840 -8355840[0m
[00:00:52.958,190] [0m<inf> exp02_logging: XY 52958 -8355840 -8355840[0m
[00:00:52.966,186] [0m<inf> exp02_logging: XY 52966 -8355840 -8355840[0m
[00:00:52.974,243] [0m<inf> exp02_logging: XY 52974 -8355840 -8355840[0m
[00:00:52.982,238] [0m<inf> exp02_logging: XY 52982 -8355840 -8355840[0m
[00:00:52.990,295] [0m<inf> exp02_logging: XY 52990 -8355840 -8355840[0m
[00:00:52.998,291] [0m<inf> exp02_logging: XY 52998 -8355840 -8355840[0m
[00:00:53.006,347] [0m<inf> exp02_logging: XY 53006 -8355840 -8355840[0m
[00:00:53.014,343] [0m<inf> exp02_logging: XY 53014 -8355840 -8355840[0m
[00:00:53.022,399] [0m<inf> exp02_logging: XY 53022 -8355840 -8355840[0m
[00:00:53.030,395] [0m<inf> exp02_logging: XY 53030 -8355840 -8355840[0m
[00:00:53.038,452] [0m<inf> exp02_logging: XY 53038 -8355840 -8355840[0m
[00:00:53.046,447] [0m<inf> exp02_logging: XY 53046 -8355840 -8355840[0m
[00:00:53.054,504] [0m<inf> exp02_logging: XY 53054 -8355840 -8355840[0m
[00:00:53.062,500] [0m<inf> exp02_logging: XY 53062 -8355840 -8355840[0m
[00:00:53.070,556] [0m<inf> exp02_logging: XY 53070 -8355840 -8355840[0m
[00:00:53.078,613] [0m<inf> exp02_logging: XY 53078 -8355840 -8355840[0m
[00:00:53.086,608] [0m<inf> exp02_logging: XY 53086 -8355840 -8355840[0m
[00:00:53.094,604] [0m<inf> exp02_logging: XY 53094 -8355840 -8355840[0m
[00:00:53.102,661] [0m<inf> exp02_logging: XY 53102 -8355840 -8355840[0m
[00:00:53.110,656] [0m<inf> exp02_logging: XY 53110 -8355840 -8355840[0m
[00:00:53.118,713] [0m<inf> exp02_logging: XY 53118 -8355840 -8355840[0m
[00:00:53.126,708] [0m<inf> exp02_logging: XY 53126 -8355840 -8355840[0m
[00:00:53.134,765] [0m<inf> exp02_logging: XY 53134 -8355840 -8355840[0m
[00:00:53.142,761] [0m<inf> exp02_logging: XY 53142 -8355840 -8355840[0m
[00:00:53.150,817] [0m<inf> exp02_logging: XY 53150 -8355840 -8355840[0m
[00:00:53.158,813] [0m<inf> exp02_logging: XY 53158 -8355840 -8355840[0m
[00:00:53.166,870] [0m<inf> exp02_logging: XY 53166 -8355840 -8355840[0m
[00:00:53.174,865] [0m<inf> exp02_logging: XY 53174 -8355840 -8355840[0m
[00:00:53.182,922] [0m<inf> exp02_logging: XY 53182 -8355840 -8355840[0m
[00:00:53.190,917] [0m<inf> exp02_logging: XY 53190 -8355840 -8355840[0m
[00:00:53.198,974] [0m<inf> exp02_logging: XY 53198 -8355840 -8355840[0m
[00:00:53.206,970] [0m<inf> exp02_logging: XY 53206 -8355840 -8355840[0m
[00:00:53.215,026] [0m<inf> exp02_logging: XY 53214 -8355840 -8355840[0m
[00:00:53.223,022] [0m<inf> exp02_logging: XY 53223 -8355840 -8355840[0m
[00:00:53.231,079] [0m<inf> exp02_logging: XY 53231 -8355840 -8355840[0m
[00:00:53.239,074] [0m<inf> exp02_logging: XY 53239 -8355840 -8355840[0m
[00:00:53.247,100] [0m<inf> exp02_logging: XY 53247 -8355840 -8355840[0m
[00:00:53.255,126] [0m<inf> exp02_logging: XY 53255 -8355840 -8355840[0m
[00:00:53.263,183] [0m<inf> exp02_logging: XY 53263 -8355840 -8355840[0m
[00:00:53.271,179] [0m<inf> exp02_logging: XY 53271 -8355840 -8355840[0m
[00:00:53.279,235] [0m<inf> exp02_logging: XY 53279 -8355840 -8355840[0m
[00:00:53.287,231] [0m<inf> exp02_logging: XY 53287 -8355840 -8355840[0m
[00:00:53.295,288] [0m<inf> exp02_logging: XY 53295 -8355840 -8355840[0m
[00:00:53.303,283] [0m<inf> exp02_logging: XY 53303 -8355840 -8355840[0m
[00:00:53.311,340] [0m<inf> exp02_logging: XY 53311 -8355840 -8355840[0m
[00:00:53.319,335] [0m<inf> exp02_logging: XY 53319 -8355840 -8355840[0m
[00:00:53.327,392] [0m<inf> exp02_logging: XY 53327 -8355840 -8355840[0m
[00:00:53.335,388] [0m<inf> exp02_logging: XY 53335 -8355840 -8355840[0m
[00:00:53.343,444] [0m<inf> exp02_logging: XY 53343 -8355840 -8355840[0m
[00:00:53.351,440] [0m<inf> exp02_logging: XY 53351 -8355840 -8355840[0m
[00:00:53.359,497] [0m<inf> exp02_logging: XY 53359 -8355840 -8355840[0m
[00:00:53.367,492] [0m<inf> exp02_logging: XY 53367 -8355840 -8355840[0m
[00:00:53.375,549] [0m<inf> exp02_logging: XY 53375 -8355840 -8355840[0m
[00:00:53.383,544] [0m<inf> exp02_logging: XY 53383 -8355840 -8355840[0m
[00:00:53.391,601] [0m<inf> exp02_logging: XY 53391 -8355840 -8355840[0m
[00:00:53.399,597] [0m<inf> exp02_logging: XY 53399 -8355840 -8355840[0m
[00:00:53.407,653] [0m<inf> exp02_logging: XY 53407 -8355840 -8355840[0m
[00:00:53.415,649] [0m<inf> exp02_logging: XY 53415 -8355840 -8355840[0m
[00:00:53.423,675] [0m<inf> exp02_logging: XY 53423 -8355840 -8355840[0m
[00:00:53.431,701] [0m<inf> exp02_logging: XY 53431 -8355840 -8355840[0m
[00:00:53.439,758] [0m<inf> exp02_logging: XY 53439 -8355840 -8355840[0m
[00:00:53.447,753] [0m<inf> exp02_logging: XY 53447 -8355840 -8355840[0m
[00:00:53.455,810] [0m<inf> exp02_logging: XY 53455 -8355840 -8355840[0m
[00:00:53.463,806] [0m<inf> exp02_logging: XY 53463 -8355840 -8355840[0m
[00:00:53.471,862] [0m<inf> exp02_logging: XY 53471 -8355840 -8355840[0m
[00:00:53.479,858] [0m<inf> exp02_logging: XY 53479 -8355840 -8355840[0m
[00:00:53.487,915] [0m<inf> exp02_logging: XY 53487 -8355840 -8355840[0m

### sent: tpoint idac 0
[00:00:53.495,910] [0m<inf> exp02_logging: XY 53495 -8355840 -8355840[0m
[00:00:53.503,967] [0m<inf> exp02_logging: XY 53503 -8355840 -8355840[0m
tpoint idac 0
idac = 0 uA (ret 0)
[1;32muart:~$ [m[00:00:53.512,115] [0m<inf> exp02_logging: XY 53512 -8355840 -8355840[0m
[00:00:53.521,697] [0m<inf> exp02_logging: XY 53521 -8355840 -8355840[0m
[00:00:53.528,625] [0m<inf> exp02_logging: XY 53528 -8355840 -8355840[0m
[00:00:53.536,071] [0m<inf> exp02_logging: XY 53536 -8355840 -8355840[0m
[00:00:53.544,067] [0m<inf> exp02_logging: XY 53544 -8355840 -8355840[0m
[00:00:53.552,124] [0m<inf> exp02_logging: XY 53552 -8355840 -8355840[0m
[00:00:53.560,119] [0m<inf> exp02_logging: XY 53560 -8355840 -8355840[0m
[00:00:53.568,176] [0m<inf> exp02_logging: XY 53568 -8355840 -8355840[0m
[00:00:53.576,171] [0m<inf> exp02_logging: XY 53576 -8355840 -8355840[0m
[00:00:53.584,228] [0m<inf> exp02_logging: XY 53584 -8355840 -8355840[0m
[00:00:53.592,224] [0m<inf> exp02_logging: XY 53592 -8355840 -8355840[0m
[00:00:53.600,280] [0m<inf> exp02_logging: XY 53600 -8355840 -8355840[0m
[00:00:53.608,276] [0m<inf> exp02_logging: XY 53608 -8355840 -8355840[0m
[00:00:53.616,333] [0m<inf> exp02_logging: XY 53616 -8355840 -8355840[0m
[00:00:53.624,328] [0m<inf> exp02_logging: XY 53624 -8355840 -8355840[0m
[00:00:53.632,385] [0m<inf> exp02_logging: XY 53632 -8355840 -8355840[0m
[00:00:53.640,380] [0m<inf> exp02_logging: XY 53640 -8355840 -8355840[0m
[00:00:53.648,437] [0m<inf> exp02_logging: XY 53648 -8355840 -8355840[0m
[00:00:53.656,433] [0m<inf> exp02_logging: XY 53656 -8355840 -8355840[0m
[00:00:53.664,489] [0m<inf> exp02_logging: XY 53664 -8355840 -8355840[0m
[00:00:53.672,485] [0m<inf> exp02_logging: XY 53672 -8355840 -8355840[0m
[00:00:53.680,541] [0m<inf> exp02_logging: XY 53680 -8355840 -8355840[0m
[00:00:53.688,537] [0m<inf> exp02_logging: XY 53688 -8355840 -8355840[0m
[00:00:53.696,594] [0m<inf> exp02_logging: XY 53696 -8355840 -8355840[0m
[00:00:53.704,589] [0m<inf> exp02_logging: XY 53704 -8355840 -8355840[0m
[00:00:53.712,646] [0m<inf> exp02_logging: XY 53712 -8355840 -8355840[0m
[00:00:53.720,642] [0m<inf> exp02_logging: XY 53720 -8355840 -8355840[0m
[00:00:53.728,698] [0m<inf> exp02_logging: XY 53728 -8355840 -8355840[0m
[00:00:53.736,694] [0m<inf> exp02_logging: XY 53736 -8355840 -8355840[0m
[00:00:53.744,750] [0m<inf> exp02_logging: XY 53744 -8355840 -8355840[0m
[00:00:53.752,746] [0m<inf> exp02_logging: XY 53752 -8355840 -8355840[0m
[00:00:53.760,803] [0m<inf> exp02_logging: XY 53760 -8355840 -8355840[0m
[00:00:53.768,798] [0m<inf> exp02_logging: XY 53768 -8355840 -8355840[0m
[00:00:53.776,855] [0m<inf> exp02_logging: XY 53776 -8355840 -8355840[0m
[00:00:53.784,851] [0m<inf> exp02_logging: XY 53784 -8355840 -8355840[0m
[00:00:53.792,907] [0m<inf> exp02_logging: XY 53792 -8355840 -8355840[0m
[00:00:53.800,933] [0m<inf> exp02_logging: XY 53800 -8355840 -8355840[0m
[00:00:53.808,959] [0m<inf> exp02_logging: XY 53808 -8355840 -8355840[0m
[00:00:53.816,955] [0m<inf> exp02_logging: XY 53816 -8355840 -8355840[0m
[00:00:53.825,012] [0m<inf> exp02_logging: XY 53825 -8355840 -8355840[0m
[00:00:53.833,007] [0m<inf> exp02_logging: XY 53833 -8355840 -8355840[0m
[00:00:53.841,064] [0m<inf> exp02_logging: XY 53841 -8355840 -8355840[0m
[00:00:53.849,060] [0m<inf> exp02_logging: XY 53849 -8355840 -8355840[0m
[00:00:53.857,116] [0m<inf> exp02_logging: XY 53857 -8355840 -8355840[0m
[00:00:53.865,112] [0m<inf> exp02_logging: XY 53865 -8355840 -8355840[0m
[00:00:53.873,168] [0m<inf> exp02_logging: XY 53873 -8355840 -8355840[0m
[00:00:53.881,164] [0m<inf> exp02_logging: XY 53881 -8355840 -8355840[0m
[00:00:53.889,221] [0m<inf> exp02_logging: XY 53889 -8355840 -8355840[0m
[00:00:53.897,216] [0m<inf> exp02_logging: XY 53897 -8355840 -8355840[0m
[00:00:53.905,273] [0m<inf> exp02_logging: XY 53905 -8355840 -8355840[0m
[00:00:53.913,269] [0m<inf> exp02_logging: XY 53913 -8355840 -8355840[0m
[00:00:53.921,325] [0m<inf> exp02_logging: XY 53921 -8355840 -8355840[0m
[00:00:53.929,321] [0m<inf> exp02_logging: XY 53929 -8355840 -8355840[0m
[00:00:53.937,377] [0m<inf> exp02_logging: XY 53937 -8355840 -8355840[0m
[00:00:53.945,373] [0m<inf> exp02_logging: XY 53945 -8355840 -8355840[0m
[00:00:53.953,430] [0m<inf> exp02_logging: XY 53953 -8355840 -8355840[0m
[00:00:53.961,425] [0m<inf> exp02_logging: XY 53961 -8355840 -8355840[0m
[00:00:53.969,482] [0m<inf> exp02_logging: XY 53969 -8355840 -8355840[0m
[00:00:53.977,478] [0m<inf> exp02_logging: XY 53977 -8355840 -8355840[0m
[00:00:53.985,534] [0m<inf> exp02_logging: XY 53985 -8355840 -8355840[0m
[00:00:53.993,530] [0m<inf> exp02_logging: XY 53993 -8355840 -8355840[0m
[00:00:54.001,586] [0m<inf> exp02_logging: XY 54001 -8355840 -8355840[0m
[00:00:54.009,582] [0m<inf> exp02_logging: XY 54009 -8355840 -8355840[0m
[00:00:54.017,639] [0m<inf> exp02_logging: XY 54017 -8355840 -8355840[0m
[00:00:54.025,634] [0m<inf> exp02_logging: XY 54025 -8355840 -8355840[0m
[00:00:54.033,691] [0m<inf> exp02_logging: XY 54033 -8355840 -8355840[0m
[00:00:54.041,687] [0m<inf> exp02_logging: XY 54041 -8355840 -8355840[0m
[00:00:54.049,743] [0m<inf> exp02_logging: XY 54049 -8355840 -8355840[0m
[00:00:54.057,739] [0m<inf> exp02_logging: XY 54057 -8355840 -8355840[0m
[00:00:54.065,795] [0m<inf> exp02_logging: XY 54065 -8355840 -8355840[0m
[00:00:54.073,791] [0m<inf> exp02_logging: XY 54073 -8355840 -8355840[0m
[00:00:54.081,848] [0m<inf> exp02_logging: XY 54081 -8355840 -8355840[0m
[00:00:54.089,843] [0m<inf> exp02_logging: XY 54089 -8355840 -8355840[0m
[00:00:54.097,900] [0m<inf> exp02_logging: XY 54097 -8355840 -8355840[0m
[00:00:54.105,895] [0m<inf> exp02_logging: XY 54105 -8355840 -8355840[0m
[00:00:54.113,952] [0m<inf> exp02_logging: XY 54113 -8355840 -8355840[0m
[00:00:54.121,948] [0m<inf> exp02_logging: XY 54121 -8355840 -8355840[0m
[00:00:54.130,004] [0m<inf> exp02_logging: XY 54130 -8355840 -8355840[0m
[00:00:54.138,000] [0m<inf> exp02_logging: XY 54138 -8355840 -8355840[0m
[00:00:54.146,057] [0m<inf> exp02_logging: XY 54146 -8355840 -8355840[0m
[00:00:54.154,052] [0m<inf> exp02_logging: XY 54154 -8355840 -8355840[0m
[00:00:54.162,109] [0m<inf> exp02_logging: XY 54162 -8355840 -8355840[0m
[00:00:54.170,104] [0m<inf> exp02_logging: XY 54170 -8355840 -8355840[0m
[00:00:54.178,161] [0m<inf> exp02_logging: XY 54178 -8355840 -8355840[0m
[00:00:54.186,157] [0m<inf> exp02_logging: XY 54186 -8355840 -8355840[0m
[00:00:54.194,213] [0m<inf> exp02_logging: XY 54194 -8355840 -8355840[0m
[00:00:54.202,209] [0m<inf> exp02_logging: XY 54202 -8355840 -8355840[0m
[00:00:54.210,266] [0m<inf> exp02_logging: XY 54210 -8355840 -8355840[0m
[00:00:54.218,261] [0m<inf> exp02_logging: XY 54218 -8355840 -8355840[0m
[00:00:54.226,318] [0m<inf> exp02_logging: XY 54226 -8355840 -8355840[0m
[00:00:54.234,313] [0m<inf> exp02_logging: XY 54234 -8355840 -8355840[0m
[00:00:54.242,370] [0m<inf> exp02_logging: XY 54242 -8355840 -8355840[0m
[00:00:54.250,366] [0m<inf> exp02_logging: XY 54250 -8355840 -8355840[0m
[00:00:54.258,422] [0m<inf> exp02_logging: XY 54258 -8355840 -8355840[0m
[00:00:54.266,418] [0m<inf> exp02_logging: XY 54266 -8355840 -8355840[0m
[00:00:54.274,475] [0m<inf> exp02_logging: XY 54274 -8355840 -8355840[0m
[00:00:54.282,470] [0m<inf> exp02_logging: XY 54282 -8355840 -8355840[0m
[00:00:54.290,527] [0m<inf> exp02_logging: XY 54290 -8355840 -8355840[0m
[00:00:54.298,522] [0m<inf> exp02_logging: XY 54298 -8355840 -8355840[0m
[00:00:54.306,579] [0m<inf> exp02_logging: XY 54306 -8355840 -8355840[0m
[00:00:54.314,575] [0m<inf> exp02_logging: XY 54314 -8355840 -8355840[0m
[00:00:54.322,631] [0m<inf> exp02_logging: XY 54322 -8355840 -8355840[0m
[00:00:54.330,627] [0m<inf> exp02_logging: XY 54330 -8355840 -8355840[0m
[00:00:54.338,684] [0m<inf> exp02_logging: XY 54338 -8355840 -8355840[0m
[00:00:54.346,679] [0m<inf> exp02_logging: XY 54346 -8355840 -8355840[0m
[00:00:54.354,736] [0m<inf> exp02_logging: XY 54354 -8355840 -8355840[0m
[00:00:54.362,731] [0m<inf> exp02_logging: XY 54362 -8355840 -8355840[0m
[00:00:54.370,788] [0m<inf> exp02_logging: XY 54370 -8355840 -8355840[0m
[00:00:54.378,784] [0m<inf> exp02_logging: XY 54378 -8355840 -8355840[0m
[00:00:54.386,840] [0m<inf> exp02_logging: XY 54386 -8355840 -8355840[0m
[00:00:54.394,836] [0m<inf> exp02_logging: XY 54394 -8355840 -8355840[0m
[00:00:54.402,893] [0m<inf> exp02_logging: XY 54402 -8355840 -8355840[0m
[00:00:54.410,888] [0m<inf> exp02_logging: XY 54410 -8355840 -8355840[0m
[00:00:54.418,945] [0m<inf> exp02_logging: XY 54418 -8355840 -8355840[0m
[00:00:54.426,940] [0m<inf> exp02_logging: XY 54426 -8355840 -8355840[0m
[00:00:54.434,997] [0m<inf> exp02_logging: XY 54434 -8355840 -8355840[0m
[00:00:54.442,993] [0m<inf> exp02_logging: XY 54442 -8355840 -8355840[0m
[00:00:54.451,049] [0m<inf> exp02_logging: XY 54451 -8355840 -8355840[0m
[00:00:54.459,045] [0m<inf> exp02_logging: XY 54459 -8355840 -8355840[0m
[00:00:54.467,102] [0m<inf> exp02_logging: XY 54467 -8355840 -8355840[0m
[00:00:54.475,097] [0m<inf> exp02_logging: XY 54475 -8355840 -8355840[0m
[00:00:54.483,154] [0m<inf> exp02_logging: XY 54483 -8355840 -8355840[0m
[00:00:54.491,149] [0m<inf> exp02_logging: XY 54491 -8355840 -8355840[0m
[00:00:54.499,206] [0m<inf> exp02_logging: XY 54499 -8355840 -8355840[0m
[00:00:54.507,202] [0m<inf> exp02_logging: XY 54507 -8355840 -8355840[0m
[00:00:54.515,258] [0m<inf> exp02_logging: XY 54515 -8355840 -8355840[0m
[00:00:54.523,254] [0m<inf> exp02_logging: XY 54523 -8355840 -8355840[0m
[00:00:54.531,311] [0m<inf> exp02_logging: XY 54531 -8355840 -8355840[0m
[00:00:54.539,306] [0m<inf> exp02_logging: XY 54539 -8355840 -8355840[0m
[00:00:54.547,363] [0m<inf> exp02_logging: XY 54547 -8355840 -8355840[0m
[00:00:54.555,358] [0m<inf> exp02_logging: XY 54555 -8355840 -8355840[0m
[00:00:54.563,415] [0m<inf> exp02_logging: XY 54563 -8355840 -8355840[0m
[00:00:54.571,411] [0m<inf> exp02_logging: XY 54571 -8355840 -8355840[0m
[00:00:54.579,467] [0m<inf> exp02_logging: XY 54579 -8355840 -8355840[0m
[00:00:54.587,463] [0m<inf> exp02_logging: XY 54587 -8355840 -8355840[0m
[00:00:54.595,520] [0m<inf> exp02_logging: XY 54595 -8355840 -8355840[0m
[00:00:54.603,515] [0m<inf> exp02_logging: XY 54603 -8355840 -8355840[0m
[00:00:54.611,572] [0m<inf> exp02_logging: XY 54611 -8355840 -8355840[0m
[00:00:54.619,567] [0m<inf> exp02_logging: XY 54619 -8355840 -8355840[0m
[00:00:54.627,624] [0m<inf> exp02_logging: XY 54627 -8355840 -8355840[0m
[00:00:54.635,620] [0m<inf> exp02_logging: XY 54635 -8355840 -8355840[0m
[00:00:54.643,676] [0m<inf> exp02_logging: XY 54643 -8355840 -8355840[0m
[00:00:54.651,672] [0m<inf> exp02_logging: XY 54651 -8355840 -8355840[0m
[00:00:54.659,729] [0m<inf> exp02_logging: XY 54659 -8355840 -8355840[0m
[00:00:54.667,724] [0m<inf> exp02_logging: XY 54667 -8355840 -8355840[0m
[00:00:54.675,781] [0m<inf> exp02_logging: XY 54675 -8355840 -8355840[0m
[00:00:54.683,776] [0m<inf> exp02_logging: XY 54683 -8355840 -8355840[0m
[00:00:54.691,833] [0m<inf> exp02_logging: XY 54691 -8355840 -8355840[0m
[00:00:54.699,829] [0m<inf> exp02_logging: XY 54699 -8355840 -8355840[0m
[00:00:54.707,885] [0m<inf> exp02_logging: XY 54707 -8355840 -8355840[0m
[00:00:54.715,881] [0m<inf> exp02_logging: XY 54715 -8355840 -8355840[0m
[00:00:54.723,937] [0m<inf> exp02_logging: XY 54723 -8355840 -8355840[0m
[00:00:54.731,933] [0m<inf> exp02_logging: XY 54731 -8355840 -8355840[0m
[00:00:54.739,990] [0m<inf> exp02_logging: XY 54739 -8355840 -8355840[0m
[00:00:54.747,985] [0m<inf> exp02_logging: XY 54747 -8355840 -8355840[0m
[00:00:54.756,042] [0m<inf> exp02_logging: XY 54756 -8355840 -8355840[0m
[00:00:54.764,038] [0m<inf> exp02_logging: XY 54764 -8355840 -8355840[0m
[00:00:54.772,094] [0m<inf> exp02_logging: XY 54772 -8355840 -8355840[0m
[00:00:54.780,090] [0m<inf> exp02_logging: XY 54780 -8355840 -8355840[0m
[00:00:54.788,146] [0m<inf> exp02_logging: XY 54788 -8355840 -8355840[0m
[00:00:54.796,173] [0m<inf> exp02_logging: XY 54796 -8355840 -8355840[0m
[00:00:54.804,199] [0m<inf> exp02_logging: XY 54804 -8355840 -8355840[0m
[00:00:54.812,194] [0m<inf> exp02_logging: XY 54812 -8355840 -8355840[0m
[00:00:54.820,251] [0m<inf> exp02_logging: XY 54820 -8355840 -8355840[0m
[00:00:54.828,247] [0m<inf> exp02_logging: XY 54828 -8355840 -8355840[0m
[00:00:54.836,303] [0m<inf> exp02_logging: XY 54836 -8355840 -8355840[0m
[00:00:54.844,299] [0m<inf> exp02_logging: XY 54844 -8355840 -8355840[0m
[00:00:54.852,355] [0m<inf> exp02_logging: XY 54852 -8355840 -8355840[0m
[00:00:54.860,351] [0m<inf> exp02_logging: XY 54860 -8355840 -8355840[0m
[00:00:54.868,408] [0m<inf> exp02_logging: XY 54868 -8355840 -8355840[0m
[00:00:54.876,403] [0m<inf> exp02_logging: XY 54876 -8355840 -8355840[0m
[00:00:54.884,460] [0m<inf> exp02_logging: XY 54884 -8355840 -8355840[0m
[00:00:54.892,456] [0m<inf> exp02_logging: XY 54892 -8355840 -8355840[0m
[00:00:54.900,512] [0m<inf> exp02_logging: XY 54900 -8355840 -8355840[0m
[00:00:54.908,508] [0m<inf> exp02_logging: XY 54908 -8355840 -8355840[0m
[00:00:54.916,564] [0m<inf> exp02_logging: XY 54916 -8355840 -8355840[0m
[00:00:54.924,560] [0m<inf> exp02_logging: XY 54924 -8355840 -8355840[0m
[00:00:54.932,617] [0m<inf> exp02_logging: XY 54932 -8355840 -8355840[0m
[00:00:54.940,612] [0m<inf> exp02_logging: XY 54940 -8355840 -8355840[0m
[00:00:54.948,669] [0m<inf> exp02_logging: XY 54948 -8355840 -8355840[0m
[00:00:54.956,665] [0m<inf> exp02_logging: XY 54956 -8355840 -8355840[0m
[00:00:54.964,721] [0m<inf> exp02_logging: XY 54964 -8355840 -8355840[0m
[00:00:54.972,717] [0m<inf> exp02_logging: XY 54972 -8355840 -8355840[0m
[00:00:54.980,773] [0m<inf> exp02_logging: XY 54980 -8355840 -8355840[0m
[00:00:54.988,769] [0m<inf> exp02_logging: XY 54988 -8355840 -8355840[0m
[00:00:54.996,826] [0m<inf> exp02_logging: XY 54996 -8355840 -8355840[0m
[00:00:55.004,821] [0m<inf> exp02_logging: XY 55004 -8355840 -8355840[0m
[00:00:55.012,878] [0m<inf> exp02_logging: XY 55012 -8355840 -8355840[0m
[00:00:55.020,874] [0m<inf> exp02_logging: XY 55020 -8355840 -8355840[0m
[00:00:55.028,930] [0m<inf> exp02_logging: XY 55028 -8355840 -8355840[0m
[00:00:55.036,926] [0m<inf> exp02_logging: XY 55036 -8355840 -8355840[0m
[00:00:55.044,982] [0m<inf> exp02_logging: XY 55044 -8355840 -8355840[0m
[00:00:55.053,009] [0m<inf> exp02_logging: XY 55052 -8355840 -8355840[0m
[00:00:55.061,035] [0m<inf> exp02_logging: XY 55061 -8355840 -8355840[0m
[00:00:55.069,030] [0m<inf> exp02_logging: XY 55069 -8355840 -8355840[0m
[00:00:55.077,087] [0m<inf> exp02_logging: XY 55077 -8355840 -8355840[0m
[00:00:55.085,083] [0m<inf> exp02_logging: XY 55085 -8355840 -8355840[0m
[00:00:55.093,139] [0m<inf> exp02_logging: XY 55093 -8355840 -8355840[0m
[00:00:55.101,135] [0m<inf> exp02_logging: XY 55101 -8355840 -8355840[0m
[00:00:55.109,161] [0m<inf> exp02_logging: XY 55109 -8355840 -8355840[0m
[00:00:55.117,187] [0m<inf> exp02_logging: XY 55117 -8355840 -8355840[0m
[00:00:55.125,244] [0m<inf> exp02_logging: XY 55125 -8355840 -8355840[0m
[00:00:55.133,239] [0m<inf> exp02_logging: XY 55133 -8355840 -8355840[0m
[00:00:55.141,296] [0m<inf> exp02_logging: XY 55141 -8355840 -8355840[0m
[00:00:55.149,291] [0m<inf> exp02_logging: XY 55149 -8355840 -8355840[0m
[00:00:55.157,348] [0m<inf> exp02_logging: XY 55157 -8355840 -8355840[0m
[00:00:55.165,344] [0m<inf> exp02_logging: XY 55165 -8355840 -8355840[0m
[00:00:55.173,400] [0m<inf> exp02_logging: XY 55173 -8355840 -8355840[0m
[00:00:55.181,396] [0m<inf> exp02_logging: XY 55181 -8355840 -8355840[0m
[00:00:55.189,453] [0m<inf> exp02_logging: XY 55189 -8355840 -8355840[0m
[00:00:55.197,448] [0m<inf> exp02_logging: XY 55197 -8355840 -8355840[0m
[00:00:55.205,505] [0m<inf> exp02_logging: XY 55205 -8355840 -8355840[0m
[00:00:55.213,500] [0m<inf> exp02_logging: XY 55213 -8355840 -8355840[0m
[00:00:55.221,557] [0m<inf> exp02_logging: XY 55221 -8355840 -8355840[0m
[00:00:55.229,553] [0m<inf> exp02_logging: XY 55229 -8355840 -8355840[0m
[00:00:55.237,609] [0m<inf> exp02_logging: XY 55237 -8355840 -8355840[0m
[00:00:55.245,605] [0m<inf> exp02_logging: XY 55245 -8355840 -8355840[0m
[00:00:55.253,662] [0m<inf> exp02_logging: XY 55253 -8355840 -8355840[0m
[00:00:55.261,657] [0m<inf> exp02_logging: XY 55261 -8355840 -8355840[0m
[00:00:55.269,714] [0m<inf> exp02_logging: XY 55269 -8355840 -8355840[0m
[00:00:55.277,709] [0m<inf> exp02_logging: XY 55277 -8355840 -8355840[0m
[00:00:55.285,766] [0m<inf> exp02_logging: XY 55285 -8355840 -8355840[0m
[00:00:55.293,762] [0m<inf> exp02_logging: XY 55293 -8355840 -8355840[0m
[00:00:55.301,818] [0m<inf> exp02_logging: XY 55301 -8355840 -8355840[0m
[00:00:55.309,814] [0m<inf> exp02_logging: XY 55309 -8355840 -8355840[0m
[00:00:55.317,871] [0m<inf> exp02_logging: XY 55317 -8355840 -8355840[0m
[00:00:55.325,866] [0m<inf> exp02_logging: XY 55325 -8355840 -8355840[0m
[00:00:55.333,923] [0m<inf> exp02_logging: XY 55333 -8355840 -8355840[0m
[00:00:55.341,918] [0m<inf> exp02_logging: XY 55341 -8355840 -8355840[0m
[00:00:55.349,975] [0m<inf> exp02_logging: XY 55349 -8355840 -8355840[0m
[00:00:55.357,971] [0m<inf> exp02_logging: XY 55357 -8355840 -8355840[0m
[00:00:55.366,027] [0m<inf> exp02_logging: XY 55365 -8355840 -8355840[0m
[00:00:55.374,023] [0m<inf> exp02_logging: XY 55373 -8355840 -8355840[0m
[00:00:55.382,080] [0m<inf> exp02_logging: XY 55382 -8355840 -8355840[0m
[00:00:55.390,075] [0m<inf> exp02_logging: XY 55390 -8355840 -8355840[0m
[00:00:55.398,132] [0m<inf> exp02_logging: XY 55398 -8355840 -8355840[0m
[00:00:55.406,127] [0m<inf> exp02_logging: XY 55406 -8355840 -8355840[0m
[00:00:55.414,184] [0m<inf> exp02_logging: XY 55414 -8355840 -8355840[0m
[00:00:55.422,180] [0m<inf> exp02_logging: XY 55422 -8355840 -8355840[0m
[00:00:55.430,236] [0m<inf> exp02_logging: XY 55430 -8355840 -8355840[0m
[00:00:55.438,232] [0m<inf> exp02_logging: XY 55438 -8355840 -8355840[0m
[00:00:55.446,289] [0m<inf> exp02_logging: XY 55446 -8355840 -8355840[0m
[00:00:55.454,284] [0m<inf> exp02_logging: XY 55454 -8355840 -8355840[0m
[00:00:55.462,341] [0m<inf> exp02_logging: XY 55462 -8355840 -8355840[0m
[00:00:55.470,336] [0m<inf> exp02_logging: XY 55470 -8355840 -8355840[0m
[00:00:55.478,393] [0m<inf> exp02_logging: XY 55478 -8355840 -8355840[0m
[00:00:55.486,389] [0m<inf> exp02_logging: XY 55486 -8355840 -8355840[0m
[00:00:55.494,445] [0m<inf> exp02_logging: XY 55494 -8355840 -8355840[0m
[00:00:55.502,441] [0m<inf> exp02_logging: XY 55502 -8355840 -8355840[0m
[00:00:55.510,498] [0m<inf> exp02_logging: XY 55510 -8355840 -8355840[0m
[00:00:55.518,493] [0m<inf> exp02_logging: XY 55518 -8355840 -8355840[0m
[00:00:55.526,550] [0m<inf> exp02_logging: XY 55526 -8355840 -8355840[0m
[00:00:55.534,545] [0m<inf> exp02_logging: XY 55534 -8355840 -8355840[0m
[00:00:55.542,602] [0m<inf> exp02_logging: XY 55542 -8355840 -8355840[0m
[00:00:55.550,598] [0m<inf> exp02_logging: XY 55550 -8355840 -8355840[0m
[00:00:55.558,654] [0m<inf> exp02_logging: XY 55558 -8355840 -8355840[0m
[00:00:55.566,650] [0m<inf> exp02_logging: XY 55566 -8355840 -8355840[0m
[00:00:55.574,707] [0m<inf> exp02_logging: XY 55574 -8355840 -8355840[0m
[00:00:55.582,702] [0m<inf> exp02_logging: XY 55582 -8355840 -8355840[0m
[00:00:55.590,759] [0m<inf> exp02_logging: XY 55590 -8355840 -8355840[0m
[00:00:55.598,754] [0m<inf> exp02_logging: XY 55598 -8355840 -8355840[0m
[00:00:55.606,811] [0m<inf> exp02_logging: XY 55606 -8355840 -8355840[0m
[00:00:55.614,807] [0m<inf> exp02_logging: XY 55614 -8355840 -8355840[0m
[00:00:55.622,863] [0m<inf> exp02_logging: XY 55622 -8355840 -8355840[0m
[00:00:55.630,859] [0m<inf> exp02_logging: XY 55630 -8355840 -8355840[0m
[00:00:55.638,916] [0m<inf> exp02_logging: XY 55638 -8355840 -8355840[0m
[00:00:55.646,911] [0m<inf> exp02_logging: XY 55646 -8355840 -8355840[0m
[00:00:55.654,968] [0m<inf> exp02_logging: XY 55654 -8355840 -8355840[0m
[00:00:55.662,963] [0m<inf> exp02_logging: XY 55662 -8355840 -8355840[0m
[00:00:55.671,020] [0m<inf> exp02_logging: XY 55671 -8355840 -8355840[0m
[00:00:55.679,016] [0m<inf> exp02_logging: XY 55679 -8355840 -8355840[0m
[00:00:55.687,072] [0m<inf> exp02_logging: XY 55687 -8355840 -8355840[0m
[00:00:55.695,068] [0m<inf> exp02_logging: XY 55695 -8355840 -8355840[0m
[00:00:55.703,125] [0m<inf> exp02_logging: XY 55703 -8355840 -8355840[0m
[00:00:55.711,120] [0m<inf> exp02_logging: XY 55711 -8355840 -8355840[0m
[00:00:55.719,177] [0m<inf> exp02_logging: XY 55719 -8355840 -8355840[0m
[00:00:55.727,172] [0m<inf> exp02_logging: XY 55727 -8355840 -8355840[0m
[00:00:55.735,229] [0m<inf> exp02_logging: XY 55735 -8355840 -8355840[0m
[00:00:55.743,225] [0m<inf> exp02_logging: XY 55743 -8355840 -8355840[0m
[00:00:55.751,281] [0m<inf> exp02_logging: XY 55751 -8355840 -8355840[0m
[00:00:55.759,277] [0m<inf> exp02_logging: XY 55759 -8355840 -8355840[0m
[00:00:55.767,333] [0m<inf> exp02_logging: XY 55767 -8355840 -8355840[0m
[00:00:55.775,329] [0m<inf> exp02_logging: XY 55775 -8355840 -8355840[0m
[00:00:55.783,386] [0m<inf> exp02_logging: XY 55783 -8355840 -8355840[0m
[00:00:55.791,381] [0m<inf> exp02_logging: XY 55791 -8355840 -8355840[0m
[00:00:55.799,438] [0m<inf> exp02_logging: XY 55799 -8355840 -8355840[0m
[00:00:55.807,434] [0m<inf> exp02_logging: XY 55807 -8355840 -8355840[0m
[00:00:55.815,490] [0m<inf> exp02_logging: XY 55815 -8355840 -8355840[0m
[00:00:55.823,486] [0m<inf> exp02_logging: XY 55823 -8355840 -8355840[0m
[00:00:55.831,542] [0m<inf> exp02_logging: XY 55831 -8355840 -8355840[0m
[00:00:55.839,538] [0m<inf> exp02_logging: XY 55839 -8355840 -8355840[0m
[00:00:55.847,595] [0m<inf> exp02_logging: XY 55847 -8355840 -8355840[0m
[00:00:55.855,590] [0m<inf> exp02_logging: XY 55855 -8355840 -8355840[0m
[00:00:55.863,647] [0m<inf> exp02_logging: XY 55863 -8355840 -8355840[0m
[00:00:55.871,643] [0m<inf> exp02_logging: XY 55871 -8355840 -8355840[0m
[00:00:55.879,699] [0m<inf> exp02_logging: XY 55879 -8355840 -8355840[0m
[00:00:55.887,695] [0m<inf> exp02_logging: XY 55887 -8355840 -8355840[0m
[00:00:55.895,751] [0m<inf> exp02_logging: XY 55895 -8355840 -8355840[0m
[00:00:55.903,747] [0m<inf> exp02_logging: XY 55903 -8355840 -8355840[0m
[00:00:55.911,804] [0m<inf> exp02_logging: XY 55911 -8355840 -8355840[0m
[00:00:55.919,799] [0m<inf> exp02_logging: XY 55919 -8355840 -8355840[0m
[00:00:55.927,856] [0m<inf> exp02_logging: XY 55927 -8355840 -8355840[0m
[00:00:55.935,852] [0m<inf> exp02_logging: XY 55935 -8355840 -8355840[0m
[00:00:55.943,908] [0m<inf> exp02_logging: XY 55943 -8355840 -8355840[0m
[00:00:55.951,904] [0m<inf> exp02_logging: XY 55951 -8355840 -8355840[0m
[00:00:55.959,960] [0m<inf> exp02_logging: XY 55959 -8355840 -8355840[0m
[00:00:55.967,956] [0m<inf> exp02_logging: XY 55967 -8355840 -8355840[0m
[00:00:55.976,013] [0m<inf> exp02_logging: XY 55976 -8355840 -8355840[0m
[00:00:55.984,039] [0m<inf> exp02_logging: XY 55984 -8355840 -8355840[0m
[00:00:55.992,065] [0m<inf> exp02_logging: XY 55992 -8355840 -8355840[0m
[00:00:56.000,061] [0m<inf> exp02_logging: XY 56000 -8355840 -8355840[0m
[00:00:56.008,117] [0m<inf> exp02_logging: XY 56008 -8355840 -8355840[0m
[00:00:56.016,113] [0m<inf> exp02_logging: XY 56016 -8355840 -8355840[0m
[00:00:56.024,169] [0m<inf> exp02_logging: XY 56024 -8355840 -8355840[0m
[00:00:56.032,165] [0m<inf> exp02_logging: XY 56032 -8355840 -8355840[0m
[00:00:56.040,222] [0m<inf> exp02_logging: XY 56040 -8355840 -8355840[0m
[00:00:56.048,217] [0m<inf> exp02_logging: XY 56048 -8355840 -8355840[0m
[00:00:56.056,274] [0m<inf> exp02_logging: XY 56056 -8355840 -8355840[0m
[00:00:56.064,270] [0m<inf> exp02_logging: XY 56064 -8355840 -8355840[0m
[00:00:56.072,326] [0m<inf> exp02_logging: XY 56072 -8355840 -8355840[0m
[00:00:56.080,322] [0m<inf> exp02_logging: XY 56080 -8355840 -8355840[0m
[00:00:56.088,378] [0m<inf> exp02_logging: XY 56088 -8355840 -8355840[0m
[00:00:56.096,374] [0m<inf> exp02_logging: XY 56096 -8355840 -8355840[0m
[00:00:56.104,431] [0m<inf> exp02_logging: XY 56104 -8355840 -8355840[0m
[00:00:56.112,426] [0m<inf> exp02_logging: XY 56112 -8355840 -8355840[0m
[00:00:56.120,483] [0m<inf> exp02_logging: XY 56120 -8355840 -8355840[0m
[00:00:56.128,479] [0m<inf> exp02_logging: XY 56128 -8355840 -8355840[0m
[00:00:56.136,535] [0m<inf> exp02_logging: XY 56136 -8355840 -8355840[0m
[00:00:56.144,531] [0m<inf> exp02_logging: XY 56144 -8355840 -8355840[0m
[00:00:56.152,587] [0m<inf> exp02_logging: XY 56152 -8355840 -8355840[0m
[00:00:56.160,583] [0m<inf> exp02_logging: XY 56160 -8355840 -8355840[0m
[00:00:56.168,640] [0m<inf> exp02_logging: XY 56168 -8355840 -8355840[0m
[00:00:56.176,635] [0m<inf> exp02_logging: XY 56176 -8355840 -8355840[0m
[00:00:56.184,692] [0m<inf> exp02_logging: XY 56184 -8355840 -8355840[0m
[00:00:56.192,687] [0m<inf> exp02_logging: XY 56192 -8355840 -8355840[0m
[00:00:56.200,744] [0m<inf> exp02_logging: XY 56200 -8355840 -8355840[0m
[00:00:56.208,740] [0m<inf> exp02_logging: XY 56208 -8355840 -8355840[0m
[00:00:56.216,796] [0m<inf> exp02_logging: XY 56216 -8355840 -8355840[0m
[00:00:56.224,792] [0m<inf> exp02_logging: XY 56224 -8355840 -8355840[0m
[00:00:56.232,849] [0m<inf> exp02_logging: XY 56232 -8355840 -8355840[0m
[00:00:56.240,844] [0m<inf> exp02_logging: XY 56240 -8355840 -8355840[0m
[00:00:56.248,901] [0m<inf> exp02_logging: XY 56248 -8355840 -8355840[0m
[00:00:56.256,896] [0m<inf> exp02_logging: XY 56256 -8355840 -8355840[0m
[00:00:56.264,953] [0m<inf> exp02_logging: XY 56264 -8355840 -8355840[0m
[00:00:56.272,949] [0m<inf> exp02_logging: XY 56272 -8355840 -8355840[0m
[00:00:56.281,005] [0m<inf> exp02_logging: XY 56280 -8355840 -8355840[0m
[00:00:56.289,001] [0m<inf> exp02_logging: XY 56289 -8355840 -8355840[0m
[00:00:56.297,058] [0m<inf> exp02_logging: XY 56297 -8355840 -8355840[0m
[00:00:56.305,053] [0m<inf> exp02_logging: XY 56305 -8355840 -8355840[0m
[00:00:56.313,110] [0m<inf> exp02_logging: XY 56313 -8355840 -8355840[0m
[00:00:56.321,105] [0m<inf> exp02_logging: XY 56321 -8355840 -8355840[0m
[00:00:56.329,162] [0m<inf> exp02_logging: XY 56329 -8355840 -8355840[0m
[00:00:56.337,158] [0m<inf> exp02_logging: XY 56337 -8355840 -8355840[0m
[00:00:56.345,214] [0m<inf> exp02_logging: XY 56345 -8355840 -8355840[0m
[00:00:56.353,210] [0m<inf> exp02_logging: XY 56353 -8355840 -8355840[0m
[00:00:56.361,267] [0m<inf> exp02_logging: XY 56361 -8355840 -8355840[0m
[00:00:56.369,262] [0m<inf> exp02_logging: XY 56369 -8355840 -8355840[0m
[00:00:56.377,319] [0m<inf> exp02_logging: XY 56377 -8355840 -8355840[0m
[00:00:56.385,314] [0m<inf> exp02_logging: XY 56385 -8355840 -8355840[0m
[00:00:56.393,371] [0m<inf> exp02_logging: XY 56393 -8355840 -8355840[0m
[00:00:56.401,367] [0m<inf> exp02_logging: XY 56401 -8355840 -8355840[0m
[00:00:56.409,423] [0m<inf> exp02_logging: XY 56409 -8355840 -8355840[0m
[00:00:56.417,419] [0m<inf> exp02_logging: XY 56417 -8355840 -8355840[0m
[00:00:56.425,476] [0m<inf> exp02_logging: XY 56425 -8355840 -8355840[0m
[00:00:56.433,471] [0m<inf> exp02_logging: XY 56433 -8355840 -8355840[0m
[00:00:56.441,528] [0m<inf> exp02_logging: XY 56441 -8355840 -8355840[0m
[00:00:56.449,523] [0m<inf> exp02_logging: XY 56449 -8355840 -8355840[0m
[00:00:56.457,580] [0m<inf> exp02_logging: XY 56457 -8355840 -8355840[0m
[00:00:56.465,576] [0m<inf> exp02_logging: XY 56465 -8355840 -8355840[0m
[00:00:56.473,632] [0m<inf> exp02_logging: XY 56473 -8355840 -8355840[0m
[00:00:56.481,628] [0m<inf> exp02_logging: XY 56481 -8355840 -8355840[0m
[00:00:56.489,685] [0m<inf> exp02_logging: XY 56489 -8355840 -8355840[0m
[00:00:56.497,680] [0m<inf> exp02_logging: XY 56497 -8355840 -8355840[0m
[00:00:56.505,737] [0m<inf> exp02_logging: XY 56505 -8355840 -8355840[0m
[00:00:56.513,732] [0m<inf> exp02_logging: XY 56513 -8355840 -8355840[0m
[00:00:56.521,789] [0m<inf> exp02_logging: XY 56521 -8355840 -8355840[0m
[00:00:56.529,846] [0m<inf> exp02_logging: XY 56529 -8355840 -8355840[0m
[00:00:56.537,841] [0m<inf> exp02_logging: XY 56537 -8355840 -8355840[0m
[00:00:56.545,837] [0m<inf> exp02_logging: XY 56545 -8355840 -8355840[0m
[00:00:56.553,894] [0m<inf> exp02_logging: XY 56553 -8355840 -8355840[0m
[00:00:56.561,889] [0m<inf> exp02_logging: XY 56561 -8355840 -8355840[0m
[00:00:56.569,946] [0m<inf> exp02_logging: XY 56569 -8355840 -8355840[0m
[00:00:56.577,941] [0m<inf> exp02_logging: XY 56577 -8355840 -8355840[0m
[00:00:56.585,998] [0m<inf> exp02_logging: XY 56585 -8355840 -8355840[0m
[00:00:56.593,994] [0m<inf> exp02_logging: XY 56593 -8355840 -8355840[0m
[00:00:56.602,050] [0m<inf> exp02_logging: XY 56602 -8355840 -8355840[0m
[00:00:56.610,076] [0m<inf> exp02_logging: XY 56610 -8355840 -8355840[0m
[00:00:56.618,103] [0m<inf> exp02_logging: XY 56618 -8355840 -8355840[0m
[00:00:56.626,098] [0m<inf> exp02_logging: XY 56626 -8355840 -8355840[0m
[00:00:56.634,155] [0m<inf> exp02_logging: XY 56634 -8355840 -8355840[0m
[00:00:56.642,150] [0m<inf> exp02_logging: XY 56642 -8355840 -8355840[0m
[00:00:56.650,207] [0m<inf> exp02_logging: XY 56650 -8355840 -8355840[0m
[00:00:56.658,203] [0m<inf> exp02_logging: XY 56658 -8355840 -8355840[0m
[00:00:56.666,259] [0m<inf> exp02_logging: XY 56666 -8355840 -8355840[0m
[00:00:56.674,255] [0m<inf> exp02_logging: XY 56674 -8355840 -8355840[0m
[00:00:56.682,312] [0m<inf> exp02_logging: XY 56682 -8355840 -8355840[0m
[00:00:56.690,307] [0m<inf> exp02_logging: XY 56690 -8355840 -8355840[0m
[00:00:56.698,364] [0m<inf> exp02_logging: XY 56698 -8355840 -8355840[0m
[00:00:56.706,359] [0m<inf> exp02_logging: XY 56706 -8355840 -8355840[0m
[00:00:56.714,416] [0m<inf> exp02_logging: XY 56714 -8355840 -8355840[0m
[00:00:56.722,412] [0m<inf> exp02_logging: XY 56722 -8355840 -8355840[0m
[00:00:56.730,468] [0m<inf> exp02_logging: XY 56730 -8355840 -8355840[0m
[00:00:56.738,464] [0m<inf> exp02_logging: XY 56738 -8355840 -8355840[0m
[00:00:56.746,520] [0m<inf> exp02_logging: XY 56746 -8355840 -8355840[0m
[00:00:56.754,516] [0m<inf> exp02_logging: XY 56754 -8355840 -8355840[0m
[00:00:56.762,573] [0m<inf> exp02_logging: XY 56762 -8355840 -8355840[0m
[00:00:56.770,568] [0m<inf> exp02_logging: XY 56770 -8355840 -8355840[0m
[00:00:56.778,625] [0m<inf> exp02_logging: XY 56778 -8355840 -8355840[0m
[00:00:56.786,621] [0m<inf> exp02_logging: XY 56786 -8355840 -8355840[0m
[00:00:56.794,677] [0m<inf> exp02_logging: XY 56794 -8355840 -8355840[0m
[00:00:56.802,673] [0m<inf> exp02_logging: XY 56802 -8355840 -8355840[0m
[00:00:56.810,729] [0m<inf> exp02_logging: XY 56810 -8355840 -8355840[0m
[00:00:56.818,725] [0m<inf> exp02_logging: XY 56818 -8355840 -8355840[0m
[00:00:56.826,782] [0m<inf> exp02_logging: XY 56826 -8355840 -8355840[0m
[00:00:56.834,777] [0m<inf> exp02_logging: XY 56834 -8355840 -8355840[0m
[00:00:56.842,834] [0m<inf> exp02_logging: XY 56842 -8355840 -8355840[0m
[00:00:56.850,830] [0m<inf> exp02_logging: XY 56850 -8355840 -8355840[0m
[00:00:56.858,886] [0m<inf> exp02_logging: XY 56858 -8355840 -8355840[0m
[00:00:56.866,882] [0m<inf> exp02_logging: XY 56866 -8355840 -8355840[0m
[00:00:56.874,938] [0m<inf> exp02_logging: XY 56874 -8355840 -8355840[0m
[00:00:56.882,934] [0m<inf> exp02_logging: XY 56882 -8355840 -8355840[0m
[00:00:56.890,991] [0m<inf> exp02_logging: XY 56890 -8355840 -8355840[0m
[00:00:56.898,986] [0m<inf> exp02_logging: XY 56898 -8355840 -8355840[0m
[00:00:56.907,043] [0m<inf> exp02_logging: XY 56907 -8355840 -8355840[0m
[00:00:56.915,039] [0m<inf> exp02_logging: XY 56915 -8355840 -8355840[0m
[00:00:56.923,095] [0m<inf> exp02_logging: XY 56923 -8355840 -8355840[0m
[00:00:56.931,091] [0m<inf> exp02_logging: XY 56931 -8355840 -8355840[0m
[00:00:56.939,147] [0m<inf> exp02_logging: XY 56939 -8355840 -8355840[0m
[00:00:56.947,143] [0m<inf> exp02_logging: XY 56947 -8355840 -8355840[0m
[00:00:56.955,200] [0m<inf> exp02_logging: XY 56955 -8355840 -8355840[0m
[00:00:56.963,195] [0m<inf> exp02_logging: XY 56963 -8355840 -8355840[0m
[00:00:56.971,252] [0m<inf> exp02_logging: XY 56971 -8355840 -8355840[0m
[00:00:56.979,248] [0m<inf> exp02_logging: XY 56979 -8355840 -8355840[0m
[00:00:56.987,304] [0m<inf> exp02_logging: XY 56987 -8355840 -8355840[0m
[00:00:56.995,300] [0m<inf> exp02_logging: XY 56995 -8355840 -8355840[0m
[00:00:57.003,356] [0m<inf> exp02_logging: XY 57003 -8355840 -8355840[0m
[00:00:57.011,352] [0m<inf> exp02_logging: XY 57011 -8355840 -8355840[0m
[00:00:57.019,409] [0m<inf> exp02_logging: XY 57019 -8355840 -8355840[0m
[00:00:57.027,404] [0m<inf> exp02_logging: XY 57027 -8355840 -8355840[0m
[00:00:57.035,461] [0m<inf> exp02_logging: XY 57035 -8355840 -8355840[0m
[00:00:57.043,457] [0m<inf> exp02_logging: XY 57043 -8355840 -8355840[0m
[00:00:57.051,513] [0m<inf> exp02_logging: XY 57051 -8355840 -8355840[0m
[00:00:57.059,509] [0m<inf> exp02_logging: XY 57059 -8355840 -8355840[0m
[00:00:57.067,565] [0m<inf> exp02_logging: XY 57067 -8355840 -8355840[0m
[00:00:57.075,561] [0m<inf> exp02_logging: XY 57075 -8355840 -8355840[0m
[00:00:57.083,648] [0m<inf> exp02_logging: XY 57083 -8355731 -8355840[0m
[00:00:57.091,613] [0m<inf> exp02_logging: XY 57091 -8355840 -8355840[0m
[00:00:57.099,670] [0m<inf> exp02_logging: XY 57099 -8355840 -8355840[0m
[00:00:57.107,666] [0m<inf> exp02_logging: XY 57107 -8355840 -8355840[0m
[00:00:57.115,722] [0m<inf> exp02_logging: XY 57115 -8355840 -8355840[0m
[00:00:57.123,748] [0m<inf> exp02_logging: XY 57123 -8355603 -8355840[0m
[00:00:57.131,774] [0m<inf> exp02_logging: XY 57131 -8355840 -8355840[0m
[00:00:57.139,770] [0m<inf> exp02_logging: XY 57139 -8355840 -8355840[0m
[00:00:57.147,827] [0m<inf> exp02_logging: XY 57147 -8355840 -8355840[0m
[00:00:57.155,822] [0m<inf> exp02_logging: XY 57155 -8355840 -8355840[0m
[00:00:57.163,909] [0m<inf> exp02_logging: XY 57163 -8224064 -8355840[0m
[00:00:57.163,970] [0m<dbg> zmk: zmk_hid_mouse_movement_set: Mouse movement set to 25/0[0m
[00:00:57.164,001] [0m<dbg> zmk: zmk_hid_mouse_scroll_set: Mouse scroll set to 0/0[0m
[00:00:57.164,001] [0m<dbg> zmk: zmk_hid_mouse_movement_set: Mouse movement set to 0/0[0m
[00:00:57.171,875] [0m<inf> exp02_logging: XY 57171 -8355840 -8355840[0m
[00:00:57.171,936] [0m<dbg> zmk: zmk_hid_mouse_movement_set: Mouse movement set to 0/0[0m
[00:00:57.171,966] [0m<dbg> zmk: zmk_hid_mouse_scroll_set: Mouse scroll set to 0/0[0m
[00:00:57.171,966] [0m<dbg> zmk: zmk_hid_mouse_movement_set: Mouse movement set to 0/0[0m
[00:00:57.179,931] [0m<inf> exp02_logging: XY 57179 -8355840 -8355840[0m
[00:00:57.187,896] [0m<inf> exp02_logging: XY 57187 -8355840 -8355840[0m
[00:00:57.195,983] [0m<inf> exp02_logging: XY 57195 -8355840 -8355840[0m
[00:00:57.204,010] [0m<inf> exp02_logging: XY 57203 -8158315 -8355840[0m
[00:00:57.204,071] [0m<dbg> zmk: zmk_hid_mouse_movement_set: Mouse movement set to 38/0[0m
[00:00:57.204,101] [0m<dbg> zmk: zmk_hid_mouse_scroll_set: Mouse scroll set to 0/0[0m
[00:00:57.204,101] [0m<dbg> zmk: zmk_hid_mouse_movement_set: Mouse movement set to 0/0[0m
[00:00:57.212,036] [0m<inf> exp02_logging: XY 57212 -8355840 -8355840[0m
[00:00:57.212,127] [0m<dbg> zmk: zmk_hid_mouse_movement_set: Mouse movement set to 0/0[0m
[00:00:57.212,127] [0m<dbg> zmk: zmk_hid_mouse_scroll_set: Mouse scroll set to 0/0[0m
[00:00:57.212,158] [0m<dbg> zmk: zmk_hid_mouse_movement_set: Mouse movement set to 0/0[0m
[00:00:57.220,031] [0m<inf> exp02_logging: XY 57220 -8355840 -8355840[0m
[00:00:57.228,027] [0m<inf> exp02_logging: XY 57228 -8355840 -8355840[0m
[00:00:57.236,083] [0m<inf> exp02_logging: XY 57236 -8355840 -8355840[0m
[00:00:57.244,110] [0m<inf> exp02_logging: XY 57244 -7895108 -8355840[0m
[00:00:57.244,201] [0m<dbg> zmk: zmk_hid_mouse_movement_set: Mouse movement set to 89/0[0m
[00:00:57.244,232] [0m<dbg> zmk: zmk_hid_mouse_scroll_set: Mouse scroll set to 0/0[0m
[00:00:57.244,232] [0m<dbg> zmk: zmk_hid_mouse_movement_set: Mouse movement set to 0/0[0m
[00:00:57.252,166] [0m<inf> exp02_logging: XY 57252 -8355840 -8355840[0m
[00:00:57.252,227] [0m<dbg> zmk: zmk_hid_mouse_movement_set: Mouse movement set to 0/0[0m
[00:00:57.252,258] [0m<dbg> zmk: zmk_hid_mouse_scroll_set: Mouse scroll set to 0/0[0m
[00:00:57.252,258] [0m<dbg> zmk: zmk_hid_mouse_movement_set: Mouse movement set to 0/0[0m
[00:00:57.260,131] [0m<inf> exp02_logging: XY 57260 -8355840 -8355840[0m
[00:00:57.268,157] [0m<inf> exp02_logging: XY 57268 -8355840 -8355840[0m
[00:00:57.276,245] [0m<inf> exp02_logging: XY 57276 -8355840 -8355840[0m
[00:00:57.284,240] [0m<inf> exp02_logging: XY 57284 -8026648 -8355840[0m
[00:00:57.284,332] [0m<dbg> zmk: zmk_hid_mouse_movement_set: Mouse movement set to 63/0[0m
[00:00:57.284,332] [0m<dbg> zmk: zmk_hid_mouse_scroll_set: Mouse scroll set to 0/0[0m
[00:00:57.284,362] [0m<dbg> zmk: zmk_hid_mouse_movement_set: Mouse movement set to 0/0[0m
[00:00:57.292,297] [0m<inf> exp02_logging: XY 57292 -8355840 -8355840[0m
[00:00:57.292,358] [0m<dbg> zmk: zmk_hid_mouse_movement_set: Mouse movement set to 0/0[0m
[00:00:57.292,388] [0m<dbg> zmk: zmk_hid_mouse_scroll_set: Mouse scroll set to 0/0[0m
[00:00:57.292,388] [0m<dbg> zmk: zmk_hid_mouse_movement_set: Mouse movement set to 0/0[0m
[00:00:57.300,231] [0m<inf> exp02_logging: XY 57300 -8355840 -8355840[0m
[00:00:57.308,288] [0m<inf> exp02_logging: XY 57308 -8355840 -8355840[0m
[00:00:57.316,345] [0m<inf> exp02_logging: XY 57316 -8355840 -8355840[0m
[00:00:57.324,371] [0m<inf> exp02_logging: XY 57324 -7763568 -8355840[0m
[00:00:57.324,462] [0m<dbg> zmk: zmk_hid_mouse_movement_set: Mouse movement set to 114/0[0m
[00:00:57.324,493] [0m<dbg> zmk: zmk_hid_mouse_scroll_set: Mouse scroll set to 0/0[0m
[00:00:57.324,493] [0m<dbg> zmk: zmk_hid_mouse_movement_set: Mouse movement set to 0/0[0m
[00:00:57.332,427] [0m<inf> exp02_logging: XY 57332 -8355840 -8355840[0m
[00:00:57.332,489] [0m<dbg> zmk: zmk_hid_mouse_movement_set: Mouse movement set to 0/0[0m
[00:00:57.332,519] [0m<dbg> zmk: zmk_hid_mouse_scroll_set: Mouse scroll set to 0/0[0m
[00:00:57.332,519] [0m<dbg> zmk: zmk_hid_mouse_movement_set: Mouse movement set to 0/0[0m
[00:00:57.340,393] [0m<inf> exp02_logging: XY 57340 -8355840 -8355840[0m
[00:00:57.348,419] [0m<inf> exp02_logging: XY 57348 -8355840 -8355840[0m
[00:00:57.356,445] [0m<inf> exp02_logging: XY 57356 -8355840 -8355840[0m
[00:00:57.364,501] [0m<inf> exp02_logging: XY 57364 -7631901 -8355840[0m
[00:00:57.364,593] [0m<dbg> zmk: zmk_hid_mouse_movement_set: Mouse movement set to 127/0[0m
[00:00:57.364,593] [0m<dbg> zmk: zmk_hid_mouse_scroll_set: Mouse scroll set to 0/0[0m
[00:00:57.364,624] [0m<dbg> zmk: zmk_hid_mouse_movement_set: Mouse movement set to 0/0[0m
[00:00:57.372,558] [0m<inf> exp02_logging: XY 57372 -8355840 -8355840[0m
[00:00:57.372,619] [0m<dbg> zmk: zmk_hid_mouse_movement_set: Mouse movement set to 0/0[0m
[00:00:57.372,650] [0m<dbg> zmk: zmk_hid_mouse_scroll_set: Mouse scroll set to 0/0[0m
[00:00:57.372,650] [0m<dbg> zmk: zmk_hid_mouse_movement_set: Mouse movement set to 0/0[0m
[00:00:57.380,493] [0m<inf> exp02_logging: XY 57380 -8355840 -8355840[0m
[00:00:57.388,549] [0m<inf> exp02_logging: XY 57388 -8355840 -8355840[0m
[00:00:57.396,606] [0m<inf> exp02_logging: XY 57396 -8355840 -8355840[0m
[00:00:57.404,632] [0m<inf> exp02_logging: XY 57404 -7434613 -8355840[0m
[00:00:57.404,724] [0m<dbg> zmk: zmk_hid_mouse_movement_set: Mouse movement set to 127/0[0m
[00:00:57.404,724] [0m<dbg> zmk: zmk_hid_mouse_scroll_set: Mouse scroll set to 0/0[0m
[00:00:57.404,754] [0m<dbg> zmk: zmk_hid_mouse_movement_set: Mouse movement set to 0/0[0m
[00:00:57.412,689] [0m<inf> exp02_logging: XY 57412 -8355840 -8355840[0m
[00:00:57.412,750] [0m<dbg> zmk: zmk_hid_mouse_movement_set: Mouse movement set to 0/0[0m
[00:00:57.412,780] [0m<dbg> zmk: zmk_hid_mouse_scroll_set: Mouse scroll set to 0/0[0m
[00:00:57.412,780] [0m<dbg> zmk: zmk_hid_mouse_movement_set: Mouse movement set to 0/0[0m
[00:00:57.420,654] [0m<inf> exp02_logging: XY 57420 -8355840 -8355840[0m
[00:00:57.428,680] [0m<inf> exp02_logging: XY 57428 -8355840 -8355840[0m
[00:00:57.436,737] [0m<inf> exp02_logging: XY 57436 -8355840 -8355840[0m
[00:00:57.444,793] [0m<inf> exp02_logging: XY 57444 -7697905 -8355840[0m
[00:00:57.444,854] [0m<dbg> zmk: zmk_hid_mouse_movement_set: Mouse movement set to 127/0[0m
[00:00:57.444,885] [0m<dbg> zmk: zmk_hid_mouse_scroll_set: Mouse scroll set to 0/0[0m
[00:00:57.444,885] [0m<dbg> zmk: zmk_hid_mouse_movement_set: Mouse movement set to 0/0[0m
[00:00:57.452,819] [0m<inf> exp02_logging: XY 57452 -8355840 -8355840[0m
[00:00:57.452,911] [0m<dbg> zmk: zmk_hid_mouse_movement_set: Mouse movement set to 0/0[0m
[00:00:57.452,911] [0m<dbg> zmk: zmk_hid_mouse_scroll_set: Mouse scroll set to 0/0[0m
[00:00:57.452,941] [0m<dbg> zmk: zmk_hid_mouse_movement_set: Mouse movement set to 0/0[0m
[00:00:57.460,784] [0m<inf> exp02_logging: XY 57460 -8355840 -8355840[0m
[00:00:57.468,811] [0m<inf> exp02_logging: XY 57468 -8355840 -8355840[0m
[00:00:57.476,867] [0m<inf> exp02_logging: XY 57476 -8355840 -8355840[0m
[00:00:57.484,924] [0m<inf> exp02_logging: XY 57484 -7434528 -8355840[0m
[00:00:57.484,985] [0m<dbg> zmk: zmk_hid_mouse_movement_set: Mouse movement set to 127/0[0m
[00:00:57.485,015] [0m<dbg> zmk: zmk_hid_mouse_scroll_set: Mouse scroll set to 0/0[0m
[00:00:57.485,015] [0m<dbg> zmk: zmk_hid_mouse_movement_set: Mouse movement set to 0/0[0m
[00:00:57.492,950] [0m<inf> exp02_logging: XY 57492 -8355840 -8355840[0m
[00:00:57.493,041] [0m<dbg> zmk: zmk_hid_mouse_movement_set: Mouse movement set to 0/0[0m
[00:00:57.493,041] [0m<dbg> zmk: zmk_hid_mouse_scroll_set: Mouse scroll set to 0/0[0m
[00:00:57.493,072] [0m<dbg> zmk: zmk_hid_mouse_movement_set: Mouse movement set to 0/0[0m
[00:00:57.500,946] [0m<inf> exp02_logging: XY 57500 -8355840 -8355840[0m
[00:00:57.508,941] [0m<inf> exp02_logging: XY 57508 -8355840 -8355840[0m
[00:00:57.517,028] [0m<inf> exp02_logging: XY 57517 -8355840 -8355840[0m
[00:00:57.525,054] [0m<inf> exp02_logging: XY 57525 -7500404 -8355840[0m
[00:00:57.525,115] [0m<dbg> zmk: zmk_hid_mouse_movement_set: Mouse movement set to 127/0[0m
[00:00:57.525,146] [0m<dbg> zmk: zmk_hid_mouse_scroll_set: Mouse scroll set to 0/0[0m
[00:00:57.525,146] [0m<dbg> zmk: zmk_hid_mouse_movement_set: Mouse movement set to 0/0[0m
[00:00:57.533,081] [0m<inf> exp02_logging: XY 57533 -8355840 -8355840[0m
[00:00:57.533,172] [0m<dbg> zmk: zmk_hid_mouse_movement_set: Mouse movement set to 0/0[0m
[00:00:57.533,172] [0m<dbg> zmk: zmk_hid_mouse_scroll_set: Mouse scroll set to 0/0[0m
[00:00:57.533,203] [0m<dbg> zmk: zmk_hid_mouse_movement_set: Mouse movement set to 0/0[0m
[00:00:57.541,046] [0m<inf> exp02_logging: XY 57541 -8355840 -8355840[0m
[00:00:57.549,072] [0m<inf> exp02_logging: XY 57549 -8355840 -8355840[0m
[00:00:57.557,128] [0m<inf> exp02_logging: XY 57557 -8355840 -8355840[0m
[00:00:57.565,185] [0m<inf> exp02_logging: XY 57565 -7500404 -8355840[0m
[00:00:57.565,246] [0m<dbg> zmk: zmk_hid_mouse_movement_set: Mouse movement set to 127/0[0m
[00:00:57.565,277] [0m<dbg> zmk: zmk_hid_mouse_scroll_set: Mouse scroll set to 0/0[0m
[00:00:57.565,277] [0m<dbg> zmk: zmk_hid_mouse_movement_set: Mouse movement set to 0/0[0m
[00:00:57.573,211] [0m<inf> exp02_logging: XY 57573 -8355840 -8355840[0m
[00:00:57.573,303] [0m<dbg> zmk: zmk_hid_mouse_movement_set: Mouse movement set to 0/0[0m
[00:00:57.573,303] [0m<dbg> zmk: zmk_hid_mouse_scroll_set: Mouse scroll set to 0/0[0m
[00:00:57.573,333] [0m<dbg> zmk: zmk_hid_mouse_movement_set: Mouse movement set to 0/0[0m
[00:00:57.581,207] [0m<inf> exp02_logging: XY 57581 -8355840 -8355840[0m
[00:00:57.589,202] [0m<inf> exp02_logging: XY 57589 -8355840 -8355840[0m
[00:00:57.597,290] [0m<inf> exp02_logging: XY 57597 -8355840 -8355840[0m
[00:00:57.605,316] [0m<inf> exp02_logging: XY 57605 -7763526 -8355840[0m
[00:00:57.605,377] [0m<dbg> zmk: zmk_hid_mouse_movement_set: Mouse movement set to 114/0[0m
[00:00:57.605,407] [0m<dbg> zmk: zmk_hid_mouse_scroll_set: Mouse scroll set to 0/0[0m
[00:00:57.605,407] [0m<dbg> zmk: zmk_hid_mouse_movement_set: Mouse movement set to 0/0[0m
[00:00:57.613,342] [0m<inf> exp02_logging: XY 57613 -8355840 -8355840[0m
[00:00:57.613,433] [0m<dbg> zmk: zmk_hid_mouse_movement_set: Mouse movement set to 0/0[0m
[00:00:57.613,433] [0m<dbg> zmk: zmk_hid_mouse_scroll_set: Mouse scroll set to 0/0[0m
[00:00:57.613,464] [0m<dbg> zmk: zmk_hid_mouse_movement_set: Mouse movement set to 0/0[0m
[00:00:57.621,337] [0m<inf> exp02_logging: XY 57621 -8355840 -8355840[0m
[00:00:57.629,333] [0m<inf> exp02_logging: XY 57629 -8355840 -8355840[0m
[00:00:57.637,390] [0m<inf> exp02_logging: XY 57637 -8355840 -8355840[0m
[00:00:57.645,446] [0m<inf> exp02_logging: XY 57645 -7829317 -8355840[0m
[00:00:57.645,507] [0m<dbg> zmk: zmk_hid_mouse_movement_set: Mouse movement set to 102/0[0m
[00:00:57.645,538] [0m<dbg> zmk: zmk_hid_mouse_scroll_set: Mouse scroll set to 0/0[0m
[00:00:57.645,538] [0m<dbg> zmk: zmk_hid_mouse_movement_set: Mouse movement set to 0/0[0m
[00:00:57.653,472] [0m<inf> exp02_logging: XY 57653 -8355840 -8355840[0m
[00:00:57.653,564] [0m<dbg> zmk: zmk_hid_mouse_movement_set: Mouse movement set to 0/0[0m
[00:00:57.653,564] [0m<dbg> zmk: zmk_hid_mouse_scroll_set: Mouse scroll set to 0/0[0m
[00:00:57.653,594] [0m<dbg> zmk: zmk_hid_mouse_movement_set: Mouse movement set to 0/0[0m
[00:00:57.661,437] [0m<inf> exp02_logging: XY 57661 -8355840 -8355840[0m
[00:00:57.669,464] [0m<inf> exp02_logging: XY 57669 -8355840 -8355840[0m
[00:00:57.677,551] [0m<inf> exp02_logging: XY 57677 -8355840 -8355840[0m
[00:00:57.685,577] [0m<inf> exp02_logging: XY 57685 -7895236 -8355840[0m
[00:00:57.685,638] [0m<dbg> zmk: zmk_hid_mouse_movement_set: Mouse movement set to 89/0[0m
[00:00:57.685,668] [0m<dbg> zmk: zmk_hid_mouse_scroll_set: Mouse scroll set to 0/0[0m
[00:00:57.685,668] [0m<dbg> zmk: zmk_hid_mouse_movement_set: Mouse movement set to 0/0[0m
[00:00:57.693,603] [0m<inf> exp02_logging: XY 57693 -8355840 -8355840[0m
[00:00:57.693,695] [0m<dbg> zmk: zmk_hid_mouse_movement_set: Mouse movement set to 0/0[0m
[00:00:57.693,695] [0m<dbg> zmk: zmk_hid_mouse_scroll_set: Mouse scroll set to 0/0[0m
[00:00:57.693,725] [0m<dbg> zmk: zmk_hid_mouse_movement_set: Mouse movement set to 0/0[0m
[00:00:57.701,568] [0m<inf> exp02_logging: XY 57701 -8355840 -8355840[0m
[00:00:57.709,594] [0m<inf> exp02_logging: XY 57709 -8355840 -8355840[0m
[00:00:57.717,651] [0m<inf> exp02_logging: XY 57717 -8355840 -8355840[0m
[00:00:57.725,708] [0m<inf> exp02_logging: XY 57725 -8092567 -8355840[0m
[00:00:57.725,769] [0m<dbg> zmk: zmk_hid_mouse_movement_set: Mouse movement set to 51/0[0m
[00:00:57.725,799] [0m<dbg> zmk: zmk_hid_mouse_scroll_set: Mouse scroll set to 0/0[0m
[00:00:57.725,799] [0m<dbg> zmk: zmk_hid_mouse_movement_set: Mouse movement set to 0/0[0m
[00:00:57.733,734] [0m<inf> exp02_logging: XY 57733 -8355840 -8355840[0m
[00:00:57.733,825] [0m<dbg> zmk: zmk_hid_mouse_movement_set: Mouse movement set to 0/0[0m
[00:00:57.733,825] [0m<dbg> zmk: zmk_hid_mouse_scroll_set: Mouse scroll set to 0/0[0m
[00:00:57.733,856] [0m<dbg> zmk: zmk_hid_mouse_movement_set: Mouse movement set to 0/0[0m
[00:00:57.741,729] [0m<inf> exp02_logging: XY 57741 -8355840 -8355840[0m
[00:00:57.749,725] [0m<inf> exp02_logging: XY 57749 -8355840 -8355840[0m
[00:00:57.757,812] [0m<inf> exp02_logging: XY 57757 -8355840 -8355840[0m
[00:00:57.765,838] [0m<inf> exp02_logging: XY 57765 -8092439 -8355840[0m
[00:00:57.765,899] [0m<dbg> zmk: zmk_hid_mouse_movement_set: Mouse movement set to 51/0[0m
[00:00:57.765,930] [0m<dbg> zmk: zmk_hid_mouse_scroll_set: Mouse scroll set to 0/0[0m
[00:00:57.765,930] [0m<dbg> zmk: zmk_hid_mouse_movement_set: Mouse movement set to 0/0[0m
[00:00:57.773,864] [0m<inf> exp02_logging: XY 57773 -8355840 -8355840[0m
[00:00:57.773,956] [0m<dbg> zmk: zmk_hid_mouse_movement_set: Mouse movement set to 0/0[0m
[00:00:57.773,956] [0m<dbg> zmk: zmk_hid_mouse_scroll_set: Mouse scroll set to 0/0[0m
[00:00:57.773,986] [0m<dbg> zmk: zmk_hid_mouse_movement_set: Mouse movement set to 0/0[0m
[00:00:57.781,829] [0m<inf> exp02_logging: XY 57781 -8355840 -8355840[0m
[00:00:57.789,855] [0m<inf> exp02_logging: XY 57789 -8355840 -8355840[0m
[00:00:57.797,912] [0m<inf> exp02_logging: XY 57797 -8355840 -8355840[0m
[00:00:57.805,969] [0m<inf> exp02_logging: XY 57805 -8224064 -8355840[0m
[00:00:57.806,030] [0m<dbg> zmk: zmk_hid_mouse_movement_set: Mouse movement set to 25/0[0m
[00:00:57.806,060] [0m<dbg> zmk: zmk_hid_mouse_scroll_set: Mouse scroll set to 0/0[0m
[00:00:57.806,060] [0m<dbg> zmk: zmk_hid_mouse_movement_set: Mouse movement set to 0/0[0m
[00:00:57.813,995] [0m<inf> exp02_logging: XY 57813 -8355840 -8355840[0m
[00:00:57.814,086] [0m<dbg> zmk: zmk_hid_mouse_movement_set: Mouse movement set to 0/0[0m
[00:00:57.814,086] [0m<dbg> zmk: zmk_hid_mouse_scroll_set: Mouse scroll set to 0/0[0m
[00:00:57.814,117] [0m<dbg> zmk: zmk_hid_mouse_movement_set: Mouse movement set to 0/0[0m
[00:00:57.821,960] [0m<inf> exp02_logging: XY 57821 -8290025 -8355840[0m
[00:00:57.822,052] [0m<dbg> zmk: zmk_hid_mouse_movement_set: Mouse movement set to 12/0[0m
[00:00:57.822,052] [0m<dbg> zmk: zmk_hid_mouse_scroll_set: Mouse scroll set to 0/0[0m
[00:00:57.822,082] [0m<dbg> zmk: zmk_hid_mouse_movement_set: Mouse movement set to 0/0[0m
[00:00:57.829,956] [0m<inf> exp02_logging: XY 57829 -8355840 -8355840[0m
[00:00:57.830,047] [0m<dbg> zmk: zmk_hid_mouse_movement_set: Mouse movement set to 0/0[0m
[00:00:57.830,047] [0m<dbg> zmk: zmk_hid_mouse_scroll_set: Mouse scroll set to 0/0[0m
[00:00:57.830,078] [0m<dbg> zmk: zmk_hid_mouse_movement_set: Mouse movement set to 0/0[0m
[00:00:57.838,073] [0m<inf> exp02_logging: XY 57838 -8355840 -8355840[0m
[00:00:57.846,038] [0m<inf> exp02_logging: XY 57846 -8158358 -8355840[0m
[00:00:57.846,130] [0m<dbg> zmk: zmk_hid_mouse_movement_set: Mouse movement set to 38/0[0m
[00:00:57.846,160] [0m<dbg> zmk: zmk_hid_mouse_scroll_set: Mouse scroll set to 0/0[0m
[00:00:57.846,160] [0m<dbg> zmk: zmk_hid_mouse_movement_set: Mouse movement set to 0/0[0m
[00:00:57.854,125] [0m<inf> exp02_logging: XY 57854 -8355840 -8355840[0m
[00:00:57.854,217] [0m<dbg> zmk: zmk_hid_mouse_movement_set: Mouse movement set to 0/0[0m
[00:00:57.854,217] [0m<dbg> zmk: zmk_hid_mouse_scroll_set: Mouse scroll set to 0/0[0m
[00:00:57.854,248] [0m<dbg> zmk: zmk_hid_mouse_movement_set: Mouse movement set to 0/0[0m
[00:00:57.862,091] [0m<inf> exp02_logging: XY 57862 -8289855 -8355840[0m
[00:00:57.862,152] [0m<dbg> zmk: zmk_hid_mouse_movement_set: Mouse movement set to 12/0[0m
[00:00:57.862,182] [0m<dbg> zmk: zmk_hid_mouse_scroll_set: Mouse scroll set to 0/0[0m
[00:00:57.862,182] [0m<dbg> zmk: zmk_hid_mouse_movement_set: Mouse movement set to 0/0[0m
[00:00:57.870,086] [0m<inf> exp02_logging: XY 57870 -8355840 -8355840[0m
[00:00:57.870,178] [0m<dbg> zmk: zmk_hid_mouse_movement_set: Mouse movement set to 0/0[0m
[00:00:57.870,178] [0m<dbg> zmk: zmk_hid_mouse_scroll_set: Mouse scroll set to 0/0[0m
[00:00:57.870,208] [0m<dbg> zmk: zmk_hid_mouse_movement_set: Mouse movement set to 0/0[0m
[00:00:57.878,204] [0m<inf> exp02_logging: XY 57878 -8355840 -8355840[0m
[00:00:57.886,199] [0m<inf> exp02_logging: XY 57886 -8158358 -8355840[0m
[00:00:57.886,260] [0m<dbg> zmk: zmk_hid_mouse_movement_set: Mouse movement set to 38/0[0m
[00:00:57.886,291] [0m<dbg> zmk: zmk_hid_mouse_scroll_set: Mouse scroll set to 0/0[0m
[00:00:57.886,291] [0m<dbg> zmk: zmk_hid_mouse_movement_set: Mouse movement set to 0/0[0m
[00:00:57.894,256] [0m<inf> exp02_logging: XY 57894 -8355840 -8355840[0m
[00:00:57.894,348] [0m<dbg> zmk: zmk_hid_mouse_movement_set: Mouse movement set to 0/0[0m
[00:00:57.894,348] [0m<dbg> zmk: zmk_hid_mouse_scroll_set: Mouse scroll set to 0/0[0m
[00:00:57.894,378] [0m<dbg> zmk: zmk_hid_mouse_movement_set: Mouse movement set to 0/0[0m
[00:00:57.902,221] [0m<inf> exp02_logging: XY 57902 -8158443 -8355840[0m
[00:00:57.902,282] [0m<dbg> zmk: zmk_hid_mouse_movement_set: Mouse movement set to 38/0[0m
[00:00:57.902,313] [0m<dbg> zmk: zmk_hid_mouse_scroll_set: Mouse scroll set to 0/0[0m
[00:00:57.902,313] [0m<dbg> zmk: zmk_hid_mouse_movement_set: Mouse movement set to 0/0[0m
[00:00:57.910,217] [0m<inf> exp02_logging: XY 57910 -8355840 -8355840[0m
[00:00:57.910,308] [0m<dbg> zmk: zmk_hid_mouse_movement_set: Mouse movement set to 0/0[0m
[00:00:57.910,308] [0m<dbg> zmk: zmk_hid_mouse_scroll_set: Mouse scroll set to 0/0[0m
[00:00:57.910,339] [0m<dbg> zmk: zmk_hid_mouse_movement_set: Mouse movement set to 0/0[0m
[00:00:57.918,334] [0m<inf> exp02_logging: XY 57918 -8355840 -8355840[0m
[00:00:57.926,300] [0m<inf> exp02_logging: XY 57926 -8224021 -8355840[0m
[00:00:57.926,391] [0m<dbg> zmk: zmk_hid_mouse_movement_set: Mouse movement set to 25/0[0m
[00:00:57.926,422] [0m<dbg> zmk: zmk_hid_mouse_scroll_set: Mouse scroll set to 0/0[0m
[00:00:57.926,422] [0m<dbg> zmk: zmk_hid_mouse_movement_set: Mouse movement set to 0/0[0m
[00:00:57.934,387] [0m<inf> exp02_logging: XY 57934 -8355840 -8355840[0m
[00:00:57.934,478] [0m<dbg> zmk: zmk_hid_mouse_movement_set: Mouse movement set to 0/0[0m
[00:00:57.934,478] [0m<dbg> zmk: zmk_hid_mouse_scroll_set: Mouse scroll set to 0/0[0m
[00:00:57.934,509] [0m<dbg> zmk: zmk_hid_mouse_movement_set: Mouse movement set to 0/0[0m
[00:00:57.942,352] [0m<inf> exp02_logging: XY 57942 -8026690 -8355840[0m
[00:00:57.942,413] [0m<dbg> zmk: zmk_hid_mouse_movement_set: Mouse movement set to 63/0[0m
[00:00:57.942,443] [0m<dbg> zmk: zmk_hid_mouse_scroll_set: Mouse scroll set to 0/0[0m
[00:00:57.942,443] [0m<dbg> zmk: zmk_hid_mouse_movement_set: Mouse movement set to 0/0[0m
[00:00:57.950,347] [0m<inf> exp02_logging: XY 57950 -8355840 -8355840[0m
[00:00:57.950,439] [0m<dbg> zmk: zmk_hid_mouse_movement_set: Mouse movement set to 0/0[0m
[00:00:57.950,439] [0m<dbg> zmk: zmk_hid_mouse_scroll_set: Mouse scroll set to 0/0[0m
[00:00:57.950,469] [0m<dbg> zmk: zmk_hid_mouse_movement_set: Mouse movement set to 0/0[0m
[00:00:57.958,435] [0m<inf> exp02_logging: XY 57958 -8355840 -8355840[0m
[00:00:57.966,430] [0m<inf> exp02_logging: XY 57966 -8224234 -8355840[0m
[00:00:57.966,522] [0m<dbg> zmk: zmk_hid_mouse_movement_set: Mouse movement set to 25/0[0m
[00:00:57.966,552] [0m<dbg> zmk: zmk_hid_mouse_scroll_set: Mouse scroll set to 0/0[0m
[00:00:57.966,552] [0m<dbg> zmk: zmk_hid_mouse_movement_set: Mouse movement set to 0/0[0m
[00:00:57.974,517] [0m<inf> exp02_logging: XY 57974 -8355840 -8355840[0m
[00:00:57.974,609] [0m<dbg> zmk: zmk_hid_mouse_movement_set: Mouse movement set to 0/0[0m
[00:00:57.974,609] [0m<dbg> zmk: zmk_hid_mouse_scroll_set: Mouse scroll set to 0/0[0m
[00:00:57.974,639] [0m<dbg> zmk: zmk_hid_mouse_movement_set: Mouse movement set to 0/0[0m
[00:00:57.982,482] [0m<inf> exp02_logging: XY 57982 -7697692 -8355840[0m
[00:00:57.982,543] [0m<dbg> zmk: zmk_hid_mouse_movement_set: Mouse movement set to 127/0[0m
[00:00:57.982,574] [0m<dbg> zmk: zmk_hid_mouse_scroll_set: Mouse scroll set to 0/0[0m
[00:00:57.982,574] [0m<dbg> zmk: zmk_hid_mouse_movement_set: Mouse movement set to 0/0[0m
[00:00:57.990,478] [0m<inf> exp02_logging: XY 57990 -8355840 -8355840[0m
[00:00:57.990,570] [0m<dbg> zmk: zmk_hid_mouse_movement_set: Mouse movement set to 0/0[0m
[00:00:57.990,570] [0m<dbg> zmk: zmk_hid_mouse_scroll_set: Mouse scroll set to 0/0[0m
[00:00:57.990,600] [0m<dbg> zmk: zmk_hid_mouse_movement_set: Mouse movement set to 0/0[0m
[00:00:57.998,596] [0m<inf> exp02_logging: XY 57998 -8355840 -8355840[0m
[00:00:58.006,561] [0m<inf> exp02_logging: XY 58006 -8289982 -8355840[0m
[00:00:58.006,652] [0m<dbg> zmk: zmk_hid_mouse_movement_set: Mouse movement set to 12/0[0m
[00:00:58.006,683] [0m<dbg> zmk: zmk_hid_mouse_scroll_set: Mouse scroll set to 0/0[0m
[00:00:58.006,683] [0m<dbg> zmk: zmk_hid_mouse_movement_set: Mouse movement set to 0/0[0m
[00:00:58.014,648] [0m<inf> exp02_logging: XY 58014 -8355840 -8355840[0m
[00:00:58.014,739] [0m<dbg> zmk: zmk_hid_mouse_movement_set: Mouse movement set to 0/0[0m
[00:00:58.014,739] [0m<dbg> zmk: zmk_hid_mouse_scroll_set: Mouse scroll set to 0/0[0m
[00:00:58.014,770] [0m<dbg> zmk: zmk_hid_mouse_movement_set: Mouse movement set to 0/0[0m
[00:00:58.022,613] [0m<inf> exp02_logging: XY 58022 -6974160 -8355840[0m
[00:00:58.022,674] [0m<dbg> zmk: zmk_hid_mouse_movement_set: Mouse movement set to 127/0[0m
[00:00:58.022,705] [0m<dbg> zmk: zmk_hid_mouse_scroll_set: Mouse scroll set to 0/0[0m
[00:00:58.022,705] [0m<dbg> zmk: zmk_hid_mouse_movement_set: Mouse movement set to 0/0[0m
[00:00:58.030,609] [0m<inf> exp02_logging: XY 58030 -8355840 -8355840[0m
[00:00:58.030,700] [0m<dbg> zmk: zmk_hid_mouse_movement_set: Mouse movement set to 0/0[0m
[00:00:58.030,700] [0m<dbg> zmk: zmk_hid_mouse_scroll_set: Mouse scroll set to 0/0[0m
[00:00:58.030,731] [0m<dbg> zmk: zmk_hid_mouse_movement_set: Mouse movement set to 0/0[0m
[00:00:58.038,726] [0m<inf> exp02_logging: XY 58038 -8355840 -8355840[0m
[00:00:58.046,691] [0m<inf> exp02_logging: XY 58046 -8289940 -8355840[0m
[00:00:58.046,783] [0m<dbg> zmk: zmk_hid_mouse_movement_set: Mouse movement set to 12/0[0m
[00:00:58.046,813] [0m<dbg> zmk: zmk_hid_mouse_scroll_set: Mouse scroll set to 0/0[0m
[00:00:58.046,813] [0m<dbg> zmk: zmk_hid_mouse_movement_set: Mouse movement set to 0/0[0m
[00:00:58.054,779] [0m<inf> exp02_logging: XY 58054 -8355840 -8355840[0m
[00:00:58.054,870] [0m<dbg> zmk: zmk_hid_mouse_movement_set: Mouse movement set to 0/0[0m
[00:00:58.054,870] [0m<dbg> zmk: zmk_hid_mouse_scroll_set: Mouse scroll set to 0/0[0m
[00:00:58.054,901] [0m<dbg> zmk: zmk_hid_mouse_movement_set: Mouse movement set to 0/0[0m
[00:00:58.062,774] [0m<inf> exp02_logging: XY 58062 -6513622 -8355840[0m
[00:00:58.062,835] [0m<dbg> zmk: zmk_hid_mouse_movement_set: Mouse movement set to 127/0[0m
[00:00:58.062,866] [0m<dbg> zmk: zmk_hid_mouse_scroll_set: Mouse scroll set to 0/0[0m
[00:00:58.062,866] [0m<dbg> zmk: zmk_hid_mouse_movement_set: Mouse movement set to 0/0[0m
[00:00:58.070,739] [0m<inf> exp02_logging: XY 58070 -8355840 -8355840[0m
[00:00:58.070,831] [0m<dbg> zmk: zmk_hid_mouse_movement_set: Mouse movement set to 0/0[0m
[00:00:58.070,831] [0m<dbg> zmk: zmk_hid_mouse_scroll_set: Mouse scroll set to 0/0[0m
[00:00:58.070,861] [0m<dbg> zmk: zmk_hid_mouse_movement_set: Mouse movement set to 0/0[0m
[00:00:58.078,857] [0m<inf> exp02_logging: XY 58078 -8355840 -8355840[0m
[00:00:58.086,822] [0m<inf> exp02_logging: XY 58086 -8290025 -8355840[0m
[00:00:58.086,914] [0m<dbg> zmk: zmk_hid_mouse_movement_set: Mouse movement set to 12/0[0m
[00:00:58.086,944] [0m<dbg> zmk: zmk_hid_mouse_scroll_set: Mouse scroll set to 0/0[0m
[00:00:58.086,944] [0m<dbg> zmk: zmk_hid_mouse_movement_set: Mouse movement set to 0/0[0m
[00:00:58.094,909] [0m<inf> exp02_logging: XY 58094 -8355840 -8355840[0m
[00:00:58.095,001] [0m<dbg> zmk: zmk_hid_mouse_movement_set: Mouse movement set to 0/0[0m
[00:00:58.095,001] [0m<dbg> zmk: zmk_hid_mouse_scroll_set: Mouse scroll set to 0/0[0m
[00:00:58.095,031] [0m<dbg> zmk: zmk_hid_mouse_movement_set: Mouse movement set to 0/0[0m
[00:00:58.102,874] [0m<inf> exp02_logging: XY 58102 -5789835 -8355840[0m
[00:00:58.102,935] [0m<dbg> zmk: zmk_hid_mouse_movement_set: Mouse movement set to 127/0[0m
[00:00:58.102,966] [0m<dbg> zmk: zmk_hid_mouse_scroll_set: Mouse scroll set to 0/0[0m
[00:00:58.102,966] [0m<dbg> zmk: zmk_hid_mouse_movement_set: Mouse movement set to 0/0[0m
[00:00:58.110,870] [0m<inf> exp02_logging: XY 58110 -8355840 -8355840[0m
[00:00:58.110,961] [0m<dbg> zmk: zmk_hid_mouse_movement_set: Mouse movement set to 0/0[0m
[00:00:58.110,961] [0m<dbg> zmk: zmk_hid_mouse_scroll_set: Mouse scroll set to 0/0[0m
[00:00:58.110,992] [0m<dbg> zmk: zmk_hid_mouse_movement_set: Mouse movement set to 0/0[0m
[00:00:58.118,988] [0m<inf> exp02_logging: XY 58118 -8355840 -8355840[0m
[00:00:58.126,953] [0m<inf> exp02_logging: XY 58126 -8224234 -8355840[0m
[00:00:58.127,044] [0m<dbg> zmk: zmk_hid_mouse_movement_set: Mouse movement set to 25/0[0m
[00:00:58.127,075] [0m<dbg> zmk: zmk_hid_mouse_scroll_set: Mouse scroll set to 0/0[0m
[00:00:58.127,075] [0m<dbg> zmk: zmk_hid_mouse_movement_set: Mouse movement set to 0/0[0m
[00:00:58.135,040] [0m<inf> exp02_logging: XY 58135 -8355840 -8355840[0m
[00:00:58.135,131] [0m<dbg> zmk: zmk_hid_mouse_movement_set: Mouse movement set to 0/0[0m
[00:00:58.135,131] [0m<dbg> zmk: zmk_hid_mouse_scroll_set: Mouse scroll set to 0/0[0m
[00:00:58.135,162] [0m<dbg> zmk: zmk_hid_mouse_movement_set: Mouse movement set to 0/0[0m
[00:00:58.143,005] [0m<inf> exp02_logging: XY 58142 -5394961 -8355840[0m
[00:00:58.143,066] [0m<dbg> zmk: zmk_hid_mouse_movement_set: Mouse movement set to 127/0[0m
[00:00:58.143,096] [0m<dbg> zmk: zmk_hid_mouse_scroll_set: Mouse scroll set to 0/0[0m
[00:00:58.143,096] [0m<dbg> zmk: zmk_hid_mouse_movement_set: Mouse movement set to 0/0[0m
[00:00:58.151,000] [0m<inf> exp02_logging: XY 58151 -8355840 -8355840[0m
[00:00:58.151,092] [0m<dbg> zmk: zmk_hid_mouse_movement_set: Mouse movement set to 0/0[0m
[00:00:58.151,092] [0m<dbg> zmk: zmk_hid_mouse_scroll_set: Mouse scroll set to 0/0[0m
[00:00:58.151,123] [0m<dbg> zmk: zmk_hid_mouse_movement_set: Mouse movement set to 0/0[0m
[00:00:58.159,118] [0m<inf> exp02_logging: XY 58159 -8355840 -8289982[0m
[00:00:58.159,210] [0m<dbg> zmk: zmk_hid_mouse_movement_set: Mouse movement set to 0/12[0m
[00:00:58.159,240] [0m<dbg> zmk: zmk_hid_mouse_scroll_set: Mouse scroll set to 0/0[0m
[00:00:58.159,240] [0m<dbg> zmk: zmk_hid_mouse_movement_set: Mouse movement set to 0/0[0m
[00:00:58.167,083] [0m<inf> exp02_logging: XY 58167 -8290025 -8355840[0m
[00:00:58.167,175] [0m<dbg> zmk: zmk_hid_mouse_movement_set: Mouse movement set to 12/0[0m
[00:00:58.167,205] [0m<dbg> zmk: zmk_hid_mouse_scroll_set: Mouse scroll set to 0/0[0m
[00:00:58.167,236] [0m<dbg> zmk: zmk_hid_mouse_movement_set: Mouse movement set to 0/0[0m
[00:00:58.175,079] [0m<inf> exp02_logging: XY 58175 -8355840 -8355840[0m
[00:00:58.175,170] [0m<dbg> zmk: zmk_hid_mouse_movement_set: Mouse movement set to 0/0[0m
[00:00:58.175,170] [0m<dbg> zmk: zmk_hid_mouse_scroll_set: Mouse scroll set to 0/0[0m
[00:00:58.175,201] [0m<dbg> zmk: zmk_hid_mouse_movement_set: Mouse movement set to 0/0[0m
[00:00:58.183,227] [0m<inf> exp02_logging: XY 58183 -4737135 -8355840[0m
[00:00:58.183,288] [0m<dbg> zmk: zmk_hid_mouse_movement_set: Mouse movement set to 127/0[0m
[00:00:58.183,319] [0m<dbg> zmk: zmk_hid_mouse_scroll_set: Mouse scroll set to 0/0[0m
[00:00:58.183,319] [0m<dbg> zmk: zmk_hid_mouse_movement_set: Mouse movement set to 0/0[0m
[00:00:58.191,131] [0m<inf> exp02_logging: XY 58191 -8355840 -8355840[0m
[00:00:58.191,223] [0m<dbg> zmk: zmk_hid_mouse_movement_set: Mouse movement set to 0/0[0m
[00:00:58.191,223] [0m<dbg> zmk: zmk_hid_mouse_scroll_set: Mouse scroll set to 0/0[0m
[00:00:58.191,253] [0m<dbg> zmk: zmk_hid_mouse_movement_set: Mouse movement set to 0/0[0m
[00:00:58.199,157] [0m<inf> exp02_logging: XY 58199 -8355840 -8224191[0m
[00:00:58.199,249] [0m<dbg> zmk: zmk_hid_mouse_movement_set: Mouse movement set to 0/25[0m
[00:00:58.199,279] [0m<dbg> zmk: zmk_hid_mouse_scroll_set: Mouse scroll set to 0/0[0m
[00:00:58.199,279] [0m<dbg> zmk: zmk_hid_mouse_movement_set: Mouse movement set to 0/0[0m
[00:00:58.207,275] [0m<inf> exp02_logging: XY 58207 -8355731 -8355840[0m
[00:00:58.207,336] [0m<dbg> zmk: zmk_hid_mouse_movement_set: Mouse movement set to 0/0[0m
[00:00:58.207,366] [0m<dbg> zmk: zmk_hid_mouse_scroll_set: Mouse scroll set to 0/0[0m
[00:00:58.207,366] [0m<dbg> zmk: zmk_hid_mouse_movement_set: Mouse movement set to 0/0[0m
[00:00:58.215,209] [0m<inf> exp02_logging: XY 58215 -8355840 -8355840[0m
[00:00:58.223,297] [0m<inf> exp02_logging: XY 58223 -4145057 -8355840[0m
[00:00:58.223,358] [0m<dbg> zmk: zmk_hid_mouse_movement_set: Mouse movement set to 127/0[0m
[00:00:58.223,388] [0m<dbg> zmk: zmk_hid_mouse_scroll_set: Mouse scroll set to 0/0[0m
[00:00:58.223,388] [0m<dbg> zmk: zmk_hid_mouse_movement_set: Mouse movement set to 0/0[0m
[00:00:58.231,353] [0m<inf> exp02_logging: XY 58231 -8355840 -8355840[0m
[00:00:58.231,414] [0m<dbg> zmk: zmk_hid_mouse_movement_set: Mouse movement set to 0/0[0m
[00:00:58.231,445] [0m<dbg> zmk: zmk_hid_mouse_scroll_set: Mouse scroll set to 0/0[0m
[00:00:58.231,445] [0m<dbg> zmk: zmk_hid_mouse_movement_set: Mouse movement set to 0/0[0m
[00:00:58.239,288] [0m<inf> exp02_logging: XY 58239 -8355840 -7829445[0m
[00:00:58.239,379] [0m<dbg> zmk: zmk_hid_mouse_movement_set: Mouse movement set to 0/102[0m
[00:00:58.239,410] [0m<dbg> zmk: zmk_hid_mouse_scroll_set: Mouse scroll set to 0/0[0m
[00:00:58.239,410] [0m<dbg> zmk: zmk_hid_mouse_movement_set: Mouse movement set to 0/0[0m
[00:00:58.247,314] [0m<inf> exp02_logging: XY 58247 -8355816 -8355840[0m
[00:00:58.247,406] [0m<dbg> zmk: zmk_hid_mouse_movement_set: Mouse movement set to 0/0[0m
[00:00:58.247,436] [0m<dbg> zmk: zmk_hid_mouse_scroll_set: Mouse scroll set to 0/0[0m
[00:00:58.247,436] [0m<dbg> zmk: zmk_hid_mouse_movement_set: Mouse movement set to 0/0[0m
[00:00:58.255,432] [0m<inf> exp02_logging: XY 58255 -8355840 -8355840[0m
[00:00:58.263,397] [0m<inf> exp02_logging: XY 58263 -4013560 -8355840[0m
[00:00:58.263,488] [0m<dbg> zmk: zmk_hid_mouse_movement_set: Mouse movement set to 127/0[0m
[00:00:58.263,488] [0m<dbg> zmk: zmk_hid_mouse_scroll_set: Mouse scroll set to 0/0[0m
[00:00:58.263,519] [0m<dbg> zmk: zmk_hid_mouse_movement_set: Mouse movement set to 0/0[0m
[00:00:58.271,484] [0m<inf> exp02_logging: XY 58271 -8355840 -8355840[0m
[00:00:58.271,545] [0m<dbg> zmk: zmk_hid_mouse_movement_set: Mouse movement set to 0/0[0m
[00:00:58.271,575] [0m<dbg> zmk: zmk_hid_mouse_scroll_set: Mouse scroll set to 0/0[0m
[00:00:58.271,575] [0m<dbg> zmk: zmk_hid_mouse_movement_set: Mouse movement set to 0/0[0m
[00:00:58.279,418] [0m<inf> exp02_logging: XY 58279 -8355840 -7500447[0m
[00:00:58.279,510] [0m<dbg> zmk: zmk_hid_mouse_movement_set: Mouse movement set to 0/127[0m
[00:00:58.279,510] [0m<dbg> zmk: zmk_hid_mouse_scroll_set: Mouse scroll set to 0/0[0m
[00:00:58.279,541] [0m<dbg> zmk: zmk_hid_mouse_movement_set: Mouse movement set to 0/0[0m
[00:00:58.287,445] [0m<inf> exp02_logging: XY 58287 -8355840 -8355840[0m
[00:00:58.287,536] [0m<dbg> zmk: zmk_hid_mouse_movement_set: Mouse movement set to 0/0[0m
[00:00:58.287,536] [0m<dbg> zmk: zmk_hid_mouse_scroll_set: Mouse scroll set to 0/0[0m
[00:00:58.287,567] [0m<dbg> zmk: zmk_hid_mouse_movement_set: Mouse movement set to 0/0[0m
[00:00:58.295,562] [0m<inf> exp02_logging: XY 58295 -8355840 -8355840[0m
[00:00:58.303,527] [0m<inf> exp02_logging: XY 58303 -4276725 -8355840[0m
[00:00:58.303,619] [0m<dbg> zmk: zmk_hid_mouse_movement_set: Mouse movement set to 127/0[0m
[00:00:58.303,619] [0m<dbg> zmk: zmk_hid_mouse_scroll_set: Mouse scroll set to 0/0[0m
[00:00:58.303,649] [0m<dbg> zmk: zmk_hid_mouse_movement_set: Mouse movement set to 0/0[0m
[00:00:58.311,614] [0m<inf> exp02_logging: XY 58311 -8355840 -8355840[0m
[00:00:58.311,676] [0m<dbg> zmk: zmk_hid_mouse_movement_set: Mouse movement set to 0/0[0m
[00:00:58.311,706] [0m<dbg> zmk: zmk_hid_mouse_scroll_set: Mouse scroll set to 0/0[0m
[00:00:58.311,706] [0m<dbg> zmk: zmk_hid_mouse_movement_set: Mouse movement set to 0/0[0m
[00:00:58.319,549] [0m<inf> exp02_logging: XY 58319 -8355840 -7237367[0m
[00:00:58.319,641] [0m<dbg> zmk: zmk_hid_mouse_movement_set: Mouse movement set to 0/127[0m
[00:00:58.319,641] [0m<dbg> zmk: zmk_hid_mouse_scroll_set: Mouse scroll set to 0/0[0m
[00:00:58.319,671] [0m<dbg> zmk: zmk_hid_mouse_movement_set: Mouse movement set to 0/0[0m
[00:00:58.327,575] [0m<inf> exp02_logging: XY 58327 -8355840 -8355840[0m
[00:00:58.327,667] [0m<dbg> zmk: zmk_hid_mouse_movement_set: Mouse movement set to 0/0[0m
[00:00:58.327,667] [0m<dbg> zmk: zmk_hid_mouse_scroll_set: Mouse scroll set to 0/0[0m
[00:00:58.327,697] [0m<dbg> zmk: zmk_hid_mouse_movement_set: Mouse movement set to 0/0[0m
[00:00:58.335,693] [0m<inf> exp02_logging: XY 58335 -8355840 -8355840[0m
[00:00:58.343,658] [0m<inf> exp02_logging: XY 58343 -3750268 -8355840[0m
[00:00:58.343,750] [0m<dbg> zmk: zmk_hid_mouse_movement_set: Mouse movement set to 127/0[0m
[00:00:58.343,750] [0m<dbg> zmk: zmk_hid_mouse_scroll_set: Mouse scroll set to 0/0[0m
[00:00:58.343,780] [0m<dbg> zmk: zmk_hid_mouse_movement_set: Mouse movement set to 0/0[0m
[00:00:58.351,745] [0m<inf> exp02_logging: XY 58351 -8355840 -8355840[0m
[00:00:58.351,806] [0m<dbg> zmk: zmk_hid_mouse_movement_set: Mouse movement set to 0/0[0m
[00:00:58.351,837] [0m<dbg> zmk: zmk_hid_mouse_scroll_set: Mouse scroll set to 0/0[0m
[00:00:58.351,837] [0m<dbg> zmk: zmk_hid_mouse_movement_set: Mouse movement set to 0/0[0m
[00:00:58.359,710] [0m<inf> exp02_logging: XY 58359 -8355840 -7105615[0m
[00:00:58.359,771] [0m<dbg> zmk: zmk_hid_mouse_movement_set: Mouse movement set to 0/127[0m
[00:00:58.359,802] [0m<dbg> zmk: zmk_hid_mouse_scroll_set: Mouse scroll set to 0/0[0m
[00:00:58.359,802] [0m<dbg> zmk: zmk_hid_mouse_movement_set: Mouse movement set to 0/0[0m
[00:00:58.367,706] [0m<inf> exp02_logging: XY 58367 -8355840 -8355840[0m
[00:00:58.367,797] [0m<dbg> zmk: zmk_hid_mouse_movement_set: Mouse movement set to 0/0[0m
[00:00:58.367,797] [0m<dbg> zmk: zmk_hid_mouse_scroll_set: Mouse scroll set to 0/0[0m
[00:00:58.367,828] [0m<dbg> zmk: zmk_hid_mouse_movement_set: Mouse movement set to 0/0[0m
[00:00:58.375,823] [0m<inf> exp02_logging: XY 58375 -8355840 -8355840[0m
[00:00:58.383,789] [0m<inf> exp02_logging: XY 58383 -3684477 -8355840[0m
[00:00:58.383,880] [0m<dbg> zmk: zmk_hid_mouse_movement_set: Mouse movement set to 127/0[0m
[00:00:58.383,880] [0m<dbg> zmk: zmk_hid_mouse_scroll_set: Mouse scroll set to 0/0[0m
[00:00:58.383,911] [0m<dbg> zmk: zmk_hid_mouse_movement_set: Mouse movement set to 0/0[0m
[00:00:58.391,876] [0m<inf> exp02_logging: XY 58391 -8355840 -8355840[0m
[00:00:58.391,937] [0m<dbg> zmk: zmk_hid_mouse_movement_set: Mouse movement set to 0/0[0m
[00:00:58.391,967] [0m<dbg> zmk: zmk_hid_mouse_scroll_set: Mouse scroll set to 0/0[0m
[00:00:58.391,967] [0m<dbg> zmk: zmk_hid_mouse_movement_set: Mouse movement set to 0/0[0m
[00:00:58.399,810] [0m<inf> exp02_logging: XY 58399 -8355840 -7039909[0m
[00:00:58.399,902] [0m<dbg> zmk: zmk_hid_mouse_movement_set: Mouse movement set to 0/127[0m
[00:00:58.399,902] [0m<dbg> zmk: zmk_hid_mouse_scroll_set: Mouse scroll set to 0/0[0m
[00:00:58.399,932] [0m<dbg> zmk: zmk_hid_mouse_movement_set: Mouse movement set to 0/0[0m
[00:00:58.407,836] [0m<inf> exp02_logging: XY 58407 -8355840 -8355840[0m
[00:00:58.407,928] [0m<dbg> zmk: zmk_hid_mouse_movement_set: Mouse movement set to 0/0[0m
[00:00:58.407,928] [0m<dbg> zmk: zmk_hid_mouse_scroll_set: Mouse scroll set to 0/0[0m
[00:00:58.407,958] [0m<dbg> zmk: zmk_hid_mouse_movement_set: Mouse movement set to 0/0[0m
[00:00:58.416,015] [0m<inf> exp02_logging: XY 58415 -8355840 -8355840[0m
[00:00:58.423,919] [0m<inf> exp02_logging: XY 58423 -3947556 -8355840[0m
[00:00:58.424,011] [0m<dbg> zmk: zmk_hid_mouse_movement_set: Mouse movement set to 127/0[0m
[00:00:58.424,041] [0m<dbg> zmk: zmk_hid_mouse_scroll_set: Mouse scroll set to 0/0[0m
[00:00:58.424,041] [0m<dbg> zmk: zmk_hid_mouse_movement_set: Mouse movement set to 0/0[0m
[00:00:58.432,006] [0m<inf> exp02_logging: XY 58432 -8355840 -8355840[0m
[00:00:58.432,098] [0m<dbg> zmk: zmk_hid_mouse_movement_set: Mouse movement set to 0/0[0m
[00:00:58.432,098] [0m<dbg> zmk: zmk_hid_mouse_scroll_set: Mouse scroll set to 0/0[0m
[00:00:58.432,128] [0m<dbg> zmk: zmk_hid_mouse_movement_set: Mouse movement set to 0/0[0m
[00:00:58.439,971] [0m<inf> exp02_logging: XY 58439 -8355762 -6974203[0m
[00:00:58.440,032] [0m<dbg> zmk: zmk_hid_mouse_movement_set: Mouse movement set to 0/127[0m
[00:00:58.440,063] [0m<dbg> zmk: zmk_hid_mouse_scroll_set: Mouse scroll set to 0/0[0m
[00:00:58.440,093] [0m<dbg> zmk: zmk_hid_mouse_movement_set: Mouse movement set to 0/0[0m
[00:00:58.447,967] [0m<inf> exp02_logging: XY 58447 -8355840 -8355840[0m
[00:00:58.448,059] [0m<dbg> zmk: zmk_hid_mouse_movement_set: Mouse movement set to 0/0[0m
[00:00:58.448,059] [0m<dbg> zmk: zmk_hid_mouse_scroll_set: Mouse scroll set to 0/0[0m
[00:00:58.448,089] [0m<dbg> zmk: zmk_hid_mouse_movement_set: Mouse movement set to 0/0[0m
[00:00:58.456,085] [0m<inf> exp02_logging: XY 58456 -8355840 -8355840[0m
[00:00:58.464,050] [0m<inf> exp02_logging: XY 58464 -3947599 -8355840[0m
[00:00:58.464,141] [0m<dbg> zmk: zmk_hid_mouse_movement_set: Mouse movement set to 127/0[0m
[00:00:58.464,172] [0m<dbg> zmk: zmk_hid_mouse_scroll_set: Mouse scroll set to 0/0[0m
[00:00:58.464,172] [0m<dbg> zmk: zmk_hid_mouse_movement_set: Mouse movement set to 0/0[0m
[00:00:58.472,137] [0m<inf> exp02_logging: XY 58472 -8355840 -8355840[0m
[00:00:58.472,229] [0m<dbg> zmk: zmk_hid_mouse_movement_set: Mouse movement set to 0/0[0m
[00:00:58.472,229] [0m<dbg> zmk: zmk_hid_mouse_scroll_set: Mouse scroll set to 0/0[0m
[00:00:58.472,259] [0m<dbg> zmk: zmk_hid_mouse_movement_set: Mouse movement set to 0/0[0m
[00:00:58.480,102] [0m<inf> exp02_logging: XY 58480 -8092601 -7039866[0m
[00:00:58.480,224] [0m<dbg> zmk: zmk_hid_mouse_movement_set: Mouse movement set to 51/127[0m
[00:00:58.480,255] [0m<dbg> zmk: zmk_hid_mouse_scroll_set: Mouse scroll set to 0/0[0m
[00:00:58.480,285] [0m<dbg> zmk: zmk_hid_mouse_movement_set: Mouse movement set to 0/0[0m
[00:00:58.488,098] [0m<inf> exp02_logging: XY 58488 -8355840 -8355840[0m
[00:00:58.488,220] [0m<dbg> zmk: zmk_hid_mouse_movement_set: Mouse movement set to 0/0[0m
[00:00:58.488,250] [0m<dbg> zmk: zmk_hid_mouse_scroll_set: Mouse scroll set to 0/0[0m
[00:00:58.488,250] [0m<dbg> zmk: zmk_hid_mouse_movement_set: Mouse movement set to 0/0[0m
[00:00:58.496,215] [0m<inf> exp02_logging: XY 58496 -8355840 -8355840[0m
[00:00:58.504,180] [0m<inf> exp02_logging: XY 58504 -4145100 -8355840[0m
[00:00:58.504,272] [0m<dbg> zmk: zmk_hid_mouse_movement_set: Mouse movement set to 127/0[0m
[00:00:58.504,302] [0m<dbg> zmk: zmk_hid_mouse_scroll_set: Mouse scroll set to 0/0[0m
[00:00:58.504,302] [0m<dbg> zmk: zmk_hid_mouse_movement_set: Mouse movement set to 0/0[0m
[00:00:58.512,268] [0m<inf> exp02_logging: XY 58512 -8355840 -8355840[0m
[00:00:58.512,359] [0m<dbg> zmk: zmk_hid_mouse_movement_set: Mouse movement set to 0/0[0m
[00:00:58.512,359] [0m<dbg> zmk: zmk_hid
### sent: tpoint idac 100
_mouse_scroll_set: Mouse scroll set to 0/0[0m
[00:00:58.512,390] [0m<dbg> zmk: zmk_hid_mouse_movement_set: Mouse movement set to 0/0[0m
[00:00:58.520,233] [0m<inf> exp02_logging: XY 58520 -7697870 -7105657[0m
[00:00:58.520,355] [0m<dbg> zmk: zmk_hid_mouse_movement_set: Mouse movement set to 127/127[0m
[00:00:58.520,355] [0m<dbg> zmk: zmk_hid_mouse_scroll_set: Mouse scroll set to 0/0[0m
[00:00:58.520,385] [0m<dbg> zmk: zmk_hid_mouse_movement_set: Mouse movement set to 0/0[0m
tpoint idac 100
idac = 100 uA (ret 0)
[1;32muart:~$ [m[00:00:58.528,198] [0m<inf> exp02_logging: XY 58528 -8355840 -8355840[0m
[00:00:58.528,320] [0m<dbg> zmk: zmk_hid_mouse_movement_set: Mouse movement set to 0/0[0m
[00:00:58.528,350] [0m<dbg> zmk: zmk_hid_mouse_scroll_set: Mouse scroll set to 0/0[0m
[00:00:58.528,350] [0m<dbg> zmk: zmk_hid_mouse_movement_set: Mouse movement set to 0/0[0m
[00:00:58.536,682] [0m<inf> exp02_logging: XY 58536 -8355840 -8355840[0m
[00:00:58.544,311] [0m<inf> exp02_logging: XY 58544 -8355840 -8355840[0m
[00:00:58.552,398] [0m<inf> exp02_logging: XY 58552 -8355840 -8355840[0m
[00:00:58.560,394] [0m<inf> exp02_logging: XY 58560 -8355840 -8355840[0m
[00:00:58.568,450] [0m<inf> exp02_logging: XY 58568 -8355840 -8355840[0m
[00:00:58.576,446] [0m<inf> exp02_logging: XY 58576 -8355840 -8355840[0m
[00:00:58.584,503] [0m<inf> exp02_logging: XY 58584 -8355840 -8355840[0m
[00:00:58.592,498] [0m<inf> exp02_logging: XY 58592 -8355840 -8355840[0m
[00:00:58.600,555] [0m<inf> exp02_logging: XY 58600 -8355840 -8355840[0m
[00:00:58.608,551] [0m<inf> exp02_logging: XY 58608 -8355840 -8355840[0m
[00:00:58.616,607] [0m<inf> exp02_logging: XY 58616 -8355840 -8355840[0m
[00:00:58.624,603] [0m<inf> exp02_logging: XY 58624 -8355840 -8355840[0m
[00:00:58.632,659] [0m<inf> exp02_logging: XY 58632 -8355840 -8355840[0m
[00:00:58.640,655] [0m<inf> exp02_logging: XY 58640 -8355840 -8355840[0m
[00:00:58.648,712] [0m<inf> exp02_logging: XY 58648 -8355840 -8355840[0m
[00:00:58.656,707] [0m<inf> exp02_logging: XY 58656 -8355840 -8355840[0m
[00:00:58.664,764] [0m<inf> exp02_logging: XY 58664 -8355840 -8355840[0m
[00:00:58.672,760] [0m<inf> exp02_logging: XY 58672 -8355840 -8355840[0m
[00:00:58.680,816] [0m<inf> exp02_logging: XY 58680 -8355840 -8355840[0m
[00:00:58.688,812] [0m<inf> exp02_logging: XY 58688 -8355840 -8355840[0m
[00:00:58.696,868] [0m<inf> exp02_logging: XY 58696 -8355840 -8355840[0m
[00:00:58.704,864] [0m<inf> exp02_logging: XY 58704 -8355840 -8355840[0m
[00:00:58.712,921] [0m<inf> exp02_logging: XY 58712 -8355840 -8355840[0m
[00:00:58.720,916] [0m<inf> exp02_logging: XY 58720 -8355840 -8355840[0m
[00:00:58.728,973] [0m<inf> exp02_logging: XY 58728 -8355840 -8355840[0m
[00:00:58.736,968] [0m<inf> exp02_logging: XY 58736 -8355840 -8355840[0m
[00:00:58.745,025] [0m<inf> exp02_logging: XY 58745 -8355840 -8355840[0m
[00:00:58.753,021] [0m<inf> exp02_logging: XY 58753 -8355840 -8355840[0m
[00:00:58.761,077] [0m<inf> exp02_logging: XY 58761 -8355840 -8355840[0m
[00:00:58.769,073] [0m<inf> exp02_logging: XY 58769 -8355840 -8355840[0m
[00:00:58.777,130] [0m<inf> exp02_logging: XY 58777 -8355840 -8355840[0m
[00:00:58.785,125] [0m<inf> exp02_logging: XY 58785 -8355840 -8355840[0m
[00:00:58.793,182] [0m<inf> exp02_logging: XY 58793 -8355840 -8355840[0m
[00:00:58.801,177] [0m<inf> exp02_logging: XY 58801 -8355840 -8355840[0m
[00:00:58.809,234] [0m<inf> exp02_logging: XY 58809 -8355840 -8355840[0m
[00:00:58.817,230] [0m<inf> exp02_logging: XY 58817 -8355840 -8355840[0m
[00:00:58.825,286] [0m<inf> exp02_logging: XY 58825 -8355840 -8355840[0m
[00:00:58.833,282] [0m<inf> exp02_logging: XY 58833 -8355840 -8355840[0m
[00:00:58.841,339] [0m<inf> exp02_logging: XY 58841 -8355840 -8355840[0m
[00:00:58.849,334] [0m<inf> exp02_logging: XY 58849 -8355840 -8355840[0m
[00:00:58.857,391] [0m<inf> exp02_logging: XY 58857 -8355840 -8355840[0m
[00:00:58.865,386] [0m<inf> exp02_logging: XY 58865 -8355840 -8355840[0m
[00:00:58.873,443] [0m<inf> exp02_logging: XY 58873 -8355840 -8355840[0m
[00:00:58.881,439] [0m<inf> exp02_logging: XY 58881 -8355840 -8355840[0m
[00:00:58.889,495] [0m<inf> exp02_logging: XY 58889 -8355840 -8355840[0m
[00:00:58.897,491] [0m<inf> exp02_logging: XY 58897 -8355840 -8355840[0m
[00:00:58.905,548] [0m<inf> exp02_logging: XY 58905 -8355840 -8355840[0m
[00:00:58.913,543] [0m<inf> exp02_logging: XY 58913 -8355840 -8355840[0m
[00:00:58.921,600] [0m<inf> exp02_logging: XY 58921 -8355840 -8355840[0m
[00:00:58.929,595] [0m<inf> exp02_logging: XY 58929 -8355840 -8355840[0m
[00:00:58.937,652] [0m<inf> exp02_logging: XY 58937 -8355840 -8355840[0m
[00:00:58.945,648] [0m<inf> exp02_logging: XY 58945 -8355840 -8355840[0m
[00:00:58.953,704] [0m<inf> exp02_logging: XY 58953 -8355840 -8355840[0m
[00:00:58.961,700] [0m<inf> exp02_logging: XY 58961 -8355840 -8355840[0m
[00:00:58.969,757] [0m<inf> exp02_logging: XY 58969 -8355840 -8355840[0m
[00:00:58.977,752] [0m<inf> exp02_logging: XY 58977 -8355840 -8355840[0m
[00:00:58.985,809] [0m<inf> exp02_logging: XY 58985 -8355840 -8355840[0m
[00:00:58.993,804] [0m<inf> exp02_logging: XY 58993 -8355840 -8355840[0m
[00:00:59.001,861] [0m<inf> exp02_logging: XY 59001 -8355840 -8355840[0m
[00:00:59.009,857] [0m<inf> exp02_logging: XY 59009 -8355840 -8355840[0m
[00:00:59.017,913] [0m<inf> exp02_logging: XY 59017 -8355840 -8355840[0m
[00:00:59.025,909] [0m<inf> exp02_logging: XY 59025 -8355840 -8355840[0m
[00:00:59.033,966] [0m<inf> exp02_logging: XY 59033 -8355840 -8355840[0m
[00:00:59.041,961] [0m<inf> exp02_logging: XY 59041 -8355840 -8355840[0m
[00:00:59.050,018] [0m<inf> exp02_logging: XY 59050 -8355840 -8355840[0m
[00:00:59.058,013] [0m<inf> exp02_logging: XY 59058 -8355840 -8355840[0m
[00:00:59.066,070] [0m<inf> exp02_logging: XY 59066 -8355840 -8355840[0m
[00:00:59.074,066] [0m<inf> exp02_logging: XY 59074 -8355840 -8355840[0m
[00:00:59.082,122] [0m<inf> exp02_logging: XY 59082 -8355840 -8355840[0m
[00:00:59.090,118] [0m<inf> exp02_logging: XY 59090 -8355840 -8355840[0m
[00:00:59.098,175] [0m<inf> exp02_logging: XY 59098 -8355840 -8355840[0m
[00:00:59.106,201] [0m<inf> exp02_logging: XY 59106 -8355840 -8355840[0m
[00:00:59.114,227] [0m<inf> exp02_logging: XY 59114 -8355840 -8355840[0m
[00:00:59.122,222] [0m<inf> exp02_logging: XY 59122 -8355840 -8355840[0m
[00:00:59.130,279] [0m<inf> exp02_logging: XY 59130 -8355840 -8355840[0m
[00:00:59.138,275] [0m<inf> exp02_logging: XY 59138 -8355840 -8355840[0m
[00:00:59.146,331] [0m<inf> exp02_logging: XY 59146 -8355840 -8355840[0m
[00:00:59.154,327] [0m<inf> exp02_logging: XY 59154 -8355840 -8355840[0m
[00:00:59.162,384] [0m<inf> exp02_logging: XY 59162 -8355840 -8355840[0m
[00:00:59.170,379] [0m<inf> exp02_logging: XY 59170 -8355840 -8355840[0m
[00:00:59.178,436] [0m<inf> exp02_logging: XY 59178 -8355840 -8355840[0m
[00:00:59.186,431] [0m<inf> exp02_logging: XY 59186 -8355840 -8355840[0m
[00:00:59.194,488] [0m<inf> exp02_logging: XY 59194 -8355840 -8355840[0m
[00:00:59.202,484] [0m<inf> exp02_logging: XY 59202 -8355840 -8355840[0m
[00:00:59.210,540] [0m<inf> exp02_logging: XY 59210 -8355840 -8355840[0m
[00:00:59.218,536] [0m<inf> exp02_logging: XY 59218 -8355840 -8355840[0m
[00:00:59.226,593] [0m<inf> exp02_logging: XY 59226 -8355840 -8355840[0m
[00:00:59.234,588] [0m<inf> exp02_logging: XY 59234 -8355840 -8355840[0m
[00:00:59.242,645] [0m<inf> exp02_logging: XY 59242 -8355840 -8355840[0m
[00:00:59.250,640] [0m<inf> exp02_logging: XY 59250 -8355840 -8355840[0m
[00:00:59.258,666] [0m<inf> exp02_logging: XY 59258 -8355840 -8355840[0m
[00:00:59.266,693] [0m<inf> exp02_logging: XY 59266 -8355840 -8355840[0m
[00:00:59.274,749] [0m<inf> exp02_logging: XY 59274 -8355840 -8355840[0m
[00:00:59.282,745] [0m<inf> exp02_logging: XY 59282 -8355840 -8355840[0m
[00:00:59.290,802] [0m<inf> exp02_logging: XY 59290 -8355840 -8355840[0m
[00:00:59.298,797] [0m<inf> exp02_logging: XY 59298 -8355840 -8355840[0m
[00:00:59.306,854] [0m<inf> exp02_logging: XY 59306 -8355840 -8355840[0m
[00:00:59.314,849] [0m<inf> exp02_logging: XY 59314 -8355840 -8355840[0m
[00:00:59.322,906] [0m<inf> exp02_logging: XY 59322 -8355840 -8355840[0m
[00:00:59.330,902] [0m<inf> exp02_logging: XY 59330 -8355840 -8355840[0m
[00:00:59.338,958] [0m<inf> exp02_logging: XY 59338 -8355840 -8355840[0m
[00:00:59.346,954] [0m<inf> exp02_logging: XY 59346 -8355840 -8355840[0m
[00:00:59.355,010] [0m<inf> exp02_logging: XY 59354 -8355840 -8355840[0m
[00:00:59.363,006] [0m<inf> exp02_logging: XY 59363 -8355840 -8355840[0m
[00:00:59.371,063] [0m<inf> exp02_logging: XY 59371 -8355840 -8355840[0m
[00:00:59.379,058] [0m<inf> exp02_logging: XY 59379 -8355840 -8355840[0m
[00:00:59.387,115] [0m<inf> exp02_logging: XY 59387 -8355840 -8355840[0m
[00:00:59.395,111] [0m<inf> exp02_logging: XY 59395 -8355840 -8355840[0m
[00:00:59.403,167] [0m<inf> exp02_logging: XY 59403 -8355840 -8355840[0m
[00:00:59.411,163] [0m<inf> exp02_logging: XY 59411 -8355840 -8355840[0m
[00:00:59.419,250] [0m<inf> exp02_logging: XY 59419 -8355840 -8355840[0m
[00:00:59.427,215] [0m<inf> exp02_logging: XY 59427 -8355840 -8355840[0m
[00:00:59.435,272] [0m<inf> exp02_logging: XY 59435 -8355840 -8355840[0m
[00:00:59.443,267] [0m<inf> exp02_logging: XY 59443 -8355840 -8355840[0m
[00:00:59.451,324] [0m<inf> exp02_logging: XY 59451 -8355840 -8355840[0m
[00:00:59.459,320] [0m<inf> exp02_logging: XY 59459 -8355840 -8355840[0m
[00:00:59.467,376] [0m<inf> exp02_logging: XY 59467 -8355840 -8355840[0m
[00:00:59.475,372] [0m<inf> exp02_logging: XY 59475 -8355840 -8355840[0m
[00:00:59.483,428] [0m<inf> exp02_logging: XY 59483 -8355840 -8355840[0m
[00:00:59.491,424] [0m<inf> exp02_logging: XY 59491 -8355840 -8355840[0m
[00:00:59.499,481] [0m<inf> exp02_logging: XY 59499 -8355840 -8355840[0m
[00:00:59.507,476] [0m<inf> exp02_logging: XY 59507 -8355840 -8355840[0m
[00:00:59.515,533] [0m<inf> exp02_logging: XY 59515 -8355840 -8355840[0m
[00:00:59.523,529] [0m<inf> exp02_logging: XY 59523 -8355840 -8355840[0m
[00:00:59.531,585] [0m<inf> exp02_logging: XY 59531 -8355840 -8355840[0m
[00:00:59.539,581] [0m<inf> exp02_logging: XY 59539 -8355840 -8355840[0m
[00:00:59.547,637] [0m<inf> exp02_logging: XY 59547 -8355840 -8355840[0m
[00:00:59.555,633] [0m<inf> exp02_logging: XY 59555 -8355840 -8355840[0m
[00:00:59.563,690] [0m<inf> exp02_logging: XY 59563 -8355840 -8355840[0m
[00:00:59.571,685] [0m<inf> exp02_logging: XY 59571 -8355840 -8355840[0m
[00:00:59.579,742] [0m<inf> exp02_logging: XY 59579 -8355840 -8355840[0m
[00:00:59.587,738] [0m<inf> exp02_logging: XY 59587 -8355840 -8355840[0m
[00:00:59.595,794] [0m<inf> exp02_logging: XY 59595 -8355840 -8355840[0m
[00:00:59.603,790] [0m<inf> exp02_logging: XY 59603 -8355840 -8355840[0m
[00:00:59.611,846] [0m<inf> exp02_logging: XY 59611 -8355840 -8355840[0m
[00:00:59.619,842] [0m<inf> exp02_logging: XY 59619 -8355840 -8355840[0m
[00:00:59.627,899] [0m<inf> exp02_logging: XY 59627 -8355840 -8355840[0m
[00:00:59.635,894] [0m<inf> exp02_logging: XY 59635 -8355840 -8355840[0m
[00:00:59.643,951] [0m<inf> exp02_logging: XY 59643 -8355840 -8355840[0m
[00:00:59.651,947] [0m<inf> exp02_logging: XY 59651 -8355840 -8355840[0m
[00:00:59.660,003] [0m<inf> exp02_logging: XY 59660 -8355840 -8355840[0m
[00:00:59.667,999] [0m<inf> exp02_logging: XY 59667 -8355840 -8355840[0m
[00:00:59.676,055] [0m<inf> exp02_logging: XY 59676 -8355840 -8355840[0m
[00:00:59.684,051] [0m<inf> exp02_logging: XY 59684 -8355840 -8355840[0m
[00:00:59.692,108] [0m<inf> exp02_logging: XY 59692 -8355840 -8355840[0m
[00:00:59.700,103] [0m<inf> exp02_logging: XY 59700 -8355840 -8355840[0m
[00:00:59.708,160] [0m<inf> exp02_logging: XY 59708 -8355840 -8355840[0m
[00:00:59.716,156] [0m<inf> exp02_logging: XY 59716 -8355840 -8355840[0m
[00:00:59.724,212] [0m<inf> exp02_logging: XY 59724 -8355840 -8355840[0m
[00:00:59.732,238] [0m<inf> exp02_logging: XY 59732 -8355840 -8355840[0m
[00:00:59.740,264] [0m<inf> exp02_logging: XY 59740 -8355840 -8355840[0m
[00:00:59.748,260] [0m<inf> exp02_logging: XY 59748 -8355840 -8355840[0m
[00:00:59.756,317] [0m<inf> exp02_logging: XY 59756 -8355840 -8355840[0m
[00:00:59.764,312] [0m<inf> exp02_logging: XY 59764 -8355840 -8355840[0m
[00:00:59.772,369] [0m<inf> exp02_logging: XY 59772 -8355840 -8355840[0m
[00:00:59.780,364] [0m<inf> exp02_logging: XY 59780 -8355840 -8355840[0m
[00:00:59.788,421] [0m<inf> exp02_logging: XY 59788 -8355840 -8355840[0m
[00:00:59.796,417] [0m<inf> exp02_logging: XY 59796 -8355840 -8355840[0m
[00:00:59.804,473] [0m<inf> exp02_logging: XY 59804 -8355840 -8355840[0m
[00:00:59.812,469] [0m<inf> exp02_logging: XY 59812 -8355840 -8355840[0m
[00:00:59.820,526] [0m<inf> exp02_logging: XY 59820 -8355840 -8355840[0m
[00:00:59.828,521] [0m<inf> exp02_logging: XY 59828 -8355840 -8355840[0m
[00:00:59.836,578] [0m<inf> exp02_logging: XY 59836 -8355840 -8355840[0m
[00:00:59.844,573] [0m<inf> exp02_logging: XY 59844 -8355840 -8355840[0m
[00:00:59.852,630] [0m<inf> exp02_logging: XY 59852 -8355840 -8355840[0m
[00:00:59.860,626] [0m<inf> exp02_logging: XY 59860 -8355840 -8355840[0m
[00:00:59.868,682] [0m<inf> exp02_logging: XY 59868 -8355840 -8355840[0m
[00:00:59.876,678] [0m<inf> exp02_logging: XY 59876 -8355840 -8355840[0m
[00:00:59.884,735] [0m<inf> exp02_logging: XY 59884 -8355840 -8355840[0m
[00:00:59.892,730] [0m<inf> exp02_logging: XY 59892 -8355840 -8355840[0m
[00:00:59.900,787] [0m<inf> exp02_logging: XY 59900 -8355840 -8355840[0m
[00:00:59.908,782] [0m<inf> exp02_logging: XY 59908 -8355840 -8355840[0m
[00:00:59.916,839] [0m<inf> exp02_logging: XY 59916 -8355840 -8355840[0m
[00:00:59.924,835] [0m<inf> exp02_logging: XY 59924 -8355840 -8355840[0m
[00:00:59.932,891] [0m<inf> exp02_logging: XY 59932 -8355840 -8355840[0m
[00:00:59.940,887] [0m<inf> exp02_logging: XY 59940 -8355840 -8355840[0m
[00:00:59.948,944] [0m<inf> exp02_logging: XY 59948 -8355840 -8355840[0m
[00:00:59.956,939] [0m<inf> exp02_logging: XY 59956 -8355840 -8355840[0m
[00:00:59.964,996] [0m<inf> exp02_logging: XY 59964 -8355840 -8355840[0m
[00:00:59.972,991] [0m<inf> exp02_logging: XY 59972 -8355840 -8355840[0m
[00:00:59.981,048] [0m<inf> exp02_logging: XY 59981 -8355840 -8355840[0m
[00:00:59.989,044] [0m<inf> exp02_logging: XY 59989 -8355840 -8355840[0m
[00:00:59.997,100] [0m<inf> exp02_logging: XY 59997 -8355840 -8355840[0m
[00:01:00.005,096] [0m<inf> exp02_logging: XY 60005 -8355840 -8355840[0m
[00:01:00.013,153] [0m<inf> exp02_logging: XY 60013 -8355840 -8355840[0m
[00:01:00.021,148] [0m<inf> exp02_logging: XY 60021 -8355840 -8355840[0m
[00:01:00.029,205] [0m<inf> exp02_logging: XY 60029 -8355840 -8355840[0m
[00:01:00.037,200] [0m<inf> exp02_logging: XY 60037 -8355840 -8355840[0m
[00:01:00.045,257] [0m<inf> exp02_logging: XY 60045 -8355840 -8355840[0m
[00:01:00.053,253] [0m<inf> exp02_logging: XY 60053 -8355840 -8355840[0m
[00:01:00.061,309] [0m<inf> exp02_logging: XY 60061 -8355840 -8355840[0m
[00:01:00.069,305] [0m<inf> exp02_logging: XY 60069 -8355840 -8355840[0m
[00:01:00.077,362] [0m<inf> exp02_logging: XY 60077 -8355840 -8355840[0m
[00:01:00.085,357] [0m<inf> exp02_logging: XY 60085 -8355840 -8355840[0m
[00:01:00.093,414] [0m<inf> exp02_logging: XY 60093 -8355840 -8355840[0m
[00:01:00.101,409] [0m<inf> exp02_logging: XY 60101 -8355840 -8355840[0m
[00:01:00.109,466] [0m<inf> exp02_logging: XY 60109 -8355840 -8355840[0m
[00:01:00.117,462] [0m<inf> exp02_logging: XY 60117 -8355840 -8355840[0m
[00:01:00.125,518] [0m<inf> exp02_logging: XY 60125 -8355840 -8355840[0m
[00:01:00.133,514] [0m<inf> exp02_logging: XY 60133 -8355840 -8355840[0m
[00:01:00.141,571] [0m<inf> exp02_logging: XY 60141 -8355840 -8355840[0m
[00:01:00.149,566] [0m<inf> exp02_logging: XY 60149 -8355840 -8355840[0m
[00:01:00.157,623] [0m<inf> exp02_logging: XY 60157 -8355840 -8355840[0m
[00:01:00.165,618] [0m<inf> exp02_logging: XY 60165 -8355840 -8355840[0m
[00:01:00.173,675] [0m<inf> exp02_logging: XY 60173 -8355840 -8355840[0m
[00:01:00.181,671] [0m<inf> exp02_logging: XY 60181 -8355840 -8355840[0m
[00:01:00.189,727] [0m<inf> exp02_logging: XY 60189 -8355840 -8355840[0m
[00:01:00.197,723] [0m<inf> exp02_logging: XY 60197 -8355840 -8355840[0m
[00:01:00.205,780] [0m<inf> exp02_logging: XY 60205 -8355840 -8355840[0m
[00:01:00.213,775] [0m<inf> exp02_logging: XY 60213 -8355840 -8355840[0m
[00:01:00.221,832] [0m<inf> exp02_logging: XY 60221 -8355840 -8355840[0m
[00:01:00.229,827] [0m<inf> exp02_logging: XY 60229 -8355840 -8355840[0m
[00:01:00.237,884] [0m<inf> exp02_logging: XY 60237 -8355840 -8355840[0m
[00:01:00.245,880] [0m<inf> exp02_logging: XY 60245 -8355840 -8355840[0m
[00:01:00.253,936] [0m<inf> exp02_logging: XY 60253 -8355840 -8355840[0m
[00:01:00.261,932] [0m<inf> exp02_logging: XY 60261 -8355840 -8355840[0m
[00:01:00.269,989] [0m<inf> exp02_logging: XY 60269 -8355840 -8355840[0m
[00:01:00.277,984] [0m<inf> exp02_logging: XY 60277 -8355840 -8355840[0m
[00:01:00.286,010] [0m<inf> exp02_logging: XY 60286 -8355840 -8355840[0m
[00:01:00.294,036] [0m<inf> exp02_logging: XY 60294 -8355840 -8355840[0m
[00:01:00.302,093] [0m<inf> exp02_logging: XY 60302 -8355840 -8355840[0m
[00:01:00.310,089] [0m<inf> exp02_logging: XY 60310 -8355840 -8355840[0m
[00:01:00.318,145] [0m<inf> exp02_logging: XY 60318 -8355840 -8355840[0m
[00:01:00.326,141] [0m<inf> exp02_logging: XY 60326 -8355840 -8355840[0m
[00:01:00.334,197] [0m<inf> exp02_logging: XY 60334 -8355840 -8355840[0m
[00:01:00.342,193] [0m<inf> exp02_logging: XY 60342 -8355840 -8355840[0m
[00:01:00.350,219] [0m<inf> exp02_logging: XY 60350 -8355840 -8355840[0m
[00:01:00.358,245] [0m<inf> exp02_logging: XY 60358 -8355840 -8355840[0m
[00:01:00.366,302] [0m<inf> exp02_logging: XY 60366 -8355840 -8355840[0m
[00:01:00.374,298] [0m<inf> exp02_logging: XY 60374 -8355840 -8355840[0m
[00:01:00.382,354] [0m<inf> exp02_logging: XY 60382 -8355840 -8355840[0m
[00:01:00.390,350] [0m<inf> exp02_logging: XY 60390 -8355840 -8355840[0m
[00:01:00.398,406] [0m<inf> exp02_logging: XY 60398 -8355840 -8355840[0m
[00:01:00.406,402] [0m<inf> exp02_logging: XY 60406 -8355840 -8355840[0m
[00:01:00.414,459] [0m<inf> exp02_logging: XY 60414 -8355840 -8355840[0m
[00:01:00.422,454] [0m<inf> exp02_logging: XY 60422 -8355840 -8355840[0m
[00:01:00.430,511] [0m<inf> exp02_logging: XY 60430 -8355840 -8355840[0m
[00:01:00.438,507] [0m<inf> exp02_logging: XY 60438 -8355840 -8355840[0m
[00:01:00.446,563] [0m<inf> exp02_logging: XY 60446 -8355840 -8355840[0m
[00:01:00.454,559] [0m<inf> exp02_logging: XY 60454 -8355840 -8355840[0m
[00:01:00.462,615] [0m<inf> exp02_logging: XY 60462 -8355840 -8355840[0m
[00:01:00.470,611] [0m<inf> exp02_logging: XY 60470 -8355840 -8355840[0m
[00:01:00.478,668] [0m<inf> exp02_logging: XY 60478 -8355840 -8355840[0m
[00:01:00.486,663] [0m<inf> exp02_logging: XY 60486 -8355840 -8355840[0m
[00:01:00.494,720] [0m<inf> exp02_logging: XY 60494 -8355840 -8355840[0m
[00:01:00.502,716] [0m<inf> exp02_logging: XY 60502 -8355840 -8355840[0m
[00:01:00.510,772] [0m<inf> exp02_logging: XY 60510 -8355840 -8355840[0m
[00:01:00.518,768] [0m<inf> exp02_logging: XY 60518 -8355840 -8355840[0m
[00:01:00.526,824] [0m<inf> exp02_logging: XY 60526 -8355840 -8355840[0m
[00:01:00.534,820] [0m<inf> exp02_logging: XY 60534 -8355840 -8355840[0m
[00:01:00.542,877] [0m<inf> exp02_logging: XY 60542 -8355840 -8355840[0m
[00:01:00.550,872] [0m<inf> exp02_logging: XY 60550 -8355840 -8355840[0m
[00:01:00.558,929] [0m<inf> exp02_logging: XY 60558 -8355840 -8355840[0m
[00:01:00.566,925] [0m<inf> exp02_logging: XY 60566 -8355840 -8355840[0m
[00:01:00.574,981] [0m<inf> exp02_logging: XY 60574 -8355840 -8355840[0m
[00:01:00.582,977] [0m<inf> exp02_logging: XY 60582 -8355840 -8355840[0m
[00:01:00.591,033] [0m<inf> exp02_logging: XY 60591 -8355840 -8355840[0m
[00:01:00.599,029] [0m<inf> exp02_logging: XY 60599 -8355840 -8355840[0m
[00:01:00.607,086] [0m<inf> exp02_logging: XY 60607 -8355840 -8355840[0m
[00:01:00.615,081] [0m<inf> exp02_logging: XY 60615 -8355840 -8355840[0m
[00:01:00.623,138] [0m<inf> exp02_logging: XY 60623 -8355840 -8355840[0m
[00:01:00.631,134] [0m<inf> exp02_logging: XY 60631 -8355840 -8355840[0m
[00:01:00.639,190] [0m<inf> exp02_logging: XY 60639 -8355840 -8355840[0m
[00:01:00.647,186] [0m<inf> exp02_logging: XY 60647 -8355840 -8355840[0m
[00:01:00.655,242] [0m<inf> exp02_logging: XY 60655 -8355840 -8355840[0m
[00:01:00.663,238] [0m<inf> exp02_logging: XY 60663 -8355840 -8355840[0m
[00:01:00.671,295] [0m<inf> exp02_logging: XY 60671 -8355840 -8355840[0m
[00:01:00.679,290] [0m<inf> exp02_logging: XY 60679 -8355840 -8355840[0m
[00:01:00.687,347] [0m<inf> exp02_logging: XY 60687 -8355840 -8355840[0m
[00:01:00.695,343] [0m<inf> exp02_logging: XY 60695 -8355840 -8355840[0m
[00:01:00.703,399] [0m<inf> exp02_logging: XY 60703 -8355840 -8355840[0m
[00:01:00.711,395] [0m<inf> exp02_logging: XY 60711 -8355840 -8355840[0m
[00:01:00.719,451] [0m<inf> exp02_logging: XY 60719 -8355840 -8355840[0m
[00:01:00.727,447] [0m<inf> exp02_logging: XY 60727 -8355840 -8355840[0m
[00:01:00.735,504] [0m<inf> exp02_logging: XY 60735 -8355840 -8355840[0m
[00:01:00.743,499] [0m<inf> exp02_logging: XY 60743 -8355840 -8355840[0m
[00:01:00.751,556] [0m<inf> exp02_logging: XY 60751 -8355840 -8355840[0m
[00:01:00.759,552] [0m<inf> exp02_logging: XY 60759 -8355840 -8355840[0m
[00:01:00.767,608] [0m<inf> exp02_logging: XY 60767 -8355840 -8355840[0m
[00:01:00.775,604] [0m<inf> exp02_logging: XY 60775 -8355840 -8355840[0m
[00:01:00.783,660] [0m<inf> exp02_logging: XY 60783 -8355840 -8355840[0m
[00:01:00.791,656] [0m<inf> exp02_logging: XY 60791 -8355840 -8355840[0m
[00:01:00.799,713] [0m<inf> exp02_logging: XY 60799 -8355840 -8355840[0m
[00:01:00.807,708] [0m<inf> exp02_logging: XY 60807 -8355840 -8355840[0m
[00:01:00.815,765] [0m<inf> exp02_logging: XY 60815 -8355840 -8355840[0m
[00:01:00.823,760] [0m<inf> exp02_logging: XY 60823 -8355840 -8355840[0m
[00:01:00.831,817] [0m<inf> exp02_logging: XY 60831 -8355840 -8355840[0m
[00:01:00.839,813] [0m<inf> exp02_logging: XY 60839 -8355840 -8355840[0m
[00:01:00.847,869] [0m<inf> exp02_logging: XY 60847 -8355840 -8355840[0m
[00:01:00.855,865] [0m<inf> exp02_logging: XY 60855 -8355840 -8355840[0m
[00:01:00.863,922] [0m<inf> exp02_logging: XY 60863 -8355840 -8355840[0m
[00:01:00.871,917] [0m<inf> exp02_logging: XY 60871 -8355840 -8355840[0m
[00:01:00.879,974] [0m<inf> exp02_logging: XY 60879 -8355840 -8355840[0m
[00:01:00.887,969] [0m<inf> exp02_logging: XY 60887 -8355840 -8355840[0m
[00:01:00.896,026] [0m<inf> exp02_logging: XY 60896 -8355840 -8355840[0m
[00:01:00.904,022] [0m<inf> exp02_logging: XY 60904 -8355840 -8355840[0m
[00:01:00.912,078] [0m<inf> exp02_logging: XY 60912 -8355840 -8355840[0m
[00:01:00.920,074] [0m<inf> exp02_logging: XY 60920 -8355840 -8355840[0m
[00:01:00.928,131] [0m<inf> exp02_logging: XY 60928 -8355840 -8355840[0m
[00:01:00.936,126] [0m<inf> exp02_logging: XY 60936 -8355840 -8355840[0m
[00:01:00.944,183] [0m<inf> exp02_logging: XY 60944 -8355840 -8355840[0m
[00:01:00.952,178] [0m<inf> exp02_logging: XY 60952 -8355840 -8355840[0m
[00:01:00.960,235] [0m<inf> exp02_logging: XY 60960 -8355840 -8355840[0m
[00:01:00.968,231] [0m<inf> exp02_logging: XY 60968 -8355840 -8355840[0m
[00:01:00.976,287] [0m<inf> exp02_logging: XY 60976 -8355840 -8355840[0m
[00:01:00.984,283] [0m<inf> exp02_logging: XY 60984 -8355840 -8355840[0m
[00:01:00.992,340] [0m<inf> exp02_logging: XY 60992 -8355840 -8355840[0m
[00:01:01.000,335] [0m<inf> exp02_logging: XY 61000 -8355840 -8355840[0m
[00:01:01.008,392] [0m<inf> exp02_logging: XY 61008 -8355840 -8355840[0m
[00:01:01.016,387] [0m<inf> exp02_logging: XY 61016 -8355840 -8355840[0m
[00:01:01.024,444] [0m<inf> exp02_logging: XY 61024 -8355840 -8355840[0m
[00:01:01.032,440] [0m<inf> exp02_logging: XY 61032 -8355840 -8355840[0m
[00:01:01.040,496] [0m<inf> exp02_logging: XY 61040 -8355840 -8355840[0m
[00:01:01.048,492] [0m<inf> exp02_logging: XY 61048 -8355840 -8355840[0m
[00:01:01.056,549] [0m<inf> exp02_logging: XY 61056 -8355840 -8355840[0m
[00:01:01.064,544] [0m<inf> exp02_logging: XY 61064 -8355840 -8355840[0m
[00:01:01.072,601] [0m<inf> exp02_logging: XY 61072 -8355840 -8355840[0m
[00:01:01.080,596] [0m<inf> exp02_logging: XY 61080 -8355840 -8355840[0m
[00:01:01.088,653] [0m<inf> exp02_logging: XY 61088 -8355840 -8355840[0m
[00:01:01.096,649] [0m<inf> exp02_logging: XY 61096 -8355840 -8355840[0m
[00:01:01.104,705] [0m<inf> exp02_logging: XY 61104 -8355840 -8355840[0m
[00:01:01.112,701] [0m<inf> exp02_logging: XY 61112 -8355840 -8355840[0m
[00:01:01.120,758] [0m<inf> exp02_logging: XY 61120 -8355840 -8355840[0m
[00:01:01.128,753] [0m<inf> exp02_logging: XY 61128 -8355840 -8355840[0m
[00:01:01.136,810] [0m<inf> exp02_logging: XY 61136 -8355840 -8355840[0m
[00:01:01.144,805] [0m<inf> exp02_logging: XY 61144 -8355840 -8355840[0m
[00:01:01.152,862] [0m<inf> exp02_logging: XY 61152 -8355840 -8355840[0m
[00:01:01.160,858] [0m<inf> exp02_logging: XY 61160 -8355840 -8355840[0m
[00:01:01.168,914] [0m<inf> exp02_logging: XY 61168 -8355840 -8355840[0m
[00:01:01.176,910] [0m<inf> exp02_logging: XY 61176 -8355840 -8355840[0m
[00:01:01.184,967] [0m<inf> exp02_logging: XY 61184 -8355840 -8355840[0m
[00:01:01.192,962] [0m<inf> exp02_logging: XY 61192 -8355840 -8355840[0m
[00:01:01.201,019] [0m<inf> exp02_logging: XY 61201 -8355840 -8355840[0m
[00:01:01.209,014] [0m<inf> exp02_logging: XY 61209 -8355840 -8355840[0m
[00:01:01.217,071] [0m<inf> exp02_logging: XY 61217 -8355840 -8355840[0m
[00:01:01.225,067] [0m<inf> exp02_logging: XY 61225 -8355840 -8355840[0m
[00:01:01.233,123] [0m<inf> exp02_logging: XY 61233 -8355840 -8355840[0m
[00:01:01.241,119] [0m<inf> exp02_logging: XY 61241 -8355840 -8355840[0m
[00:01:01.249,176] [0m<inf> exp02_logging: XY 61249 -8355840 -8355840[0m
[00:01:01.257,171] [0m<inf> exp02_logging: XY 61257 -8355840 -8355840[0m
[00:01:01.265,228] [0m<inf> exp02_logging: XY 61265 -8355840 -8355840[0m
[00:01:01.273,223] [0m<inf> exp02_logging: XY 61273 -8355840 -8355840[0m
[00:01:01.281,280] [0m<inf> exp02_logging: XY 61281 -8355840 -8355840[0m
[00:01:01.289,276] [0m<inf> exp02_logging: XY 61289 -8355840 -8355840[0m
[00:01:01.297,332] [0m<inf> exp02_logging: XY 61297 -8355840 -8355840[0m
[00:01:01.305,328] [0m<inf> exp02_logging: XY 61305 -8355840 -8355840[0m
[00:01:01.313,385] [0m<inf> exp02_logging: XY 61313 -8355840 -8355840[0m
[00:01:01.321,380] [0m<inf> exp02_logging: XY 61321 -8355840 -8355840[0m
[00:01:01.329,437] [0m<inf> exp02_logging: XY 61329 -8355840 -8355840[0m
[00:01:01.337,432] [0m<inf> exp02_logging: XY 61337 -8355840 -8355840[0m
[00:01:01.345,489] [0m<inf> exp02_logging: XY 61345 -8355840 -8355840[0m
[00:01:01.353,485] [0m<inf> exp02_logging: XY 61353 -8355840 -8355840[0m
[00:01:01.361,541] [0m<inf> exp02_logging: XY 61361 -8355840 -8355840[0m
[00:01:01.369,537] [0m<inf> exp02_logging: XY 61369 -8355840 -8355840[0m
[00:01:01.377,593] [0m<inf> exp02_logging: XY 61377 -8355840 -8355840[0m
[00:01:01.385,589] [0m<inf> exp02_logging: XY 61385 -8355840 -8355840[0m
[00:01:01.393,615] [0m<inf> exp02_logging: XY 61393 -8355840 -8355840[0m
[00:01:01.401,641] [0m<inf> exp02_logging: XY 61401 -8355840 -8355840[0m
[00:01:01.409,698] [0m<inf> exp02_logging: XY 61409 -8355840 -8355840[0m
[00:01:01.417,694] [0m<inf> exp02_logging: XY 61417 -8355840 -8355840[0m
[00:01:01.425,750] [0m<inf> exp02_logging: XY 61425 -8355840 -8355840[0m
[00:01:01.433,746] [0m<inf> exp02_logging: XY 61433 -8355840 -8355840[0m
[00:01:01.441,802] [0m<inf> exp02_logging: XY 61441 -8355840 -8355840[0m
[00:01:01.449,798] [0m<inf> exp02_logging: XY 61449 -8355840 -8355840[0m
[00:01:01.457,855] [0m<inf> exp02_logging: XY 61457 -8355840 -8355840[0m
[00:01:01.465,850] [0m<inf> exp02_logging: XY 61465 -8355840 -8355840[0m
[00:01:01.473,907] [0m<inf> exp02_logging: XY 61473 -8355840 -8355840[0m
[00:01:01.481,903] [0m<inf> exp02_logging: XY 61481 -8355840 -8355840[0m
[00:01:01.489,959] [0m<inf> exp02_logging: XY 61489 -8355840 -8355840[0m
[00:01:01.497,955] [0m<inf> exp02_logging: XY 61497 -8355840 -8355840[0m
[00:01:01.506,011] [0m<inf> exp02_logging: XY 61506 -8355840 -8355840[0m
[00:01:01.514,007] [0m<inf> exp02_logging: XY 61514 -8355840 -8355840[0m
[00:01:01.522,064] [0m<inf> exp02_logging: XY 61522 -8355840 -8355840[0m
[00:01:01.530,059] [0m<inf> exp02_logging: XY 61530 -8355840 -8355840[0m
[00:01:01.538,116] [0m<inf> exp02_logging: XY 61538 -8355840 -8355840[0m
[00:01:01.546,112] [0m<inf> exp02_logging: XY 61546 -8355840 -8355840[0m
[00:01:01.554,168] [0m<inf> exp02_logging: XY 61554 -8355840 -8355840[0m
[00:01:01.562,164] [0m<inf> exp02_logging: XY 61562 -8355840 -8355840[0m
[00:01:01.570,220] [0m<inf> exp02_logging: XY 61570 -8355840 -8355840[0m
[00:01:01.578,216] [0m<inf> exp02_logging: XY 61578 -8355840 -8355840[0m
[00:01:01.586,273] [0m<inf> exp02_logging: XY 61586 -8355840 -8355840[0m
[00:01:01.594,268] [0m<inf> exp02_logging: XY 61594 -8355840 -8355840[0m
[00:01:01.602,325] [0m<inf> exp02_logging: XY 61602 -8355840 -8355840[0m
[00:01:01.610,321] [0m<inf> exp02_logging: XY 61610 -8355840 -8355840[0m
[00:01:01.618,377] [0m<inf> exp02_logging: XY 61618 -8355840 -8355840[0m
[00:01:01.626,373] [0m<inf> exp02_logging: XY 61626 -8355840 -8355840[0m
[00:01:01.634,429] [0m<inf> exp02_logging: XY 61634 -8355840 -8355840[0m
[00:01:01.642,425] [0m<inf> exp02_logging: XY 61642 -8355840 -8355840[0m
[00:01:01.650,482] [0m<inf> exp02_logging: XY 61650 -8355840 -8355840[0m
[00:01:01.658,477] [0m<inf> exp02_logging: XY 61658 -8355840 -8355840[0m
[00:01:01.666,534] [0m<inf> exp02_logging: XY 61666 -8355840 -8355840[0m
[00:01:01.674,530] [0m<inf> exp02_logging: XY 61674 -8355840 -8355840[0m
[00:01:01.682,586] [0m<inf> exp02_logging: XY 61682 -8355840 -8355840[0m
[00:01:01.690,582] [0m<inf> exp02_logging: XY 61690 -8355840 -8355840[0m
[00:01:01.698,638] [0m<inf> exp02_logging: XY 61698 -8355840 -8355840[0m
[00:01:01.706,634] [0m<inf> exp02_logging: XY 61706 -8355840 -8355840[0m
[00:01:01.714,691] [0m<inf> exp02_logging: XY 61714 -8355840 -8355840[0m
[00:01:01.722,686] [0m<inf> exp02_logging: XY 61722 -8355840 -8355840[0m
[00:01:01.730,743] [0m<inf> exp02_logging: XY 61730 -8355840 -8355840[0m
[00:01:01.738,739] [0m<inf> exp02_logging: XY 61738 -8355840 -8355840[0m
[00:01:01.746,795] [0m<inf> exp02_logging: XY 61746 -8355840 -8355840[0m
[00:01:01.754,791] [0m<inf> exp02_logging: XY 61754 -8355840 -8355840[0m
[00:01:01.762,847] [0m<inf> exp02_logging: XY 61762 -8355840 -8355840[0m
[00:01:01.770,843] [0m<inf> exp02_logging: XY 61770 -8355840 -8355840[0m
[00:01:01.778,900] [0m<inf> exp02_logging: XY 61778 -8355840 -8355840[0m
[00:01:01.786,895] [0m<inf> exp02_logging: XY 61786 -8355840 -8355840[0m
[00:01:01.794,952] [0m<inf> exp02_logging: XY 61794 -8355840 -8355840[0m
[00:01:01.802,947] [0m<inf> exp02_logging: XY 61802 -8355840 -8355840[0m
[00:01:01.811,004] [0m<inf> exp02_logging: XY 61811 -8355840 -8355840[0m
[00:01:01.819,000] [0m<inf> exp02_logging: XY 61819 -8355840 -8355840[0m
[00:01:01.827,056] [0m<inf> exp02_logging: XY 61827 -8355840 -8355840[0m
[00:01:01.835,052] [0m<inf> exp02_logging: XY 61835 -8355840 -8355840[0m
[00:01:01.843,109] [0m<inf> exp02_logging: XY 61843 -8355840 -8355840[0m
[00:01:01.851,104] [0m<inf> exp02_logging: XY 61851 -8355840 -8355840[0m
[00:01:01.859,161] [0m<inf> exp02_logging: XY 61859 -8355840 -8355840[0m
[00:01:01.867,156] [0m<inf> exp02_logging: XY 61867 -8355840 -8355840[0m
[00:01:01.875,213] [0m<inf> exp02_logging: XY 61875 -8355840 -8355840[0m
[00:01:01.883,209] [0m<inf> exp02_logging: XY 61883 -8355840 -8355840[0m
[00:01:01.891,265] [0m<inf> exp02_logging: XY 61891 -8355840 -8355840[0m
[00:01:01.899,261] [0m<inf> exp02_logging: XY 61899 -8355840 -8355840[0m
[00:01:01.907,318] [0m<inf> exp02_logging: XY 61907 -8355840 -8355840[0m
[00:01:01.915,344] [0m<inf> exp02_logging: XY 61915 -8355840 -8355840[0m
[00:01:01.923,370] [0m<inf> exp02_logging: XY 61923 -8355840 -8355840[0m
[00:01:01.931,365] [0m<inf> exp02_logging: XY 61931 -8355840 -8355840[0m
[00:01:01.939,422] [0m<inf> exp02_logging: XY 61939 -8355840 -8355840[0m
[00:01:01.947,418] [0m<inf> exp02_logging: XY 61947 -8355840 -8355840[0m
[00:01:01.955,474] [0m<inf> exp02_logging: XY 61955 -8355840 -8355840[0m
[00:01:01.963,470] [0m<inf> exp02_logging: XY 61963 -8355840 -8355840[0m
[00:01:01.971,527] [0m<inf> exp02_logging: XY 61971 -8355840 -8355840[0m
[00:01:01.979,522] [0m<inf> exp02_logging: XY 61979 -8355840 -8355840[0m
[00:01:01.987,579] [0m<inf> exp02_logging: XY 61987 -8355840 -8355840[0m
[00:01:01.995,574] [0m<inf> exp02_logging: XY 61995 -8355840 -8355840[0m
[00:01:02.003,631] [0m<inf> exp02_logging: XY 62003 -8355840 -8355840[0m
[00:01:02.011,627] [0m<inf> exp02_logging: XY 62011 -8355840 -8355840[0m
[00:01:02.019,683] [0m<inf> exp02_logging: XY 62019 -8355840 -8355840[0m
[00:01:02.027,679] [0m<inf> exp02_logging: XY 62027 -8355840 -8355840[0m
[00:01:02.035,736] [0m<inf> exp02_logging: XY 62035 -8355840 -8355840[0m
[00:01:02.043,731] [0m<inf> exp02_logging: XY 62043 -8355840 -8355840[0m
[00:01:02.051,788] [0m<inf> exp02_logging: XY 62051 -8355840 -8355840[0m
[00:01:02.059,844] [0m<inf> exp02_logging: XY 62059 -8355840 -8355840[0m
[00:01:02.067,840] [0m<inf> exp02_logging: XY 62067 -8355840 -8355840[0m
[00:01:02.075,836] [0m<inf> exp02_logging: XY 62075 -8355840 -8355840[0m
[00:01:02.083,892] [0m<inf> exp02_logging: XY 62083 -8355840 -8355840[0m
[00:01:02.091,888] [0m<inf> exp02_logging: XY 62091 -8355840 -8355840[0m
[00:01:02.099,945] [0m<inf> exp02_logging: XY 62099 -8355840 -8355840[0m
[00:01:02.107,940] [0m<inf> exp02_logging: XY 62107 -8355840 -8355840[0m
[00:01:02.115,997] [0m<inf> exp02_logging: XY 62115 -8355840 -8355840[0m
[00:01:02.123,992] [0m<inf> exp02_logging: XY 62123 -8355840 -8355840[0m
[00:01:02.132,049] [0m<inf> exp02_logging: XY 62132 -8355840 -8355840[0m
[00:01:02.140,045] [0m<inf> exp02_logging: XY 62140 -8355840 -8355840[0m
[00:01:02.148,101] [0m<inf> exp02_logging: XY 62148 -8355840 -8355840[0m
[00:01:02.156,097] [0m<inf> exp02_logging: XY 62156 -8355840 -8355840[0m
[00:01:02.164,154] [0m<inf> exp02_logging: XY 62164 -8355840 -8355840[0m
[00:01:02.172,149] [0m<inf> exp02_logging: XY 62172 -8355840 -8355840[0m
[00:01:02.180,206] [0m<inf> exp02_logging: XY 62180 -8355840 -8355840[0m
[00:01:02.188,201] [0m<inf> exp02_logging: XY 62188 -8355840 -8355840[0m
[00:01:02.196,258] [0m<inf> exp02_logging: XY 62196 -8355840 -8355840[0m
[00:01:02.204,254] [0m<inf> exp02_logging: XY 62204 -8355840 -8355840[0m
[00:01:02.212,310] [0m<inf> exp02_logging: XY 62212 -8355840 -8355840[0m
[00:01:02.220,306] [0m<inf> exp02_logging: XY 62220 -8355840 -8355840[0m
[00:01:02.228,363] [0m<inf> exp02_logging: XY 62228 -8355840 -8355840[0m
[00:01:02.236,358] [0m<inf> exp02_logging: XY 62236 -8355840 -8355840[0m
[00:01:02.244,384] [0m<inf> exp02_logging: XY 62244 -8355840 -8355840[0m
[00:01:02.252,410] [0m<inf> exp02_logging: XY 62252 -8355840 -8355840[0m
[00:01:02.260,467] [0m<inf> exp02_logging: XY 62260 -8355840 -8355840[0m
[00:01:02.268,463] [0m<inf> exp02_logging: XY 62268 -8355840 -8355840[0m
[00:01:02.276,519] [0m<inf> exp02_logging: XY 62276 -8355840 -8355840[0m
[00:01:02.284,515] [0m<inf> exp02_logging: XY 62284 -8355840 -8355840[0m
[00:01:02.292,572] [0m<inf> exp02_logging: XY 62292 -8355840 -8355840[0m
[00:01:02.300,567] [0m<inf> exp02_logging: XY 62300 -8355840 -8355840[0m
[00:01:02.308,624] [0m<inf> exp02_logging: XY 62308 -8355840 -8355840[0m
[00:01:02.316,619] [0m<inf> exp02_logging: XY 62316 -8355840 -8355840[0m
[00:01:02.324,676] [0m<inf> exp02_logging: XY 62324 -8355840 -8355840[0m
[00:01:02.332,672] [0m<inf> exp02_logging: XY 62332 -8355840 -8355840[0m
[00:01:02.340,698] [0m<inf> exp02_logging: XY 62340 -8355840 -8355840[0m
[00:01:02.348,724] [0m<inf> exp02_logging: XY 62348 -8355840 -8355840[0m
[00:01:02.356,781] [0m<inf> exp02_logging: XY 62356 -8355840 -8355840[0m
[00:01:02.364,776] [0m<inf> exp02_logging: XY 62364 -8355840 -8355840[0m
[00:01:02.372,833] [0m<inf> exp02_logging: XY 62372 -8355840 -8355840[0m
[00:01:02.380,828] [0m<inf> exp02_logging: XY 62380 -8355840 -8355840[0m
[00:01:02.388,885] [0m<inf> exp02_logging: XY 62388 -8355840 -8355840[0m
[00:01:02.396,881] [0m<inf> exp02_logging: XY 62396 -8355840 -8355840[0m
[00:01:02.404,937] [0m<inf> exp02_logging: XY 62404 -8355840 -8355840[0m
[00:01:02.412,933] [0m<inf> exp02_logging: XY 62412 -8355840 -8355840[0m
[00:01:02.420,959] [0m<inf> exp02_logging: XY 62420 -8355840 -8355840[0m
[00:01:02.428,985] [0m<inf> exp02_logging: XY 62428 -8355840 -8355840[0m
[00:01:02.437,042] [0m<inf> exp02_logging: XY 62437 -8355840 -8355840[0m
[00:01:02.445,037] [0m<inf> exp02_logging: XY 62445 -8355840 -8355840[0m
[00:01:02.453,094] [0m<inf> exp02_logging: XY 62453 -8355840 -8355840[0m
[00:01:02.461,090] [0m<inf> exp02_logging: XY 62461 -8355840 -8355840[0m
[00:01:02.469,146] [0m<inf> exp02_logging: XY 62469 -8355840 -8355840[0m
[00:01:02.477,142] [0m<inf> exp02_logging: XY 62477 -8355840 -8355840[0m
[00:01:02.485,198] [0m<inf> exp02_logging: XY 62485 -8355840 -8355840[0m
[00:01:02.493,194] [0m<inf> exp02_logging: XY 62493 -8355840 -8355840[0m
[00:01:02.501,251] [0m<inf> exp02_logging: XY 62501 -8355840 -8355840[0m
[00:01:02.509,246] [0m<inf> exp02_logging: XY 62509 -8355840 -8355840[0m
[00:01:02.517,303] [0m<inf> exp02_logging: XY 62517 -8355840 -8355840[0m
[00:01:02.525,299] [0m<inf> exp02_logging: XY 62525 -8355840 -8355840[0m
[00:01:02.533,355] [0m<inf> exp02_logging: XY 62533 -8355840 -8355840[0m
[00:01:02.541,381] [0m<inf> exp02_logging: XY 62541 -8355840 -8355840[0m
[00:01:02.549,407] [0m<inf> exp02_logging: XY 62549 -8355840 -8355840[0m
[00:01:02.557,403] [0m<inf> exp02_logging: XY 62557 -8355840 -8355840[0m
[00:01:02.565,460] [0m<inf> exp02_logging: XY 62565 -8355840 -8355840[0m
[00:01:02.573,455] [0m<inf> exp02_logging: XY 62573 -8355840 -8355840[0m
[00:01:02.581,512] [0m<inf> exp02_logging: XY 62581 -8355840 -8355840[0m
[00:01:02.589,508] [0m<inf> exp02_logging: XY 62589 -8355840 -8355840[0m
[00:01:02.597,564] [0m<inf> exp02_logging: XY 62597 -8355840 -8355840[0m
[00:01:02.605,560] [0m<inf> exp02_logging: XY 62605 -8355840 -8355840[0m
[00:01:02.613,616] [0m<inf> exp02_logging: XY 62613 -8355840 -8355840[0m
[00:01:02.621,612] [0m<inf> exp02_logging: XY 62621 -8355840 -8355840[0m
[00:01:02.629,669] [0m<inf> exp02_logging: XY 62629 -8355840 -8355840[0m
[00:01:02.637,664] [0m<inf> exp02_logging: XY 62637 -8355840 -8355840[0m
[00:01:02.645,721] [0m<inf> exp02_logging: XY 62645 -8355840 -8355840[0m
[00:01:02.653,717] [0m<inf> exp02_logging: XY 62653 -8355840 -8355840[0m
[00:01:02.661,773] [0m<inf> exp02_logging: XY 62661 -8355840 -8355840[0m
[00:01:02.669,769] [0m<inf> exp02_logging: XY 62669 -8355840 -8355840[0m
[00:01:02.677,825] [0m<inf> exp02_logging: XY 62677 -8355840 -8355840[0m
[00:01:02.685,821] [0m<inf> exp02_logging: XY 62685 -8355840 -8355840[0m
[00:01:02.693,878] [0m<inf> exp02_logging: XY 62693 -8355840 -8355840[0m
[00:01:02.701,873] [0m<inf> exp02_logging: XY 62701 -8355840 -8355840[0m
[00:01:02.709,930] [0m<inf> exp02_logging: XY 62709 -8355840 -8355840[0m
[00:01:02.717,926] [0m<inf> exp02_logging: XY 62717 -8355840 -8355840[0m
[00:01:02.725,982] [0m<inf> exp02_logging: XY 62725 -8355840 -8355840[0m
[00:01:02.733,978] [0m<inf> exp02_logging: XY 62733 -8355840 -8355840[0m
[00:01:02.742,034] [0m<inf> exp02_logging: XY 62742 -8355840 -8355840[0m
[00:01:02.750,030] [0m<inf> exp02_logging: XY 62750 -8355840 -8355840[0m
[00:01:02.758,087] [0m<inf> exp02_logging: XY 62758 -8355840 -8355840[0m
[00:01:02.766,082] [0m<inf> exp02_logging: XY 62766 -8355840 -8355840[0m
[00:01:02.774,139] [0m<inf> exp02_logging: XY 62774 -8355840 -8355840[0m
[00:01:02.782,135] [0m<inf> exp02_logging: XY 62782 -8355840 -8355840[0m
[00:01:02.790,191] [0m<inf> exp02_logging: XY 62790 -8355840 -8355840[0m
[00:01:02.798,187] [0m<inf> exp02_logging: XY 62798 -8355840 -8355840[0m
[00:01:02.806,243] [0m<inf> exp02_logging: XY 62806 -8355840 -8355840[0m
[00:01:02.814,239] [0m<inf> exp02_logging: XY 62814 -8355840 -8355840[0m
[00:01:02.822,296] [0m<inf> exp02_logging: XY 62822 -8355840 -8355840[0m
[00:01:02.830,291] [0m<inf> exp02_logging: XY 62830 -8355840 -8355840[0m
[00:01:02.838,348] [0m<inf> exp02_logging: XY 62838 -8355840 -8355840[0m
[00:01:02.846,343] [0m<inf> exp02_logging: XY 62846 -8355840 -8355840[0m
[00:01:02.854,400] [0m<inf> exp02_logging: XY 62854 -8355840 -8355840[0m
[00:01:02.862,396] [0m<inf> exp02_logging: XY 62862 -8355840 -8355840[0m
[00:01:02.870,452] [0m<inf> exp02_logging: XY 62870 -8355840 -8355840[0m
[00:01:02.878,448] [0m<inf> exp02_logging: XY 62878 -8355840 -8355840[0m
[00:01:02.886,505] [0m<inf> exp02_logging: XY 62886 -8355840 -8355840[0m
[00:01:02.894,500] [0m<inf> exp02_logging: XY 62894 -8355840 -8355840[0m
[00:01:02.902,557] [0m<inf> exp02_logging: XY 62902 -8355840 -8355840[0m
[00:01:02.910,552] [0m<inf> exp02_logging: XY 62910 -8355840 -8355840[0m
[00:01:02.918,609] [0m<inf> exp02_logging: XY 62918 -8355840 -8355840[0m
[00:01:02.926,605] [0m<inf> exp02_logging: XY 62926 -8355840 -8355840[0m
[00:01:02.934,661] [0m<inf> exp02_logging: XY 62934 -8355840 -8355840[0m
[00:01:02.942,657] [0m<inf> exp02_logging: XY 62942 -8355840 -8355840[0m
[00:01:02.950,714] [0m<inf> exp02_logging: XY 62950 -8355840 -8355840[0m
[00:01:02.958,709] [0m<inf> exp02_logging: XY 62958 -8355840 -8355840[0m
[00:01:02.966,766] [0m<inf> exp02_logging: XY 62966 -8355840 -8355840[0m
[00:01:02.974,761] [0m<inf> exp02_logging: XY 62974 -8355840 -8355840[0m
[00:01:02.982,818] [0m<inf> exp02_logging: XY 62982 -8355840 -8355840[0m
[00:01:02.990,814] [0m<inf> exp02_logging: XY 62990 -8355840 -8355840[0m
[00:01:02.998,870] [0m<inf> exp02_logging: XY 62998 -8355840 -8355840[0m
[00:01:03.006,866] [0m<inf> exp02_logging: XY 63006 -8355840 -8355840[0m
[00:01:03.014,923] [0m<inf> exp02_logging: XY 63014 -8355840 -8355840[0m
[00:01:03.022,918] [0m<inf> exp02_logging: XY 63022 -8355840 -8355840[0m
[00:01:03.030,975] [0m<inf> exp02_logging: XY 63030 -8355840 -8355840[0m
[00:01:03.038,970] [0m<inf> exp02_logging: XY 63038 -8355840 -8355840[0m
[00:01:03.047,027] [0m<inf> exp02_logging: XY 63047 -8355840 -8355840[0m
[00:01:03.055,023] [0m<inf> exp02_logging: XY 63055 -8355840 -8355840[0m
[00:01:03.063,079] [0m<inf> exp02_logging: XY 63063 -8355840 -8355840[0m
[00:01:03.071,075] [0m<inf> exp02_logging: XY 63071 -8355840 -8355840[0m
[00:01:03.079,132] [0m<inf> exp02_logging: XY 63079 -8355840 -8355840[0m
[00:01:03.087,127] [0m<inf> exp02_logging: XY 63087 -8355840 -8355840[0m
[00:01:03.095,184] [0m<inf> exp02_logging: XY 63095 -8355840 -8355840[0m
[00:01:03.103,179] [0m<inf> exp02_logging: XY 63103 -8355840 -8355840[0m
[00:01:03.111,236] [0m<inf> exp02_logging: XY 63111 -8355840 -8355840[0m
[00:01:03.119,232] [0m<inf> exp02_logging: XY 63119 -8355840 -8355840[0m
[00:01:03.127,288] [0m<inf> exp02_logging: XY 63127 -8355840 -8355840[0m
[00:01:03.135,284] [0m<inf> exp02_logging: XY 63135 -8355840 -8355840[0m
[00:01:03.143,341] [0m<inf> exp02_logging: XY 63143 -8355840 -8355840[0m
[00:01:03.151,336] [0m<inf> exp02_logging: XY 63151 -8355840 -8355840[0m
[00:01:03.159,393] [0m<inf> exp02_logging: XY 63159 -8355840 -8355840[0m
[00:01:03.167,388] [0m<inf> exp02_logging: XY 63167 -8355840 -8355840[0m
[00:01:03.175,445] [0m<inf> exp02_logging: XY 63175 -8355840 -8355840[0m
[00:01:03.183,441] [0m<inf> exp02_logging: XY 63183 -8355840 -8355840[0m
[00:01:03.191,497] [0m<inf> exp02_logging: XY 63191 -8355840 -8355840[0m
[00:01:03.199,493] [0m<inf> exp02_logging: XY 63199 -8355840 -8355840[0m
[00:01:03.207,550] [0m<inf> exp02_logging: XY 63207 -8355840 -8355840[0m
[00:01:03.215,545] [0m<inf> exp02_logging: XY 63215 -8355840 -8355840[0m
[00:01:03.223,571] [0m<inf> exp02_logging: XY 63223 -8355840 -8355840[0m
[00:01:03.231,597] [0m<inf> exp02_logging: XY 63231 -8355840 -8355840[0m
[00:01:03.239,654] [0m<inf> exp02_logging: XY 63239 -8355840 -8355840[0m
[00:01:03.247,650] [0m<inf> exp02_logging: XY 63247 -8355840 -8355840[0m
[00:01:03.255,706] [0m<inf> exp02_logging: XY 63255 -8355840 -8355840[0m
[00:01:03.263,702] [0m<inf> exp02_logging: XY 63263 -8355840 -8355840[0m
[00:01:03.271,759] [0m<inf> exp02_logging: XY 63271 -8355840 -8355840[0m
[00:01:03.279,754] [0m<inf> exp02_logging: XY 63279 -8355840 -8355840[0m
[00:01:03.287,811] [0m<inf> exp02_logging: XY 63287 -8355840 -8355840[0m
[00:01:03.295,806] [0m<inf> exp02_logging: XY 63295 -8355840 -8355840[0m
[00:01:03.303,863] [0m<inf> exp02_logging: XY 63303 -8355840 -8355840[0m
[00:01:03.311,859] [0m<inf> exp02_logging: XY 63311 -8355840 -8355840[0m
[00:01:03.319,885] [0m<inf> exp02_logging: XY 63319 -8355840 -8355840[0m
[00:01:03.327,911] [0m<inf> exp02_logging: XY 63327 -8355840 -8355840[0m
[00:01:03.335,937] [0m<inf> exp02_logging: XY 63335 -8355840 -8355840[0m
[00:01:03.343,963] [0m<inf> exp02_logging: XY 63343 -8355840 -8355840[0m
[00:01:03.352,020] [0m<inf> exp02_logging: XY 63351 -8355840 -8355840[0m
[00:01:03.360,015] [0m<inf> exp02_logging: XY 63359 -8355840 -8355840[0m
[00:01:03.368,072] [0m<inf> exp02_logging: XY 63368 -8355840 -8355840[0m
[00:01:03.376,068] [0m<inf> exp02_logging: XY 63376 -8355840 -8355840[0m
[00:01:03.384,124] [0m<inf> exp02_logging: XY 63384 -8355840 -8355840[0m
[00:01:03.392,120] [0m<inf> exp02_logging: XY 63392 -8355840 -8355840[0m
[00:01:03.400,177] [0m<inf> exp02_logging: XY 63400 -8355840 -8355840[0m
[00:01:03.408,172] [0m<inf> exp02_logging: XY 63408 -8355840 -8355840[0m
[00:01:03.416,229] [0m<inf> exp02_logging: XY 63416 -8355840 -8355840[0m
[00:01:03.424,224] [0m<inf> exp02_logging: XY 63424 -8355840 -8355840[0m
[00:01:03.432,281] [0m<inf> exp02_logging: XY 63432 -8355840 -8355840[0m
[00:01:03.440,277] [0m<inf> exp02_logging: XY 63440 -8355840 -8355840[0m
[00:01:03.448,333] [0m<inf> exp02_logging: XY 63448 -8355840 -8355840[0m
[00:01:03.456,329] [0m<inf> exp02_logging: XY 63456 -8355840 -8355840[0m
[00:01:03.464,385] [0m<inf> exp02_logging: XY 63464 -8355840 -8355840[0m
[00:01:03.472,381] [0m<inf> exp02_logging: XY 63472 -8355840 -8355840[0m
[00:01:03.480,438] [0m<inf> exp02_logging: XY 63480 -8355840 -8355840[0m
[00:01:03.488,433] [0m<inf> exp02_logging: XY 63488 -8355840 -8355840[0m
[00:01:03.496,490] [0m<inf> exp02_logging: XY 63496 -8355840 -8355840[0m
[00:01:03.504,486] [0m<inf> exp02_logging: XY 63504 -8355840 -8355840[0m
[00:01:03.512,542] [0m<inf> exp02_logging: XY 63512 -8355840 -8355840[0m
[00:01:03.520,538] [0m<inf> exp02_logging: XY 63520 -8355840 -8355840[0m
[00:01:03.528,594] [0m<inf> exp02_logging: XY 63528 -8355840 -8355840[0m
[00:01:03.536,590] [0m<inf> exp02_logging: XY 63536 -8355840 -8355840[0m
[00:01:03.544,647] [0m<inf> exp02_logging: XY 63544 -8355840 -8355840[0m

### sent: tpoint idac 500
tpoint idac 500
[00:01:03.552,642] [0m<inf> exp02_logging: XY 63552 -8355840 -8355840[0m
[00:01:03.560,821] [0m<inf> exp02_logging: XY 63560 -8355840 -8355840[0m
idac = 500 uA (ret 0)
[1;32muart:~$ [m[00:01:03.570,648] [0m<inf> exp02_logging: XY 63570 -8355840 -8355840[0m
[00:01:03.577,545] [0m<inf> exp02_logging: XY 63577 -8355840 -8355840[0m
[00:01:03.584,716] [0m<inf> exp02_logging: XY 63584 -8355840 -8355840[0m
[00:01:03.592,803] [0m<inf> exp02_logging: XY 63592 -8355840 -8355840[0m
[00:01:03.600,799] [0m<inf> exp02_logging: XY 63600 -8355840 -8355840[0m
[00:01:03.608,856] [0m<inf> exp02_logging: XY 63608 -8355840 -8355840[0m
[00:01:03.616,851] [0m<inf> exp02_logging: XY 63616 -8355840 -8355840[0m
[00:01:03.624,908] [0m<inf> exp02_logging: XY 63624 -8355840 -8355840[0m
[00:01:03.632,904] [0m<inf> exp02_logging: XY 63632 -8355840 -8355840[0m
[00:01:03.640,960] [0m<inf> exp02_logging: XY 63640 -8355840 -8355840[0m
[00:01:03.648,956] [0m<inf> exp02_logging: XY 63648 -8355840 -8355840[0m
[00:01:03.657,012] [0m<inf> exp02_logging: XY 63656 -8355840 -8355840[0m
[00:01:03.665,008] [0m<inf> exp02_logging: XY 63665 -8355840 -8355840[0m
[00:01:03.673,065] [0m<inf> exp02_logging: XY 63673 -8355840 -8355840[0m
[00:01:03.681,060] [0m<inf> exp02_logging: XY 63681 -8355840 -8355840[0m
[00:01:03.689,117] [0m<inf> exp02_logging: XY 63689 -8355840 -8355840[0m
[00:01:03.697,113] [0m<inf> exp02_logging: XY 63697 -8355840 -8355840[0m
[00:01:03.705,169] [0m<inf> exp02_logging: XY 63705 -8355840 -8355840[0m
[00:01:03.713,165] [0m<inf> exp02_logging: XY 63713 -8355840 -8355840[0m
[00:01:03.721,221] [0m<inf> exp02_logging: XY 63721 -8355840 -8355840[0m
[00:01:03.729,217] [0m<inf> exp02_logging: XY 63729 -8355840 -8355840[0m
[00:01:03.737,274] [0m<inf> exp02_logging: XY 63737 -8355840 -8355840[0m
[00:01:03.745,269] [0m<inf> exp02_logging: XY 63745 -8355840 -8355840[0m
[00:01:03.753,326] [0m<inf> exp02_logging: XY 63753 -8355840 -8355840[0m
[00:01:03.761,322] [0m<inf> exp02_logging: XY 63761 -8355840 -8355840[0m
[00:01:03.769,378] [0m<inf> exp02_logging: XY 63769 -8355840 -8355840[0m
[00:01:03.777,374] [0m<inf> exp02_logging: XY 63777 -8355840 -8355840[0m
[00:01:03.785,430] [0m<inf> exp02_logging: XY 63785 -8355840 -8355840[0m
[00:01:03.793,426] [0m<inf> exp02_logging: XY 63793 -8355840 -8355840[0m
[00:01:03.801,483] [0m<inf> exp02_logging: XY 63801 -8355840 -8355840[0m
[00:01:03.809,478] [0m<inf> exp02_logging: XY 63809 -8355840 -8355840[0m
[00:01:03.817,535] [0m<inf> exp02_logging: XY 63817 -8355840 -8355840[0m
[00:01:03.825,531] [0m<inf> exp02_logging: XY 63825 -8355840 -8355840[0m
[00:01:03.833,587] [0m<inf> exp02_logging: XY 63833 -8355840 -8355840[0m
[00:01:03.841,583] [0m<inf> exp02_logging: XY 63841 -8355840 -8355840[0m
[00:01:03.849,639] [0m<inf> exp02_logging: XY 63849 -8355840 -8355840[0m
[00:01:03.857,635] [0m<inf> exp02_logging: XY 63857 -8355840 -8355840[0m
[00:01:03.865,692] [0m<inf> exp02_logging: XY 63865 -8355840 -8355840[0m
[00:01:03.873,687] [0m<inf> exp02_logging: XY 63873 -8355840 -8355840[0m
[00:01:03.881,744] [0m<inf> exp02_logging: XY 63881 -8355840 -8355840[0m
[00:01:03.889,739] [0m<inf> exp02_logging: XY 63889 -8355840 -8355840[0m
[00:01:03.897,796] [0m<inf> exp02_logging: XY 63897 -8355840 -8355840[0m
[00:01:03.905,792] [0m<inf> exp02_logging: XY 63905 -8355840 -8355840[0m
[00:01:03.913,848] [0m<inf> exp02_logging: XY 63913 -8355840 -8355840[0m
[00:01:03.921,844] [0m<inf> exp02_logging: XY 63921 -8355840 -8355840[0m
[00:01:03.929,901] [0m<inf> exp02_logging: XY 63929 -8355840 -8355840[0m
[00:01:03.937,896] [0m<inf> exp02_logging: XY 63937 -8355840 -8355840[0m
[00:01:03.945,953] [0m<inf> exp02_logging: XY 63945 -8355840 -8355840[0m
[00:01:03.953,948] [0m<inf> exp02_logging: XY 63953 -8355840 -8355840[0m
[00:01:03.962,005] [0m<inf> exp02_logging: XY 63961 -8355840 -8355840[0m
[00:01:03.970,001] [0m<inf> exp02_logging: XY 63969 -8355840 -8355840[0m
[00:01:03.978,057] [0m<inf> exp02_logging: XY 63978 -8355840 -8355840[0m
[00:01:03.986,053] [0m<inf> exp02_logging: XY 63986 -8355840 -8355840[0m
[00:01:03.994,110] [0m<inf> exp02_logging: XY 63994 -8355840 -8355840[0m
[00:01:04.002,105] [0m<inf> exp02_logging: XY 64002 -8355840 -8355840[0m
[00:01:04.010,162] [0m<inf> exp02_logging: XY 64010 -8355840 -8355840[0m
[00:01:04.018,157] [0m<inf> exp02_logging: XY 64018 -8355840 -8355840[0m
[00:01:04.026,214] [0m<inf> exp02_logging: XY 64026 -8355840 -8355840[0m
[00:01:04.034,210] [0m<inf> exp02_logging: XY 64034 -8355840 -8355840[0m
[00:01:04.042,266] [0m<inf> exp02_logging: XY 64042 -8355840 -8355840[0m
[00:01:04.050,262] [0m<inf> exp02_logging: XY 64050 -8355840 -8355840[0m
[00:01:04.058,319] [0m<inf> exp02_logging: XY 64058 -8355840 -8355840[0m
[00:01:04.066,314] [0m<inf> exp02_logging: XY 64066 -8355840 -8355840[0m
[00:01:04.074,371] [0m<inf> exp02_logging: XY 64074 -8355840 -8355840[0m
[00:01:04.082,366] [0m<inf> exp02_logging: XY 64082 -8355840 -8355840[0m
[00:01:04.090,423] [0m<inf> exp02_logging: XY 64090 -8355840 -8355840[0m
[00:01:04.098,419] [0m<inf> exp02_logging: XY 64098 -8355840 -8355840[0m
[00:01:04.106,475] [0m<inf> exp02_logging: XY 64106 -8355840 -8355840[0m
[00:01:04.114,471] [0m<inf> exp02_logging: XY 64114 -8355840 -8355840[0m
[00:01:04.122,528] [0m<inf> exp02_logging: XY 64122 -8355840 -8355840[0m
[00:01:04.130,523] [0m<inf> exp02_logging: XY 64130 -8355840 -8355840[0m
[00:01:04.138,580] [0m<inf> exp02_logging: XY 64138 -8355840 -8355840[0m
[00:01:04.146,575] [0m<inf> exp02_logging: XY 64146 -8355840 -8355840[0m
[00:01:04.154,632] [0m<inf> exp02_logging: XY 64154 -8355840 -8355840[0m
[00:01:04.162,628] [0m<inf> exp02_logging: XY 64162 -8355840 -8355840[0m
[00:01:04.170,684] [0m<inf> exp02_logging: XY 64170 -8355840 -8355840[0m
[00:01:04.178,680] [0m<inf> exp02_logging: XY 64178 -8355840 -8355840[0m
[00:01:04.186,737] [0m<inf> exp02_logging: XY 64186 -8355840 -8355840[0m
[00:01:04.194,732] [0m<inf> exp02_logging: XY 64194 -8355840 -8355840[0m
[00:01:04.202,789] [0m<inf> exp02_logging: XY 64202 -8355840 -8355840[0m
[00:01:04.210,784] [0m<inf> exp02_logging: XY 64210 -8355840 -8355840[0m
[00:01:04.218,841] [0m<inf> exp02_logging: XY 64218 -8355840 -8355840[0m
[00:01:04.226,837] [0m<inf> exp02_logging: XY 64226 -8355840 -8355840[0m
[00:01:04.234,893] [0m<inf> exp02_logging: XY 64234 -8355840 -8355840[0m
[00:01:04.242,889] [0m<inf> exp02_logging: XY 64242 -8355840 -8355840[0m
[00:01:04.250,946] [0m<inf> exp02_logging: XY 64250 -8355840 -8355840[0m
[00:01:04.258,941] [0m<inf> exp02_logging: XY 64258 -8355840 -8355840[0m
[00:01:04.266,998] [0m<inf> exp02_logging: XY 64266 -8355840 -8355840[0m
[00:01:04.274,993] [0m<inf> exp02_logging: XY 64274 -8355840 -8355840[0m
[00:01:04.283,050] [0m<inf> exp02_logging: XY 64283 -8355840 -8355840[0m
[00:01:04.291,046] [0m<inf> exp02_logging: XY 64291 -8355840 -8355840[0m
[00:01:04.299,072] [0m<inf> exp02_logging: XY 64299 -8355840 -8355840[0m
[00:01:04.307,098] [0m<inf> exp02_logging: XY 64307 -8355840 -8355840[0m
[00:01:04.315,124] [0m<inf> exp02_logging: XY 64315 -8355840 -8355840[0m
[00:01:04.323,150] [0m<inf> exp02_logging: XY 64323 -8355840 -8355840[0m
[00:01:04.331,176] [0m<inf> exp02_logging: XY 64331 -8355840 -8355840[0m
[00:01:04.339,202] [0m<inf> exp02_logging: XY 64339 -8355840 -8355840[0m
[00:01:04.347,259] [0m<inf> exp02_logging: XY 64347 -8355840 -8355840[0m
[00:01:04.355,255] [0m<inf> exp02_logging: XY 64355 -8355840 -8355840[0m
[00:01:04.363,281] [0m<inf> exp02_logging: XY 64363 -8355840 -8355840[0m
[00:01:04.371,307] [0m<inf> exp02_logging: XY 64371 -8355840 -8355840[0m
[00:01:04.379,333] [0m<inf> exp02_logging: XY 64379 -8355840 -8355840[0m
[00:01:04.387,359] [0m<inf> exp02_logging: XY 64387 -8355840 -8355840[0m
[00:01:04.395,385] [0m<inf> exp02_logging: XY 64395 -8355840 -8355840[0m
[00:01:04.403,411] [0m<inf> exp02_logging: XY 64403 -8355840 -8355840[0m
[00:01:04.411,468] [0m<inf> exp02_logging: XY 64411 -8355840 -8355840[0m
[00:01:04.419,464] [0m<inf> exp02_logging: XY 64419 -8355840 -8355840[0m
[00:01:04.427,520] [0m<inf> exp02_logging: XY 64427 -8355840 -8355840[0m
[00:01:04.435,516] [0m<inf> exp02_logging: XY 64435 -8355840 -8355840[0m
[00:01:04.443,572] [0m<inf> exp02_logging: XY 64443 -8355840 -8355840[0m
[00:01:04.451,568] [0m<inf> exp02_logging: XY 64451 -8355840 -8355840[0m
[00:01:04.459,625] [0m<inf> exp02_logging: XY 64459 -8355840 -8355840[0m
[00:01:04.467,620] [0m<inf> exp02_logging: XY 64467 -8355840 -8355840[0m
[00:01:04.475,677] [0m<inf> exp02_logging: XY 64475 -8355840 -8355840[0m
[00:01:04.483,673] [0m<inf> exp02_logging: XY 64483 -8355840 -8355840[0m
[00:01:04.491,729] [0m<inf> exp02_logging: XY 64491 -8355840 -8355840[0m
[00:01:04.499,725] [0m<inf> exp02_logging: XY 64499 -8355840 -8355840[0m
[00:01:04.507,781] [0m<inf> exp02_logging: XY 64507 -8355840 -8355840[0m
[00:01:04.515,777] [0m<inf> exp02_logging: XY 64515 -8355840 -8355840[0m
[00:01:04.523,834] [0m<inf> exp02_logging: XY 64523 -8355840 -8355840[0m
[00:01:04.531,829] [0m<inf> exp02_logging: XY 64531 -8355840 -8355840[0m
[00:01:04.539,886] [0m<inf> exp02_logging: XY 64539 -8355840 -8355840[0m
[00:01:04.547,882] [0m<inf> exp02_logging: XY 64547 -8355840 -8355840[0m
[00:01:04.555,938] [0m<inf> exp02_logging: XY 64555 -8355840 -8355840[0m
[00:01:04.563,934] [0m<inf> exp02_logging: XY 64563 -8355840 -8355840[0m
[00:01:04.571,990] [0m<inf> exp02_logging: XY 64571 -8355840 -8355840[0m
[00:01:04.579,986] [0m<inf> exp02_logging: XY 64579 -8355840 -8355840[0m
[00:01:04.588,043] [0m<inf> exp02_logging: XY 64588 -8355840 -8355840[0m
[00:01:04.596,038] [0m<inf> exp02_logging: XY 64596 -8355840 -8355840[0m
[00:01:04.604,095] [0m<inf> exp02_logging: XY 64604 -8355840 -8355840[0m
[00:01:04.612,091] [0m<inf> exp02_logging: XY 64612 -8355840 -8355840[0m
[00:01:04.620,147] [0m<inf> exp02_logging: XY 64620 -8355840 -8355840[0m
[00:01:04.628,143] [0m<inf> exp02_logging: XY 64628 -8355840 -8355840[0m
[00:01:04.636,199] [0m<inf> exp02_logging: XY 64636 -8355840 -8355840[0m
[00:01:04.644,195] [0m<inf> exp02_logging: XY 64644 -8355840 -8355840[0m
[00:01:04.652,252] [0m<inf> exp02_logging: XY 64652 -8355840 -8355840[0m
[00:01:04.660,247] [0m<inf> exp02_logging: XY 64660 -8355840 -8355840[0m
[00:01:04.668,304] [0m<inf> exp02_logging: XY 64668 -8355840 -8355840[0m
[00:01:04.676,300] [0m<inf> exp02_logging: XY 64676 -8355840 -8355840[0m
[00:01:04.684,356] [0m<inf> exp02_logging: XY 64684 -8355840 -8355840[0m
[00:01:04.692,352] [0m<inf> exp02_logging: XY 64692 -8355840 -8355840[0m
[00:01:04.700,408] [0m<inf> exp02_logging: XY 64700 -8355840 -8355840[0m
[00:01:04.708,404] [0m<inf> exp02_logging: XY 64708 -8355840 -8355840[0m
[00:01:04.716,461] [0m<inf> exp02_logging: XY 64716 -8355840 -8355840[0m
[00:01:04.724,456] [0m<inf> exp02_logging: XY 64724 -8355840 -8355840[0m
[00:01:04.732,513] [0m<inf> exp02_logging: XY 64732 -8355840 -8355840[0m
[00:01:04.740,509] [0m<inf> exp02_logging: XY 64740 -8355840 -8355840[0m
[00:01:04.748,565] [0m<inf> exp02_logging: XY 64748 -8355840 -8355840[0m
[00:01:04.756,561] [0m<inf> exp02_logging: XY 64756 -8355840 -8355840[0m
[00:01:04.764,617] [0m<inf> exp02_logging: XY 64764 -8355840 -8355840[0m
[00:01:04.772,613] [0m<inf> exp02_logging: XY 64772 -8355840 -8355840[0m
[00:01:04.780,670] [0m<inf> exp02_logging: XY 64780 -8355840 -8355840[0m
[00:01:04.788,665] [0m<inf> exp02_logging: XY 64788 -8355840 -8355840[0m
[00:01:04.796,722] [0m<inf> exp02_logging: XY 64796 -8355840 -8355840[0m
[00:01:04.804,718] [0m<inf> exp02_logging: XY 64804 -8355840 -8355840[0m
[00:01:04.812,774] [0m<inf> exp02_logging: XY 64812 -8355840 -8355840[0m
[00:01:04.820,770] [0m<inf> exp02_logging: XY 64820 -8355840 -8355840[0m
[00:01:04.828,826] [0m<inf> exp02_logging: XY 64828 -8355840 -8355840[0m
[00:01:04.836,822] [0m<inf> exp02_logging: XY 64836 -8355840 -8355840[0m
[00:01:04.844,879] [0m<inf> exp02_logging: XY 64844 -8355840 -8355840[0m
[00:01:04.852,874] [0m<inf> exp02_logging: XY 64852 -8355840 -8355840[0m
[00:01:04.860,931] [0m<inf> exp02_logging: XY 64860 -8355840 -8355840[0m
[00:01:04.868,927] [0m<inf> exp02_logging: XY 64868 -8355840 -8355840[0m
[00:01:04.876,983] [0m<inf> exp02_logging: XY 64876 -8355840 -8355840[0m
[00:01:04.884,979] [0m<inf> exp02_logging: XY 64884 -8355840 -8355840[0m
[00:01:04.893,035] [0m<inf> exp02_logging: XY 64893 -8355840 -8355840[0m
[00:01:04.901,031] [0m<inf> exp02_logging: XY 64901 -8355840 -8355840[0m
[00:01:04.909,088] [0m<inf> exp02_logging: XY 64909 -8355840 -8355840[0m
[00:01:04.917,083] [0m<inf> exp02_logging: XY 64917 -8355840 -8355840[0m
[00:01:04.925,140] [0m<inf> exp02_logging: XY 64925 -8355840 -8355840[0m
[00:01:04.933,135] [0m<inf> exp02_logging: XY 64933 -8355840 -8355840[0m
[00:01:04.941,192] [0m<inf> exp02_logging: XY 64941 -8355840 -8355840[0m
[00:01:04.949,188] [0m<inf> exp02_logging: XY 64949 -8355840 -8355840[0m
[00:01:04.957,244] [0m<inf> exp02_logging: XY 64957 -8355840 -8355840[0m
[00:01:04.965,240] [0m<inf> exp02_logging: XY 64965 -8355840 -8355840[0m
[00:01:04.973,297] [0m<inf> exp02_logging: XY 64973 -8355840 -8355840[0m
[00:01:04.981,292] [0m<inf> exp02_logging: XY 64981 -8355840 -8355840[0m
[00:01:04.989,349] [0m<inf> exp02_logging: XY 64989 -8355840 -8355840[0m
[00:01:04.997,344] [0m<inf> exp02_logging: XY 64997 -8355840 -8355840[0m
[00:01:05.005,401] [0m<inf> exp02_logging: XY 65005 -8355840 -8355840[0m
[00:01:05.013,397] [0m<inf> exp02_logging: XY 65013 -8355840 -8355840[0m
[00:01:05.021,453] [0m<inf> exp02_logging: XY 65021 -8355840 -8355840[0m
[00:01:05.029,449] [0m<inf> exp02_logging: XY 65029 -8355840 -8355840[0m
[00:01:05.037,506] [0m<inf> exp02_logging: XY 65037 -8355840 -8355840[0m
[00:01:05.045,501] [0m<inf> exp02_logging: XY 65045 -8355840 -8355840[0m
[00:01:05.053,558] [0m<inf> exp02_logging: XY 65053 -8355840 -8355840[0m
[00:01:05.061,553] [0m<inf> exp02_logging: XY 65061 -8355840 -8355840[0m
[00:01:05.069,610] [0m<inf> exp02_logging: XY 65069 -8355840 -8355840[0m
[00:01:05.077,606] [0m<inf> exp02_logging: XY 65077 -8355840 -8355840[0m
[00:01:05.085,662] [0m<inf> exp02_logging: XY 65085 -8355840 -8355840[0m
[00:01:05.093,658] [0m<inf> exp02_logging: XY 65093 -8355840 -8355840[0m
[00:01:05.101,715] [0m<inf> exp02_logging: XY 65101 -8355840 -8355840[0m
[00:01:05.109,710] [0m<inf> exp02_logging: XY 65109 -8355840 -8355840[0m
[00:01:05.117,767] [0m<inf> exp02_logging: XY 65117 -8355840 -8355840[0m
[00:01:05.125,762] [0m<inf> exp02_logging: XY 65125 -8355840 -8355840[0m
[00:01:05.133,819] [0m<inf> exp02_logging: XY 65133 -8355840 -8355840[0m
[00:01:05.141,815] [0m<inf> exp02_logging: XY 65141 -8355840 -8355840[0m
[00:01:05.149,871] [0m<inf> exp02_logging: XY 65149 -8355840 -8355840[0m
[00:01:05.157,867] [0m<inf> exp02_logging: XY 65157 -8355840 -8355840[0m
[00:01:05.165,924] [0m<inf> exp02_logging: XY 65165 -8355840 -8355840[0m
[00:01:05.173,919] [0m<inf> exp02_logging: XY 65173 -8355840 -8355840[0m
[00:01:05.181,976] [0m<inf> exp02_logging: XY 65181 -8355840 -8355840[0m
[00:01:05.189,971] [0m<inf> exp02_logging: XY 65189 -8355840 -8355840[0m
[00:01:05.198,028] [0m<inf> exp02_logging: XY 65197 -8355840 -8355840[0m
[00:01:05.206,024] [0m<inf> exp02_logging: XY 65206 -8355840 -8355840[0m
[00:01:05.214,080] [0m<inf> exp02_logging: XY 65214 -8355840 -8355840[0m
[00:01:05.222,076] [0m<inf> exp02_logging: XY 65222 -8355840 -8355840[0m
[00:01:05.230,133] [0m<inf> exp02_logging: XY 65230 -8355840 -8355840[0m
[00:01:05.238,128] [0m<inf> exp02_logging: XY 65238 -8355840 -8355840[0m
[00:01:05.246,185] [0m<inf> exp02_logging: XY 65246 -8355840 -8355840[0m
[00:01:05.254,180] [0m<inf> exp02_logging: XY 65254 -8355840 -8355840[0m
[00:01:05.262,237] [0m<inf> exp02_logging: XY 65262 -8355840 -8355840[0m
[00:01:05.270,233] [0m<inf> exp02_logging: XY 65270 -8355840 -8355840[0m
[00:01:05.278,289] [0m<inf> exp02_logging: XY 65278 -8355840 -8355840[0m
[00:01:05.286,285] [0m<inf> exp02_logging: XY 65286 -8355840 -8355840[0m
[00:01:05.294,342] [0m<inf> exp02_logging: XY 65294 -8355840 -8355840[0m
[00:01:05.302,337] [0m<inf> exp02_logging: XY 65302 -8355840 -8355840[0m
[00:01:05.310,394] [0m<inf> exp02_logging: XY 65310 -8355840 -8355840[0m
[00:01:05.318,389] [0m<inf> exp02_logging: XY 65318 -8355840 -8355840[0m
[00:01:05.326,446] [0m<inf> exp02_logging: XY 65326 -8355840 -8355840[0m
[00:01:05.334,442] [0m<inf> exp02_logging: XY 65334 -8355840 -8355840[0m
[00:01:05.342,498] [0m<inf> exp02_logging: XY 65342 -8355840 -8355840[0m
[00:01:05.350,494] [0m<inf> exp02_logging: XY 65350 -8355840 -8355840[0m
[00:01:05.358,551] [0m<inf> exp02_logging: XY 65358 -8355840 -8355840[0m
[00:01:05.366,546] [0m<inf> exp02_logging: XY 65366 -8355840 -8355840[0m
[00:01:05.374,603] [0m<inf> exp02_logging: XY 65374 -8355840 -8355840[0m
[00:01:05.382,598] [0m<inf> exp02_logging: XY 65382 -8355840 -8355840[0m
[00:01:05.390,655] [0m<inf> exp02_logging: XY 65390 -8355840 -8355840[0m
[00:01:05.398,651] [0m<inf> exp02_logging: XY 65398 -8355840 -8355840[0m
[00:01:05.406,707] [0m<inf> exp02_logging: XY 65406 -8355840 -8355840[0m
[00:01:05.414,703] [0m<inf> exp02_logging: XY 65414 -8355840 -8355840[0m
[00:01:05.422,729] [0m<inf> exp02_logging: XY 65422 -8355840 -8355840[0m
[00:01:05.430,755] [0m<inf> exp02_logging: XY 65430 -8355840 -8355840[0m
[00:01:05.438,812] [0m<inf> exp02_logging: XY 65438 -8355840 -8355840[0m
[00:01:05.446,807] [0m<inf> exp02_logging: XY 65446 -8355840 -8355840[0m
[00:01:05.454,864] [0m<inf> exp02_logging: XY 65454 -8355840 -8355840[0m
[00:01:05.462,860] [0m<inf> exp02_logging: XY 65462 -8355840 -8355840[0m
[00:01:05.470,916] [0m<inf> exp02_logging: XY 65470 -8355840 -8355840[0m
[00:01:05.478,912] [0m<inf> exp02_logging: XY 65478 -8355840 -8355840[0m
[00:01:05.486,968] [0m<inf> exp02_logging: XY 65486 -8355840 -8355840[0m
[00:01:05.494,964] [0m<inf> exp02_logging: XY 65494 -8355840 -8355840[0m
[00:01:05.503,021] [0m<inf> exp02_logging: XY 65502 -8355840 -8355840[0m
[00:01:05.511,016] [0m<inf> exp02_logging: XY 65510 -8355840 -8355840[0m
[00:01:05.519,073] [0m<inf> exp02_logging: XY 65519 -8355840 -8355840[0m
[00:01:05.527,069] [0m<inf> exp02_logging: XY 65527 -8355840 -8355840[0m
[00:01:05.535,125] [0m<inf> exp02_logging: XY 65535 -8355840 -8355840[0m
[00:01:05.543,121] [0m<inf> exp02_logging: XY 65543 -8355840 -8355840[0m
[00:01:05.551,177] [0m<inf> exp02_logging: XY 65551 -8355840 -8355840[0m
[00:01:05.559,173] [0m<inf> exp02_logging: XY 65559 -8355840 -8355840[0m
[00:01:05.567,230] [0m<inf> exp02_logging: XY 65567 -8355840 -8355840[0m
[00:01:05.575,225] [0m<inf> exp02_logging: XY 65575 -8355840 -8355840[0m
[00:01:05.583,282] [0m<inf> exp02_logging: XY 65583 -8355840 -8355840[0m
[00:01:05.591,278] [0m<inf> exp02_logging: XY 65591 -8355840 -8355840[0m
[00:01:05.599,334] [0m<inf> exp02_logging: XY 65599 -8355840 -8355840[0m
[00:01:05.607,330] [0m<inf> exp02_logging: XY 65607 -8355840 -8355840[0m
[00:01:05.615,386] [0m<inf> exp02_logging: XY 65615 -8355840 -8355840[0m
[00:01:05.623,382] [0m<inf> exp02_logging: XY 65623 -8355840 -8355840[0m
[00:01:05.631,439] [0m<inf> exp02_logging: XY 65631 -8355840 -8355840[0m
[00:01:05.639,434] [0m<inf> exp02_logging: XY 65639 -8355840 -8355840[0m
[00:01:05.647,491] [0m<inf> exp02_logging: XY 65647 -8355840 -8355840[0m
[00:01:05.655,487] [0m<inf> exp02_logging: XY 65655 -8355840 -8355840[0m
[00:01:05.663,543] [0m<inf> exp02_logging: XY 65663 -8355840 -8355840[0m
[00:01:05.671,539] [0m<inf> exp02_logging: XY 65671 -8355840 -8355840[0m
[00:01:05.679,595] [0m<inf> exp02_logging: XY 65679 -8355840 -8355840[0m
[00:01:05.687,591] [0m<inf> exp02_logging: XY 65687 -8355840 -8355840[0m
[00:01:05.695,648] [0m<inf> exp02_logging: XY 65695 -8355840 -8355840[0m
[00:01:05.703,643] [0m<inf> exp02_logging: XY 65703 -8355840 -8355840[0m
[00:01:05.711,700] [0m<inf> exp02_logging: XY 65711 -8355840 -8355840[0m
[00:01:05.719,696] [0m<inf> exp02_logging: XY 65719 -8355840 -8355840[0m
[00:01:05.727,752] [0m<inf> exp02_logging: XY 65727 -8355840 -8355840[0m
[00:01:05.735,748] [0m<inf> exp02_logging: XY 65735 -8355840 -8355840[0m
[00:01:05.743,804] [0m<inf> exp02_logging: XY 65743 -8355840 -8355840[0m
[00:01:05.751,800] [0m<inf> exp02_logging: XY 65751 -8355840 -8355840[0m
[00:01:05.759,857] [0m<inf> exp02_logging: XY 65759 -8355840 -8355840[0m
[00:01:05.767,852] [0m<inf> exp02_logging: XY 65767 -8355840 -8355840[0m
[00:01:05.775,909] [0m<inf> exp02_logging: XY 65775 -8355840 -8355840[0m
[00:01:05.783,905] [0m<inf> exp02_logging: XY 65783 -8355840 -8355840[0m
[00:01:05.791,961] [0m<inf> exp02_logging: XY 65791 -8355840 -8355840[0m
[00:01:05.799,957] [0m<inf> exp02_logging: XY 65799 -8355840 -8355840[0m
[00:01:05.808,013] [0m<inf> exp02_logging: XY 65807 -8355840 -8355840[0m
[00:01:05.816,009] [0m<inf> exp02_logging: XY 65815 -8355840 -8355840[0m
[00:01:05.824,066] [0m<inf> exp02_logging: XY 65824 -8355840 -8355840[0m
[00:01:05.832,061] [0m<inf> exp02_logging: XY 65832 -8355840 -8355840[0m
[00:01:05.840,118] [0m<inf> exp02_logging: XY 65840 -8355840 -8355840[0m
[00:01:05.848,114] [0m<inf> exp02_logging: XY 65848 -8355840 -8355840[0m
[00:01:05.856,170] [0m<inf> exp02_logging: XY 65856 -8355840 -8355840[0m
[00:01:05.864,166] [0m<inf> exp02_logging: XY 65864 -8355840 -8355840[0m
[00:01:05.872,222] [0m<inf> exp02_logging: XY 65872 -8355840 -8355840[0m
[00:01:05.880,218] [0m<inf> exp02_logging: XY 65880 -8355840 -8355840[0m
[00:01:05.888,275] [0m<inf> exp02_logging: XY 65888 -8355840 -8355840[0m
[00:01:05.896,270] [0m<inf> exp02_logging: XY 65896 -8355840 -8355840[0m
[00:01:05.904,327] [0m<inf> exp02_logging: XY 65904 -8355840 -8355840[0m
[00:01:05.912,322] [0m<inf> exp02_logging: XY 65912 -8355840 -8355840[0m
[00:01:05.920,379] [0m<inf> exp02_logging: XY 65920 -8355840 -8355840[0m
[00:01:05.928,375] [0m<inf> exp02_logging: XY 65928 -8355840 -8355840[0m
[00:01:05.936,431] [0m<inf> exp02_logging: XY 65936 -8355840 -8355840[0m
[00:01:05.944,427] [0m<inf> exp02_logging: XY 65944 -8355840 -8355840[0m
[00:01:05.952,484] [0m<inf> exp02_logging: XY 65952 -8355840 -8355840[0m
[00:01:05.960,479] [0m<inf> exp02_logging: XY 65960 -8355840 -8355840[0m
[00:01:05.968,536] [0m<inf> exp02_logging: XY 65968 -8355840 -8355840[0m
[00:01:05.976,531] [0m<inf> exp02_logging: XY 65976 -8355840 -8355840[0m
[00:01:05.984,588] [0m<inf> exp02_logging: XY 65984 -8355840 -8355840[0m
[00:01:05.992,584] [0m<inf> exp02_logging: XY 65992 -8355840 -8355840[0m
[00:01:06.000,640] [0m<inf> exp02_logging: XY 66000 -8355840 -8355840[0m
[00:01:06.008,636] [0m<inf> exp02_logging: XY 66008 -8355840 -8355840[0m
[00:01:06.016,693] [0m<inf> exp02_logging: XY 66016 -8355840 -8355840[0m
[00:01:06.024,688] [0m<inf> exp02_logging: XY 66024 -8355840 -8355840[0m
[00:01:06.032,745] [0m<inf> exp02_logging: XY 66032 -8355840 -8355840[0m
[00:01:06.040,740] [0m<inf> exp02_logging: XY 66040 -8355840 -8355840[0m
[00:01:06.048,797] [0m<inf> exp02_logging: XY 66048 -8355840 -8355840[0m
[00:01:06.056,793] [0m<inf> exp02_logging: XY 66056 -8355840 -8355840[0m
[00:01:06.064,849] [0m<inf> exp02_logging: XY 66064 -8355840 -8355840[0m
[00:01:06.072,845] [0m<inf> exp02_logging: XY 66072 -8355840 -8355840[0m
[00:01:06.080,902] [0m<inf> exp02_logging: XY 66080 -8355840 -8355840[0m
[00:01:06.088,897] [0m<inf> exp02_logging: XY 66088 -8355840 -8355840[0m
[00:01:06.096,954] [0m<inf> exp02_logging: XY 66096 -8355840 -8355840[0m
[00:01:06.104,949] [0m<inf> exp02_logging: XY 66104 -8355840 -8355840[0m
[00:01:06.113,006] [0m<inf> exp02_logging: XY 66112 -8355840 -8355840[0m
[00:01:06.121,002] [0m<inf> exp02_logging: XY 66121 -8355840 -8355840[0m
[00:01:06.129,058] [0m<inf> exp02_logging: XY 66129 -8355840 -8355840[0m
[00:01:06.137,054] [0m<inf> exp02_logging: XY 66137 -8355840 -8355840[0m
[00:01:06.145,111] [0m<inf> exp02_logging: XY 66145 -8355840 -8355840[0m
[00:01:06.153,106] [0m<inf> exp02_logging: XY 66153 -8355840 -8355840[0m
[00:01:06.161,163] [0m<inf> exp02_logging: XY 66161 -8355840 -8355840[0m
[00:01:06.169,158] [0m<inf> exp02_logging: XY 66169 -8355840 -8355840[0m
[00:01:06.177,215] [0m<inf> exp02_logging: XY 66177 -8355840 -8355840[0m
[00:01:06.185,211] [0m<inf> exp02_logging: XY 66185 -8355840 -8355840[0m
[00:01:06.193,267] [0m<inf> exp02_logging: XY 66193 -8355840 -8355840[0m
[00:01:06.201,263] [0m<inf> exp02_logging: XY 66201 -8355840 -8355840[0m
[00:01:06.209,320] [0m<inf> exp02_logging: XY 66209 -8355840 -8355840[0m
[00:01:06.217,315] [0m<inf> exp02_logging: XY 66217 -8355840 -8355840[0m
[00:01:06.225,372] [0m<inf> exp02_logging: XY 66225 -8355840 -8355840[0m
[00:01:06.233,367] [0m<inf> exp02_logging: XY 66233 -8355840 -8355840[0m
[00:01:06.241,424] [0m<inf> exp02_logging: XY 66241 -8355840 -8355840[0m
[00:01:06.249,420] [0m<inf> exp02_logging: XY 66249 -8355840 -8355840[0m
[00:01:06.257,476] [0m<inf> exp02_logging: XY 66257 -8355840 -8355840[0m
[00:01:06.265,472] [0m<inf> exp02_logging: XY 66265 -8355840 -8355840[0m
[00:01:06.273,529] [0m<inf> exp02_logging: XY 66273 -8355840 -8355840[0m
[00:01:06.281,524] [0m<inf> exp02_logging: XY 66281 -8355840 -8355840[0m
[00:01:06.289,581] [0m<inf> exp02_logging: XY 66289 -8355840 -8355840[0m
[00:01:06.297,576] [0m<inf> exp02_logging: XY 66297 -8355840 -8355840[0m
[00:01:06.305,633] [0m<inf> exp02_logging: XY 66305 -8355840 -8355840[0m
[00:01:06.313,629] [0m<inf> exp02_logging: XY 66313 -8355840 -8355840[0m
[00:01:06.321,685] [0m<inf> exp02_logging: XY 66321 -8355840 -8355840[0m
[00:01:06.329,681] [0m<inf> exp02_logging: XY 66329 -8355840 -8355840[0m
[00:01:06.337,738] [0m<inf> exp02_logging: XY 66337 -8355840 -8355840[0m
[00:01:06.345,733] [0m<inf> exp02_logging: XY 66345 -8355840 -8355840[0m
[00:01:06.353,790] [0m<inf> exp02_logging: XY 66353 -8355840 -8355840[0m
[00:01:06.361,785] [0m<inf> exp02_logging: XY 66361 -8355840 -8355840[0m
[00:01:06.369,842] [0m<inf> exp02_logging: XY 66369 -8355840 -8355840[0m
[00:01:06.377,838] [0m<inf> exp02_logging: XY 66377 -8355840 -8355840[0m
[00:01:06.385,894] [0m<inf> exp02_logging: XY 66385 -8355840 -8355840[0m
[00:01:06.393,890] [0m<inf> exp02_logging: XY 66393 -8355840 -8355840[0m
[00:01:06.401,947] [0m<inf> exp02_logging: XY 66401 -8355840 -8355840[0m
[00:01:06.409,942] [0m<inf> exp02_logging: XY 66409 -8355840 -8355840[0m
[00:01:06.417,999] [0m<inf> exp02_logging: XY 66417 -8355840 -8355840[0m
[00:01:06.425,994] [0m<inf> exp02_logging: XY 66425 -8355840 -8355840[0m
[00:01:06.434,051] [0m<inf> exp02_logging: XY 66434 -8355840 -8355840[0m
[00:01:06.442,047] [0m<inf> exp02_logging: XY 66442 -8355840 -8355840[0m
[00:01:06.450,103] [0m<inf> exp02_logging: XY 66450 -8355840 -8355840[0m
[00:01:06.458,099] [0m<inf> exp02_logging: XY 66458 -8355840 -8355840[0m
[00:01:06.466,156] [0m<inf> exp02_logging: XY 66466 -8355840 -8355840[0m
[00:01:06.474,151] [0m<inf> exp02_logging: XY 66474 -8355840 -8355840[0m
[00:01:06.482,208] [0m<inf> exp02_logging: XY 66482 -8355840 -8355840[0m
[00:01:06.490,203] [0m<inf> exp02_logging: XY 66490 -8355840 -8355840[0m
[00:01:06.498,260] [0m<inf> exp02_logging: XY 66498 -8355840 -8355840[0m
[00:01:06.506,256] [0m<inf> exp02_logging: XY 66506 -8355840 -8355840[0m
[00:01:06.514,312] [0m<inf> exp02_logging: XY 66514 -8355840 -8355840[0m
[00:01:06.522,308] [0m<inf> exp02_logging: XY 66522 -8355840 -8355840[0m
[00:01:06.530,364] [0m<inf> exp02_logging: XY 66530 -8355840 -8355840[0m
[00:01:06.538,360] [0m<inf> exp02_logging: XY 66538 -8355840 -8355840[0m
[00:01:06.546,417] [0m<inf> exp02_logging: XY 66546 -8355840 -8355840[0m
[00:01:06.554,412] [0m<inf> exp02_logging: XY 66554 -8355840 -8355840[0m
[00:01:06.562,469] [0m<inf> exp02_logging: XY 66562 -8355840 -8355840[0m
[00:01:06.570,465] [0m<inf> exp02_logging: XY 66570 -8355840 -8355840[0m
[00:01:06.578,521] [0m<inf> exp02_logging: XY 66578 -8355840 -8355840[0m
[00:01:06.586,517] [0m<inf> exp02_logging: XY 66586 -8355840 -8355840[0m
[00:01:06.594,573] [0m<inf> exp02_logging: XY 66594 -8355840 -8355840[0m
[00:01:06.602,569] [0m<inf> exp02_logging: XY 66602 -8355840 -8355840[0m
[00:01:06.610,626] [0m<inf> exp02_logging: XY 66610 -8355840 -8355840[0m
[00:01:06.618,621] [0m<inf> exp02_logging: XY 66618 -8355840 -8355840[0m
[00:01:06.626,678] [0m<inf> exp02_logging: XY 66626 -8355840 -8355840[0m
[00:01:06.634,674] [0m<inf> exp02_logging: XY 66634 -8355840 -8355840[0m
[00:01:06.642,730] [0m<inf> exp02_logging: XY 66642 -8355840 -8355840[0m
[00:01:06.650,726] [0m<inf> exp02_logging: XY 66650 -8355840 -8355840[0m
[00:01:06.658,782] [0m<inf> exp02_logging: XY 66658 -8355840 -8355840[0m
[00:01:06.666,778] [0m<inf> exp02_logging: XY 66666 -8355840 -8355840[0m
[00:01:06.674,835] [0m<inf> exp02_logging: XY 66674 -8355840 -8355840[0m
[00:01:06.682,830] [0m<inf> exp02_logging: XY 66682 -8355840 -8355840[0m
[00:01:06.690,887] [0m<inf> exp02_logging: XY 66690 -8355840 -8355840[0m
[00:01:06.698,883] [0m<inf> exp02_logging: XY 66698 -8355840 -8355840[0m
[00:01:06.706,939] [0m<inf> exp02_logging: XY 66706 -8355840 -8355840[0m
[00:01:06.714,935] [0m<inf> exp02_logging: XY 66714 -8355840 -8355840[0m
[00:01:06.722,991] [0m<inf> exp02_logging: XY 66722 -8355840 -8355840[0m
[00:01:06.730,987] [0m<inf> exp02_logging: XY 66730 -8355840 -8355840[0m
[00:01:06.739,044] [0m<inf> exp02_logging: XY 66739 -8355840 -8355840[0m
[00:01:06.747,039] [0m<inf> exp02_logging: XY 66747 -8355840 -8355840[0m
[00:01:06.755,096] [0m<inf> exp02_logging: XY 66755 -8355840 -8355840[0m
[00:01:06.763,092] [0m<inf> exp02_logging: XY 66763 -8355840 -8355840[0m
[00:01:06.771,148] [0m<inf> exp02_logging: XY 66771 -8355840 -8355840[0m
[00:01:06.779,144] [0m<inf> exp02_logging: XY 66779 -8355840 -8355840[0m
[00:01:06.787,200] [0m<inf> exp02_logging: XY 66787 -8355840 -8355840[0m
[00:01:06.795,196] [0m<inf> exp02_logging: XY 66795 -8355840 -8355840[0m
[00:01:06.803,253] [0m<inf> exp02_logging: XY 66803 -8355840 -8355840[0m
[00:01:06.811,248] [0m<inf> exp02_logging: XY 66811 -8355840 -8355840[0m
[00:01:06.819,305] [0m<inf> exp02_logging: XY 66819 -8355840 -8355840[0m
[00:01:06.827,301] [0m<inf> exp02_logging: XY 66827 -8355840 -8355840[0m
[00:01:06.835,357] [0m<inf> exp02_logging: XY 66835 -8355840 -8355840[0m
[00:01:06.843,353] [0m<inf> exp02_logging: XY 66843 -8355840 -8355840[0m
[00:01:06.851,409] [0m<inf> exp02_logging: XY 66851 -8355840 -8355840[0m
[00:01:06.859,405] [0m<inf> exp02_logging: XY 66859 -8355840 -8355840[0m
[00:01:06.867,462] [0m<inf> exp02_logging: XY 66867 -8355840 -8355840[0m
[00:01:06.875,457] [0m<inf> exp02_logging: XY 66875 -8355840 -8355840[0m
[00:01:06.883,514] [0m<inf> exp02_logging: XY 66883 -8355840 -8355840[0m
[00:01:06.891,510] [0m<inf> exp02_logging: XY 66891 -8355840 -8355840[0m
[00:01:06.899,566] [0m<inf> exp02_logging: XY 66899 -8355840 -8355840[0m
[00:01:06.907,562] [0m<inf> exp02_logging: XY 66907 -8355840 -8355840[0m
[00:01:06.915,618] [0m<inf> exp02_logging: XY 66915 -8355840 -8355840[0m
[00:01:06.923,614] [0m<inf> exp02_logging: XY 66923 -8355840 -8355840[0m
[00:01:06.931,671] [0m<inf> exp02_logging: XY 66931 -8355840 -8355840[0m
[00:01:06.939,666] [0m<inf> exp02_logging: XY 66939 -8355840 -8355840[0m
[00:01:06.947,723] [0m<inf> exp02_logging: XY 66947 -8355840 -8355840[0m
[00:01:06.955,718] [0m<inf> exp02_logging: XY 66955 -8355840 -8355840[0m
[00:01:06.963,775] [0m<inf> exp02_logging: XY 66963 -8355840 -8355840[0m
[00:01:06.971,771] [0m<inf> exp02_logging: XY 66971 -8355840 -8355840[0m
[00:01:06.979,827] [0m<inf> exp02_logging: XY 66979 -8355840 -8355840[0m
[00:01:06.987,823] [0m<inf> exp02_logging: XY 66987 -8355840 -8355840[0m
[00:01:06.995,880] [0m<inf> exp02_logging: XY 66995 -8355840 -8355840[0m
[00:01:07.003,875] [0m<inf> exp02_logging: XY 67003 -8355840 -8355840[0m
[00:01:07.011,932] [0m<inf> exp02_logging: XY 67011 -8355840 -8355840[0m
[00:01:07.019,927] [0m<inf> exp02_logging: XY 67019 -8355840 -8355840[0m
[00:01:07.027,984] [0m<inf> exp02_logging: XY 67027 -8355840 -8355840[0m
[00:01:07.035,980] [0m<inf> exp02_logging: XY 67035 -8355840 -8355840[0m
[00:01:07.044,036] [0m<inf> exp02_logging: XY 67044 -8355840 -8355840[0m
[00:01:07.052,032] [0m<inf> exp02_logging: XY 67052 -8355840 -8355840[0m
[00:01:07.060,089] [0m<inf> exp02_logging: XY 67060 -8355840 -8355840[0m
[00:01:07.068,084] [0m<inf> exp02_logging: XY 67068 -8355840 -8355840[0m
[00:01:07.076,141] [0m<inf> exp02_logging: XY 67076 -8355840 -8355840[0m
[00:01:07.084,136] [0m<inf> exp02_logging: XY 67084 -8355840 -8355840[0m
[00:01:07.092,193] [0m<inf> exp02_logging: XY 67092 -8355840 -8355840[0m
[00:01:07.100,189] [0m<inf> exp02_logging: XY 67100 -8355840 -8355840[0m
[00:01:07.108,245] [0m<inf> exp02_logging: XY 67108 -8355840 -8355840[0m
[00:01:07.116,241] [0m<inf> exp02_logging: XY 67116 -8355840 -8355840[0m
[00:01:07.124,298] [0m<inf> exp02_logging: XY 67124 -8355840 -8355840[0m
[00:01:07.132,293] [0m<inf> exp02_logging: XY 67132 -8355840 -8355840[0m
[00:01:07.140,350] [0m<inf> exp02_logging: XY 67140 -8355840 -8355840[0m
[00:01:07.148,345] [0m<inf> exp02_logging: XY 67148 -8355840 -8355840[0m
[00:01:07.156,402] [0m<inf> exp02_logging: XY 67156 -8355840 -8355840[0m
[00:01:07.164,398] [0m<inf> exp02_logging: XY 67164 -8355840 -8355840[0m
[00:01:07.172,454] [0m<inf> exp02_logging: XY 67172 -8355840 -8355840[0m
[00:01:07.180,450] [0m<inf> exp02_logging: XY 67180 -8355840 -8355840[0m
[00:01:07.188,507] [0m<inf> exp02_logging: XY 67188 -8355840 -8355840[0m
[00:01:07.196,502] [0m<inf> exp02_logging: XY 67196 -8355840 -8355840[0m
[00:01:07.204,559] [0m<inf> exp02_logging: XY 67204 -8355840 -8355840[0m
[00:01:07.212,554] [0m<inf> exp02_logging: XY 67212 -8355840 -8355840[0m
[00:01:07.220,611] [0m<inf> exp02_logging: XY 67220 -8355840 -8355840[0m
[00:01:07.228,607] [0m<inf> exp02_logging: XY 67228 -8355840 -8355840[0m
[00:01:07.236,633] [0m<inf> exp02_logging: XY 67236 -8355840 -8355840[0m
[00:01:07.244,689] [0m<inf> exp02_logging: XY 67244 -8355840 -8355840[0m
[00:01:07.252,685] [0m<inf> exp02_logging: XY 67252 -8355840 -8355840[0m
[00:01:07.260,711] [0m<inf> exp02_logging: XY 67260 -8355840 -8355840[0m
[00:01:07.268,737] [0m<inf> exp02_logging: XY 67268 -8355840 -8355840[0m
[00:01:07.276,763] [0m<inf> exp02_logging: XY 67276 -8355840 -8355840[0m
[00:01:07.284,790] [0m<inf> exp02_logging: XY 67284 -8355840 -8355840[0m
[00:01:07.292,816] [0m<inf> exp02_logging: XY 67292 -8355840 -8355840[0m
[00:01:07.300,842] [0m<inf> exp02_logging: XY 67300 -8355840 -8355840[0m
[00:01:07.308,868] [0m<inf> exp02_logging: XY 67308 -8355840 -8355840[0m
[00:01:07.316,894] [0m<inf> exp02_logging: XY 67316 -8355840 -8355840[0m
[00:01:07.324,920] [0m<inf> exp02_logging: XY 67324 -8355840 -8355840[0m
[00:01:07.332,977] [0m<inf> exp02_logging: XY 67332 -8355840 -8355840[0m
[00:01:07.340,972] [0m<inf> exp02_logging: XY 67340 -8355840 -8355840[0m
[00:01:07.349,029] [0m<inf> exp02_logging: XY 67348 -8355840 -8355840[0m
[00:01:07.357,025] [0m<inf> exp02_logging: XY 67356 -8355840 -8355840[0m
[00:01:07.365,081] [0m<inf> exp02_logging: XY 67365 -8355840 -8355840[0m
[00:01:07.373,077] [0m<inf> exp02_logging: XY 67373 -8355840 -8355840[0m
[00:01:07.381,134] [0m<inf> exp02_logging: XY 67381 -8355840 -8355840[0m
[00:01:07.389,129] [0m<inf> exp02_logging: XY 67389 -8355840 -8355840[0m
[00:01:07.397,186] [0m<inf> exp02_logging: XY 67397 -8355840 -8355840[0m
[00:01:07.405,181] [0m<inf> exp02_logging: XY 67405 -8355840 -8355840[0m
[00:01:07.413,238] [0m<inf> exp02_logging: XY 67413 -8355840 -8355840[0m
[00:01:07.421,234] [0m<inf> exp02_logging: XY 67421 -8355840 -8355840[0m
[00:01:07.429,290] [0m<inf> exp02_logging: XY 67429 -8355840 -8355840[0m
[00:01:07.437,286] [0m<inf> exp02_logging: XY 67437 -8355840 -8355840[0m
[00:01:07.445,343] [0m<inf> exp02_logging: XY 67445 -8355840 -8355840[0m
[00:01:07.453,338] [0m<inf> exp02_logging: XY 67453 -8355840 -8355840[0m
[00:01:07.461,395] [0m<inf> exp02_logging: XY 67461 -8355840 -8355840[0m
[00:01:07.469,390] [0m<inf> exp02_logging: XY 67469 -8355840 -8355840[0m
[00:01:07.477,447] [0m<inf> exp02_logging: XY 67477 -8355840 -8355840[0m
[00:01:07.485,443] [0m<inf> exp02_logging: XY 67485 -8355840 -8355840[0m
[00:01:07.493,499] [0m<inf> exp02_logging: XY 67493 -8355840 -8355840[0m
[00:01:07.501,495] [0m<inf> exp02_logging: XY 67501 -8355840 -8355840[0m
[00:01:07.509,552] [0m<inf> exp02_logging: XY 67509 -8355840 -8355840[0m
[00:01:07.517,547] [0m<inf> exp02_logging: XY 67517 -8355840 -8355840[0m
[00:01:07.525,604] [0m<inf> exp02_logging: XY 67525 -8355840 -8355840[0m
[00:01:07.533,599] [0m<inf> exp02_logging: XY 67533 -8355840 -8355840[0m
[00:01:07.541,656] [0m<inf> exp02_logging: XY 67541 -8355840 -8355840[0m
[00:01:07.549,652] [0m<inf> exp02_logging: XY 67549 -8355840 -8355840[0m
[00:01:07.557,708] [0m<inf> exp02_logging: XY 67557 -8355840 -8355840[0m
[00:01:07.565,704] [0m<inf> exp02_logging: XY 67565 -8355840 -8355840[0m
[00:01:07.573,760] [0m<inf> exp02_logging: XY 67573 -8355840 -8355840[0m
[00:01:07.581,756] [0m<inf> exp02_logging: XY 67581 -8355840 -8355840[0m
[00:01:07.589,813] [0m<inf> exp02_logging: XY 67589 -8355840 -8355840[0m
[00:01:07.597,808] [0m<inf> exp02_logging: XY 67597 -8355840 -8355840[0m
[00:01:07.605,865] [0m<inf> exp02_logging: XY 67605 -8355840 -8355840[0m
[00:01:07.613,861] [0m<inf> exp02_logging: XY 67613 -8355840 -8355840[0m
[00:01:07.621,917] [0m<inf> exp02_logging: XY 67621 -8355840 -8355840[0m
[00:01:07.629,913] [0m<inf> exp02_logging: XY 67629 -8355840 -8355840[0m
[00:01:07.637,969] [0m<inf> exp02_logging: XY 67637 -8355840 -8355840[0m
[00:01:07.645,965] [0m<inf> exp02_logging: XY 67645 -8355840 -8355840[0m
[00:01:07.654,022] [0m<inf> exp02_logging: XY 67653 -8355840 -8355840[0m
[00:01:07.662,017] [0m<inf> exp02_logging: XY 67662 -8355840 -8355840[0m
[00:01:07.670,074] [0m<inf> exp02_logging: XY 67670 -8355840 -8355840[0m
[00:01:07.678,070] [0m<inf> exp02_logging: XY 67678 -8355840 -8355840[0m
[00:01:07.686,126] [0m<inf> exp02_logging: XY 67686 -8355840 -8355840[0m
[00:01:07.694,122] [0m<inf> exp02_logging: XY 67694 -8355840 -8355840[0m
[00:01:07.702,178] [0m<inf> exp02_logging: XY 67702 -8355840 -8355840[0m
[00:01:07.710,174] [0m<inf> exp02_logging: XY 67710 -8355840 -8355840[0m
[00:01:07.718,231] [0m<inf> exp02_logging: XY 67718 -8355840 -8355840[0m
[00:01:07.726,226] [0m<inf> exp02_logging: XY 67726 -8355840 -8355840[0m
[00:01:07.734,283] [0m<inf> exp02_logging: XY 67734 -8355840 -8355840[0m
[00:01:07.742,279] [0m<inf> exp02_logging: XY 67742 -8355840 -8355840[0m
[00:01:07.750,335] [0m<inf> exp02_logging: XY 67750 -8355840 -8355840[0m
[00:01:07.758,331] [0m<inf> exp02_logging: XY 67758 -8355840 -8355840[0m
[00:01:07.766,387] [0m<inf> exp02_logging: XY 67766 -8355840 -8355840[0m
[00:01:07.774,383] [0m<inf> exp02_logging: XY 67774 -8355840 -8355840[0m
[00:01:07.782,440] [0m<inf> exp02_logging: XY 67782 -8355840 -8355840[0m
[00:01:07.790,435] [0m<inf> exp02_logging: XY 67790 -8355840 -8355840[0m
[00:01:07.798,492] [0m<inf> exp02_logging: XY 67798 -8355840 -8355840[0m
[00:01:07.806,488] [0m<inf> exp02_logging: XY 67806 -8355840 -8355840[0m
[00:01:07.814,544] [0m<inf> exp02_logging: XY 67814 -8355840 -8355840[0m
[00:01:07.822,540] [0m<inf> exp02_logging: XY 67822 -8355840 -8355840[0m
[00:01:07.830,596] [0m<inf> exp02_logging: XY 67830 -8355840 -8355840[0m
[00:01:07.838,592] [0m<inf> exp02_logging: XY 67838 -8355840 -8355840[0m
[00:01:07.846,649] [0m<inf> exp02_logging: XY 67846 -8355840 -8355840[0m
[00:01:07.854,644] [0m<inf> exp02_logging: XY 67854 -8355840 -8355840[0m
[00:01:07.862,701] [0m<inf> exp02_logging: XY 67862 -8355840 -8355840[0m
[00:01:07.870,697] [0m<inf> exp02_logging: XY 67870 -8355840 -8355840[0m
[00:01:07.878,753] [0m<inf> exp02_logging: XY 67878 -8355840 -8355840[0m
[00:01:07.886,749] [0m<inf> exp02_logging: XY 67886 -8355840 -8355840[0m
[00:01:07.894,805] [0m<inf> exp02_logging: XY 67894 -8355840 -8355840[0m
[00:01:07.902,801] [0m<inf> exp02_logging: XY 67902 -8355840 -8355840[0m
[00:01:07.910,858] [0m<inf> exp02_logging: XY 67910 -8355840 -8355840[0m
[00:01:07.918,853] [0m<inf> exp02_logging: XY 67918 -8355840 -8355840[0m
[00:01:07.926,910] [0m<inf> exp02_logging: XY 67926 -8355840 -8355840[0m
[00:01:07.934,906] [0m<inf> exp02_logging: XY 67934 -8355840 -8355840[0m
[00:01:07.942,962] [0m<inf> exp02_logging: XY 67942 -8355840 -8355840[0m
[00:01:07.950,958] [0m<inf> exp02_logging: XY 67950 -8355840 -8355840[0m
[00:01:07.959,014] [0m<inf> exp02_logging: XY 67958 -8355840 -8355840[0m
[00:01:07.967,010] [0m<inf> exp02_logging: XY 67966 -8355840 -8355840[0m
[00:01:07.975,067] [0m<inf> exp02_logging: XY 67975 -8355840 -8355840[0m
[00:01:07.983,062] [0m<inf> exp02_logging: XY 67983 -8355840 -8355840[0m
[00:01:07.991,119] [0m<inf> exp02_logging: XY 67991 -8355840 -8355840[0m
[00:01:07.999,114] [0m<inf> exp02_logging: XY 67999 -8355840 -8355840[0m
[00:01:08.007,171] [0m<inf> exp02_logging: XY 68007 -8355840 -8355840[0m
[00:01:08.015,167] [0m<inf> exp02_logging: XY 68015 -8355840 -8355840[0m
[00:01:08.023,223] [0m<inf> exp02_logging: XY 68023 -8355840 -8355840[0m
[00:01:08.031,219] [0m<inf> exp02_logging: XY 68031 -8355840 -8355840[0m
[00:01:08.039,276] [0m<inf> exp02_logging: XY 68039 -8355840 -8355840[0m
[00:01:08.047,271] [0m<inf> exp02_logging: XY 68047 -8355840 -8355840[0m
[00:01:08.055,328] [0m<inf> exp02_logging: XY 68055 -8355840 -8355840[0m
[00:01:08.063,323] [0m<inf> exp02_logging: XY 68063 -8355840 -8355840[0m
[00:01:08.071,380] [0m<inf> exp02_logging: XY 68071 -8355840 -8355840[0m
[00:01:08.079,376] [0m<inf> exp02_logging: XY 68079 -8355840 -8355840[0m
[00:01:08.087,432] [0m<inf> exp02_logging: XY 68087 -8355840 -8355840[0m
[00:01:08.095,428] [0m<inf> exp02_logging: XY 68095 -8355840 -8355840[0m
[00:01:08.103,485] [0m<inf> exp02_logging: XY 68103 -8355840 -8355840[0m
[00:01:08.111,480] [0m<inf> exp02_logging: XY 68111 -8355840 -8355840[0m
[00:01:08.119,537] [0m<inf> exp02_logging: XY 68119 -8355840 -8355840[0m
[00:01:08.127,532] [0m<inf> exp02_logging: XY 68127 -8355840 -8355840[0m
[00:01:08.135,589] [0m<inf> exp02_logging: XY 68135 -8355840 -8355840[0m
[00:01:08.143,585] [0m<inf> exp02_logging: XY 68143 -8355840 -8355840[0m
[00:01:08.151,641] [0m<inf> exp02_logging: XY 68151 -8355840 -8355840[0m
[00:01:08.159,637] [0m<inf> exp02_logging: XY 68159 -8355840 -8355840[0m
[00:01:08.167,694] [0m<inf> exp02_logging: XY 68167 -8355840 -8355840[0m
[00:01:08.175,689] [0m<inf> exp02_logging: XY 68175 -8355840 -8355840[0m
[00:01:08.183,746] [0m<inf> exp02_logging: XY 68183 -8355840 -8355840[0m
[00:01:08.191,741] [0m<inf> exp02_logging: XY 68191 -8355840 -8355840[0m
[00:01:08.199,798] [0m<inf> exp02_logging: XY 68199 -8355840 -8355840[0m
[00:01:08.207,794] [0m<inf> exp02_logging: XY 68207 -8355840 -8355840[0m
[00:01:08.215,850] [0m<inf> exp02_logging: XY 68215 -8355840 -8355840[0m
[00:01:08.223,846] [0m<inf> exp02_logging: XY 68223 -8355840 -8355840[0m
[00:01:08.231,872] [0m<inf> exp02_logging: XY 68231 -8355840 -8355840[0m
[00:01:08.239,898] [0m<inf> exp02_logging: XY 68239 -8355840 -8355840[0m
[00:01:08.247,955] [0m<inf> exp02_logging: XY 68247 -8355840 -8355840[0m
[00:01:08.255,950] [0m<inf> exp02_logging: XY 68255 -8355840 -8355840[0m
[00:01:08.264,007] [0m<inf> exp02_logging: XY 68263 -8355840 -8355840[0m
[00:01:08.272,003] [0m<inf> exp02_logging: XY 68271 -8355840 -8355840[0m
[00:01:08.280,059] [0m<inf> exp02_logging: XY 68280 -8355840 -8355840[0m
[00:01:08.288,055] [0m<inf> exp02_logging: XY 68288 -8355840 -8355840[0m
[00:01:08.296,112] [0m<inf> exp02_logging: XY 68296 -8355840 -8355840[0m
[00:01:08.304,107] [0m<inf> exp02_logging: XY 68304 -8355840 -8355840[0m
[00:01:08.312,164] [0m<inf> exp02_logging: XY 68312 -8355840 -8355840[0m
[00:01:08.320,159] [0m<inf> exp02_logging: XY 68320 -8355840 -8355840[0m
[00:01:08.328,216] [0m<inf> exp02_logging: XY 68328 -8355840 -8355840[0m
[00:01:08.336,212] [0m<inf> exp02_logging: XY 68336 -8355840 -8355840[0m
[00:01:08.344,268] [0m<inf> exp02_logging: XY 68344 -8355840 -8355840[0m
[00:01:08.352,264] [0m<inf> exp02_logging: XY 68352 -8355840 -8355840[0m
[00:01:08.360,321] [0m<inf> exp02_logging: XY 68360 -8355840 -8355840[0m
[00:01:08.368,316] [0m<inf> exp02_logging: XY 68368 -8355840 -8355840[0m
[00:01:08.376,373] [0m<inf> exp02_logging: XY 68376 -8355840 -8355840[0m
[00:01:08.384,368] [0m<inf> exp02_logging: XY 68384 -8355840 -8355840[0m
[00:01:08.392,425] [0m<inf> exp02_logging: XY 68392 -8355840 -8355840[0m
[00:01:08.400,421] [0m<inf> exp02_logging: XY 68400 -8355840 -8355840[0m
[00:01:08.408,477] [0m<inf> exp02_logging: XY 68408 -8355840 -8355840[0m
[00:01:08.416,473] [0m<inf> exp02_logging: XY 68416 -8355840 -8355840[0m
[00:01:08.424,499] [0m<inf> exp02_logging: XY 68424 -8355840 -8355840[0m
[00:01:08.432,525] [0m<inf> exp02_logging: XY 68432 -8355840 -8355840[0m
[00:01:08.440,582] [0m<inf> exp02_logging: XY 68440 -8355840 -8355840[0m
[00:01:08.448,577] [0m<inf> exp02_logging: XY 68448 -8355840 -8355840[0m
[00:01:08.456,634] [0m<inf> exp02_logging: XY 68456 -8355840 -8355840[0m
[00:01:08.464,630] [0m<inf> exp02_logging: XY 68464 -8355840 -8355840[0m
[00:01:08.472,686] [0m<inf> exp02_logging: XY 68472 -8355840 -8355840[0m
[00:01:08.480,682] [0m<inf> exp02_logging: XY 68480 -8355840 -8355840[0m
[00:01:08.488,739] [0m<inf> exp02_logging: XY 68488 -8355840 -8355840[0m
[00:01:08.496,734] [0m<inf> exp02_logging: XY 68496 -8355840 -8355840[0m
[00:01:08.504,791] [0m<inf> exp02_logging: XY 68504 -8355840 -8355840[0m
[00:01:08.512,786] [0m<inf> exp02_logging: XY 68512 -8355840 -8355840[0m
[00:01:08.520,843] [0m<inf> exp02_logging: XY 68520 -8355840 -8355840[0m
[00:01:08.528,839] [0m<inf> exp02_logging: XY 68528 -8355840 -8355840[0m
[00:01:08.536,895] [0m<inf> exp02_logging: XY 68536 -8355840 -8355840[0m
[00:01:08.544,891] [0m<inf> exp02_logging: XY 68544 -8355840 -8355840[0m
[00:01:08.552,947] [0m<inf> exp02_logging: XY 68552 -8355840 -8355840[0m
[00:01:08.560,943] [0m<inf> exp02_logging: XY 68560 -8355840 -8355840[0m
[00:01:08.569,000] [0m<inf> exp02_logging: XY 68568 -8355840 -8355840[0m

### sent: tpoint idac 1500
tpoint idac 1500
idac = 1500 uA (ret 0)
[1;32muart:~$ [m[00:01:08.576,995] [0m<inf> exp02_logging: XY 68576 -8355840 -8355840[0m
[00:01:08.585,021] [0m<inf> exp02_logging: XY 68585 -8355840 -8355840[0m
[00:01:08.593,383] [0m<inf> exp02_logging: XY 68593 -8355840 -8355840[0m
[00:01:08.601,104] [0m<inf> exp02_logging: XY 68601 -8355840 -8355840[0m
[00:01:08.609,252] [0m<inf> exp02_logging: XY 68609 -8355840 -8355840[0m
[00:01:08.617,126] [0m<inf> exp02_logging: XY 68617 -8355840 -8355840[0m
[00:01:08.625,152] [0m<inf> exp02_logging: XY 68625 -8355840 -8355840[0m
[00:01:08.633,209] [0m<inf> exp02_logging: XY 68633 -8355840 -8355840[0m
[00:01:08.641,204] [0m<inf> exp02_logging: XY 68641 -8355840 -8355840[0m
[00:01:08.649,261] [0m<inf> exp02_logging: XY 68649 -8355840 -8355840[0m
[00:01:08.657,257] [0m<inf> exp02_logging: XY 68657 -8355840 -8355840[0m
[00:01:08.665,313] [0m<inf> exp02_logging: XY 68665 -8355840 -8355840[0m
[00:01:08.673,309] [0m<inf> exp02_logging: XY 68673 -8355840 -8355840[0m
[00:01:08.681,365] [0m<inf> exp02_logging: XY 68681 -8355840 -8355840[0m
[00:01:08.689,361] [0m<inf> exp02_logging: XY 68689 -8355840 -8355840[0m
[00:01:08.697,418] [0m<inf> exp02_logging: XY 68697 -8355840 -8355840[0m
[00:01:08.705,413] [0m<inf> exp02_logging: XY 68705 -8355840 -8355840[0m
[00:01:08.713,470] [0m<inf> exp02_logging: XY 68713 -8355840 -8355840[0m
[00:01:08.721,466] [0m<inf> exp02_logging: XY 68721 -8355840 -8355840[0m
[00:01:08.729,522] [0m<inf> exp02_logging: XY 68729 -8355840 -8355840[0m
[00:01:08.737,518] [0m<inf> exp02_logging: XY 68737 -8355840 -8355840[0m
[00:01:08.745,574] [0m<inf> exp02_logging: XY 68745 -8355840 -8355840[0m
[00:01:08.753,570] [0m<inf> exp02_logging: XY 68753 -8355840 -8355840[0m
[00:01:08.761,627] [0m<inf> exp02_logging: XY 68761 -8355840 -8355840[0m
[00:01:08.769,622] [0m<inf> exp02_logging: XY 68769 -8355840 -8355840[0m
[00:01:08.777,679] [0m<inf> exp02_logging: XY 68777 -8355840 -8355840[0m
[00:01:08.785,675] [0m<inf> exp02_logging: XY 68785 -8355840 -8355840[0m
[00:01:08.793,731] [0m<inf> exp02_logging: XY 68793 -8355840 -8355840[0m
[00:01:08.801,727] [0m<inf> exp02_logging: XY 68801 -8355840 -8355840[0m
[00:01:08.809,783] [0m<inf> exp02_logging: XY 68809 -8355840 -8355840[0m
[00:01:08.817,779] [0m<inf> exp02_logging: XY 68817 -8355840 -8355840[0m
[00:01:08.825,836] [0m<inf> exp02_logging: XY 68825 -8355840 -8355840[0m
[00:01:08.833,831] [0m<inf> exp02_logging: XY 68833 -8355840 -8355840[0m
[00:01:08.841,888] [0m<inf> exp02_logging: XY 68841 -8355840 -8355840[0m
[00:01:08.849,884] [0m<inf> exp02_logging: XY 68849 -8355840 -8355840[0m
[00:01:08.857,940] [0m<inf> exp02_logging: XY 68857 -8355840 -8355840[0m
[00:01:08.865,936] [0m<inf> exp02_logging: XY 68865 -8355840 -8355840[0m
[00:01:08.873,992] [0m<inf> exp02_logging: XY 68873 -8355840 -8355840[0m
[00:01:08.881,988] [0m<inf> exp02_logging: XY 68881 -8355840 -8355840[0m
[00:01:08.890,045] [0m<inf> exp02_logging: XY 68890 -8355840 -8355840[0m
[00:01:08.898,040] [0m<inf> exp02_logging: XY 68898 -8355840 -8355840[0m
[00:01:08.906,097] [0m<inf> exp02_logging: XY 68906 -8355840 -8355840[0m
[00:01:08.914,093] [0m<inf> exp02_logging: XY 68914 -8355840 -8355840[0m
[00:01:08.922,149] [0m<inf> exp02_logging: XY 68922 -8355840 -8355840[0m
[00:01:08.930,145] [0m<inf> exp02_logging: XY 68930 -8355840 -8355840[0m
[00:01:08.938,201] [0m<inf> exp02_logging: XY 68938 -8355840 -8355840[0m
[00:01:08.946,197] [0m<inf> exp02_logging: XY 68946 -8355840 -8355840[0m
[00:01:08.954,254] [0m<inf> exp02_logging: XY 68954 -8355840 -8355840[0m
[00:01:08.962,249] [0m<inf> exp02_logging: XY 68962 -8355840 -8355840[0m
[00:01:08.970,306] [0m<inf> exp02_logging: XY 68970 -8355840 -8355840[0m
[00:01:08.978,302] [0m<inf> exp02_logging: XY 68978 -8355840 -8355840[0m
[00:01:08.986,358] [0m<inf> exp02_logging: XY 68986 -8355840 -8355840[0m
[00:01:08.994,354] [0m<inf> exp02_logging: XY 68994 -8355840 -8355840[0m
[00:01:09.002,410] [0m<inf> exp02_logging: XY 69002 -8355840 -8355840[0m
[00:01:09.010,406] [0m<inf> exp02_logging: XY 69010 -8355840 -8355840[0m
[00:01:09.018,463] [0m<inf> exp02_logging: XY 69018 -8355840 -8355840[0m
[00:01:09.026,458] [0m<inf> exp02_logging: XY 69026 -8355840 -8355840[0m
[00:01:09.034,515] [0m<inf> exp02_logging: XY 69034 -8355840 -8355840[0m
[00:01:09.042,510] [0m<inf> exp02_logging: XY 69042 -8355840 -8355840[0m
[00:01:09.050,567] [0m<inf> exp02_logging: XY 69050 -8355840 -8355840[0m
[00:01:09.058,563] [0m<inf> exp02_logging: XY 69058 -8355840 -8355840[0m
[00:01:09.066,619] [0m<inf> exp02_logging: XY 69066 -8355840 -8355840[0m
[00:01:09.074,615] [0m<inf> exp02_logging: XY 69074 -8355840 -8355840[0m
[00:01:09.082,672] [0m<inf> exp02_logging: XY 69082 -8355840 -8355840[0m
[00:01:09.090,667] [0m<inf> exp02_logging: XY 69090 -8355840 -8355840[0m
[00:01:09.098,724] [0m<inf> exp02_logging: XY 69098 -8355840 -8355840[0m
[00:01:09.106,719] [0m<inf> exp02_logging: XY 69106 -8355840 -8355840[0m
[00:01:09.114,776] [0m<inf> exp02_logging: XY 69114 -8355840 -8355840[0m
[00:01:09.122,772] [0m<inf> exp02_logging: XY 69122 -8355840 -8355840[0m
[00:01:09.130,828] [0m<inf> exp02_logging: XY 69130 -8355840 -8355840[0m
[00:01:09.138,824] [0m<inf> exp02_logging: XY 69138 -8355840 -8355840[0m
[00:01:09.146,881] [0m<inf> exp02_logging: XY 69146 -8355840 -8355840[0m
[00:01:09.154,876] [0m<inf> exp02_logging: XY 69154 -8355840 -8355840[0m
[00:01:09.162,933] [0m<inf> exp02_logging: XY 69162 -8355840 -8355840[0m
[00:01:09.170,928] [0m<inf> exp02_logging: XY 69170 -8355840 -8355840[0m
[00:01:09.178,985] [0m<inf> exp02_logging: XY 69178 -8355840 -8355840[0m
[00:01:09.186,981] [0m<inf> exp02_logging: XY 69186 -8355840 -8355840[0m
[00:01:09.195,037] [0m<inf> exp02_logging: XY 69195 -8355840 -8355840[0m
[00:01:09.203,033] [0m<inf> exp02_logging: XY 69203 -8355840 -8355840[0m
[00:01:09.211,090] [0m<inf> exp02_logging: XY 69211 -8355840 -8355840[0m
[00:01:09.219,085] [0m<inf> exp02_logging: XY 69219 -8355840 -8355840[0m
[00:01:09.227,111] [0m<inf> exp02_logging: XY 69227 -8355840 -8355840[0m
[00:01:09.235,137] [0m<inf> exp02_logging: XY 69235 -8355840 -8355840[0m
[00:01:09.243,194] [0m<inf> exp02_logging: XY 69243 -8355840 -8355840[0m
[00:01:09.251,190] [0m<inf> exp02_logging: XY 69251 -8355840 -8355840[0m
[00:01:09.259,246] [0m<inf> exp02_logging: XY 69259 -8355840 -8355840[0m
[00:01:09.267,242] [0m<inf> exp02_logging: XY 69267 -8355840 -8355840[0m
[00:01:09.275,299] [0m<inf> exp02_logging: XY 69275 -8355840 -8355840[0m
[00:01:09.283,294] [0m<inf> exp02_logging: XY 69283 -8355840 -8355840[0m
[00:01:09.291,351] [0m<inf> exp02_logging: XY 69291 -8355840 -8355840[0m
[00:01:09.299,346] [0m<inf> exp02_logging: XY 69299 -8355840 -8355840[0m
[00:01:09.307,403] [0m<inf> exp02_logging: XY 69307 -8355840 -8355840[0m
[00:01:09.315,399] [0m<inf> exp02_logging: XY 69315 -8355840 -8355840[0m
[00:01:09.323,425] [0m<inf> exp02_logging: XY 69323 -8355840 -8355840[0m
[00:01:09.331,451] [0m<inf> exp02_logging: XY 69331 -8355840 -8355840[0m
[00:01:09.339,508] [0m<inf> exp02_logging: XY 69339 -8355840 -8355840[0m
[00:01:09.347,503] [0m<inf> exp02_logging: XY 69347 -8355840 -8355840[0m
[00:01:09.355,560] [0m<inf> exp02_logging: XY 69355 -8355840 -8355840[0m
[00:01:09.363,555] [0m<inf> exp02_logging: XY 69363 -8355840 -8355840[0m
[00:01:09.371,612] [0m<inf> exp02_logging: XY 69371 -8355840 -8355840[0m
[00:01:09.379,608] [0m<inf> exp02_logging: XY 69379 -8355840 -8355840[0m
[00:01:09.387,664] [0m<inf> exp02_logging: XY 69387 -8355840 -8355840[0m
[00:01:09.395,660] [0m<inf> exp02_logging: XY 69395 -8355840 -8355840[0m
[00:01:09.403,717] [0m<inf> exp02_logging: XY 69403 -8355840 -8355840[0m
[00:01:09.411,712] [0m<inf> exp02_logging: XY 69411 -8355840 -8355840[0m
[00:01:09.419,738] [0m<inf> exp02_logging: XY 69419 -8355840 -8355840[0m
[00:01:09.427,764] [0m<inf> exp02_logging: XY 69427 -8355840 -8355840[0m
[00:01:09.435,821] [0m<inf> exp02_logging: XY 69435 -8355840 -8355840[0m
[00:01:09.443,817] [0m<inf> exp02_logging: XY 69443 -8355840 -8355840[0m
[00:01:09.451,873] [0m<inf> exp02_logging: XY 69451 -8355840 -8355840[0m
[00:01:09.459,869] [0m<inf> exp02_logging: XY 69459 -8355840 -8355840[0m
[00:01:09.467,926] [0m<inf> exp02_logging: XY 69467 -8355840 -8355840[0m
[00:01:09.475,921] [0m<inf> exp02_logging: XY 69475 -8355840 -8355840[0m
[00:01:09.483,978] [0m<inf> exp02_logging: XY 69483 -8355840 -8355840[0m
[00:01:09.491,973] [0m<inf> exp02_logging: XY 69491 -8355840 -8355840[0m
[00:01:09.500,030] [0m<inf> exp02_logging: XY 69500 -8355840 -8355840[0m
[00:01:09.508,026] [0m<inf> exp02_logging: XY 69507 -8355840 -8355840[0m
[00:01:09.516,082] [0m<inf> exp02_logging: XY 69516 -8355840 -8355840[0m
[00:01:09.524,078] [0m<inf> exp02_logging: XY 69524 -8355840 -8355840[0m
[00:01:09.532,135] [0m<inf> exp02_logging: XY 69532 -8355840 -8355840[0m
[00:01:09.540,130] [0m<inf> exp02_logging: XY 69540 -8355840 -8355840[0m
[00:01:09.548,187] [0m<inf> exp02_logging: XY 69548 -8355840 -8355840[0m
[00:01:09.556,182] [0m<inf> exp02_logging: XY 69556 -8355840 -8355840[0m
[00:01:09.564,239] [0m<inf> exp02_logging: XY 69564 -8355840 -8355840[0m
[00:01:09.572,235] [0m<inf> exp02_logging: XY 69572 -8355840 -8355840[0m
[00:01:09.580,291] [0m<inf> exp02_logging: XY 69580 -8355840 -8355840[0m
[00:01:09.588,287] [0m<inf> exp02_logging: XY 69588 -8355840 -8355840[0m
[00:01:09.596,343] [0m<inf> exp02_logging: XY 69596 -8355840 -8355840[0m
[00:01:09.604,339] [0m<inf> exp02_logging: XY 69604 -8355840 -8355840[0m
[00:01:09.612,396] [0m<inf> exp02_logging: XY 69612 -8355840 -8355840[0m
[00:01:09.620,391] [0m<inf> exp02_logging: XY 69620 -8355840 -8355840[0m
[00:01:09.628,448] [0m<inf> exp02_logging: XY 69628 -8355840 -8355840[0m
[00:01:09.636,444] [0m<inf> exp02_logging: XY 69636 -8355840 -8355840[0m
[00:01:09.644,500] [0m<inf> exp02_logging: XY 69644 -8355840 -8355840[0m
[00:01:09.652,496] [0m<inf> exp02_logging: XY 69652 -8355840 -8355840[0m
[00:01:09.660,552] [0m<inf> exp02_logging: XY 69660 -8355840 -8355840[0m
[00:01:09.668,548] [0m<inf> exp02_logging: XY 69668 -8355840 -8355840[0m
[00:01:09.676,605] [0m<inf> exp02_logging: XY 69676 -8355840 -8355840[0m
[00:01:09.684,600] [0m<inf> exp02_logging: XY 69684 -8355840 -8355840[0m
[00:01:09.692,657] [0m<inf> exp02_logging: XY 69692 -8355840 -8355840[0m
[00:01:09.700,653] [0m<inf> exp02_logging: XY 69700 -8355840 -8355840[0m
[00:01:09.708,709] [0m<inf> exp02_logging: XY 69708 -8355840 -8355840[0m
[00:01:09.716,705] [0m<inf> exp02_logging: XY 69716 -8355840 -8355840[0m
[00:01:09.724,761] [0m<inf> exp02_logging: XY 69724 -8355840 -8355840[0m
[00:01:09.732,757] [0m<inf> exp02_logging: XY 69732 -8355840 -8355840[0m
[00:01:09.740,814] [0m<inf> exp02_logging: XY 69740 -8355840 -8355840[0m
[00:01:09.748,809] [0m<inf> exp02_logging: XY 69748 -8355840 -8355840[0m
[00:01:09.756,866] [0m<inf> exp02_logging: XY 69756 -8355840 -8355840[0m
[00:01:09.764,862] [0m<inf> exp02_logging: XY 69764 -8355840 -8355840[0m
[00:01:09.772,918] [0m<inf> exp02_logging: XY 69772 -8355840 -8355840[0m
[00:01:09.780,914] [0m<inf> exp02_logging: XY 69780 -8355840 -8355840[0m
[00:01:09.788,970] [0m<inf> exp02_logging: XY 69788 -8355840 -8355840[0m
[00:01:09.796,966] [0m<inf> exp02_logging: XY 69796 -8355840 -8355840[0m
[00:01:09.805,023] [0m<inf> exp02_logging: XY 69804 -8355840 -8355840[0m
[00:01:09.813,018] [0m<inf> exp02_logging: XY 69813 -8355840 -8355840[0m
[00:01:09.821,075] [0m<inf> exp02_logging: XY 69821 -8355840 -8355840[0m
[00:01:09.829,071] [0m<inf> exp02_logging: XY 69829 -8355840 -8355840[0m
[00:01:09.837,127] [0m<inf> exp02_logging: XY 69837 -8355840 -8355840[0m
[00:01:09.845,123] [0m<inf> exp02_logging: XY 69845 -8355840 -8355840[0m
[00:01:09.853,179] [0m<inf> exp02_logging: XY 69853 -8355840 -8355840[0m
[00:01:09.861,175] [0m<inf> exp02_logging: XY 69861 -8355840 -8355840[0m
[00:01:09.869,232] [0m<inf> exp02_logging: XY 69869 -8355840 -8355840[0m
[00:01:09.877,227] [0m<inf> exp02_logging: XY 69877 -8355840 -8355840[0m
[00:01:09.885,284] [0m<inf> exp02_logging: XY 69885 -8355840 -8355840[0m
[00:01:09.893,280] [0m<inf> exp02_logging: XY 69893 -8355840 -8355840[0m
[00:01:09.901,336] [0m<inf> exp02_logging: XY 69901 -8355840 -8355840[0m
[00:01:09.909,332] [0m<inf> exp02_logging: XY 69909 -8355840 -8355840[0m
[00:01:09.917,388] [0m<inf> exp02_logging: XY 69917 -8355840 -8355840[0m
[00:01:09.925,384] [0m<inf> exp02_logging: XY 69925 -8355840 -8355840[0m
[00:01:09.933,441] [0m<inf> exp02_logging: XY 69933 -8355840 -8355840[0m
[00:01:09.941,436] [0m<inf> exp02_logging: XY 69941 -8355840 -8355840[0m
[00:01:09.949,493] [0m<inf> exp02_logging: XY 69949 -8355840 -8355840[0m
[00:01:09.957,489] [0m<inf> exp02_logging: XY 69957 -8355840 -8355840[0m
[00:01:09.965,545] [0m<inf> exp02_logging: XY 69965 -8355840 -8355840[0m
[00:01:09.973,541] [0m<inf> exp02_logging: XY 69973 -8355840 -8355840[0m
[00:01:09.981,597] [0m<inf> exp02_logging: XY 69981 -8355840 -8355840[0m
[00:01:09.989,593] [0m<inf> exp02_logging: XY 69989 -8355840 -8355840[0m
[00:01:09.997,650] [0m<inf> exp02_logging: XY 69997 -8355840 -8355840[0m
[00:01:10.005,645] [0m<inf> exp02_logging: XY 70005 -8355840 -8355840[0m
[00:01:10.013,702] [0m<inf> exp02_logging: XY 70013 -8355840 -8355840[0m
[00:01:10.021,697] [0m<inf> exp02_logging: XY 70021 -8355840 -8355840[0m
[00:01:10.029,754] [0m<inf> exp02_logging: XY 70029 -8355840 -8355840[0m
[00:01:10.037,750] [0m<inf> exp02_logging: XY 70037 -8355840 -8355840[0m
[00:01:10.045,806] [0m<inf> exp02_logging: XY 70045 -8355840 -8355840[0m
[00:01:10.053,802] [0m<inf> exp02_logging: XY 70053 -8355840 -8355840[0m
[00:01:10.061,859] [0m<inf> exp02_logging: XY 70061 -8355840 -8355840[0m
[00:01:10.069,854] [0m<inf> exp02_logging: XY 70069 -8355840 -8355840[0m
[00:01:10.077,911] [0m<inf> exp02_logging: XY 70077 -8355840 -8355840[0m
[00:01:10.085,906] [0m<inf> exp02_logging: XY 70085 -8355840 -8355840[0m
[00:01:10.093,963] [0m<inf> exp02_logging: XY 70093 -8355840 -8355840[0m
[00:01:10.101,959] [0m<inf> exp02_logging: XY 70101 -8355840 -8355840[0m
[00:01:10.110,015] [0m<inf> exp02_logging: XY 70109 -8355840 -8355840[0m
[00:01:10.118,011] [0m<inf> exp02_logging: XY 70118 -8355840 -8355840[0m
[00:01:10.126,068] [0m<inf> exp02_logging: XY 70126 -8355840 -8355840[0m
[00:01:10.134,063] [0m<inf> exp02_logging: XY 70134 -8355840 -8355840[0m
[00:01:10.142,120] [0m<inf> exp02_logging: XY 70142 -8355840 -8355840[0m
[00:01:10.150,115] [0m<inf> exp02_logging: XY 70150 -8355840 -8355840[0m
[00:01:10.158,172] [0m<inf> exp02_logging: XY 70158 -8355840 -8355840[0m
[00:01:10.166,168] [0m<inf> exp02_logging: XY 70166 -8355840 -8355840[0m
[00:01:10.174,224] [0m<inf> exp02_logging: XY 70174 -8355840 -8355840[0m
[00:01:10.182,220] [0m<inf> exp02_logging: XY 70182 -8355840 -8355840[0m
[00:01:10.190,277] [0m<inf> exp02_logging: XY 70190 -8355840 -8355840[0m
[00:01:10.198,272] [0m<inf> exp02_logging: XY 70198 -8355840 -8355840[0m
[00:01:10.206,329] [0m<inf> exp02_logging: XY 70206 -8355840 -8355840[0m
[00:01:10.214,324] [0m<inf> exp02_logging: XY 70214 -8355840 -8355840[0m
[00:01:10.222,381] [0m<inf> exp02_logging: XY 70222 -8355840 -8355840[0m
[00:01:10.230,377] [0m<inf> exp02_logging: XY 70230 -8355840 -8355840[0m
[00:01:10.238,433] [0m<inf> exp02_logging: XY 70238 -8355840 -8355840[0m
[00:01:10.246,429] [0m<inf> exp02_logging: XY 70246 -8355840 -8355840[0m
[00:01:10.254,486] [0m<inf> exp02_logging: XY 70254 -8355840 -8355840[0m
[00:01:10.262,481] [0m<inf> exp02_logging: XY 70262 -8355840 -8355840[0m
[00:01:10.270,538] [0m<inf> exp02_logging: XY 70270 -8355840 -8355840[0m
[00:01:10.278,533] [0m<inf> exp02_logging: XY 70278 -8355840 -8355840[0m
[00:01:10.286,590] [0m<inf> exp02_logging: XY 70286 -8355840 -8355840[0m
[00:01:10.294,586] [0m<inf> exp02_logging: XY 70294 -8355840 -8355840[0m
[00:01:10.302,642] [0m<inf> exp02_logging: XY 70302 -8355840 -8355840[0m
[00:01:10.310,638] [0m<inf> exp02_logging: XY 70310 -8355840 -8355840[0m
[00:01:10.318,695] [0m<inf> exp02_logging: XY 70318 -8355840 -8355840[0m
[00:01:10.326,690] [0m<inf> exp02_logging: XY 70326 -8355840 -8355840[0m
[00:01:10.334,747] [0m<inf> exp02_logging: XY 70334 -8355840 -8355840[0m
[00:01:10.342,742] [0m<inf> exp02_logging: XY 70342 -8355840 -8355840[0m
[00:01:10.350,799] [0m<inf> exp02_logging: XY 70350 -8355840 -8355840[0m
[00:01:10.358,795] [0m<inf> exp02_logging: XY 70358 -8355840 -8355840[0m
[00:01:10.366,851] [0m<inf> exp02_logging: XY 70366 -8355840 -8355840[0m
[00:01:10.374,847] [0m<inf> exp02_logging: XY 70374 -8355840 -8355840[0m
[00:01:10.382,904] [0m<inf> exp02_logging: XY 70382 -8355840 -8355840[0m
[00:01:10.390,899] [0m<inf> exp02_logging: XY 70390 -8355840 -8355840[0m
[00:01:10.398,956] [0m<inf> exp02_logging: XY 70398 -8355840 -8355840[0m
[00:01:10.406,951] [0m<inf> exp02_logging: XY 70406 -8355840 -8355840[0m
[00:01:10.415,008] [0m<inf> exp02_logging: XY 70414 -8355840 -8355840[0m
[00:01:10.423,004] [0m<inf> exp02_logging: XY 70423 -8355840 -8355840[0m
[00:01:10.431,060] [0m<inf> exp02_logging: XY 70431 -8355840 -8355840[0m
[00:01:10.439,056] [0m<inf> exp02_logging: XY 70439 -8355840 -8355840[0m
[00:01:10.447,113] [0m<inf> exp02_logging: XY 70447 -8355840 -8355840[0m
[00:01:10.455,108] [0m<inf> exp02_logging: XY 70455 -8355840 -8355840[0m
[00:01:10.463,165] [0m<inf> exp02_logging: XY 70463 -8355840 -8355840[0m
[00:01:10.471,160] [0m<inf> exp02_logging: XY 70471 -8355840 -8355840[0m
[00:01:10.479,217] [0m<inf> exp02_logging: XY 70479 -8355840 -8355840[0m
[00:01:10.487,213] [0m<inf> exp02_logging: XY 70487 -8355840 -8355840[0m
[00:01:10.495,269] [0m<inf> exp02_logging: XY 70495 -8355840 -8355840[0m
[00:01:10.503,265] [0m<inf> exp02_logging: XY 70503 -8355840 -8355840[0m
[00:01:10.511,322] [0m<inf> exp02_logging: XY 70511 -8355840 -8355840[0m
[00:01:10.519,317] [0m<inf> exp02_logging: XY 70519 -8355840 -8355840[0m
[00:01:10.527,374] [0m<inf> exp02_logging: XY 70527 -8355840 -8355840[0m
[00:01:10.535,369] [0m<inf> exp02_logging: XY 70535 -8355840 -8355840[0m
[00:01:10.543,426] [0m<inf> exp02_logging: XY 70543 -8355840 -8355840[0m
[00:01:10.551,422] [0m<inf> exp02_logging: XY 70551 -8355840 -8355840[0m
[00:01:10.559,478] [0m<inf> exp02_logging: XY 70559 -8355840 -8355840[0m
[00:01:10.567,474] [0m<inf> exp02_logging: XY 70567 -8355840 -8355840[0m
[00:01:10.575,531] [0m<inf> exp02_logging: XY 70575 -8355840 -8355840[0m
[00:01:10.583,526] [0m<inf> exp02_logging: XY 70583 -8355840 -8355840[0m
[00:01:10.591,583] [0m<inf> exp02_logging: XY 70591 -8355840 -8355840[0m
[00:01:10.599,578] [0m<inf> exp02_logging: XY 70599 -8355840 -8355840[0m
[00:01:10.607,635] [0m<inf> exp02_logging: XY 70607 -8355840 -8355840[0m
[00:01:10.615,631] [0m<inf> exp02_logging: XY 70615 -8355840 -8355840[0m
[00:01:10.623,687] [0m<inf> exp02_logging: XY 70623 -8355840 -8355840[0m
[00:01:10.631,683] [0m<inf> exp02_logging: XY 70631 -8355840 -8355840[0m
[00:01:10.639,739] [0m<inf> exp02_logging: XY 70639 -8355840 -8355840[0m
[00:01:10.647,735] [0m<inf> exp02_logging: XY 70647 -8355840 -8355840[0m
[00:01:10.655,792] [0m<inf> exp02_logging: XY 70655 -8355840 -8355840[0m
[00:01:10.663,787] [0m<inf> exp02_logging: XY 70663 -8355840 -8355840[0m
[00:01:10.671,844] [0m<inf> exp02_logging: XY 70671 -8355840 -8355840[0m
[00:01:10.679,840] [0m<inf> exp02_logging: XY 70679 -8355840 -8355840[0m
[00:01:10.687,896] [0m<inf> exp02_logging: XY 70687 -8355840 -8355840[0m
[00:01:10.695,892] [0m<inf> exp02_logging: XY 70695 -8355840 -8355840[0m
[00:01:10.703,948] [0m<inf> exp02_logging: XY 70703 -8355840 -8355840[0m
[00:01:10.711,944] [0m<inf> exp02_logging: XY 70711 -8355840 -8355840[0m
[00:01:10.720,001] [0m<inf> exp02_logging: XY 70719 -8355840 -8355840[0m
[00:01:10.727,996] [0m<inf> exp02_logging: XY 70727 -8355840 -8355840[0m
[00:01:10.736,053] [0m<inf> exp02_logging: XY 70736 -8355840 -8355840[0m
[00:01:10.744,049] [0m<inf> exp02_logging: XY 70744 -8355840 -8355840[0m
[00:01:10.752,105] [0m<inf> exp02_logging: XY 70752 -8355840 -8355840[0m
[00:01:10.760,101] [0m<inf> exp02_logging: XY 70760 -8355840 -8355840[0m
[00:01:10.768,157] [0m<inf> exp02_logging: XY 70768 -8355840 -8355840[0m
[00:01:10.776,153] [0m<inf> exp02_logging: XY 70776 -8355840 -8355840[0m
[00:01:10.784,210] [0m<inf> exp02_logging: XY 70784 -8355840 -8355840[0m
[00:01:10.792,205] [0m<inf> exp02_logging: XY 70792 -8355840 -8355840[0m
[00:01:10.800,262] [0m<inf> exp02_logging: XY 70800 -8355840 -8355840[0m
[00:01:10.808,258] [0m<inf> exp02_logging: XY 70808 -8355840 -8355840[0m
[00:01:10.816,314] [0m<inf> exp02_logging: XY 70816 -8355840 -8355840[0m
[00:01:10.824,310] [0m<inf> exp02_logging: XY 70824 -8355840 -8355840[0m
[00:01:10.832,366] [0m<inf> exp02_logging: XY 70832 -8355840 -8355840[0m
[00:01:10.840,362] [0m<inf> exp02_logging: XY 70840 -8355840 -8355840[0m
[00:01:10.848,419] [0m<inf> exp02_logging: XY 70848 -8355840 -8355840[0m
[00:01:10.856,414] [0m<inf> exp02_logging: XY 70856 -8355840 -8355840[0m
[00:01:10.864,471] [0m<inf> exp02_logging: XY 70864 -8355840 -8355840[0m
[00:01:10.872,467] [0m<inf> exp02_logging: XY 70872 -8355840 -8355840[0m
[00:01:10.880,523] [0m<inf> exp02_logging: XY 70880 -8355840 -8355840[0m
[00:01:10.888,519] [0m<inf> exp02_logging: XY 70888 -8355840 -8355840[0m
[00:01:10.896,575] [0m<inf> exp02_logging: XY 70896 -8355840 -8355840[0m
[00:01:10.904,571] [0m<inf> exp02_logging: XY 70904 -8355840 -8355840[0m
[00:01:10.912,628] [0m<inf> exp02_logging: XY 70912 -8355840 -8355840[0m
[00:01:10.920,623] [0m<inf> exp02_logging: XY 70920 -8355840 -8355840[0m
[00:01:10.928,680] [0m<inf> exp02_logging: XY 70928 -8355840 -8355840[0m
[00:01:10.936,676] [0m<inf> exp02_logging: XY 70936 -8355840 -8355840[0m
[00:01:10.944,732] [0m<inf> exp02_logging: XY 70944 -8355840 -8355840[0m
[00:01:10.952,728] [0m<inf> exp02_logging: XY 70952 -8355840 -8355840[0m
[00:01:10.960,784] [0m<inf> exp02_logging: XY 70960 -8355840 -8355840[0m
[00:01:10.968,780] [0m<inf> exp02_logging: XY 70968 -8355840 -8355840[0m
[00:01:10.976,837] [0m<inf> exp02_logging: XY 70976 -8355840 -8355840[0m
[00:01:10.984,832] [0m<inf> exp02_logging: XY 70984 -8355840 -8355840[0m
[00:01:10.992,889] [0m<inf> exp02_logging: XY 70992 -8355840 -8355840[0m
[00:01:11.000,885] [0m<inf> exp02_logging: XY 71000 -8355840 -8355840[0m
[00:01:11.008,941] [0m<inf> exp02_logging: XY 71008 -8355840 -8355840[0m
[00:01:11.016,937] [0m<inf> exp02_logging: XY 71016 -8355840 -8355840[0m
[00:01:11.024,993] [0m<inf> exp02_logging: XY 71024 -8355840 -8355840[0m
[00:01:11.032,989] [0m<inf> exp02_logging: XY 71032 -8355840 -8355840[0m
[00:01:11.041,046] [0m<inf> exp02_logging: XY 71041 -8355840 -8355840[0m
[00:01:11.049,041] [0m<inf> exp02_logging: XY 71049 -8355840 -8355840[0m
[00:01:11.057,098] [0m<inf> exp02_logging: XY 71057 -8355840 -8355840[0m
[00:01:11.065,093] [0m<inf> exp02_logging: XY 71065 -8355840 -8355840[0m
[00:01:11.073,150] [0m<inf> exp02_logging: XY 71073 -8355840 -8355840[0m
[00:01:11.081,146] [0m<inf> exp02_logging: XY 71081 -8355840 -8355840[0m
[00:01:11.089,202] [0m<inf> exp02_logging: XY 71089 -8355840 -8355840[0m
[00:01:11.097,198] [0m<inf> exp02_logging: XY 71097 -8355840 -8355840[0m
[00:01:11.105,255] [0m<inf> exp02_logging: XY 71105 -8355840 -8355840[0m
[00:01:11.113,250] [0m<inf> exp02_logging: XY 71113 -8355840 -8355840[0m
[00:01:11.121,307] [0m<inf> exp02_logging: XY 71121 -8355840 -8355840[0m
[00:01:11.129,302] [0m<inf> exp02_logging: XY 71129 -8355840 -8355840[0m
[00:01:11.137,359] [0m<inf> exp02_logging: XY 71137 -8355840 -8355840[0m
[00:01:11.145,355] [0m<inf> exp02_logging: XY 71145 -8355840 -8355840[0m
[00:01:11.153,411] [0m<inf> exp02_logging: XY 71153 -8355840 -8355840[0m
[00:01:11.161,407] [0m<inf> exp02_logging: XY 71161 -8355840 -8355840[0m
[00:01:11.169,464] [0m<inf> exp02_logging: XY 71169 -8355840 -8355840[0m
[00:01:11.177,459] [0m<inf> exp02_logging: XY 71177 -8355840 -8355840[0m
[00:01:11.185,516] [0m<inf> exp02_logging: XY 71185 -8355840 -8355840[0m
[00:01:11.193,511] [0m<inf> exp02_logging: XY 71193 -8355840 -8355840[0m
[00:01:11.201,568] [0m<inf> exp02_logging: XY 71201 -8355840 -8355840[0m
[00:01:11.209,564] [0m<inf> exp02_logging: XY 71209 -8355840 -8355840[0m
[00:01:11.217,620] [0m<inf> exp02_logging: XY 71217 -8355840 -8355840[0m
[00:01:11.225,616] [0m<inf> exp02_logging: XY 71225 -8355840 -8355840[0m
[00:01:11.233,673] [0m<inf> exp02_logging: XY 71233 -8355840 -8355840[0m
[00:01:11.241,668] [0m<inf> exp02_logging: XY 71241 -8355840 -8355840[0m
[00:01:11.249,725] [0m<inf> exp02_logging: XY 71249 -8355840 -8355840[0m
[00:01:11.257,720] [0m<inf> exp02_logging: XY 71257 -8355840 -8355840[0m
[00:01:11.265,777] [0m<inf> exp02_logging: XY 71265 -8355840 -8355840[0m
[00:01:11.273,773] [0m<inf> exp02_logging: XY 71273 -8355840 -8355840[0m
[00:01:11.281,829] [0m<inf> exp02_logging: XY 71281 -8355840 -8355840[0m
[00:01:11.289,825] [0m<inf> exp02_logging: XY 71289 -8355840 -8355840[0m
[00:01:11.297,882] [0m<inf> exp02_logging: XY 71297 -8355840 -8355840[0m
[00:01:11.305,877] [0m<inf> exp02_logging: XY 71305 -8355840 -8355840[0m
[00:01:11.313,903] [0m<inf> exp02_logging: XY 71313 -8355840 -8355840[0m
[00:01:11.321,929] [0m<inf> exp02_logging: XY 71321 -8355840 -8355840[0m
[00:01:11.329,956] [0m<inf> exp02_logging: XY 71329 -8355840 -8355840[0m
[00:01:11.337,982] [0m<inf> exp02_logging: XY 71337 -8355840 -8355840[0m
[00:01:11.346,038] [0m<inf> exp02_logging: XY 71346 -8355840 -8355840[0m
[00:01:11.354,034] [0m<inf> exp02_logging: XY 71354 -8355840 -8355840[0m
[00:01:11.362,091] [0m<inf> exp02_logging: XY 71362 -8355840 -8355840[0m
[00:01:11.370,086] [0m<inf> exp02_logging: XY 71370 -8355840 -8355840[0m
[00:01:11.378,143] [0m<inf> exp02_logging: XY 71378 -8355840 -8355840[0m
[00:01:11.386,138] [0m<inf> exp02_logging: XY 71386 -8355840 -8355840[0m
[00:01:11.394,195] [0m<inf> exp02_logging: XY 71394 -8355840 -8355840[0m
[00:01:11.402,191] [0m<inf> exp02_logging: XY 71402 -8355840 -8355840[0m
[00:01:11.410,247] [0m<inf> exp02_logging: XY 71410 -8355840 -8355840[0m
[00:01:11.418,243] [0m<inf> exp02_logging: XY 71418 -8355840 -8355840[0m
[00:01:11.426,300] [0m<inf> exp02_logging: XY 71426 -8355840 -8355840[0m
[00:01:11.434,295] [0m<inf> exp02_logging: XY 71434 -8355840 -8355840[0m
[00:01:11.442,352] [0m<inf> exp02_logging: XY 71442 -8355840 -8355840[0m
[00:01:11.450,347] [0m<inf> exp02_logging: XY 71450 -8355840 -8355840[0m
[00:01:11.458,404] [0m<inf> exp02_logging: XY 71458 -8355840 -8355840[0m
[00:01:11.466,400] [0m<inf> exp02_logging: XY 71466 -8355840 -8355840[0m
[00:01:11.474,456] [0m<inf> exp02_logging: XY 71474 -8355840 -8355840[0m
[00:01:11.482,452] [0m<inf> exp02_logging: XY 71482 -8355840 -8355840[0m
[00:01:11.490,509] [0m<inf> exp02_logging: XY 71490 -8355840 -8355840[0m
[00:01:11.498,504] [0m<inf> exp02_logging: XY 71498 -8355840 -8355840[0m
[00:01:11.506,561] [0m<inf> exp02_logging: XY 71506 -8355840 -8355840[0m
[00:01:11.514,556] [0m<inf> exp02_logging: XY 71514 -8355840 -8355840[0m
[00:01:11.522,613] [0m<inf> exp02_logging: XY 71522 -8355840 -8355840[0m
[00:01:11.530,609] [0m<inf> exp02_logging: XY 71530 -8355840 -8355840[0m
[00:01:11.538,665] [0m<inf> exp02_logging: XY 71538 -8355840 -8355840[0m
[00:01:11.546,661] [0m<inf> exp02_logging: XY 71546 -8355840 -8355840[0m
[00:01:11.554,718] [0m<inf> exp02_logging: XY 71554 -8355840 -8355840[0m
[00:01:11.562,713] [0m<inf> exp02_logging: XY 71562 -8355840 -8355840[0m
[00:01:11.570,770] [0m<inf> exp02_logging: XY 71570 -8355840 -8355840[0m
[00:01:11.578,765] [0m<inf> exp02_logging: XY 71578 -8355840 -8355840[0m
[00:01:11.586,822] [0m<inf> exp02_logging: XY 71586 -8355840 -8355840[0m
[00:01:11.594,818] [0m<inf> exp02_logging: XY 71594 -8355840 -8355840[0m
[00:01:11.602,874] [0m<inf> exp02_logging: XY 71602 -8355840 -8355840[0m
[00:01:11.610,870] [0m<inf> exp02_logging: XY 71610 -8355840 -8355840[0m
[00:01:11.618,927] [0m<inf> exp02_logging: XY 71618 -8355840 -8355840[0m
[00:01:11.626,922] [0m<inf> exp02_logging: XY 71626 -8355840 -8355840[0m
[00:01:11.634,979] [0m<inf> exp02_logging: XY 71634 -8355840 -8355840[0m
[00:01:11.642,974] [0m<inf> exp02_logging: XY 71642 -8355840 -8355840[0m
[00:01:11.651,031] [0m<inf> exp02_logging: XY 71651 -8355840 -8355840[0m
[00:01:11.659,027] [0m<inf> exp02_logging: XY 71659 -8355840 -8355840[0m
[00:01:11.667,083] [0m<inf> exp02_logging: XY 71667 -8355840 -8355840[0m
[00:01:11.675,079] [0m<inf> exp02_logging: XY 71675 -8355840 -8355840[0m
[00:01:11.683,135] [0m<inf> exp02_logging: XY 71683 -8355840 -8355840[0m
[00:01:11.691,131] [0m<inf> exp02_logging: XY 71691 -8355840 -8355840[0m
[00:01:11.699,188] [0m<inf> exp02_logging: XY 71699 -8355840 -8355840[0m
[00:01:11.707,183] [0m<inf> exp02_logging: XY 71707 -8355840 -8355840[0m
[00:01:11.715,240] [0m<inf> exp02_logging: XY 71715 -8355840 -8355840[0m
[00:01:11.723,236] [0m<inf> exp02_logging: XY 71723 -8355840 -8355840[0m
[00:01:11.731,292] [0m<inf> exp02_logging: XY 71731 -8355840 -8355840[0m
[00:01:11.739,288] [0m<inf> exp02_logging: XY 71739 -8355840 -8355840[0m
[00:01:11.747,344] [0m<inf> exp02_logging: XY 71747 -8355840 -8355840[0m
[00:01:11.755,340] [0m<inf> exp02_logging: XY 71755 -8355840 -8355840[0m
[00:01:11.763,397] [0m<inf> exp02_logging: XY 71763 -8355840 -8355840[0m
[00:01:11.771,392] [0m<inf> exp02_logging: XY 71771 -8355840 -8355840[0m
[00:01:11.779,449] [0m<inf> exp02_logging: XY 71779 -8355840 -8355840[0m
[00:01:11.787,445] [0m<inf> exp02_logging: XY 71787 -8355840 -8355840[0m
[00:01:11.795,501] [0m<inf> exp02_logging: XY 71795 -8355840 -8355840[0m
[00:01:11.803,497] [0m<inf> exp02_logging: XY 71803 -8355840 -8355840[0m
[00:01:11.811,553] [0m<inf> exp02_logging: XY 71811 -8355840 -8355840[0m
[00:01:11.819,549] [0m<inf> exp02_logging: XY 71819 -8355840 -8355840[0m
[00:01:11.827,606] [0m<inf> exp02_logging: XY 71827 -8355840 -8355840[0m
[00:01:11.835,601] [0m<inf> exp02_logging: XY 71835 -8355840 -8355840[0m
[00:01:11.843,658] [0m<inf> exp02_logging: XY 71843 -8355840 -8355840[0m
[00:01:11.851,654] [0m<inf> exp02_logging: XY 71851 -8355840 -8355840[0m
[00:01:11.859,710] [0m<inf> exp02_logging: XY 71859 -8355840 -8355840[0m
[00:01:11.867,706] [0m<inf> exp02_logging: XY 71867 -8355840 -8355840[0m
[00:01:11.875,762] [0m<inf> exp02_logging: XY 71875 -8355840 -8355840[0m
[00:01:11.883,758] [0m<inf> exp02_logging: XY 71883 -8355840 -8355840[0m
[00:01:11.891,815] [0m<inf> exp02_logging: XY 71891 -8355840 -8355840[0m
[00:01:11.899,810] [0m<inf> exp02_logging: XY 71899 -8355840 -8355840[0m
[00:01:11.907,867] [0m<inf> exp02_logging: XY 71907 -8355840 -8355840[0m
[00:01:11.915,863] [0m<inf> exp02_logging: XY 71915 -8355840 -8355840[0m
[00:01:11.923,919] [0m<inf> exp02_logging: XY 71923 -8355840 -8355840[0m
[00:01:11.931,915] [0m<inf> exp02_logging: XY 71931 -8355840 -8355840[0m
[00:01:11.939,971] [0m<inf> exp02_logging: XY 71939 -8355840 -8355840[0m
[00:01:11.947,967] [0m<inf> exp02_logging: XY 71947 -8355840 -8355840[0m
[00:01:11.956,024] [0m<inf> exp02_logging: XY 71955 -8355840 -8355840[0m
[00:01:11.964,019] [0m<inf> exp02_logging: XY 71964 -8355840 -8355840[0m
[00:01:11.972,076] [0m<inf> exp02_logging: XY 71972 -8355840 -8355840[0m
[00:01:11.980,072] [0m<inf> exp02_logging: XY 71980 -8355840 -8355840[0m
[00:01:11.988,128] [0m<inf> exp02_logging: XY 71988 -8355840 -8355840[0m
[00:01:11.996,124] [0m<inf> exp02_logging: XY 71996 -8355840 -8355840[0m
[00:01:12.004,180] [0m<inf> exp02_logging: XY 72004 -8355840 -8355840[0m
[00:01:12.012,176] [0m<inf> exp02_logging: XY 72012 -8355840 -8355840[0m
[00:01:12.020,233] [0m<inf> exp02_logging: XY 72020 -8355840 -8355840[0m
[00:01:12.028,228] [0m<inf> exp02_logging: XY 72028 -8355840 -8355840[0m
[00:01:12.036,285] [0m<inf> exp02_logging: XY 72036 -8355840 -8355840[0m
[00:01:12.044,281] [0m<inf> exp02_logging: XY 72044 -8355840 -8355840[0m
[00:01:12.052,337] [0m<inf> exp02_logging: XY 72052 -8355840 -8355840[0m
[00:01:12.060,333] [0m<inf> exp02_logging: XY 72060 -8355840 -8355840[0m
[00:01:12.068,389] [0m<inf> exp02_logging: XY 72068 -8355840 -8355840[0m
[00:01:12.076,385] [0m<inf> exp02_logging: XY 72076 -8355840 -8355840[0m
[00:01:12.084,442] [0m<inf> exp02_logging: XY 72084 -8355840 -8355840[0m
[00:01:12.092,437] [0m<inf> exp02_logging: XY 72092 -8355840 -8355840[0m
[00:01:12.100,494] [0m<inf> exp02_logging: XY 72100 -8355840 -8355840[0m
[00:01:12.108,489] [0m<inf> exp02_logging: XY 72108 -8355840 -8355840[0m
[00:01:12.116,546] [0m<inf> exp02_logging: XY 72116 -8355840 -8355840[0m
[00:01:12.124,542] [0m<inf> exp02_logging: XY 72124 -8355840 -8355840[0m
[00:01:12.132,598] [0m<inf> exp02_logging: XY 72132 -8355840 -8355840[0m
[00:01:12.140,594] [0m<inf> exp02_logging: XY 72140 -8355840 -8355840[0m
[00:01:12.148,651] [0m<inf> exp02_logging: XY 72148 -8355840 -8355840[0m
[00:01:12.156,646] [0m<inf> exp02_logging: XY 72156 -8355840 -8355840[0m
[00:01:12.164,703] [0m<inf> exp02_logging: XY 72164 -8355840 -8355840[0m
[00:01:12.172,698] [0m<inf> exp02_logging: XY 72172 -8355840 -8355840[0m
[00:01:12.180,755] [0m<inf> exp02_logging: XY 72180 -8355840 -8355840[0m
[00:01:12.188,751] [0m<inf> exp02_logging: XY 72188 -8355840 -8355840[0m
[00:01:12.196,807] [0m<inf> exp02_logging: XY 72196 -8355840 -8355840[0m
[00:01:12.204,803] [0m<inf> exp02_logging: XY 72204 -8355840 -8355840[0m
[00:01:12.212,860] [0m<inf> exp02_logging: XY 72212 -8355840 -8355840[0m
[00:01:12.220,855] [0m<inf> exp02_logging: XY 72220 -8355840 -8355840[0m
[00:01:12.228,912] [0m<inf> exp02_logging: XY 72228 -8355840 -8355840[0m
[00:01:12.236,907] [0m<inf> exp02_logging: XY 72236 -8355840 -8355840[0m
[00:01:12.244,934] [0m<inf> exp02_logging: XY 72244 -8355840 -8355840[0m
[00:01:12.252,960] [0m<inf> exp02_logging: XY 72252 -8355840 -8355840[0m
[00:01:12.260,986] [0m<inf> exp02_logging: XY 72260 -8355840 -8355840[0m
[00:01:12.269,012] [0m<inf> exp02_logging: XY 72269 -8355840 -8355840[0m
[00:01:12.277,069] [0m<inf> exp02_logging: XY 72277 -8355840 -8355840[0m
[00:01:12.285,064] [0m<inf> exp02_logging: XY 72285 -8355840 -8355840[0m
[00:01:12.293,121] [0m<inf> exp02_logging: XY 72293 -8355840 -8355840[0m
[00:01:12.301,116] [0m<inf> exp02_logging: XY 72301 -8355840 -8355840[0m
[00:01:12.309,173] [0m<inf> exp02_logging: XY 72309 -8355840 -8355840[0m
[00:01:12.317,169] [0m<inf> exp02_logging: XY 72317 -8355840 -8355840[0m
[00:01:12.325,225] [0m<inf> exp02_logging: XY 72325 -8355840 -8355840[0m
[00:01:12.333,221] [0m<inf> exp02_logging: XY 72333 -8355840 -8355840[0m
[00:01:12.341,278] [0m<inf> exp02_logging: XY 72341 -8355840 -8355840[0m
[00:01:12.349,273] [0m<inf> exp02_logging: XY 72349 -8355840 -8355840[0m
[00:01:12.357,299] [0m<inf> exp02_logging: XY 72357 -8355840 -8355840[0m
[00:01:12.365,325] [0m<inf> exp02_logging: XY 72365 -8355840 -8355840[0m
[00:01:12.373,352] [0m<inf> exp02_logging: XY 72373 -8355840 -8355840[0m
[00:01:12.381,378] [0m<inf> exp02_logging: XY 72381 -8355840 -8355840[0m
[00:01:12.389,404] [0m<inf> exp02_logging: XY 72389 -8355840 -8355840[0m
[00:01:12.397,430] [0m<inf> exp02_logging: XY 72397 -8355840 -8355840[0m
[00:01:12.405,456] [0m<inf> exp02_logging: XY 72405 -8355840 -8355840[0m
[00:01:12.413,482] [0m<inf> exp02_logging: XY 72413 -8355840 -8355840[0m
[00:01:12.421,508] [0m<inf> exp02_logging: XY 72421 -8355840 -8355840[0m
[00:01:12.429,565] [0m<inf> exp02_logging: XY 72429 -8355840 -8355840[0m
[00:01:12.437,591] [0m<inf> exp02_logging: XY 72437 -8355840 -8355840[0m
[00:01:12.445,587] [0m<inf> exp02_logging: XY 72445 -8355840 -8355840[0m
[00:01:12.453,643] [0m<inf> exp02_logging: XY 72453 -8355840 -8355840[0m
[00:01:12.461,639] [0m<inf> exp02_logging: XY 72461 -8355840 -8355840[0m
[00:01:12.469,696] [0m<inf> exp02_logging: XY 72469 -8355840 -8355840[0m
[00:01:12.477,691] [0m<inf> exp02_logging: XY 72477 -8355840 -8355840[0m
[00:01:12.485,748] [0m<inf> exp02_logging: XY 72485 -8355840 -8355840[0m
[00:01:12.493,743] [0m<inf> exp02_logging: XY 72493 -8355840 -8355840[0m
[00:01:12.501,800] [0m<inf> exp02_logging: XY 72501 -8355840 -8355840[0m
[00:01:12.509,796] [0m<inf> exp02_logging: XY 72509 -8355840 -8355840[0m
[00:01:12.517,852] [0m<inf> exp02_logging: XY 72517 -8355840 -8355840[0m
[00:01:12.525,848] [0m<inf> exp02_logging: XY 72525 -8355840 -8355840[0m
[00:01:12.533,905] [0m<inf> exp02_logging: XY 72533 -8355840 -8355840[0m
[00:01:12.541,900] [0m<inf> exp02_logging: XY 72541 -8355840 -8355840[0m
[00:01:12.549,957] [0m<inf> exp02_logging: XY 72549 -8355840 -8355840[0m
[00:01:12.557,952] [0m<inf> exp02_logging: XY 72557 -8355840 -8355840[0m
[00:01:12.566,009] [0m<inf> exp02_logging: XY 72565 -8355840 -8355840[0m
[00:01:12.574,005] [0m<inf> exp02_logging: XY 72574 -8355840 -8355840[0m
[00:01:12.582,061] [0m<inf> exp02_logging: XY 72582 -8355840 -8355840[0m
[00:01:12.590,057] [0m<inf> exp02_logging: XY 72590 -8355840 -8355840[0m
[00:01:12.598,114] [0m<inf> exp02_logging: XY 72598 -8355840 -8355840[0m
[00:01:12.606,109] [0m<inf> exp02_logging: XY 72606 -8355840 -8355840[0m
[00:01:12.614,166] [0m<inf> exp02_logging: XY 72614 -8355840 -8355840[0m
[00:01:12.622,161] [0m<inf> exp02_logging: XY 72622 -8355840 -8355840[0m
[00:01:12.630,218] [0m<inf> exp02_logging: XY 72630 -8355840 -8355840[0m
[00:01:12.638,214] [0m<inf> exp02_logging: XY 72638 -8355840 -8355840[0m
[00:01:12.646,270] [0m<inf> exp02_logging: XY 72646 -8355840 -8355840[0m
[00:01:12.654,266] [0m<inf> exp02_logging: XY 72654 -8355840 -8355840[0m
[00:01:12.662,322] [0m<inf> exp02_logging: XY 72662 -8355840 -8355840[0m
[00:01:12.670,318] [0m<inf> exp02_logging: XY 72670 -8355840 -8355840[0m
[00:01:12.678,375] [0m<inf> exp02_logging: XY 72678 -8355840 -8355840[0m
[00:01:12.686,370] [0m<inf> exp02_logging: XY 72686 -8355840 -8355840[0m
[00:01:12.694,427] [0m<inf> exp02_logging: XY 72694 -8355840 -8355840[0m
[00:01:12.702,423] [0m<inf> exp02_logging: XY 72702 -8355840 -8355840[0m
[00:01:12.710,479] [0m<inf> exp02_logging: XY 72710 -8355840 -8355840[0m
[00:01:12.718,475] [0m<inf> exp02_logging: XY 72718 -8355840 -8355840[0m
[00:01:12.726,531] [0m<inf> exp02_logging: XY 72726 -8355840 -8355840[0m
[00:01:12.734,527] [0m<inf> exp02_logging: XY 72734 -8355840 -8355840[0m
[00:01:12.742,584] [0m<inf> exp02_logging: XY 72742 -8355840 -8355840[0m
[00:01:12.750,579] [0m<inf> exp02_logging: XY 72750 -8355840 -8355840[0m
[00:01:12.758,636] [0m<inf> exp02_logging: XY 72758 -8355840 -8355840[0m
[00:01:12.766,632] [0m<inf> exp02_logging: XY 72766 -8355840 -8355840[0m
[00:01:12.774,688] [0m<inf> exp02_logging: XY 72774 -8355840 -8355840[0m
[00:01:12.782,684] [0m<inf> exp02_logging: XY 72782 -8355840 -8355840[0m
[00:01:12.790,740] [0m<inf> exp02_logging: XY 72790 -8355840 -8355840[0m
[00:01:12.798,736] [0m<inf> exp02_logging: XY 72798 -8355840 -8355840[0m
[00:01:12.806,793] [0m<inf> exp02_logging: XY 72806 -8355840 -8355840[0m
[00:01:12.814,788] [0m<inf> exp02_logging: XY 72814 -8355840 -8355840[0m
[00:01:12.822,845] [0m<inf> exp02_logging: XY 72822 -8355840 -8355840[0m
[00:01:12.830,841] [0m<inf> exp02_logging: XY 72830 -8355840 -8355840[0m
[00:01:12.838,897] [0m<inf> exp02_logging: XY 72838 -8355840 -8355840[0m
[00:01:12.846,893] [0m<inf> exp02_logging: XY 72846 -8355840 -8355840[0m
[00:01:12.854,949] [0m<inf> exp02_logging: XY 72854 -8355840 -8355840[0m
[00:01:12.862,945] [0m<inf> exp02_logging: XY 72862 -8355840 -8355840[0m
[00:01:12.871,002] [0m<inf> exp02_logging: XY 72870 -8355840 -8355840[0m
[00:01:12.878,997] [0m<inf> exp02_logging: XY 72878 -8355840 -8355840[0m
[00:01:12.887,054] [0m<inf> exp02_logging: XY 72887 -8355840 -8355840[0m
[00:01:12.895,050] [0m<inf> exp02_logging: XY 72895 -8355840 -8355840[0m
[00:01:12.903,106] [0m<inf> exp02_logging: XY 72903 -8355840 -8355840[0m
[00:01:12.911,102] [0m<inf> exp02_logging: XY 72911 -8355840 -8355840[0m
[00:01:12.919,158] [0m<inf> exp02_logging: XY 72919 -8355840 -8355840[0m
[00:01:12.927,154] [0m<inf> exp02_logging: XY 72927 -8355840 -8355840[0m
[00:01:12.935,211] [0m<inf> exp02_logging: XY 72935 -8355840 -8355840[0m
[00:01:12.943,206] [0m<inf> exp02_logging: XY 72943 -8355840 -8355840[0m
[00:01:12.951,263] [0m<inf> exp02_logging: XY 72951 -8355840 -8355840[0m
[00:01:12.959,259] [0m<inf> exp02_logging: XY 72959 -8355840 -8355840[0m
[00:01:12.967,315] [0m<inf> exp02_logging: XY 72967 -8355840 -8355840[0m
[00:01:12.975,311] [0m<inf> exp02_logging: XY 72975 -8355840 -8355840[0m
[00:01:12.983,367] [0m<inf> exp02_logging: XY 72983 -8355840 -8355840[0m
[00:01:12.991,363] [0m<inf> exp02_logging: XY 72991 -8355840 -8355840[0m
[00:01:12.999,420] [0m<inf> exp02_logging: XY 72999 -8355840 -8355840[0m
[00:01:13.007,415] [0m<inf> exp02_logging: XY 73007 -8355840 -8355840[0m
[00:01:13.015,472] [0m<inf> exp02_logging: XY 73015 -8355840 -8355840[0m
[00:01:13.023,468] [0m<inf> exp02_logging: XY 73023 -8355840 -8355840[0m
[00:01:13.031,524] [0m<inf> exp02_logging: XY 73031 -8355840 -8355840[0m
[00:01:13.039,520] [0m<inf> exp02_logging: XY 73039 -8355840 -8355840[0m
[00:01:13.047,576] [0m<inf> exp02_logging: XY 73047 -8355840 -8355840[0m
[00:01:13.055,572] [0m<inf> exp02_logging: XY 73055 -8355840 -8355840[0m
[00:01:13.063,629] [0m<inf> exp02_logging: XY 73063 -8355840 -8355840[0m
[00:01:13.071,624] [0m<inf> exp02_logging: XY 73071 -8355840 -8355840[0m
[00:01:13.079,681] [0m<inf> exp02_logging: XY 73079 -8355840 -8355840[0m
[00:01:13.087,677] [0m<inf> exp02_logging: XY 73087 -8355840 -8355840[0m
[00:01:13.095,733] [0m<inf> exp02_logging: XY 73095 -8355840 -8355840[0m
[00:01:13.103,729] [0m<inf> exp02_logging: XY 73103 -8355840 -8355840[0m
[00:01:13.111,785] [0m<inf> exp02_logging: XY 73111 -8355840 -8355840[0m
[00:01:13.119,781] [0m<inf> exp02_logging: XY 73119 -8355840 -8355840[0m
[00:01:13.127,838] [0m<inf> exp02_logging: XY 73127 -8355840 -8355840[0m
[00:01:13.135,833] [0m<inf> exp02_logging: XY 73135 -8355840 -8355840[0m
[00:01:13.143,890] [0m<inf> exp02_logging: XY 73143 -8355840 -8355840[0m
[00:01:13.151,885] [0m<inf> exp02_logging: XY 73151 -8355840 -8355840[0m
[00:01:13.159,942] [0m<inf> exp02_logging: XY 73159 -8355840 -8355840[0m
[00:01:13.167,938] [0m<inf> exp02_logging: XY 73167 -8355840 -8355840[0m
[00:01:13.175,994] [0m<inf> exp02_logging: XY 73175 -8355840 -8355840[0m
[00:01:13.183,990] [0m<inf> exp02_logging: XY 73183 -8355840 -8355840[0m
[00:01:13.192,047] [0m<inf> exp02_logging: XY 73192 -8355840 -8355840[0m
[00:01:13.200,042] [0m<inf> exp02_logging: XY 73200 -8355840 -8355840[0m
[00:01:13.208,099] [0m<inf> exp02_logging: XY 73208 -8355840 -8355840[0m
[00:01:13.216,094] [0m<inf> exp02_logging: XY 73216 -8355840 -8355840[0m
[00:01:13.224,151] [0m<inf> exp02_logging: XY 73224 -8355840 -8355840[0m
[00:01:13.232,147] [0m<inf> exp02_logging: XY 73232 -8355840 -8355840[0m
[00:01:13.240,203] [0m<inf> exp02_logging: XY 73240 -8355840 -8355840[0m
[00:01:13.248,199] [0m<inf> exp02_logging: XY 73248 -8355840 -8355840[0m
[00:01:13.256,256] [0m<inf> exp02_logging: XY 73256 -8355840 -8355840[0m
[00:01:13.264,251] [0m<inf> exp02_logging: XY 73264 -8355840 -8355840[0m
[00:01:13.272,308] [0m<inf> exp02_logging: XY 73272 -8355840 -8355840[0m
[00:01:13.280,303] [0m<inf> exp02_logging: XY 73280 -8355840 -8355840[0m
[00:01:13.288,360] [0m<inf> exp02_logging: XY 73288 -8355840 -8355840[0m
[00:01:13.296,356] [0m<inf> exp02_logging: XY 73296 -8355840 -8355840[0m
[00:01:13.304,412] [0m<inf> exp02_logging: XY 73304 -8355840 -8355840[0m
[00:01:13.312,408] [0m<inf> exp02_logging: XY 73312 -8355840 -8355840[0m
[00:01:13.320,465] [0m<inf> exp02_logging: XY 73320 -8355840 -8355840[0m
[00:01:13.328,460] [0m<inf> exp02_logging: XY 73328 -8355840 -8355840[0m
[00:01:13.336,517] [0m<inf> exp02_logging: XY 73336 -8355840 -8355840[0m
[00:01:13.344,512] [0m<inf> exp02_logging: XY 73344 -8355840 -8355840[0m
[00:01:13.352,569] [0m<inf> exp02_logging: XY 73352 -8355840 -8355840[0m
[00:01:13.360,565] [0m<inf> exp02_logging: XY 73360 -8355840 -8355840[0m
[00:01:13.368,591] [0m<inf> exp02_logging: XY 73368 -8355840 -8355840[0m
[00:01:13.376,617] [0m<inf> exp02_logging: XY 73376 -8355840 -8355840[0m
[00:01:13.384,674] [0m<inf> exp02_logging: XY 73384 -8355840 -8355840[0m
[00:01:13.392,669] [0m<inf> exp02_logging: XY 73392 -8355840 -8355840[0m
[00:01:13.400,726] [0m<inf> exp02_logging: XY 73400 -8355840 -8355840[0m
[00:01:13.408,721] [0m<inf> exp02_logging: XY 73408 -8355840 -8355840[0m
[00:01:13.416,778] [0m<inf> exp02_logging: XY 73416 -8355840 -8355840[0m
[00:01:13.424,774] [0m<inf> exp02_logging: XY 73424 -8355840 -8355840[0m
[00:01:13.432,830] [0m<inf> exp02_logging: XY 73432 -8355840 -8355840[0m
[00:01:13.440,826] [0m<inf> exp02_logging: XY 73440 -8355840 -8355840[0m
[00:01:13.448,883] [0m<inf> exp02_logging: XY 73448 -8355840 -8355840[0m
[00:01:13.456,878] [0m<inf> exp02_logging: XY 73456 -8355840 -8355840[0m
[00:01:13.464,935] [0m<inf> exp02_logging: XY 73464 -8355840 -8355840[0m
[00:01:13.472,930] [0m<inf> exp02_logging: XY 73472 -8355840 -8355840[0m
[00:01:13.480,987] [0m<inf> exp02_logging: XY 73480 -8355840 -8355840[0m
[00:01:13.488,983] [0m<inf> exp02_logging: XY 73488 -8355840 -8355840[0m
[00:01:13.497,039] [0m<inf> exp02_logging: XY 73497 -8355840 -8355840[0m
[00:01:13.505,035] [0m<inf> exp02_logging: XY 73505 -8355840 -8355840[0m
[00:01:13.513,092] [0m<inf> exp02_logging: XY 73513 -8355840 -8355840[0m
[00:01:13.521,087] [0m<inf> exp02_logging: XY 73521 -8355840 -8355840[0m
[00:01:13.529,144] [0m<inf> exp02_logging: XY 73529 -8355840 -8355840[0m
[00:01:13.537,139] [0m<inf> exp02_logging: XY 73537 -8355840 -8355840[0m
[00:01:13.545,196] [0m<inf> exp02_logging: XY 73545 -8355840 -8355840[0m
[00:01:13.553,192] [0m<inf> exp02_logging: XY 73553 -8355840 -8355840[0m
[00:01:13.561,248] [0m<inf> exp02_logging: XY 73561 -8355840 -8355840[0m
[00:01:13.569,244] [0m<inf> exp02_logging: XY 73569 -8355840 -8355840[0m
[00:01:13.577,301] [0m<inf> exp02_logging: XY 73577 -8355840 -8355840[0m
[00:01:13.585,296] [0m<inf> exp02_logging: XY 73585 -8355840 -8355840[0m
[00:01:13.593,353] [0m<inf> exp02_logging: XY 73593 -8355840 -8355840[0m
[00:01:13.601,348] [0m<inf> exp02_logging: XY 73601 -8355840 -8355840[0m
[00:01:13.609,405] [0m<inf> exp02_logging: XY 73609 -8355840 -8355840[0m
[00:01:13.617,401] [0m<inf> exp02_logging: XY 73617 -8355840 -8355840[0m
[00:01:13.625,457] [0m<inf> exp02_logging: XY 73625 -8355840 -8355840[0m
[00:01:13.633,453] [0m<inf> exp02_logging: XY 73633 -8355840 -8355840[0m
[00:01:13.641,510] [0m<inf> exp02_logging: XY 73641 -8355840 -8355840[0m
[00:01:13.649,505] [0m<inf> exp02_logging: XY 73649 -8355840 -8355840[0m
[00:01:13.657,562] [0m<inf> exp02_logging: XY 73657 -8355840 -8355840[0m
[00:01:13.665,557] [0m<inf> exp02_logging: XY 73665 -8355840 -8355840[0m
[00:01:13.673,614] [0m<inf> exp02_logging: XY 73673 -8355840 -8355840[0m
[00:01:13.681,610] [0m<inf> exp02_logging: XY 73681 -8355840 -8355840[0m
[00:01:13.689,666] [0m<inf> exp02_logging: XY 73689 -8355840 -8355840[0m
[00:01:13.697,662] [0m<inf> exp02_logging: XY 73697 -8355840 -8355840[0m
[00:01:13.705,718] [0m<inf> exp02_logging: XY 73705 -8355840 -8355840[0m
[00:01:13.713,714] [0m<inf> exp02_logging: XY 73713 -8355840 -8355840[0m
[00:01:13.721,771] [0m<inf> exp02_logging: XY 73721 -8355840 -8355840[0m
[00:01:13.729,766] [0m<inf> exp02_logging: XY 73729 -8355840 -8355840[0m
[00:01:13.737,823] [0m<inf> exp02_logging: XY 73737 -8355840 -8355840[0m
[00:01:13.745,819] [0m<inf> exp02_logging: XY 73745 -8355840 -8355840[0m
[00:01:13.753,875] [0m<inf> exp02_logging: XY 73753 -8355840 -8355840[0m
[00:01:13.761,871] [0m<inf> exp02_logging: XY 73761 -8355840 -8355840[0m
[00:01:13.769,927] [0m<inf> exp02_logging: XY 73769 -8355840 -8355840[0m
[00:01:13.777,923] [0m<inf> exp02_logging: XY 73777 -8355840 -8355840[0m
[00:01:13.785,980] [0m<inf> exp02_logging: XY 73785 -8355840 -8355840[0m
[00:01:13.793,975] [0m<inf> exp02_logging: XY 73793 -8355840 -8355840[0m
[00:01:13.802,032] [0m<inf> exp02_logging: XY 73802 -8355840 -8355840[0m
[00:01:13.810,028] [0m<inf> exp02_logging: XY 73810 -8355840 -8355840[0m
[00:01:13.818,084] [0m<inf> exp02_logging: XY 73818 -8355840 -8355840[0m
[00:01:13.826,080] [0m<inf> exp02_logging: XY 73826 -8355840 -8355840[0m
[00:01:13.834,136] [0m<inf> exp02_logging: XY 73834 -8355840 -8355840[0m
[00:01:13.842,132] [0m<inf> exp02_logging: XY 73842 -8355840 -8355840[0m
[00:01:13.850,189] [0m<inf> exp02_logging: XY 73850 -8355840 -8355840[0m
[00:01:13.858,184] [0m<inf> exp02_logging: XY 73858 -8355840 -8355840[0m
[00:01:13.866,241] [0m<inf> exp02_logging: XY 73866 -8355840 -8355840[0m
[00:01:13.874,237] [0m<inf> exp02_logging: XY 73874 -8355840 -8355840[0m
[00:01:13.882,293] [0m<inf> exp02_logging: XY 73882 -8355840 -8355840[0m
[00:01:13.890,289] [0m<inf> exp02_logging: XY 73890 -8355840 -8355840[0m
[00:01:13.898,345] [0m<inf> exp02_logging: XY 73898 -8355840 -8355840[0m
[00:01:13.906,341] [0m<inf> exp02_logging: XY 73906 -8355840 -8355840[0m
[00:01:13.914,398] [0m<inf> exp02_logging: XY 73914 -8355840 -8355840[0m
[00:01:13.922,393] [0m<inf> exp02_logging: XY 73922 -8355840 -8355840[0m
[00:01:13.930,450] [0m<inf> exp02_logging: XY 73930 -8355840 -8355840[0m
[00:01:13.938,446] [0m<inf> exp02_logging: XY 73938 -8355840 -8355840[0m
[00:01:13.946,502] [0m<inf> exp02_logging: XY 73946 -8355840 -8355840[0m
[00:01:13.954,498] [0m<inf> exp02_logging: XY 73954 -8355840 -8355840[0m
[00:01:13.962,554] [0m<inf> exp02_logging: XY 73962 -8355840 -8355840[0m
[00:01:13.970,550] [0m<inf> exp02_logging: XY 73970 -8355840 -8355840[0m
[00:01:13.978,607] [0m<inf> exp02_logging: XY 73978 -8355840 -8355840[0m
[00:01:13.986,602] [0m<inf> exp02_logging: XY 73986 -8355840 -8355840[0m
[00:01:13.994,659] [0m<inf> exp02_logging: XY 73994 -8355840 -8355840[0m
[00:01:14.002,655] [0m<inf> exp02_logging: XY 74002 -8355840 -8355840[0m
[00:01:14.010,711] [0m<inf> exp02_logging: XY 74010 -8355840 -8355840[0m
[00:01:14.018,707] [0m<inf> exp02_logging: XY 74018 -8355840 -8355840[0m
[00:01:14.026,763] [0m<inf> exp02_logging: XY 74026 -8355840 -8355840[0m
[00:01:14.034,759] [0m<inf> exp02_logging: XY 74034 -8355840 -8355840[0m
[00:01:14.042,816] [0m<inf> exp02_logging: XY 74042 -8355840 -8355840[0m
[00:01:14.050,811] [0m<inf> exp02_logging: XY 74050 -8355840 -8355840[0m
[00:01:14.058,868] [0m<inf> exp02_logging: XY 74058 -8355840 -8355840[0m
[00:01:14.066,864] [0m<inf> exp02_logging: XY 74066 -8355840 -8355840[0m
[00:01:14.074,920] [0m<inf> exp02_logging: XY 74074 -8355840 -8355840[0m
[00:01:14.082,916] [0m<inf> exp02_logging: XY 74082 -8355840 -8355840[0m
[00:01:14.090,972] [0m<inf> exp02_logging: XY 74090 -8355840 -8355840[0m
[00:01:14.098,968] [0m<inf> exp02_logging: XY 74098 -8355840 -8355840[0m
[00:01:14.107,025] [0m<inf> exp02_logging: XY 74106 -8355840 -8355840[0m
[00:01:14.115,020] [0m<inf> exp02_logging: XY 74115 -8355840 -8355840[0m
[00:01:14.123,077] [0m<inf> exp02_logging: XY 74123 -8355840 -8355840[0m
[00:01:14.131,072] [0m<inf> exp02_logging: XY 74131 -8355840 -8355840[0m
[00:01:14.139,129] [0m<inf> exp02_logging: XY 74139 -8355840 -8355840[0m
[00:01:14.147,155] [0m<inf> exp02_logging: XY 74147 -8355840 -8355840[0m
[00:01:14.155,181] [0m<inf> exp02_logging: XY 74155 -8355840 -8355840[0m
[00:01:14.163,177] [0m<inf> exp02_logging: XY 74163 -8355840 -8355840[0m
[00:01:14.171,234] [0m<inf> exp02_logging: XY 74171 -8355840 -8355840[0m
[00:01:14.179,229] [0m<inf> exp02_logging: XY 74179 -8355840 -8355840[0m
[00:01:14.187,286] [0m<inf> exp02_logging: XY 74187 -8355840 -8355840[0m
[00:01:14.195,281] [0m<inf> exp02_logging: XY 74195 -8355840 -8355840[0m
[00:01:14.203,338] [0m<inf> exp02_logging: XY 74203 -8355840 -8355840[0m
[00:01:14.211,334] [0m<inf> exp02_logging: XY 74211 -8355840 -8355840[0m
[00:01:14.219,360] [0m<inf> exp02_logging: XY 74219 -8355840 -8355840[0m
[00:01:14.227,386] [0m<inf> exp02_logging: XY 74227 -8355840 -8355840[0m
[00:01:14.235,412] [0m<inf> exp02_logging: XY 74235 -8355840 -8355840[0m
[00:01:14.243,438] [0m<inf> exp02_logging: XY 74243 -8355840 -8355840[0m
[00:01:14.251,495] [0m<inf> exp02_logging: XY 74251 -8355840 -8355840[0m
[00:01:14.259,490] [0m<inf> exp02_logging: XY 74259 -8355840 -8355840[0m
[00:01:14.267,547] [0m<inf> exp02_logging: XY 74267 -8355840 -8355840[0m
[00:01:14.275,543] [0m<inf> exp02_logging: XY 74275 -8355840 -8355840[0m
[00:01:14.283,599] [0m<inf> exp02_logging: XY 74283 -8355840 -8355840[0m
[00:01:14.291,595] [0m<inf> exp02_logging: XY 74291 -8355840 -8355840[0m
[00:01:14.299,621] [0m<inf> exp02_logging: XY 74299 -8355840 -8355840[0m
[00:01:14.307,647] [0m<inf> exp02_logging: XY 74307 -8355840 -8355840[0m
[00:01:14.315,704] [0m<inf> exp02_logging: XY 74315 -8355840 -8355840[0m
[00:01:14.323,699] [0m<inf> exp02_logging: XY 74323 -8355840 -8355840[0m
[00:01:14.331,756] [0m<inf> exp02_logging: XY 74331 -8355840 -8355840[0m
[00:01:14.339,752] [0m<inf> exp02_logging: XY 74339 -8355840 -8355840[0m
[00:01:14.347,778] [0m<inf> exp02_logging: XY 74347 -8355840 -8355840[0m
[00:01:14.355,804] [0m<inf> exp02_logging: XY 74355 -8355840 -8355840[0m
[00:01:14.363,861] [0m<inf> exp02_logging: XY 74363 -8355840 -8355840[0m
[00:01:14.371,856] [0m<inf> exp02_logging: XY 74371 -8355840 -8355840[0m
[00:01:14.379,913] [0m<inf> exp02_logging: XY 74379 -8355840 -8355840[0m
[00:01:14.387,908] [0m<inf> exp02_logging: XY 74387 -8355840 -8355840[0m
[00:01:14.395,935] [0m<inf> exp02_logging: XY 74395 -8355840 -8355840[0m
[00:01:14.403,961] [0m<inf> exp02_logging: XY 74403 -8355840 -8355840[0m
[00:01:14.412,017] [0m<inf> exp02_logging: XY 74411 -8355840 -8355840[0m
[00:01:14.420,013] [0m<inf> exp02_logging: XY 74420 -8355840 -8355840[0m
[00:01:14.428,070] [0m<inf> exp02_logging: XY 74428 -8355840 -8355840[0m
[00:01:14.436,065] [0m<inf> exp02_logging: XY 74436 -8355840 -8355840[0m
[00:01:14.444,122] [0m<inf> exp02_logging: XY 74444 -8355840 -8355840[0m
[00:01:14.452,117] [0m<inf> exp02_logging: XY 74452 -8355840 -8355840[0m
[00:01:14.460,174] [0m<inf> exp02_logging: XY 74460 -8355840 -8355840[0m
[00:01:14.468,170] [0m<inf> exp02_logging: XY 74468 -8355840 -8355840[0m
[00:01:14.476,226] [0m<inf> exp02_logging: XY 74476 -8355840 -8355840[0m
[00:01:14.484,222] [0m<inf> exp02_logging: XY 74484 -8355840 -8355840[0m
[00:01:14.492,279] [0m<inf> exp02_logging: XY 74492 -8355840 -8355840[0m
[00:01:14.500,274] [0m<inf> exp02_logging: XY 74500 -8355840 -8355840[0m
[00:01:14.508,331] [0m<inf> exp02_logging: XY 74508 -8355840 -8355840[0m
[00:01:14.516,326] [0m<inf> exp02_logging: XY 74516 -8355840 -8355840[0m
[00:01:14.524,383] [0m<inf> exp02_logging: XY 74524 -8355840 -8355840[0m
[00:01:14.532,379] [0m<inf> exp02_logging: XY 74532 -8355840 -8355840[0m
[00:01:14.540,435] [0m<inf> exp02_logging: XY 74540 -8355840 -8355840[0m
[00:01:14.548,431] [0m<inf> exp02_logging: XY 74548 -8355840 -8355840[0m
[00:01:14.556,488] [0m<inf> exp02_logging: XY 74556 -8355840 -8355840[0m
[00:01:14.564,483] [0m<inf> exp02_logging: XY 74564 -8355840 -8355840[0m
[00:01:14.572,540] [0m<inf> exp02_logging: XY 74572 -8355840 -8355840[0m
[00:01:14.580,535] [0m<inf> exp02_logging: XY 74580 -8355840 -8355840[0m
[00:01:14.588,592] [0m<inf> exp02_logging: XY 74588 -8355840 -8355840[0m
[00:01:14.596,588] [0m<inf> exp02_logging: XY 74596 -8355840 -8355840[0m
[00:01:14.604,644] [0m<inf> exp02_logging: XY 74604 -8355840 -8355840[0m
[00:01:14.612,640] [0m<inf> exp02_logging: XY 74612 -8355840 -8355840[0m
[00:01:14.620,697] [0m<inf> exp02_logging: XY 74620 -8355840 -8355840[0m
[00:01:14.628,692] [0m<inf> exp02_logging: XY 74628 -8355840 -8355840[0m
[00:01:14.636,749] [0m<inf> exp02_logging: XY 74636 -8355840 -8355840[0m
[00:01:14.644,744] [0m<inf> exp02_logging: XY 74644 -8355840 -8355840[0m
[00:01:14.652,801] [0m<inf> exp02_logging: XY 74652 -8355840 -8355840[0m
[00:01:14.660,797] [0m<inf> exp02_logging: XY 74660 -8355840 -8355840[0m
[00:01:14.668,853] [0m<inf> exp02_logging: XY 74668 -8355840 -8355840[0m
[00:01:14.676,849] [0m<inf> exp02_logging: XY 74676 -8355840 -8355840[0m
[00:01:14.684,906] [0m<inf> exp02_logging: XY 74684 -8355840 -8355840[0m
[00:01:14.692,901] [0m<inf> exp02_logging: XY 74692 -8355840 -8355840[0m
[00:01:14.700,958] [0m<inf> exp02_logging: XY 74700 -8355840 -8355840[0m
[00:01:14.708,953] [0m<inf> exp02_logging: XY 74708 -8355840 -8355840[0m
[00:01:14.717,010] [0m<inf> exp02_logging: XY 74716 -8355840 -8355840[0m
[00:01:14.725,006] [0m<inf> exp02_logging: XY 74725 -8355840 -8355840[0m
[00:01:14.733,062] [0m<inf> exp02_logging: XY 74733 -8355840 -8355840[0m
[00:01:14.741,058] [0m<inf> exp02_logging: XY 74741 -8355840 -8355840[0m
[00:01:14.749,114] [0m<inf> exp02_logging: XY 74749 -8355840 -8355840[0m
[00:01:14.757,110] [0m<inf> exp02_logging: XY 74757 -8355840 -8355840[0m
[00:01:14.765,167] [0m<inf> exp02_logging: XY 74765 -8355840 -8355840[0m
[00:01:14.773,162] [0m<inf> exp02_logging: XY 74773 -8355840 -8355840[0m
[00:01:14.781,219] [0m<inf> exp02_logging: XY 74781 -8355840 -8355840[0m
[00:01:14.789,215] [0m<inf> exp02_logging: XY 74789 -8355840 -8355840[0m
[00:01:14.797,271] [0m<inf> exp02_logging: XY 74797 -8355840 -8355840[0m
[00:01:14.805,267] [0m<inf> exp02_logging: XY 74805 -8355840 -8355840[0m
[00:01:14.813,323] [0m<inf> exp02_logging: XY 74813 -8355840 -8355840[0m
[00:01:14.821,319] [0m<inf> exp02_logging: XY 74821 -8355840 -8355840[0m
[00:01:14.829,376] [0m<inf> exp02_logging: XY 74829 -8355840 -8355840[0m
[00:01:14.837,371] [0m<inf> exp02_logging: XY 74837 -8355840 -8355840[0m
[00:01:14.845,428] [0m<inf> exp02_logging: XY 74845 -8355840 -8355840[0m
[00:01:14.853,424] [0m<inf> exp02_logging: XY 74853 -8355840 -8355840[0m
[00:01:14.861,480] [0m<inf> exp02_logging: XY 74861 -8355840 -8355840[0m
[00:01:14.869,476] [0m<inf> exp02_logging: XY 74869 -8355840 -8355840[0m
[00:01:14.877,532] [0m<inf> exp02_logging: XY 74877 -8355840 -8355840[0m
[00:01:14.885,528] [0m<inf> exp02_logging: XY 74885 -8355840 -8355840[0m
[00:01:14.893,585] [0m<inf> exp02_logging: XY 74893 -8355840 -8355840[0m
[00:01:14.901,580] [0m<inf> exp02_logging: XY 74901 -8355840 -8355840[0m
[00:01:14.909,637] [0m<inf> exp02_logging: XY 74909 -8355840 -8355840[0m
[00:01:14.917,633] [0m<inf> exp02_logging: XY 74917 -8355840 -8355840[0m
[00:01:14.925,689] [0m<inf> exp02_logging: XY 74925 -8355840 -8355840[0m
[00:01:14.933,685] [0m<inf> exp02_logging: XY 74933 -8355840 -8355840[0m
[00:01:14.941,741] [0m<inf> exp02_logging: XY 74941 -8355840 -8355840[0m
[00:01:14.949,737] [0m<inf> exp02_logging: XY 74949 -8355840 -8355840[0m
[00:01:14.957,794] [0m<inf> exp02_logging: XY 74957 -8355840 -8355840[0m
[00:01:14.965,789] [0m<inf> exp02_logging: XY 74965 -8355840 -8355840[0m
[00:01:14.973,846] [0m<inf> exp02_logging: XY 74973 -8355840 -8355840[0m
[00:01:14.981,842] [0m<inf> exp02_logging: XY 74981 -8355840 -8355840[0m
[00:01:14.989,898] [0m<inf> exp02_logging: XY 74989 -8355840 -8355840[0m
[00:01:14.997,894] [0m<inf> exp02_logging: XY 74997 -8355840 -8355840[0m
[00:01:15.005,950] [0m<inf> exp02_logging: XY 75005 -8355840 -8355840[0m
[00:01:15.013,946] [0m<inf> exp02_logging: XY 75013 -8355840 -8355840[0m
[00:01:15.022,003] [0m<inf> exp02_logging: XY 75021 -8355840 -8355840[0m
[00:01:15.029,998] [0m<inf> exp02_logging: XY 75029 -8355840 -8355840[0m
[00:01:15.038,055] [0m<inf> exp02_logging: XY 75038 -8355840 -8355840[0m
[00:01:15.046,051] [0m<inf> exp02_logging: XY 75046 -8355840 -8355840[0m
[00:01:15.054,107] [0m<inf> exp02_logging: XY 75054 -8355840 -8355840[0m
[00:01:15.062,103] [0m<inf> exp02_logging: XY 75062 -8355840 -8355840[0m
[00:01:15.070,159] [0m<inf> exp02_logging: XY 75070 -8355840 -8355840[0m
[00:01:15.078,155] [0m<inf> exp02_logging: XY 75078 -8355840 -8355840[0m
[00:01:15.086,212] [0m<inf> exp02_logging: XY 75086 -8355840 -8355840[0m
[00:01:15.094,207] [0m<inf> exp02_logging: XY 75094 -8355840 -8355840[0m
[00:01:15.102,264] [0m<inf> exp02_logging: XY 75102 -8355840 -8355840[0m
[00:01:15.110,260] [0m<inf> exp02_logging: XY 75110 -8355840 -8355840[0m
[00:01:15.118,316] [0m<inf> exp02_logging: XY 75118 -8355840 -8355840[0m
[00:01:15.126,312] [0m<inf> exp02_logging: XY 75126 -8355840 -8355840[0m
[00:01:15.134,368] [0m<inf> exp02_logging: XY 75134 -8355840 -8355840[0m
[00:01:15.142,364] [0m<inf> exp02_logging: XY 75142 -8355840 -8355840[0m
[00:01:15.150,421] [0m<inf> exp02_logging: XY 75150 -8355840 -8355840[0m
[00:01:15.158,416] [0m<inf> exp02_logging: XY 75158 -8355840 -8355840[0m
[00:01:15.166,473] [0m<inf> exp02_logging: XY 75166 -8355840 -8355840[0m
[00:01:15.174,468] [0m<inf> exp02_logging: XY 75174 -8355840 -8355840[0m
[00:01:15.182,525] [0m<inf> exp02_logging: XY 75182 -8355840 -8355840[0m
[00:01:15.190,521] [0m<inf> exp02_logging: XY 75190 -8355840 -8355840[0m
[00:01:15.198,577] [0m<inf> exp02_logging: XY 75198 -8355840 -8355840[0m
[00:01:15.206,573] [0m<inf> exp02_logging: XY 75206 -8355840 -8355840[0m
[00:01:15.214,630] [0m<inf> exp02_logging: XY 75214 -8355840 -8355840[0m
[00:01:15.222,625] [0m<inf> exp02_logging: XY 75222 -8355840 -8355840[0m
[00:01:15.230,682] [0m<inf> exp02_logging: XY 75230 -8355840 -8355840[0m
[00:01:15.238,677] [0m<inf> exp02_logging: XY 75238 -8355840 -8355840[0m
[00:01:15.246,734] [0m<inf> exp02_logging: XY 75246 -8355840 -8355840[0m
[00:01:15.254,730] [0m<inf> exp02_logging: XY 75254 -8355840 -8355840[0m
[00:01:15.262,786] [0m<inf> exp02_logging: XY 75262 -8355840 -8355840[0m
[00:01:15.270,782] [0m<inf> exp02_logging: XY 75270 -8355840 -8355840[0m
[00:01:15.278,839] [0m<inf> exp02_logging: XY 75278 -8355840 -8355840[0m
[00:01:15.286,834] [0m<inf> exp02_logging: XY 75286 -8355840 -8355840[0m
[00:01:15.294,891] [0m<inf> exp02_logging: XY 75294 -8355840 -8355840[0m
[00:01:15.302,886] [0m<inf> exp02_logging: XY 75302 -8355840 -8355840[0m
[00:01:15.310,943] [0m<inf> exp02_logging: XY 75310 -8355840 -8355840[0m
[00:01:15.318,939] [0m<inf> exp02_logging: XY 75318 -8355840 -8355840[0m
[00:01:15.326,995] [0m<inf> exp02_logging: XY 75326 -8355840 -8355840[0m
[00:01:15.334,991] [0m<inf> exp02_logging: XY 75334 -8355840 -8355840[0m
[00:01:15.343,048] [0m<inf> exp02_logging: XY 75343 -8355840 -8355840[0m
[00:01:15.351,043] [0m<inf> exp02_logging: XY 75351 -8355840 -8355840[0m
[00:01:15.359,100] [0m<inf> exp02_logging: XY 75359 -8355840 -8355840[0m
[00:01:15.367,095] [0m<inf> exp02_logging: XY 75367 -8355840 -8355840[0m
[00:01:15.375,152] [0m<inf> exp02_logging: XY 75375 -8355840 -8355840[0m
[00:01:15.383,148] [0m<inf> exp02_logging: XY 75383 -8355840 -8355840[0m
[00:01:15.391,204] [0m<inf> exp02_logging: XY 75391 -8355840 -8355840[0m
[00:01:15.399,200] [0m<inf> exp02_logging: XY 75399 -8355840 -8355840[0m
[00:01:15.407,257] [0m<inf> exp02_logging: XY 75407 -8355840 -8355840[0m
[00:01:15.415,252] [0m<inf> exp02_logging: XY 75415 -8355840 -8355840[0m
[00:01:15.423,278] [0m<inf> exp02_logging: XY 75423 -8355840 -8355840[0m
[00:01:15.431,304] [0m<inf> exp02_logging: XY 75431 -8355840 -8355840[0m
[00:01:15.439,361] [0m<inf> exp02_logging: XY 75439 -8355840 -8355840[0m
[00:01:15.447,357] [0m<inf> exp02_logging: XY 75447 -8355840 -8355840[0m
[00:01:15.455,413] [0m<inf> exp02_logging: XY 75455 -8355840 -8355840[0m
[00:01:15.463,409] [0m<inf> exp02_logging: XY 75463 -8355840 -8355840[0m
[00:01:15.471,466] [0m<inf> exp02_logging: XY 75471 -8355840 -8355840[0m
[00:01:15.479,461] [0m<inf> exp02_logging: XY 75479 -8355840 -8355840[0m
[00:01:15.487,518] [0m<inf> exp02_logging: XY 75487 -8355840 -8355840[0m
[00:01:15.495,513] [0m<inf> exp02_logging: XY 75495 -8355840 -8355840[0m
[00:01:15.503,570] [0m<inf> exp02_logging: XY 75503 -8355840 -8355840[0m
[00:01:15.511,566] [0m<inf> exp02_logging: XY 75511 -8355840 -8355840[0m
[00:01:15.519,622] [0m<inf> exp02_logging: XY 75519 -8355840 -8355840[0m
[00:01:15.527,618] [0m<inf> exp02_logging: XY 75527 -8355840 -8355840[0m
[00:01:15.535,675] [0m<inf> exp02_logging: XY 75535 -8355840 -8355840[0m
[00:01:15.543,670] [0m<inf> exp02_logging: XY 75543 -8355840 -8355840[0m
[00:01:15.551,727] [0m<inf> exp02_logging: XY 75551 -8355840 -8355840[0m
[00:01:15.559,722] [0m<inf> exp02_logging: XY 75559 -8355840 -8355840[0m
[00:01:15.567,779] [0m<inf> exp02_logging: XY 75567 -8355840 -8355840[0m
[00:01:15.575,775] [0m<inf> exp02_logging: XY 75575 -8355840 -8355840[0m
[00:01:15.583,831] [0m<inf> exp02_logging: XY 75583 -8355840 -8355840[0m
[00:01:15.591,827] [0m<inf> exp02_logging: XY 75591 -8355840 -8355840[0m
[00:01:15.599,884] [0m<inf> exp02_logging: XY 75599 -8355840 -8355840[0m
[00:01:15.607,879] [0m<inf> exp02_logging: XY 75607 -8355840 -8355840[0m
[00:01:15.615,936] [0m<inf> exp02_logging: XY 75615 -8355840 -8355840[0m
[00:01:15.623,931] [0m<inf> exp02_logging: XY 75623 -8355840 -8355840[0m
[00:01:15.631,988] [0m<inf> exp02_logging: XY 75631 -8355840 -8355840[0m
[00:01:15.639,984] [0m<inf> exp02_logging: XY 75639 -8355840 -8355840[0m
[00:01:15.648,040] [0m<inf> exp02_logging: XY 75648 -8355840 -8355840[0m
[00:01:15.656,036] [0m<inf> exp02_logging: XY 75656 -8355840 -8355840[0m
[00:01:15.664,093] [0m<inf> exp02_logging: XY 75664 -8355840 -8355840[0m
[00:01:15.672,088] [0m<inf> exp02_logging: XY 75672 -8355840 -8355840[0m
[00:01:15.680,145] [0m<inf> exp02_logging: XY 75680 -8355840 -8355840[0m
[00:01:15.688,140] [0m<inf> exp02_logging: XY 75688 -8355840 -8355840[0m
[00:01:15.696,197] [0m<inf> exp02_logging: XY 75696 -8355840 -8355840[0m
[00:01:15.704,193] [0m<inf> exp02_logging: XY 75704 -8355840 -8355840[0m
[00:01:15.712,249] [0m<inf> exp02_logging: XY 75712 -8355840 -8355840[0m
[00:01:15.720,245] [0m<inf> exp02_logging: XY 75720 -8355840 -8355840[0m
[00:01:15.728,302] [0m<inf> exp02_logging: XY 75728 -8355840 -8355840[0m
[00:01:15.736,297] [0m<inf> exp02_logging: XY 75736 -8355840 -8355840[0m
[00:01:15.744,354] [0m<inf> exp02_logging: XY 75744 -8355840 -8355840[0m
[00:01:15.752,349] [0m<inf> exp02_logging: XY 75752 -8355840 -8355840[0m
[00:01:15.760,406] [0m<inf> exp02_logging: XY 75760 -8355840 -8355840[0m
[00:01:15.768,402] [0m<inf> exp02_logging: XY 75768 -8355840 -8355840[0m
[00:01:15.776,458] [0m<inf> exp02_logging: XY 75776 -8355840 -8355840[0m
[00:01:15.784,454] [0m<inf> exp02_logging: XY 75784 -8355840 -8355840[0m
[00:01:15.792,510] [0m<inf> exp02_logging: XY 75792 -8355840 -8355840[0m
[00:01:15.800,506] [0m<inf> exp02_logging: XY 75800 -8355840 -8355840[0m
[00:01:15.808,563] [0m<inf> exp02_logging: XY 75808 -8355840 -8355840[0m
[00:01:15.816,558] [0m<inf> exp02_logging: XY 75816 -8355840 -8355840[0m
[00:01:15.824,615] [0m<inf> exp02_logging: XY 75824 -8355840 -8355840[0m
[00:01:15.832,611] [0m<inf> exp02_logging: XY 75832 -8355840 -8355840[0m
[00:01:15.840,667] [0m<inf> exp02_logging: XY 75840 -8355840 -8355840[0m
[00:01:15.848,663] [0m<inf> exp02_logging: XY 75848 -8355840 -8355840[0m
[00:01:15.856,719] [0m<inf> exp02_logging: XY 75856 -8355840 -8355840[0m
[00:01:15.864,715] [0m<inf> exp02_logging: XY 75864 -8355840 -8355840[0m
[00:01:15.872,772] [0m<inf> exp02_logging: XY 75872 -8355840 -8355840[0m
[00:01:15.880,767] [0m<inf> exp02_logging: XY 75880 -8355840 -8355840[0m
[00:01:15.888,824] [0m<inf> exp02_logging: XY 75888 -8355840 -8355840[0m
[00:01:15.896,820] [0m<inf> exp02_logging: XY 75896 -8355840 -8355840[0m
[00:01:15.904,876] [0m<inf> exp02_logging: XY 75904 -8355840 -8355840[0m
[00:01:15.912,872] [0m<inf> exp02_logging: XY 75912 -8355840 -8355840[0m
[00:01:15.920,928] [0m<inf> exp02_logging: XY 75920 -8355840 -8355840[0m
[00:01:15.928,924] [0m<inf> exp02_logging: XY 75928 -8355840 -8355840[0m
[00:01:15.936,981] [0m<inf> exp02_logging: XY 75936 -8355840 -8355840[0m
[00:01:15.944,976] [0m<inf> exp02_logging: XY 75944 -8355840 -8355840[0m
[00:01:15.953,033] [0m<inf> exp02_logging: XY 75953 -8355840 -8355840[0m
[00:01:15.961,029] [0m<inf> exp02_logging: XY 75961 -8355840 -8355840[0m
[00:01:15.969,085] [0m<inf> exp02_logging: XY 75969 -8355840 -8355840[0m
[00:01:15.977,081] [0m<inf> exp02_logging: XY 75977 -8355840 -8355840[0m
[00:01:15.985,137] [0m<inf> exp02_logging: XY 75985 -8355840 -8355840[0m
[00:01:15.993,133] [0m<inf> exp02_logging: XY 75993 -8355840 -8355840[0m
[00:01:16.001,190] [0m<inf> exp02_logging: XY 76001 -8355840 -8355840[0m
[00:01:16.009,185] [0m<inf> exp02_logging: XY 76009 -8355840 -8355840[0m
[00:01:16.017,242] [0m<inf> exp02_logging: XY 76017 -8355840 -8355840[0m
[00:01:16.025,238] [0m<inf> exp02_logging: XY 76025 -8355840 -8355840[0m
[00:01:16.033,294] [0m<inf> exp02_logging: XY 76033 -8355840 -8355840[0m
[00:01:16.041,290] [0m<inf> exp02_logging: XY 76041 -8355840 -8355840[0m
[00:01:16.049,346] [0m<inf> exp02_logging: XY 76049 -8355840 -8355840[0m
[00:01:16.057,342] [0m<inf> exp02_logging: XY 76057 -8355840 -8355840[0m
[00:01:16.065,399] [0m<inf> exp02_logging: XY 76065 -8355840 -8355840[0m
[00:01:16.073,394] [0m<inf> exp02_logging: XY 76073 -8355840 -8355840[0m
[00:01:16.081,451] [0m<inf> exp02_logging: XY 76081 -8355840 -8355840[0m
[00:01:16.089,447] [0m<inf> exp02_logging: XY 76089 -8355840 -8355840[0m
[00:01:16.097,503] [0m<inf> exp02_logging: XY 76097 -8355840 -8355840[0m
[00:01:16.105,499] [0m<inf> exp02_logging: XY 76105 -8355840 -8355840[0m
[00:01:16.113,555] [0m<inf> exp02_logging: XY 76113 -8355840 -8355840[0m
[00:01:16.121,551] [0m<inf> exp02_logging: XY 76121 -8355840 -8355840[0m
[00:01:16.129,608] [0m<inf> exp02_logging: XY 76129 -8355840 -8355840[0m
[00:01:16.137,603] [0m<inf> exp02_logging: XY 76137 -8355840 -8355840[0m
[00:01:16.145,660] [0m<inf> exp02_logging: XY 76145 -8355840 -8355840[0m
[00:01:16.153,656] [0m<inf> exp02_logging: XY 76153 -8355840 -8355840[0m
[00:01:16.161,712] [0m<inf> exp02_logging: XY 76161 -8355840 -8355840[0m
[00:01:16.169,708] [0m<inf> exp02_logging: XY 76169 -8355840 -8355840[0m
[00:01:16.177,764] [0m<inf> exp02_logging: XY 76177 -8355840 -8355840[0m
[00:01:16.185,760] [0m<inf> exp02_logging: XY 76185 -8355840 -8355840[0m
[00:01:16.193,817] [0m<inf> exp02_logging: XY 76193 -8355840 -8355840[0m
[00:01:16.201,812] [0m<inf> exp02_logging: XY 76201 -8355840 -8355840[0m
[00:01:16.209,869] [0m<inf> exp02_logging: XY 76209 -8355840 -8355840[0m
[00:01:16.217,864] [0m<inf> exp02_logging: XY 76217 -8355840 -8355840[0m
[00:01:16.225,921] [0m<inf> exp02_logging: XY 76225 -8355840 -8355840[0m
[00:01:16.233,917] [0m<inf> exp02_logging: XY 76233 -8355840 -8355840[0m
[00:01:16.241,973] [0m<inf> exp02_logging: XY 76241 -8355840 -8355840[0m
[00:01:16.249,969] [0m<inf> exp02_logging: XY 76249 -8355840 -8355840[0m
[00:01:16.258,026] [0m<inf> exp02_logging: XY 76257 -8355840 -8355840[0m
[00:01:16.266,021] [0m<inf> exp02_logging: XY 76266 -8355840 -8355840[0m
[00:01:16.274,078] [0m<inf> exp02_logging: XY 76274 -8355840 -8355840[0m
[00:01:16.282,073] [0m<inf> exp02_logging: XY 76282 -8355840 -8355840[0m
[00:01:16.290,130] [0m<inf> exp02_logging: XY 76290 -8355840 -8355840[0m
[00:01:16.298,126] [0m<inf> exp02_logging: XY 76298 -8355840 -8355840[0m
[00:01:16.306,182] [0m<inf> exp02_logging: XY 76306 -8355840 -8355840[0m
[00:01:16.314,178] [0m<inf> exp02_logging: XY 76314 -8355840 -8355840[0m
[00:01:16.322,235] [0m<inf> exp02_logging: XY 76322 -8355840 -8355840[0m
[00:01:16.330,230] [0m<inf> exp02_logging: XY 76330 -8355840 -8355840[0m
[00:01:16.338,287] [0m<inf> exp02_logging: XY 76338 -8355840 -8355840[0m
[00:01:16.346,282] [0m<inf> exp02_logging: XY 76346 -8355840 -8355840[0m
[00:01:16.354,339] [0m<inf> exp02_logging: XY 76354 -8355840 -8355840[0m
[00:01:16.362,335] [0m<inf> exp02_logging: XY 76362 -8355840 -8355840[0m
[00:01:16.370,391] [0m<inf> exp02_logging: XY 76370 -8355840 -8355840[0m
[00:01:16.378,387] [0m<inf> exp02_logging: XY 76378 -8355840 -8355840[0m
[00:01:16.386,444] [0m<inf> exp02_logging: XY 76386 -8355840 -8355840[0m
[00:01:16.394,439] [0m<inf> exp02_logging: XY 76394 -8355840 -8355840[0m
[00:01:16.402,496] [0m<inf> exp02_logging: XY 76402 -8355840 -8355840[0m
[00:01:16.410,491] [0m<inf> exp02_logging: XY 76410 -8355840 -8355840[0m
[00:01:16.418,548] [0m<inf> exp02_logging: XY 76418 -8355840 -8355840[0m
[00:01:16.426,544] [0m<inf> exp02_logging: XY 76426 -8355840 -8355840[0m
[00:01:16.434,600] [0m<inf> exp02_logging: XY 76434 -8355840 -8355840[0m
[00:01:16.442,596] [0m<inf> exp02_logging: XY 76442 -8355840 -8355840[0m
[00:01:16.450,653] [0m<inf> exp02_logging: XY 76450 -8355840 -8355840[0m
[00:01:16.458,648] [0m<inf> exp02_logging: XY 76458 -8355840 -8355840[0m
[00:01:16.466,705] [0m<inf> exp02_logging: XY 76466 -8355840 -8355840[0m
[00:01:16.474,700] [0m<inf> exp02_logging: XY 76474 -8355840 -8355840[0m
[00:01:16.482,757] [0m<inf> exp02_logging: XY 76482 -8355840 -8355840[0m
[00:01:16.490,753] [0m<inf> exp02_logging: XY 76490 -8355840 -8355840[0m
[00:01:16.498,809] [0m<inf> exp02_logging: XY 76498 -8355840 -8355840[0m
[00:01:16.506,805] [0m<inf> exp02_logging: XY 76506 -8355840 -8355840[0m
[00:01:16.514,862] [0m<inf> exp02_logging: XY 76514 -8355840 -8355840[0m
[00:01:16.522,857] [0m<inf> exp02_logging: XY 76522 -8355840 -8355840[0m
[00:01:16.530,914] [0m<inf> exp02_logging: XY 76530 -8355840 -8355840[0m
[00:01:16.538,909] [0m<inf> exp02_logging: XY 76538 -8355840 -8355840[0m
[00:01:16.546,966] [0m<inf> exp02_logging: XY 76546 -8355840 -8355840[0m
[00:01:16.554,962] [0m<inf> exp02_logging: XY 76554 -8355840 -8355840[0m
[00:01:16.563,018] [0m<inf> exp02_logging: XY 76562 -8355840 -8355840[0m
[00:01:16.571,014] [0m<inf> exp02_logging: XY 76571 -8355840 -8355840[0m
[00:01:16.579,071] [0m<inf> exp02_logging: XY 76579 -8355840 -8355840[0m
[00:01:16.587,066] [0m<inf> exp02_logging: XY 76587 -8355840 -8355840[0m
[00:01:16.595,123] [0m<inf> exp02_logging: XY 76595 -8355840 -8355840[0m
[00:01:16.603,118] [0m<inf> exp02_logging: XY 76603 -8355840 -8355840[0m
[00:01:16.611,175] [0m<inf> exp02_logging: XY 76611 -8355840 -8355840[0m
[00:01:16.619,171] [0m<inf> exp02_logging: XY 76619 -8355840 -8355840[0m
[00:01:16.627,227] [0m<inf> exp02_logging: XY 76627 -8355840 -8355840[0m
[00:01:16.635,223] [0m<inf> exp02_logging: XY 76635 -8355840 -8355840[0m
[00:01:16.643,280] [0m<inf> exp02_logging: XY 76643 -8355840 -8355840[0m
[00:01:16.651,275] [0m<inf> exp02_logging: XY 76651 -8355840 -8355840[0m
[00:01:16.659,332] [0m<inf> exp02_logging: XY 76659 -8355840 -8355840[0m
[00:01:16.667,327] [0m<inf> exp02_logging: XY 76667 -8355840 -8355840[0m
[00:01:16.675,384] [0m<inf> exp02_logging: XY 76675 -8355840 -8355840[0m
[00:01:16.683,380] [0m<inf> exp02_logging: XY 76683 -8355840 -8355840[0m
[00:01:16.691,436] [0m<inf> exp02_logging: XY 76691 -8355840 -8355840[0m
[00:01:16.699,432] [0m<inf> exp02_logging: XY 76699 -8355840 -8355840[0m
[00:01:16.707,489] [0m<inf> exp02_logging: XY 76707 -8355840 -8355840[0m
[00:01:16.715,484] [0m<inf> exp02_logging: XY 76715 -8355840 -8355840[0m
[00:01:16.723,541] [0m<inf> exp02_logging: XY 76723 -8355840 -8355840[0m
[00:01:16.731,536] [0m<inf> exp02_logging: XY 76731 -8355840 -8355840[0m
[00:01:16.739,593] [0m<inf> exp02_logging: XY 76739 -8355840 -8355840[0m
[00:01:16.747,589] [0m<inf> exp02_logging: XY 76747 -8355840 -8355840[0m
[00:01:16.755,645] [0m<inf> exp02_logging: XY 76755 -8355840 -8355840[0m
[00:01:16.763,641] [0m<inf> exp02_logging: XY 76763 -8355840 -8355840[0m
[00:01:16.771,697] [0m<inf> exp02_logging: XY 76771 -8355840 -8355840[0m
[00:01:16.779,693] [0m<inf> exp02_logging: XY 76779 -8355840 -8355840[0m
[00:01:16.787,750] [0m<inf> exp02_logging: XY 76787 -8355840 -8355840[0m
[00:01:16.795,745] [0m<inf> exp02_logging: XY 76795 -8355840 -8355840[0m
[00:01:16.803,802] [0m<inf> exp02_logging: XY 76803 -8355840 -8355840[0m
[00:01:16.811,798] [0m<inf> exp02_logging: XY 76811 -8355840 -8355840[0m
[00:01:16.819,854] [0m<inf> exp02_logging: XY 76819 -8355840 -8355840[0m
[00:01:16.827,850] [0m<inf> exp02_logging: XY 76827 -8355840 -8355840[0m
[00:01:16.835,906] [0m<inf> exp02_logging: XY 76835 -8355840 -8355840[0m
[00:01:16.843,902] [0m<inf> exp02_logging: XY 76843 -8355840 -8355840[0m
[00:01:16.851,959] [0m<inf> exp02_logging: XY 76851 -8355840 -8355840[0m
[00:01:16.859,954] [0m<inf> exp02_logging: XY 76859 -8355840 -8355840[0m
[00:01:16.868,011] [0m<inf> exp02_logging: XY 76867 -8355840 -8355840[0m
[00:01:16.876,007] [0m<inf> exp02_logging: XY 76876 -8355840 -8355840[0m
[00:01:16.884,063] [0m<inf> exp02_logging: XY 76884 -8355840 -8355840[0m
[00:01:16.892,059] [0m<inf> exp02_logging: XY 76892 -8355840 -8355840[0m
[00:01:16.900,115] [0m<inf> exp02_logging: XY 76900 -8355840 -8355840[0m
[00:01:16.908,111] [0m<inf> exp02_logging: XY 76908 -8355840 -8355840[0m
[00:01:16.916,168] [0m<inf> exp02_logging: XY 76916 -8355840 -8355840[0m
[00:01:16.924,163] [0m<inf> exp02_logging: XY 76924 -8355840 -8355840[0m
[00:01:16.932,220] [0m<inf> exp02_logging: XY 76932 -8355840 -8355840[0m
[00:01:16.940,216] [0m<inf> exp02_logging: XY 76940 -8355840 -8355840[0m
[00:01:16.948,272] [0m<inf> exp02_logging: XY 76948 -8355840 -8355840[0m
[00:01:16.956,268] [0m<inf> exp02_logging: XY 76956 -8355840 -8355840[0m
[00:01:16.964,324] [0m<inf> exp02_logging: XY 76964 -8355840 -8355840[0m
[00:01:16.972,320] [0m<inf> exp02_logging: XY 76972 -8355840 -8355840[0m
[00:01:16.980,377] [0m<inf> exp02_logging: XY 76980 -8355840 -8355840[0m
[00:01:16.988,372] [0m<inf> exp02_logging: XY 76988 -8355840 -8355840[0m
[00:01:16.996,429] [0m<inf> exp02_logging: XY 76996 -8355840 -8355840[0m
[00:01:17.004,425] [0m<inf> exp02_logging: XY 77004 -8355840 -8355840[0m
[00:01:17.012,481] [0m<inf> exp02_logging: XY 77012 -8355840 -8355840[0m
[00:01:17.020,477] [0m<inf> exp02_logging: XY 77020 -8355840 -8355840[0m
[00:01:17.028,533] [0m<inf> exp02_logging: XY 77028 -8355840 -8355840[0m
[00:01:17.036,529] [0m<inf> exp02_logging: XY 77036 -8355840 -8355840[0m
[00:01:17.044,586] [0m<inf> exp02_logging: XY 77044 -8355840 -8355840[0m
[00:01:17.052,581] [0m<inf> exp02_logging: XY 77052 -8355840 -8355840[0m
[00:01:17.060,638] [0m<inf> exp02_logging: XY 77060 -8355840 -8355840[0m
[00:01:17.068,634] [0m<inf> exp02_logging: XY 77068 -8355840 -8355840[0m
[00:01:17.076,690] [0m<inf> exp02_logging: XY 77076 -8355840 -8355840[0m
[00:01:17.084,686] [0m<inf> exp02_logging: XY 77084 -8355840 -8355840[0m
[00:01:17.092,742] [0m<inf> exp02_logging: XY 77092 -8355840 -8355840[0m
[00:01:17.100,738] [0m<inf> exp02_logging: XY 77100 -8355840 -8355840[0m
[00:01:17.108,795] [0m<inf> exp02_logging: XY 77108 -8355840 -8355840[0m
[00:01:17.116,790] [0m<inf> exp02_logging: XY 77116 -8355840 -8355840[0m
[00:01:17.124,847] [0m<inf> exp02_logging: XY 77124 -8355840 -8355840[0m
[00:01:17.132,843] [0m<inf> exp02_logging: XY 77132 -8355840 -8355840[0m
[00:01:17.140,899] [0m<inf> exp02_logging: XY 77140 -8355840 -8355840[0m
[00:01:17.148,895] [0m<inf> exp02_logging: XY 77148 -8355840 -8355840[0m
[00:01:17.156,951] [0m<inf> exp02_logging: XY 77156 -8355840 -8355840[0m
[00:01:17.164,947] [0m<inf> exp02_logging: XY 77164 -8355840 -8355840[0m
[00:01:17.173,004] [0m<inf> exp02_logging: XY 77172 -8355840 -8355840[0m
[00:01:17.180,999] [0m<inf> exp02_logging: XY 77180 -8355840 -8355840[0m
[00:01:17.189,056] [0m<inf> exp02_logging: XY 77189 -8355840 -8355840[0m
[00:01:17.197,052] [0m<inf> exp02_logging: XY 77197 -8355840 -8355840[0m
[00:01:17.205,108] [0m<inf> exp02_logging: XY 77205 -8355840 -8355840[0m
[00:01:17.213,104] [0m<inf> exp02_logging: XY 77213 -8355840 -8355840[0m
[00:01:17.221,160] [0m<inf> exp02_logging: XY 77221 -8355840 -8355840[0m
[00:01:17.229,156] [0m<inf> exp02_logging: XY 77229 -8355840 -8355840[0m
[00:01:17.237,213] [0m<inf> exp02_logging: XY 77237 -8355840 -8355840[0m
[00:01:17.245,208] [0m<inf> exp02_logging: XY 77245 -8355840 -8355840[0m
[00:01:17.253,265] [0m<inf> exp02_logging: XY 77253 -8355840 -8355840[0m
[00:01:17.261,260] [0m<inf> exp02_logging: XY 77261 -8355840 -8355840[0m
[00:01:17.269,317] [0m<inf> exp02_logging: XY 77269 -8355840 -8355840[0m
[00:01:17.277,313] [0m<inf> exp02_logging: XY 77277 -8355840 -8355840[0m
[00:01:17.285,369] [0m<inf> exp02_logging: XY 77285 -8355840 -8355840[0m
[00:01:17.293,365] [0m<inf> exp02_logging: XY 77293 -8355840 -8355840[0m
[00:01:17.301,422] [0m<inf> exp02_logging: XY 77301 -8355840 -8355840[0m
[00:01:17.309,417] [0m<inf> exp02_logging: XY 77309 -8355840 -8355840[0m
[00:01:17.317,474] [0m<inf> exp02_logging: XY 77317 -8355840 -8355840[0m
[00:01:17.325,469] [0m<inf> exp02_logging: XY 77325 -8355840 -8355840[0m
[00:01:17.333,526] [0m<inf> exp02_logging: XY 77333 -8355840 -8355840[0m
[00:01:17.341,522] [0m<inf> exp02_logging: XY 77341 -8355840 -8355840[0m
[00:01:17.349,578] [0m<inf> exp02_logging: XY 77349 -8355840 -8355840[0m
[00:01:17.357,574] [0m<inf> exp02_logging: XY 77357 -8355840 -8355840[0m
[00:01:17.365,631] [0m<inf> exp02_logging: XY 77365 -8355840 -8355840[0m
[00:01:17.373,626] [0m<inf> exp02_logging: XY 77373 -8355840 -8355840[0m
[00:01:17.381,683] [0m<inf> exp02_logging: XY 77381 -8355840 -8355840[0m
[00:01:17.389,678] [0m<inf> exp02_logging: XY 77389 -8355840 -8355840[0m
[00:01:17.397,735] [0m<inf> exp02_logging: XY 77397 -8355840 -8355840[0m
[00:01:17.405,731] [0m<inf> exp02_logging: XY 77405 -8355840 -8355840[0m
[00:01:17.413,787] [0m<inf> exp02_logging: XY 77413 -8355840 -8355840[0m
[00:01:17.421,783] [0m<inf> exp02_logging: XY 77421 -8355840 -8355840[0m
[00:01:17.429,840] [0m<inf> exp02_logging: XY 77429 -8355840 -8355840[0m
[00:01:17.437,835] [0m<inf> exp02_logging: XY 77437 -8355840 -8355840[0m
[00:01:17.445,892] [0m<inf> exp02_logging: XY 77445 -8355840 -8355840[0m
[00:01:17.453,887] [0m<inf> exp02_logging: XY 77453 -8355840 -8355840[0m
[00:01:17.461,944] [0m<inf> exp02_logging: XY 77461 -8355840 -8355840[0m
[00:01:17.469,940] [0m<inf> exp02_logging: XY 77469 -8355840 -8355840[0m
[00:01:17.477,996] [0m<inf> exp02_logging: XY 77477 -8355840 -8355840[0m
[00:01:17.485,992] [0m<inf> exp02_logging: XY 77485 -8355840 -8355840[0m
[00:01:17.494,049] [0m<inf> exp02_logging: XY 77494 -8355840 -8355840[0m
[00:01:17.502,044] [0m<inf> exp02_logging: XY 77502 -8355840 -8355840[0m
[00:01:17.510,101] [0m<inf> exp02_logging: XY 77510 -8355840 -8355840[0m
[00:01:17.518,096] [0m<inf> exp02_logging: XY 77518 -8355840 -8355840[0m
[00:01:17.526,153] [0m<inf> exp02_logging: XY 77526 -8355840 -8355840[0m
[00:01:17.534,149] [0m<inf> exp02_logging: XY 77534 -8355840 -8355840[0m
[00:01:17.542,205] [0m<inf> exp02_logging: XY 77542 -8355840 -8355840[0m
[00:01:17.550,201] [0m<inf> exp02_logging: XY 77550 -8355840 -8355840[0m
[00:01:17.558,258] [0m<inf> exp02_logging: XY 77558 -8355840 -8355840[0m
[00:01:17.566,253] [0m<inf> exp02_logging: XY 77566 -8355840 -8355840[0m
[00:01:17.574,310] [0m<inf> exp02_logging: XY 77574 -8355840 -8355840[0m
[00:01:17.582,305] [0m<inf> exp02_logging: XY 77582 -8355840 -8355840[0m
[00:01:17.590,362] [0m<inf> exp02_logging: XY 77590 -8355840 -8355840[0m
[00:01:17.598,358] [0m<inf> exp02_logging: XY 77598 -8355840 -8355840[0m
[00:01:17.606,414] [0m<inf> exp02_logging: XY 77606 -8355840 -8355840[0m
[00:01:17.614,410] [0m<inf> exp02_logging: XY 77614 -8355840 -8355840[0m
[00:01:17.622,467] [0m<inf> exp02_logging: XY 77622 -8355840 -8355840[0m
[00:01:17.630,462] [0m<inf> exp02_logging: XY 77630 -8355840 -8355840[0m
[00:01:17.638,519] [0m<inf> exp02_logging: XY 77638 -8355840 -8355840[0m
[00:01:17.646,514] [0m<inf> exp02_logging: XY 77646 -8355840 -8355840[0m
[00:01:17.654,571] [0m<inf> exp02_logging: XY 77654 -8355840 -8355840[0m
[00:01:17.662,567] [0m<inf> exp02_logging: XY 77662 -8355840 -8355840[0m
[00:01:17.670,623] [0m<inf> exp02_logging: XY 77670 -8355840 -8355840[0m
[00:01:17.678,619] [0m<inf> exp02_logging: XY 77678 -8355840 -8355840[0m
[00:01:17.686,676] [0m<inf> exp02_logging: XY 77686 -8355840 -8355840[0m
[00:01:17.694,671] [0m<inf> exp02_logging: XY 77694 -8355840 -8355840[0m
[00:01:17.702,728] [0m<inf> exp02_logging: XY 77702 -8355840 -8355840[0m
[00:01:17.710,723] [0m<inf> exp02_logging: XY 77710 -8355840 -8355840[0m
[00:01:17.718,780] [0m<inf> exp02_logging: XY 77718 -8355840 -8355840[0m
[00:01:17.726,776] [0m<inf> exp02_logging: XY 77726 -8355840 -8355840[0m
[00:01:17.734,832] [0m<inf> exp02_logging: XY 77734 -8355840 -8355840[0m
[00:01:17.742,828] [0m<inf> exp02_logging: XY 77742 -8355840 -8355840[0m
[00:01:17.750,885] [0m<inf> exp02_logging: XY 77750 -8355840 -8355840[0m
[00:01:17.758,880] [0m<inf> exp02_logging: XY 77758 -8355840 -8355840[0m
[00:01:17.766,937] [0m<inf> exp02_logging: XY 77766 -8355840 -8355840[0m
[00:01:17.774,932] [0m<inf> exp02_logging: XY 77774 -8355840 -8355840[0m
[00:01:17.782,989] [0m<inf> exp02_logging: XY 77782 -8355840 -8355840[0m
[00:01:17.790,985] [0m<inf> exp02_logging: XY 77790 -8355840 -8355840[0m
[00:01:17.799,041] [0m<inf> exp02_logging: XY 77799 -8355840 -8355840[0m
[00:01:17.807,037] [0m<inf> exp02_logging: XY 77807 -8355840 -8355840[0m
[00:01:17.815,093] [0m<inf> exp02_logging: XY 77815 -8355840 -8355840[0m
[00:01:17.823,089] [0m<inf> exp02_logging: XY 77823 -8355840 -8355840[0m
[00:01:17.831,146] [0m<inf> exp02_logging: XY 77831 -8355840 -8355840[0m
[00:01:17.839,141] [0m<inf> exp02_logging: XY 77839 -8355840 -8355840[0m
[00:01:17.847,198] [0m<inf> exp02_logging: XY 77847 -8355840 -8355840[0m
[00:01:17.855,194] [0m<inf> exp02_logging: XY 77855 -8355840 -8355840[0m
[00:01:17.863,250] [0m<inf> exp02_logging: XY 77863 -8355840 -8355840[0m
[00:01:17.871,246] [0m<inf> exp02_logging: XY 77871 -8355840 -8355840[0m
[00:01:17.879,302] [0m<inf> exp02_logging: XY 77879 -8355840 -8355840[0m
[00:01:17.887,298] [0m<inf> exp02_logging: XY 77887 -8355840 -8355840[0m
[00:01:17.895,355] [0m<inf> exp02_logging: XY 77895 -8355840 -8355840[0m
[00:01:17.903,350] [0m<inf> exp02_logging: XY 77903 -8355840 -8355840[0m
[00:01:17.911,407] [0m<inf> exp02_logging: XY 77911 -8355840 -8355840[0m
[00:01:17.919,403] [0m<inf> exp02_logging: XY 77919 -8355840 -8355840[0m
[00:01:17.927,459] [0m<inf> exp02_logging: XY 77927 -8355840 -8355840[0m
[00:01:17.935,455] [0m<inf> exp02_logging: XY 77935 -8355840 -8355840[0m
[00:01:17.943,511] [0m<inf> exp02_logging: XY 77943 -8355840 -8355840[0m
[00:01:17.951,507] [0m<inf> exp02_logging: XY 77951 -8355840 -8355840[0m
[00:01:17.959,564] [0m<inf> exp02_logging: XY 77959 -8355840 -8355840[0m
[00:01:17.967,559] [0m<inf> exp02_logging: XY 77967 -8355840 -8355840[0m
[00:01:17.975,616] [0m<inf> exp02_logging: XY 77975 -8355840 -8355840[0m
[00:01:17.983,612] [0m<inf> exp02_logging: XY 77983 -8355840 -8355840[0m
[00:01:17.991,668] [0m<inf> exp02_logging: XY 77991 -8355840 -8355840[0m
[00:01:17.999,664] [0m<inf> exp02_logging: XY 77999 -8355840 -8355840[0m
[00:01:18.007,720] [0m<inf> exp02_logging: XY 78007 -8355840 -8355840[0m
[00:01:18.015,716] [0m<inf> exp02_logging: XY 78015 -8355840 -8355840[0m
[00:01:18.023,773] [0m<inf> exp02_logging: XY 78023 -8355840 -8355840[0m
[00:01:18.031,768] [0m<inf> exp02_logging: XY 78031 -8355840 -8355840[0m
[00:01:18.039,825] [0m<inf> exp02_logging: XY 78039 -8355840 -8355840[0m
[00:01:18.047,821] [0m<inf> exp02_logging: XY 78047 -8355840 -8355840[0m
[00:01:18.055,877] [0m<inf> exp02_logging: XY 78055 -8355840 -8355840[0m
[00:01:18.063,873] [0m<inf> exp02_logging: XY 78063 -8355840 -8355840[0m
[00:01:18.071,929] [0m<inf> exp02_logging: XY 78071 -8355840 -8355840[0m
[00:01:18.079,925] [0m<inf> exp02_logging: XY 78079 -8355840 -8355840[0m
[00:01:18.087,982] [0m<inf> exp02_logging: XY 78087 -8355840 -8355840[0m
[00:01:18.095,977] [0m<inf> exp02_logging: XY 78095 -8355840 -8355840[0m
[00:01:18.104,034] [0m<inf> exp02_logging: XY 78104 -8355840 -8355840[0m
[00:01:18.112,030] [0m<inf> exp02_logging: XY 78112 -8355840 -8355840[0m
[00:01:18.120,086] [0m<inf> exp02_logging: XY 78120 -8355840 -8355840[0m
[00:01:18.128,082] [0m<inf> exp02_logging: XY 78128 -8355840 -8355840[0m
[00:01:18.136,138] [0m<inf> exp02_logging: XY 78136 -8355840 -8355840[0m
[00:01:18.144,134] [0m<inf> exp02_logging: XY 78144 -8355840 -8355840[0m
[00:01:18.152,191] [0m<inf> exp02_logging: XY 78152 -8355840 -8355840[0m
[00:01:18.160,186] [0m<inf> exp02_logging: XY 78160 -8355840 -8355840[0m
[00:01:18.168,243] [0m<inf> exp02_logging: XY 78168 -8355840 -8355840[0m
[00:01:18.176,239] [0m<inf> exp02_logging: XY 78176 -8355840 -8355840[0m
[00:01:18.184,295] [0m<inf> exp02_logging: XY 78184 -8355840 -8355840[0m
[00:01:18.192,291] [0m<inf> exp02_logging: XY 78192 -8355840 -8355840[0m
[00:01:18.200,347] [0m<inf> exp02_logging: XY 78200 -8355840 -8355840[0m
[00:01:18.208,343] [0m<inf> exp02_logging: XY 78208 -8355840 -8355840[0m
[00:01:18.216,400] [0m<inf> exp02_logging: XY 78216 -8355840 -8355840[0m
[00:01:18.224,395] [0m<inf> exp02_logging: XY 78224 -8355840 -8355840[0m
[00:01:18.232,452] [0m<inf> exp02_logging: XY 78232 -8355840 -8355840[0m
[00:01:18.240,447] [0m<inf> exp02_logging: XY 78240 -8355840 -8355840[0m
[00:01:18.248,504] [0m<inf> exp02_logging: XY 78248 -8355840 -8355840[0m
[00:01:18.256,500] [0m<inf> exp02_logging: XY 78256 -8355840 -8355840[0m
[00:01:18.264,556] [0m<inf> exp02_logging: XY 78264 -8355840 -8355840[0m
[00:01:18.272,552] [0m<inf> exp02_logging: XY 78272 -8355840 -8355840[0m
[00:01:18.280,609] [0m<inf> exp02_logging: XY 78280 -8355840 -8355840[0m
[00:01:18.288,604] [0m<inf> exp02_logging: XY 78288 -8355840 -8355840[0m
[00:01:18.296,661] [0m<inf> exp02_logging: XY 78296 -8355840 -8355840[0m
[00:01:18.304,656] [0m<inf> exp02_logging: XY 78304 -8355840 -8355840[0m
[00:01:18.312,713] [0m<inf> exp02_logging: XY 78312 -8355840 -8355840[0m
[00:01:18.320,709] [0m<inf> exp02_logging: XY 78320 -8355840 -8355840[0m
[00:01:18.328,765] [0m<inf> exp02_logging: XY 78328 -8355840 -8355840[0m
[00:01:18.336,761] [0m<inf> exp02_logging: XY 78336 -8355840 -8355840[0m
[00:01:18.344,818] [0m<inf> exp02_logging: XY 78344 -8355840 -8355840[0m
[00:01:18.352,813] [0m<inf> exp02_logging: XY 78352 -8355840 -8355840[0m
[00:01:18.360,870] [0m<inf> exp02_logging: XY 78360 -8355840 -8355840[0m
[00:01:18.368,865] [0m<inf> exp02_logging: XY 78368 -8355840 -8355840[0m
[00:01:18.376,922] [0m<inf> exp02_logging: XY 78376 -8355840 -8355840[0m
[00:01:18.384,918] [0m<inf> exp02_logging: XY 78384 -8355840 -8355840[0m
[00:01:18.392,974] [0m<inf> exp02_logging: XY 78392 -8355840 -8355840[0m
[00:01:18.400,970] [0m<inf> exp02_logging: XY 78400 -8355840 -8355840[0m
[00:01:18.409,027] [0m<inf> exp02_logging: XY 78408 -8355840 -8355840[0m
[00:01:18.417,022] [0m<inf> exp02_logging: XY 78417 -8355840 -8355840[0m
[00:01:18.425,079] [0m<inf> exp02_logging: XY 78425 -8355840 -8355840[0m
[00:01:18.433,074] [0m<inf> exp02_logging: XY 78433 -8355840 -8355840[0m
[00:01:18.441,131] [0m<inf> exp02_logging: XY 78441 -8355840 -8355840[0m

# end=2026-10-01T21:31:36.8923396+03:00
