# EXP02 capture  port=COM8  start=2026-10-01T21:30:30.7399374+03:00
[00:00:00.412,322] [0m<dbg> zmk: kscan_matrix_init_input_inst: 55840[0m
[00:00:09.392,333] [0m<inf> exp02_logging: XY 9392 -8355840 -8355840[0m
[00:00:09.400,421] [0m<inf> exp02_logging: XY 9400 -8355840 -8355840[0m
[00:00:09.408,416] [0m<inf> exp02_logging: XY 9408 -8355840 -8355840[0m
[00:00:09.416,442] [0m<inf> exp02_logging: XY 9416 -8355840 -8355840[0m
[00:00:09.424,438] [0m<inf> exp02_logging: XY 9424 -8355840 -8355840[0m
[00:00:09.432,495] [0m<inf> exp02_logging: XY 9432 -8355840 -8355840[0m
[00:00:09.440,521] [0m<inf> exp02_logging: XY 9440 -8355840 -8355840[0m
[00:00:09.448,547] [0m<inf> exp02_logging: XY 9448 -8355840 -8355840[0m
[00:00:09.456,573] [0m<inf> exp02_logging: XY 9456 -8355840 -8355840[0m
[00:00:09.464,599] [0m<inf> exp02_logging: XY 9464 -8355840 -8355840[0m
[00:00:09.472,625] [0m<inf> exp02_logging: XY 9472 -8355840 -8355840[0m
[00:00:09.480,651] [0m<inf> exp02_logging: XY 9480 -8355840 -8355840[0m
[00:00:09.488,677] [0m<inf> exp02_logging: XY 9488 -8355840 -8355840[0m
[00:00:09.496,704] [0m<inf> exp02_logging: XY 9496 -8355840 -8355840[0m
[00:00:09.504,730] [0m<inf> exp02_logging: XY 9504 -8355840 -8355840[0m
[00:00:09.512,756] [0m<inf> exp02_logging: XY 9512 -8355840 -8355840[0m
[00:00:09.520,782] [0m<inf> exp02_logging: XY 9520 -8355840 -8355840[0m
[00:00:09.528,808] [0m<inf> exp02_logging: XY 9528 -8355840 -8355840[0m
[00:00:09.536,834] [0m<inf> exp02_logging: XY 9536 -8355840 -8355840[0m
[00:00:09.544,860] [0m<inf> exp02_logging: XY 9544 -8355840 -8355840[0m
[00:00:09.552,886] [0m<inf> exp02_logging: XY 9552 -8355840 -8355840[0m
[00:00:09.560,913] [0m<inf> exp02_logging: XY 9560 -8355840 -8355840[0m
[00:00:09.568,939] [0m<inf> exp02_logging: XY 9568 -8355840 -8355840[0m
[00:00:09.576,965] [0m<inf> exp02_logging: XY 9576 -8355840 -8355840[0m
[00:00:09.584,991] [0m<inf> exp02_logging: XY 9584 -8355840 -8355840[0m
[00:00:09.593,017] [0m<inf> exp02_logging: XY 9592 -8355840 -8355840[0m
[00:00:09.601,043] [0m<inf> exp02_logging: XY 9601 -8355840 -8355840[0m
[00:00:09.609,069] [0m<inf> exp02_logging: XY 9609 -8355840 -8355840[0m
[00:00:09.617,095] [0m<inf> exp02_logging: XY 9617 -8355840 -8355840[0m
[00:00:09.625,122] [0m<inf> exp02_logging: XY 9625 -8355840 -8355840[0m
[00:00:09.633,148] [0m<inf> exp02_logging: XY 9633 -8355840 -8355840[0m
[00:00:09.641,174] [0m<inf> exp02_logging: XY 9641 -8355840 -8355840[0m
[00:00:09.649,200] [0m<inf> exp02_logging: XY 9649 -8355840 -8355840[0m
[00:00:09.657,226] [0m<inf> exp02_logging: XY 9657 -8355840 -8355840[0m
[00:00:09.665,252] [0m<inf> exp02_logging: XY 9665 -8355840 -8355840[0m
[00:00:09.673,278] [0m<inf> exp02_logging: XY 9673 -8355840 -8355840[0m
[00:00:09.681,304] [0m<inf> exp02_logging: XY 9681 -8355840 -8355840[0m
[00:00:09.689,331] [0m<inf> exp02_logging: XY 9689 -8355840 -8355840[0m
[00:00:09.697,357] [0m<inf> exp02_logging: XY 9697 -8355840 -8355840[0m
[00:00:09.705,383] [0m<inf> exp02_logging: XY 9705 -8355840 -8355840[0m
[00:00:09.713,409] [0m<inf> exp02_logging: XY 9713 -8355840 -8355840[0m
[00:00:09.721,435] [0m<inf> exp02_logging: XY 9721 -8355840 -8355840[0m
[00:00:09.729,461] [0m<inf> exp02_logging: XY 9729 -8355840 -8355840[0m
[00:00:09.737,487] [0m<inf> exp02_logging: XY 9737 -8355840 -8355840[0m
[00:00:09.745,513] [0m<inf> exp02_logging: XY 9745 -8355840 -8355840[0m
[00:00:09.753,540] [0m<inf> exp02_logging: XY 9753 -8355840 -8355840[0m
[00:00:09.761,566] [0m<inf> exp02_logging: XY 9761 -8355840 -8355840[0m
[00:00:09.769,592] [0m<inf> exp02_logging: XY 9769 -8355840 -8355840[0m
[00:00:09.777,618] [0m<inf> exp02_logging: XY 9777 -8355840 -8355840[0m
[00:00:09.785,644] [0m<inf> exp02_logging: XY 9785 -8355840 -8355840[0m
[00:00:09.793,670] [0m<inf> exp02_logging: XY 9793 -8355840 -8355840[0m
[00:00:09.801,696] [0m<inf> exp02_logging: XY 9801 -8355840 -8355840[0m
[00:00:09.809,722] [0m<inf> exp02_logging: XY 9809 -8355840 -8355840[0m
[00:00:09.817,749] [0m<inf> exp02_logging: XY 9817 -8355840 -8355840[0m
[00:00:09.825,775] [0m<inf> exp02_logging: XY 9825 -8355840 -8355840[0m
[00:00:09.833,801] [0m<inf> exp02_logging: XY 9833 -8355840 -8355840[0m
[00:00:09.841,827] [0m<inf> exp02_logging: XY 9841 -8355840 -8355840[0m
[00:00:09.849,853] [0m<inf> exp02_logging: XY 9849 -8355840 -8355840[0m
[00:00:09.857,879] [0m<inf> exp02_logging: XY 9857 -8355840 -8355840[0m
[00:00:09.865,905] [0m<inf> exp02_logging: XY 9865 -8355840 -8355840[0m
[00:00:09.873,931] [0m<inf> exp02_logging: XY 9873 -8355840 -8355840[0m
[00:00:09.881,958] [0m<inf> exp02_logging: XY 9881 -8355840 -8355840[0m
[00:00:09.889,984] [0m<inf> exp02_logging: XY 9889 -8355840 -8355840[0m
[00:00:09.898,010] [0m<inf> exp02_logging: XY 9897 -8355840 -8355840[0m
[00:00:09.906,036] [0m<inf> exp02_logging: XY 9906 -8355840 -8355840[0m
[00:00:09.914,062] [0m<inf> exp02_logging: XY 9914 -8355840 -8355840[0m
[00:00:09.922,088] [0m<inf> exp02_logging: XY 9922 -8355840 -8355840[0m
[00:00:09.930,114] [0m<inf> exp02_logging: XY 9930 -8355840 -8355840[0m
[00:00:09.938,140] [0m<inf> exp02_logging: XY 9938 -8355840 -8355840[0m
[00:00:09.946,166] [0m<inf> exp02_logging: XY 9946 -8355840 -8355840[0m
[00:00:09.954,193] [0m<inf> exp02_logging: XY 9954 -8355840 -8355840[0m
[00:00:09.962,219] [0m<inf> exp02_logging: XY 9962 -8355840 -8355840[0m
[00:00:09.970,245] [0m<inf> exp02_logging: XY 9970 -8355840 -8355840[0m
[00:00:09.978,271] [0m<inf> exp02_logging: XY 9978 -8355840 -8355840[0m
[00:00:09.986,297] [0m<inf> exp02_logging: XY 9986 -8355840 -8355840[0m
[00:00:09.994,323] [0m<inf> exp02_logging: XY 9994 -8355840 -8355840[0m
[00:00:10.002,349] [0m<inf> exp02_logging: XY 10002 -8355840 -8355840[0m
[00:00:10.010,375] [0m<inf> exp02_logging: XY 10010 -8355840 -8355840[0m
[00:00:10.018,402] [0m<inf> exp02_logging: XY 10018 -8355840 -8355840[0m
[00:00:10.026,428] [0m<inf> exp02_logging: XY 10026 -8355840 -8355840[0m
[00:00:10.034,454] [0m<inf> exp02_logging: XY 10034 -8355840 -8355840[0m
[00:00:10.042,480] [0m<inf> exp02_logging: XY 10042 -8355840 -8355840[0m
[00:00:10.050,506] [0m<inf> exp02_logging: XY 10050 -8355840 -8355840[0m
[00:00:10.058,532] [0m<inf> exp02_logging: XY 10058 -8355840 -8355840[0m
[00:00:10.066,558] [0m<inf> exp02_logging: XY 10066 -8355840 -8355840[0m
[00:00:10.074,584] [0m<inf> exp02_logging: XY 10074 -8355840 -8355840[0m
[00:00:10.082,611] [0m<inf> exp02_logging: XY 10082 -8355840 -8355840[0m
[00:00:10.090,637] [0m<inf> exp02_logging: XY 10090 -8355840 -8355840[0m
[00:00:10.098,663] [0m<inf> exp02_logging: XY 10098 -8355840 -8355840[0m
[00:00:10.106,689] [0m<inf> exp02_logging: XY 10106 -8355840 -8355840[0m
[00:00:10.114,715] [0m<inf> exp02_logging: XY 10114 -8355840 -8355840[0m
[00:00:10.122,741] [0m<inf> exp02_logging: XY 10122 -8355840 -8355840[0m
[00:00:10.130,767] [0m<inf> exp02_logging: XY 10130 -8355840 -8355840[0m
[00:00:10.138,793] [0m<inf> exp02_logging: XY 10138 -8355840 -8355840[0m
[00:00:10.146,820] [0m<inf> exp02_logging: XY 10146 -8355840 -8355840[0m
[00:00:10.154,846] [0m<inf> exp02_logging: XY 10154 -8355840 -8355840[0m
[00:00:10.162,872] [0m<inf> exp02_logging: XY 10162 -8355840 -8355840[0m
[00:00:10.170,898] [0m<inf> exp02_logging: XY 10170 -8355840 -8355840[0m
[00:00:10.178,924] [0m<inf> exp02_logging: XY 10178 -8355840 -8355840[0m
[00:00:10.186,950] [0m<inf> exp02_logging: XY 10186 -8355840 -8355840[0m
[00:00:10.194,976] [0m<inf> exp02_logging: XY 10194 -8355840 -8355840[0m
[00:00:10.203,002] [0m<inf> exp02_logging: XY 10202 -8355840 -8355840[0m
[00:00:10.211,029] [0m<inf> exp02_logging: XY 10211 -8355840 -8355840[0m
[00:00:10.219,055] [0m<inf> exp02_logging: XY 10219 -8355840 -8355840[0m
[00:00:10.227,081] [0m<inf> exp02_logging: XY 10227 -8355840 -8355840[0m
[00:00:10.235,107] [0m<inf> exp02_logging: XY 10235 -8355840 -8355840[0m
[00:00:10.243,133] [0m<inf> exp02_logging: XY 10243 -8355840 -8355840[0m
[00:00:10.251,159] [0m<inf> exp02_logging: XY 10251 -8355840 -8355840[0m
[00:00:10.259,185] [0m<inf> exp02_logging: XY 10259 -8355840 -8355840[0m
[00:00:10.267,211] [0m<inf> exp02_logging: XY 10267 -8355840 -8355840[0m
[00:00:10.275,238] [0m<inf> exp02_logging: XY 10275 -8355840 -8355840[0m
[00:00:10.283,264] [0m<inf> exp02_logging: XY 10283 -8355840 -8355840[0m
[00:00:10.291,290] [0m<inf> exp02_logging: XY 10291 -8355840 -8355840[0m
[00:00:10.299,316] [0m<inf> exp02_logging: XY 10299 -8355840 -8355840[0m
[00:00:10.307,342] [0m<inf> exp02_logging: XY 10307 -8355840 -8355840[0m
[00:00:10.315,368] [0m<inf> exp02_logging: XY 10315 -8355840 -8355840[0m
[00:00:10.323,394] [0m<inf> exp02_logging: XY 10323 -8355840 -8355840[0m
[00:00:10.331,420] [0m<inf> exp02_logging: XY 10331 -8355840 -8355840[0m
[00:00:10.339,447] [0m<inf> exp02_logging: XY 10339 -8355840 -8355840[0m
[00:00:10.347,473] [0m<inf> exp02_logging: XY 10347 -8355840 -8355840[0m
[00:00:10.355,499] [0m<inf> exp02_logging: XY 10355 -8355840 -8355840[0m
[00:00:10.363,525] [0m<inf> exp02_logging: XY 10363 -8355840 -8355840[0m
[00:00:10.371,551] [0m<inf> exp02_logging: XY 10371 -8355840 -8355840[0m
[00:00:10.379,577] [0m<inf> exp02_logging: XY 10379 -8355840 -8355840[0m
[00:00:10.387,603] [0m<inf> exp02_logging: XY 10387 -8355840 -8355840[0m
[00:00:10.395,629] [0m<inf> exp02_logging: XY 10395 -8355840 -8355840[0m
[00:00:10.403,656] [0m<inf> exp02_logging: XY 10403 -8355840 -8355840[0m
[00:00:10.411,682] [0m<inf> exp02_logging: XY 10411 -8355840 -8355840[0m
[00:00:10.419,677] [0m<inf> exp02_logging: XY 10419 -8355840 -8355840[0m
[00:00:10.427,734] [0m<inf> exp02_logging: XY 10427 -8355840 -8355840[0m
[00:00:10.435,760] [0m<inf> exp02_logging: XY 10435 -8355840 -8355840[0m
[00:00:10.443,786] [0m<inf> exp02_logging: XY 10443 -8355840 -8355840[0m
[00:00:10.451,812] [0m<inf> exp02_logging: XY 10451 -8355840 -8355840[0m
[00:00:10.459,838] [0m<inf> exp02_logging: XY 10459 -8355840 -8355840[0m
[00:00:10.467,864] [0m<inf> exp02_logging: XY 10467 -8355840 -8355840[0m
[00:00:10.475,891] [0m<inf> exp02_logging: XY 10475 -8355840 -8355840[0m
[00:00:10.483,917] [0m<inf> exp02_logging: XY 10483 -8355840 -8355840[0m
[00:00:10.491,943] [0m<inf> exp02_logging: XY 10491 -8355840 -8355840[0m
[00:00:10.499,969] [0m<inf> exp02_logging: XY 10499 -8355840 -8355840[0m
[00:00:10.507,995] [0m<inf> exp02_logging: XY 10507 -8355840 -8355840[0m
[00:00:10.516,021] [0m<inf> exp02_logging: XY 10516 -8355840 -8355840[0m
[00:00:10.524,047] [0m<inf> exp02_logging: XY 10524 -8355840 -8355840[0m
[00:00:10.532,073] [0m<inf> exp02_logging: XY 10532 -8355840 -8355840[0m
[00:00:10.540,100] [0m<inf> exp02_logging: XY 10540 -8355840 -8355840[0m
[00:00:10.548,126] [0m<inf> exp02_logging: XY 10548 -8355840 -8355840[0m
[00:00:10.556,152] [0m<inf> exp02_logging: XY 10556 -8355840 -8355840[0m
[00:00:10.564,178] [0m<inf> exp02_logging: XY 10564 -8355840 -8355840[0m
[00:00:10.572,204] [0m<inf> exp02_logging: XY 10572 -8355840 -8355840[0m
[00:00:10.580,230] [0m<inf> exp02_logging: XY 10580 -8355840 -8355840[0m
[00:00:10.588,256] [0m<inf> exp02_logging: XY 10588 -8355840 -8355840[0m
[00:00:10.596,282] [0m<inf> exp02_logging: XY 10596 -8355840 -8355840[0m
[00:00:10.604,309] [0m<inf> exp02_logging: XY 10604 -8355840 -8355840[0m
[00:00:10.612,335] [0m<inf> exp02_logging: XY 10612 -8355840 -8355840[0m
[00:00:10.620,361] [0m<inf> exp02_logging: XY 10620 -8355840 -8355840[0m
[00:00:10.628,387] [0m<inf> exp02_logging: XY 10628 -8355840 -8355840[0m
[00:00:10.636,413] [0m<inf> exp02_logging: XY 10636 -8355840 -8355840[0m
[00:00:10.644,439] [0m<inf> exp02_logging: XY 10644 -8355840 -8355840[0m
[00:00:10.652,465] [0m<inf> exp02_logging: XY 10652 -8355840 -8355840[0m
[00:00:10.660,491] [0m<inf> exp02_logging: XY 10660 -8355840 -8355840[0m
[00:00:10.668,518] [0m<inf> exp02_logging: XY 10668 -8355840 -8355840[0m
[00:00:10.676,544] [0m<inf> exp02_logging: XY 10676 -8355840 -8355840[0m
[00:00:10.684,570] [0m<inf> exp02_logging: XY 10684 -8355840 -8355840[0m
[00:00:10.692,596] [0m<inf> exp02_logging: XY 10692 -8355840 -8355840[0m
[00:00:10.700,622] [0m<inf> exp02_logging: XY 10700 -8355840 -8355840[0m
[00:00:10.708,648] [0m<inf> exp02_logging: XY 10708 -8355840 -8355840[0m
[00:00:10.716,674] [0m<inf> exp02_logging: XY 10716 -8355840 -8355840[0m
[00:00:10.724,700] [0m<inf> exp02_logging: XY 10724 -8355840 -8355840[0m
[00:00:10.732,727] [0m<inf> exp02_logging: XY 10732 -8355840 -8355840[0m
[00:00:10.740,753] [0m<inf> exp02_logging: XY 10740 -8355840 -8355840[0m
[00:00:10.748,779] [0m<inf> exp02_logging: XY 10748 -8355840 -8355840[0m
[00:00:10.756,805] [0m<inf> exp02_logging: XY 10756 -8355840 -8355840[0m
[00:00:10.764,831] [0m<inf> exp02_logging: XY 10764 -8355840 -8355840[0m
[00:00:10.772,857] [0m<inf> exp02_logging: XY 10772 -8355840 -8355840[0m
[00:00:10.780,883] [0m<inf> exp02_logging: XY 10780 -8355840 -8355840[0m
[00:00:10.788,909] [0m<inf> exp02_logging: XY 10788 -8355840 -8355840[0m
[00:00:10.796,936] [0m<inf> exp02_logging: XY 10796 -8355840 -8355840[0m
[00:00:10.804,962] [0m<inf> exp02_logging: XY 10804 -8355840 -8355840[0m
[00:00:10.812,988] [0m<inf> exp02_logging: XY 10812 -8355840 -8355840[0m
[00:00:10.821,014] [0m<inf> exp02_logging: XY 10821 -8355840 -8355840[0m
[00:00:10.829,040] [0m<inf> exp02_logging: XY 10829 -8355840 -8355840[0m
[00:00:10.837,066] [0m<inf> exp02_logging: XY 10837 -8355840 -8355840[0m
[00:00:10.845,092] [0m<inf> exp02_logging: XY 10845 -8355840 -8355840[0m
[00:00:10.853,118] [0m<inf> exp02_logging: XY 10853 -8355840 -8355840[0m
[00:00:10.861,145] [0m<inf> exp02_logging: XY 10861 -8355840 -8355840[0m
[00:00:10.869,171] [0m<inf> exp02_logging: XY 10869 -8355840 -8355840[0m
[00:00:10.877,197] [0m<inf> exp02_logging: XY 10877 -8355840 -8355840[0m
[00:00:10.885,223] [0m<inf> exp02_logging: XY 10885 -8355840 -8355840[0m
[00:00:10.893,249] [0m<inf> exp02_logging: XY 10893 -8355840 -8355840[0m
[00:00:10.901,275] [0m<inf> exp02_logging: XY 10901 -8355840 -8355840[0m
[00:00:10.909,301] [0m<inf> exp02_logging: XY 10909 -8355840 -8355840[0m
[00:00:10.917,327] [0m<inf> exp02_logging: XY 10917 -8355840 -8355840[0m
[00:00:10.925,354] [0m<inf> exp02_logging: XY 10925 -8355840 -8355840[0m
[00:00:10.933,380] [0m<inf> exp02_logging: XY 10933 -8355840 -8355840[0m
[00:00:10.941,406] [0m<inf> exp02_logging: XY 10941 -8355840 -8355840[0m
[00:00:10.949,432] [0m<inf> exp02_logging: XY 10949 -8355840 -8355840[0m
[00:00:10.957,458] [0m<inf> exp02_logging: XY 10957 -8355840 -8355840[0m
[00:00:10.965,484] [0m<inf> exp02_logging: XY 10965 -8355840 -8355840[0m
[00:00:10.973,510] [0m<inf> exp02_logging: XY 10973 -8355840 -8355840[0m
[00:00:10.981,536] [0m<inf> exp02_logging: XY 10981 -8355840 -8355840[0m
[00:00:10.989,562] [0m<inf> exp02_logging: XY 10989 -8355840 -8355840[0m
[00:00:10.997,589] [0m<inf> exp02_logging: XY 10997 -8355840 -8355840[0m
[00:00:11.005,615] [0m<inf> exp02_logging: XY 11005 -8355840 -8355840[0m
[00:00:11.013,641] [0m<inf> exp02_logging: XY 11013 -8355840 -8355840[0m
[00:00:11.021,667] [0m<inf> exp02_logging: XY 11021 -8355840 -8355840[0m
[00:00:11.029,693] [0m<inf> exp02_logging: XY 11029 -8355840 -8355840[0m
[00:00:11.037,719] [0m<inf> exp02_logging: XY 11037 -8355840 -8355840[0m
[00:00:11.045,745] [0m<inf> exp02_logging: XY 11045 -8355840 -8355840[0m
[00:00:11.053,771] [0m<inf> exp02_logging: XY 11053 -8355840 -8355840[0m
[00:00:11.061,798] [0m<inf> exp02_logging: XY 11061 -8355840 -8355840[0m
[00:00:11.069,824] [0m<inf> exp02_logging: XY 11069 -8355840 -8355840[0m
[00:00:11.077,850] [0m<inf> exp02_logging: XY 11077 -8355840 -8355840[0m
[00:00:11.085,876] [0m<inf> exp02_logging: XY 11085 -8355840 -8355840[0m
[00:00:11.093,902] [0m<inf> exp02_logging: XY 11093 -8355840 -8355840[0m
[00:00:11.101,928] [0m<inf> exp02_logging: XY 11101 -8355840 -8355840[0m
[00:00:11.109,954] [0m<inf> exp02_logging: XY 11109 -8355840 -8355840[0m
[00:00:11.117,980] [0m<inf> exp02_logging: [[00:00:09.384,307] [0m<inf> exp02_logging: XY 9384 -8355840 -8355840[0m
[00:00:09.392,333] [0m<inf> exp02_logging: XY 9392 -8355840 -8355840[0m
[00:00:09.400,421] [0m<inf> exp02_logging: XY 9400 -8355840 -8355840[0m
[00:00:09.408,416] [0m<inf> exp02_logging: XY 9408 -8355840 -8355840[0m
[00:00:09.416,442] [0m<inf> exp02_logging: XY 9416 -8355840 -8355840[0m
[00:00:09.424,438] [0m<inf> exp02_logging: XY 9424 -8355840 -8355840[0m
[00:00:09.432,495] [0m<inf> exp02_logging: XY 9432 -8355840 -8355840[0m
[00:00:09.440,521] [0m<inf> exp02_logging: XY 9440 -8355840 -8355840[0m
[00:00:09.448,547] [0m<inf> exp02_logging: XY 9448 -8355840 -8355840[0m
[00:00:09.456,573] [0m<inf> exp02_logging: XY 9456 -8355840 -8355840[0m
[00:00:09.464,599] [0m<inf> exp02_logging: XY 9464 -8355840 -8355840[0m
[00:00:09.472,625] [0m<inf> exp02_logging: XY 9472 -8355840 -8355840[0m
[00:00:09.480,651] [0m<inf> exp02_logging: XY 9480 -8355840 -8355840[0m
[00:00:09.488,677] [0m<inf> exp02_logging: XY 9488 -8355840 -8355840[0m
[00:00:09.496,704] [0m<inf> exp02_logging: XY 9496 -8355840 -8355840[0m
[00:00:09.504,730] [0m<inf> exp02_logging: XY 9504 -8355840 -8355840[0m
[00:00:09.512,756] [0m<inf> exp02_logging: XY 9512 -8355840 -8355840[0m
[00:00:09.520,782] [0m<inf> exp02_logging: XY 9520 -8355840 -8355840[0m
[00:00:09.528,808] [0m<inf> exp02_logging: XY 9528 -8355840 -8355840[0m
[00:00:09.536,834] [0m<inf> exp02_logging: XY 9536 -8355840 -8355840[0m
[00:00:09.544,860] [0m<inf> exp02_logging: XY 9544 -8355840 -8355840[0m
[00:00:09.552,886] [0m<inf> exp02_logging: XY 9552 -8355840 -8355840[0m
[00:00:09.560,913] [0m<inf> exp02_logging: XY 9560 -8355840 -8355840[0m
[00:00:09.568,939] [0m<inf> exp02_logging: XY 9568 -8355840 -8355840[0m
[00:00:09.576,965] [0m<inf> exp02_logging: XY 9576 -8355840 -8355840[0m
[00:00:09.584,991] [0m<inf> exp02_logging: XY 9584 -8355840 -8355840[0m
[00:00:09.593,017] [0m<inf> exp02_logging: XY 9592 -8355840 -8355840[0m
[00:00:09.601,043] [0m<inf> exp02_logging: XY 9601 -8355840 -8355840[0m
[00:00:09.609,069] [0m<inf> exp02_logging: XY 9609 -8355840 -8355840[0m
[00:00:09.617,095] [0m<inf> exp02_logging: XY 9617 -8355840 -8355840[0m
[00:00:09.625,122] [0m<inf> exp02_logging: XY 9625 -8355840 -8355840[0m
[00:00:09.633,148] [0m<inf> exp02_logging: XY 9633 -8355840 -8355840[0m
[00:00:09.641,174] [0m<inf> exp02_logging: XY 9641 -8355840 -8355840[0m
[00:00:09.649,200] [0m<inf> exp02_logging: XY 9649 -8355840 -8355840[0m
[00:00:09.657,226] [0m<inf> exp02_logging: XY 9657 -8355840 -8355840[0m
[00:00:09.665,252] [0m<inf> exp02_logging: XY 9665 -8355840 -8355840[0m
[00:00:09.673,278] [0m<inf> exp02_logging: XY 9673 -8355840 -8355840[0m
[00:00:09.681,304] [0m<inf> exp02_logging: XY 9681 -8355840 -8355840[0m
[00:00:09.689,331] [0m<inf> exp02_logging: XY 9689 -8355840 -8355840[0m
[00:00:09.697,357] [0m<inf> exp02_logging: XY 9697 -8355840 -8355840[0m
[00:00:09.705,383] [0m<inf> exp02_logging: XY 9705 -8355840 -8355840[0m
[00:00:09.713,409] [0m<inf> exp02_logging: XY 9713 -8355840 -8355840[0m
[00:00:09.721,435] [0m<inf> exp02_logging: XY 9721 -8355840 -8355840[0m
[00:00:09.729,461] [0m<inf> exp02_logging: XY 9729 -8355840 -8355840[0m
[00:00:09.737,487] [0m<inf> exp02_logging: XY 9737 -8355840 -8355840[0m
[00:00:09.745,513] [0m<inf> exp02_logging: XY 9745 -8355840 -8355840[0m
[00:00:09.753,540] [0m<inf> exp02_logging: XY 9753 -8355840 -8355840[0m
[00:00:09.761,566] [0m<inf> exp02_logging: XY 9761 -8355840 -8355840[0m
[00:00:09.769,592] [0m<inf> exp02_logging: XY 9769 -8355840 -8355840[0m
[00:00:09.777,618] [0m<inf> exp02_logging: XY 9777 -8355840 -8355840[0m
[00:00:09.785,644] [0m<inf> exp02_logging: XY 9785 -8355840 -8355840[0m
[00:00:09.793,670] [0m<inf> exp02_logging: XY 9793 -8355840 -8355840[0m
[00:00:09.801,696] [0m<inf> exp02_logging: XY 9801 -8355840 -8355840[0m
[00:00:09.809,722] [0m<inf> exp02_logging: XY 9809 -8355840 -8355840[0m
[00:00:09.817,749] [0m<inf> exp02_logging: XY 9817 -8355840 -8355840[0m
[00:00:09.825,775] [0m<inf> exp02_logging: XY 9825 -8355840 -8355840[0m
[00:00:09.833,801] [0m<inf> exp02_logging: XY 9833 -8355840 -8355840[0m
[00:00:09.841,827] [0m<inf> exp02_logging: XY 9841 -8355840 -8355840[0m
[00:00:09.849,853] [0m<inf> exp02_logging: XY 9849 -8355840 -8355840[0m
[00:00:09.857,879] [0m<inf> exp02_logging: XY 9857 -8355840 -8355840[0m
[00:00:09.865,905] [0m<inf> exp02_logging: XY 9865 -8355840 -8355840[0m
[00:00:09.873,931] [0m<inf> exp02_logging: XY 9873 -8355840 -8355840[0m
[00:00:09.881,958] [0m<inf> exp02_logging: XY 9881 -8355840 -8355840[0m
[00:00:09.889,984] [0m<inf> exp02_logging: XY 9889 -8355840 -8355840[0m
[00:00:09.898,010] [0m<inf> exp02_logging: XY 9897 -8355840 -8355840[0m
[00:00:09.906,036] [0m<inf> exp02_logging: XY 9906 -8355840 -8355840[0m
[00:00:09.914,062] [0m<inf> exp02_logging: XY 9914 -8355840 -8355840[0m
[00:00:09.922,088] [0m<inf> exp02_logging: XY 9922 -8355840 -8355840[0m
[00:00:09.930,114] [0m<inf> exp02_logging: XY 9930 -8355840 -8355840[0m
[00:00:09.938,140] [0m<inf> exp02_logging: XY 9938 -8355840 -8355840[0m
[00:00:09.946,166] [0m<inf> exp02_logging: XY 9946 -8355840 -8355840[0m
[00:00:09.954,193] [0m<inf> exp02_logging: XY 9954 -8355840 -8355840[0m
[00:00:09.962,219] [0m<inf> exp02_logging: XY 9962 -8355840 -8355840[0m
[00:00:09.970,245] [0m<inf> exp02_logging: XY 9970 -8355840 -8355840[0m
[00:00:09.978,271] [0m<inf> exp02_logging: XY 9978 -8355840 -8355840[0m
[00:00:09.986,297] [0m<inf> exp02_logging: XY 9986 -8355840 -8355840[0m
[00:00:09.994,323] [0m<inf> exp02_logging: XY 9994 -8355840 -8355840[0m
[00:00:10.002,349] [0m<inf> exp02_logging: XY 10002 -8355840 -8355840[0m
[00:00:10.010,375] [0m<inf> exp02_logging: XY 10010 -8355840 -8355840[0m
[00:00:10.018,402] [0m<inf> exp02_logging: XY 10018 -8355840 -8355840[0m
[00:00:10.026,428] [0m<inf> exp02_logging: XY 10026 -8355840 -8355840[0m
[00:00:10.034,454] [0m<inf> exp02_logging: XY 10034 -8355840 -8355840[0m
[00:00:10.042,480] [0m<inf> exp02_logging: XY 10042 -8355840 -8355840[0m
[00:00:10.050,506] [0m<inf> exp02_logging: XY 10050 -8355840 -8355840[0m
[00:00:10.058,532] [0m<inf> exp02_logging: XY 10058 -8355840 -8355840[0m
[00:00:10.066,558] [0m<inf> exp02_logging: XY 10066 -8355840 -8355840[0m
[00:00:10.074,584] [0m<inf> exp02_logging: XY 10074 -8355840 -8355840[0m
[00:00:10.082,611] [0m<inf> exp02_logging: XY 10082 -8355840 -8355840[0m
[00:00:10.090,637] [0m<inf> exp02_logging: XY 10090 -8355840 -8355840[0m
[00:00:10.098,663] [0m<inf> exp02_logging: XY 10098 -8355840 -8355840[0m
[00:00:10.106,689] [0m<inf> exp02_logging: XY 10106 -8355840 -8355840[0m
[00:00:10.114,715] [0m<inf> exp02_logging: XY 10114 -8355840 -8355840[0m
[00:00:10.122,741] [0m<inf> exp02_logging: XY 10122 -8355840 -8355840[0m
[00:00:10.130,767] [0m<inf> exp02_logging: XY 10130 -8355840 -8355840[0m
[00:00:10.138,793] [0m<inf> exp02_logging: XY 10138 -8355840 -8355840[0m
[00:00:10.146,820] [0m<inf> exp02_logging: XY 10146 -8355840 -8355840[0m
[00:00:10.154,846] [0m<inf> exp02_logging: XY 10154 -8355840 -8355840[0m
[00:00:10.162,872] [0m<inf> exp02_logging: XY 10162 -8355840 -8355840[0m
[00:00:10.170,898] [0m<inf> exp02_logging: XY 10170 -8355840 -8355840[0m
[00:00:10.178,924] [0m<inf> exp02_logging: XY 10178 -8355840 -8355840[0m
[00:00:10.186,950] [0m<inf> exp02_logging: XY 10186 -8355840 -8355840[0m
[00:00:10.194,976] [0m<inf> exp02_logging: XY 10194 -8355840 -8355840[0m
[00:00:10.203,002] [0m<inf> exp02_logging: XY 10202 -8355840 -8355840[0m
[00:00:10.211,029] [0m<inf> exp02_logging: XY 10211 -8355840 -8355840[0m
[00:00:10.219,055] [0m<inf> exp02_logging: XY 10219 -8355840 -8355840[0m
[00:00:10.227,081] [0m<inf> exp02_logging: XY 10227 -8355840 -8355840[0m
[00:00:10.235,107] [0m<inf> exp02_logging: XY 10235 -8355840 -8355840[0m
[00:00:10.243,133] [0m<inf> exp02_logging: XY 10243 -8355840 -8355840[0m
[00:00:10.251,159] [0m<inf> exp02_logging: XY 10251 -8355840 -8355840[0m
[00:00:10.259,185] [0m<inf> exp02_logging: XY 10259 -8355840 -8355840[0m
[00:00:10.267,211] [0m<inf> exp02_logging: XY 10267 -8355840 -8355840[0m
[00:00:10.275,238] [0m<inf> exp02_logging: XY 10275 -8355840 -8355840[0m
[00:00:10.283,264] [0m<inf> exp02_logging: XY 10283 -8355840 -8355840[0m
[00:00:10.291,290] [0m<inf> exp02_logging: XY 10291 -8355840 -8355840[0m
[00:00:10.299,316] [0m<inf> exp02_logging: XY 10299 -8355840 -8355840[0m
[00:00:10.307,342] [0m<inf> exp02_logging: XY 10307 -8355840 -8355840[0m
[00:00:10.315,368] [0m<inf> exp02_logging: XY 10315 -8355840 -8355840[0m
[00:00:10.323,394] [0m<inf> exp02_logging: XY 10323 -8355840 -8355840[0m
[00:00:10.331,420] [0m<inf> exp02_logging: XY 10331 -8355840 -8355840[0m
[00:00:10.339,447] [0m<inf> exp02_logging: XY 10339 -8355840 -8355840[0m
[00:00:10.347,473] [0m<inf> exp02_logging: XY 10347 -8355840 -8355840[0m
[00:00:10.355,499] [0m<inf> exp02_logging: XY 10355 -8355840 -8355840[0m
[00:00:10.363,525] [0m<inf> exp02_logging: XY 10363 -8355840 -8355840[0m
[00:00:10.371,551] [0m<inf> exp02_logging: XY 10371 -8355840 -8355840[0m
[00:00:10.379,577] [0m<inf> exp02_logging: XY 10379 -8355840 -8355840[0m
[00:00:10.387,603] [0m<inf> exp02_logging: XY 10387 -8355840 -8355840[0m
[00:00:10.395,629] [0m<inf> exp02_logging: XY 10395 -8355840 -8355840[0m
[00:00:10.403,656] [0m<inf> exp02_logging: XY 10403 -8355840 -8355840[0m
[00:00:10.411,682] [0m<inf> exp02_logging: XY 10411 -8355840 -8355840[0m
[00:00:10.419,677] [0m<inf> exp02_logging: XY 10419 -8355840 -8355840[0m
[00:00:10.427,734] [0m<inf> exp02_logging: XY 10427 -8355840 -8355840[0m
[00:00:10.435,760] [0m<inf> exp02_logging: XY 10435 -8355840 -8355840[0m
[00:00:10.443,786] [0m<inf> exp02_logging: XY 10443 -8355840 -8355840[0m
[00:00:10.451,812] [0m<inf> exp02_logging: XY 10451 -8355840 -8355840[0m
[00:00:10.459,838] [0m<inf> exp02_logging: XY 10459 -8355840 -8355840[0m
[00:00:10.467,864] [0m<inf> exp02_logging: XY 10467 -8355840 -8355840[0m
[00:00:10.475,891] [0m<inf> exp02_logging: XY 10475 -8355840 -8355840[0m
[00:00:10.483,917] [0m<inf> exp02_logging: XY 10483 -8355840 -8355840[0m
[00:00:10.491,943] [0m<inf> exp02_logging: XY 10491 -8355840 -8355840[0m
[00:00:10.499,969] [0m<inf> exp02_logging: XY 10499 -8355840 -8355840[0m
[00:00:10.507,995] [0m<inf> exp02_logging: XY 10507 -8355840 -8355840[0m
[00:00:10.516,021] [0m<inf> exp02_logging: XY 10516 -8355840 -8355840[0m
[00:00:10.524,047] [0m<inf> exp02_logging: XY 10524 -8355840 -8355840[0m
[00:00:10.532,073] [0m<inf> exp02_logging: XY 10532 -8355840 -8355840[0m
[00:00:10.540,100] [0m<inf> exp02_logging: XY 10540 -8355840 -8355840[0m
[00:00:10.548,126] [0m<inf> exp02_logging: XY 10548 -8355840 -8355840[0m
[00:00:10.556,152] [0m<inf> exp02_logging: XY 10556 -8355840 -8355840[0m
[00:00:10.564,178] [0m<inf> exp02_logging: XY 10564 -8355840 -8355840[0m
[00:00:10.572,204] [0m<inf> exp02_logging: XY 10572 -8355840 -8355840[0m
[00:00:10.580,230] [0m<inf> exp02_logging: XY 10580 -8355840 -8355840[0m
[00:00:10.588,256] [0m<inf> exp02_logging: XY 10588 -8355840 -8355840[0m
[00:00:10.596,282] [0m<inf> exp02_logging: XY 10596 -8355840 -8355840[0m
[00:00:10.604,309] [0m<inf> exp02_logging: XY 10604 -8355840 -8355840[0m
[00:00:10.612,335] [0m<inf> exp02_logging: XY 10612 -8355840 -8355840[0m
[00:00:10.620,361] [0m<inf> exp02_logging: XY 10620 -8355840 -8355840[0m
[00:00:10.628,387] [0m<inf> exp02_logging: XY 10628 -8355840 -8355840[0m
[00:00:10.636,413] [0m<inf> exp02_logging: XY 10636 -8355840 -8355840[0m
[00:00:10.644,439] [0m<inf> exp02_logging: XY 10644 -8355840 -8355840[0m
[00:00:10.652,465] [0m<inf> exp02_logging: XY 10652 -8355840 -8355840[0m
[00:00:10.660,491] [0m<inf> exp02_logging: XY 10660 -8355840 -8355840[0m
[00:00:10.668,518] [0m<inf> exp02_logging: XY 10668 -8355840 -8355840[0m
[00:00:10.676,544] [0m<inf> exp02_logging: XY 10676 -8355840 -8355840[0m
[00:00:10.684,570] [0m<inf> exp02_logging: XY 10684 g: XY 10692 -8355840 -8355840[0m
[00:00:10.700,622] [0m<inf> exp02_logging: XY 10700 -8355840 -8355840[0m
[00:00:10.708,648] [0m<inf> exp02_logging: XY 10708 -8355840 -8355840[0m
[00:00:10.716,674] [0m<inf> exp02_logging: XY 10716 -8355840 -8355840[0m
[00:00:10.724,700] [0m<inf> exp02_logging: XY 10724 -8355840 -8355840[0m
[00:00:10.732,727] [0m<inf> exp02_logging: XY 10732 -8355840 -8355840[0m
[00:00:10.740,753] [0m<inf> exp02_logging: XY 10740 -8355840 -8355840[0m
[00:00:10.748,779] [0m<inf> exp02_logging: XY 10748 -8355840 -8355840[0m
[00:00:10.756,805] [0m<inf> exp02_logging: XY 10756 -8355840 -8355840[0m
[00:00:10.764,831] [0m<inf> exp02_logging: XY 10764 -8355840 -8355840[0m
[00:00:10.772,857] [0m<inf> exp02_logging: XY 10772 -8355840 -8355840[0m
[00:00:10.780,883] [0m<inf> exp02_logging: XY 10780 -8355840 -8355840[0m
[00:00:10.788,909] [0m<inf> exp02_logging: XY 10788 -8355840 -8355840[0m
[00:00:10.796,936] [0m<inf> exp02_logging: XY 10796 -8355840 -8355840[0m
[00:00:10.804,962] [0m<inf> exp02_logging: XY 10804 -8355840 -8355840[0m
[00:00:10.812,988] [0m<inf> exp02_logging: XY 10812 -8355840 -8355840[0m
[00:00:10.821,014] [0m<inf> exp02_logging: XY 10821 -8355840 -8355840[0m
[00:00:10.829,040] [0m<inf> exp02_logging: XY 10829 -8355840 -8355840[0m
[00:00:10.837,066] [0m<inf> exp02_logging: XY 10837 -8355840 -8355840[0m
[00:00:10.845,092] [0m<inf> exp02_logging: XY 10845 -8355840 -8355840[0m
[00:00:10.853,118] [0m<inf> exp02_logging: XY 10853 -8355840 -8355840[0m
[00:00:10.861,145] [0m<inf> exp02_logging: XY 10861 -8355840 -8355840[0m
[00:00:10.869,171] [0m<inf> exp02_logging: XY 10869 -8355840 -8355840[0m
[00:00:10.877,197] [0m<inf> exp02_logging: XY 10877 -8355840 -8355840[0m
[00:00:10.885,223] [0m<inf> exp02_logging: XY 10885 -8355840 -8355840[0m
[00:00:10.893,249] [0m<inf> exp02_logging: XY 10893 -8355840 -8355840[0m
[00:00:10.901,275] [0m<inf> exp02_logging: XY 10901 -8355840 -8355840[0m
[00:00:10.909,301] [0m<inf> exp02_logging: XY 10909 -8355840 -8355840[0m
[00:00:10.917,327] [0m<inf> exp02_logging: XY 10917 -8355840 -8355840[0m
[00:00:10.925,354] [0m<inf> exp02_logging: XY 10925 -8355840 -8355840[0m
[00:00:10.933,380] [0m<inf> exp02_logging: XY 10933 -8355840 -8355840[0m
[00:00:10.941,406] [0m<inf> exp02_logging: XY 10941 -8355840 -8355840[0m
[00:00:10.949,432] [0m<inf> exp02_logging: XY 10949 -8355840 -8355840[0m
[00:00:10.957,458] [0m<inf> exp02_logging: XY 10957 -8355840 -8355840[0m
[00:00:10.965,484] [0m<inf> exp02_logging: XY 10965 -8355840 -8355840[0m
[00:00:10.973,510] [0m<inf> exp02_logging: XY 10973 -8355840 -8355840[0m
[00:00:10.981,536] [0m<inf> exp02_logging: XY 10981 -8355840 -8355840[0m
[00:00:10.989,562] [0m<inf> exp02_logging: XY 10989 -8355840 -8355840[0m
[00:00:10.997,589] [0m<inf> exp02_logging: XY 10997 -8355840 -8355840[0m
[00:00:11.005,615] [0m<inf> exp02_logging: XY 11005 -8355840 -8355840[0m
[00:00:11.013,641] [0m<inf> exp02_logging: XY 11013 -8355840 -8355840[0m
[00:00:11.021,667] [0m<inf> exp02_logging: XY 11021 -8355840 -8355840[0m
[00:00:11.029,693] [0m<inf> exp02_logging: XY 11029 -8355840 -8355840[0m
[00:00:11.037,719] [0m<inf> exp02_logging: XY 11037 -8355840 -8355840[0m
[00:00:11.045,745] [0m<inf> exp02_logging: XY 11045 -8355840 -8355840[0m
[00:00:11.053,771] [0m<inf> exp02_logging: XY 11053 -8355840 -8355840[0m
[00:00:11.061,798] [0m<inf> exp02_logging: XY 11061 -8355840 -8355840[0m
[00:00:11.069,824] [0m<inf> exp02_logging: XY 11069 -8355840 -8355840[0m
[00:00:11.077,850] [0m<inf> exp02_logging: XY 11077 -8355840 -8355840[0m
[00:00:11.085,876] [0m<inf> exp02_logging: XY 11085 -8355840 -8355840[0m
[00:00:11.093,902] [0m<inf> exp02_logging: XY 11093 -8355840 -8355840[0m
[00:00:11.101,928] [0m<inf> exp02_logging: XY 11101 -8355840 -8355840[0m
[00:00:11.109,954] [0m<inf> exp02_logging: XY 11109 -8355840 -8355840[0m
[00:00:11.117,980] [0m<inf> exp02_logging: [00:00:12.370,147] [0m<inf> exp02_logging: XY 12370 -8355840 -8355840[0m
[00:00:12.378,173] [0m<inf> exp02_logging: XY 12378 -8355840 -8355840[0m
[00:00:12.386,230] [0m<inf> exp02_logging: XY 12386 -8355840 -8355840[0m
[00:00:12.394,195] [0m<inf> exp02_logging: XY 12394 -8355840 -8355840[0m
[00:00:12.402,191] [0m<inf> exp02_logging: XY 12402 -8355840 -8355840[0m
[00:00:12.410,186] [0m<inf> exp02_logging: XY 12410 -8355840 -8355840[0m
[00:00:12.418,212] [0m<inf> exp02_logging: XY 12418 -8355840 -8355840[0m
[00:00:12.426,239] [0m<inf> exp02_logging: XY 12426 -8355840 -8355840[0m
[00:00:12.434,265] [0m<inf> exp02_logging: XY 12434 -8355840 -8355840[0m
[00:00:12.442,291] [0m<inf> exp02_logging: XY 12442 -8355840 -8355840[0m
[m
[1;32muart[00:00:12.:~$ [m450,317] [0m<inf> exp02_logging: XY 12450 -8355840 -8355840[0m
[00:00:12.458,404] [0m<inf> exp02_logging: XY 12458 -8355840 -8355840[0m
[00:00:12.466,400] [0m<inf> exp02_logging: XY 12466 -8355840 -8355840[0m
[00:00:12.474,395] [0m<inf> exp02_logging: XY 12474 -8355840 -8355840[0m
[00:00:12.482,421] [0m<inf> exp02_logging: XY 12482 -8355840 -8355840[0m
[00:00:12.490,447] [0m<inf> exp02_logging: XY 12490 -8355840 -8355840[0m
[00:00:12.498,474] [0m<inf> exp02_logging: XY 12498 -8355840 -8355840[0m
[00:00:12.506,500] [0m<inf> exp02_logging: XY 12506 -8355840 -8355840[0m
[00:00:12.514,526] [0m<inf> exp02_logging: XY 12514 -8355840 -8355840[0m
[00:00:12.522,552] [0m<inf> exp02_logging: XY 12522 -8355840 -8355840[0m
[00:00:12.530,578] [0m<inf> exp02_logging: XY 12530 -8355840 -8355840[0m
[00:00:12.538,604] [0m<inf> exp02_logging: XY 12538 -8355840 -8355840[0m
[00:00:12.546,630] [0m<inf> exp02_logging: XY 12546 -8355840 -8355840[0m
[00:00:12.554,656] [0m<inf> exp02_logging: XY 12554 -8355840 -8355840[0m
[00:00:12.562,683] [0m<inf> exp02_logging: XY 12562 -8355840 -8355840[0m
[00:00:12.570,709] [0m<inf> exp02_logging: XY 12570 -8355840 -8355840[0m
[00:00:12.578,735] [0m<inf> exp02_logging: XY 12578 -8355840 -8355840[0m
[00:00:12.586,761] [0m<inf> exp02_logging: XY 12586 -8355840 -8355840[0m
[00:00:12.594,787] [0m<inf> exp02_logging: XY 12594 -8355840 -8355840[0m
[00:00:12.602,813] [0m<inf> exp02_logging: XY 12602 -8355840 -8355840[0m
[00:00:12.610,839] [0m<inf> exp02_logging: XY 12610 -8355840 -8355840[0m
[00:00:12.618,865] [0m<inf> exp02_logging: XY 12618 -8355840 -8355840[0m
[00:00:12.626,892] [0m<inf> exp02_logging: XY 12626 -8355840 -8355840[0m
[00:00:12.634,918] [0m<inf> exp02_logging: XY 12634 -8355840 -8355840[0m
[00:00:12.642,944] [0m<inf> exp02_logging: XY 12642 -8355840 -8355840[0m
[00:00:12.650,970] [0m<inf> exp02_logging: XY 12650 -8355840 -8355840[0m
[00:00:12.658,996] [0m<inf> exp02_logging: XY 12658 -8355840 -8355840[0m
[00:00:12.667,022] [0m<inf> exp02_logging: XY 12667 -8355840 -8355840[0m
[00:00:12.675,048] [0m<inf> exp02_logging: XY 12675 -8355840 -8355840[0m
[00:00:12.683,074] [0m<inf> exp02_logging: XY 12683 -8355840 -8355840[0m
[00:00:12.691,101] [0m<inf> exp02_logging: XY 12691 -8355840 -8355840[0m
[00:00:12.699,127] [0m<inf> exp02_logging: XY 12699 -8355840 -8355840[0m
[00:00:12.707,153] [0m<inf> exp02_logging: XY 12707 -8355840 -8355840[0m
[00:00:12.715,179] [0m<inf> exp02_logging: XY 12715 -8355840 -8355840[0m
[00:00:12.723,205] [0m<inf> exp02_logging: XY 12723 -8355840 -8355840[0m
[00:00:12.731,231] [0m<inf> exp02_logging: XY 12731 -8355840 -8355840[0m
[00:00:12.739,257] [0m<inf> exp02_logging: XY 12739 -8355840 -8355840[0m
[00:00:12.747,283] [0m<inf> exp02_logging: XY 12747 -8355840 -8355840[0m
[00:00:12.755,310] [0m<inf> exp02_logging: XY 12755 -8355840 -8355840[0m
[00:00:12.763,336] [0m<inf> exp02_logging: XY 12763 -8355840 -8355840[0m
[00:00:12.771,362] [0m<inf> exp02_logging: XY 12771 -8355840 -8355840[0m
[00:00:12.779,388] [0m<inf> exp02_logging: XY 12779 -8355840 -8355840[0m
[00:00:12.787,414] [0m<inf> exp02_logging: XY 12787 -8355840 -8355840[0m
[00:00:12.795,440] [0m<inf> exp02_logging: XY 12795 -8355840 -8355840[0m
[00:00:12.803,466] [0m<inf> exp02_logging: XY 12803 -8355840 -8355840[0m
[00:00:12.811,492] [0m<inf> exp02_logging: XY 12811 -8355840 -8355840[0m
[00:00:12.819,519] [0m<inf> exp02_logging: XY 12819 -8355840 -8355840[0m
[00:00:12.827,545] [0m<inf> exp02_logging: XY 12827 -8355840 -8355840[0m
[00:00:12.835,571] [0m<inf> exp02_logging: XY 12835 -8355840 -8355840[0m
[00:00:12.843,597] [0m<inf> exp02_logging: XY 12843 -8355840 -8355840[0m
[00:00:12.851,623] [0m<inf> exp02_logging: XY 12851 -8355840 -8355840[0m
[00:00:12.859,649] [0m<inf> exp02_logging: XY 12859 -8355840 -8355840[0m
[00:00:12.867,675] [0m<inf> exp02_logging: XY 12867 -8355840 -8355840[0m
[00:00:12.875,701] [0m<inf> exp02_logging: XY 12875 -8355840 -8355840[0m
[00:00:12.883,728] [0m<inf> exp02_logging: XY 12883 -8355840 -8355840[0m
[00:00:12.891,754] [0m<inf> exp02_logging: XY 12891 -8355840 -8355840[0m
[00:00:12.899,780] [0m<inf> exp02_logging: XY 12899 -8355840 -8355840[0m
[00:00:12.907,806] [0m<inf> exp02_logging: XY 12907 -8355840 -8355840[0m
[00:00:12.915,832] [0m<inf> exp02_logging: XY 12915 -8355840 -8355840[0m
[00:00:12.923,858] [0m<inf> exp02_logging: XY 12923 -8355840 -8355840[0m
[00:00:12.931,884] [0m<inf> exp02_logging: XY 12931 -8355840 -8355840[0m
[00:00:12.939,910] [0m<inf> exp02_logging: XY 12939 -8355840 -8355840[0m
[00:00:12.947,937] [0m<inf> exp02_logging: XY 12947 -8355840 -8355840[0m
[00:00:12.955,963] [0m<inf> exp02_logging: XY 12955 -8355840 -8355840[0m
[00:00:12.963,989] [0m<inf> exp02_logging: XY 12963 -8355840 -8355840[0m
[00:00:12.972,015] [0m<inf> exp02_logging: XY 12972 -8355840 -8355840[0m
[00:00:12.980,041] [0m<inf> exp02_logging: XY 12980 -8355840 -8355840[0m
[00:00:12.988,067] [0m<inf> exp02_logging: XY 12988 -8355840 -8355840[0m
[00:00:12.996,093] [0m<inf> exp02_logging: XY 12996 -8355840 -8355840[0m
[00:00:13.004,119] [0m<inf> exp02_logging: XY 13004 -8355840 -8355840[0m
[00:00:13.012,145] [0m<inf> exp02_logging: XY 13012 -8355840 -8355840[0m
[00:00:13.020,172] [0m<inf> exp02_logging: XY 13020 -8355840 -8355840[0m
[00:00:13.028,198] [0m<inf> exp02_logging: XY 13028 -8355840 -8355840[0m
[00:00:13.036,224] [0m<inf> exp02_logging: XY 13036 -8355840 -8355840[0m
[00:00:13.044,250] [0m<inf> exp02_logging: XY 13044 -8355840 -8355840[0m
[00:00:13.052,276] [0m<inf> exp02_logging: XY 13052 -8355840 -8355840[0m
[00:00:13.060,302] [0m<inf> exp02_logging: XY 13060 -8355840 -8355840[0m
[00:00:13.068,328] [0m<inf> exp02_logging: XY 13068 -8355840 -8355840[0m
[00:00:13.076,354] [0m<inf> exp02_logging: XY 13076 -8355840 -8355840[0m
[00:00:13.084,381] [0m<inf> exp02_logging: XY 13084 -8355840 -8355840[0m
[00:00:13.092,407] [0m<inf> exp02_logging: XY 13092 -8355840 -8355840[0m
[00:00:13.100,433] [0m<inf> exp02_logging: XY 13100 -8355840 -8355840[0m
[00:00:13.108,459] [0m<inf> exp02_logging: XY 13108 -8355840 -8355840[0m
[00:00:13.116,485] [0m<inf> exp02_logging: XY 13116 -8355840 -8355840[0m
[00:00:13.124,511] [0m<inf> exp02_logging: XY 13124 -8355840 -8355840[0m
[00:00:13.132,537] [0m<inf> exp02_logging: XY 13132 -8355840 -8355840[0m
[00:00:13.140,563] [0m<inf> exp02_logging: XY 13140 -8355840 -8355840[0m
[00:00:13.148,590] [0m<inf> exp02_logging: XY 13148 -8355840 -8355840[0m
[00:00:13.156,616] [0m<inf> exp02_logging: XY 13156 -8355840 -8355840[0m
[00:00:13.164,642] [0m<inf> exp02_logging: XY 13164 -8355840 -8355840[0m
[00:00:13.172,668] [0m<inf> exp02_logging: XY 13172 -8355840 -8355840[0m
[00:00:13.180,694] [0m<inf> exp02_logging: XY 13180 -8355840 -8355840[0m
[00:00:13.188,720] [0m<inf> exp02_logging: XY 13188 -8355840 -8355840[0m
[00:00:13.196,746] [0m<inf> exp02_logging: XY 13196 -8355840 -8355840[0m
[00:00:13.204,772] [0m<inf> exp02_logging: XY 13204 -8355840 -8355840[0m
[00:00:13.212,799] [0m<inf> exp02_logging: XY 13212 -8355840 -8355840[0m
[00:00:13.220,825] [0m<inf> exp02_logging: XY 13220 -8355840 -8355840[0m
[00:00:13.228,851] [0m<inf> exp02_logging: XY 13228 -8355840 -8355840[0m
[00:00:13.236,877] [0m<inf> exp02_logging: XY 13236 -8355840 -8355840[0m
[00:00:13.244,903] [0m<inf> exp02_logging: XY 13244 -8355840 -8355840[0m
[00:00:13.252,929] [0m<inf> exp02_logging: XY 13252 -8355840 -8355840[0m
[00:00:13.260,955] [0m<inf> exp02_logging: XY 13260 -8355840 -8355840[0m
[00:00:13.268,981] [0m<inf> exp02_logging: XY 13268 -8355840 -8355840[0m
[00:00:13.277,008] [0m<inf> exp02_logging: XY 13277 -8355840 -8355840[0m
[00:00:13.285,034] [0m<inf> exp02_logging: XY 13285 -8355840 -8355840[0m
[00:00:13.293,060] [0m<inf> exp02_logging: XY 13293 -8355840 -8355840[0m
[00:00:13.301,086] [0m<inf> exp02_logging: XY 13301 -8355840 -8355840[0m
[00:00:13.309,112] [0m<inf> exp02_logging: XY 13309 -8355840 -8355840[0m
[00:00:13.317,138] [0m<inf> exp02_logging: XY 13317 -8355840 -8355840[0m
[00:00:13.325,164] [0m<inf> exp02_logging: XY 13325 -8355840 -8355840[0m
[00:00:13.333,190] [0m<inf> exp02_logging: XY 13333 -8355840 -8355840[0m
[00:00:13.341,217] [0m<inf> exp02_logging: XY 13341 -8355840 -8355840[0m
[00:00:13.349,243] [0m<inf> exp02_logging: XY 13349 -8355840 -8355840[0m
[00:00:13.357,269] [0m<inf> exp02_logging: XY 13357 -8355840 -8355840[0m
[00:00:13.365,295] [0m<inf> exp02_logging: XY 13365 -8355840 -8355840[0m
[00:00:13.373,321] [0m<inf> exp02_logging: XY 13373 -8355840 -8355840[0m
[00:00:13.381,347] [0m<inf> exp02_logging: XY 13381 -8355840 -8355840[0m
[00:00:13.389,373] [0m<inf> exp02_logging: XY 13389 -8355840 -8355840[0m
[00:00:13.397,399] [0m<inf> exp02_logging: XY 13397 -8355840 -8355840[0m
[00:00:13.405,426] [0m<inf> exp02_logging: XY 13405 -8355840 -8355840[0m
[00:00:13.413,452] [0m<inf> exp02_logging: XY 13413 -8355840 -8355840[0m
[00:00:13.421,447] [0m<inf> exp02_logging: XY 13421 -8355840 -8355840[0m
[00:00:13.429,504] [0m<inf> exp02_logging: XY 13429 -8355840 -8355840[0m
[00:00:13.437,530] [0m<inf> exp02_logging: XY 13437 -8355840 -8355840[0m
[00:00:13.445,556] [0m<inf> exp02_logging: XY 13445 -8355840 -8355840[0m
[00:00:13.453,582] [0m<inf> exp02_logging: XY 13453 -8355840 -8355840[0m
[00:00:13.461,608] [0m<inf> exp02_logging: XY 13461 -8355840 -8355840[0m
[00:00:13.469,635] [0m<inf> exp02_logging: XY 13469 -8355840 -8355840[0m
[00:00:13.477,661] [0m<inf> exp02_logging: XY 13477 -8355840 -8355840[0m
[00:00:13.485,687] [0m<inf> exp02_logging: XY 13485 -8355840 -8355840[0m
[00:00:13.493,713] [0m<inf> exp02_logging: XY 13493 -8355840 -8355840[0m
[00:00:13.501,739] [0m<inf> exp02_logging: XY 13501 -8355840 -8355840[0m
[00:00:13.509,765] [0m<inf> exp02_logging: XY 13509 -8355840 -8355840[0m
[00:00:13.517,791] [0m<inf> exp02_logging: XY 13517 -8355840 -8355840[0m
[00:00:13.525,817] [0m<inf> exp02_logging: XY 13525 -8355840 -8355840[0m
[00:00:13.533,843] [0m<inf> exp02_logging: XY 13533 -8355840 -8355840[0m
[00:00:13.541,870] [0m<inf> exp02_logging: XY 13541 -8355840 -8355840[0m
[00:00:13.549,896] [0m<inf> exp02_logging: XY 13549 -8355840 -8355840[0m
[00:00:13.557,922] [0m<inf> exp02_logging: XY 13557 -8355840 -8355840[0m
[00:00:13.565,948] [0m<inf> exp02_logging: XY 13565 -8355840 -8355840[0m
[00:00:13.573,974] [0m<inf> exp02_logging: XY 13573 -8355840 -8355840[0m
[00:00:13.582,000] [0m<inf> exp02_logging: XY 13582 -8355840 -8355840[0m
[00:00:13.590,026] [0m<inf> exp02_logging: XY 13589 -8355840 -8355840[0m
[00:00:13.598,052] [0m<inf> exp02_logging: XY 13598 -8355840 -8355840[0m
[00:00:13.606,079] [0m<inf> exp02_logging: XY 13606 -8355840 -8355840[0m
[00:00:13.614,105] [0m<inf> exp02_logging: XY 13614 -8355840 -8355840[0m
[00:00:13.622,131] [0m<inf> exp02_logging: XY 13622 -8355840 -8355840[0m
[00:00:13.630,157] [0m<inf> exp02_logging: XY 13630 -8355840 -8355840[0m
[00:00:13.638,183] [0m<inf> exp02_logging: XY 13638 -8355840 -8355840[0m
[00:00:13.646,209] [0m<inf> exp02_logging: XY 13646 -8355840 -8355840[0m
[00:00:13.654,235] [0m<inf> exp02_logging: XY 13654 -8355840 -8355840[0m
[00:00:13.662,261] [0m<inf> exp02_logging: XY 13662 -8355840 -8355840[0m
[00:00:13.670,288] [0m<inf> exp02_logging: XY 13670 -8355840 -8355840[0m
[00:00:13.678,314] [0m<inf> exp02_logging: XY 13678 -8355840 -8355840[0m
[00:00:13.686,340] [0m<inf> exp02_logging: XY 13686 -8355840 -8355840[0m
[00:00:13.694,366] [0m<inf> exp02_logging: XY 13694 -8355840 -8355840[0m
[00:00:13.702,392] [0m<inf> exp02_logging: XY 13702 -8355840 -8355840[0m
[00:00:13.710,418] [0m<inf> exp02_logging: XY 13710 -8355840 -8355840[0m
[00:00:13.718,444] [0m<inf> exp02_logging: XY 13718 -8355840 -8355840[0m
[00:00:13.726,470] [0m<inf> exp02_logging: XY 13726 -8355840 -8355840[0m
[00:00:13.734,497] [0m<inf> exp02_logging: XY 13734 -8355840 -8355840[0m
[00:00:13.742,523] [0m<inf> exp02_logging: XY 13742 -8355840 -8355840[0m
[00:00:13.750,549] [0m<inf> exp02_logging: XY 13750 -8355840 -8355840[0m
[00:00:13.758,575] [0m<inf> exp02_logging: XY 13758 -8355840 -8355840[0m
[00:00:13.766,601] [0m<inf> exp02_logging: XY 13766 -8355840 -8355840[0m
[00:00:13.774,627] [0m<inf> exp02_logging: XY 13774 -8355840 -8355840[0m
[00:00:13.782,653] [0m<inf> exp02_logging: XY 13782 -8355840 -8355840[0m
[00:00:13.790,679] [0m<inf> exp02_logging: XY 13790 -8355840 -8355840[0m
[00:00:13.798,706] [0m<inf> exp02_logging: XY 13798 -8355840 -8355840[0m
[00:00:13.806,732] [0m<inf> exp02_logging: XY 13806 -8355840 -8355840[0m
[00:00:13.814,758] [0m<inf> exp02_logging: XY 13814 -8355840 -8355840[0m
[00:00:13.822,784] [0m<inf> exp02_logging: XY 13822 -8355840 -8355840[0m
[00:00:13.830,810] [0m<inf> exp02_logging: XY 13830 -8355840 -8355840[0m
[00:00:13.838,836] [0m<inf> exp02_logging: XY 13838 -8355840 -8355840[0m
[00:00:13.846,862] [0m<inf> exp02_logging: XY 13846 -8355840 -8355840[0m
[00:00:13.854,888] [0m<inf> exp02_logging: XY 13854 -8355840 -8355840[0m
[00:00:13.862,915] [0m<inf> exp02_logging: XY 13862 -8355840 -8355840[0m
[00:00:13.870,941] [0m<inf> exp02_logging: XY 13870 -8355840 -8355840[0m
[00:00:13.878,967] [0m<inf> exp02_logging: XY 13878 -8355840 -8355840[0m
[00:00:13.886,993] [0m<inf> exp02_logging: XY 13886 -8355840 -8355840[0m
[00:00:13.895,019] [0m<inf> exp02_logging: XY 13894 -8355840 -8355840[0m
[00:00:13.903,045] [0m<inf> exp02_logging: XY 13903 -8355840 -8355840[0m
[00:00:13.911,071] [0m<inf> exp02_logging: XY 13911 -8355840 -8355840[0m
[00:00:13.919,097] [0m<inf> exp02_logging: XY 13919 -8355840 -8355840[0m
[00:00:13.927,124] [0m<inf> exp02_logging: XY 13927 -8355840 -8355840[0m
[00:00:13.935,150] [0m<inf> exp02_logging: XY 13935 -8355840 -8355840[0m
[00:00:13.943,176] [0m<inf> exp02_logging: XY 13943 -8355840 -8355840[0m
[00:00:13.951,202] [0m<inf> exp02_logging: XY 13951 -8355840 -8355840[0m
[00:00:13.959,228] [0m<inf> exp02_logging: XY 13959 -8355840 -8355840[0m
[00:00:13.967,254] [0m<inf> exp02_logging: XY 13967 -8355840 -8355840[0m
[00:00:13.975,280] [0m<inf> exp02_logging: XY 13975 -8355840 -8355840[0m
[00:00:13.983,306] [0m<inf> exp02_logging: XY 13983 -8355840 -8355840[0m
[00:00:13.991,333] [0m<inf> exp02_logging: XY 13991 -8355840 -8355840[0m
[00:00:13.999,359] [0m<inf> exp02_logging: XY 13999 -8355840 -8355840[0m
[00:00:14.007,385] [0m<inf> exp02_logging: XY 14007 -8355840 -8355840[0m
[00:00:14.015,411] [0m<inf> exp02_logging: XY 14015 -8355840 -8355840[0m
[00:00:14.023,437] [0m<inf> exp02_logging: XY 14023 -8355840 -8355840[0m
[00:00:14.031,463] [0m<inf> exp02_logging: XY 14031 -8355840 -8355840[0m
[00:00:14.039,489] [0m<inf> exp02_logging: XY 14039 -8355840 -8355840[0m
[00:00:14.047,515] [0m<inf> exp02_logging: XY 14047 -8355840 -8355840[0m
[00:00:14.055,541] [0m<inf> exp02_logging: XY 14055 -8355840 -8355840[0m
[00:00:14.063,568] [0m<inf> exp02_logging: XY 14063 -8355840 -8355840[0m
[00:00:14.071,594] [0m<inf> exp02_logging: XY 14071 -8355840 -8355840[0m
[00:00:14.079,620] [0m<inf> exp02_logging: XY 14079 -8355840 -8355840[0m
[00:00:14.087,646] [0m<inf> exp02_logging: XY 14087 -8355840 -8355840[0m
[00:00:14.095,672] [0m<inf> exp02_logging: XY 14095 -8355840 -8355840[0m
[00:00:14.103,698] [0m<inf> exp02_logging: XY 14103 -8355840 -8355840[0m
[00:00:14.111,724] [0m<inf> exp02_logging: XY 14111 -8355840 -8355840[0m
[00:00:14.119,750] [0m<inf> exp02_logging: XY 14119 -8355840 -8355840[0m
[00:00:14.127,777] [0m<inf> exp02_logging: XY 14127 -8355840 -8355840[0m
[00:00:14.135,803] [0m<inf> exp02_logging: XY 14135 -8355840 -8355840[0m
[00:00:14.143,829] [0m<inf> exp02_logging: XY 14143 -8355840 -8355840[0m
[00:00:14.151,855] [0m<inf> exp02_logging: XY 14151 -8355840 -8355840[0m
[00:00:14.159,881] [0m<inf> exp02_logging: XY 14159 -8355840 -8355840[0m
[00:00:14.167,907] [0m<inf> exp02_logging: XY 14167 -8355840 -8355840[0m
[00:00:14.175,933] [0m<inf> exp02_logging: XY 14175 -8355840 -8355840[0m
[00:00:14.183,929] [0m<inf> exp02_logging: XY 14183 -8355840 -8355840[0m
[00:00:14.191,986] [0m<inf> exp02_logging: XY 14191 -8355840 -8355840[0m
[00:00:14.200,012] [0m<inf> exp02_logging: XY 14199 -8355840 -8355840[0m
[00:00:14.208,038] [0m<inf> exp02_logging: XY 14208 -8355840 -8355840[0m
[00:00:14.216,064] [0m<inf> exp02_logging: XY 14216 -8355840 -8355840[0m
[00:00:14.224,090] [0m<inf> exp02_logging: XY 14224 -8355840 -8355840[0m
[00:00:14.232,116] [0m<inf> exp02_logging: XY 14232 -8355840 -8355840[0m
[00:00:14.240,142] [0m<inf> exp02_logging: XY 14240 -8355840 -8355840[0m
[00:00:14.248,168] [0m<inf> exp02_logging: XY 14248 -8355840 -8355840[0m
[00:00:14.256,195] [0m<inf> exp02_logging: XY 14256 -8355840 -8355840[0m
[00:00:14.264,221] [0m<inf> exp02_logging: XY 14264 -8355840 -8355840[0m
[00:00:14.272,247] [0m<inf> exp02_logging: XY 14272 -8355840 -8355840[0m
[00:00:14.280,273] [0m<inf> exp02_logging: XY 14280 -8355840 -8355840[0m
[00:00:14.288,299] [0m<inf> exp02_logging: XY 14288 -8355840 -8355840[0m
[00:00:14.296,325] [0m<inf> exp02_logging: XY 14296 -8355840 -8355840[0m
[00:00:14.304,351] [0m<inf> exp02_logging: XY 14304 -8355840 -8355840[0m
[00:00:14.312,377] [0m<inf> exp02_logging: XY 14312 -8355840 -8355840[0m
[00:00:14.320,404] [0m<inf> exp02_logging: XY 14320 -8355840 -8355840[0m
[00:00:14.328,430] [0m<inf> exp02_logging: XY 14328 -8355840 -8355840[0m
[00:00:14.336,456] [0m<inf> exp02_logging: XY 14336 -8355840 -8355840[0m
[00:00:14.344,482] [0m<inf> exp02_logging: XY 14344 -8355840 -8355840[0m
[00:00:14.352,508] [0m<inf> exp02_logging: XY 14352 -8355840 -8355840[0m
[00:00:14.360,534] [0m<inf> exp02_logging: XY 14360 -8355840 -8355840[0m
[00:00:14.368,560] [0m<inf> exp02_logging: XY 14368 -8355840 -8355840[0m
[00:00:14.376,586] [0m<inf> exp02_logging: XY 14376 -8355840 -8355840[0m
[00:00:14.384,613] [0m<inf> exp02_logging: XY 14384 -8355840 -8355840[0m
[00:00:14.392,639] [0m<inf> exp02_logging: XY 14392 -8355840 -8355840[0m
[00:00:14.400,665] [0m<inf> exp02_logging: XY 14400 -8355840 -8355840[0m
[00:00:14.408,691] [0m<inf> exp02_logging: XY 14408 -8355840 -8355840[0m
[00:00:14.416,717] [0m<inf> exp02_logging: XY 14416 -8355840 -8355840[0m
[00:00:14.424,743] [0m<inf> exp02_logging: XY 14424 -8355840 -8355840[0m
[00:00:14.432,769] [0m<inf> exp02_logging: XY 14432 -8355840 -8355840[0m
[00:00:14.440,795] [0m<inf> exp02_logging: XY 14440 -8355840 -8355840[0m
[00:00:14.448,822] [0m<inf> exp02_logging: XY 14448 -8355840 -8355840[0m
[00:00:14.456,848] [0m<inf> exp02_logging: XY 14456 -8355840 -8355840[0m
[00:00:14.464,874] [0m<inf> exp02_logging: XY 14464 -8355840 -8355840[0m
[00:00:14.472,900] [0m<inf> exp02_logging: XY 14472 -8355840 -8355840[0m
[00:00:14.480,926] [0m<inf> exp02_logging: XY 14480 -8355840 -8355840[0m
[00:00:14.488,952] [0m<inf> exp02_logging: XY 14488 -8355840 -8355840[0m
[00:00:14.496,978] [0m<inf> exp02_logging: XY 14496 -8355840 -8355840[0m
[00:00:14.505,004] [0m<inf> exp02_logging: XY 14504 -8355840 -8355840[0m
[00:00:14.513,031] [0m<inf> exp02_logging: XY 14513 -8355840 -8355840[0m
[00:00:14.521,057] [0m<inf> exp02_logging: XY 14521 -8355840 -8355840[0m
[00:00:14.529,083] [0m<inf> exp02_logging: XY 14529 -8355840 -8355840[0m
[00:00:14.537,109] [0m<inf> exp02_logging: XY 14537 -8355840 -8355840[0m
[00:00:14.545,135] [0m<inf> exp02_logging: XY 14545 -8355840 -8355840[0m
[00:00:14.553,161] [0m<inf> exp02_logging: XY 14553 -8355840 -8355840[0m
[00:00:14.561,187] [0m<inf> exp02_logging: XY 14561 -8355840 -8355840[0m
[00:00:14.569,213] [0m<inf> exp02_logging: XY 14569 -8355840 -8355840[0m
[00:00:14.577,239] [0m<inf> exp02_logging: XY 14577 -8355840 -8355840[0m
[00:00:14.585,266] [0m<inf> exp02_logging: XY 14585 -8355840 -8355840[0m
[00:00:14.593,292] [0m<inf> exp02_logging: XY 14593 -8355840 -8355840[0m
[00:00:14.601,318] [0m<inf> exp02_logging: XY 14601 -8355840 -8355840[0m
[00:00:14.609,344] [0m<inf> exp02_logging: XY 14609 -8355840 -8355840[0m
[00:00:14.617,370] [0m<inf> exp02_logging: XY 14617 -8355840 -8355840[0m
[00:00:14.625,396] [0m<inf> exp02_logging: XY 14625 -8355840 -8355840[0m
[00:00:14.633,422] [0m<inf> exp02_logging: XY 14633 -8355840 -8355840[0m
[00:00:14.641,448] [0m<inf> exp02_logging: XY 14641 -8355840 -8355840[0m
[00:00:14.649,475] [0m<inf> exp02_logging: XY 14649 -8355840 -8355840[0m
[00:00:14.657,501] [0m<inf> exp02_logging: XY 14657 -8355840 -8355840[0m
[00:00:14.665,527] [0m<inf> exp02_logging: XY 14665 -8355840 -8355840[0m
[00:00:14.673,553] [0m<inf> exp02_logging: XY 14673 -8355840 -8355840[0m
[00:00:14.681,579] [0m<inf> exp02_logging: XY 14681 -8355840 -8355840[0m
[00:00:14.689,605] [0m<inf> exp02_logging: XY 14689 -8355840 -8355840[0m
[00:00:14.697,631] [0m<inf> exp02_logging: XY 14697 -8355840 -8355840[0m
[00:00:14.705,657] [0m<inf> exp02_logging: XY 14705 -8355840 -8355840[0m
[00:00:14.713,684] [0m<inf> exp02_logging: XY 14713 -8355840 -8355840[0m
[00:00:14.721,710] [0m<inf> exp02_logging: XY 14721 -8355840 -8355840[0m
[00:00:14.729,736] [0m<inf> exp02_logging: XY 14729 -8355840 -8355840[0m
[00:00:14.737,762] [0m<inf> exp02_logging: XY 14737 -8355840 -8355840[0m
[00:00:14.745,788] [0m<inf> exp02_logging: XY 14745 -8355840 -8355840[0m
[00:00:14.753,814] [0m<inf> exp02_logging: XY 14753 -8355840 -8355840[0m
[00:00:14.761,840] [0m<inf> exp02_logging: XY 14761 -8355840 -8355840[0m
[00:00:14.769,866] [0m<inf> exp02_logging: XY 14769 -8355840 -8355840[0m
[00:00:14.777,893] [0m<inf> exp02_logging: XY 14777 -8355840 -8355840[0m
[00:00:14.785,919] [0m<inf> exp02_logging: XY 14785 -8355840 -8355840[0m
[00:00:14.793,945] [0m<inf> exp02_logging: XY 14793 -8355840 -8355840[0m
[00:00:14.801,971] [0m<inf> exp02_logging: XY 14801 -8355840 -8355840[0m
[00:00:14.809,997] [0m<inf> exp02_logging: XY 14809 -8355840 -8355840[0m
[00:00:14.818,023] [0m<inf> exp02_logging: XY 14818 -8355840 -8355840[0m
[00:00:14.826,049] [0m<inf> exp02_logging: XY 14826 -8355840 -8355840[0m
[00:00:14.834,075] [0m<inf> exp02_logging: XY 14834 -8355840 -8355840[0m
[00:00:14.842,102] [0m<inf> exp02_logging: XY 14842 -8355840 -8355840[0m
[00:00:14.850,128] [0m<inf> exp02_logging: XY 14850 -8355840 -8355840[0m
[00:00:14.858,154] [0m<inf> exp02_logging: XY 14858 -8355840 -8355840[0m
[00:00:14.866,180] [0m<inf> exp02_logging: XY 14866 -8355840 -8355840[0m
[00:00:14.874,206] [0m<inf> exp02_logging: XY 14874 -8355840 -8355840[0m
[00:00:14.882,232] [0m<inf> exp02_logging: XY 14882 -8355840 -8355840[0m
[00:00:14.890,258] [0m<inf> exp02_logging: XY 14890 -8355840 -8355840[0m
[00:00:14.898,284] [0m<inf> exp02_logging: XY 14898 -8355840 -8355840[0m
[00:00:14.906,311] [0m<inf> exp02_logging: XY 14906 -8355840 -8355840[0m
[00:00:14.914,337] [0m<inf> exp02_logging: XY 14914 -8355840 -8355840[0m
[00:00:14.922,363] [0m<inf> exp02_logging: XY 14922 -8355840 -8355840[0m
[00:00:14.930,389] [0m<inf> exp02_logging: XY 14930 -8355840 -8355840[0m
[00:00:14.938,415] [0m<inf> exp02_logging: XY 14938 -8355840 -8355840[0m
[00:00:14.946,441] [0m<inf> exp02_logging: XY 14946 -8355840 -8355840[0m
[00:00:14.954,467] [0m<inf> exp02_logging: XY 14954 -8355840 -8355840[0m
[00:00:14.962,493] [0m<inf> exp02_logging: XY 14962 -8355840 -8355840[0m
[00:00:14.970,520] [0m<inf> exp02_logging: XY 14970 -8355840 -8355840[0m
[00:00:14.978,546] [0m<inf> exp02_logging: XY 14978 -8355840 -8355840[0m
[00:00:14.986,572] [0m<inf> exp02_logging: XY 14986 -8355840 -8355840[0m
[00:00:14.994,598] [0m<inf> exp02_logging: XY 14994 -8355840 -8355840[0m
[00:00:15.002,624] [0m<inf> exp02_logging: XY 15002 -8355840 -8355840[0m
[00:00:15.010,650] [0m<inf> exp02_logging: XY 15010 -8355840 -8355840[0m
[00:00:15.018,676] [0m<inf> exp02_logging: XY 15018 -8355840 -8355840[0m
[00:00:15.026,702] [0m<inf> exp02_logging: XY 15026 -8355840 -8355840[0m
[00:00:15.034,729] [0m<inf> exp02_logging: XY 15034 -8355840 -8355840[0m
[00:00:15.042,755] [0m<inf> exp02_logging: XY 15042 -8355840 -8355840[0m
[00:00:15.050,781] [0m<inf> exp02_logging: XY 15050 -8355840 -8355840[0m
[00:00:15.058,807] [0m<inf> exp02_logging: XY 15058 -8355840 -8355840[0m
[00:00:15.066,833] [0m<inf> exp02_logging: XY 15066 -8355840 -8355840[0m
[00:00:15.074,859] [0m<inf> exp02_logging: XY 15074 -8355840 -8355840[0m
[00:00:15.082,885] [0m<inf> exp02_logging: XY 15082 -8355840 -8355840[0m
[00:00:15.090,911] [0m<inf> exp02_logging: XY 15090 -8355840 -8355840[0m
[00:00:15.098,937] [0m<inf> exp02_logging: XY 15098 -8355840 -8355840[0m
[00:00:15.106,964] [0m<inf> exp02_logging: XY 15106 -8355840 -8355840[0m
[00:00:15.114,990] [0m<inf> exp02_logging: XY 15114 -8355840 -8355840[0m
[00:00:15.123,016] [0m<inf> exp02_logging: XY 15123 -8355840 -8355840[0m
[00:00:15.131,042] [0m<inf> exp02_logging: XY 15131 -8355840 -8355840[0m
[00:00:15.139,068] [0m<inf> exp02_logging: XY 15139 -8355840 -8355840[0m
[00:00:15.147,094] [0m<inf> exp02_logging: XY 15147 -8355840 -8355840[0m
[00:00:15.155,120] [0m<inf> exp02_logging: XY 15155 -8355840 -8355840[0m
[00:00:15.163,146] [0m<inf> exp02_logging: XY 15163 -8355840 -8355840[0m
[00:00:15.171,173] [0m<inf> exp02_logging: XY 15171 -8355840 -8355840[0m
[00:00:15.179,199] [0m<inf> exp02_logging: XY 15179 -8355840 -8355840[0m
[00:00:15.187,225] [0m<inf> exp02_logging: XY 15187 -8355840 -8355840[0m
[00:00:15.195,251] [0m<inf> exp02_logging: XY 15195 -8355840 -8355840[0m
[00:00:15.203,277] [0m<inf> exp02_logging: XY 15203 -8355840 -8355840[0m
[00:00:15.211,303] [0m<inf> exp02_logging: XY 15211 -8355840 -8355840[0m
[00:00:15.219,329] [0m<inf> exp02_logging: XY 15219 -8355840 -8355840[0m
[00:00:15.227,355] [0m<inf> exp02_logging: XY 15227 -8355840 -8355840[0m
[00:00:15.235,382] [0m<inf> exp02_logging: XY 15235 -8355840 -8355840[0m
[00:00:15.243,408] [0m<inf> exp02_logging: XY 15243 -8355840 -8355840[0m
[00:00:15.251,434] [0m<inf> exp02_logging: XY 15251 -8355840 -8355840[0m
[00:00:15.259,460] [0m<inf> exp02_logging: XY 15259 -8355840 -8355840[0m
[00:00:15.267,486] [0m<inf> exp02_logging: XY 15267 -8355840 -8355840[0m
[00:00:15.275,512] [0m<inf> exp02_logging: XY 15275 -8355840 -8355840[0m
[00:00:15.283,538] [0m<inf> exp02_logging: XY 15283 -8355840 -8355840[0m
[00:00:15.291,564] [0m<inf> exp02_logging: XY 15291 -8355840 -8355840[0m
[00:00:15.299,591] [0m<inf> exp02_logging: XY 15299 -8355840 -8355840[0m
[00:00:15.307,617] [0m<inf> exp02_logging: XY 15307 -8355840 -8355840[0m
[00:00:15.315,643] [0m<inf> exp02_logging: XY 15315 -8355840 -8355840[0m
[00:00:15.323,669] [0m<inf> exp02_logging: XY 15323 -8355840 -8355840[0m
[00:00:15.331,695] [0m<inf> exp02_logging: XY 15331 -8355840 -8355840[0m
[00:00:15.339,721] [0m<inf> exp02_logging: XY 15339 -8355840 -8355840[0m
[00:00:15.347,747] [0m<inf> exp02_logging: XY 15347 -8355840 -8355840[0m
[00:00:15.355,773] [0m<inf> exp02_logging: XY 15355 -8355840 -8355840[0m
[00:00:15.363,800] [0m<inf> exp02_logging: XY 15363 -8355840 -8355840[0m
[00:00:15.371,826] [0m<inf> exp02_logging: XY 15371 -8355840 -8355840[0m
[00:00:15.379,852] [0m<inf> exp02_logging: XY 15379 -8355840 -8355840[0m
[00:00:15.387,878] [0m<inf> exp02_logging: XY 15387 -8355840 -8355840[0m
[00:00:15.395,904] [0m<inf> exp02_logging: XY 15395 -8355840 -8355840[0m
[00:00:15.403,930] [0m<inf> exp02_logging: XY 15403 -8355840 -8355840[0m
[00:00:15.411,956] [0m<inf> exp02_logging: XY 15411 -8355840 -8355840[0m
[00:00:15.419,982] [0m<inf> exp02_logging: XY 15419 -8355840 -8355840[0m
[00:00:15.428,009] [0m<inf> exp02_logging: XY 15428 -8355840 -8355840[0m
[00:00:15.436,035] [0m<inf> exp02_logging: XY 15436 -8355840 -8355840[0m
[00:00:15.444,061] [0m<inf> exp02_logging: XY 15444 -8355840 -8355840[0m
[00:00:15.452,087] [0m<inf> exp02_logging: XY 15452 -8355840 -8355840[0m
[00:00:15.460,113] [0m<inf> exp02_logging: XY 15460 -8355840 -8355840[0m
[00:00:15.468,139] [0m<inf> exp02_logging: XY 15468 -8355840 -8355840[0m
[00:00:15.476,165] [0m<inf> exp02_logging: XY 15476 -8355840 -8355840[0m
[00:00:15.484,191] [0m<inf> exp02_logging: XY 15484 -8355840 -8355840[0m
[00:00:15.492,218] [0m<inf> exp02_logging: XY 15492 -8355840 -8355840[0m
[00:00:15.500,244] [0m<inf> exp02_logging: XY 15500 -8355840 -8355840[0m
[00:00:15.508,270] [0m<inf> exp02_logging: XY 15508 -8355840 -8355840[0m
[00:00:15.516,296] [0m<inf> exp02_logging: XY 15516 -8355840 -8355840[0m
[00:00:15.524,322] [0m<inf> exp02_logging: XY 15524 -8355840 -8355840[0m
[00:00:15.532,348] [0m<inf> exp02_logging: XY 15532 -8355840 -8355840[0m
[00:00:15.540,374] [0m<inf> exp02_logging: XY 15540 -8355840 -8355840[0m
[00:00:15.548,400] [0m<inf> exp02_logging: XY 15548 -8355840 -8355840[0m
[00:00:15.556,427] [0m<inf> exp02_logging: XY 15556 -8355840 -8355840[0m
[00:00:15.564,453] [0m<inf> exp02_logging: XY 15564 -8355840 -8355840[0m
[00:00:15.572,479] [0m<inf> exp02_logging: XY 15572 -8355840 -8355840[0m
[00:00:15.580,505] [0m<inf> exp02_logging: XY 15580 -8355840 -8355840[0m
[00:00:15.588,531] [0m<inf> exp02_logging: XY 15588 -8355840 -8355840[0m
[00:00:15.596,557] [0m<inf> exp02_logging: XY 15596 -8355840 -8355840[0m
[00:00:15.604,583] [0m<inf> exp02_logging: XY 15604 -8355840 -8355840[0m
[00:00:15.612,609] [0m<inf> exp02_logging: XY 15612 -8355840 -8355840[0m
[00:00:15.620,635] [0m<inf> exp02_logging: XY 15620 -8355840 -8355840[0m
[00:00:15.628,662] [0m<inf> exp02_logging: XY 15628 -8355840 -8355840[0m
[00:00:15.636,688] [0m<inf> exp02_logging: XY 15636 -8355840 -8355840[0m
[00:00:15.644,714] [0m<inf> exp02_logging: XY 15644 -8355840 -8355840[0m
[00:00:15.652,740] [0m<inf> exp02_logging: XY 15652 -8355840 -8355840[0m
[00:00:15.660,766] [0m<inf> exp02_logging: XY 15660 -8355840 -8355840[0m
[00:00:15.668,792] [0m<inf> exp02_logging: XY 15668 -8355840 -8355840[0m
[00:00:15.676,818] [0m<inf> exp02_logging: XY 15676 -8355840 -8355840[0m
[00:00:15.684,844] [0m<inf> exp02_logging: XY 15684 -8355840 -8355840[0m
[00:00:15.692,871] [0m<inf> exp02_logging: XY 15692 -8355840 -8355840[0m
[00:00:15.700,897] [0m<inf> exp02_logging: XY 15700 -8355840 -8355840[0m
[00:00:15.708,923] [0m<inf> exp02_logging: XY 15708 -8355840 -8355840[0m
[00:00:15.716,949] [0m<inf> exp02_logging: XY 15716 -8355840 -8355840[0m
[00:00:15.724,975] [0m<inf> exp02_logging: XY 15724 -8355840 -8355840[0m
[00:00:15.733,001] [0m<inf> exp02_logging: XY 15733 -8355840 -8355840[0m
[00:00:15.741,027] [0m<inf> exp02_logging: XY 15740 -8355840 -8355840[0m
[00:00:15.749,053] [0m<inf> exp02_logging: XY 15749 -8355840 -8355840[0m
[00:00:15.757,080] [0m<inf> exp02_logging: XY 15757 -8355840 -8355840[0m
[00:00:15.765,106] [0m<inf> exp02_logging: XY 15765 -8355840 -8355840[0m
[00:00:15.773,132] [0m<inf> exp02_logging: XY 15773 -8355840 -8355840[0m
[00:00:15.781,158] [0m<inf> exp02_logging: XY 15781 -8355840 -8355840[0m
[00:00:15.789,184] [0m<inf> exp02_logging: XY 15789 -8355840 -8355840[0m
[00:00:15.797,210] [0m<inf> exp02_logging: XY 15797 -8355840 -8355840[0m
[00:00:15.805,236] [0m<inf> exp02_logging: XY 15805 -8355840 -8355840[0m
[00:00:15.813,262] [0m<inf> exp02_logging: XY 15813 -8355840 -8355840[0m
[00:00:15.821,289] [0m<inf> exp02_logging: XY 15821 -8355840 -8355840[0m
[00:00:15.829,315] [0m<inf> exp02_logging: XY 15829 -8355840 -8355840[0m
[00:00:15.837,341] [0m<inf> exp02_logging: XY 15837 -8355840 -8355840[0m
[00:00:15.845,367] [0m<inf> exp02_logging: XY 15845 -8355840 -8355840[0m
[00:00:15.853,393] [0m<inf> exp02_logging: XY 15853 -8355840 -8355840[0m
[00:00:15.861,419] [0m<inf> exp02_logging: XY 15861 -8355840 -8355840[0m
[00:00:15.869,445] [0m<inf> exp02_logging: XY 15869 -8355840 -8355840[0m
[00:00:15.877,471] [0m<inf> exp02_logging: XY 15877 -8355840 -8355840[0m
[00:00:15.885,498] [0m<inf> exp02_logging: XY 15885 -8355840 -8355840[0m
[00:00:15.893,524] [0m<inf> exp02_logging: XY 15893 -8355840 -8355840[0m
[00:00:15.901,550] [0m<inf> exp02_logging: XY 15901 -8355840 -8355840[0m
[00:00:15.909,576] [0m<inf> exp02_logging: XY 15909 -8355840 -8355840[0m
[00:00:15.917,602] [0m<inf> exp02_logging: XY 15917 -8355840 -8355840[0m
[00:00:15.925,628] [0m<inf> exp02_logging: XY 15925 -8355840 -8355840[0m
[00:00:15.933,654] [0m<inf> exp02_logging: XY 15933 -8355840 -8355840[0m
[00:00:15.941,680] [0m<inf> exp02_logging: XY 15941 -8355840 -8355840[0m
[00:00:15.949,707] [0m<inf> exp02_logging: XY 15949 -8355840 -8355840[0m
[00:00:15.957,733] [0m<inf> exp02_logging: XY 15957 -8355840 -8355840[0m
[00:00:15.965,759] [0m<inf> exp02_logging: XY 15965 -8355840 -8355840[0m
[00:00:15.973,785] [0m<inf> exp02_logging: XY 15973 -8355840 -8355840[0m
[00:00:15.981,811] [0m<inf> exp02_logging: XY 15981 -8355840 -8355840[0m
[00:00:15.989,837] [0m<inf> exp02_logging: XY 15989 -8355840 -8355840[0m
[00:00:15.997,863] [0m<inf> exp02_logging: XY 15997 -8355840 -8355840[0m
[00:00:16.005,889] [0m<inf> exp02_logging: XY 16005 -8355840 -8355840[0m
[00:00:16.013,916] [0m<inf> exp02_logging: XY 16013 -8355840 -8355840[0m
[00:00:16.021,942] [0m<inf> exp02_logging: XY 16021 -8355840 -8355840[0m
[00:00:16.029,968] [0m<inf> exp02_logging: XY 16029 -8355840 -8355840[0m
[00:00:16.037,994] [0m<inf> exp02_logging: XY 16037 -8355840 -8355840[0m
[00:00:16.046,020] [0m<inf> exp02_logging: XY 16045 -8355840 -8355840[0m
[00:00:16.054,046] [0m<inf> exp02_logging: XY 16054 -8355840 -8355840[0m
[00:00:16.062,072] [0m<inf> exp02_logging: XY 16062 -8355840 -8355840[0m
[00:00:16.070,098] [0m<inf> exp02_logging: XY 16070 -8355840 -8355840[0m
[00:00:16.078,125] [0m<inf> exp02_logging: XY 16078 -8355840 -8355840[0m
[00:00:16.086,151] [0m<inf> exp02_logging: XY 16086 -8355840 -8355840[0m
[00:00:16.094,177] [0m<inf> exp02_logging: XY 16094 -8355840 -8355840[0m
[00:00:16.102,203] [0m<inf> exp02_logging: XY 16102 -8355840 -8355840[0m
[00:00:16.110,229] [0m<inf> exp02_logging: XY 16110 -8355840 -8355840[0m
[00:00:16.118,255] [0m<inf> exp02_logging: XY 16118 -8355840 -8355840[0m
[00:00:16.126,281] [0m<inf> exp02_logging: XY 16126 -8355840 -8355840[0m
[00:00:16.134,307] [0m<inf> exp02_logging: XY 16134 -8355840 -8355840[0m
[00:00:16.142,333] [0m<inf> exp02_logging: XY 16142 -8355840 -8355840[0m
[00:00:16.150,360] [0m<inf> exp02_logging: XY 16150 -8355840 -8355840[0m
[00:00:16.158,386] [0m<inf> exp02_logging: XY 16158 -8355840 -8355840[0m
[00:00:16.166,412] [0m<inf> exp02_logging: XY 16166 -8355840 -8355840[0m
[00:00:16.174,438] [0m<inf> exp02_logging: XY 16174 -8355840 -8355840[0m
[00:00:16.182,464] [0m<inf> exp02_logging: XY 16182 -8355840 -8355840[0m
[00:00:16.190,490] [0m<inf> exp02_logging: XY 16190 -8355840 -8355840[0m
[00:00:16.198,516] [0m<inf> exp02_logging: XY 16198 -8355840 -8355840[0m
[00:00:16.206,542] [0m<inf> exp02_logging: XY 16206 -8355840 -8355840[0m
[00:00:16.214,569] [0m<inf> exp02_logging: XY 16214 -8355840 -8355840[0m
[00:00:16.222,595] [0m<inf> exp02_logging: XY 16222 -8355840 -8355840[0m
[00:00:16.230,621] [0m<inf> exp02_logging: XY 16230 -8355840 -8355840[0m
[00:00:16.238,647] [0m<inf> exp02_logging: XY 16238 -8355840 -8355840[0m
[00:00:16.246,673] [0m<inf> exp02_logging: XY 16246 -8355840 -8355840[0m
[00:00:16.254,699] [0m<inf> exp02_logging: XY 16254 -8355840 -8355840[0m
[00:00:16.262,725] [0m<inf> exp02_logging: XY 16262 -8355840 -8355840[0m
[00:00:16.270,751] [0m<inf> exp02_logging: XY 16270 -8355840 -8355840[0m
[00:00:16.278,778] [0m<inf> exp02_logging: XY 16278 -8355840 -8355840[0m
[00:00:16.286,804] [0m<inf> exp02_logging: XY 16286 -8355840 -8355840[0m
[00:00:16.294,830] [0m<inf> exp02_logging: XY 16294 -8355840 -8355840[0m
[00:00:16.302,856] [0m<inf> exp02_logging: XY 16302 -8355840 -8355840[0m
[00:00:16.310,882] [0m<inf> exp02_logging: XY 16310 -8355840 -8355840[0m
[00:00:16.318,908] [0m<inf> exp02_logging: XY 16318 -8355840 -8355840[0m
[00:00:16.326,934] [0m<inf> exp02_logging: XY 16326 -8355840 -8355840[0m
[00:00:16.334,960] [0m<inf> exp02_logging: XY 16334 -8355840 -8355840[0m
[00:00:16.342,987] [0m<inf> exp02_logging: XY 16342 -8355840 -8355840[0m
[00:00:16.351,013] [0m<inf> exp02_logging: XY 16350 -8355840 -8355840[0m
[00:00:16.359,039] [0m<inf> exp02_logging: XY 16359 -8355840 -8355840[0m
[00:00:16.367,034] [0m<inf> exp02_logging: XY 16367 -8355840 -8355840[0m
[00:00:16.375,091] [0m<inf> exp02_logging: XY 16375 -8355840 -8355840[0m
[00:00:16.383,117] [0m<inf> exp02_logging: XY 16383 -8355840 -8355840[0m
[00:00:16.391,143] [0m<inf> exp02_logging: XY 16391 -8355840 -8355840[0m
[00:00:16.399,169] [0m<inf> exp02_logging: XY 16399 -8355840 -8355840[0m
[00:00:16.407,196] [0m<inf> exp02_logging: XY 16407 -8355840 -8355840[0m
[00:00:16.415,222] [0m<inf> exp02_logging: XY 16415 -8355840 -8355840[0m
[00:00:16.423,217] [0m<inf> exp02_logging: XY 16423 -8355840 -8355840[0m
[00:00:16.431,274] [0m<inf> exp02_logging: XY 16431 -8355840 -8355840[0m
[00:00:16.439,300] [0m<inf> exp02_logging: XY 16439 -8355840 -8355840[0m
[00:00:16.447,326] [0m<inf> exp02_logging: XY 16447 -8355840 -8355840[0m
[00:00:16.455,352] [0m<inf> exp02_logging: XY 16455 -8355840 -8355840[0m
[00:00:16.463,378] [0m<inf> exp02_logging: XY 16463 -8355840 -8355840[0m
[00:00:16.471,405] [0m<inf> exp02_logging: XY 16471 -8355840 -8355840[0m
[00:00:16.479,431] [0m<inf> exp02_logging: XY 16479 -8355840 -8355840[0m
[00:00:16.487,457] [0m<inf> exp02_logging: XY 16487 -8355840 -8355840[0m
[00:00:16.495,483] [0m<inf> exp02_logging: XY 16495 -8355840 -8355840[0m
[00:00:16.503,509] [0m<inf> exp02_logging: XY 16503 -8355840 -8355840[0m
[00:00:16.511,535] [0m<inf> exp02_logging: XY 16511 -8355840 -8355840[0m
[00:00:16.519,561] [0m<inf> exp02_logging: XY 16519 -8355840 -8355840[0m
[00:00:16.527,587] [0m<inf> exp02_logging: XY 16527 -8355840 -8355840[0m
[00:00:16.535,614] [0m<inf> exp02_logging: XY 16535 -8355840 -8355840[0m
[00:00:16.543,640] [0m<inf> exp02_logging: XY 16543 -8355840 -8355840[0m
[00:00:16.551,666] [0m<inf> exp02_logging: XY 16551 -8355840 -8355840[0m
[00:00:16.559,692] [0m<inf> exp02_logging: XY 16559 -8355840 -8355840[0m
[00:00:16.567,718] [0m<inf> exp02_logging: XY 16567 -8355840 -8355840[0m
[00:00:16.575,744] [0m<inf> exp02_logging: XY 16575 -8355840 -8355840[0m
[00:00:16.583,770] [0m<inf> exp02_logging: XY 16583 -8355840 -8355840[0m
[00:00:16.591,796] [0m<inf> exp02_logging: XY 16591 -8355840 -8355840[0m
[00:00:16.599,822] [0m<inf> exp02_logging: XY 16599 -8355840 -8355840[0m
[00:00:16.607,849] [0m<inf> exp02_logging: XY 16607 -8355840 -8355840[0m
[00:00:16.615,875] [0m<inf> exp02_logging: XY 16615 -8355840 -8355840[0m
[00:00:16.623,901] [0m<inf> exp02_logging: XY 16623 -8355840 -8355840[0m
[00:00:16.631,927] [0m<inf> exp02_logging: XY 16631 -8355840 -8355840[0m
[00:00:16.639,953] [0m<inf> exp02_logging: XY 16639 -8355840 -8355840[0m
[00:00:16.647,979] [0m<inf> exp02_logging: XY 16647 -8355840 -8355840[0m
[00:00:16.656,005] [0m<inf> exp02_logging: XY 16655 -8355840 -8355840[0m
[00:00:16.664,031] [0m<inf> exp02_logging: XY 16664 -8355840 -8355840[0m
[00:00:16.672,058] [0m<inf> exp02_logging: XY 16672 -8355840 -8355840[0m
[00:00:16.680,084] [0m<inf> exp02_logging: XY 16680 -8355840 -8355840[0m
[00:00:16.688,110] [0m<inf> exp02_logging: XY 16688 -8355840 -8355840[0m
[00:00:16.696,136] [0m<inf> exp02_logging: XY 16696 -8355840 -8355840[0m
[00:00:16.704,162] [0m<inf> exp02_logging: XY 16704 -8355840 -8355840[0m
[00:00:16.712,188] [0m<inf> exp02_logging: XY 16712 -8355840 -8355840[0m
[00:00:16.720,214] [0m<inf> exp02_logging: XY 16720 -8355840 -8355840[0m
[00:00:16.728,240] [0m<inf> exp02_logging: XY 16728 -8355840 -8355840[0m
[00:00:16.736,267] [0m<inf> exp02_logging: XY 16736 -8355840 -8355840[0m
[00:00:16.744,293] [0m<inf> exp02_logging: XY 16744 -8355840 -8355840[0m
[00:00:16.752,319] [0m<inf> exp02_logging: XY 16752 -8355840 -8355840[0m
[00:00:16.760,345] [0m<inf> exp02_logging: XY 16760 -8355840 -8355840[0m
[00:00:16.768,371] [0m<inf> exp02_logging: XY 16768 -8355840 -8355840[0m
[00:00:16.776,397] [0m<inf> exp02_logging: XY 16776 -8355840 -8355840[0m
[00:00:16.784,423] [0m<inf> exp02_logging: XY 16784 -8355840 -8355840[0m
[00:00:16.792,449] [0m<inf> exp02_logging: XY 16792 -8355840 -8355840[0m
[00:00:16.800,476] [0m<inf> exp02_logging: XY 16800 -8355840 -8355840[0m
[00:00:16.808,502] [0m<inf> exp02_logging: XY 16808 -8355840 -8355840[0m
[00:00:16.816,528] [0m<inf> exp02_logging: XY 16816 -8355840 -8355840[0m
[00:00:16.824,554] [0m<inf> exp02_logging: XY 16824 -8355840 -8355840[0m
[00:00:16.832,580] [0m<inf> exp02_logging: XY 16832 -8355840 -8355840[0m
[00:00:16.840,606] [0m<inf> exp02_logging: XY 16840 -8355840 -8355840[0m
[00:00:16.848,632] [0m<inf> exp02_logging: XY 16848 -8355840 -8355840[0m
[00:00:16.856,658] [0m<inf> exp02_logging: XY 16856 -8355840 -8355840[0m
[00:00:16.864,685] [0m<inf> exp02_logging: XY 16864 -8355840 -8355840[0m
[00:00:16.872,711] [0m<inf> exp02_logging: XY 16872 -8355840 -8355840[0m
[00:00:16.880,737] [0m<inf> exp02_logging: XY 16880 -8355840 -8355840[0m
[00:00:16.888,763] [0m<inf> exp02_logging: XY 16888 -8355840 -8355840[0m
[00:00:16.896,789] [0m<inf> exp02_logging: XY 16896 -8355840 -8355840[0m
[00:00:16.904,815] [0m<inf> exp02_logging: XY 16904 -8355840 -8355840[0m
[00:00:16.912,841] [0m<inf> exp02_logging: XY 16912 -8355840 -8355840[0m
[00:00:16.920,867] [0m<inf> exp02_logging: XY 16920 -8355840 -8355840[0m
[00:00:16.928,894] [0m<inf> exp02_logging: XY 16928 -8355840 -8355840[0m
[00:00:16.936,920] [0m<inf> exp02_logging: XY 16936 -8355840 -8355840[0m
[00:00:16.944,946] [0m<inf> exp02_logging: XY 16944 -8355840 -8355840[0m
[00:00:16.952,972] [0m<inf> exp02_logging: XY 16952 -8355840 -8355840[0m
[00:00:16.960,998] [0m<inf> exp02_logging: XY 16960 -8355840 -8355840[0m
[00:00:16.969,024] [0m<inf> exp02_logging: XY 16969 -8355840 -8355840[0m
[00:00:16.977,050] [0m<inf> exp02_logging: XY 16977 -8355840 -8355840[0m
[00:00:16.985,076] [0m<inf> exp02_logging: XY 16985 -8355840 -8355840[0m
[00:00:16.993,072] [0m<inf> exp02_logging: XY 16993 -8355840 -8355840[0m
[00:00:17.001,129] [0m<inf> exp02_logging: XY 17001 -8355840 -8355840[0m
[00:00:17.009,155] [0m<inf> exp02_logging: XY 17009 -8355840 -8355840[0m
[00:00:17.017,181] [0m<inf> exp02_logging: XY 17017 -8355840 -8355840[0m
[00:00:17.025,207] [0m<inf> exp02_logging: XY 17025 -8355840 -8355840[0m
[00:00:17.033,233] [0m<inf> exp02_logging: XY 17033 -8355840 -8355840[0m
[00:00:17.041,259] [0m<inf> exp02_logging: XY 17041 -8355840 -8355840[0m
[00:00:17.049,285] [0m<inf> exp02_logging: XY 17049 -8355840 -8355840[0m
[00:00:17.057,312] [0m<inf> exp02_logging: XY 17057 -8355840 -8355840[0m
[00:00:17.065,338] [0m<inf> exp02_logging: XY 17065 -8355840 -8355840[0m
[00:00:17.073,364] [0m<inf> exp02_logging: XY 17073 -8355840 -8355840[0m
[00:00:17.081,390] [0m<inf> exp02_logging: XY 17081 -8355840 -8355840[0m
[00:00:17.089,416] [0m<inf> exp02_logging: XY 17089 -8355840 -8355840[0m
[00:00:17.097,442] [0m<inf> exp02_logging: XY 17097 -8355840 -8355840[0m
[00:00:17.105,468] [0m<inf> exp02_logging: XY 17105 -8355840 -8355840[0m
[00:00:17.113,494] [0m<inf> exp02_logging: XY 17113 -8355840 -8355840[0m
[00:00:17.121,520] [0m<inf> exp02_logging: XY 17121 -8355840 -8355840[0m
[00:00:17.129,547] [0m<inf> exp02_logging: XY 17129 -8355840 -8355840[0m
[00:00:17.137,573] [0m<inf> exp02_logging: XY 17137 -8355840 -8355840[0m
[00:00:17.145,599] [0m<inf> exp02_logging: XY 17145 -8355840 -8355840[0m
[00:00:17.153,625] [0m<inf> exp02_logging: XY 17153 -8355840 -8355840[0m
[00:00:17.161,651] [0m<inf> exp02_logging: XY 17161 -8355840 -8355840[0m
[00:00:17.169,677] [0m<inf> exp02_logging: XY 17169 -8355840 -8355840[0m
[00:00:17.177,703] [0m<inf> exp02_logging: XY 17177 -8355840 -8355840[0m
[00:00:17.185,729] [0m<inf> exp02_logging: XY 17185 -8355840 -8355840[0m
[00:00:17.193,756] [0m<inf> exp02_logging: XY 17193 -8355840 -8355840[0m
[00:00:17.201,782] [0m<inf> exp02_logging: XY 17201 -8355840 -8355840[0m
[00:00:17.209,808] [0m<inf> exp02_logging: XY 17209 -8355840 -8355840[0m
[00:00:17.217,834] [0m<inf> exp02_logging: XY 17217 -8355840 -8355840[0m
[00:00:17.225,860] [0m<inf> exp02_logging: XY 17225 -8355840 -8355840[0m
[00:00:17.233,886] [0m<inf> exp02_logging: XY 17233 -8355840 -8355840[0m
[00:00:17.241,912] [0m<inf> exp02_logging: XY 17241 -8355840 -8355840[0m
[00:00:17.249,938] [0m<inf> exp02_logging: XY 17249 -8355840 -8355840[0m
[00:00:17.257,965] [0m<inf> exp02_logging: XY 17257 -8355840 -8355840[0m
[00:00:17.265,991] [0m<inf> exp02_logging: XY 17265 -8355840 -8355840[0m
[00:00:17.274,017] [0m<inf> exp02_logging: XY 17274 -8355840 -8355840[0m
[00:00:17.282,043] [0m<inf> exp02_logging: XY 17282 -8355840 -8355840[0m
[00:00:17.290,069] [0m<inf> exp02_logging: XY 17290 -8355840 -8355840[0m
[00:00:17.298,095] [0m<inf> exp02_logging: XY 17298 -8355840 -8355840[0m
[00:00:17.306,121] [0m<inf> exp02_logging: XY 17306 -8355840 -8355840[0m
[00:00:17.314,147] [0m<inf> exp02_logging: XY 17314 -8355840 -8355840[0m
[00:00:17.322,174] [0m<inf> exp02_logging: XY 17322 -8355840 -8355840[0m
[00:00:17.330,200] [0m<inf> exp02_logging: XY 17330 -8355840 -8355840[0m
[00:00:17.338,226] [0m<inf> exp02_logging: XY 17338 -8355840 -8355840[0m
[00:00:17.346,252] [0m<inf> exp02_logging: XY 17346 -8355840 -8355840[0m
[00:00:17.354,278] [0m<inf> exp02_logging: XY 17354 -8355840 -8355840[0m
[00:00:17.362,304] [0m<inf> exp02_logging: XY 17362 -8355840 -8355840[0m
[00:00:17.370,330] [0m<inf> exp02_logging: XY 17370 -8355840 -8355840[0m
[00:00:17.378,356] [0m<inf> exp02_logging: XY 17378 -8355840 -8355840[0m
[00:00:17.386,383] [0m<inf> exp02_logging: XY 17386 -8355840 -8355840[0m
[00:00:17.394,409] [0m<inf> exp02_logging: XY 17394 -8355840 -8355840[0m
[00:00:17.402,435] [0m<inf> exp02_logging: XY 17402 -8355840 -8355840[0m
[00:00:17.410,461] [0m<inf> exp02_logging: XY 17410 -8355840 -8355840[0m
[00:00:17.418,487] [0m<inf> exp02_logging: XY 17418 -8355840 -8355840[0m
[00:00:17.426,513] [0m<inf> exp02_logging: XY 17426 -8355840 -8355840[0m
[00:00:17.434,539] [0m<inf> exp02_logging: XY 17434 -8355840 -8355840[0m
[00:00:17.442,565] [0m<inf> exp02_logging: XY 17442 -8355840 -8355840[0m
[00:00:17.450,592] [0m<inf> exp02_logging: XY 17450 -8355840 -8355840[0m
[00:00:17.458,618] [0m<inf> exp02_logging: XY 17458 -8355840 -8355840[0m
[00:00:17.466,644] [0m<inf> exp02_logging: XY 17466 -8355840 -8355840[0m
[00:00:17.474,670] [0m<inf> exp02_logging: XY 17474 -8355840 -8355840[0m
[00:00:17.482,696] [0m<inf> exp02_logging: XY 17482 -8355840 -8355840[0m
[00:00:17.490,722] [0m<inf> exp02_logging: XY 17490 -8355840 -8355840[0m
[00:00:17.498,748] [0m<inf> exp02_logging: XY 17498 -8355840 -8355840[0m
[00:00:17.506,774] [0m<inf> exp02_logging: XY 17506 -8355840 -8355840[0m
[00:00:17.514,801] [0m<inf> exp02_logging: XY 17514 -8355840 -8355840[0m
[00:00:17.522,827] [0m<inf> exp02_logging: XY 17522 -8355840 -8355840[0m
[00:00:17.530,853] [0m<inf> exp02_logging: XY 17530 -8355840 -8355840[0m
[00:00:17.538,879] [0m<inf> exp02_logging: XY 17538 -8355840 -8355840[0m
[00:00:17.546,905] [0m<inf> exp02_logging: XY 17546 -8355840 -8355840[0m
[00:00:17.554,931] [0m<inf> exp02_logging: XY 17554 -8355840 -8355840[0m
[00:00:17.562,957] [0m<inf> exp02_logging: XY 17562 -8355840 -8355840[0m
[00:00:17.570,983] [0m<inf> exp02_logging: XY 17570 -8355840 -8355840[0m
[00:00:17.579,010] [0m<inf> exp02_logging: XY 17579 -8355840 -8355840[0m
[00:00:17.587,036] [0m<inf> exp02_logging: XY 17587 -8355840 -8355840[0m
[00:00:17.595,062] [0m<inf> exp02_logging: XY 17595 -8355840 -8355840[0m
[00:00:17.603,088] [0m<inf> exp02_logging: XY 17603 -8355840 -8355840[0m
[00:00:17.611,114] [0m<inf> exp02_logging: XY 17611 -8355840 -8355840[0m
[00:00:17.619,140] [0m<inf> exp02_logging: XY 17619 -8355840 -8355840[0m
[00:00:17.627,166] [0m<inf> exp02_logging: XY 17627 -8355840 -8355840[0m
[00:00:17.635,192] [0m<inf> exp02_logging: XY 17635 -8355840 -8355840[0m
[00:00:17.643,218] [0m<inf> exp02_logging: XY 17643 -8355840 -8355840[0m
[00:00:17.651,245] [0m<inf> exp02_logging: XY 17651 -8355840 -8355840[0m
[00:00:17.659,271] [0m<inf> exp02_logging: XY 17659 -8355840 -8355840[0m
[00:00:17.667,297] [0m<inf> exp02_logging: XY 17667 -8355840 -8355840[0m
[00:00:17.675,323] [0m<inf> exp02_logging: XY 17675 -8355840 -8355840[0m
[00:00:17.683,349] [0m<inf> exp02_logging: XY 17683 -8355840 -8355840[0m
[00:00:17.691,375] [0m<inf> exp02_logging: XY 17691 -8355840 -8355840[0m
[00:00:17.699,401] [0m<inf> exp02_logging: XY 17699 -8355840 -8355840[0m
[00:00:17.707,427] [0m<inf> exp02_logging: XY 17707 -8355840 -8355840[0m
[00:00:17.715,454] [0m<inf> exp02_logging: XY 17715 -8355840 -8355840[0m
[00:00:17.723,480] [0m<inf> exp02_logging: XY 17723 -8355840 -8355840[0m
[00:00:17.731,506] [0m<inf> exp02_logging: XY 17731 -8355840 -8355840[0m
[00:00:17.739,532] [0m<inf> exp02_logging: XY 17739 -8355840 -8355840[0m
[00:00:17.747,558] [0m<inf> exp02_logging: XY 17747 -8355840 -8355840[0m
[00:00:17.755,584] [0m<inf> exp02_logging: XY 17755 -8355840 -8355840[0m
[00:00:17.763,610] [0m<inf> exp02_logging: XY 17763 -8355840 -8355840[0m
[00:00:17.771,636] [0m<inf> exp02_logging: XY 17771 -8355840 -8355840[0m
[00:00:17.779,663] [0m<inf> exp02_logging: XY 17779 -8355840 -8355840[0m
[00:00:17.787,689] [0m<inf> exp02_logging: XY 17787 -8355840 -8355840[0m
[00:00:17.795,715] [0m<inf> exp02_logging: XY 17795 -8355840 -8355840[0m
[00:00:17.803,741] [0m<inf> exp02_logging: XY 17803 -8355840 -8355840[0m
[00:00:17.811,767] [0m<inf> exp02_logging: XY 17811 -8355840 -8355840[0m
[00:00:17.819,793] [0m<inf> exp02_logging: XY 17819 -8355840 -8355840[0m
[00:00:17.827,819] [0m<inf> exp02_logging: XY 17827 -8355840 -8355840[0m
[00:00:17.835,845] [0m<inf> exp02_logging: XY 17835 -8355840 -8355840[0m
[00:00:17.843,872] [0m<inf> exp02_logging: XY 17843 -8355840 -8355840[0m
[00:00:17.851,898] [0m<inf> exp02_logging: XY 17851 -8355840 -8355840[0m
[00:00:17.859,924] [0m<inf> exp02_logging: XY 17859 -8355840 -8355840[0m
[00:00:17.867,950] [0m<inf> exp02_logging: XY 17867 -8355840 -8355840[0m
[00:00:17.875,976] [0m<inf> exp02_logging: XY 17875 -8355840 -8355840[0m
[00:00:17.884,002] [0m<inf> exp02_logging: XY 17884 -8355840 -8355840[0m
[00:00:17.892,028] [0m<inf> exp02_logging: XY 17891 -8355840 -8355840[0m
[00:00:17.900,054] [0m<inf> exp02_logging: XY 17900 -8355840 -8355840[0m
[00:00:17.908,081] [0m<inf> exp02_logging: XY 17908 -8355840 -8355840[0m
[00:00:17.916,107] [0m<inf> exp02_logging: XY 17916 -8355840 -8355840[0m
[00:00:17.924,133] [0m<inf> exp02_logging: XY 17924 -8355840 -8355840[0m
[00:00:17.932,159] [0m<inf> exp02_logging: XY 17932 -8355840 -8355840[0m
[00:00:17.940,185] [0m<inf> exp02_logging: XY 17940 -8355840 -8355840[0m
[00:00:17.948,211] [0m<inf> exp02_logging: XY 17948 -8355840 -8355840[0m
[00:00:17.956,237] [0m<inf> exp02_logging: XY 17956 -8355840 -8355840[0m
[00:00:17.964,263] [0m<inf> exp02_logging: XY 17964 -8355840 -8355840[0m
[00:00:17.972,290] [0m<inf> exp02_logging: XY 17972 -8355840 -8355840[0m
[00:00:17.980,316] [0m<inf> exp02_logging: XY 17980 -8355840 -8355840[0m
[00:00:17.988,342] [0m<inf> exp02_logging: XY 17988 -8355840 -8355840[0m
[00:00:17.996,368] [0m<inf> exp02_logging: XY 17996 -8355840 -8355840[0m
[00:00:18.004,394] [0m<inf> exp02_logging: XY 18004 -8355840 -8355840[0m
[00:00:18.012,420] [0m<inf> exp02_logging: XY 18012 -8355840 -8355840[0m
[00:00:18.020,446] [0m<inf> exp02_logging: XY 18020 -8355840 -8355840[0m
[00:00:18.028,472] [0m<inf> exp02_logging: XY 18028 -8355840 -8355840[0m
[00:00:18.036,499] [0m<inf> exp02_logging: XY 18036 -8355840 -8355840[0m
[00:00:18.044,525] [0m<inf> exp02_logging: XY 18044 -8355840 -8355840[0m
[00:00:18.052,551] [0m<inf> exp02_logging: XY 18052 -8355840 -8355840[0m
[00:00:18.060,577] [0m<inf> exp02_logging: XY 18060 -8355840 -8355840[0m
[00:00:18.068,603] [0m<inf> exp02_logging: XY 18068 -8355840 -8355840[0m
[00:00:18.076,629] [0m<inf> exp02_logging: XY 18076 -8355840 -8355840[0m
[00:00:18.084,655] [0m<inf> exp02_logging: XY 18084 -8355840 -8355840[0m
[00:00:18.092,681] [0m<inf> exp02_logging: XY 18092 -8355840 -8355840[0m
[00:00:18.100,708] [0m<inf> exp02_logging: XY 18100 -8355840 -8355840[0m
[00:00:18.108,734] [0m<inf> exp02_logging: XY 18108 -8355840 -8355840[0m
[00:00:18.116,760] [0m<inf> exp02_logging: XY 18116 -8355840 -8355840[0m
[00:00:18.124,786] [0m<inf> exp02_logging: XY 18124 -8355840 -8355840[0m
[00:00:18.132,812] [0m<inf> exp02_logging: XY 18132 -8355840 -8355840[0m
[00:00:18.140,838] [0m<inf> exp02_logging: XY 18140 -8355840 -8355840[0m
[00:00:18.148,864] [0m<inf> exp02_logging: XY 18148 -8355840 -8355840[0m
[00:00:18.156,890] [0m<inf> exp02_logging: XY 18156 -8355840 -8355840[0m
[00:00:18.164,916] [0m<inf> exp02_logging: XY 18164 -8355840 -8355840[0m
[00:00:18.172,943] [0m<inf> exp02_logging: XY 18172 -8355840 -8355840[0m
[00:00:18.180,969] [0m<inf> exp02_logging: XY 18180 -8355840 -8355840[0m
[00:00:18.188,995] [0m<inf> exp02_logging: XY 18188 -8355840 -8355840[0m
[00:00:18.197,021] [0m<inf> exp02_logging: XY 18196 -8355840 -8355840[0m
[00:00:18.205,047] [0m<inf> exp02_logging: XY 18205 -8355840 -8355840[0m
[00:00:18.213,073] [0m<inf> exp02_logging: XY 18213 -8355840 -8355840[0m
[00:00:18.221,099] [0m<inf> exp02_logging: XY 18221 -8355840 -8355840[0m
[00:00:18.229,125] [0m<inf> exp02_logging: XY 18229 -8355840 -8355840[0m
[00:00:18.237,152] [0m<inf> exp02_logging: XY 18237 -8355840 -8355840[0m
[00:00:18.245,178] [0m<inf> exp02_logging: XY 18245 -8355840 -8355840[0m
[00:00:18.253,204] [0m<inf> exp02_logging: XY 18253 -8355840 -8355840[0m
[00:00:18.261,230] [0m<inf> exp02_logging: XY 18261 -8355840 -8355840[0m
[00:00:18.269,256] [0m<inf> exp02_logging: XY 18269 -8355840 -8355840[0m
[00:00:18.277,282] [0m<inf> exp02_logging: XY 18277 -8355840 -8355840[0m
[00:00:18.285,308] [0m<inf> exp02_logging: XY 18285 -8355840 -8355840[0m
[00:00:18.293,334] [0m<inf> exp02_logging: XY 18293 -8355840 -8355840[0m
[00:00:18.301,361] [0m<inf> exp02_logging: XY 18301 -8355840 -8355840[0m
[00:00:18.309,387] [0m<inf> exp02_logging: XY 18309 -8355840 -8355840[0m
[00:00:18.317,413] [0m<inf> exp02_logging: XY 18317 -8355840 -8355840[0m
[00:00:18.325,439] [0m<inf> exp02_logging: XY 18325 -8355840 -8355840[0m
[00:00:18.333,465] [0m<inf> exp02_logging: XY 18333 -8355840 -8355840[0m
[00:00:18.341,491] [0m<inf> exp02_logging: XY 18341 -8355840 -8355840[0m
[00:00:18.349,517] [0m<inf> exp02_logging: XY 18349 -8355840 -8355840[0m
[00:00:18.357,543] [0m<inf> exp02_logging: XY 18357 -8355840 -8355840[0m
[00:00:18.365,570] [0m<inf> exp02_logging: XY 18365 -8355840 -8355840[0m
[00:00:18.373,596] [0m<inf> exp02_logging: XY 18373 -8355840 -8355840[0m
[00:00:18.381,622] [0m<inf> exp02_logging: XY 18381 -8355840 -8355840[0m
[00:00:18.389,648] [0m<inf> exp02_logging: XY 18389 -8355840 -8355840[0m
[00:00:18.397,674] [0m<inf> exp02_logging: XY 18397 -8355840 -8355840[0m
[00:00:18.405,700] [0m<inf> exp02_logging: XY 18405 -8355840 -8355840[0m
[00:00:18.413,726] [0m<inf> exp02_logging: XY 18413 -8355840 -8355840[0m
[00:00:18.421,752] [0m<inf> exp02_logging: XY 18421 -8355840 -8355840[0m
[00:00:18.429,779] [0m<inf> exp02_logging: XY 18429 -8355840 -8355840[0m
[00:00:18.437,805] [0m<inf> exp02_logging: XY 18437 -8355840 -8355840[0m
[00:00:18.445,831] [0m<inf> exp02_logging: XY 18445 -8355840 -8355840[0m
[00:00:18.453,857] [0m<inf> exp02_logging: XY 18453 -8355840 -8355840[0m
[00:00:18.461,883] [0m<inf> exp02_logging: XY 18461 -8355840 -8355840[0m
[00:00:18.469,909] [0m<inf> exp02_logging: XY 18469 -8355840 -8355840[0m
[00:00:18.477,935] [0m<inf> exp02_logging: XY 18477 -8355840 -8355840[0m
[00:00:18.485,961] [0m<inf> exp02_logging: XY 18485 -8355840 -8355840[0m
[00:00:18.493,988] [0m<inf> exp02_logging: XY 18493 -8355840 -8355840[0m
[00:00:18.502,014] [0m<inf> exp02_logging: XY 18501 -8355840 -8355840[0m
[00:00:18.510,040] [0m<inf> exp02_logging: XY 18510 -8355840 -8355840[0m
[00:00:18.518,066] [0m<inf> exp02_logging: XY 18518 -8355840 -8355840[0m
[00:00:18.526,092] [0m<inf> exp02_logging: XY 18526 -8355840 -8355840[0m
[00:00:18.534,118] [0m<inf> exp02_logging: XY 18534 -8355840 -8355840[0m
[00:00:18.542,144] [0m<inf> exp02_logging: XY 18542 -8355840 -8355840[0m
[00:00:18.550,170] [0m<inf> exp02_logging: XY 18550 -8355840 -8355840[0m
[00:00:18.558,197] [0m<inf> exp02_logging: XY 18558 -8355840 -8355840[0m
[00:00:18.566,223] [0m<inf> exp02_logging: XY 18566 -8355840 -8355840[0m
[00:00:18.574,249] [0m<inf> exp02_logging: XY 18574 -8355840 -8355840[0m
[00:00:18.582,275] [0m<inf> exp02_logging: XY 18582 -8355840 -8355840[0m
[00:00:18.590,301] [0m<inf> exp02_logging: XY 18590 -8355840 -8355840[0m
[00:00:18.598,327] [0m<inf> exp02_logging: XY 18598 -8355840 -8355840[0m
[00:00:18.606,353] [0m<inf> exp02_logging: XY 18606 -8355840 -8355840[0m
[00:00:18.614,379] [0m<inf> exp02_logging: XY 18614 -8355840 -8355840[0m
[00:00:18.622,406] [0m<inf> exp02_logging: XY 18622 -8355840 -8355840[0m
[00:00:18.630,432] [0m<inf> exp02_logging: XY 18630 -8355840 -8355840[0m
[00:00:18.638,458] [0m<inf> exp02_logging: XY 18638 -8355840 -8355840[0m
[00:00:18.646,484] [0m<inf> exp02_logging: XY 18646 -8355840 -8355840[0m
[00:00:18.654,510] [0m<inf> exp02_logging: XY 18654 -8355840 -8355840[0m
[00:00:18.662,536] [0m<inf> exp02_logging: XY 18662 -8355840 -8355840[0m
[00:00:18.670,562] [0m<inf> exp02_logging: XY 18670 -8355840 -8355840[0m
[00:00:18.678,588] [0m<inf> exp02_logging: XY 18678 -8355840 -8355840[0m
[00:00:18.686,614] [0m<inf> exp02_logging: XY 18686 -8355840 -8355840[0m
[00:00:18.694,641] [0m<inf> exp02_logging: XY 18694 -8355840 -8355840[0m
[00:00:18.702,667] [0m<inf> exp02_logging: XY 18702 -8355840 -8355840[0m
[00:00:18.710,693] [0m<inf> exp02_logging: XY 18710 -8355840 -8355840[0m
[00:00:18.718,719] [0m<inf> exp02_logging: XY 18718 -8355840 -8355840[0m
[00:00:18.726,745] [0m<inf> exp02_logging: XY 18726 -8355840 -8355840[0m
[00:00:18.734,771] [0m<inf> exp02_logging: XY 18734 -8355840 -8355840[0m
[00:00:18.742,797] [0m<inf> exp02_logging: XY 18742 -8355840 -8355840[0m
[00:00:18.750,823] [0m<inf> exp02_logging: XY 18750 -8355840 -8355840[0m
[00:00:18.758,850] [0m<inf> exp02_logging: XY 18758 -8355840 -8355840[0m
[00:00:18.766,876] [0m<inf> exp02_logging: XY 18766 -8355840 -8355840[0m
[00:00:18.774,902] [0m<inf> exp02_logging: XY 18774 -8355840 -8355840[0m
[00:00:18.782,928] [0m<inf> exp02_logging: XY 18782 -8355840 -8355840[0m
[00:00:18.790,954] [0m<inf> exp02_logging: XY 18790 -8355840 -8355840[0m
[00:00:18.798,980] [0m<inf> exp02_logging: XY 18798 -8355840 -8355840[0m
[00:00:18.807,006] [0m<inf> exp02_logging: XY 18806 -8355840 -8355840[0m
[00:00:18.815,032] [0m<inf> exp02_logging: XY 18815 -8355840 -8355840[0m
[00:00:18.823,059] [0m<inf> exp02_logging: XY 18823 -8355840 -8355840[0m
[00:00:18.831,085] [0m<inf> exp02_logging: XY 18831 -8355840 -8355840[0m
[00:00:18.839,111] [0m<inf> exp02_logging: XY 18839 -8355840 -8355840[0m
[00:00:18.847,137] [0m<inf> exp02_logging: XY 18847 -8355840 -8355840[0m
[00:00:18.855,163] [0m<inf> exp02_logging: XY 18855 -8355840 -8355840[0m
[00:00:18.863,189] [0m<inf> exp02_logging: XY 18863 -8355840 -8355840[0m
[00:00:18.871,215] [0m<inf> exp02_logging: XY 18871 -8355840 -8355840[0m
[00:00:18.879,241] [0m<inf> exp02_logging: XY 18879 -8355840 -8355840[0m
[00:00:18.887,268] [0m<inf> exp02_logging: XY 18887 -8355840 -8355840[0m
[00:00:18.895,294] [0m<inf> exp02_logging: XY 18895 -8355840 -8355840[0m
[00:00:18.903,320] [0m<inf> exp02_logging: XY 18903 -8355840 -8355840[0m
[00:00:18.911,346] [0m<inf> exp02_logging: XY 18911 -8355840 -8355840[0m
[00:00:18.919,372] [0m<inf> exp02_logging: XY 18919 -8355840 -8355840[0m
[00:00:18.927,398] [0m<inf> exp02_logging: XY 18927 -8355840 -8355840[0m
[00:00:18.935,424] [0m<inf> exp02_logging: XY 18935 -8355840 -8355840[0m
[00:00:18.943,450] [0m<inf> exp02_logging: XY 18943 -8355840 -8355840[0m
[00:00:18.951,477] [0m<inf> exp02_logging: XY 18951 -8355840 -8355840[0m
[00:00:18.959,503] [0m<inf> exp02_logging: XY 18959 -8355840 -8355840[0m
[00:00:18.967,529] [0m<inf> exp02_logging: XY 18967 -8355840 -8355840[0m
[00:00:18.975,555] [0m<inf> exp02_logging: XY 18975 -8355840 -8355840[0m
[00:00:18.983,581] [0m<inf> exp02_logging: XY 18983 -8355840 -8355840[0m
[00:00:18.991,607] [0m<inf> exp02_logging: XY 18991 -8355840 -8355840[0m
[00:00:18.999,633] [0m<inf> exp02_logging: XY 18999 -8355840 -8355840[0m
[00:00:19.007,659] [0m<inf> exp02_logging: XY 19007 -8355840 -8355840[0m
[00:00:19.015,686] [0m<inf> exp02_logging: XY 19015 -8355840 -8355840[0m
[00:00:19.023,712] [0m<inf> exp02_logging: XY 19023 -8355840 -8355840[0m
[00:00:19.031,738] [0m<inf> exp02_logging: XY 19031 -8355840 -8355840[0m
[00:00:19.039,764] [0m<inf> exp02_logging: XY 19039 -8355840 -8355840[0m
[00:00:19.047,790] [0m<inf> exp02_logging: XY 19047 -8355840 -8355840[0m
[00:00:19.055,816] [0m<inf> exp02_logging: XY 19055 -8355840 -8355840[0m
[00:00:19.063,842] [0m<inf> exp02_logging: XY 19063 -8355840 -8355840[0m
[00:00:19.071,868] [0m<inf> exp02_logging: XY 19071 -8355840 -8355840[0m
[00:00:19.079,895] [0m<inf> exp02_logging: XY 19079 -8355840 -8355840[0m
[00:00:19.087,921] [0m<inf> exp02_logging: XY 19087 -8355840 -8355840[0m
[00:00:19.095,947] [0m<inf> exp02_logging: XY 19095 -8355840 -8355840[0m
[00:00:19.103,973] [0m<inf> exp02_logging: XY 19103 -8355840 -8355840[0m
[00:00:19.111,999] [0m<inf> exp02_logging: XY 19111 -8355840 -8355840[0m
[00:00:19.120,025] [0m<inf> exp02_logging: XY 19120 -8355840 -8355840[0m
[00:00:19.128,051] [0m<inf> exp02_logging: XY 19128 -8355840 -8355840[0m
[00:00:19.136,077] [0m<inf> exp02_logging: XY 19136 -8355840 -8355840[0m
[00:00:19.144,104] [0m<inf> exp02_logging: XY 19144 -8355840 -8355840[0m
[00:00:19.152,130] [0m<inf> exp02_logging: XY 19152 -8355840 -8355840[0m
[00:00:19.160,156] [0m<inf> exp02_logging: XY 19160 -8355840 -8355840[0m
[00:00:19.168,182] [0m<inf> exp02_logging: XY 19168 -8355840 -8355840[0m
[00:00:19.176,177] [0m<inf> exp02_logging: XY 19176 -8355840 -8355840[0m
[00:00:19.184,234] [0m<inf> exp02_logging: XY 19184 -8355840 -8355840[0m
[00:00:19.192,260] [0m<inf> exp02_logging: XY 19192 -8355840 -8355840[0m
[00:00:19.200,286] [0m<inf> exp02_logging: XY 19200 -8355840 -8355840[0m
[00:00:19.208,312] [0m<inf> exp02_logging: XY 19208 -8355840 -8355840[0m
[00:00:19.216,339] [0m<inf> exp02_logging: XY 19216 -8355840 -8355840[0m
[00:00:19.224,365] [0m<inf> exp02_logging: XY 19224 -8355840 -8355840[0m
[00:00:19.232,391] [0m<inf> exp02_logging: XY 19232 -8355840 -8355840[0m
[00:00:19.240,417] [0m<inf> exp02_logging: XY 19240 -8355840 -8355840[0m
[00:00:19.248,443] [0m<inf> exp02_logging: XY 19248 -8355840 -8355840[0m
[00:00:19.256,469] [0m<inf> exp02_logging: XY 19256 -8355840 -8355840[0m
[00:00:19.264,495] [0m<inf> exp02_logging: XY 19264 -8355840 -8355840[0m
[00:00:19.272,521] [0m<inf> exp02_logging: XY 19272 -8355840 -8355840[0m
[00:00:19.280,548] [0m<inf> exp02_logging: XY 19280 -8355840 -8355840[0m
[00:00:19.288,574] [0m<inf> exp02_logging: XY 19288 -8355840 -8355840[0m
[00:00:19.296,600] [0m<inf> exp02_logging: XY 19296 -8355840 -8355840[0m
[00:00:19.304,656] [0m<inf> exp02_logging: XY 19304 -8355840 -8355840[0m
[00:00:19.312,652] [0m<inf> exp02_logging: XY 19312 -8355840 -8355840[0m
[00:00:19.320,678] [0m<inf> exp02_logging: XY 19320 -8355840 -8355840[0m
[00:00:19.328,704] [0m<inf> exp02_logging: XY 19328 -8355840 -8355840[0m
[00:00:19.336,730] [0m<inf> exp02_logging: XY 19336 -8355840 -8355840[0m
[00:00:19.344,757] [0m<inf> exp02_logging: XY 19344 -8355840 -8355840[0m
[00:00:19.352,783] [0m<inf> exp02_logging: XY 19352 -8355840 -8355840[0m
[00:00:19.360,809] [0m<inf> exp02_logging: XY 19360 -8355840 -8355840[0m
[00:00:19.368,835] [0m<inf> exp02_logging: XY 19368 -8355840 -8355840[0m
[00:00:19.376,861] [0m<inf> exp02_logging: XY 19376 -8355840 -8355840[0m
[00:00:19.384,887] [0m<inf> exp02_logging: XY 19384 -8355840 -8355840[0m
[00:00:19.392,913] [0m<inf> exp02_logging: XY 19392 -8355840 -8355840[0m
[00:00:19.400,939] [0m<inf> exp02_logging: XY 19400 -8355840 -8355840[0m
[00:00:19.408,966] [0m<inf> exp02_logging: XY 19408 -8355840 -8355840[0m
[00:00:19.416,992] [0m<inf> exp02_logging: XY 19416 -8355840 -8355840[0m
[00:00:19.425,018] [0m<inf> exp02_logging: XY 19425 -8355840 -8355840[0m
[00:00:19.433,044] [0m<inf> exp02_logging: XY 19433 -8355840 -8355840[0m
[00:00:19.441,070] [0m<inf> exp02_logging: XY 19441 -8355840 -8355840[0m
[00:00:19.449,096] [0m<inf> exp02_logging: XY 19449 -8355840 -8355840[0m
[00:00:19.457,122] [0m<inf> exp02_logging: XY 19457 -8355840 -8355840[0m
[00:00:19.465,148] [0m<inf> exp02_logging: XY 19465 -8355840 -8355840[0m
[00:00:19.473,175] [0m<inf> exp02_logging: XY 19473 -8355840 -8355840[0m
[00:00:19.481,201] [0m<inf> exp02_logging: XY 19481 -8355840 -8355840[0m
[00:00:19.489,227] [0m<inf> exp02_logging: XY 19489 -8355840 -8355840[0m
[00:00:19.497,253] [0m<inf> exp02_logging: XY 19497 -8355840 -8355840[0m
[00:00:19.505,279] [0m<inf> exp02_logging: XY 19505 -8355840 -8355840[0m
[00:00:19.513,305] [0m<inf> exp02_logging: XY 19513 -8355840 -8355840[0m
[00:00:19.521,331] [0m<inf> exp02_logging: XY 19521 -8355840 -8355840[0m
[00:00:19.529,357] [0m<inf> exp02_logging: XY 19529 -8355840 -8355840[0m
[00:00:19.537,384] [0m<inf> exp02_logging: XY 19537 -8355840 -8355840[0m
[00:00:19.545,410] [0m<inf> exp02_logging: XY 19545 -8355840 -8355840[0m
[00:00:19.553,436] [0m<inf> exp02_logging: XY 19553 -8355840 -8355840[0m
[00:00:19.561,462] [0m<inf> exp02_logging: XY 19561 -8355840 -8355840[0m
[00:00:19.569,488] [0m<inf> exp02_logging: XY 19569 -8355840 -8355840[0m
[00:00:19.577,514] [0m<inf> exp02_logging: XY 19577 -8355840 -8355840[0m
[00:00:19.585,540] [0m<inf> exp02_logging: XY 19585 -8355840 -8355840[0m
[00:00:19.593,566] [0m<inf> exp02_logging: XY 19593 -8355840 -8355840[0m
[00:00:19.601,593] [0m<inf> exp02_logging: XY 19601 -8355840 -8355840[0m
[00:00:19.609,619] [0m<inf> exp02_logging: XY 19609 -8355840 -8355840[0m
[00:00:19.617,645] [0m<inf> exp02_logging: XY 19617 -8355840 -8355840[0m
[00:00:19.625,671] [0m<inf> exp02_logging: XY 19625 -8355840 -8355840[0m
[00:00:19.633,697] [0m<inf> exp02_logging: XY 19633 -8355840 -8355840[0m
[00:00:19.641,723] [0m<inf> exp02_logging: XY 19641 -8355840 -8355840[0m
[00:00:19.649,749] [0m<inf> exp02_logging: XY 19649 -8355840 -8355840[0m
[00:00:19.657,775] [0m<inf> exp02_logging: XY 19657 -8355840 -8355840[0m
[00:00:19.665,802] [0m<inf> exp02_logging: XY 19665 -8355840 -8355840[0m
[00:00:19.673,828] [0m<inf> exp02_logging: XY 19673 -8355840 -8355840[0m
[00:00:19.681,854] [0m<inf> exp02_logging: XY 19681 -8355840 -8355840[0m
[00:00:19.689,880] [0m<inf> exp02_logging: XY 19689 -8355840 -8355840[0m
[00:00:19.697,906] [0m<inf> exp02_logging: XY 19697 -8355840 -8355840[0m
[00:00:19.705,932] [0m<inf> exp02_logging: XY 19705 -8355840 -8355840[0m
[00:00:19.713,958] [0m<inf> exp02_logging: XY 19713 -8355840 -8355840[0m
[00:00:19.721,984] [0m<inf> exp02_logging: XY 19721 -8355840 -8355840[0m
[00:00:19.730,010] [0m<inf> exp02_logging: XY 19730 -8355840 -8355840[0m
[00:00:19.738,037] [0m<inf> exp02_logging: XY 19738 -8355840 -8355840[0m
[00:00:19.746,063] [0m<inf> exp02_logging: XY 19746 -8355840 -8355840[0m
[00:00:19.754,089] [0m<inf> exp02_logging: XY 19754 -8355840 -8355840[0m
[00:00:19.762,115] [0m<inf> exp02_logging: XY 19762 -8355840 -8355840[0m
[00:00:19.770,141] [0m<inf> exp02_logging: XY 19770 -8355840 -8355840[0m
[00:00:19.778,167] [0m<inf> exp02_logging: XY 19778 -8355840 -8355840[0m
[00:00:19.786,193] [0m<inf> exp02_logging: XY 19786 -8355840 -8355840[0m
[00:00:19.794,219] [0m<inf> exp02_logging: XY 19794 -8355840 -8355840[0m
[00:00:19.802,246] [0m<inf> exp02_logging: XY 19802 -8355840 -8355840[0m
[00:00:19.810,272] [0m<inf> exp02_logging: XY 19810 -8355840 -8355840[0m
[00:00:19.818,298] [0m<inf> exp02_logging: XY 19818 -8355840 -8355840[0m
[00:00:19.826,324] [0m<inf> exp02_logging: XY 19826 -8355840 -8355840[0m
[00:00:19.834,350] [0m<inf> exp02_logging: XY 19834 -8355840 -8355840[0m
[00:00:19.842,376] [0m<inf> exp02_logging: XY 19842 -8355840 -8355840[0m
[00:00:19.850,402] [0m<inf> exp02_logging: XY 19850 -8355840 -8355840[0m
[00:00:19.858,428] [0m<inf> exp02_logging: XY 19858 -8355840 -8355840[0m
[00:00:19.866,455] [0m<inf> exp02_logging: XY 19866 -8355840 -8355840[0m
[00:00:19.874,481] [0m<inf> exp02_logging: XY 19874 -8355840 -8355840[0m
[00:00:19.882,507] [0m<inf> exp02_logging: XY 19882 -8355840 -8355840[0m
[00:00:19.890,533] [0m<inf> exp02_logging: XY 19890 -8355840 -8355840[0m
[00:00:19.898,559] [0m<inf> exp02_logging: XY 19898 -8355840 -8355840[0m
[00:00:19.906,585] [0m<inf> exp02_logging: XY 19906 -8355840 -8355840[0m
[00:00:19.914,611] [0m<inf> exp02_logging: XY 19914 -8355840 -8355840[0m
[00:00:19.922,637] [0m<inf> exp02_logging: XY 19922 -8355840 -8355840[0m
[00:00:19.930,664] [0m<inf> exp02_logging: XY 19930 -8355840 -8355840[0m
[00:00:19.938,690] [0m<inf> exp02_logging: XY 19938 -8355840 -8355840[0m
[00:00:19.946,716] [0m<inf> exp02_logging: XY 19946 -8355840 -8355840[0m
[00:00:19.954,742] [0m<inf> exp02_logging: XY 19954 -8355840 -8355840[0m
[00:00:19.962,768] [0m<inf> exp02_logging: XY 19962 -8355840 -8355840[0m
[00:00:19.970,794] [0m<inf> exp02_logging: XY 19970 -8355840 -8355840[0m
[00:00:19.978,820] [0m<inf> exp02_logging: XY 19978 -8355840 -8355840[0m
[00:00:19.986,846] [0m<inf> exp02_logging: XY 19986 -8355840 -8355840[0m
[00:00:19.994,873] [0m<inf> exp02_logging: XY 19994 -8355840 -8355840[0m
[00:00:20.002,899] [0m<inf> exp02_logging: XY 20002 -8355840 -8355840[0m
[00:00:20.010,925] [0m<inf> exp02_logging: XY 20010 -8355840 -8355840[0m
[00:00:20.018,951] [0m<inf> exp02_logging: XY 20018 -8355840 -8355840[0m
[00:00:20.026,977] [0m<inf> exp02_logging: XY 20026 -8355840 -8355840[0m
[00:00:20.035,003] [0m<inf> exp02_logging: XY 20035 -8355840 -8355840[0m
[00:00:20.043,029] [0m<inf> exp02_logging: XY 20042 -8355840 -8355840[0m
[00:00:20.051,055] [0m<inf> exp02_logging: XY 20051 -8355840 -8355840[0m
[00:00:20.059,082] [0m<inf> exp02_logging: XY 20059 -8355840 -8355840[0m
[00:00:20.067,108] [0m<inf> exp02_logging: XY 20067 -8355840 -8355840[0m
[00:00:20.075,134] [0m<inf> exp02_logging: XY 20075 -8355840 -8355840[0m
[00:00:20.083,160] [0m<inf> exp02_logging: XY 20083 -8355840 -8355840[0m
[00:00:20.091,186] [0m<inf> exp02_logging: XY 20091 -8355840 -8355840[0m
[00:00:20.099,212] [0m<inf> exp02_logging: XY 20099 -8355840 -8355840[0m
[00:00:20.107,238] [0m<inf> exp02_logging: XY 20107 -8355840 -8355840[0m
[00:00:20.115,264] [0m<inf> exp02_logging: XY 20115 -8355840 -8355840[0m
[00:00:20.123,291] [0m<inf> exp02_logging: XY 20123 -8355840 -8355840[0m
[00:00:20.131,317] [0m<inf> exp02_logging: XY 20131 -8355840 -8355840[0m
[00:00:20.139,343] [0m<inf> exp02_logging: XY 20139 -8355840 -8355840[0m
[00:00:20.147,369] [0m<inf> exp02_logging: XY 20147 -8355840 -8355840[0m
[00:00:20.155,395] [0m<inf> exp02_logging: XY 20155 -8355840 -8355840[0m
[00:00:20.163,421] [0m<inf> exp02_logging: XY 20163 -8355840 -8355840[0m
[00:00:20.171,447] [0m<inf> exp02_logging: XY 20171 -8355840 -8355840[0m
[00:00:20.179,473] [0m<inf> exp02_logging: XY 20179 -8355840 -8355840[0m
[00:00:20.187,500] [0m<inf> exp02_logging: XY 20187 -8355840 -8355840[0m
[00:00:20.195,526] [0m<inf> exp02_logging: XY 20195 -8355840 -8355840[0m
[00:00:20.203,552] [0m<inf> exp02_logging: XY 20203 -8355840 -8355840[0m
[00:00:20.211,578] [0m<inf> exp02_logging: XY 20211 -8355840 -8355840[0m
[00:00:20.219,604] [0m<inf> exp02_logging: XY 20219 -8355840 -8355840[0m
[00:00:20.227,630] [0m<inf> exp02_logging: XY 20227 -8355840 -8355840[0m
[00:00:20.235,656] [0m<inf> exp02_logging: XY 20235 -8355840 -8355840[0m
[00:00:20.243,682] [0m<inf> exp02_logging: XY 20243 -8355840 -8355840[0m
[00:00:20.251,708] [0m<inf> exp02_logging: XY 20251 -8355840 -8355840[0m
[00:00:20.259,735] [0m<inf> exp02_logging: XY 20259 -8355840 -8355840[0m
[00:00:20.267,761] [0m<inf> exp02_logging: XY 20267 -8355840 -8355840[0m
[00:00:20.275,787] [0m<inf> exp02_logging: XY 20275 -8355840 -8355840[0m
[00:00:20.283,813] [0m<inf> exp02_logging: XY 20283 -8355840 -8355840[0m
[00:00:20.291,839] [0m<inf> exp02_logging: XY 20291 -8355840 -8355840[0m
[00:00:20.299,865] [0m<inf> exp02_logging: XY 20299 -8355840 -8355840[0m
[00:00:20.307,891] [0m<inf> exp02_logging: XY 20307 -8355840 -8355840[0m
[00:00:20.315,917] [0m<inf> exp02_logging: XY 20315 -8355840 -8355840[0m
[00:00:20.323,944] [0m<inf> exp02_logging: XY 20323 -8355840 -8355840[0m

# end=2026-10-01T21:30:38.7758953+03:00
