# EXP02 capture  port=COM8  start=2026-10-01T18:16:10.4103462+03:00
[00:00:00.393,890] [0m<inf> gpio_ads1220: ADS1220 GPIO initialized[0m
[00:00:00.394,470] [0m<inf> ads1220: DRDY GPIO configured, using hardware interrupt[0m
[00:00:00.395,660] [0m<inf> ads1220: Initialised (DRDY: yes)[0m
[00:00:00.396,301] [0m<inf> analog_axis_hires: analog_axis_hires_init: START[0m
[00:00:00.396,484] [0m<inf> analog_axis_hires: Thread created successfully, name=analog_axis_hires_0[0m
[00:00:00.396,484] [0m<inf> analog_axis_hires: Starting timer with period 8 ms[0m
[00:00:00.396,514] [0m<inf> analog_axis_hires: Analog-axis-hires Initialised[0m
[00:00:00.396,575] [0m<dbg> zmk: kscan_matrix_init_input_inst: Configured pin 31 on gpio@50000000 for input[0m
[00:00:00.396,636] [0m<dbg> zmk: kscan_matrix_init_output_inst: Configured pin 2 on gpio@50000000 for output[0m
*** Booting Zephyr OS build 10ba6d0cb38b ***
[00:00:00.396,759] [0m<dbg> zmk: get_selected_transport: No endpoint transport selected[0m
[00:00:00.397,064] [0m<inf> zmk: Welcome to ZMK!
[0m
[00:00:00.397,094] [0m<inf> analog_axis_hires: Analog-axis-hires thread started[0m
[00:00:00.397,094] [0m<inf> analog_axis_hires: Checking if all channels use same ADC[0m
[00:00:00.397,155] [0m<inf> analog_axis_hires: All channels use same ADC: no[0m
[00:00:00.397,155] [0m<inf> analog_axis_hires: Setting up channel 0, ADC channel 0[0m
[00:00:00.397,308] [1;31m<err> ads1220: config0 mismatch! 0x1C != 0x00[0m
[00:00:00.397,338] [1;31m<err> analog_axis_hires: Could not setup channel #0 (-5)[0m
[00:00:00.397,918] [0m<dbg> zmk: zmk_usb_get_conn_state: state: 2[0m
[00:00:00.397,979] [0m<dbg> zmk: zmk_usb_get_conn_state: state: 5[0m
[00:00:00.397,979] [0m<dbg> zmk: zmk_usb_get_conn_state: state: 6[0m
[00:00:00.398,010] [0m<dbg> zmk: zmk_usb_get_conn_state: state: 6[0m
[00:00:00.401,062] [0m<dbg> zmk: zmk_usb_get_conn_state: state: 5[0m
[00:00:00.401,092] [0m<dbg> zmk: zmk_usb_get_conn_state: state: 5[0m
[00:00:00.498,443] [0m<dbg> zmk: zmk_usb_get_conn_state: state: 1[0m
[00:00:00.498,474] [0m<dbg> zmk: zmk_usb_get_conn_state: state: 6[0m
[00:00:00.498,474] [0m<dbg> zmk: zmk_usb_get_conn_state: state: 6[0m
[00:00:00.588,470] [0m<dbg> zmk: zmk_usb_get_conn_state: state: 1[0m
[00:00:00.588,500] [0m<dbg> zmk: zmk_usb_get_conn_state: state: 1[0m
[00:00:00.753,112] [0m<dbg> zmk: zmk_usb_get_conn_state: state: 3[0m
[00:00:00.753,204] [0m<dbg> zmk: zmk_usb_get_conn_state: state: 3[0m
[m
[1;32muart:~$ [m
### sent: kernel reboot cold

### port error, reconnecting: Exception calling "ReadExisting" with "0" argument(s): "The port is closed."
### reconnected 2026-10-01T18:16:15.0250380+03:00
[m
[1;32muart:~$ [m[00:00:01.207,031] [1;31m<err> ads1220: config2 mismatch! 0x15 != 0x00[0m
[1;31m--- 504 messages dropped ---
[0m[00:00:01.207,183] [1;31m<err> ads1220: config0 mismatch! 0x3C != 0x1C[0m
[00:00:01.207,183] [1;31m<err> analog_axis_hires: Could not setup channel #1 (-5)[0m
[00:00:01.214,935] [1;31m<err> ads1220: config2 mismatch! 0x10 != 0x00[0m
[00:00:01.215,057] [1;31m<err> ads1220: config2 mismatch! 0x15 != 0x00[0m
[00:00:01.215,209] [1;31m<err> ads1220: config0 mismatch! 0x3C != 0x1C[0m
[00:00:01.215,209] [1;31m<err> analog_axis_hires: Could not setup channel #1 (-5)[0m
[00:00:01.222,961] [1;31m<err> ads1220: config2 mismatch! 0x10 != 0x00[0m
[00:00:01.223,083] [1;31m<err> ads1220: config2 mismatch! 0x15 != 0x00[0m
[00:00:01.223,236] [1;31m<err> ads1220: config0 mismatch! 0x3C != 0x1C[0m
[00:00:01.223,236] [1;31m<err> analog_axis_hires: Could not setup channel #1 (-5)[0m
[00:00:01.230,987] [1;31m<err> ads1220: config2 mismatch! 0x10 != 0x00[0m
[00:00:01.231,109] [1;31m<err> ads1220: config2 mismatch! 0x15 != 0x00[0m
[00:00:01.231,262] [1;31m<err> ads1220: config0 mismatch! 0x3C != 0x1C[0m
[00:00:01.231,262] [1;31m<err> analog_axis_hires: Could not setup channel #1 (-5)[0m
[00:00:01.239,013] [1;31m<err> ads1220: config2 mismatch! 0x10 != 0x00[0m
[00:00:01.239,135] [1;31m<err> ads1220: config2 mismatch! 0x15 != 0x00[0m
[00:00:01.239,288] [1;31m<err> ads1220: config0 mismatch! 0x3C != 0x1C[0m
[00:00:01.239,288] [1;31m<err> analog_axis_hires: Could not setup channel #1 (-5)[0m
[00:00:01.247,039] [1;31m<err> ads1220: config2 mismatch! 0x10 != 0x00[0m
[00:00:01.247,161] [1;31m<err> ads1220: config2 mismatch! 0x15 != 0x00[0m
[00:00:01.247,314] [1;31m<err> ads1220: config0 mismatch! 0x3C != 0x1C[0m
[00:00:01.247,314] [1;31m<err> analog_axis_hires: Could not setup channel #1 (-5)[0m
[00:00:01.255,065] [1;31m<err> ads1220: config2 mismatch! 0x10 != 0x00[0m
[00:00:01.255,187] [1;31m<err> ads1220: config2 mismatch! 0x15 != 0x00[0m
[00:00:01.255,340] [1;31m<err> ads1220: config0 mismatch! 0x3C != 0x1C[0m
[00:00:01.255,340] [1;31m<err> analog_axis_hires: Could not setup channel #1 (-5)[0m
[00:00:01.263,092] [1;31m<err> ads1220: config2 mismatch! 0x10 != 0x00[0m
[00:00:01.263,244] [1;31m<err> ads1220: config2 mismatch! 0x15 != 0x00[0m
[00:00:01.263,397] [1;31m<err> ads1220: config0 mismatch! 0x3C != 0x1C[0m
[00:00:01.263,427] [1;31m<err> analog_axis_hires: Could not setup channel #1 (-5)[0m
[00:00:01.271,118] [1;31m<err> ads1220: config2 mismatch! 0x10 != 0x00[0m
[00:00:01.271,270] [1;31m<err> ads1220: config2 mismatch! 0x15 != 0x00[0m
[00:00:01.271,423] [1;31m<err> ads1220: config0 mismatch! 0x3C != 0x1C[0m
[00:00:01.271,423] [1;31m<err> analog_axis_hires: Could not setup channel #1 (-5)[0m
[00:00:01.279,144] [1;31m<err> ads1220: config2 mismatch! 0x10 != 0x00[0m
[00:00:01.279,296] [1;31m<err> ads1220: config2 mismatch! 0x15 != 0x00[0m
[00:00:01.279,449] [1;31m<err> ads1220: config0 mismatch! 0x3C != 0x1C[0m
[00:00:01.279,449] [1;31m<err> analog_axis_hires: Could not setup channel #1 (-5)[0m
[00:00:01.287,170] [1;31m<err> ads1220: config2 mismatch! 0x10 != 0x00[0m
[00:00:01.287,322] [1;31m<err> ads1220: config2 mismatch! 0x15 != 0x00[0m
[00:00:01.287,475] [1;31m<err> ads1220: config0 mismatch! 0x3C != 0x1C[0m
[00:00:01.287,475] [1;31m<err> analog_axis_hires: Could not setup channel #1 (-5)[0m
[00:00:01.295,196] [1;31m<err> ads1220: config2 mismatch! 0x10 != 0x00[0m
[00:00:01.295,349] [1;31m<err> ads1220: config2 mismatch! 0x15 != 0x00[0m
[00:00:01.295,501] [1;31m<err> ads1220: config0 mismatch! 0x3C != 0x1C[0m
[00:00:01.295,501] [1;31m<err> analog_axis_hires: Could not setup channel #1 (-5)[0m
[00:00:01.303,222] [1;31m<err> ads1220: config2 mismatch! 0x10 != 0x00[0m
[00:00:01.303,375] [1;31m<err> ads1220: config2 mismatch! 0x15 != 0x00[0m
[00:00:01.303,527] [1;31m<err> ads1220: config0 mismatch! 0x3C != 0x1C[0m
[00:00:01.303,527] [1;31m<err> analog_axis_hires: Could not setup channel #1 (-5)[0m
[00:00:01.311,248] [1;31m<err> ads1220: config2 mismatch! 0x10 != 0x00[0m
[00:00:01.311,401] [1;31m<err> ads1220: config2 mismatch! 0x15 != 0x00[0m
[00:00:01.311,553] [1;31m<err> ads1220: config0 mismatch! 0x3C != 0x1C[0m
[00:00:01.311,553] [1;31m<err> analog_axis_hires: Could not setup channel #1 (-5)[0m
[00:00:01.319,274] [1;31m<err> ads1220: config2 mismatch! 0x10 != 0x00[0m
[00:00:01.319,427] [1;31m<err> ads1220: config2 mismatch! 0x15 != 0x00[0m
[00:00:01.319,580] [1;31m<err> ads1220: config0 mismatch! 0x3C != 0x1C[0m
[00:00:01.319,610] [1;31m<err> analog_axis_hires: Could not setup channel #1 (-5)[0m
[00:00:01.327,301] [1;31m<err> ads1220: config2 mismatch! 0x10 != 0x00[0m
[00:00:01.327,453] [1;31m<err> ads1220: config2 mismatch! 0x15 != 0x00[0m
[00:00:01.327,606] [1;31m<err> ads1220: config0 mismatch! 0x3C != 0x1C[0m
[00:00:01.327,606] [1;31m<err> analog_axis_hires: Could not setup channel #1 (-5)[0m
[00:00:01.335,327] [1;31m<err> ads1220: config2 mismatch! 0x10 != 0x00[0m
[00:00:01.335,479] [1;31m<err> ads1220: config2 mismatch! 0x15 != 0x00[0m
[00:00:01.335,632] [1;31m<err> ads1220: config0 mismatch! 0x3C != 0x1C[0m
[00:00:01.335,632] [1;31m<err> analog_axis_hires: Could not setup channel #1 (-5)[0m
[00:00:01.343,353] [1;31m<err> ads1220: config2 mismatch! 0x10 != 0x00[0m
[00:00:01.343,505] [1;31m<err> ads1220: config2 mismatch! 0x15 != 0x00[0m
[00:00:01.343,658] [1;31m<err> ads1220: config0 mismatch! 0x3C != 0x1C[0m
[00:00:01.343,688] [1;31m<err> analog_axis_hires: Could not setup channel #1 (-5)[0m
[00:00:01.351,379] [1;31m<err> ads1220: config2 mismatch! 0x10 != 0x00[0m
[00:00:01.351,531] [1;31m<err> ads1220: config2 mismatch! 0x15 != 0x00[0m
[00:00:01.351,684] [1;31m<err> ads1220: config0 mismatch! 0x3C != 0x1C[0m
[00:00:01.351,684] [1;31m<err> analog_axis_hires: Could not setup channel #1 (-5)[0m
[00:00:01.359,405] [1;31m<err> ads1220: config2 mismatch! 0x10 != 0x00[0m
[00:00:01.359,558] [1;31m<err> ads1220: config2 mismatch! 0x15 != 0x00[0m
[00:00:01.359,710] [1;31m<err> ads1220: config0 mismatch! 0x3C != 0x1C[0m
[00:00:01.359,710] [1;31m<err> analog_axis_hires: Could not setup channel #1 (-5)[0m
[00:00:01.367,431] [1;31m<err> ads1220: config2 mismatch! 0x10 != 0x00[0m
[00:00:01.367,584] [1;31m<err> ads1220: config2 mismatch! 0x15 != 0x00[0m
[00:00:01.367,736] [1;31m<err> ads1220: config0 mismatch! 0x3C != 0x1C[0m
[00:00:01.367,736] [1;31m<err> analog_axis_hires: Could not setup channel #1 (-5)[0m
[00:00:01.375,457] [1;31m<err> ads1220: config2 mismatch! 0x10 != 0x00[0m
[00:00:01.375,610] [1;31m<err> ads1220: config2 mismatch! 0x15 != 0x00[0m
[00:00:01.375,762] [1;31m<err> ads1220: config0 mismatch! 0x3C != 0x1C[0m
[00:00:01.375,793] [1;31m<err> analog_axis_hires: Could not setup channel #1 (-5)[0m
[00:00:01.383,483] [1;31m<err> ads1220: config2 mismatch! 0x10 != 0x00[0m
[00:00:01.383,636] [1;31m<err> ads1220: config2 mismatch! 0x15 != 0x00[0m
[00:00:01.383,789] [1;31m<err> ads1220: config0 mismatch! 0x3C != 0x1C[0m
[00:00:01.383,789] [1;31m<err> analog_axis_hires: Could not setup channel #1 (-5)[0m
[00:00:01.391,510] [1;31m<err> ads1220: config2 mismatch! 0x10 != 0x00[0m
[00:00:01.391,662] [1;31m<err> ads1220: config2 mismatch! 0x15 != 0x00[0m
[00:00:01.391,815] [1;31m<err> ads1220: config0 mismatch! 0x3C != 0x1C[0m
[00:00:01.391,815] [1;31m<err> analog_axis_hires: Could not setup channel #1 (-5)[0m
[00:00:01.399,536] [1;31m<err> ads1220: config2 mismatch! 0x10 != 0x00[0m
[00:00:01.399,688] [1;31m<err> ads1220: config2 mismatch! 0x15 != 0x00[0m
[00:00:01.399,841] [1;31m<err> ads1220: config0 mismatch! 0x3C != 0x1C[0m
[00:00:01.399,841] [1;31m<err> analog_axis_hires: Could not setup channel #1 (-5)[0m
[00:00:01.407,562] [1;31m<err> ads1220: config2 mismatch! 0x10 != 0x00[0m
[00:00:01.407,714] [1;31m<err> ads1220: config2 mismatch! 0x15 != 0x00[0m
[00:00:01.407,867] [1;31m<err> ads1220: config0 mismatch! 0x3C != 0x1C[0m
[00:00:01.407,867] [1;31m<err> analog_axis_hires: Could not setup channel #1 (-5)[0m
[00:00:01.415,588] [1;31m<err> ads1220: config2 mismatch! 0x10 != 0x00[0m
[00:00:01.415,740] [1;31m<err> ads1220: config2 mismatch! 0x15 != 0x00[0m
[00:00:01.415,893] [1;31m<err> ads1220: config0 mismatch! 0x3C != 0x1C[0m
[00:00:01.415,924] [1;31m<err> analog_axis_hires: Could not setup channel #1 (-5)[0m
[00:00:01.423,614] [1;31m<err> ads1220: config2 mismatch! 0x10 != 0x00[0m
[00:00:01.423,767] [1;31m<err> ads1220: config2 mismatch! 0x15 != 0x00[0m
[00:00:01.423,919] [1;31m<err> ads1220: config0 mismatch! 0x3C != 0x1C[0m
[00:00:01.423,919] [1;31m<err> analog_axis_hires: Could not setup channel #1 (-5)[0m
[00:00:01.431,640] [1;31m<err> ads1220: config2 mismatch! 0x10 != 0x00[0m
[00:00:01.431,793] [1;31m<err> ads1220: config2 mismatch! 0x15 != 0x00[0m
[00:00:01.431,945] [1;31m<err> ads1220: config0 mismatch! 0x3C != 0x1C[0m
[00:00:01.431,945] [1;31m<err> analog_axis_hires: Could not setup channel #1 (-5)[0m
[00:00:01.439,666] [1;31m<err> ads1220: config2 mismatch! 0x10 != 0x00[0m
[00:00:01.439,819] [1;31m<err> ads1220: config2 mismatch! 0x15 != 0x00[0m
[00:00:01.439,971] [1;31m<err> ads1220: config0 mismatch! 0x3C != 0x1C[0m
[00:00:01.440,002] [1;31m<err> analog_axis_hires: Could not setup channel #1 (-5)[0m
[00:00:01.447,692] [1;31m<err> ads1220: config2 mismatch! 0x10 != 0x00[0m
[00:00:01.447,845] [1;31m<err> ads1220: config2 mismatch! 0x15 != 0x00[0m
[00:00:01.447,998] [1;31m<err> ads1220: config0 mismatch! 0x3C != 0x1C[0m
[00:00:01.448,028] [1;31m<err> analog_axis_hires: Could not setup channel #1 (-5)[0m
[00:00:01.455,718] [1;31m<err> ads1220: config2 mismatch! 0x10 != 0x00[0m
[00:00:01.455,871] [1;31m<err> ads1220: config2 mismatch! 0x15 != 0x00[0m
[00:00:01.456,024] [1;31m<err> ads1220: config0 mismatch! 0x3C != 0x1C[0m
[00:00:01.456,024] [1;31m<err> analog_axis_hires: Could not setup channel #1 (-5)[0m
[00:00:01.463,745] [1;31m<err> ads1220: config2 mismatch! 0x10 != 0x00[0m
[00:00:01.463,897] [1;31m<err> ads1220: config2 mismatch! 0x15 != 0x00[0m
[00:00:01.464,050] [1;31m<err> ads1220: config0 mismatch! 0x3C != 0x1C[0m
[00:00:01.464,050] [1;31m<err> analog_axis_hires: Could not setup channel #1 (-5)[0m
[00:00:01.471,771] [1;31m<err> ads1220: config2 mismatch! 0x10 != 0x00[0m
[00:00:01.471,923] [1;31m<err> ads1220: config2 mismatch! 0x15 != 0x00[0m
[00:00:01.472,076] [1;31m<err> ads1220: config0 mismatch! 0x3C != 0x1C[0m
[00:00:01.472,076] [1;31m<err> analog_axis_hires: Could not setup channel #1 (-5)[0m
[00:00:01.479,797] [1;31m<err> ads1220: config2 mismatch! 0x10 != 0x00[0m
[00:00:01.479,949] [1;31m<err> ads1220: config2 mismatch! 0x15 != 0x00[0m
[00:00:01.480,102] [1;31m<err> ads1220: config0 mismatch! 0x3C != 0x1C[0m
[00:00:01.480,133] [1;31m<err> analog_axis_hires: Could not setup channel #1 (-5)[0m
[00:00:01.487,823] [1;31m<err> ads1220: config2 mismatch! 0x10 != 0x00[0m
[00:00:01.487,976] [1;31m<err> ads1220: config2 mismatch! 0x15 != 0x00[0m
[00:00:01.488,128] [1;31m<err> ads1220: config0 mismatch! 0x3C != 0x1C[0m
[00:00:01.488,128] [1;31m<err> analog_axis_hires: Could not setup channel #1 (-5)[0m
[00:00:01.495,849] [1;31m<err> ads1220: config2 mismatch! 0x10 != 0x00[0m
[00:00:01.496,002] [1;31m<err> ads1220: config2 mismatch! 0x15 != 0x00[0m
[00:00:01.496,154] [1;31m<err> ads1220: config0 mismatch! 0x3C != 0x1C[0m
[00:00:01.496,154] [1;31m<err> analog_axis_hires: Could not setup channel #1 (-5)[0m
[00:00:01.503,875] [1;31m<err> ads1220: config2 mismatch! 0x10 != 0x00[0m
[00:00:01.504,028] [1;31m<err> ads1220: config2 mismatch! 0x15 != 0x00[0m
[00:00:01.504,180] [1;31m<err> ads1220: config0 mismatch! 0x3C != 0x1C[0m
[00:00:01.504,180] [1;31m<err> analog_axis_hires: Could not setup channel #1 (-5)[0m
[00:00:01.511,901] [1;31m<err> ads1220: config2 mismatch! 0x10 != 0x00[0m
[00:00:01.512,054] [1;31m<err> ads1220: config2 mismatch! 0x15 != 0x00[0m
[00:00:01.512,207] [1;31m<err> ads1220: config0 mismatch! 0x3C != 0x1C[0m
[00:00:01.512,237] [1;31m<err> analog_axis_hires: Could not setup channel #1 (-5)[0m
[00:00:01.519,927] [1;31m<err> ads1220: config2 mismatch! 0x10 != 0x00[0m
[00:00:01.520,080] [1;31m<err> ads1220: config2 mismatch! 0x15 != 0x00[0m
[00:00:01.520,233] [1;31m<err> ads1220: config0 mismatch! 0x3C != 0x1C[0m
[00:00:01.520,233] [1;31m<err> analog_axis_hires: Could not setup channel #1 (-5)[0m
[00:00:01.527,954] [1;31m<err> ads1220: config2 mismatch! 0x10 != 0x00[0m
[00:00:01.528,106] [1;31m<err> ads1220: config2 mismatch! 0x15 != 0x00[0m
[00:00:01.528,259] [1;31m<err> ads1220: config0 mismatch! 0x3C != 0x1C[0m
[00:00:01.528,259] [1;31m<err> analog_axis_hires: Could not setup channel #1 (-5)[0m
[00:00:01.535,980] [1;31m<err> ads1220: config2 mismatch! 0x10 != 0x00[0m
[00:00:01.536,132] [1;31m<err> ads1220: config2 mismatch! 0x15 != 0x00[0m
[00:00:01.536,285] [1;31m<err> ads1220: config0 mismatch! 0x3C != 0x1C[0m
[00:00:01.536,315] [1;31m<err> analog_axis_hires: Could not setup channel #1 (-5)[0m
[00:00:01.544,006] [1;31m<err> ads1220: config2 mismatch! 0x10 != 0x00[0m
[00:00:01.544,158] [1;31m<err> ads1220: config2 mismatch! 0x15 != 0x00[0m
[00:00:01.544,311] [1;31m<err> ads1220: config0 mismatch! 0x3C != 0x1C[0m
[00:00:01.544,311] [1;31m<err> analog_axis_hires: Could not setup channel #1 (-5)[0m
[00:00:01.552,032] [1;31m<err> ads1220: config2 mismatch! 0x10 != 0x00[0m
[00:00:01.552,185] [1;31m<err> ads1220: config2 mismatch! 0x15 != 0x00[0m
[00:00:01.552,337] [1;31m<err> ads1220: config0 mismatch! 0x3C != 0x1C[0m
[00:00:01.552,337] [1;31m<err> analog_axis_hires: Could not setup channel #1 (-5)[0m
[00:00:01.560,058] [1;31m<err> ads1220: config2 mismatch! 0x10 != 0x00[0m
[00:00:01.560,211] [1;31m<err> ads1220: config2 mismatch! 0x15 != 0x00[0m
[00:00:01.560,363] [1;31m<err> ads1220: config0 mismatch! 0x3C != 0x1C[0m
[00:00:01.560,394] [1;31m<err> analog_axis_hires: Could not setup channel #1 (-5)[0m
[00:00:01.568,084] [1;31m<err> ads1220: config2 mismatch! 0x10 != 0x00[0m
[00:00:01.568,237] [1;31m<err> ads1220: config2 mismatch! 0x15 != 0x00[0m
[00:00:01.568,389] [1;31m<err> ads1220: config0 mismatch! 0x3C != 0x1C[0m
[00:00:01.568,389] [1;31m<err> analog_axis_hires: Could not setup channel #1 (-5)[0m
[00:00:01.576,110] [1;31m<err> ads1220: config2 mismatch! 0x10 != 0x00[0m
[00:00:01.576,263] [1;31m<err> ads1220: config2 mismatch! 0x15 != 0x00[0m
[00:00:01.576,416] [1;31m<err> ads1220: config0 mismatch! 0x3C != 0x1C[0m
[00:00:01.576,446] [1;31m<err> analog_axis_hires: Could not setup channel #1 (-5)[0m
[00:00:01.584,136] [1;31m<err> ads1220: config2 mismatch! 0x10 != 0x00[0m
[00:00:01.584,289] [1;31m<err> ads1220: config2 mismatch! 0x15 != 0x00[0m
[00:00:01.584,442] [1;31m<err> ads1220: config0 mismatch! 0x3C != 0x1C[0m
[00:00:01.584,442] [1;31m<err> analog_axis_hires: Could not setup channel #1 (-5)[0m
[00:00:01.592,163] [1;31m<err> ads1220: config2 mismatch! 0x10 != 0x00[0m
[00:00:01.592,315] [1;31m<err> ads1220: config2 mismatch! 0x15 != 0x00[0m
[00:00:01.592,468] [1;31m<err> ads1220: config0 mismatch! 0x3C != 0x1C[0m
[00:00:01.592,468] [1;31m<err> analog_axis_hires: Could not setup channel #1 (-5)[0m
[00:00:01.600,189] [1;31m<err> ads1220: config2 mismatch! 0x10 != 0x00[0m
[00:00:01.600,341] [1;31m<err> ads1220: config2 mismatch! 0x15 != 0x00[0m
[00:00:01.600,494] [1;31m<err> ads1220: config0 mismatch! 0x3C != 0x1C[0m
[00:00:01.600,524] [1;31m<err> analog_axis_hires: Could not setup channel #1 (-5)[0m
[00:00:01.608,215] [1;31m<err> ads1220: config2 mismatch! 0x10 != 0x00[0m
[00:00:01.608,367] [1;31m<err> ads1220: config2 mismatch! 0x15 != 0x00[0m
[00:00:01.608,520] [1;31m<err> ads1220: config0 mismatch! 0x3C != 0x1C[0m
[00:00:01.608,520] [1;31m<err> analog_axis_hires: Could not setup channel #1 (-5)[0m
[00:00:01.616,241] [1;31m<err> ads1220: config2 mismatch! 0x10 != 0x00[0m
[00:00:01.616,394] [1;31m<err> ads1220: config2 mismatch! 0x15 != 0x00[0m
[00:00:01.616,546] [1;31m<err> ads1220: config0 mismatch! 0x3C != 0x1C[0m
[00:00:01.616,546] [1;31m<err> analog_axis_hires: Could not setup channel #1 (-5)[0m
[00:00:01.624,267] [1;31m<err> ads1220: config2 mismatch! 0x10 != 0x00[0m
[00:00:01.624,420] [1;31m<err> ads1220: config2 mismatch! 0x15 != 0x00[0m
[00:00:01.624,572] [1;31m<err> ads1220: config0 mismatch! 0x3C != 0x1C[0m
[00:00:01.624,603] [1;31m<err> analog_axis_hires: Could not setup channel #1 (-5)[0m
[00:00:01.632,293] [1;31m<err> ads1220: config2 mismatch! 0x10 != 0x00[0m
[00:00:01.632,446] [1;31m<err> ads1220: config2 mismatch! 0x15 != 0x00[0m
[00:00:01.632,598] [1;31m<err> ads1220: config0 mismatch! 0x3C != 0x1C[0m
[00:00:01.632,598] [1;31m<err> analog_axis_hires: Could not setup channel #1 (-5)[0m
[00:00:01.640,319] [1;31m<err> ads1220: config2 mismatch! 0x10 != 0x00[0m
[00:00:01.640,472] [1;31m<err> ads1220: config2 mismatch! 0x15 != 0x00[0m
[00:00:01.640,625] [1;31m<err> ads1220: config0 mismatch! 0x3C != 0x1C[0m
[00:00:01.640,625] [1;31m<err> analog_axis_hires: Could not setup channel #1 (-5)[0m
[00:00:01.648,345] [1;31m<err> ads1220: config2 mismatch! 0x10 != 0x00[0m
[00:00:01.648,498] [1;31m<err> ads1220: config2 mismatch! 0x15 != 0x00[0m
[00:00:01.648,651] [1;31m<err> ads1220: config0 mismatch! 0x3C != 0x1C[0m
[00:00:01.648,651] [1;31m<err> analog_axis_hires: Could not setup channel #1 (-5)[0m
[00:00:01.656,372] [1;31m<err> ads1220: config2 mismatch! 0x10 != 0x00[0m
[00:00:01.656,524] [1;31m<err> ads1220: config2 mismatch! 0x15 != 0x00[0m
[00:00:01.656,677] [1;31m<err> ads1220: config0 mismatch! 0x3C != 0x1C[0m
[00:00:01.656,677] [1;31m<err> analog_axis_hires: Could not setup channel #1 (-5)[0m
[00:00:01.664,398] [1;31m<err> ads1220: config2 mismatch! 0x10 != 0x00[0m
[00:00:01.664,550] [1;31m<err> ads1220: config2 mismatch! 0x15 != 0x00[0m
[00:00:01.664,703] [1;31m<err> ads1220: config0 mismatch! 0x3C != 0x1C[0m
[00:00:01.664,703] [1;31m<err> analog_axis_hires: Could not setup channel #1 (-5)[0m
[00:00:01.672,424] [1;31m<err> ads1220: config2 mismatch! 0x10 != 0x00[0m
[00:00:01.672,576] [1;31m<err> ads1220: config2 mismatch! 0x15 != 0x00[0m
[00:00:01.672,729] [1;31m<err> ads1220: config0 mismatch! 0x3C != 0x1C[0m
[00:00:01.672,729] [1;31m<err> analog_axis_hires: Could not setup channel #1 (-5)[0m
[00:00:01.680,450] [1;31m<err> ads1220: config2 mismatch! 0x10 != 0x00[0m
[00:00:01.680,603] [1;31m<err> ads1220: config2 mismatch! 0x15 != 0x00[0m
[00:00:01.680,755] [1;31m<err> ads1220: config0 mismatch! 0x3C != 0x1C[0m
[00:00:01.680,786] [1;31m<err> analog_axis_hires: Could not setup channel #1 (-5)[0m
[00:00:01.688,476] [1;31m<err> ads1220: config2 mismatch! 0x10 != 0x00[0m
[00:00:01.688,629] [1;31m<err> ads1220: config2 mismatch! 0x15 != 0x00[0m
[00:00:01.688,781] [1;31m<err> ads1220: config0 mismatch! 0x3C != 0x1C[0m
[00:00:01.688,781] [1;31m<err> analog_axis_hires: Could not setup channel #1 (-5)[0m
[00:00:01.696,502] [1;31m<err> ads1220: config2 mismatch! 0x10 != 0x00[0m
[00:00:01.696,655] [1;31m<err> ads1220: config2 mismatch! 0x15 != 0x00[0m
[00:00:01.696,807] [1;31m<err> ads1220: config0 mismatch! 0x3C != 0x1C[0m
[00:00:01.696,807] [1;31m<err> analog_axis_hires: Could not setup channel #1 (-5)[0m
[00:00:01.704,528] [1;31m<err> ads1220: config2 mismatch! 0x10 != 0x00[0m
[00:00:01.704,681] [1;31m<err> ads1220: config2 mismatch! 0x15 != 0x00[0m
[00:00:01.704,833] [1;31m<err> ads1220: config0 mismatch! 0x3C != 0x1C[0m
[00:00:01.704,864] [1;31m<err> analog_axis_hires: Could not setup channel #1 (-5)[0m
[00:00:01.712,554] [1;31m<err> ads1220: config2 mismatch! 0x10 != 0x00[0m
[00:00:01.712,707] [1;31m<err> ads1220: config2 mismatch! 0x15 != 0x00[0m
[00:00:01.712,860] [1;31m<err> ads1220: config0 mismatch! 0x3C != 0x1C[0m
[00:00:01.712,860] [1;31m<err> analog_axis_hires: Could not setup channel #1 (-5)[0m
[00:00:01.720,581] [1;31m<err> ads1220: config2 mismatch! 0x10 != 0x00[0m
[00:00:01.720,733] [1;31m<err> ads1220: config2 mismatch! 0x15 != 0x00[0m
[00:00:01.720,886] [1;31m<err> ads1220: config0 mismatch! 0x3C != 0x1C[0m
[00:00:01.720,886] [1;31m<err> analog_axis_hires: Could not setup channel #1 (-5)[0m
[00:00:01.728,607] [1;31m<err> ads1220: config2 mismatch! 0x10 != 0x00[0m
[00:00:01.728,759] [1;31m<err> ads1220: config2 mismatch! 0x15 != 0x00[0m
[00:00:01.728,912] [1;31m<err> ads1220: config0 mismatch! 0x3C != 0x1C[0m
[00:00:01.728,912] [1;31m<err> analog_axis_hires: Could not setup channel #1 (-5)[0m
[00:00:01.736,633] [1;31m<err> ads1220: config2 mismatch! 0x10 != 0x00[0m
[00:00:01.736,785] [1;31m<err> ads1220: config2 mismatch! 0x15 != 0x00[0m
[00:00:01.736,938] [1;31m<err> ads1220: config0 mismatch! 0x3C != 0x1C[0m
[00:00:01.736,968] [1;31m<err> analog_axis_hires: Could not setup channel #1 (-5)[0m
[00:00:01.744,659] [1;31m<err> ads1220: config2 mismatch! 0x10 != 0x00[0m
[00:00:01.744,812] [1;31m<err> ads1220: config2 mismatch! 0x15 != 0x00[0m
[00:00:01.744,964] [1;31m<err> ads1220: config0 mismatch! 0x3C != 0x1C[0m
[00:00:01.744,964] [1;31m<err> analog_axis_hires: Could not setup channel #1 (-5)[0m
[00:00:01.752,685] [1;31m<err> ads1220: config2 mismatch! 0x10 != 0x00[0m
[00:00:01.752,838] [1;31m<err> ads1220: config2 mismatch! 0x15 != 0x00[0m
[00:00:01.752,990] [1;31m<err> ads1220: config0 mismatch! 0x3C != 0x1C[0m
[00:00:01.752,990] [1;31m<err> analog_axis_hires: Could not setup channel #1 (-5)[0m
[00:00:01.760,711] [1;31m<err> ads1220: config2 mismatch! 0x10 != 0x00[0m
[00:00:01.760,864] [1;31m<err> ads1220: config2 mismatch! 0x15 != 0x00[0m
[00:00:01.761,016] [1;31m<err> ads1220: config0 mismatch! 0x3C != 0x1C[0m
[00:00:01.761,016] [1;31m<err> analog_axis_hires: Could not setup channel #1 (-5)[0m
[00:00:01.768,737] [1;31m<err> ads1220: config2 mismatch! 0x10 != 0x00[0m
[00:00:01.768,890] [1;31m<err> ads1220: config2 mismatch! 0x15 != 0x00[0m
[00:00:01.769,042] [1;31m<err> ads1220: config0 mismatch! 0x3C != 0x1C[0m
[00:00:01.769,042] [1;31m<err> analog_axis_hires: Could not setup channel #1 (-5)[0m
[00:00:01.776,763] [1;31m<err> ads1220: config2 mismatch! 0x10 != 0x00[0m
[00:00:01.776,916] [1;31m<err> ads1220: config2 mismatch! 0x15 != 0x00[0m
[00:00:01.777,069] [1;31m<err> ads1220: config0 mismatch! 0x3C != 0x1C[0m
[00:00:01.777,069] [1;31m<err> analog_axis_hires: Could not setup channel #1 (-5)[0m
[00:00:01.784,790] [1;31m<err> ads1220: config2 mismatch! 0x10 != 0x00[0m
[00:00:01.784,942] [1;31m<err> ads1220: config2 mismatch! 0x15 != 0x00[0m
[00:00:01.785,095] [1;31m<err> ads1220: config0 mismatch! 0x3C != 0x1C[0m
[00:00:01.785,095] [1;31m<err> analog_axis_hires: Could not setup channel #1 (-5)[0m
[00:00:01.792,816] [1;31m<err> ads1220: config2 mismatch! 0x10 != 0x00[0m
[00:00:01.792,968] [1;31m<err> ads1220: config2 mismatch! 0x15 != 0x00[0m
[00:00:01.793,121] [1;31m<err> ads1220: config0 mismatch! 0x3C != 0x1C[0m
[00:00:01.793,121] [1;31m<err> analog_axis_hires: Could not setup channel #1 (-5)[0m
[00:00:01.800,842] [1;31m<err> ads1220: config2 mismatch! 0x10 != 0x00[0m
[00:00:01.800,994] [1;31m<err> ads1220: config2 mismatch! 0x15 != 0x00[0m
[00:00:01.801,147] [1;31m<err> ads1220: config0 mismatch! 0x3C != 0x1C[0m
[00:00:01.801,147] [1;31m<err> analog_axis_hires: Could not setup channel #1 (-5)[0m
[00:00:01.808,868] [1;31m<err> ads1220: config2 mismatch! 0x10 != 0x00[0m
[00:00:01.809,020] [1;31m<err> ads1220: config2 mismatch! 0x15 != 0x00[0m
[00:00:01.809,173] [1;31m<err> ads1220: config0 mismatch! 0x3C != 0x1C[0m
[00:00:01.809,173] [1;31m<err> analog_axis_hires: Could not setup channel #1 (-5)[0m
[00:00:01.816,894] [1;31m<err> ads1220: config2 mismatch! 0x10 != 0x00[0m
[00:00:01.817,047] [1;31m<err> ads1220: config2 mismatch! 0x15 != 0x00[0m
[00:00:01.817,199] [1;31m<err> ads1220: config0 mismatch! 0x3C != 0x1C[0m
[00:00:01.817,199] [1;31m<err> analog_axis_hires: Could not setup channel #1 (-5)[0m
[00:00:01.824,920] [1;31m<err> ads1220: config2 mismatch! 0x10 != 0x00[0m
[00:00:01.825,073] [1;31m<err> ads1220: config2 mismatch! 0x15 != 0x00[0m
[00:00:01.825,225] [1;31m<err> ads1220: config0 mismatch! 0x3C != 0x1C[0m
[00:00:01.825,256] [1;31m<err> analog_axis_hires: Could not setup channel #1 (-5)[0m
[00:00:01.832,946] [1;31m<err> ads1220: config2 mismatch! 0x10 != 0x00[0m
[00:00:01.833,099] [1;31m<err> ads1220: config2 mismatch! 0x15 != 0x00[0m
[00:00:01.833,251] [1;31m<err> ads1220: config0 mismatch! 0x3C != 0x1C[0m
[00:00:01.833,251] [1;31m<err> analog_axis_hires: Could not setup channel #1 (-5)[0m
[00:00:01.840,972] [1;31m<err> ads1220: config2 mismatch! 0x10 != 0x00[0m
[00:00:01.841,125] [1;31m<err> ads1220: config2 mismatch! 0x15 != 0x00[0m
[00:00:01.841,278] [1;31m<err> ads1220: config0 mismatch! 0x3C != 0x1C[0m
[00:00:01.841,278] [1;31m<err> analog_axis_hires: Could not setup channel #1 (-5)[0m
[00:00:01.848,999] [1;31m<err> ads1220: config2 mismatch! 0x10 != 0x00[0m
[00:00:01.849,151] [1;31m<err> ads1220: config2 mismatch! 0x15 != 0x00[0m
[00:00:01.849,304] [1;31m<err> ads1220: config0 mismatch! 0x3C != 0x1C[0m
[00:00:01.849,304] [1;31m<err> analog_axis_hires: Could not setup channel #1 (-5)[0m
[00:00:01.857,025] [1;31m<err> ads1220: config2 mismatch! 0x10 != 0x00[0m
[00:00:01.857,177] [1;31m<err> ads1220: config2 mismatch! 0x15 != 0x00[0m
[00:00:01.857,330] [1;31m<err> ads1220: config0 mismatch! 0x3C != 0x1C[0m
[00:00:01.857,330] [1;31m<err> analog_axis_hires: Could not setup channel #1 (-5)[0m
[00:00:01.865,051] [1;31m<err> ads1220: config2 mismatch! 0x10 != 0x00[0m
[00:00:01.865,203] [1;31m<err> ads1220: config2 mismatch! 0x15 != 0x00[0m
[00:00:01.865,356] [1;31m<err> ads1220: config0 mismatch! 0x3C != 0x1C[0m
[00:00:01.865,386] [1;31m<err> analog_axis_hires: Could not setup channel #1 (-5)[0m
[00:00:01.873,077] [1;31m<err> ads1220: config2 mismatch! 0x10 != 0x00[0m
[00:00:01.873,229] [1;31m<err> ads1220: config2 mismatch! 0x15 != 0x00[0m
[00:00:01.873,382] [1;31m<err> ads1220: config0 mismatch! 0x3C != 0x1C[0m
[00:00:01.873,382] [1;31m<err> analog_axis_hires: Could not setup channel #1 (-5)[0m
[00:00:01.881,103] [1;31m<err> ads1220: config2 mismatch! 0x10 != 0x00[0m
[00:00:01.881,256] [1;31m<err> ads1220: config2 mismatch! 0x15 != 0x00[0m
[00:00:01.881,408] [1;31m<err> ads1220: config0 mismatch! 0x3C != 0x1C[0m
[00:00:01.881,408] [1;31m<err> analog_axis_hires: Could not setup channel #1 (-5)[0m
[00:00:01.889,129] [1;31m<err> ads1220: config2 mismatch! 0x10 != 0x00[0m
[00:00:01.889,282] [1;31m<err> ads1220: config2 mismatch! 0x15 != 0x00[0m
[00:00:01.889,434] [1;31m<err> ads1220: config0 mismatch! 0x3C != 0x1C[0m
[00:00:01.889,465] [1;31m<err> analog_axis_hires: Could not setup channel #1 (-5)[0m
[00:00:01.897,155] [1;31m<err> ads1220: config2 mismatch! 0x10 != 0x00[0m
[00:00:01.897,308] [1;31m<err> ads1220: config2 mismatch! 0x15 != 0x00[0m
[00:00:01.897,460] [1;31m<err> ads1220: config0 mismatch! 0x3C != 0x1C[0m
[00:00:01.897,460] [1;31m<err> analog_axis_hires: Could not setup channel #1 (-5)[0m
[00:00:01.905,181] [1;31m<err> ads1220: config2 mismatch! 0x10 != 0x00[0m
[00:00:01.905,334] [1;31m<err> ads1220: config2 mismatch! 0x15 != 0x00[0m
[00:00:01.905,487] [1;31m<err> ads1220: config0 mismatch! 0x3C != 0x1C[0m
[00:00:01.905,487] [1;31m<err> analog_axis_hires: Could not setup channel #1 (-5)[0m
[00:00:01.913,208] [1;31m<err> ads1220: config2 mismatch! 0x10 != 0x00[0m
[00:00:01.913,360] [1;31m<err> ads1220: config2 mismatch! 0x15 != 0x00[0m
[00:00:01.913,513] [1;31m<err> ads1220: config0 mismatch! 0x3C != 0x1C[0m
[00:00:01.913,513] [1;31m<err> analog_axis_hires: Could not setup channel #1 (-5)[0m
[00:00:01.921,234] [1;31m<err> ads1220: config2 mismatch! 0x10 != 0x00[0m
[00:00:01.921,386] [1;31m<err> ads1220: config2 mismatch! 0x15 != 0x00[0m
[00:00:01.921,539] [1;31m<err> ads1220: config0 mismatch! 0x3C != 0x1C[0m
[00:00:01.921,539] [1;31m<err> analog_axis_hires: Could not setup channel #1 (-5)[0m
[00:00:01.929,260] [1;31m<err> ads1220: config2 mismatch! 0x10 != 0x00[0m
[00:00:01.929,412] [1;31m<err> ads1220: config2 mismatch! 0x15 != 0x00[0m
[00:00:01.929,565] [1;31m<err> ads1220: config0 mismatch! 0x3C != 0x1C[0m
[00:00:01.929,595] [1;31m<err> analog_axis_hires: Could not setup channel #1 (-5)[0m
[00:00:01.937,286] [1;31m<err> ads1220: config2 mismatch! 0x10 != 0x00[0m
[00:00:01.937,438] [1;31m<err> ads1220: config2 mismatch! 0x15 != 0x00[0m
[00:00:01.937,591] [1;31m<err> ads1220: config0 mismatch! 0x3C != 0x1C[0m
[00:00:01.937,591] [1;31m<err> analog_axis_hires: Could not setup channel #1 (-5)[0m
[00:00:01.945,312] [1;31m<err> ads1220: config2 mismatch! 0x10 != 0x00[0m
[00:00:01.945,465] [1;31m<err> ads1220: config2 mismatch! 0x15 != 0x00[0m
[00:00:01.945,617] [1;31m<err> ads1220: config0 mismatch! 0x3C != 0x1C[0m
[00:00:01.945,617] [1;31m<err> analog_axis_hires: Could not setup channel #1 (-5)[0m
[00:00:01.953,338] [1;31m<err> ads1220: config2 mismatch! 0x10 != 0x00[0m
[00:00:01.953,491] [1;31m<err> ads1220: config2 mismatch! 0x15 != 0x00[0m
[00:00:01.953,643] [1;31m<err> ads1220: config0 mismatch! 0x3C != 0x1C[0m
[00:00:01.953,674] [1;31m<err> analog_axis_hires: Could not setup channel #1 (-5)[0m
[00:00:01.961,364] [1;31m<err> ads1220: config2 mismatch! 0x10 != 0x00[0m
[00:00:01.961,517] [1;31m<err> ads1220: config2 mismatch! 0x15 != 0x00[0m
[00:00:01.961,669] [1;31m<err> ads1220: config0 mismatch! 0x3C != 0x1C[0m
[00:00:01.961,669] [1;31m<err> analog_axis_hires: Could not setup channel #1 (-5)[0m
[00:00:01.969,390] [1;31m<err> ads1220: config2 mismatch! 0x10 != 0x00[0m
[00:00:01.969,543] [1;31m<err> ads1220: config2 mismatch! 0x15 != 0x00[0m
[00:00:01.969,696] [1;31m<err> ads1220: config0 mismatch! 0x3C != 0x1C[0m
[00:00:01.969,696] [1;31m<err> analog_axis_hires: Could not setup channel #1 (-5)[0m
[00:00:01.977,416] [1;31m<err> ads1220: config2 mismatch! 0x10 != 0x00[0m
[00:00:01.977,569] [1;31m<err> ads1220: config2 mismatch! 0x15 != 0x00[0m
[00:00:01.977,722] [1;31m<err> ads1220: config0 mismatch! 0x3C != 0x1C[0m
[00:00:01.977,722] [1;31m<err> analog_axis_hires: Could not setup channel #1 (-5)[0m
[00:00:01.985,443] [1;31m<err> ads1220: config2 mismatch! 0x10 != 0x00[0m
[00:00:01.985,595] [1;31m<err> ads1220: config2 mismatch! 0x15 != 0x00[0m
[00:00:01.985,748] [1;31m<err> ads1220: config0 mismatch! 0x3C != 0x1C[0m
[00:00:01.985,778] [1;31m<err> analog_axis_hires: Could not setup channel #1 (-5)[0m
[00:00:01.993,469] [1;31m<err> ads1220: config2 mismatch! 0x10 != 0x00[0m
[00:00:01.993,621] [1;31m<err> ads1220: config2 mismatch! 0x15 != 0x00[0m
[00:00:01.993,774] [1;31m<err> ads1220: config0 mismatch! 0x3C != 0x1C[0m
[00:00:01.993,774] [1;31m<err> analog_axis_hires: Could not setup channel #1 (-5)[0m
[00:00:02.001,495] [1;31m<err> ads1220: config2 mismatch! 0x10 != 0x00[0m
[00:00:02.001,647] [1;31m<err> ads1220: config2 mismatch! 0x15 != 0x00[0m
[00:00:02.001,800] [1;31m<err> ads1220: config0 mismatch! 0x3C != 0x1C[0m
[00:00:02.001,800] [1;31m<err> analog_axis_hires: Could not setup channel #1 (-5)[0m
[00:00:02.009,521] [1;31m<err> ads1220: config2 mismatch! 0x10 != 0x00[0m
[00:00:02.009,674] [1;31m<err> ads1220: config2 mismatch! 0x15 != 0x00[0m
[00:00:02.009,826] [1;31m<err> ads1220: config0 mismatch! 0x3C != 0x1C[0m
[00:00:02.009,857] [1;31m<err> analog_axis_hires: Could not setup channel #1 (-5)[0m
[00:00:02.017,547] [1;31m<err> ads1220: config2 mismatch! 0x10 != 0x00[0m
[00:00:02.017,700] [1;31m<err> ads1220: config2 mismatch! 0x15 != 0x00[0m
[00:00:02.017,852] [1;31m<err> ads1220: config0 mismatch! 0x3C != 0x1C[0m
[00:00:02.017,852] [1;31m<err> analog_axis_hires: Could not setup channel #1 (-5)[0m
[00:00:02.025,573] [1;31m<err> ads1220: config2 mismatch! 0x10 != 0x00[0m
[00:00:02.025,726] [1;31m<err> ads1220: config2 mismatch! 0x15 != 0x00[0m
[00:00:02.025,878] [1;31m<err> ads1220: config0 mismatch! 0x3C != 0x1C[0m
[00:00:02.025,878] [1;31m<err> analog_axis_hires: Could not setup channel #1 (-5)[0m
[00:00:02.033,599] [1;31m<err> ads1220: config2 mismatch! 0x10 != 0x00[0m
[00:00:02.033,752] [1;31m<err> ads1220: config2 mismatch! 0x15 != 0x00[0m
[00:00:02.033,905] [1;31m<err> ads1220: config0 mismatch! 0x3C != 0x1C[0m
[00:00:02.033,905] [1;31m<err> analog_axis_hires: Could not setup channel #1 (-5)[0m
[00:00:02.041,625] [1;31m<err> ads1220: config2 mismatch! 0x10 != 0x00[0m
[00:00:02.041,778] [1;31m<err> ads1220: config2 mismatch! 0x15 != 0x00[0m
[00:00:02.041,931] [1;31m<err> ads1220: config0 mismatch! 0x3C != 0x1C[0m
[00:00:02.041,961] [1;31m<err> analog_axis_hires: Could not setup channel #1 (-5)[0m
[00:00:02.049,652] [1;31m<err> ads1220: config2 mismatch! 0x10 != 0x00[0m
[00:00:02.049,804] [1;31m<err> ads1220: config2 mismatch! 0x15 != 0x00[0m
[00:00:02.049,957] [1;31m<err> ads1220: config0 mismatch! 0x3C != 0x1C[0m
[00:00:02.049,957] [1;31m<err> analog_axis_hires: Could not setup channel #1 (-5)[0m
[00:00:02.057,678] [1;31m<err> ads1220: config2 mismatch! 0x10 != 0x00[0m
[00:00:02.057,830] [1;31m<err> ads1220: config2 mismatch! 0x15 != 0x00[0m
[00:00:02.057,952] [1;31m<err> ads1220: config0 mismatch! 0x3C != 0x1C[0m
[00:00:02.057,983] [1;31m<err> analog_axis_hires: Could not setup channel #1 (-5)[0m
[00:00:02.065,704] [1;31m<err> ads1220: config2 mismatch! 0x10 != 0x00[0m
[00:00:02.065,826] [1;31m<err> ads1220: config2 mismatch! 0x15 != 0x00[0m
[00:00:02.065,979] [1;31m<err> ads1220: config0 mismatch! 0x3C != 0x1C[0m
[00:00:02.065,979] [1;31m<err> analog_axis_hires: Could not setup channel #1 (-5)[0m
[00:00:02.073,730] [1;31m<err> ads1220: config2 mismatch! 0x10 != 0x00[0m
[00:00:02.073,852] [1;31m<err> ads1220: config2 mismatch! 0x15 != 0x00[0m
[00:00:02.074,005] [1;31m<err> ads1220: config0 mismatch! 0x3C != 0x1C[0m
[00:00:02.074,005] [1;31m<err> analog_axis_hires: Could not setup channel #1 (-5)[0m
[00:00:02.081,756] [1;31m<err> ads1220: config2 mismatch! 0x10 != 0x00[0m
[00:00:02.081,878] [1;31m<err> ads1220: config2 mismatch! 0x15 != 0x00[0m
[00:00:02.082,031] [1;31m<err> ads1220: config0 mismatch! 0x3C != 0x1C[0m
[00:00:02.082,031] [1;31m<err> analog_axis_hires: Could not setup channel #1 (-5)[0m
[00:00:02.089,782] [1;31m<err> ads1220: config2 mismatch! 0x10 != 0x00[0m
[00:00:02.089,904] [1;31m<err> ads1220: config2 mismatch! 0x15 != 0x00[0m
[00:00:02.090,057] [1;31m<err> ads1220: config0 mismatch! 0x3C != 0x1C[0m
[00:00:02.090,057] [1;31m<err> analog_axis_hires: Could not setup channel #1 (-5)[0m
[00:00:02.097,808] [1;31m<err> ads1220: config2 mismatch! 0x10 != 0x00[0m
[00:00:02.097,930] [1;31m<err> ads1220: config2 mismatch! 0x15 != 0x00[0m
[00:00:02.098,083] [1;31m<err> ads1220: config0 mismatch! 0x3C != 0x1C[0m
[00:00:02.098,083] [1;31m<err> analog_axis_hires: Could not setup channel #1 (-5)[0m
[00:00:02.105,834] [1;31m<err> ads1220: config2 mismatch! 0x10 != 0x00[0m
[00:00:02.105,957] [1;31m<err> ads1220: config2 mismatch! 0x15 != 0x00[0m
[00:00:02.106,109] [1;31m<err> ads1220: config0 mismatch! 0x3C != 0x1C[0m
[00:00:02.106,109] [1;31m<err> analog_axis_hires: Could not setup channel #1 (-5)[0m
[00:00:02.113,861] [1;31m<err> ads1220: config2 mismatch! 0x10 != 0x00[0m
[00:00:02.113,983] [1;31m<err> ads1220: config2 mismatch! 0x15 != 0x00[0m
[00:00:02.114,135] [1;31m<err> ads1220: config0 mismatch! 0x3C != 0x1C[0m
[00:00:02.114,135] [1;31m<err> analog_axis_hires: Could not setup channel #1 (-5)[0m
[00:00:02.121,887] [1;31m<err> ads1220: config2 mismatch! 0x10 != 0x00[0m
[00:00:02.122,009] [1;31m<err> ads1220: config2 mismatch! 0x15 != 0x00[0m
[00:00:02.122,161] [1;31m<err> ads1220: config0 mismatch! 0x3C != 0x1C[0m
[00:00:02.122,161] [1;31m<err> analog_axis_hires: Could not setup channel #1 (-5)[0m
[00:00:02.129,913] [1;31m<err> ads1220: config2 mismatch! 0x10 != 0x00[0m
[00:00:02.130,035] [1;31m<err> ads1220: config2 mismatch! 0x15 != 0x00[0m
[00:00:02.130,187] [1;31m<err> ads1220: config0 mismatch! 0x3C != 0x1C[0m
[00:00:02.130,187] [1;31m<err> analog_axis_hires: Could not setup channel #1 (-5)[0m
[00:00:02.137,939] [1;31m<err> ads1220: config2 mismatch! 0x10 != 0x00[0m
[00:00:02.138,061] [1;31m<err> ads1220: config2 mismatch! 0x15 != 0x00[0m
[00:00:02.138,214] [1;31m<err> ads1220: config0 mismatch! 0x3C != 0x1C[0m
[00:00:02.138,214] [1;31m<err> analog_axis_hires: Could not setup channel #1 (-5)[0m
[00:00:02.145,965] [1;31m<err> ads1220: config2 mismatch! 0x10 != 0x00[0m
[00:00:02.146,087] [1;31m<err> ads1220: config2 mismatch! 0x15 != 0x00[0m
[00:00:02.146,240] [1;31m<err> ads1220: config0 mismatch! 0x3C != 0x1C[0m
[00:00:02.146,240] [1;31m<err> analog_axis_hires: Could not setup channel #1 (-5)[0m
[00:00:02.153,991] [1;31m<err> ads1220: config2 mismatch! 0x10 != 0x00[0m
[00:00:02.154,113] [1;31m<err> ads1220: config2 mismatch! 0x15 != 0x00[0m
[00:00:02.154,266] [1;31m<err> ads1220: config0 mismatch! 0x3C != 0x1C[0m
[00:00:02.154,266] [1;31m<err> analog_axis_hires: Could not setup channel #1 (-5)[0m
[00:00:02.162,017] [1;31m<err> ads1220: config2 mismatch! 0x10 != 0x00[0m
[00:00:02.162,139] [1;31m<err> ads1220: config2 mismatch! 0x15 != 0x00[0m
[00:00:02.162,292] [1;31m<err> ads1220: config0 mismatch! 0x3C != 0x1C[0m
[00:00:02.162,292] [1;31m<err> analog_axis_hires: Could not setup channel #1 (-5)[0m
[00:00:02.170,043] [1;31m<err> ads1220: config2 mismatch! 0x10 != 0x00[0m
[00:00:02.170,166] [1;31m<err> ads1220: config2 mismatch! 0x15 != 0x00[0m
[00:00:02.170,318] [1;31m<err> ads1220: config0 mismatch! 0x3C != 0x1C[0m
[00:00:02.170,318] [1;31m<err> analog_axis_hires: Could not setup channel #1 (-5)[0m
[00:00:02.178,070] [1;31m<err> ads1220: config2 mismatch! 0x10 != 0x00[0m
[00:00:02.178,192] [1;31m<err> ads1220: config2 mismatch! 0x15 != 0x00[0m
[00:00:02.178,344] [1;31m<err> ads1220: config0 mismatch! 0x3C != 0x1C[0m
[00:00:02.178,344] [1;31m<err> analog_axis_hires: Could not setup channel #1 (-5)[0m
[00:00:02.186,096] [1;31m<err> ads1220: config2 mismatch! 0x10 != 0x00[0m
[00:00:02.186,218] [1;31m<err> ads1220: config2 mismatch! 0x15 != 0x00[0m
[00:00:02.186,370] [1;31m<err> ads1220: config0 mismatch! 0x3C != 0x1C[0m
[00:00:02.186,370] [1;31m<err> analog_axis_hires: Could not setup channel #1 (-5)[0m
[00:00:02.194,122] [1;31m<err> ads1220: config2 mismatch! 0x10 != 0x00[0m
[00:00:02.194,244] [1;31m<err> ads1220: config2 mismatch! 0x15 != 0x00[0m
[00:00:02.194,396] [1;31m<err> ads1220: config0 mismatch! 0x3C != 0x1C[0m
[00:00:02.194,396] [1;31m<err> analog_axis_hires: Could not setup channel #1 (-5)[0m
[00:00:02.202,148] [1;31m<err> ads1220: config2 mismatch! 0x10 != 0x00[0m
[00:00:02.202,270] [1;31m<err> ads1220: config2 mismatch! 0x15 != 0x00[0m
[00:00:02.202,423] [1;31m<err> ads1220: config0 mismatch! 0x3C != 0x1C[0m
[00:00:02.202,423] [1;31m<err> analog_axis_hires: Could not setup channel #1 (-5)[0m
[00:00:02.210,174] [1;31m<err> ads1220: config2 mismatch! 0x10 != 0x00[0m
[00:00:02.210,296] [1;31m<err> ads1220: config2 mismatch! 0x15 != 0x00[0m
[00:00:02.210,449] [1;31m<err> ads1220: config0 mismatch! 0x3C != 0x1C[0m
[00:00:02.210,449] [1;31m<err> analog_axis_hires: Could not setup channel #1 (-5)[0m
[00:00:02.218,200] [1;31m<err> ads1220: config2 mismatch! 0x10 != 0x00[0m
[00:00:02.218,322] [1;31m<err> ads1220: config2 mismatch! 0x15 != 0x00[0m
[00:00:02.218,475] [1;31m<err> ads1220: config0 mismatch! 0x3C != 0x1C[0m
[00:00:02.218,475] [1;31m<err> analog_axis_hires: Could not setup channel #1 (-5)[0m
[00:00:02.226,226] [1;31m<err> ads1220: config2 mismatch! 0x10 != 0x00[0m
[00:00:02.226,348] [1;31m<err> ads1220: config2 mismatch! 0x15 != 0x00[0m
[00:00:02.226,501] [1;31m<err> ads1220: config0 mismatch! 0x3C != 0x1C[0m
[00:00:02.226,501] [1;31m<err> analog_axis_hires: Could not setup channel #1 (-5)[0m
[00:00:02.234,252] [1;31m<err> ads1220: config2 mismatch! 0x10 != 0x00[0m
[00:00:02.234,375] [1;31m<err> ads1220: config2 mismatch! 0x15 != 0x00[0m
[00:00:02.234,527] [1;31m<err> ads1220: config0 mismatch! 0x3C != 0x1C[0m
[00:00:02.234,527] [1;31m<err> analog_axis_hires: Could not setup channel #1 (-5)[0m
[00:00:02.242,279] [1;31m<err> ads1220: config2 mismatch! 0x10 != 0x00[0m
[00:00:02.242,401] [1;31m<err> ads1220: config2 mismatch! 0x15 != 0x00[0m
[00:00:02.242,553] [1;31m<err> ads1220: config0 mismatch! 0x3C != 0x1C[0m
[00:00:02.242,553] [1;31m<err> analog_axis_hires: Could not setup channel #1 (-5)[0m
[00:00:02.250,305] [1;31m<err> ads1220: config2 mismatch! 0x10 != 0x00[0m
[00:00:02.250,427] [1;31m<err> ads1220: config2 mismatch! 0x15 != 0x00[0m
[00:00:02.250,610] [1;31m<err> ads1220: config0 mismatch! 0x3C != 0x1C[0m
[00:00:02.250,610] [1;31m<err> analog_axis_hires: Could not setup channel #1 (-5)[0m
[00:00:02.258,331] [1;31m<err> ads1220: config2 mismatch! 0x10 != 0x00[0m
[00:00:02.258,483] [1;31m<err> ads1220: config2 mismatch! 0x15 != 0x00[0m
[00:00:02.258,636] [1;31m<err> ads1220: config0 mismatch! 0x3C != 0x1C[0m
[00:00:02.258,666] [1;31m<err> analog_axis_hires: Could not setup channel #1 (-5)[0m
[00:00:02.266,387] [1;31m<err> ads1220: config2 mismatch! 0x10 != 0x00[0m
[00:00:02.266,510] [1;31m<err> ads1220: config2 mismatch! 0x15 != 0x00[0m
[00:00:02.266,693] [1;31m<err> ads1220: config0 mismatch! 0x3C != 0x1C[0m
[00:00:02.266,693] [1;31m<err> analog_axis_hires: Could not setup channel #1 (-5)[0m
[00:00:02.274,414] [1;31m<err> ads1220: config2 mismatch! 0x10 != 0x00[0m
[00:00:02.274,566] [1;31m<err> ads1220: config2 mismatch! 0x15 != 0x00[0m
[00:00:02.274,719] [1;31m<err> ads1220: config0 mismatch! 0x3C != 0x1C[0m
[00:00:02.274,749] [1;31m<err> analog_axis_hires: Could not setup channel #1 (-5)[0m
[00:00:02.282,440] [1;31m<err> ads1220: config2 mismatch! 0x10 != 0x00[0m
[00:00:02.282,562] [1;31m<err> ads1220: config2 mismatch! 0x15 != 0x00[0m
[00:00:02.282,745] [1;31m<err> ads1220: config0 mismatch! 0x3C != 0x1C[0m
[00:00:02.282,745] [1;31m<err> analog_axis_hires: Could not setup channel #1 (-5)[0m
[00:00:02.290,466] [1;31m<err> ads1220: config2 mismatch! 0x10 != 0x00[0m
[00:00:02.290,588] [1;31m<err> ads1220: config2 mismatch! 0x15 != 0x00[0m
[00:00:02.290,771] [1;31m<err> ads1220: config0 mismatch! 0x3C != 0x1C[0m
[00:00:02.290,771] [1;31m<err> analog_axis_hires: Could not setup channel #1 (-5)[0m
[00:00:02.298,492] [1;31m<err> ads1220: config2 mismatch! 0x10 != 0x00[0m
[00:00:02.298,614] [1;31m<err> ads1220: config2 mismatch! 0x15 != 0x00[0m
[00:00:02.298,797] [1;31m<err> ads1220: config0 mismatch! 0x3C != 0x1C[0m
[00:00:02.298,797] [1;31m<err> analog_axis_hires: Could not setup channel #1 (-5)[0m
[00:00:02.306,518] [1;31m<err> ads1220: config2 mismatch! 0x10 != 0x00[0m
[00:00:02.306,640] [1;31m<err> ads1220: config2 mismatch! 0x15 != 0x00[0m
[00:00:02.306,823] [1;31m<err> ads1220: config0 mismatch! 0x3C != 0x1C[0m
[00:00:02.306,823] [1;31m<err> analog_axis_hires: Could not setup channel #1 (-5)[0m
[00:00:02.314,544] [1;31m<err> ads1220: config2 mismatch! 0x10 != 0x00[0m
[00:00:02.314,666] [1;31m<err> ads1220: config2 mismatch! 0x15 != 0x00[0m
[00:00:02.314,849] [1;31m<err> ads1220: config0 mismatch! 0x3C != 0x1C[0m
[00:00:02.314,849] [1;31m<err> analog_axis_hires: Could not setup channel #1 (-5)[0m
[00:00:02.322,570] [1;31m<err> ads1220: config2 mismatch! 0x10 != 0x00[0m
[00:00:02.322,692] [1;31m<err> ads1220: config2 mismatch! 0x15 != 0x00[0m
[00:00:02.322,875] [1;31m<err> ads1220: config0 mismatch! 0x3C != 0x1C[0m
[00:00:02.322,875] [1;31m<err> analog_axis_hires: Could not setup channel #1 (-5)[0m
[00:00:02.330,596] [1;31m<err> ads1220: config2 mismatch! 0x10 != 0x00[0m
[00:00:02.330,718] [1;31m<err> ads1220: config2 mismatch! 0x15 != 0x00[0m
[00:00:02.330,902] [1;31m<err> ads1220: config0 mismatch! 0x3C != 0x1C[0m
[00:00:02.330,902] [1;31m<err> analog_axis_hires: Could not setup channel #1 (-5)[0m
[00:00:02.338,623] [1;31m<err> ads1220: config2 mismatch! 0x10 != 0x00[0m
[00:00:02.338,745] [1;31m<err> ads1220: config2 mismatch! 0x15 != 0x00[0m
[00:00:02.338,928] [1;31m<err> ads1220: config0 mismatch! 0x3C != 0x1C[0m
[00:00:02.338,928] [1;31m<err> analog_axis_hires: Could not setup channel #1 (-5)[0m
[00:00:02.346,649] [1;31m<err> ads1220: config2 mismatch! 0x10 != 0x00[0m
[00:00:02.346,771] [1;31m<err> ads1220: config2 mismatch! 0x15 != 0x00[0m
[00:00:02.346,954] [1;31m<err> ads1220: config0 mismatch! 0x3C != 0x1C[0m
[00:00:02.346,954] [1;31m<err> analog_axis_hires: Could not setup channel #1 (-5)[0m
[00:00:02.354,675] [1;31m<err> ads1220: config2 mismatch! 0x10 != 0x00[0m
[00:00:02.354,797] [1;31m<err> ads1220: config2 mismatch! 0x15 != 0x00[0m
[00:00:02.354,980] [1;31m<err> ads1220: config0 mismatch! 0x3C != 0x1C[0m
[00:00:02.354,980] [1;31m<err> analog_axis_hires: Could not setup channel #1 (-5)[0m
[00:00:02.362,701] [1;31m<err> ads1220: config2 mismatch! 0x10 != 0x00[0m
[00:00:02.362,823] [1;31m<err> ads1220: config2 mismatch! 0x15 != 0x00[0m
[00:00:02.363,006] [1;31m<err> ads1220: config0 mismatch! 0x3C != 0x1C[0m
[00:00:02.363,006] [1;31m<err> analog_axis_hires: Could not setup channel #1 (-5)[0m
[00:00:02.370,727] [1;31m<err> ads1220: config2 mismatch! 0x10 != 0x00[0m
[00:00:02.370,849] [1;31m<err> ads1220: config2 mismatch! 0x15 != 0x00[0m
[00:00:02.371,032] [1;31m<err> ads1220: config0 mismatch! 0x3C != 0x1C[0m
[00:00:02.371,032] [1;31m<err> analog_axis_hires: Could not setup channel #1 (-5)[0m
[00:00:02.378,753] [1;31m<err> ads1220: config2 mismatch! 0x10 != 0x00[0m
[00:00:02.378,875] [1;31m<err> ads1220: config2 mismatch! 0x15 != 0x00[0m
[00:00:02.379,058] [1;31m<err> ads1220: config0 mismatch! 0x3C != 0x1C[0m
[00:00:02.379,058] [1;31m<err> analog_axis_hires: Could not setup channel #1 (-5)[0m
[00:00:02.386,779] [1;31m<err> ads1220: config2 mismatch! 0x10 != 0x00[0m
[00:00:02.386,901] [1;31m<err> ads1220: config2 mismatch! 0x15 != 0x00[0m
[00:00:02.387,084] [1;31m<err> ads1220: config0 mismatch! 0x3C != 0x1C[0m
[00:00:02.387,084] [1;31m<err> analog_axis_hires: Could not setup channel #1 (-5)[0m
[00:00:02.394,805] [1;31m<err> ads1220: config2 mismatch! 0x10 != 0x00[0m
[00:00:02.394,927] [1;31m<err> ads1220: config2 mismatch! 0x15 != 0x00[0m
[00:00:02.395,111] [1;31m<err> ads1220: config0 mismatch! 0x3C != 0x1C[0m
[00:00:02.395,111] [1;31m<err> analog_axis_hires: Could not setup channel #1 (-5)[0m
[00:00:02.402,832] [1;31m<err> ads1220: config2 mismatch! 0x10 != 0x00[0m
[00:00:02.402,954] [1;31m<err> ads1220: config2 mismatch! 0x15 != 0x00[0m
[00:00:02.403,137] [1;31m<err> ads1220: config0 mismatch! 0x3C != 0x1C[0m
[00:00:02.403,137] [1;31m<err> analog_axis_hires: Could not setup channel #1 (-5)[0m
[00:00:02.410,858] [1;31m<err> ads1220: config2 mismatch! 0x10 != 0x00[0m
[00:00:02.410,980] [1;31m<err> ads1220: config2 mismatch! 0x15 != 0x00[0m
[00:00:02.411,163] [1;31m<err> ads1220: config0 mismatch! 0x3C != 0x1C[0m
[00:00:02.411,163] [1;31m<err> analog_axis_hires: Could not setup channel #1 (-5)[0m
[00:00:02.418,884] [1;31m<err> ads1220: config2 mismatch! 0x10 != 0x00[0m
[00:00:02.419,006] [1;31m<err> ads1220: config2 mismatch! 0x15 != 0x00[0m
[00:00:02.419,189] [1;31m<err> ads1220: config0 mismatch! 0x3C != 0x1C[0m
[00:00:02.419,189] [1;31m<err> analog_axis_hires: Could not setup channel #1 (-5)[0m
[00:00:02.426,910] [1;31m<err> ads1220: config2 mismatch! 0x10 != 0x00[0m
[00:00:02.427,032] [1;31m<err> ads1220: config2 mismatch! 0x15 != 0x00[0m
[00:00:02.427,215] [1;31m<err> ads1220: config0 mismatch! 0x3C != 0x1C[0m
[00:00:02.427,215] [1;31m<err> analog_axis_hires: Could not setup channel #1 (-5)[0m
[00:00:02.434,936] [1;31m<err> ads1220: config2 mismatch! 0x10 != 0x00[0m
[00:00:02.435,058] [1;31m<err> ads1220: config2 mismatch! 0x15 != 0x00[0m
[00:00:02.435,241] [1;31m<err> ads1220: config0 mismatch! 0x3C != 0x1C[0m
[00:00:02.435,241] [1;31m<err> analog_axis_hires: Could not setup channel #1 (-5)[0m
[00:00:02.442,962] [1;31m<err> ads1220: config2 mismatch! 0x10 != 0x00[0m
[00:00:02.443,084] [1;31m<err> ads1220: config2 mismatch! 0x15 != 0x00[0m
[00:00:02.443,267] [1;31m<err> ads1220: config0 mismatch! 0x3C != 0x1C[0m
[00:00:02.443,267] [1;31m<err> analog_axis_hires: Could not setup channel #1 (-5)[0m
[00:00:02.450,988] [1;31m<err> ads1220: config2 mismatch! 0x10 != 0x00[0m
[00:00:02.451,110] [1;31m<err> ads1220: config2 mismatch! 0x15 != 0x00[0m
[00:00:02.451,293] [1;31m<err> ads1220: config0 mismatch! 0x3C != 0x1C[0m
[00:00:02.451,293] [1;31m<err> analog_axis_hires: Could not setup channel #1 (-5)[0m
[00:00:02.459,014] [1;31m<err> ads1220: config2 mismatch! 0x10 != 0x00[0m
[00:00:02.459,136] [1;31m<err> ads1220: config2 mismatch! 0x15 != 0x00[0m
[00:00:02.459,320] [1;31m<err> ads1220: config0 mismatch! 0x3C != 0x1C[0m
[00:00:02.459,320] [1;31m<err> analog_axis_hires: Could not setup channel #1 (-5)[0m
[00:00:02.467,041] [1;31m<err> ads1220: config2 mismatch! 0x10 != 0x00[0m
[00:00:02.467,163] [1;31m<err> ads1220: config2 mismatch! 0x15 != 0x00[0m
[00:00:02.467,346] [1;31m<err> ads1220: config0 mismatch! 0x3C != 0x1C[0m
[00:00:02.467,346] [1;31m<err> analog_axis_hires: Could not setup channel #1 (-5)[0m
[00:00:02.475,067] [1;31m<err> ads1220: config2 mismatch! 0x10 != 0x00[0m
[00:00:02.475,189] [1;31m<err> ads1220: config2 mismatch! 0x15 != 0x00[0m
[00:00:02.475,372] [1;31m<err> ads1220: config0 mismatch! 0x3C != 0x1C[0m
[00:00:02.475,372] [1;31m<err> analog_axis_hires: Could not setup channel #1 (-5)[0m
[00:00:02.483,093] [1;31m<err> ads1220: config2 mismatch! 0x10 != 0x00[0m
[00:00:02.483,215] [1;31m<err> ads1220: config2 mismatch! 0x15 != 0x00[0m
[00:00:02.483,398] [1;31m<err> ads1220: config0 mismatch! 0x3C != 0x1C[0m
[00:00:02.483,398] [1;31m<err> analog_axis_hires: Could not setup channel #1 (-5)[0m
[00:00:02.491,119] [1;31m<err> ads1220: config2 mismatch! 0x10 != 0x00[0m
[00:00:02.491,241] [1;31m<err> ads1220: config2 mismatch! 0x15 != 0x00[0m
[00:00:02.491,424] [1;31m<err> ads1220: config0 mismatch! 0x3C != 0x1C[0m
[00:00:02.491,424] [1;31m<err> analog_axis_hires: Could not setup channel #1 (-5)[0m
[00:00:02.499,145] [1;31m<err> ads1220: config2 mismatch! 0x10 != 0x00[0m
[00:00:02.499,267] [1;31m<err> ads1220: config2 mismatch! 0x15 != 0x00[0m
[00:00:02.499,450] [1;31m<err> ads1220: config0 mismatch! 0x3C != 0x1C[0m
[00:00:02.499,450] [1;31m<err> analog_axis_hires: Could not setup channel #1 (-5)[0m
[00:00:02.507,171] [1;31m<err> ads1220: config2 mismatch! 0x10 != 0x00[0m
[00:00:02.507,293] [1;31m<err> ads1220: config2 mismatch! 0x15 != 0x00[0m
[00:00:02.507,476] [1;31m<err> ads1220: config0 mismatch! 0x3C != 0x1C[0m
[00:00:02.507,476] [1;31m<err> analog_axis_hires: Could not setup channel #1 (-5)[0m
[00:00:02.515,197] [1;31m<err> ads1220: config2 mismatch! 0x10 != 0x00[0m
[00:00:02.515,319] [1;31m<err> ads1220: config2 mismatch! 0x15 != 0x00[0m
[00:00:02.515,502] [1;31m<err> ads1220: config0 mismatch! 0x3C != 0x1C[0m
[00:00:02.515,502] [1;31m<err> analog_axis_hires: Could not setup channel #1 (-5)[0m
[00:00:02.523,223] [1;31m<err> ads1220: config2 mismatch! 0x10 != 0x00[0m
[00:00:02.523,345] [1;31m<err> ads1220: config2 mismatch! 0x15 != 0x00[0m
[00:00:02.523,529] [1;31m<err> ads1220: config0 mismatch! 0x3C != 0x1C[0m
[00:00:02.523,529] [1;31m<err> analog_axis_hires: Could not setup channel #1 (-5)[0m
[00:00:02.531,250] [1;31m<err> ads1220: config2 mismatch! 0x10 != 0x00[0m
[00:00:02.531,372] [1;31m<err> ads1220: config2 mismatch! 0x15 != 0x00[0m
[00:00:02.531,555] [1;31m<err> ads1220: config0 mismatch! 0x3C != 0x1C[0m
[00:00:02.531,555] [1;31m<err> analog_axis_hires: Could not setup channel #1 (-5)[0m
[00:00:02.539,276] [1;31m<err> ads1220: config2 mismatch! 0x10 != 0x00[0m
[00:00:02.539,398] [1;31m<err> ads1220: config2 mismatch! 0x15 != 0x00[0m
[00:00:02.539,581] [1;31m<err> ads1220: config0 mismatch! 0x3C != 0x1C[0m
[00:00:02.539,581] [1;31m<err> analog_axis_hires: Could not setup channel #1 (-5)[0m
[00:00:02.547,302] [1;31m<err> ads1220: config2 mismatch! 0x10 != 0x00[0m
[00:00:02.547,424] [1;31m<err> ads1220: config2 mismatch! 0x15 != 0x00[0m
[00:00:02.547,607] [1;31m<err> ads1220: config0 mismatch! 0x3C != 0x1C[0m
[00:00:02.547,607] [1;31m<err> analog_axis_hires: Could not setup channel #1 (-5)[0m
[00:00:02.555,328] [1;31m<err> ads1220: config2 mismatch! 0x10 != 0x00[0m
[00:00:02.555,450] [1;31m<err> ads1220: config2 mismatch! 0x15 != 0x00[0m
[00:00:02.555,633] [1;31m<err> ads1220: config0 mismatch! 0x3C != 0x1C[0m
[00:00:02.555,633] [1;31m<err> analog_axis_hires: Could not setup channel #1 (-5)[0m
[00:00:02.563,354] [1;31m<err> ads1220: config2 mismatch! 0x10 != 0x00[0m
[00:00:02.563,476] [1;31m<err> ads1220: config2 mismatch! 0x15 != 0x00[0m
[00:00:02.563,659] [1;31m<err> ads1220: config0 mismatch! 0x3C != 0x1C[0m
[00:00:02.563,659] [1;31m<err> analog_axis_hires: Could not setup channel #1 (-5)[0m
[00:00:02.571,380] [1;31m<err> ads1220: config2 mismatch! 0x10 != 0x00[0m
[00:00:02.571,502] [1;31m<err> ads1220: config2 mismatch! 0x15 != 0x00[0m
[00:00:02.571,685] [1;31m<err> ads1220: config0 mismatch! 0x3C != 0x1C[0m
[00:00:02.571,685] [1;31m<err> analog_axis_hires: Could not setup channel #1 (-5)[0m
[00:00:02.579,406] [1;31m<err> ads1220: config2 mismatch! 0x10 != 0x00[0m
[00:00:02.579,528] [1;31m<err> ads1220: config2 mismatch! 0x15 != 0x00[0m
[00:00:02.579,711] [1;31m<err> ads1220: config0 mismatch! 0x3C != 0x1C[0m
[00:00:02.579,711] [1;31m<err> analog_axis_hires: Could not setup channel #1 (-5)[0m
[00:00:02.587,432] [1;31m<err> ads1220: config2 mismatch! 0x10 != 0x00[0m
[00:00:02.587,554] [1;31m<err> ads1220: config2 mismatch! 0x15 != 0x00[0m
[00:00:02.587,738] [1;31m<err> ads1220: config0 mismatch! 0x3C != 0x1C[0m
[00:00:02.587,738] [1;31m<err> analog_axis_hires: Could not setup channel #1 (-5)[0m
[00:00:02.595,458] [1;31m<err> ads1220: config2 mismatch! 0x10 != 0x00[0m
[00:00:02.595,581] [1;31m<err> ads1220: config2 mismatch! 0x15 != 0x00[0m
[00:00:02.595,764] [1;31m<err> ads1220: config0 mismatch! 0x3C != 0x1C[0m
[00:00:02.595,764] [1;31m<err> analog_axis_hires: Could not setup channel #1 (-5)[0m
[00:00:02.603,485] [1;31m<err> ads1220: config2 mismatch! 0x10 != 0x00[0m
[00:00:02.603,607] [1;31m<err> ads1220: config2 mismatch! 0x15 != 0x00[0m
[00:00:02.603,790] [1;31m<err> ads1220: config0 mismatch! 0x3C != 0x1C[0m
[00:00:02.603,790] [1;31m<err> analog_axis_hires: Could not setup channel #1 (-5)[0m
[00:00:02.611,511] [1;31m<err> ads1220: config2 mismatch! 0x10 != 0x00[0m
[00:00:02.611,633] [1;31m<err> ads1220: config2 mismatch! 0x15 != 0x00[0m
[00:00:02.611,816] [1;31m<err> ads1220: config0 mismatch! 0x3C != 0x1C[0m
[00:00:02.611,816] [1;31m<err> analog_axis_hires: Could not setup channel #1 (-5)[0m
[00:00:02.619,537] [1;31m<err> ads1220: config2 mismatch! 0x10 != 0x00[0m
[00:00:02.619,659] [1;31m<err> ads1220: config2 mismatch! 0x15 != 0x00[0m
[00:00:02.619,842] [1;31m<err> ads1220: config0 mismatch! 0x3C != 0x1C[0m
[00:00:02.619,842] [1;31m<err> analog_axis_hires: Could not setup channel #1 (-5)[0m
[00:00:02.627,563] [1;31m<err> ads1220: config2 mismatch! 0x10 != 0x00[0m
[00:00:02.627,685] [1;31m<err> ads1220: config2 mismatch! 0x15 != 0x00[0m
[00:00:02.627,868] [1;31m<err> ads1220: config0 mismatch! 0x3C != 0x1C[0m
[00:00:02.627,868] [1;31m<err> analog_axis_hires: Could not setup channel #1 (-5)[0m
[00:00:02.635,589] [1;31m<err> ads1220: config2 mismatch! 0x10 != 0x00[0m
[00:00:02.635,711] [1;31m<err> ads1220: config2 mismatch! 0x15 != 0x00[0m
[00:00:02.635,894] [1;31m<err> ads1220: config0 mismatch! 0x3C != 0x1C[0m
[00:00:02.635,894] [1;31m<err> analog_axis_hires: Could not setup channel #1 (-5)[0m
[00:00:02.643,615] [1;31m<err> ads1220: config2 mismatch! 0x10 != 0x00[0m
[00:00:02.643,737] [1;31m<err> ads1220: config2 mismatch! 0x15 != 0x00[0m
[00:00:02.643,920] [1;31m<err> ads1220: config0 mismatch! 0x3C != 0x1C[0m
[00:00:02.643,920] [1;31m<err> analog_axis_hires: Could not setup channel #1 (-5)[0m
[00:00:02.651,641] [1;31m<err> ads1220: config2 mismatch! 0x10 != 0x00[0m
[00:00:02.651,763] [1;31m<err> ads1220: config2 mismatch! 0x15 != 0x00[0m
[00:00:02.651,947] [1;31m<err> ads1220: config0 mismatch! 0x3C != 0x1C[0m
[00:00:02.651,947] [1;31m<err> analog_axis_hires: Could not setup channel #1 (-5)[0m
[00:00:02.659,667] [1;31m<err> ads1220: config2 mismatch! 0x10 != 0x00[0m
[00:00:02.659,790] [1;31m<err> ads1220: config2 mismatch! 0x15 != 0x00[0m
[00:00:02.659,973] [1;31m<err> ads1220: config0 mismatch! 0x3C != 0x1C[0m
[00:00:02.659,973] [1;31m<err> analog_axis_hires: Could not setup channel #1 (-5)[0m
[00:00:02.667,694] [1;31m<err> ads1220: config2 mismatch! 0x10 != 0x00[0m
[00:00:02.667,816] [1;31m<err> ads1220: config2 mismatch! 0x15 != 0x00[0m
[00:00:02.667,999] [1;31m<err> ads1220: config0 mismatch! 0x3C != 0x1C[0m
[00:00:02.667,999] [1;31m<err> analog_axis_hires: Could not setup channel #1 (-5)[0m
[00:00:02.675,720] [1;31m<err> ads1220: config2 mismatch! 0x10 != 0x00[0m
[00:00:02.675,842] [1;31m<err> ads1220: config2 mismatch! 0x15 != 0x00[0m
[00:00:02.676,025] [1;31m<err> ads1220: config0 mismatch! 0x3C != 0x1C[0m
[00:00:02.676,025] [1;31m<err> analog_axis_hires: Could not setup channel #1 (-5)[0m
[00:00:02.683,746] [1;31m<err> ads1220: config2 mismatch! 0x10 != 0x00[0m
[00:00:02.683,868] [1;31m<err> ads1220: config2 mismatch! 0x15 != 0x00[0m
[00:00:02.684,051] [1;31m<err> ads1220: config0 mismatch! 0x3C != 0x1C[0m
[00:00:02.684,051] [1;31m<err> analog_axis_hires: Could not setup channel #1 (-5)[0m
[00:00:02.691,772] [1;31m<err> ads1220: config2 mismatch! 0x10 != 0x00[0m
[00:00:02.691,894] [1;31m<err> ads1220: config2 mismatch! 0x15 != 0x00[0m
[00:00:02.692,077] [1;31m<err> ads1220: config0 mismatch! 0x3C != 0x1C[0m
[00:00:02.692,077] [1;31m<err> analog_axis_hires: Could not setup channel #1 (-5)[0m
[00:00:02.699,798] [1;31m<err> ads1220: config2 mismatch! 0x10 != 0x00[0m
[00:00:02.699,920] [1;31m<err> ads1220: config2 mismatch! 0x15 != 0x00[0m
[00:00:02.700,103] [1;31m<err> ads1220: config0 mismatch! 0x3C != 0x1C[0m
[00:00:02.700,103] [1;31m<err> analog_axis_hires: Could not setup channel #1 (-5)[0m
[00:00:02.707,824] [1;31m<err> ads1220: config2 mismatch! 0x10 != 0x00[0m
[00:00:02.707,946] [1;31m<err> ads1220: config2 mismatch! 0x15 != 0x00[0m
[00:00:02.708,129] [1;31m<err> ads1220: config0 mismatch! 0x3C != 0x1C[0m
[00:00:02.708,129] [1;31m<err> analog_axis_hires: Could not setup channel #1 (-5)[0m
[00:00:02.715,850] [1;31m<err> ads1220: config2 mismatch! 0x10 != 0x00[0m
[00:00:02.715,972] [1;31m<err> ads1220: config2 mismatch! 0x15 != 0x00[0m
[00:00:02.716,156] [1;31m<err> ads1220: config0 mismatch! 0x3C != 0x1C[0m
[00:00:02.716,156] [1;31m<err> analog_axis_hires: Could not setup channel #1 (-5)[0m
[00:00:02.723,876] [1;31m<err> ads1220: config2 mismatch! 0x10 != 0x00[0m
[00:00:02.723,999] [1;31m<err> ads1220: config2 mismatch! 0x15 != 0x00[0m
[00:00:02.724,182] [1;31m<err> ads1220: config0 mismatch! 0x3C != 0x1C[0m
[00:00:02.724,182] [1;31m<err> analog_axis_hires: Could not setup channel #1 (-5)[0m
[00:00:02.731,903] [1;31m<err> ads1220: config2 mismatch! 0x10 != 0x00[0m
[00:00:02.732,025] [1;31m<err> ads1220: config2 mismatch! 0x15 != 0x00[0m
[00:00:02.732,208] [1;31m<err> ads1220: config0 mismatch! 0x3C != 0x1C[0m
[00:00:02.732,208] [1;31m<err> analog_axis_hires: Could not setup channel #1 (-5)[0m
[00:00:02.739,929] [1;31m<err> ads1220: config2 mismatch! 0x10 != 0x00[0m
[00:00:02.740,051] [1;31m<err> ads1220: config2 mismatch! 0x15 != 0x00[0m
[00:00:02.740,234] [1;31m<err> ads1220: config0 mismatch! 0x3C != 0x1C[0m
[00:00:02.740,234] [1;31m<err> analog_axis_hires: Could not setup channel #1 (-5)[0m
[00:00:02.747,955] [1;31m<err> ads1220: config2 mismatch! 0x10 != 0x00[0m
[00:00:02.748,077] [1;31m<err> ads1220: config2 mismatch! 0x15 != 0x00[0m
[00:00:02.748,260] [1;31m<err> ads1220: config0 mismatch! 0x3C != 0x1C[0m
[00:00:02.748,260] [1;31m<err> analog_axis_hires: Could not setup channel #1 (-5)[0m
[00:00:02.755,981] [1;31m<err> ads1220: config2 mismatch! 0x10 != 0x00[0m
[00:00:02.756,103] [1;31m<err> ads1220: config2 mismatch! 0x15 != 0x00[0m
[00:00:02.756,286] [1;31m<err> ads1220: config0 mismatch! 0x3C != 0x1C[0m
[00:00:02.756,286] [1;31m<err> analog_axis_hires: Could not setup channel #1 (-5)[0m
[00:00:02.764,007] [1;31m<err> ads1220: config2 mismatch! 0x10 != 0x00[0m
[00:00:02.764,129] [1;31m<err> ads1220: config2 mismatch! 0x15 != 0x00[0m
[00:00:02.764,312] [1;31m<err> ads1220: config0 mismatch! 0x3C != 0x1C[0m
[00:00:02.764,312] [1;31m<err> analog_axis_hires: Could not setup channel #1 (-5)[0m
[00:00:02.772,033] [1;31m<err> ads1220: config2 mismatch! 0x10 != 0x00[0m
[00:00:02.772,155] [1;31m<err> ads1220: config2 mismatch! 0x15 != 0x00[0m
[00:00:02.772,338] [1;31m<err> ads1220: config0 mismatch! 0x3C != 0x1C[0m
[00:00:02.772,338] [1;31m<err> analog_axis_hires: Could not setup channel #1 (-5)[0m
[00:00:02.780,059] [1;31m<err> ads1220: config2 mismatch! 0x10 != 0x00[0m
[00:00:02.780,181] [1;31m<err> ads1220: config2 mismatch! 0x15 != 0x00[0m
[00:00:02.780,364] [1;31m<err> ads1220: config0 mismatch! 0x3C != 0x1C[0m
[00:00:02.780,364] [1;31m<err> analog_axis_hires: Could not setup channel #1 (-5)[0m
[00:00:02.788,085] [1;31m<err> ads1220: config2 mismatch! 0x10 != 0x00[0m
[00:00:02.788,208] [1;31m<err> ads1220: config2 mismatch! 0x15 != 0x00[0m
[00:00:02.788,391] [1;31m<err> ads1220: config0 mismatch! 0x3C != 0x1C[0m
[00:00:02.788,391] [1;31m<err> analog_axis_hires: Could not setup channel #1 (-5)[0m
[00:00:02.796,112] [1;31m<err> ads1220: config2 mismatch! 0x10 != 0x00[0m
[00:00:02.796,234] [1;31m<err> ads1220: config2 mismatch! 0x15 != 0x00[0m
[00:00:02.796,417] [1;31m<err> ads1220: config0 mismatch! 0x3C != 0x1C[0m
[00:00:02.796,417] [1;31m<err> analog_axis_hires: Could not setup channel #1 (-5)[0m
[00:00:02.804,138] [1;31m<err> ads1220: config2 mismatch! 0x10 != 0x00[0m
[00:00:02.804,260] [1;31m<err> ads1220: config2 mismatch! 0x15 != 0x00[0m
[00:00:02.804,443] [1;31m<err> ads1220: config0 mismatch! 0x3C != 0x1C[0m
[00:00:02.804,443] [1;31m<err> analog_axis_hires: Could not setup channel #1 (-5)[0m
[00:00:02.812,164] [1;31m<err> ads1220: config2 mismatch! 0x10 != 0x00[0m
[00:00:02.812,286] [1;31m<err> ads1220: config2 mismatch! 0x15 != 0x00[0m
[00:00:02.812,469] [1;31m<err> ads1220: config0 mismatch! 0x3C != 0x1C[0m
[00:00:02.812,469] [1;31m<err> analog_axis_hires: Could not setup channel #1 (-5)[0m
[00:00:02.820,190] [1;31m<err> ads1220: config2 mismatch! 0x10 != 0x00[0m
[00:00:02.820,312] [1;31m<err> ads1220: config2 mismatch! 0x15 != 0x00[0m
[00:00:02.820,495] [1;31m<err> ads1220: config0 mismatch! 0x3C != 0x1C[0m
[00:00:02.820,495] [1;31m<err> analog_axis_hires: Could not setup channel #1 (-5)[0m
[00:00:02.828,216] [1;31m<err> ads1220: config2 mismatch! 0x10 != 0x00[0m
[00:00:02.828,338] [1;31m<err> ads1220: config2 mismatch! 0x15 != 0x00[0m
[00:00:02.828,521] [1;31m<err> ads1220: config0 mismatch! 0x3C != 0x1C[0m
[00:00:02.828,521] [1;31m<err> analog_axis_hires: Could not setup channel #1 (-5)[0m
[00:00:02.836,242] [1;31m<err> ads1220: config2 mismatch! 0x10 != 0x00[0m
[00:00:02.836,364] [1;31m<err> ads1220: config2 mismatch! 0x15 != 0x00[0m
[00:00:02.836,547] [1;31m<err> ads1220: config0 mismatch! 0x3C != 0x1C[0m
[00:00:02.836,547] [1;31m<err> analog_axis_hires: Could not setup channel #1 (-5)[0m
[00:00:02.844,268] [1;31m<err> ads1220: config2 mismatch! 0x10 != 0x00[0m
[00:00:02.844,390] [1;31m<err> ads1220: config2 mismatch! 0x15 != 0x00[0m
[00:00:02.844,573] [1;31m<err> ads1220: config0 mismatch! 0x3C != 0x1C[0m
[00:00:02.844,573] [1;31m<err> analog_axis_hires: Could not setup channel #1 (-5)[0m
[00:00:02.852,294] [1;31m<err> ads1220: config2 mismatch! 0x10 != 0x00[0m
[00:00:02.852,416] [1;31m<err> ads1220: config2 mismatch! 0x15 != 0x00[0m
[00:00:02.852,600] [1;31m<err> ads1220: config0 mismatch! 0x3C != 0x1C[0m
[00:00:02.852,600] [1;31m<err> analog_axis_hires: Could not setup channel #1 (-5)[0m
[00:00:02.860,321] [1;31m<err> ads1220: config2 mismatch! 0x10 != 0x00[0m
[00:00:02.860,443] [1;31m<err> ads1220: config2 mismatch! 0x15 != 0x00[0m
[00:00:02.860,626] [1;31m<err> ads1220: config0 mismatch! 0x3C != 0x1C[0m
[00:00:02.860,626] [1;31m<err> analog_axis_hires: Could not setup channel #1 (-5)[0m
[00:00:02.868,347] [1;31m<err> ads1220: config2 mismatch! 0x10 != 0x00[0m
[00:00:02.868,469] [1;31m<err> ads1220: config2 mismatch! 0x15 != 0x00[0m
[00:00:02.868,652] [1;31m<err> ads1220: config0 mismatch! 0x3C != 0x1C[0m
[00:00:02.868,652] [1;31m<err> analog_axis_hires: Could not setup channel #1 (-5)[0m
[00:00:02.876,373] [1;31m<err> ads1220: config2 mismatch! 0x10 != 0x00[0m
[00:00:02.876,495] [1;31m<err> ads1220: config2 mismatch! 0x15 != 0x00[0m
[00:00:02.876,678] [1;31m<err> ads1220: config0 mismatch! 0x3C != 0x1C[0m
[00:00:02.876,678] [1;31m<err> analog_axis_hires: Could not setup channel #1 (-5)[0m
[00:00:02.884,399] [1;31m<err> ads1220: config2 mismatch! 0x10 != 0x00[0m
[00:00:02.884,521] [1;31m<err> ads1220: config2 mismatch! 0x15 != 0x00[0m
[00:00:02.884,704] [1;31m<err> ads1220: config0 mismatch! 0x3C != 0x1C[0m
[00:00:02.884,704] [1;31m<err> analog_axis_hires: Could not setup channel #1 (-5)[0m
[00:00:02.892,425] [1;31m<err> ads1220: config2 mismatch! 0x10 != 0x00[0m
[00:00:02.892,547] [1;31m<err> ads1220: config2 mismatch! 0x15 != 0x00[0m
[00:00:02.892,730] [1;31m<err> ads1220: config0 mismatch! 0x3C != 0x1C[0m
[00:00:02.892,730] [1;31m<err> analog_axis_hires: Could not setup channel #1 (-5)[0m
[00:00:02.900,451] [1;31m<err> ads1220: config2 mismatch! 0x10 != 0x00[0m
[00:00:02.900,573] [1;31m<err> ads1220: config2 mismatch! 0x15 != 0x00[0m
[00:00:02.900,756] [1;31m<err> ads1220: config0 mismatch! 0x3C != 0x1C[0m
[00:00:02.900,756] [1;31m<err> analog_axis_hires: Could not setup channel #1 (-5)[0m
[00:00:02.908,477] [1;31m<err> ads1220: config2 mismatch! 0x10 != 0x00[0m
[00:00:02.908,599] [1;31m<err> ads1220: config2 mismatch! 0x15 != 0x00[0m
[00:00:02.908,782] [1;31m<err> ads1220: config0 mismatch! 0x3C != 0x1C[0m
[00:00:02.908,782] [1;31m<err> analog_axis_hires: Could not setup channel #1 (-5)[0m
[00:00:02.916,503] [1;31m<err> ads1220: config2 mismatch! 0x10 != 0x00[0m
[00:00:02.916,625] [1;31m<err> ads1220: config2 mismatch! 0x15 != 0x00[0m
[00:00:02.916,809] [1;31m<err> ads1220: config0 mismatch! 0x3C != 0x1C[0m
[00:00:02.916,809] [1;31m<err> analog_axis_hires: Could not setup channel #1 (-5)[0m
[00:00:02.924,530] [1;31m<err> ads1220: config2 mismatch! 0x10 != 0x00[0m
[00:00:02.924,652] [1;31m<err> ads1220: config2 mismatch! 0x15 != 0x00[0m
[00:00:02.924,835] [1;31m<err> ads1220: config0 mismatch! 0x3C != 0x1C[0m
[00:00:02.924,835] [1;31m<err> analog_axis_hires: Could not setup channel #1 (-5)[0m
[00:00:02.932,556] [1;31m<err> ads1220: config2 mismatch! 0x10 != 0x00[0m
[00:00:02.932,678] [1;31m<err> ads1220: config2 mismatch! 0x15 != 0x00[0m
[00:00:02.932,861] [1;31m<err> ads1220: config0 mismatch! 0x3C != 0x1C[0m
[00:00:02.932,861] [1;31m<err> analog_axis_hires: Could not setup channel #1 (-5)[0m
[00:00:02.940,582] [1;31m<err> ads1220: config2 mismatch! 0x10 != 0x00[0m
[00:00:02.940,704] [1;31m<err> ads1220: config2 mismatch! 0x15 != 0x00[0m
[00:00:02.940,887] [1;31m<err> ads1220: config0 mismatch! 0x3C != 0x1C[0m
[00:00:02.940,887] [1;31m<err> analog_axis_hires: Could not setup channel #1 (-5)[0m
[00:00:02.948,608] [1;31m<err> ads1220: config2 mismatch! 0x10 != 0x00[0m
[00:00:02.948,730] [1;31m<err> ads1220: config2 mismatch! 0x15 != 0x00[0m
[00:00:02.948,913] [1;31m<err> ads1220: config0 mismatch! 0x3C != 0x1C[0m
[00:00:02.948,913] [1;31m<err> analog_axis_hires: Could not setup channel #1 (-5)[0m
[00:00:02.956,634] [1;31m<err> ads1220: config2 mismatch! 0x10 != 0x00[0m
[00:00:02.956,756] [1;31m<err> ads1220: config2 mismatch! 0x15 != 0x00[0m
[00:00:02.956,939] [1;31m<err> ads1220: config0 mismatch! 0x3C != 0x1C[0m
[00:00:02.956,939] [1;31m<err> analog_axis_hires: Could not setup channel #1 (-5)[0m
[00:00:02.964,660] [1;31m<err> ads1220: config2 mismatch! 0x10 != 0x00[0m
[00:00:02.964,782] [1;31m<err> ads1220: config2 mismatch! 0x15 != 0x00[0m
[00:00:02.964,965] [1;31m<err> ads1220: config0 mismatch! 0x3C != 0x1C[0m
[00:00:02.964,965] [1;31m<err> analog_axis_hires: Could not setup channel #1 (-5)[0m
[00:00:02.972,686] [1;31m<err> ads1220: config2 mismatch! 0x10 != 0x00[0m
[00:00:02.972,808] [1;31m<err> ads1220: config2 mismatch! 0x15 != 0x00[0m
[00:00:02.972,991] [1;31m<err> ads1220: config0 mismatch! 0x3C != 0x1C[0m
[00:00:02.972,991] [1;31m<err> analog_axis_hires: Could not setup channel #1 (-5)[0m
[00:00:02.980,712] [1;31m<err> ads1220: config2 mismatch! 0x10 != 0x00[0m
[00:00:02.980,834] [1;31m<err> ads1220: config2 mismatch! 0x15 != 0x00[0m
[00:00:02.981,018] [1;31m<err> ads1220: config0 mismatch! 0x3C != 0x1C[0m
[00:00:02.981,018] [1;31m<err> analog_axis_hires: Could not setup channel #1 (-5)[0m
[00:00:02.988,739] [1;31m<err> ads1220: config2 mismatch! 0x10 != 0x00[0m
[00:00:02.988,861] [1;31m<err> ads1220: config2 mismatch! 0x15 != 0x00[0m
[00:00:02.989,044] [1;31m<err> ads1220: config0 mismatch! 0x3C != 0x1C[0m
[00:00:02.989,044] [1;31m<err> analog_axis_hires: Could not setup channel #1 (-5)[0m
[00:00:02.996,765] [1;31m<err> ads1220: config2 mismatch! 0x10 != 0x00[0m
[00:00:02.996,887] [1;31m<err> ads1220: config2 mismatch! 0x15 != 0x00[0m
[00:00:02.997,070] [1;31m<err> ads1220: config0 mismatch! 0x3C != 0x1C[0m
[00:00:02.997,070] [1;31m<err> analog_axis_hires: Could not setup channel #1 (-5)[0m
[00:00:03.004,791] [1;31m<err> ads1220: config2 mismatch! 0x10 != 0x00[0m
[00:00:03.004,913] [1;31m<err> ads1220: config2 mismatch! 0x15 != 0x00[0m
[00:00:03.005,096] [1;31m<err> ads1220: config0 mismatch! 0x3C != 0x1C[0m
[00:00:03.005,096] [1;31m<err> analog_axis_hires: Could not setup channel #1 (-5)[0m
[00:00:03.012,817] [1;31m<err> ads1220: config2 mismatch! 0x10 != 0x00[0m
[00:00:03.012,939] [1;31m<err> ads1220: config2 mismatch! 0x15 != 0x00[0m
[00:00:03.013,122] [1;31m<err> ads1220: config0 mismatch! 0x3C != 0x1C[0m
[00:00:03.013,122] [1;31m<err> analog_axis_hires: Could not setup channel #1 (-5)[0m
[00:00:03.020,843] [1;31m<err> ads1220: config2 mismatch! 0x10 != 0x00[0m
[00:00:03.020,965] [1;31m<err> ads1220: config2 mismatch! 0x15 != 0x00[0m
[00:00:03.021,148] [1;31m<err> ads1220: config0 mismatch! 0x3C != 0x1C[0m
[00:00:03.021,148] [1;31m<err> analog_axis_hires: Could not setup channel #1 (-5)[0m
[00:00:03.028,869] [1;31m<err> ads1220: config2 mismatch! 0x10 != 0x00[0m
[00:00:03.028,991] [1;31m<err> ads1220: config2 mismatch! 0x15 != 0x00[0m
[00:00:03.029,174] [1;31m<err> ads1220: config0 mismatch! 0x3C != 0x1C[0m
[00:00:03.029,174] [1;31m<err> analog_axis_hires: Could not setup channel #1 (-5)[0m
[00:00:03.036,895] [1;31m<err> ads1220: config2 mismatch! 0x10 != 0x00[0m
[00:00:03.037,017] [1;31m<err> ads1220: config2 mismatch! 0x15 != 0x00[0m
[00:00:03.037,200] [1;31m<err> ads1220: config0 mismatch! 0x3C != 0x1C[0m
[00:00:03.037,200] [1;31m<err> analog_axis_hires: Could not setup channel #1 (-5)[0m
[00:00:03.044,921] [1;31m<err> ads1220: config2 mismatch! 0x10 != 0x00[0m
[00:00:03.045,043] [1;31m<err> ads1220: config2 mismatch! 0x15 != 0x00[0m
[00:00:03.045,227] [1;31m<err> ads1220: config0 mismatch! 0x3C != 0x1C[0m
[00:00:03.045,227] [1;31m<err> analog_axis_hires: Could not setup channel #1 (-5)[0m
[00:00:03.052,947] [1;31m<err> ads1220: config2 mismatch! 0x10 != 0x00[0m
[00:00:03.053,070] [1;31m<err> ads1220: config2 mismatch! 0x15 != 0x00[0m
[00:00:03.053,253] [1;31m<err> ads1220: config0 mismatch! 0x3C != 0x1C[0m
[00:00:03.053,253] [1;31m<err> analog_axis_hires: Could not setup channel #1 (-5)[0m
[00:00:03.060,943] [1;31m<err> ads1220: config2 mismatch! 0x10 != 0x00[0m
[00:00:03.061,096] [1;31m<err> ads1220: config2 mismatch! 0x15 != 0x00[0m
[00:00:03.061,248] [1;31m<err> ads1220: config0 mismatch! 0x3C != 0x1C[0m
[00:00:03.061,279] [1;31m<err> analog_axis_hires: Could not setup channel #1 (-5)[0m
[00:00:03.068,969] [1;31m<err> ads1220: config2 mismatch! 0x10 != 0x00[0m
[00:00:03.069,122] [1;31m<err> ads1220: config2 mismatch! 0x15 != 0x00[0m
[00:00:03.069,274] [1;31m<err> ads1220: config0 mismatch! 0x3C != 0x1C[0m
[00:00:03.069,305] [1;31m<err> analog_axis_hires: Could not setup channel #1 (-5)[0m
[00:00:03.076,995] [1;31m<err> ads1220: config2 mismatch! 0x10 != 0x00[0m
[00:00:03.077,148] [1;31m<err> ads1220: config2 mismatch! 0x15 != 0x00[0m
[00:00:03.077,301] [1;31m<err> ads1220: config0 mismatch! 0x3C != 0x1C[0m
[00:00:03.077,331] [1;31m<err> analog_axis_hires: Could not setup channel #1 (-5)[0m
[00:00:03.085,021] [1;31m<err> ads1220: config2 mismatch! 0x10 != 0x00[0m
[00:00:03.085,174] [1;31m<err> ads1220: config2 mismatch! 0x15 != 0x00[0m
[00:00:03.085,327] [1;31m<err> ads1220: config0 mismatch! 0x3C != 0x1C[0m
[00:00:03.085,357] [1;31m<err> analog_axis_hires: Could not setup channel #1 (-5)[0m
[00:00:03.093,048] [1;31m<err> ads1220: config2 mismatch! 0x10 != 0x00[0m
[00:00:03.093,200] [1;31m<err> ads1220: config2 mismatch! 0x15 != 0x00[0m
[00:00:03.093,353] [1;31m<err> ads1220: config0 mismatch! 0x3C != 0x1C[0m
[00:00:03.093,383] [1;31m<err> analog_axis_hires: Could not setup channel #1 (-5)[0m
[00:00:03.101,074] [1;31m<err> ads1220: config2 mismatch! 0x10 != 0x00[0m
[00:00:03.101,226] [1;31m<err> ads1220: config2 mismatch! 0x15 != 0x00[0m
[00:00:03.101,379] [1;31m<err> ads1220: config0 mismatch! 0x3C != 0x1C[0m
[00:00:03.101,409] [1;31m<err> analog_axis_hires: Could not setup channel #1 (-5)[0m
[00:00:03.109,100] [1;31m<err> ads1220: config2 mismatch! 0x10 != 0x00[0m
[00:00:03.109,252] [1;31m<err> ads1220: config2 mismatch! 0x15 != 0x00[0m
[00:00:03.109,405] [1;31m<err> ads1220: config0 mismatch! 0x3C != 0x1C[0m
[00:00:03.109,436] [1;31m<err> analog_axis_hires: Could not setup channel #1 (-5)[0m
[00:00:03.117,126] [1;31m<err> ads1220: config2 mismatch! 0x10 != 0x00[0m
[00:00:03.117,279] [1;31m<err> ads1220: config2 mismatch! 0x15 != 0x00[0m
[00:00:03.117,431] [1;31m<err> ads1220: config0 mismatch! 0x3C != 0x1C[0m
[00:00:03.117,462] [1;31m<err> analog_axis_hires: Could not setup channel #1 (-5)[0m
[00:00:03.125,152] [1;31m<err> ads1220: config2 mismatch! 0x10 != 0x00[0m
[00:00:03.125,305] [1;31m<err> ads1220: config2 mismatch! 0x15 != 0x00[0m
[00:00:03.125,457] [1;31m<err> ads1220: config0 mismatch! 0x3C != 0x1C[0m
[00:00:03.125,488] [1;31m<err> analog_axis_hires: Could not setup channel #1 (-5)[0m
[00:00:03.133,178] [1;31m<err> ads1220: config2 mismatch! 0x10 != 0x00[0m
[00:00:03.133,331] [1;31m<err> ads1220: config2 mismatch! 0x15 != 0x00[0m
[00:00:03.133,483] [1;31m<err> ads1220: config0 mismatch! 0x3C != 0x1C[0m
[00:00:03.133,514] [1;31m<err> analog_axis_hires: Could not setup channel #1 (-5)[0m
[00:00:03.141,204] [1;31m<err> ads1220: config2 mismatch! 0x10 != 0x00[0m
[00:00:03.141,357] [1;31m<err> ads1220: config2 mismatch! 0x15 != 0x00[0m
[00:00:03.141,510] [1;31m<err> ads1220: config0 mismatch! 0x3C != 0x1C[0m
[00:00:03.141,540] [1;31m<err> analog_axis_hires: Could not setup channel #1 (-5)[0m
[00:00:03.149,230] [1;31m<err> ads1220: config2 mismatch! 0x10 != 0x00[0m
[00:00:03.149,383] [1;31m<err> ads1220: config2 mismatch! 0x15 != 0x00[0m
[00:00:03.149,536] [1;31m<err> ads1220: config0 mismatch! 0x3C != 0x1C[0m
[00:00:03.149,566] [1;31m<err> analog_axis_hires: Could not setup channel #1 (-5)[0m
[00:00:03.157,257] [1;31m<err> ads1220: config2 mismatch! 0x10 != 0x00[0m
[00:00:03.157,409] [1;31m<err> ads1220: config2 mismatch! 0x15 != 0x00[0m
[00:00:03.157,562] [1;31m<err> ads1220: config0 mismatch! 0x3C != 0x1C[0m
[00:00:03.157,592] [1;31m<err> analog_axis_hires: Could not setup channel #1 (-5)[0m
[00:00:03.165,283] [1;31m<err> ads1220: config2 mismatch! 0x10 != 0x00[0m
[00:00:03.165,435] [1;31m<err> ads1220: config2 mismatch! 0x15 != 0x00[0m
[00:00:03.165,588] [1;31m<err> ads1220: config0 mismatch! 0x3C != 0x1C[0m
[00:00:03.165,618] [1;31m<err> analog_axis_hires: Could not setup channel #1 (-5)[0m
[00:00:03.173,309] [1;31m<err> ads1220: config2 mismatch! 0x10 != 0x00[0m
[00:00:03.173,461] [1;31m<err> ads1220: config2 mismatch! 0x15 != 0x00[0m
[00:00:03.173,614] [1;31m<err> ads1220: config0 mismatch! 0x3C != 0x1C[0m
[00:00:03.173,645] [1;31m<err> analog_axis_hires: Could not setup channel #1 (-5)[0m
[00:00:03.181,335] [1;31m<err> ads1220: config2 mismatch! 0x10 != 0x00[0m
[00:00:03.181,488] [1;31m<err> ads1220: config2 mismatch! 0x15 != 0x00[0m
[00:00:03.181,640] [1;31m<err> ads1220: config0 mismatch! 0x3C != 0x1C[0m
[00:00:03.181,671] [1;31m<err> analog_axis_hires: Could not setup channel #1 (-5)[0m
[00:00:03.189,361] [1;31m<err> ads1220: config2 mismatch! 0x10 != 0x00[0m
[00:00:03.189,514] [1;31m<err> ads1220: config2 mismatch! 0x15 != 0x00[0m
[00:00:03.189,666] [1;31m<err> ads1220: config0 mismatch! 0x3C != 0x1C[0m
[00:00:03.189,697] [1;31m<err> analog_axis_hires: Could not setup channel #1 (-5)[0m
[00:00:03.197,387] [1;31m<err> ads1220: config2 mismatch! 0x10 != 0x00[0m
[00:00:03.197,540] [1;31m<err> ads1220: config2 mismatch! 0x15 != 0x00[0m
[00:00:03.197,692] [1;31m<err> ads1220: config0 mismatch! 0x3C != 0x1C[0m
[00:00:03.197,723] [1;31m<err> analog_axis_hires: Could not setup channel #1 (-5)[0m
[00:00:03.205,413] [1;31m<err> ads1220: config2 mismatch! 0x10 != 0x00[0m
[00:00:03.205,566] [1;31m<err> ads1220: config2 mismatch! 0x15 != 0x00[0m
[00:00:03.205,718] [1;31m<err> ads1220: config0 mismatch! 0x3C != 0x1C[0m
[00:00:03.205,749] [1;31m<err> analog_axis_hires: Could not setup channel #1 (-5)[0m
[00:00:03.213,439] [1;31m<err> ads1220: config2 mismatch! 0x10 != 0x00[0m
[00:00:03.213,592] [1;31m<err> ads1220: config2 mismatch! 0x15 != 0x00[0m
[00:00:03.213,745] [1;31m<err> ads1220: config0 mismatch! 0x3C != 0x1C[0m
[00:00:03.213,775] [1;31m<err> analog_axis_hires: Could not setup channel #1 (-5)[0m
[00:00:03.221,466] [1;31m<err> ads1220: config2 mismatch! 0x10 != 0x00[0m
[00:00:03.221,618] [1;31m<err> ads1220: config2 mismatch! 0x15 != 0x00[0m
[00:00:03.221,771] [1;31m<err> ads1220: config0 mismatch! 0x3C != 0x1C[0m
[00:00:03.221,801] [1;31m<err> analog_axis_hires: Could not setup channel #1 (-5)[0m
[00:00:03.229,492] [1;31m<err> ads1220: config2 mismatch! 0x10 != 0x00[0m
[00:00:03.229,644] [1;31m<err> ads1220: config2 mismatch! 0x15 != 0x00[0m
[00:00:03.229,797] [1;31m<err> ads1220: config0 mismatch! 0x3C != 0x1C[0m
[00:00:03.229,827] [1;31m<err> analog_axis_hires: Could not setup channel #1 (-5)[0m
[00:00:03.237,518] [1;31m<err> ads1220: config2 mismatch! 0x10 != 0x00[0m
[00:00:03.237,670] [1;31m<err> ads1220: config2 mismatch! 0x15 != 0x00[0m
[00:00:03.237,823] [1;31m<err> ads1220: config0 mismatch! 0x3C != 0x1C[0m
[00:00:03.237,854] [1;31m<err> analog_axis_hires: Could not setup channel #1 (-5)[0m
[00:00:03.245,544] [1;31m<err> ads1220: config2 mismatch! 0x10 != 0x00[0m
[00:00:03.245,697] [1;31m<err> ads1220: config2 mismatch! 0x15 != 0x00[0m
[00:00:03.245,849] [1;31m<err> ads1220: config0 mismatch! 0x3C != 0x1C[0m
[00:00:03.245,880] [1;31m<err> analog_axis_hires: Could not setup channel #1 (-5)[0m
[00:00:03.253,570] [1;31m<err> ads1220: config2 mismatch! 0x10 != 0x00[0m
[00:00:03.253,723] [1;31m<err> ads1220: config2 mismatch! 0x15 != 0x00[0m
[00:00:03.253,875] [1;31m<err> ads1220: config0 mismatch! 0x3C != 0x1C[0m
[00:00:03.253,906] [1;31m<err> analog_axis_hires: Could not setup channel #1 (-5)[0m
[00:00:03.261,535] [1;31m<err> ads1220: config2 mismatch! 0x10 != 0x00[0m
[00:00:03.261,657] [1;31m<err> ads1220: config2 mismatch! 0x15 != 0x00[0m
[00:00:03.261,810] [1;31m<err> ads1220: config0 mismatch! 0x3C != 0x1C[0m
[00:00:03.261,810] [1;31m<err> analog_axis_hires: Could not setup channel #1 (-5)[0m
[00:00:03.269,561] [1;31m<err> ads1220: config2 mismatch! 0x10 != 0x00[0m
[00:00:03.269,683] [1;31m<err> ads1220: config2 mismatch! 0x15 != 0x00[0m
[00:00:03.269,927] [1;31m<err> ads1220: config0 mismatch! 0x3C != 0x1C[0m
[00:00:03.269,927] [1;31m<err> analog_axis_hires: Could not setup channel #1 (-5)[0m
[00:00:03.277,587] [1;31m<err> ads1220: config2 mismatch! 0x10 != 0x00[0m
[00:00:03.277,709] [1;31m<err> ads1220: config2 mismatch! 0x15 != 0x00[0m
[00:00:03.278,106] [1;31m<err> ads1220: config0 mismatch! 0x3C != 0x1C[0m
[00:00:03.278,106] [1;31m<err> analog_axis_hires: Could not setup channel #1 (-5)[0m
[00:00:03.285,614] [1;31m<err> ads1220: config2 mismatch! 0x10 != 0x00[0m
[00:00:03.285,736] [1;31m<err> ads1220: config2 mismatch! 0x15 != 0x00[0m
[00:00:03.285,888] [1;31m<err> ads1220: config0 mismatch! 0x3C != 0x1C[0m
[00:00:03.285,888] [1;31m<err> analog_axis_hires: Could not setup channel #1 (-5)[0m
[00:00:03.293,640] [1;31m<err> ads1220: config2 mismatch! 0x10 != 0x00[0m
[00:00:03.293,762] [1;31m<err> ads1220: config2 mismatch! 0x15 != 0x00[0m
[00:00:03.293,914] [1;31m<err> ads1220: config0 mismatch! 0x3C != 0x1C[0m
[00:00:03.293,914] [1;31m<err> analog_axis_hires: Could not setup channel #1 (-5)[0m
[00:00:03.301,666] [1;31m<err> ads1220: config2 mismatch! 0x10 != 0x00[0m
[00:00:03.301,788] [1;31m<err> ads1220: config2 mismatch! 0x15 != 0x00[0m
[00:00:03.301,940] [1;31m<err> ads1220: config0 mismatch! 0x3C != 0x1C[0m
[00:00:03.301,940] [1;31m<err> analog_axis_hires: Could not setup channel #1 (-5)[0m
[00:00:03.309,692] [1;31m<err> ads1220: config2 mismatch! 0x10 != 0x00[0m
[00:00:03.309,814] [1;31m<err> ads1220: config2 mismatch! 0x15 != 0x00[0m
[00:00:03.309,936] [1;31m<err> ads1220: config0 mismatch! 0x3C != 0x1C[0m
[00:00:03.309,967] [1;31m<err> analog_axis_hires: Could not setup channel #1 (-5)[0m
[00:00:03.317,718] [1;31m<err> ads1220: config2 mismatch! 0x10 != 0x00[0m
[00:00:03.317,840] [1;31m<err> ads1220: config2 mismatch! 0x15 != 0x00[0m
[00:00:03.317,993] [1;31m<err> ads1220: config0 mismatch! 0x3C != 0x1C[0m
[00:00:03.317,993] [1;31m<err> analog_axis_hires: Could not setup channel #1 (-5)[0m
[00:00:03.325,744] [1;31m<err> ads1220: config2 mismatch! 0x10 != 0x00[0m
[00:00:03.325,866] [1;31m<err> ads1220: config2 mismatch! 0x15 != 0x00[0m
[00:00:03.326,080] [1;31m<err> ads1220: config0 mismatch! 0x3C != 0x1C[0m
[00:00:03.326,110] [1;31m<err> analog_axis_hires: Could not setup channel #1 (-5)[0m
[00:00:03.333,770] [1;31m<err> ads1220: config2 mismatch! 0x10 != 0x00[0m
[00:00:03.333,892] [1;31m<err> ads1220: config2 mismatch! 0x15 != 0x00[0m
[00:00:03.334,014] [1;31m<err> ads1220: config0 mismatch! 0x3C != 0x1C[0m
[00:00:03.334,045] [1;31m<err> analog_axis_hires: Could not setup channel #1 (-5)[0m
[00:00:03.341,796] [1;31m<err> ads1220: config2 mismatch! 0x10 != 0x00[0m
[00:00:03.341,918] [1;31m<err> ads1220: config2 mismatch! 0x15 != 0x00[0m
[00:00:03.342,163] [1;31m<err> ads1220: config0 mismatch! 0x3C != 0x1C[0m
[00:00:03.342,163] [1;31m<err> analog_axis_hires: Could not setup channel #1 (-5)[0m
[00:00:03.349,822] [1;31m<err> ads1220: config2 mismatch! 0x10 != 0x00[0m
[00:00:03.349,945] [1;31m<err> ads1220: config2 mismatch! 0x15 != 0x00[0m
[00:00:03.350,189] [1;31m<err> ads1220: config0 mismatch! 0x3C != 0x1C[0m
[00:00:03.350,372] [1;31m<err> analog_axis_hires: Could not setup channel #1 (-5)[0m
[00:00:03.357,849] [1;31m<err> ads1220: config2 mismatch! 0x10 != 0x00[0m
[00:00:03.357,971] [1;31m<err> ads1220: config2 mismatch! 0x15 != 0x00[0m
[00:00:03.358,123] [1;31m<err> ads1220: config0 mismatch! 0x3C != 0x1C[0m
[00:00:03.358,123] [1;31m<err> analog_axis_hires: Could not setup channel #1 (-5)[0m
[00:00:03.365,875] [1;31m<err> ads1220: config2 mismatch! 0x10 != 0x00[0m
[00:00:03.365,997] [1;31m<err> ads1220: config2 mismatch! 0x15 != 0x00[0m
[00:00:03.366,241] [1;31m<err> ads1220: config0 mismatch! 0x3C != 0x1C[0m
[00:00:03.366,241] [1;31m<err> analog_axis_hires: Could not setup channel #1 (-5)[0m
[00:00:03.373,901] [1;31m<err> ads1220: config2 mismatch! 0x10 != 0x00[0m
[00:00:03.374,023] [1;31m<err> ads1220: config2 mismatch! 0x15 != 0x00[0m
[00:00:03.374,298] [1;31m<err> ads1220: config0 mismatch! 0x3C != 0x1C[0m
[00:00:03.374,328] [1;31m<err> analog_axis_hires: Could not setup channel #1 (-5)[0m
[00:00:03.381,927] [1;31m<err> ads1220: config2 mismatch! 0x10 != 0x00[0m
[00:00:03.382,141] [1;31m<err> ads1220: config2 mismatch! 0x15 != 0x00[0m
[00:00:03.382,324] [1;31m<err> ads1220: config0 mismatch! 0x3C != 0x1C[0m
[00:00:03.382,354] [1;31m<err> analog_axis_hires: Could not setup channel #1 (-5)[0m
[00:00:03.390,136] [1;31m<err> ads1220: config2 mismatch! 0x10 != 0x00[0m
[00:00:03.390,350] [1;31m<err> ads1220: config2 mismatch! 0x15 != 0x00[0m
[00:00:03.390,472] [1;31m<err> ads1220: config0 mismatch! 0x3C != 0x1C[0m
[00:00:03.390,472] [1;31m<err> analog_axis_hires: Could not setup channel #1 (-5)[0m
[00:00:03.398,162] [1;31m<err> ads1220: config2 mismatch! 0x10 != 0x00[0m
[00:00:03.398,376] [1;31m<err> ads1220: config2 mismatch! 0x15 != 0x00[0m
[00:00:03.398,498] [1;31m<err> ads1220: config0 mismatch! 0x3C != 0x1C[0m
[00:00:03.398,498] [1;31m<err> analog_axis_hires: Could not setup channel #1 (-5)[0m
[00:00:03.406,188] [1;31m<err> ads1220: config2 mismatch! 0x10 != 0x00[0m
[00:00:03.406,372] [1;31m<err> ads1220: config2 mismatch! 0x15 != 0x00[0m
[00:00:03.406,494] [1;31m<err> ads1220: config0 mismatch! 0x3C != 0x1C[0m
[00:00:03.406,524] [1;31m<err> analog_axis_hires: Could not setup channel #1 (-5)[0m
[00:00:03.414,031] [1;31m<err> ads1220: config2 mismatch! 0x10 != 0x00[0m
[00:00:03.414,154] [1;31m<err> ads1220: config2 mismatch! 0x15 != 0x00[0m
[00:00:03.414,306] [1;31m<err> ads1220: config0 mismatch! 0x3C != 0x1C[0m
[00:00:03.414,306] [1;31m<err> analog_axis_hires: Could not setup channel #1 (-5)[0m
[00:00:03.422,058] [1;31m<err> ads1220: config2 mismatch! 0x10 != 0x00[0m
[00:00:03.422,180] [1;31m<err> ads1220: config2 mismatch! 0x15 != 0x00[0m
[00:00:03.422,332] [1;31m<err> ads1220: config0 mismatch! 0x3C != 0x1C[0m
[00:00:03.422,332] [1;31m<err> analog_axis_hires: Could not setup channel #1 (-5)[0m
[00:00:03.430,084] [1;31m<err> ads1220: config2 mismatch! 0x10 != 0x00[0m
[00:00:03.430,206] [1;31m<err> ads1220: config2 mismatch! 0x15 != 0x00[0m
[00:00:03.430,358] [1;31m<err> ads1220: config0 mismatch! 0x3C != 0x1C[0m
[00:00:03.430,358] [1;31m<err> analog_axis_hires: Could not setup channel #1 (-5)[0m
[00:00:03.438,110] [1;31m<err> ads1220: config2 mismatch! 0x10 != 0x00[0m
[00:00:03.438,232] [1;31m<err> ads1220: config2 mismatch! 0x15 != 0x00[0m
[00:00:03.438,385] [1;31m<err> ads1220: config0 mismatch! 0x3C != 0x1C[0m
[00:00:03.438,385] [1;31m<err> analog_axis_hires: Could not setup channel #1 (-5)[0m
[00:00:03.446,136] [1;31m<err> ads1220: config2 mismatch! 0x10 != 0x00[0m
[00:00:03.446,258] [1;31m<err> ads1220: config2 mismatch! 0x15 != 0x00[0m
[00:00:03.446,411] [1;31m<err> ads1220: config0 mismatch! 0x3C != 0x1C[0m
[00:00:03.446,411] [1;31m<err> analog_axis_hires: Could not setup channel #1 (-5)[0m
[00:00:03.454,162] [1;31m<err> ads1220: config2 mismatch! 0x10 != 0x00[0m
[00:00:03.454,284] [1;31m<err> ads1220: config2 mismatch! 0x15 != 0x00[0m
[00:00:03.454,437] [1;31m<err> ads1220: config0 mismatch! 0x3C != 0x1C[0m
[00:00:03.454,437] [1;31m<err> analog_axis_hires: Could not setup channel #1 (-5)[0m
[00:00:03.462,188] [1;31m<err> ads1220: config2 mismatch! 0x10 != 0x00[0m
[00:00:03.462,310] [1;31m<err> ads1220: config2 mismatch! 0x15 != 0x00[0m
[00:00:03.462,463] [1;31m<err> ads1220: config0 mismatch! 0x3C != 0x1C[0m
[00:00:03.462,463] [1;31m<err> analog_axis_hires: Could not setup channel #1 (-5)[0m
[00:00:03.470,214] [1;31m<err> ads1220: config2 mismatch! 0x10 != 0x00[0m
[00:00:03.470,336] [1;31m<err> ads1220: config2 mismatch! 0x15 != 0x00[0m
[00:00:03.470,458] [1;31m<err> ads1220: config0 mismatch! 0x3C != 0x1C[0m
[00:00:03.470,489] [1;31m<err> analog_axis_hires: Could not setup channel #1 (-5)[0m
[00:00:03.478,240] [1;31m<err> ads1220: config2 mismatch! 0x10 != 0x00[0m
[00:00:03.478,363] [1;31m<err> ads1220: config2 mismatch! 0x15 != 0x00[0m
[00:00:03.478,515] [1;31m<err> ads1220: config0 mismatch! 0x3C != 0x1C[0m
[00:00:03.478,515] [1;31m<err> analog_axis_hires: Could not setup channel #1 (-5)[0m
[00:00:03.486,267] [1;31m<err> ads1220: config2 mismatch! 0x10 != 0x00[0m
[00:00:03.486,389] [1;31m<err> ads1220: config2 mismatch! 0x15 != 0x00[0m
[00:00:03.486,663] [1;31m<err> ads1220: config0 mismatch! 0x3C != 0x1C[0m
[00:00:03.486,694] [1;31m<err> analog_axis_hires: Could not setup channel #1 (-5)[0m
[00:00:03.494,293] [1;31m<err> ads1220: config2 mismatch! 0x10 != 0x00[0m
[00:00:03.494,415] [1;31m<err> ads1220: config2 mismatch! 0x15 != 0x00[0m
[00:00:03.494,567] [1;31m<err> ads1220: config0 mismatch! 0x3C != 0x1C[0m
[00:00:03.494,567] [1;31m<err> analog_axis_hires: Could not setup channel #1 (-5)[0m
[00:00:03.502,319] [1;31m<err> ads1220: config2 mismatch! 0x10 != 0x00[0m
[00:00:03.502,441] [1;31m<err> ads1220: config2 mismatch! 0x15 != 0x00[0m
[00:00:03.502,685] [1;31m<err> ads1220: config0 mismatch! 0x3C != 0x1C[0m
[00:00:03.502,685] [1;31m<err> analog_axis_hires: Could not setup channel #1 (-5)[0m
[00:00:03.510,345] [1;31m<err> ads1220: config2 mismatch! 0x10 != 0x00[0m
[00:00:03.510,467] [1;31m<err> ads1220: config2 mismatch! 0x15 != 0x00[0m
[00:00:03.510,711] [1;31m<err> ads1220: config0 mismatch! 0x3C != 0x1C[0m
[00:00:03.510,711] [1;31m<err> analog_axis_hires: Could not setup channel #1 (-5)[0m
[00:00:03.518,371] [1;31m<err> ads1220: config2 mismatch! 0x10 != 0x00[0m
[00:00:03.518,493] [1;31m<err> ads1220: config2 mismatch! 0x15 != 0x00[0m
[00:00:03.518,890] [1;31m<err> ads1220: config0 mismatch! 0x3C != 0x1C[0m
[00:00:03.518,890] [1;31m<err> analog_axis_hires: Could not setup channel #1 (-5)[0m
[00:00:03.526,397] [1;31m<err> ads1220: config2 mismatch! 0x10 != 0x00[0m
[00:00:03.526,519] [1;31m<err> ads1220: config2 mismatch! 0x15 != 0x00[0m
[00:00:03.526,672] [1;31m<err> ads1220: config0 mismatch! 0x3C != 0x1C[0m
[00:00:03.526,672] [1;31m<err> analog_axis_hires: Could not setup channel #1 (-5)[0m
[00:00:03.534,423] [1;31m<err> ads1220: config2 mismatch! 0x10 != 0x00[0m
[00:00:03.534,545] [1;31m<err> ads1220: config2 mismatch! 0x15 != 0x00[0m
[00:00:03.534,790] [1;31m<err> ads1220: config0 mismatch! 0x3C != 0x1C[0m
[00:00:03.534,790] [1;31m<err> analog_axis_hires: Could not setup channel #1 (-5)[0m
[00:00:03.542,449] [1;31m<err> ads1220: config2 mismatch! 0x10 != 0x00[0m
[00:00:03.542,572] [1;31m<err> ads1220: config2 mismatch! 0x15 != 0x00[0m
[00:00:03.542,724] [1;31m<err> ads1220: config0 mismatch! 0x3C != 0x1C[0m
[00:00:03.542,724] [1;31m<err> analog_axis_hires: Could not setup channel #1 (-5)[0m
[00:00:03.550,476] [1;31m<err> ads1220: config2 mismatch! 0x10 != 0x00[0m
[00:00:03.550,598] [1;31m<err> ads1220: config2 mismatch! 0x15 != 0x00[0m
[00:00:03.550,750] [1;31m<err> ads1220: config0 mismatch! 0x3C != 0x1C[0m
[00:00:03.550,750] [1;31m<err> analog_axis_hires: Could not setup channel #1 (-5)[0m
[00:00:03.558,502] [1;31m<err> ads1220: config2 mismatch! 0x10 != 0x00[0m
[00:00:03.558,624] [1;31m<err> ads1220: config2 mismatch! 0x15 != 0x00[0m
[00:00:03.558,776] [1;31m<err> ads1220: config0 mismatch! 0x3C != 0x1C[0m
[00:00:03.558,776] [1;31m<err> analog_axis_hires: Could not setup channel #1 (-5)[0m
[00:00:03.566,528] [1;31m<err> ads1220: config2 mismatch! 0x10 != 0x00[0m
[00:00:03.566,650] [1;31m<err> ads1220: config2 mismatch! 0x15 != 0x00[0m
[00:00:03.566,802] [1;31m<err> ads1220: config0 mismatch! 0x3C != 0x1C[0m
[00:00:03.566,802] [1;31m<err> analog_axis_hires: Could not setup channel #1 (-5)[0m
[00:00:03.574,554] [1;31m<err> ads1220: config2 mismatch! 0x10 != 0x00[0m
[00:00:03.574,676] [1;31m<err> ads1220: config2 mismatch! 0x15 != 0x00[0m
[00:00:03.574,798] [1;31m<err> ads1220: config0 mismatch! 0x3C != 0x1C[0m
[00:00:03.574,829] [1;31m<err> analog_axis_hires: Could not setup channel #1 (-5)[0m
[00:00:03.582,580] [1;31m<err> ads1220: config2 mismatch! 0x10 != 0x00[0m
[00:00:03.582,702] [1;31m<err> ads1220: config2 mismatch! 0x15 != 0x00[0m
[00:00:03.582,855] [1;31m<err> ads1220: config0 mismatch! 0x3C != 0x1C[0m
[00:00:03.582,855] [1;31m<err> analog_axis_hires: Could not setup channel #1 (-5)[0m
[00:00:03.590,606] [1;31m<err> ads1220: config2 mismatch! 0x10 != 0x00[0m
[00:00:03.590,728] [1;31m<err> ads1220: config2 mismatch! 0x15 != 0x00[0m
[00:00:03.591,125] [1;31m<err> ads1220: config0 mismatch! 0x3C != 0x1C[0m
[00:00:03.591,125] [1;31m<err> analog_axis_hires: Could not setup channel #1 (-5)[0m
[00:00:03.598,632] [1;31m<err> ads1220: config2 mismatch! 0x10 != 0x00[0m
[00:00:03.598,754] [1;31m<err> ads1220: config2 mismatch! 0x15 != 0x00[0m
[00:00:03.598,907] [1;31m<err> ads1220: config0 mismatch! 0x3C != 0x1C[0m
[00:00:03.598,907] [1;31m<err> analog_axis_hires: Could not setup channel #1 (-5)[0m
[00:00:03.606,658] [1;31m<err> ads1220: config2 mismatch! 0x10 != 0x00[0m
[00:00:03.606,781] [1;31m<err> ads1220: config2 mismatch! 0x15 != 0x00[0m
[00:00:03.606,933] [1;31m<err> ads1220: config0 mismatch! 0x3C != 0x1C[0m
[00:00:03.606,933] [1;31m<err> analog_axis_hires: Could not setup channel #1 (-5)[0m
[00:00:03.614,685] [1;31m<err> ads1220: config2 mismatch! 0x10 != 0x00[0m
[00:00:03.614,807] [1;31m<err> ads1220: config2 mismatch! 0x15 != 0x00[0m
[00:00:03.615,020] [1;31m<err> ads1220: config0 mismatch! 0x3C != 0x1C[0m
[00:00:03.615,051] [1;31m<err> analog_axis_hires: Could not setup channel #1 (-5)[0m
[00:00:03.622,711] [1;31m<err> ads1220: config2 mismatch! 0x10 != 0x00[0m
[00:00:03.622,833] [1;31m<err> ads1220: config2 mismatch! 0x15 != 0x00[0m
[00:00:03.622,955] [1;31m<err> ads1220: config0 mismatch! 0x3C != 0x1C[0m
[00:00:03.623,077] [1;31m<err> analog_axis_hires: Could not setup channel #1 (-5)[0m
[00:00:03.630,737] [1;31m<err> ads1220: config2 mismatch! 0x10 != 0x00[0m
[00:00:03.630,859] [1;31m<err> ads1220: config2 mismatch! 0x15 != 0x00[0m
[00:00:03.631,011] [1;31m<err> ads1220: config0 mismatch! 0x3C != 0x1C[0m
[00:00:03.631,011] [1;31m<err> analog_axis_hires: Could not setup channel #1 (-5)[0m
[00:00:03.638,763] [1;31m<err> ads1220: config2 mismatch! 0x10 != 0x00[0m
[00:00:03.638,885] [1;31m<err> ads1220: config2 mismatch! 0x15 != 0x00[0m
[00:00:03.639,038] [1;31m<err> ads1220: config0 mismatch! 0x3C != 0x1C[0m
[00:00:03.639,038] [1;31m<err> analog_axis_hires: Could not setup channel #1 (-5)[0m
[00:00:03.646,789] [1;31m<err> ads1220: config2 mismatch! 0x10 != 0x00[0m
[00:00:03.646,911] [1;31m<err> ads1220: config2 mismatch! 0x15 != 0x00[0m
[00:00:03.647,064] [1;31m<err> ads1220: config0 mismatch! 0x3C != 0x1C[0m
[00:00:03.647,064] [1;31m<err> analog_axis_hires: Could not setup channel #1 (-5)[0m
[00:00:03.654,815] [1;31m<err> ads1220: config2 mismatch! 0x10 != 0x00[0m
[00:00:03.654,937] [1;31m<err> ads1220: config2 mismatch! 0x15 != 0x00[0m
[00:00:03.655,090] [1;31m<err> ads1220: config0 mismatch! 0x3C != 0x1C[0m
[00:00:03.655,090] [1;31m<err> analog_axis_hires: Could not setup channel #1 (-5)[0m
[00:00:03.662,841] [1;31m<err> ads1220: config2 mismatch! 0x10 != 0x00[0m
[00:00:03.662,963] [1;31m<err> ads1220: config2 mismatch! 0x15 != 0x00[0m
[00:00:03.663,116] [1;31m<err> ads1220: config0 mismatch! 0x3C != 0x1C[0m
[00:00:03.663,116] [1;31m<err> analog_axis_hires: Could not setup channel #1 (-5)[0m
[00:00:03.670,867] [1;31m<err> ads1220: config2 mismatch! 0x10 != 0x00[0m
[00:00:03.670,989] [1;31m<err> ads1220: config2 mismatch! 0x15 != 0x00[0m
[00:00:03.671,142] [1;31m<err> ads1220: config0 mismatch! 0x3C != 0x1C[0m
[00:00:03.671,142] [1;31m<err> analog_axis_hires: Could not setup channel #1 (-5)[0m
[00:00:03.678,894] [1;31m<err> ads1220: config2 mismatch! 0x10 != 0x00[0m
[00:00:03.679,016] [1;31m<err> ads1220: config2 mismatch! 0x15 != 0x00[0m
[00:00:03.679,168] [1;31m<err> ads1220: config0 mismatch! 0x3C != 0x1C[0m
[00:00:03.679,168] [1;31m<err> analog_axis_hires: Could not setup channel #1 (-5)[0m
[00:00:03.686,920] [1;31m<err> ads1220: config2 mismatch! 0x10 != 0x00[0m
[00:00:03.687,042] [1;31m<err> ads1220: config2 mismatch! 0x15 != 0x00[0m
[00:00:03.687,194] [1;31m<err> ads1220: config0 mismatch! 0x3C != 0x1C[0m
[00:00:03.687,194] [1;31m<err> analog_axis_hires: Could not setup channel #1 (-5)[0m
[00:00:03.694,946] [1;31m<err> ads1220: config2 mismatch! 0x10 != 0x00[0m
[00:00:03.695,068] [1;31m<err> ads1220: config2 mismatch! 0x15 != 0x00[0m
[00:00:03.695,220] [1;31m<err> ads1220: config0 mismatch! 0x3C != 0x1C[0m
[00:00:03.695,220] [1;31m<err> analog_axis_hires: Could not setup channel #1 (-5)[0m
[00:00:03.702,972] [1;31m<err> ads1220: config2 mismatch! 0x10 != 0x00[0m
[00:00:03.703,094] [1;31m<err> ads1220: config2 mismatch! 0x15 != 0x00[0m
[00:00:03.703,247] [1;31m<err> ads1220: config0 mismatch! 0x3C != 0x1C[0m
[00:00:03.703,247] [1;31m<err> analog_axis_hires: Could not setup channel #1 (-5)[0m
[00:00:03.710,998] [1;31m<err> ads1220: config2 mismatch! 0x10 != 0x00[0m
[00:00:03.711,120] [1;31m<err> ads1220: config2 mismatch! 0x15 != 0x00[0m
[00:00:03.711,334] [1;31m<err> ads1220: config0 mismatch! 0x3C != 0x1C[0m
[00:00:03.711,364] [1;31m<err> analog_axis_hires: Could not setup channel #1 (-5)[0m
[00:00:03.719,024] [1;31m<err> ads1220: config2 mismatch! 0x10 != 0x00[0m
[00:00:03.719,146] [1;31m<err> ads1220: config2 mismatch! 0x15 != 0x00[0m
[00:00:03.719,299] [1;31m<err> ads1220: config0 mismatch! 0x3C != 0x1C[0m
[00:00:03.719,299] [1;31m<err> analog_axis_hires: Could not setup channel #1 (-5)[0m
[00:00:03.727,050] [1;31m<err> ads1220: config2 mismatch! 0x10 != 0x00[0m
[00:00:03.727,172] [1;31m<err> ads1220: config2 mismatch! 0x15 != 0x00[0m
[00:00:03.727,325] [1;31m<err> ads1220: config0 mismatch! 0x3C != 0x1C[0m
[00:00:03.727,325] [1;31m<err> analog_axis_hires: Could not setup channel #1 (-5)[0m
[00:00:03.735,076] [1;31m<err> ads1220: config2 mismatch! 0x10 != 0x00[0m
[00:00:03.735,198] [1;31m<err> ads1220: config2 mismatch! 0x15 != 0x00[0m
[00:00:03.735,351] [1;31m<err> ads1220: config0 mismatch! 0x3C != 0x1C[0m
[00:00:03.735,351] [1;31m<err> analog_axis_hires: Could not setup channel #1 (-5)[0m
[00:00:03.743,103] [1;31m<err> ads1220: config2 mismatch! 0x10 != 0x00[0m
[00:00:03.743,225] [1;31m<err> ads1220: config2 mismatch! 0x15 != 0x00[0m
[00:00:03.743,377] [1;31m<err> ads1220: config0 mismatch! 0x3C != 0x1C[0m
[00:00:03.743,377] [1;31m<err> analog_axis_hires: Could not setup channel #1 (-5)[0m
[00:00:03.751,129] [1;31m<err> ads1220: config2 mismatch! 0x10 != 0x00[0m
[00:00:03.751,251] [1;31m<err> ads1220: config2 mismatch! 0x15 != 0x00[0m
[00:00:03.751,403] [1;31m<err> ads1220: config0 mismatch! 0x3C != 0x1C[0m
[00:00:03.751,403] [1;31m<err> analog_axis_hires: Could not setup channel #1 (-5)[0m
[00:00:03.759,155] [1;31m<err> ads1220: config2 mismatch! 0x10 != 0x00[0m
[00:00:03.759,277] [1;31m<err> ads1220: config2 mismatch! 0x15 != 0x00[0m
[00:00:03.759,490] [1;31m<err> ads1220: config0 mismatch! 0x3C != 0x1C[0m
[00:00:03.759,521] [1;31m<err> analog_axis_hires: Could not setup channel #1 (-5)[0m
[00:00:03.767,181] [1;31m<err> ads1220: config2 mismatch! 0x10 != 0x00[0m
[00:00:03.767,303] [1;31m<err> ads1220: config2 mismatch! 0x15 != 0x00[0m
[00:00:03.767,456] [1;31m<err> ads1220: config0 mismatch! 0x3C != 0x1C[0m
[00:00:03.767,456] [1;31m<err> analog_axis_hires: Could not setup channel #1 (-5)[0m
[00:00:03.775,207] [1;31m<err> ads1220: config2 mismatch! 0x10 != 0x00[0m
[00:00:03.775,329] [1;31m<err> ads1220: config2 mismatch! 0x15 != 0x00[0m
[00:00:03.775,482] [1;31m<err> ads1220: config0 mismatch! 0x3C != 0x1C[0m
[00:00:03.775,482] [1;31m<err> analog_axis_hires: Could not setup channel #1 (-5)[0m
[00:00:03.783,233] [1;31m<err> ads1220: config2 mismatch! 0x10 != 0x00[0m
[00:00:03.783,355] [1;31m<err> ads1220: config2 mismatch! 0x15 != 0x00[0m
[00:00:03.783,569] [1;31m<err> ads1220: config0 mismatch! 0x3C != 0x1C[0m
[00:00:03.783,599] [1;31m<err> analog_axis_hires: Could not setup channel #1 (-5)[0m
[00:00:03.791,259] [1;31m<err> ads1220: config2 mismatch! 0x10 != 0x00[0m
[00:00:03.791,381] [1;31m<err> ads1220: config2 mismatch! 0x15 != 0x00[0m
[00:00:03.791,534] [1;31m<err> ads1220: config0 mismatch! 0x3C != 0x1C[0m
[00:00:03.791,534] [1;31m<err> analog_axis_hires: Could not setup channel #1 (-5)[0m
[00:00:03.799,285] [1;31m<err> ads1220: config2 mismatch! 0x10 != 0x00[0m
[00:00:03.799,407] [1;31m<err> ads1220: config2 mismatch! 0x15 != 0x00[0m
[00:00:03.799,560] [1;31m<err> ads1220: config0 mismatch! 0x3C != 0x1C[0m
[00:00:03.799,560] [1;31m<err> analog_axis_hires: Could not setup channel #1 (-5)[0m
[00:00:03.807,312] [1;31m<err> ads1220: config2 mismatch! 0x10 != 0x00[0m
[00:00:03.807,434] [1;31m<err> ads1220: config2 mismatch! 0x15 != 0x00[0m
[00:00:03.807,586] [1;31m<err> ads1220: config0 mismatch! 0x3C != 0x1C[0m
[00:00:03.807,678] [1;31m<err> analog_axis_hires: Could not setup channel #1 (-5)[0m
[00:00:03.815,338] [1;31m<err> ads1220: config2 mismatch! 0x10 != 0x00[0m
[00:00:03.815,460] [1;31m<err> ads1220: config2 mismatch! 0x15 != 0x00[0m
[00:00:03.815,612] [1;31m<err> ads1220: config0 mismatch! 0x3C != 0x1C[0m
[00:00:03.815,612] [1;31m<err> analog_axis_hires: Could not setup channel #1 (-5)[0m
[00:00:03.823,364] [1;31m<err> ads1220: config2 mismatch! 0x10 != 0x00[0m
[00:00:03.823,486] [1;31m<err> ads1220: config2 mismatch! 0x15 != 0x00[0m
[00:00:03.823,638] [1;31m<err> ads1220: config0 mismatch! 0x3C != 0x1C[0m
[00:00:03.823,730] [1;31m<err> analog_axis_hires: Could not setup channel #1 (-5)[0m
[00:00:03.831,390] [1;31m<err> ads1220: config2 mismatch! 0x10 != 0x00[0m
[00:00:03.831,512] [1;31m<err> ads1220: config2 mismatch! 0x15 != 0x00[0m
[00:00:03.831,909] [1;31m<err> ads1220: config0 mismatch! 0x3C != 0x1C[0m
[00:00:03.831,909] [1;31m<err> analog_axis_hires: Could not setup channel #1 (-5)[0m
[00:00:03.839,416] [1;31m<err> ads1220: config2 mismatch! 0x10 != 0x00[0m
[00:00:03.839,538] [1;31m<err> ads1220: config2 mismatch! 0x15 != 0x00[0m
[00:00:03.839,691] [1;31m<err> ads1220: config0 mismatch! 0x3C != 0x1C[0m
[00:00:03.839,691] [1;31m<err> analog_axis_hires: Could not setup channel #1 (-5)[0m
[00:00:03.847,442] [1;31m<err> ads1220: config2 mismatch! 0x10 != 0x00[0m
[00:00:03.847,564] [1;31m<err> ads1220: config2 mismatch! 0x15 != 0x00[0m
[00:00:03.847,778] [1;31m<err> ads1220: config0 mismatch! 0x3C != 0x1C[0m
[00:00:03.847,808] [1;31m<err> analog_axis_hires: Could not setup channel #1 (-5)[0m
[00:00:03.855,468] [1;31m<err> ads1220: config2 mismatch! 0x10 != 0x00[0m
[00:00:03.855,590] [1;31m<err> ads1220: config2 mismatch! 0x15 != 0x00[0m
[00:00:03.855,712] [1;31m<err> ads1220: config0 mismatch! 0x3C != 0x1C[0m
[00:00:03.855,743] [1;31m<err> analog_axis_hires: Could not setup channel #1 (-5)[0m
[00:00:03.863,494] [1;31m<err> ads1220: config2 mismatch! 0x10 != 0x00[0m
[00:00:03.863,616] [1;31m<err> ads1220: config2 mismatch! 0x15 != 0x00[0m
[00:00:03.863,861] [1;31m<err> ads1220: config0 mismatch! 0x3C != 0x1C[0m
[00:00:03.863,861] [1;31m<err> analog_axis_hires: Could not setup channel #1 (-5)[0m
[00:00:03.871,520] [1;31m<err> ads1220: config2 mismatch! 0x10 != 0x00[0m
[00:00:03.871,643] [1;31m<err> ads1220: config2 mismatch! 0x15 != 0x00[0m
[00:00:03.871,795] [1;31m<err> ads1220: config0 mismatch! 0x3C != 0x1C[0m
[00:00:03.871,795] [1;31m<err> analog_axis_hires: Could not setup channel #1 (-5)[0m
[00:00:03.879,547] [1;31m<err> ads1220: config2 mismatch! 0x10 != 0x00[0m
[00:00:03.879,669] [1;31m<err> ads1220: config2 mismatch! 0x15 != 0x00[0m
[00:00:03.879,821] [1;31m<err> ads1220: config0 mismatch! 0x3C != 0x1C[0m
[00:00:03.879,821] [1;31m<err> analog_axis_hires: Could not setup channel #1 (-5)[0m
[00:00:03.887,573] [1;31m<err> ads1220: config2 mismatch! 0x10 != 0x00[0m
[00:00:03.887,695] [1;31m<err> ads1220: config2 mismatch! 0x15 != 0x00[0m
[00:00:03.887,847] [1;31m<err> ads1220: config0 mismatch! 0x3C != 0x1C[0m
[00:00:03.887,847] [1;31m<err> analog_axis_hires: Could not setup channel #1 (-5)[0m
[00:00:03.895,599] [1;31m<err> ads1220: config2 mismatch! 0x10 != 0x00[0m
[00:00:03.895,721] [1;31m<err> ads1220: config2 mismatch! 0x15 != 0x00[0m
[00:00:03.895,874] [1;31m<err> ads1220: config0 mismatch! 0x3C != 0x1C[0m
[00:00:03.895,874] [1;31m<err> analog_axis_hires: Could not setup channel #1 (-5)[0m
[00:00:03.903,625] [1;31m<err> ads1220: config2 mismatch! 0x10 != 0x00[0m
[00:00:03.903,747] [1;31m<err> ads1220: config2 mismatch! 0x15 != 0x00[0m
[00:00:03.903,900] [1;31m<err> ads1220: config0 mismatch! 0x3C != 0x1C[0m
[00:00:03.903,900] [1;31m<err> analog_axis_hires: Could not setup channel #1 (-5)[0m
[00:00:03.911,651] [1;31m<err> ads1220: config2 mismatch! 0x10 != 0x00[0m
[00:00:03.911,773] [1;31m<err> ads1220: config2 mismatch! 0x15 != 0x00[0m
[00:00:03.912,017] [1;31m<err> ads1220: config0 mismatch! 0x3C != 0x1C[0m
[00:00:03.912,017] [1;31m<err> analog_axis_hires: Could not setup channel #1 (-5)[0m
[00:00:03.919,677] [1;31m<err> ads1220: config2 mismatch! 0x10 != 0x00[0m
[00:00:03.919,799] [1;31m<err> ads1220: config2 mismatch! 0x15 != 0x00[0m
[00:00:03.919,952] [1;31m<err> ads1220: config0 mismatch! 0x3C != 0x1C[0m
[00:00:03.919,952] [1;31m<err> analog_axis_hires: Could not setup channel #1 (-5)[0m
[00:00:03.927,703] [1;31m<err> ads1220: config2 mismatch! 0x10 != 0x00[0m
[00:00:03.927,825] [1;31m<err> ads1220: config2 mismatch! 0x15 != 0x00[0m
[00:00:03.927,978] [1;31m<err> ads1220: config0 mismatch! 0x3C != 0x1C[0m
[00:00:03.927,978] [1;31m<err> analog_axis_hires: Could not setup channel #1 (-5)[0m
[00:00:03.935,729] [1;31m<err> ads1220: config2 mismatch! 0x10 != 0x00[0m
[00:00:03.935,852] [1;31m<err> ads1220: config2 mismatch! 0x15 != 0x00[0m
[00:00:03.936,004] [1;31m<err> ads1220: config0 mismatch! 0x3C != 0x1C[0m
[00:00:03.936,004] [1;31m<err> analog_axis_hires: Could not setup channel #1 (-5)[0m
[00:00:03.943,756] [1;31m<err> ads1220: config2 mismatch! 0x10 != 0x00[0m
[00:00:03.943,878] [1;31m<err> ads1220: config2 mismatch! 0x15 != 0x00[0m
[00:00:03.944,122] [1;31m<err> ads1220: config0 mismatch! 0x3C != 0x1C[0m
[00:00:03.944,122] [1;31m<err> analog_axis_hires: Could not setup channel #1 (-5)[0m
[00:00:03.951,782] [1;31m<err> ads1220: config2 mismatch! 0x10 != 0x00[0m
[00:00:03.951,904] [1;31m<err> ads1220: config2 mismatch! 0x15 != 0x00[0m
[00:00:03.952,148] [1;31m<err> ads1220: config0 mismatch! 0x3C != 0x1C[0m
[00:00:03.952,148] [1;31m<err> analog_axis_hires: Could not setup channel #1 (-5)[0m
[00:00:03.959,808] [1;31m<err> ads1220: config2 mismatch! 0x10 != 0x00[0m
[00:00:03.959,930] [1;31m<err> ads1220: config2 mismatch! 0x15 != 0x00[0m
[00:00:03.960,083] [1;31m<err> ads1220: config0 mismatch! 0x3C != 0x1C[0m
[00:00:03.960,083] [1;31m<err> analog_axis_hires: Could not setup channel #1 (-5)[0m
[00:00:03.967,834] [1;31m<err> ads1220: config2 mismatch! 0x10 != 0x00[0m
[00:00:03.967,956] [1;31m<err> ads1220: config2 mismatch! 0x15 != 0x00[0m
[00:00:03.968,200] [1;31m<err> ads1220: config0 mismatch! 0x3C != 0x1C[0m
[00:00:03.968,200] [1;31m<err> analog_axis_hires: Could not setup channel #1 (-5)[0m
[00:00:03.975,860] [1;31m<err> ads1220: config2 mismatch! 0x10 != 0x00[0m
[00:00:03.975,982] [1;31m<err> ads1220: config2 mismatch! 0x15 != 0x00[0m
[00:00:03.976,135] [1;31m<err> ads1220: config0 mismatch! 0x3C != 0x1C[0m
[00:00:03.976,135] [1;31m<err> analog_axis_hires: Could not setup channel #1 (-5)[0m
[00:00:03.983,886] [1;31m<err> ads1220: config2 mismatch! 0x10 != 0x00[0m
[00:00:03.984,008] [1;31m<err> ads1220: config2 mismatch! 0x15 != 0x00[0m
[00:00:03.984,161] [1;31m<err> ads1220: config0 mismatch! 0x3C != 0x1C[0m
[00:00:03.984,161] [1;31m<err> analog_axis_hires: Could not setup channel #1 (-5)[0m
[00:00:03.991,912] [1;31m<err> ads1220: config2 mismatch! 0x10 != 0x00[0m
[00:00:03.992,034] [1;31m<err> ads1220: config2 mismatch! 0x15 != 0x00[0m
[00:00:03.992,187] [1;31m<err> ads1220: config0 mismatch! 0x3C != 0x1C[0m
[00:00:03.992,187] [1;31m<err> analog_axis_hires: Could not setup channel #1 (-5)[0m
[00:00:03.999,938] [1;31m<err> ads1220: config2 mismatch! 0x10 != 0x00[0m
[00:00:04.000,061] [1;31m<err> ads1220: config2 mismatch! 0x15 != 0x00[0m
[00:00:04.000,213] [1;31m<err> ads1220: config0 mismatch! 0x3C != 0x1C[0m
[00:00:04.000,213] [1;31m<err> analog_axis_hires: Could not setup channel #1 (-5)[0m
[00:00:04.007,965] [1;31m<err> ads1220: config2 mismatch! 0x10 != 0x00[0m
[00:00:04.008,087] [1;31m<err> ads1220: config2 mismatch! 0x15 != 0x00[0m
[00:00:04.008,300] [1;31m<err> ads1220: config0 mismatch! 0x3C != 0x1C[0m
[00:00:04.008,331] [1;31m<err> analog_axis_hires: Could not setup channel #1 (-5)[0m
[00:00:04.015,991] [1;31m<err> ads1220: config2 mismatch! 0x10 != 0x00[0m
[00:00:04.016,113] [1;31m<err> ads1220: config2 mismatch! 0x15 != 0x00[0m
[00:00:04.016,265] [1;31m<err> ads1220: config0 mismatch! 0x3C != 0x1C[0m
[00:00:04.016,265] [1;31m<err> analog_axis_hires: Could not setup channel #1 (-5)[0m
[00:00:04.024,017] [1;31m<err> ads1220: config2 mismatch! 0x10 != 0x00[0m
[00:00:04.024,139] [1;31m<err> ads1220: config2 mismatch! 0x15 != 0x00[0m
[00:00:04.024,353] [1;31m<err> ads1220: config0 mismatch! 0x3C != 0x1C[0m
[00:00:04.024,383] [1;31m<err> analog_axis_hires: Could not setup channel #1 (-5)[0m
[00:00:04.032,043] [1;31m<err> ads1220: config2 mismatch! 0x10 != 0x00[0m
[00:00:04.032,165] [1;31m<err> ads1220: config2 mismatch! 0x15 != 0x00[0m
[00:00:04.032,531] [1;31m<err> ads1220: config0 mismatch! 0x3C != 0x1C[0m
[00:00:04.032,592] [1;31m<err> analog_axis_hires: Could not setup channel #1 (-5)[0m
[00:00:04.040,069] [1;31m<err> ads1220: config2 mismatch! 0x10 != 0x00[0m
[00:00:04.040,191] [1;31m<err> ads1220: config2 mismatch! 0x15 != 0x00[0m
[00:00:04.040,344] [1;31m<err> ads1220: config0 mismatch! 0x3C != 0x1C[0m
[00:00:04.040,344] [1;31m<err> analog_axis_hires: Could not setup channel #1 (-5)[0m
[00:00:04.048,095] [1;31m<err> ads1220: config2 mismatch! 0x10 != 0x00[0m
[00:00:04.048,217] [1;31m<err> ads1220: config2 mismatch! 0x15 != 0x00[0m
[00:00:04.048,461] [1;31m<err> ads1220: config0 mismatch! 0x3C != 0x1C[0m
[00:00:04.048,461] [1;31m<err> analog_axis_hires: Could not setup channel #1 (-5)[0m
[00:00:04.056,121] [1;31m<err> ads1220: config2 mismatch! 0x10 != 0x00[0m
[00:00:04.056,243] [1;31m<err> ads1220: config2 mismatch! 0x15 != 0x00[0m
[00:00:04.056,488] [1;31m<err> ads1220: config0 mismatch! 0x3C != 0x1C[0m
[00:00:04.056,488] [1;31m<err> analog_axis_hires: Could not setup channel #1 (-5)[0m
[00:00:04.064,147] [1;31m<err> ads1220: config2 mismatch! 0x10 != 0x00[0m
[00:00:04.064,270] [1;31m<err> ads1220: config2 mismatch! 0x15 != 0x00[0m
[00:00:04.064,392] [1;31m<err> ads1220: config0 mismatch! 0x3C != 0x1C[0m
[00:00:04.064,422] [1;31m<err> analog_axis_hires: Could not setup channel #1 (-5)[0m
[00:00:04.072,174] [1;31m<err> ads1220: config2 mismatch! 0x10 != 0x00[0m
[00:00:04.072,296] [1;31m<err> ads1220: config2 mismatch! 0x15 != 0x00[0m
[00:00:04.072,448] [1;31m<err> ads1220: config0 mismatch! 0x3C != 0x1C[0m
[00:00:04.072,448] [1;31m<err> analog_axis_hires: Could not setup channel #1 (-5)[0m
[00:00:04.080,200] [1;31m<err> ads1220: config2 mismatch! 0x10 != 0x00[0m
[00:00:04.080,322] [1;31m<err> ads1220: config2 mismatch! 0x15 != 0x00[0m
[00:00:04.080,535] [1;31m<err> ads1220: config0 mismatch! 0x3C != 0x1C[0m
[00:00:04.080,566] [1;31m<err> analog_axis_hires: Could not setup channel #1 (-5)[0m
[00:00:04.088,226] [1;31m<err> ads1220: config2 mismatch! 0x10 != 0x00[0m
[00:00:04.088,348] [1;31m<err> ads1220: config2 mismatch! 0x15 != 0x00[0m
[00:00:04.088,500] [1;31m<err> ads1220: config0 mismatch! 0x3C != 0x1C[0m
[00:00:04.088,500] [1;31m<err> analog_axis_hires: Could not setup channel #1 (-5)[0m
[00:00:04.096,252] [1;31m<err> ads1220: config2 mismatch! 0x10 != 0x00[0m
[00:00:04.096,374] [1;31m<err> ads1220: config2 mismatch! 0x15 != 0x00[0m
[00:00:04.096,588] [1;31m<err> ads1220: config0 mismatch! 0x3C != 0x1C[0m
[00:00:04.096,618] [1;31m<err> analog_axis_hires: Could not setup channel #1 (-5)[0m
[00:00:04.104,278] [1;31m<err> ads1220: config2 mismatch! 0x10 != 0x00[0m
[00:00:04.104,400] [1;31m<err> ads1220: config2 mismatch! 0x15 != 0x00[0m
[00:00:04.104,553] [1;31m<err> ads1220: config0 mismatch! 0x3C != 0x1C[0m
[00:00:04.104,553] [1;31m<err> analog_axis_hires: Could not setup channel #1 (-5)[0m
[00:00:04.112,304] [1;31m<err> ads1220: config2 mismatch! 0x10 != 0x00[0m
[00:00:04.112,426] [1;31m<err> ads1220: config2 mismatch! 0x15 != 0x00[0m
[00:00:04.112,640] [1;31m<err> ads1220: config0 mismatch! 0x3C != 0x1C[0m
[00:00:04.112,670] [1;31m<err> analog_axis_hires: Could not setup channel #1 (-5)[0m
[00:00:04.120,330] [1;31m<err> ads1220: config2 mismatch! 0x10 != 0x00[0m
[00:00:04.120,452] [1;31m<err> ads1220: config2 mismatch! 0x15 != 0x00[0m
[00:00:04.120,605] [1;31m<err> ads1220: config0 mismatch! 0x3C != 0x1C[0m
[00:00:04.120,605] [1;31m<err> analog_axis_hires: Could not setup channel #1 (-5)[0m
[00:00:04.128,356] [1;31m<err> ads1220: config2 mismatch! 0x10 != 0x00[0m
[00:00:04.128,479] [1;31m<err> ads1220: config2 mismatch! 0x15 != 0x00[0m
[00:00:04.128,631] [1;31m<err> ads1220: config0 mismatch! 0x3C != 0x1C[0m
[00:00:04.128,631] [1;31m<err> analog_axis_hires: Could not setup channel #1 (-5)[0m
[00:00:04.136,383] [1;31m<err> ads1220: config2 mismatch! 0x10 != 0x00[0m
[00:00:04.136,505] [1;31m<err> ads1220: config2 mismatch! 0x15 != 0x00[0m
[00:00:04.136,657] [1;31m<err> ads1220: config0 mismatch! 0x3C != 0x1C[0m
[00:00:04.136,657] [1;31m<err> analog_axis_hires: Could not setup channel #1 (-5)[0m
[00:00:04.144,409] [1;31m<err> ads1220: config2 mismatch! 0x10 != 0x00[0m
[00:00:04.144,531] [1;31m<err> ads1220: config2 mismatch! 0x15 != 0x00[0m
[00:00:04.144,683] [1;31m<err> ads1220: config0 mismatch! 0x3C != 0x1C[0m
[00:00:04.144,683] [1;31m<err> analog_axis_hires: Could not setup channel #1 (-5)[0m
[00:00:04.152,435] [1;31m<err> ads1220: config2 mismatch! 0x10 != 0x00[0m
[00:00:04.152,557] [1;31m<err> ads1220: config2 mismatch! 0x15 != 0x00[0m
[00:00:04.152,709] [1;31m<err> ads1220: config0 mismatch! 0x3C != 0x1C[0m
[00:00:04.152,709] [1;31m<err> analog_axis_hires: Could not setup channel #1 (-5)[0m
[00:00:04.160,461] [1;31m<err> ads1220: config2 mismatch! 0x10 != 0x00[0m
[00:00:04.160,583] [1;31m<err> ads1220: config2 mismatch! 0x15 != 0x00[0m
[00:00:04.160,705] [1;31m<err> ads1220: config0 mismatch! 0x3C != 0x1C[0m
[00:00:04.160,736] [1;31m<err> analog_axis_hires: Could not setup channel #1 (-5)[0m
[00:00:04.168,487] [1;31m<err> ads1220: config2 mismatch! 0x10 != 0x00[0m
[00:00:04.168,609] [1;31m<err> ads1220: config2 mismatch! 0x15 != 0x00[0m
[00:00:04.168,853] [1;31m<err> ads1220: config0 mismatch! 0x3C != 0x1C[0m
[00:00:04.168,853] [1;31m<err> analog_axis_hires: Could not setup channel #1 (-5)[0m
[00:00:04.176,513] [1;31m<err> ads1220: config2 mismatch! 0x10 != 0x00[0m
[00:00:04.176,635] [1;31m<err> ads1220: config2 mismatch! 0x15 != 0x00[0m
[00:00:04.176,788] [1;31m<err> ads1220: config0 mismatch! 0x3C != 0x1C[0m
[00:00:04.176,788] [1;31m<err> analog_axis_hires: Could not setup channel #1 (-5)[0m
[00:00:04.184,539] [1;31m<err> ads1220: config2 mismatch! 0x10 != 0x00[0m
[00:00:04.184,661] [1;31m<err> ads1220: config2 mismatch! 0x15 != 0x00[0m
[00:00:04.184,783] [1;31m<err> ads1220: config0 mismatch! 0x3C != 0x1C[0m
[00:00:04.184,906] [1;31m<err> analog_axis_hires: Could not setup channel #1 (-5)[0m
[00:00:04.192,565] [1;31m<err> ads1220: config2 mismatch! 0x10 != 0x00[0m
[00:00:04.192,687] [1;31m<err> ads1220: config2 mismatch! 0x15 != 0x00[0m
[00:00:04.192,840] [1;31m<err> ads1220: config0 mismatch! 0x3C != 0x1C[0m
[00:00:04.192,840] [1;31m<err> analog_axis_hires: Could not setup channel #1 (-5)[0m
[00:00:04.200,592] [1;31m<err> ads1220: config2 mismatch! 0x10 != 0x00[0m
[00:00:04.200,714] [1;31m<err> ads1220: config2 mismatch! 0x15 != 0x00[0m
[00:00:04.200,836] [1;31m<err> ads1220: config0 mismatch! 0x3C != 0x1C[0m
[00:00:04.200,958] [1;31m<err> analog_axis_hires: Could not setup channel #1 (-5)[0m
[00:00:04.208,618] [1;31m<err> ads1220: config2 mismatch! 0x10 != 0x00[0m
[00:00:04.208,740] [1;31m<err> ads1220: config2 mismatch! 0x15 != 0x00[0m
[00:00:04.208,892] [1;31m<err> ads1220: config0 mismatch! 0x3C != 0x1C[0m
[00:00:04.208,892] [1;31m<err> analog_axis_hires: Could not setup channel #1 (-5)[0m
[00:00:04.216,644] [1;31m<err> ads1220: config2 mismatch! 0x10 != 0x00[0m
[00:00:04.216,766] [1;31m<err> ads1220: config2 mismatch! 0x15 != 0x00[0m
[00:00:04.217,010] [1;31m<err> ads1220: config0 mismatch! 0x3C != 0x1C[0m
[00:00:04.217,010] [1;31m<err> analog_axis_hires: Could not setup channel #1 (-5)[0m
[00:00:04.224,670] [1;31m<err> ads1220: config2 mismatch! 0x10 != 0x00[0m
[00:00:04.224,792] [1;31m<err> ads1220: config2 mismatch! 0x15 != 0x00[0m
[00:00:04.224,914] [1;31m<err> ads1220: config0 mismatch! 0x3C != 0x1C[0m
[00:00:04.224,945] [1;31m<err> analog_axis_hires: Could not setup channel #1 (-5)[0m
[00:00:04.232,696] [1;31m<err> ads1220: config2 mismatch! 0x10 != 0x00[0m
[00:00:04.232,818] [1;31m<err> ads1220: config2 mismatch! 0x15 != 0x00[0m
[00:00:04.233,062] [1;31m<err> ads1220: config0 mismatch! 0x3C != 0x1C[0m
[00:00:04.233,062] [1;31m<err> analog_axis_hires: Could not setup channel #1 (-5)[0m
[00:00:04.240,722] [1;31m<err> ads1220: config2 mismatch! 0x10 != 0x00[0m
[00:00:04.240,844] [1;31m<err> ads1220: config2 mismatch! 0x15 != 0x00[0m
[00:00:04.240,966] [1;31m<err> ads1220: config0 mismatch! 0x3C != 0x1C[0m
[00:00:04.240,997] [1;31m<err> analog_axis_hires: Could not setup channel #1 (-5)[0m
[00:00:04.248,748] [1;31m<err> ads1220: config2 mismatch! 0x10 != 0x00[0m
[00:00:04.248,870] [1;31m<err> ads1220: config2 mismatch! 0x15 != 0x00[0m
[00:00:04.248,992] [1;31m<err> ads1220: config0 mismatch! 0x3C != 0x1C[0m
[00:00:04.249,023] [1;31m<err> analog_axis_hires: Could not setup channel #1 (-5)[0m
[00:00:04.256,774] [1;31m<err> ads1220: config2 mismatch! 0x10 != 0x00[0m
[00:00:04.256,896] [1;31m<err> ads1220: config2 mismatch! 0x15 != 0x00[0m
[00:00:04.257,049] [1;31m<err> ads1220: config0 mismatch! 0x3C != 0x1C[0m
[00:00:04.257,049] [1;31m<err> analog_axis_hires: Could not setup channel #1 (-5)[0m
[00:00:04.264,801] [1;31m<err> ads1220: config2 mismatch! 0x10 != 0x00[0m
[00:00:04.264,923] [1;31m<err> ads1220: config2 mismatch! 0x15 != 0x00[0m
[00:00:04.265,045] [1;31m<err> ads1220: config0 mismatch! 0x3C != 0x1C[0m
[00:00:04.265,075] [1;31m<err> analog_axis_hires: Could not setup channel #1 (-5)[0m
[00:00:04.272,827] [1;31m<err> ads1220: config2 mismatch! 0x10 != 0x00[0m
[00:00:04.272,949] [1;31m<err> ads1220: config2 mismatch! 0x15 != 0x00[0m
[00:00:04.273,101] [1;31m<err> ads1220: config0 mismatch! 0x3C != 0x1C[0m
[00:00:04.273,101] [1;31m<err> analog_axis_hires: Could not setup channel #1 (-5)[0m
[00:00:04.280,853] [1;31m<err> ads1220: config2 mismatch! 0x10 != 0x00[0m
[00:00:04.280,975] [1;31m<err> ads1220: config2 mismatch! 0x15 != 0x00[0m
[00:00:04.281,127] [1;31m<err> ads1220: config0 mismatch! 0x3C != 0x1C[0m
[00:00:04.281,127] [1;31m<err> analog_axis_hires: Could not setup channel #1 (-5)[0m
[00:00:04.288,879] [1;31m<err> ads1220: config2 mismatch! 0x10 != 0x00[0m
[00:00:04.289,001] [1;31m<err> ads1220: config2 mismatch! 0x15 != 0x00[0m
[00:00:04.289,276] [1;31m<err> ads1220: config0 mismatch! 0x3C != 0x1C[0m
[00:00:04.289,306] [1;31m<err> analog_axis_hires: Could not setup channel #1 (-5)[0m
[00:00:04.296,905] [1;31m<err> ads1220: config2 mismatch! 0x10 != 0x00[0m
[00:00:04.297,088] [1;31m<err> ads1220: config2 mismatch! 0x15 != 0x00[0m
[00:00:04.297,302] [1;31m<err> ads1220: config0 mismatch! 0x3C != 0x1C[0m
[00:00:04.297,302] [1;31m<err> analog_axis_hires: Could not setup channel #1 (-5)[0m
[00:00:04.304,931] [1;31m<err> ads1220: config2 mismatch! 0x10 != 0x00[0m
[00:00:04.305,053] [1;31m<err> ads1220: config2 mismatch! 0x15 != 0x00[0m
[00:00:04.305,267] [1;31m<err> ads1220: config0 mismatch! 0x3C != 0x1C[0m
[00:00:04.305,297] [1;31m<err> analog_axis_hires: Could not setup channel #1 (-5)[0m
[00:00:04.312,957] [1;31m<err> ads1220: config2 mismatch! 0x10 != 0x00[0m
[00:00:04.313,079] [1;31m<err> ads1220: config2 mismatch! 0x15 != 0x00[0m
[00:00:04.313,232] [1;31m<err> ads1220: config0 mismatch! 0x3C != 0x1C[0m
[00:00:04.313,232] [1;31m<err> analog_axis_hires: Could not setup channel #1 (-5)[0m
[00:00:04.320,983] [1;31m<err> ads1220: config2 mismatch! 0x10 != 0x00[0m
[00:00:04.321,105] [1;31m<err> ads1220: config2 mismatch! 0x15 != 0x00[0m
[00:00:04.321,258] [1;31m<err> ads1220: config0 mismatch! 0x3C != 0x1C[0m
[00:00:04.321,258] [1;31m<err> analog_axis_hires: Could not setup channel #1 (-5)[0m
[00:00:04.329,010] [1;31m<err> ads1220: config2 mismatch! 0x10 != 0x00[0m
[00:00:04.329,132] [1;31m<err> ads1220: config2 mismatch! 0x15 != 0x00[0m
[00:00:04.329,284] [1;31m<err> ads1220: config0 mismatch! 0x3C != 0x1C[0m
[00:00:04.329,284] [1;31m<err> analog_axis_hires: Could not setup channel #1 (-5)[0m
[00:00:04.337,036] [1;31m<err> ads1220: config2 mismatch! 0x10 != 0x00[0m
[00:00:04.337,158] [1;31m<err> ads1220: config2 mismatch! 0x15 != 0x00[0m
[00:00:04.337,402] [1;31m<err> ads1220: config0 mismatch! 0x3C != 0x1C[0m
[00:00:04.337,402] [1;31m<err> analog_axis_hires: Could not setup channel #1 (-5)[0m
[00:00:04.345,062] [1;31m<err> ads1220: config2 mismatch! 0x10 != 0x00[0m
[00:00:04.345,184] [1;31m<err> ads1220: config2 mismatch! 0x15 != 0x00[0m
[00:00:04.345,306] [1;31m<err> ads1220: config0 mismatch! 0x3C != 0x1C[0m
[00:00:04.345,336] [1;31m<err> analog_axis_hires: Could not setup channel #1 (-5)[0m
[00:00:04.353,088] [1;31m<err> ads1220: config2 mismatch! 0x10 != 0x00[0m
[00:00:04.353,210] [1;31m<err> ads1220: config2 mismatch! 0x15 != 0x00[0m
[00:00:04.353,363] [1;31m<err> ads1220: config0 mismatch! 0x3C != 0x1C[0m
[00:00:04.353,363] [1;31m<err> analog_axis_hires: Could not setup channel #1 (-5)[0m
[00:00:04.361,114] [1;31m<err> ads1220: config2 mismatch! 0x10 != 0x00[0m
[00:00:04.361,236] [1;31m<err> ads1220: config2 mismatch! 0x15 != 0x00[0m
[00:00:04.361,389] [1;31m<err> ads1220: config0 mismatch! 0x3C != 0x1C[0m
[00:00:04.361,389] [1;31m<err> analog_axis_hires: Could not setup channel #1 (-5)[0m
[00:00:04.369,140] [1;31m<err> ads1220: config2 mismatch! 0x10 != 0x00[0m
[00:00:04.369,262] [1;31m<err> ads1220: config2 mismatch! 0x15 != 0x00[0m
[00:00:04.369,415] [1;31m<err> ads1220: config0 mismatch! 0x3C != 0x1C[0m
[00:00:04.369,415] [1;31m<err> analog_axis_hires: Could not setup channel #1 (-5)[0m
[00:00:04.377,166] [1;31m<err> ads1220: config2 mismatch! 0x10 != 0x00[0m
[00:00:04.377,288] [1;31m<err> ads1220: config2 mismatch! 0x15 != 0x00[0m
[00:00:04.377,441] [1;31m<err> ads1220: config0 mismatch! 0x3C != 0x1C[0m
[00:00:04.377,441] [1;31m<err> analog_axis_hires: Could not setup channel #1 (-5)[0m
[00:00:04.385,192] [1;31m<err> ads1220: config2 mismatch! 0x10 != 0x00[0m
[00:00:04.385,314] [1;31m<err> ads1220: config2 mismatch! 0x15 != 0x00[0m
[00:00:04.385,467] [1;31m<err> ads1220: config0 mismatch! 0x3C != 0x1C[0m
[00:00:04.385,467] [1;31m<err> analog_axis_hires: Could not setup channel #1 (-5)[0m
[00:00:04.393,218] [1;31m<err> ads1220: config2 mismatch! 0x10 != 0x00[0m
[00:00:04.393,341] [1;31m<err> ads1220: config2 mismatch! 0x15 != 0x00[0m
[00:00:04.393,493] [1;31m<err> ads1220: config0 mismatch! 0x3C != 0x1C[0m
[00:00:04.393,493] [1;31m<err> analog_axis_hires: Could not setup channel #1 (-5)[0m
[00:00:04.401,245] [1;31m<err> ads1220: config2 mismatch! 0x10 != 0x00[0m
[00:00:04.401,367] [1;31m<err> ads1220: config2 mismatch! 0x15 != 0x00[0m
[00:00:04.401,519] [1;31m<err> ads1220: config0 mismatch! 0x3C != 0x1C[0m
[00:00:04.401,519] [1;31m<err> analog_axis_hires: Could not setup channel #1 (-5)[0m
[00:00:04.409,271] [1;31m<err> ads1220: config2 mismatch! 0x10 != 0x00[0m
[00:00:04.409,393] [1;31m<err> ads1220: config2 mismatch! 0x15 != 0x00[0m
[00:00:04.409,606] [1;31m<err> ads1220: config0 mismatch! 0x3C != 0x1C[0m
[00:00:04.409,637] [1;31m<err> analog_axis_hires: Could not setup channel #1 (-5)[0m
[00:00:04.417,297] [1;31m<err> ads1220: config2 mismatch! 0x10 != 0x00[0m
[00:00:04.417,419] [1;31m<err> ads1220: config2 mismatch! 0x15 != 0x00[0m
[00:00:04.417,541] [1;31m<err> ads1220: config0 mismatch! 0x3C != 0x1C[0m
[00:00:04.417,572] [1;31m<err> analog_axis_hires: Could not setup channel #1 (-5)[0m
[00:00:04.425,323] [1;31m<err> ads1220: config2 mismatch! 0x10 != 0x00[0m
[00:00:04.425,445] [1;31m<err> ads1220: config2 mismatch! 0x15 != 0x00[0m
[00:00:04.425,659] [1;31m<err> ads1220: config0 mismatch! 0x3C != 0x1C[0m
[00:00:04.425,689] [1;31m<err> analog_axis_hires: Could not setup channel #1 (-5)[0m
[00:00:04.433,349] [1;31m<err> ads1220: config2 mismatch! 0x10 != 0x00[0m
[00:00:04.433,471] [1;31m<err> ads1220: config2 mismatch! 0x15 != 0x00[0m
[00:00:04.433,624] [1;31m<err> ads1220: config0 mismatch! 0x3C != 0x1C[0m
[00:00:04.433,624] [1;31m<err> analog_axis_hires: Could not setup channel #1 (-5)[0m
[00:00:04.441,375] [1;31m<err> ads1220: config2 mismatch! 0x10 != 0x00[0m
[00:00:04.441,497] [1;31m<err> ads1220: config2 mismatch! 0x15 != 0x00[0m
[00:00:04.441,650] [1;31m<err> ads1220: config0 mismatch! 0x3C != 0x1C[0m
[00:00:04.441,650] [1;31m<err> analog_axis_hires: Could not setup channel #1 (-5)[0m
[00:00:04.449,401] [1;31m<err> ads1220: config2 mismatch! 0x10 != 0x00[0m
[00:00:04.449,523] [1;31m<err> ads1220: config2 mismatch! 0x15 != 0x00[0m
[00:00:04.449,676] [1;31m<err> ads1220: config0 mismatch! 0x3C != 0x1C[0m
[00:00:04.449,676] [1;31m<err> analog_axis_hires: Could not setup channel #1 (-5)[0m
[00:00:04.457,427] [1;31m<err> ads1220: config2 mismatch! 0x10 != 0x00[0m
[00:00:04.457,550] [1;31m<err> ads1220: config2 mismatch! 0x15 != 0x00[0m
[00:00:04.457,763] [1;31m<err> ads1220: config0 mismatch! 0x3C != 0x1C[0m
[00:00:04.457,794] [1;31m<err> analog_axis_hires: Could not setup channel #1 (-5)[0m
[00:00:04.465,454] [1;31m<err> ads1220: config2 mismatch! 0x10 != 0x00[0m
[00:00:04.465,576] [1;31m<err> ads1220: config2 mismatch! 0x15 != 0x00[0m
[00:00:04.465,728] [1;31m<err> ads1220: config0 mismatch! 0x3C != 0x1C[0m
[00:00:04.465,728] [1;31m<err> analog_axis_hires: Could not setup channel #1 (-5)[0m
[00:00:04.473,480] [1;31m<err> ads1220: config2 mismatch! 0x10 != 0x00[0m
[00:00:04.473,602] [1;31m<err> ads1220: config2 mismatch! 0x15 != 0x00[0m
[00:00:04.473,754] [1;31m<err> ads1220: config0 mismatch! 0x3C != 0x1C[0m
[00:00:04.473,754] [1;31m<err> analog_axis_hires: Could not setup channel #1 (-5)[0m
[00:00:04.481,506] [1;31m<err> ads1220: config2 mismatch! 0x10 != 0x00[0m
[00:00:04.481,628] [1;31m<err> ads1220: config2 mismatch! 0x15 != 0x00[0m
[00:00:04.481,781] [1;31m<err> ads1220: config0 mismatch! 0x3C != 0x1C[0m
[00:00:04.481,781] [1;31m<err> analog_axis_hires: Could not setup channel #1 (-5)[0m
[00:00:04.489,532] [1;31m<err> ads1220: config2 mismatch! 0x10 != 0x00[0m
[00:00:04.489,654] [1;31m<err> ads1220: config2 mismatch! 0x15 != 0x00[0m
[00:00:04.489,776] [1;31m<err> ads1220: config0 mismatch! 0x3C != 0x1C[0m
[00:00:04.489,807] [1;31m<err> analog_axis_hires: Could not setup channel #1 (-5)[0m
[00:00:04.497,558] [1;31m<err> ads1220: config2 mismatch! 0x10 != 0x00[0m
[00:00:04.497,680] [1;31m<err> ads1220: config2 mismatch! 0x15 != 0x00[0m
[00:00:04.497,833] [1;31m<err> ads1220: config0 mismatch! 0x3C != 0x1C[0m
[00:00:04.497,833] [1;31m<err> analog_axis_hires: Could not setup channel #1 (-5)[0m
[00:00:04.505,584] [1;31m<err> ads1220: config2 mismatch! 0x10 != 0x00[0m
[00:00:04.505,706] [1;31m<err> ads1220: config2 mismatch! 0x15 != 0x00[0m
[00:00:04.505,859] [1;31m<err> ads1220: config0 mismatch! 0x3C != 0x1C[0m
[00:00:04.505,859] [1;31m<err> analog_axis_hires: Could not setup channel #1 (-5)[0m
[00:00:04.513,610] [1;31m<err> ads1220: config2 mismatch! 0x10 != 0x00[0m
[00:00:04.513,732] [1;31m<err> ads1220: config2 mismatch! 0x15 != 0x00[0m
[00:00:04.513,854] [1;31m<err> ads1220: config0 mismatch! 0x3C != 0x1C[0m
[00:00:04.513,885] [1;31m<err> analog_axis_hires: Could not setup channel #1 (-5)[0m
[00:00:04.521,636] [1;31m<err> ads1220: config2 mismatch! 0x10 != 0x00[0m
[00:00:04.521,759] [1;31m<err> ads1220: config2 mismatch! 0x15 != 0x00[0m
[00:00:04.521,881] [1;31m<err> ads1220: config0 mismatch! 0x3C != 0x1C[0m
[00:00:04.521,911] [1;31m<err> analog_axis_hires: Could not setup channel #1 (-5)[0m
[00:00:04.529,663] [1;31m<err> ads1220: config2 mismatch! 0x10 != 0x00[0m
[00:00:04.529,785] [1;31m<err> ads1220: config2 mismatch! 0x15 != 0x00[0m
[00:00:04.529,937] [1;31m<err> ads1220: config0 mismatch! 0x3C != 0x1C[0m
[00:00:04.529,937] [1;31m<err> analog_axis_hires: Could not setup channel #1 (-5)[0m
[00:00:04.537,689] [1;31m<err> ads1220: config2 mismatch! 0x10 != 0x00[0m
[00:00:04.537,811] [1;31m<err> ads1220: config2 mismatch! 0x15 != 0x00[0m
[00:00:04.537,933] [1;31m<err> ads1220: config0 mismatch! 0x3C != 0x1C[0m
[00:00:04.537,963] [1;31m<err> analog_axis_hires: Could not setup channel #1 (-5)[0m
[00:00:04.545,715] [1;31m<err> ads1220: config2 mismatch! 0x10 != 0x00[0m
[00:00:04.545,837] [1;31m<err> ads1220: config2 mismatch! 0x15 != 0x00[0m
[00:00:04.545,989] [1;31m<err> ads1220: config0 mismatch! 0x3C != 0x1C[0m
[00:00:04.545,989] [1;31m<err> analog_axis_hires: Could not setup channel #1 (-5)[0m
[00:00:04.553,741] [1;31m<err> ads1220: config2 mismatch! 0x10 != 0x00[0m
[00:00:04.553,863] [1;31m<err> ads1220: config2 mismatch! 0x15 != 0x00[0m
[00:00:04.554,016] [1;31m<err> ads1220: config0 mismatch! 0x3C != 0x1C[0m
[00:00:04.554,016] [1;31m<err> analog_axis_hires: Could not setup channel #1 (-5)[0m
[00:00:04.561,767] [1;31m<err> ads1220: config2 mismatch! 0x10 != 0x00[0m
[00:00:04.561,889] [1;31m<err> ads1220: config2 mismatch! 0x15 != 0x00[0m
[00:00:04.562,042] [1;31m<err> ads1220: config0 mismatch! 0x3C != 0x1C[0m
[00:00:04.562,042] [1;31m<err> analog_axis_hires: Could not setup channel #1 (-5)[0m
[00:00:04.569,793] [1;31m<err> ads1220: config2 mismatch! 0x10 != 0x00[0m
[00:00:04.569,915] [1;31m<err> ads1220: config2 mismatch! 0x15 != 0x00[0m
[00:00:04.570,068] [1;31m<err> ads1220: config0 mismatch! 0x3C != 0x1C[0m
[00:00:04.570,068] [1;31m<err> analog_axis_hires: Could not setup channel #1 (-5)[0m
[00:00:04.577,819] [1;31m<err> ads1220: config2 mismatch! 0x10 != 0x00[0m
[00:00:04.577,941] [1;31m<err> ads1220: config2 mismatch! 0x15 != 0x00[0m
[00:00:04.578,094] [1;31m<err> ads1220: config0 mismatch! 0x3C != 0x1C[0m
[00:00:04.578,186] [1;31m<err> analog_axis_hires: Could not setup channel #1 (-5)[0m
[00:00:04.585,845] [1;31m<err> ads1220: config2 mismatch! 0x10 != 0x00[0m
[00:00:04.585,968] [1;31m<err> ads1220: config2 mismatch! 0x15 != 0x00[0m
[00:00:04.586,120] [1;31m<err> ads1220: config0 mismatch! 0x3C != 0x1C[0m
[00:00:04.586,120] [1;31m<err> analog_axis_hires: Could not setup channel #1 (-5)[0m
[00:00:04.593,872] [1;31m<err> ads1220: config2 mismatch! 0x10 != 0x00[0m
[00:00:04.593,994] [1;31m<err> ads1220: config2 mismatch! 0x15 != 0x00[0m
[00:00:04.594,146] [1;31m<err> ads1220: config0 mismatch! 0x3C != 0x1C[0m
[00:00:04.594,146] [1;31m<err> analog_axis_hires: Could not setup channel #1 (-5)[0m
[00:00:04.601,898] [1;31m<err> ads1220: config2 mismatch! 0x10 != 0x00[0m
[00:00:04.602,020] [1;31m<err> ads1220: config2 mismatch! 0x15 != 0x00[0m
[00:00:04.602,233] [1;31m<err> ads1220: config0 mismatch! 0x3C != 0x1C[0m
[00:00:04.602,264] [1;31m<err> analog_axis_hires: Could not setup channel #1 (-5)[0m
[00:00:04.609,924] [1;31m<err> ads1220: config2 mismatch! 0x10 != 0x00[0m
[00:00:04.610,046] [1;31m<err> ads1220: config2 mismatch! 0x15 != 0x00[0m
[00:00:04.610,198] [1;31m<err> ads1220: config0 mismatch! 0x3C != 0x1C[0m
[00:00:04.610,198] [1;31m<err> analog_axis_hires: Could not setup channel #1 (-5)[0m
[00:00:04.617,950] [1;31m<err> ads1220: config2 mismatch! 0x10 != 0x00[0m
[00:00:04.618,072] [1;31m<err> ads1220: config2 mismatch! 0x15 != 0x00[0m
[00:00:04.618,225] [1;31m<err> ads1220: config0 mismatch! 0x3C != 0x1C[0m
[00:00:04.618,225] [1;31m<err> analog_axis_hires: Could not setup channel #1 (-5)[0m
[00:00:04.625,976] [1;31m<err> ads1220: config2 mismatch! 0x10 != 0x00[0m
[00:00:04.626,098] [1;31m<err> ads1220: config2 mismatch! 0x15 != 0x00[0m
[00:00:04.626,251] [1;31m<err> ads1220: config0 mismatch! 0x3C != 0x1C[0m
[00:00:04.626,251] [1;31m<err> analog_axis_hires: Could not setup channel #1 (-5)[0m
[00:00:04.634,002] [1;31m<err> ads1220: config2 mismatch! 0x10 != 0x00[0m
[00:00:04.634,124] [1;31m<err> ads1220: config2 mismatch! 0x15 != 0x00[0m
[00:00:04.634,277] [1;31m<err> ads1220: config0 mismatch! 0x3C != 0x1C[0m
[00:00:04.634,277] [1;31m<err> analog_axis_hires: Could not setup channel #1 (-5)[0m
[00:00:04.642,028] [1;31m<err> ads1220: config2 mismatch! 0x10 != 0x00[0m
[00:00:04.642,150] [1;31m<err> ads1220: config2 mismatch! 0x15 != 0x00[0m
[00:00:04.642,303] [1;31m<err> ads1220: config0 mismatch! 0x3C != 0x1C[0m
[00:00:04.642,303] [1;31m<err> analog_axis_hires: Could not setup channel #1 (-5)[0m
[00:00:04.650,054] [1;31m<err> ads1220: config2 mismatch! 0x10 != 0x00[0m
[00:00:04.650,177] [1;31m<err> ads1220: config2 mismatch! 0x15 != 0x00[0m
[00:00:04.650,482] [1;31m<err> ads1220: config0 mismatch! 0x3C != 0x1C[0m
[00:00:04.650,482] [1;31m<err> analog_axis_hires: Could not setup channel #1 (-5)[0m
[00:00:04.658,081] [1;31m<err> ads1220: config2 mismatch! 0x10 != 0x00[0m
[00:00:04.658,203] [1;31m<err> ads1220: config2 mismatch! 0x15 != 0x00[0m
[00:00:04.658,355] [1;31m<err> ads1220: config0 mismatch! 0x3C != 0x1C[0m
[00:00:04.658,355] [1;31m<err> analog_axis_hires: Could not setup channel #1 (-5)[0m
[00:00:04.666,107] [1;31m<err> ads1220: config2 mismatch! 0x10 != 0x00[0m
[00:00:04.666,229] [1;31m<err> ads1220: config2 mismatch! 0x15 != 0x00[0m
[00:00:04.666,442] [1;31m<err> ads1220: config0 mismatch! 0x3C != 0x1C[0m
[00:00:04.666,473] [1;31m<err> analog_axis_hires: Could not setup channel #1 (-5)[0m
[00:00:04.674,133] [1;31m<err> ads1220: config2 mismatch! 0x10 != 0x00[0m
[00:00:04.674,255] [1;31m<err> ads1220: config2 mismatch! 0x15 != 0x00[0m
[00:00:04.674,407] [1;31m<err> ads1220: config0 mismatch! 0x3C != 0x1C[0m
[00:00:04.674,407] [1;31m<err> analog_axis_hires: Could not setup channel #1 (-5)[0m
[00:00:04.682,159] [1;31m<err> ads1220: config2 mismatch! 0x10 != 0x00[0m
[00:00:04.682,281] [1;31m<err> ads1220: config2 mismatch! 0x15 != 0x00[0m
[00:00:04.682,434] [1;31m<err> ads1220: config0 mismatch! 0x3C != 0x1C[0m
[00:00:04.682,434] [1;31m<err> analog_axis_hires: Could not setup channel #1 (-5)[0m
[00:00:04.690,185] [1;31m<err> ads1220: config2 mismatch! 0x10 != 0x00[0m
[00:00:04.690,307] [1;31m<err> ads1220: config2 mismatch! 0x15 != 0x00[0m
[00:00:04.690,460] [1;31m<err> ads1220: config0 mismatch! 0x3C != 0x1C[0m
[00:00:04.690,460] [1;31m<err> analog_axis_hires: Could not setup channel #1 (-5)[0m
[00:00:04.698,211] [1;31m<err> ads1220: config2 mismatch! 0x10 != 0x00[0m
[00:00:04.698,333] [1;31m<err> ads1220: config2 mismatch! 0x15 != 0x00[0m
[00:00:04.698,547] [1;31m<err> ads1220: config0 mismatch! 0x3C != 0x1C[0m
[00:00:04.698,577] [1;31m<err> analog_axis_hires: Could not setup channel #1 (-5)[0m
[00:00:04.706,237] [1;31m<err> ads1220: config2 mismatch! 0x10 != 0x00[0m
[00:00:04.706,359] [1;31m<err> ads1220: config2 mismatch! 0x15 != 0x00[0m
[00:00:04.706,512] [1;31m<err> ads1220: config0 mismatch! 0x3C != 0x1C[0m
[00:00:04.706,512] [1;31m<err> analog_axis_hires: Could not setup channel #1 (-5)[0m
[00:00:04.714,263] [1;31m<err> ads1220: config2 mismatch! 0x10 != 0x00[0m
[00:00:04.714,385] [1;31m<err> ads1220: config2 mismatch! 0x15 != 0x00[0m
[00:00:04.714,630] [1;31m<err> ads1220: config0 mismatch! 0x3C != 0x1C[0m
[00:00:04.714,630] [1;31m<err> analog_axis_hires: Could not setup channel #1 (-5)[0m
[00:00:04.722,290] [1;31m<err> ads1220: config2 mismatch! 0x10 != 0x00[0m
[00:00:04.722,412] [1;31m<err> ads1220: config2 mismatch! 0x15 != 0x00[0m
[00:00:04.722,656] [1;31m<err> ads1220: config0 mismatch! 0x3C != 0x1C[0m
[00:00:04.722,656] [1;31m<err> analog_axis_hires: Could not setup channel #1 (-5)[0m
[00:00:04.730,316] [1;31m<err> ads1220: config2 mismatch! 0x10 != 0x00[0m
[00:00:04.730,438] [1;31m<err> ads1220: config2 mismatch! 0x15 != 0x00[0m
[00:00:04.730,682] [1;31m<err> ads1220: config0 mismatch! 0x3C != 0x1C[0m
[00:00:04.730,682] [1;31m<err> analog_axis_hires: Could not setup channel #1 (-5)[0m
[00:00:04.738,342] [1;31m<err> ads1220: config2 mismatch! 0x10 != 0x00[0m
[00:00:04.738,464] [1;31m<err> ads1220: config2 mismatch! 0x15 != 0x00[0m
[00:00:04.738,616] [1;31m<err> ads1220: config0 mismatch! 0x3C != 0x1C[0m
[00:00:04.738,616] [1;31m<err> analog_axis_hires: Could not setup channel #1 (-5)[0m
[00:00:04.746,368] [1;31m<err> ads1220: config2 mismatch! 0x10 != 0x00[0m
[00:00:04.746,490] [1;31m<err> ads1220: config2 mismatch! 0x15 != 0x00[0m
[00:00:04.746,765] [1;31m<err> ads1220: config0 mismatch! 0x3C != 0x1C[0m
[00:00:04.746,795] [1;31m<err> analog_axis_hires: Could not setup channel #1 (-5)[0m
[00:00:04.754,394] [1;31m<err> ads1220: config2 mismatch! 0x10 != 0x00[0m
[00:00:04.754,516] [1;31m<err> ads1220: config2 mismatch! 0x15 != 0x00[0m
[00:00:04.754,730] [1;31m<err> ads1220: config0 mismatch! 0x3C != 0x1C[0m
[00:00:04.754,760] [1;31m<err> analog_axis_hires: Could not setup channel #1 (-5)[0m
[00:00:04.762,420] [1;31m<err> ads1220: config2 mismatch! 0x10 != 0x00[0m
[00:00:04.762,542] [1;31m<err> ads1220: config2 mismatch! 0x15 != 0x00[0m
[00:00:04.762,756] [1;31m<err> ads1220: config0 mismatch! 0x3C != 0x1C[0m
[00:00:04.762,786] [1;31m<err> analog_axis_hires: Could not setup channel #1 (-5)[0m
[00:00:04.770,446] [1;31m<err> ads1220: config2 mismatch! 0x10 != 0x00[0m
[00:00:04.770,568] [1;31m<err> ads1220: config2 mismatch! 0x15 != 0x00[0m
[00:00:04.770,721] [1;31m<err> ads1220: config0 mismatch! 0x3C != 0x1C[0m
[00:00:04.770,721] [1;31m<err> analog_axis_hires: Could not setup channel #1 (-5)[0m
[00:00:04.778,472] [1;31m<err> ads1220: config2 mismatch! 0x10 != 0x00[0m
[00:00:04.778,594] [1;31m<err> ads1220: config2 mismatch! 0x15 != 0x00[0m
[00:00:04.778,747] [1;31m<err> ads1220: config0 mismatch! 0x3C != 0x1C[0m
[00:00:04.778,747] [1;31m<err> analog_axis_hires: Could not setup channel #1 (-5)[0m
[00:00:04.786,499] [1;31m<err> ads1220: config2 mismatch! 0x10 != 0x00[0m
[00:00:04.786,621] [1;31m<err> ads1220: config2 mismatch! 0x15 != 0x00[0m
[00:00:04.786,773] [1;31m<err> ads1220: config0 mismatch! 0x3C != 0x1C[0m
[00:00:04.786,773] [1;31m<err> analog_axis_hires: Could not setup channel #1 (-5)[0m
[00:00:04.794,525] [1;31m<err> ads1220: config2 mismatch! 0x10 != 0x00[0m
[00:00:04.794,647] [1;31m<err> ads1220: config2 mismatch! 0x15 != 0x00[0m
[00:00:04.794,799] [1;31m<err> ads1220: config0 mismatch! 0x3C != 0x1C[0m
[00:00:04.794,799] [1;31m<err> analog_axis_hires: Could not setup channel #1 (-5)[0m
[00:00:04.802,551] [1;31m<err> ads1220: config2 mismatch! 0x10 != 0x00[0m
[00:00:04.802,673] [1;31m<err> ads1220: config2 mismatch! 0x15 != 0x00[0m
[00:00:04.802,886] [1;31m<err> ads1220: config0 mismatch! 0x3C != 0x1C[0m
[00:00:04.802,917] [1;31m<err> analog_axis_hires: Could not setup channel #1 (-5)[0m
[00:00:04.810,577] [1;31m<err> ads1220: config2 mismatch! 0x10 != 0x00[0m
[00:00:04.810,699] [1;31m<err> ads1220: config2 mismatch! 0x15 != 0x00[0m
[00:00:04.810,821] [1;31m<err> ads1220: config0 mismatch! 0x3C != 0x1C[0m
[00:00:04.810,852] [1;31m<err> analog_axis_hires: Could not setup channel #1 (-5)[0m
[00:00:04.818,603] [1;31m<err> ads1220: config2 mismatch! 0x10 != 0x00[0m
[00:00:04.818,725] [1;31m<err> ads1220: config2 mismatch! 0x15 != 0x00[0m
[00:00:04.818,878] [1;31m<err> ads1220: config0 mismatch! 0x3C != 0x1C[0m
[00:00:04.818,878] [1;31m<err> analog_axis_hires: Could not setup channel #1 (-5)[0m
[00:00:04.826,629] [1;31m<err> ads1220: config2 mismatch! 0x10 != 0x00[0m
[00:00:04.826,751] [1;31m<err> ads1220: config2 mismatch! 0x15 != 0x00[0m
[00:00:04.826,995] [1;31m<err> ads1220: config0 mismatch! 0x3C != 0x1C[0m
[00:00:04.826,995] [1;31m<err> analog_axis_hires: Could not setup channel #1 (-5)[0m
[00:00:04.834,655] [1;31m<err> ads1220: config2 mismatch! 0x10 != 0x00[0m
[00:00:04.834,777] [1;31m<err> ads1220: config2 mismatch! 0x15 != 0x00[0m
[00:00:04.834,930] [1;31m<err> ads1220: config0 mismatch! 0x3C != 0x1C[0m
[00:00:04.834,930] [1;31m<err> analog_axis_hires: Could not setup channel #1 (-5)[0m
[00:00:04.842,681] [1;31m<err> ads1220: config2 mismatch! 0x10 != 0x00[0m
[00:00:04.842,803] [1;31m<err> ads1220: config2 mismatch! 0x15 != 0x00[0m
[00:00:04.843,017] [1;31m<err> ads1220: config0 mismatch! 0x3C != 0x1C[0m
[00:00:04.843,048] [1;31m<err> analog_axis_hires: Could not setup channel #1 (-5)[0m
[00:00:04.850,708] [1;31m<err> ads1220: config2 mismatch! 0x10 != 0x00[0m
[00:00:04.850,830] [1;31m<err> ads1220: config2 mismatch! 0x15 != 0x00[0m
[00:00:04.850,982] [1;31m<err> ads1220: config0 mismatch! 0x3C != 0x1C[0m
[00:00:04.850,982] [1;31m<err> analog_axis_hires: Could not setup channel #1 (-5)[0m
[00:00:04.858,734] [1;31m<err> ads1220: config2 mismatch! 0x10 != 0x00[0m
[00:00:04.858,856] [1;31m<err> ads1220: config2 mismatch! 0x15 != 0x00[0m
[00:00:04.859,008] [1;31m<err> ads1220: config0 mismatch! 0x3C != 0x1C[0m
[00:00:04.859,008] [1;31m<err> analog_axis_hires: Could not setup channel #1 (-5)[0m
[00:00:04.866,760] [1;31m<err> ads1220: config2 mismatch! 0x10 != 0x00[0m
[00:00:04.866,882] [1;31m<err> ads1220: config2 mismatch! 0x15 != 0x00[0m
[00:00:04.867,126] [1;31m<err> ads1220: config0 mismatch! 0x3C != 0x1C[0m
[00:00:04.867,126] [1;31m<err> analog_axis_hires: Could not setup channel #1 (-5)[0m
[00:00:04.874,786] [1;31m<err> ads1220: config2 mismatch! 0x10 != 0x00[0m
[00:00:04.874,908] [1;31m<err> ads1220: config2 mismatch! 0x15 != 0x00[0m
[00:00:04.875,061] [1;31m<err> ads1220: config0 mismatch! 0x3C != 0x1C[0m
[00:00:04.875,061] [1;31m<err> analog_axis_hires: Could not setup channel #1 (-5)[0m
[00:00:04.882,812] [1;31m<err> ads1220: config2 mismatch! 0x10 != 0x00[0m
[00:00:04.882,934] [1;31m<err> ads1220: config2 mismatch! 0x15 != 0x00[0m
[00:00:04.883,087] [1;31m<err> ads1220: config0 mismatch! 0x3C != 0x1C[0m
[00:00:04.883,087] [1;31m<err> analog_axis_hires: Could not setup channel #1 (-5)[0m
[00:00:04.890,838] [1;31m<err> ads1220: config2 mismatch! 0x10 != 0x00[0m
[00:00:04.890,960] [1;31m<err> ads1220: config2 mismatch! 0x15 != 0x00[0m
[00:00:04.891,113] [1;31m<err> ads1220: config0 mismatch! 0x3C != 0x1C[0m
[00:00:04.891,113] [1;31m<err> analog_axis_hires: Could not setup channel #1 (-5)[0m
[00:00:04.898,864] [1;31m<err> ads1220: config2 mismatch! 0x10 != 0x00[0m
[00:00:04.898,986] [1;31m<err> ads1220: config2 mismatch! 0x15 != 0x00[0m
[00:00:04.899,139] [1;31m<err> ads1220: config0 mismatch! 0x3C != 0x1C[0m
[00:00:04.899,139] [1;31m<err> analog_axis_hires: Could not setup channel #1 (-5)[0m
[00:00:04.906,890] [1;31m<err> ads1220: config2 mismatch! 0x10 != 0x00[0m
[00:00:04.907,012] [1;31m<err> ads1220: config2 mismatch! 0x15 != 0x00[0m
[00:00:04.907,226] [1;31m<err> ads1220: config0 mismatch! 0x3C != 0x1C[0m
[00:00:04.907,257] [1;31m<err> analog_axis_hires: Could not setup channel #1 (-5)[0m
[00:00:04.914,916] [1;31m<err> ads1220: config2 mismatch! 0x10 != 0x00[0m
[00:00:04.915,039] [1;31m<err> ads1220: config2 mismatch! 0x15 != 0x00[0m
[00:00:04.915,344] [1;31m<err> ads1220: config0 mismatch! 0x3C != 0x1C[0m
[00:00:04.915,344] [1;31m<err> analog_axis_hires: Could not setup channel #1 (-5)[0m
[00:00:04.922,943] [1;31m<err> ads1220: config2 mismatch! 0x10 != 0x00[0m
[00:00:04.923,065] [1;31m<err> ads1220: config2 mismatch! 0x15 != 0x00[0m
[00:00:04.923,217] [1;31m<err> ads1220: config0 mismatch! 0x3C != 0x1C[0m
[00:00:04.923,217] [1;31m<err> analog_axis_hires: Could not setup channel #1 (-5)[0m
[00:00:04.930,969] [1;31m<err> ads1220: config2 mismatch! 0x10 != 0x00[0m
[00:00:04.931,091] [1;31m<err> ads1220: config2 mismatch! 0x15 != 0x00[0m
[00:00:04.931,243] [1;31m<err> ads1220: config0 mismatch! 0x3C != 0x1C[0m
[00:00:04.931,243] [1;31m<err> analog_axis_hires: Could not setup channel #1 (-5)[0m
[00:00:04.938,995] [1;31m<err> ads1220: config2 mismatch! 0x10 != 0x00[0m
[00:00:04.939,117] [1;31m<err> ads1220: config2 mismatch! 0x15 != 0x00[0m
[00:00:04.939,270] [1;31m<err> ads1220: config0 mismatch! 0x3C != 0x1C[0m
[00:00:04.939,270] [1;31m<err> analog_axis_hires: Could not setup channel #1 (-5)[0m
[00:00:04.947,021] [1;31m<err> ads1220: config2 mismatch! 0x10 != 0x00[0m
[00:00:04.947,143] [1;31m<err> ads1220: config2 mismatch! 0x15 != 0x00[0m
[00:00:04.947,296] [1;31m<err> ads1220: config0 mismatch! 0x3C != 0x1C[0m
[00:00:04.947,296] [1;31m<err> analog_axis_hires: Could not setup channel #1 (-5)[0m
[00:00:04.955,047] [1;31m<err> ads1220: config2 mismatch! 0x10 != 0x00[0m
[00:00:04.955,169] [1;31m<err> ads1220: config2 mismatch! 0x15 != 0x00[0m
[00:00:04.955,322] [1;31m<err> ads1220: config0 mismatch! 0x3C != 0x1C[0m
[00:00:04.955,322] [1;31m<err> analog_axis_hires: Could not setup channel #1 (-5)[0m
[00:00:04.963,073] [1;31m<err> ads1220: config2 mismatch! 0x10 != 0x00[0m
[00:00:04.963,195] [1;31m<err> ads1220: config2 mismatch! 0x15 != 0x00[0m
[00:00:04.963,348] [1;31m<err> ads1220: config0 mismatch! 0x3C != 0x1C[0m
[00:00:04.963,348] [1;31m<err> analog_axis_hires: Could not setup channel #1 (-5)[0m
[00:00:04.971,099] [1;31m<err> ads1220: config2 mismatch! 0x10 != 0x00[0m
[00:00:04.971,221] [1;31m<err> ads1220: config2 mismatch! 0x15 != 0x00[0m
[00:00:04.971,374] [1;31m<err> ads1220: config0 mismatch! 0x3C != 0x1C[0m
[00:00:04.971,374] [1;31m<err> analog_axis_hires: Could not setup channel #1 (-5)[0m
[00:00:04.979,125] [1;31m<err> ads1220: config2 mismatch! 0x10 != 0x00[0m
[00:00:04.979,248] [1;31m<err> ads1220: config2 mismatch! 0x15 != 0x00[0m
[00:00:04.979,400] [1;31m<err> ads1220: config0 mismatch! 0x3C != 0x1C[0m
[00:00:04.979,400] [1;31m<err> analog_axis_hires: Could not setup channel #1 (-5)[0m
[00:00:04.987,152] [1;31m<err> ads1220: config2 mismatch! 0x10 != 0x00[0m
[00:00:04.987,274] [1;31m<err> ads1220: config2 mismatch! 0x15 != 0x00[0m
[00:00:04.987,487] [1;31m<err> ads1220: config0 mismatch! 0x3C != 0x1C[0m
[00:00:04.987,518] [1;31m<err> analog_axis_hires: Could not setup channel #1 (-5)[0m
[00:00:04.995,178] [1;31m<err> ads1220: config2 mismatch! 0x10 != 0x00[0m
[00:00:04.995,300] [1;31m<err> ads1220: config2 mismatch! 0x15 != 0x00[0m
[00:00:04.995,452] [1;31m<err> ads1220: config0 mismatch! 0x3C != 0x1C[0m
[00:00:04.995,452] [1;31m<err> analog_axis_hires: Could not setup channel #1 (-5)[0m
[00:00:05.003,204] [1;31m<err> ads1220: config2 mismatch! 0x10 != 0x00[0m
[00:00:05.003,326] [1;31m<err> ads1220: config2 mismatch! 0x15 != 0x00[0m
[00:00:05.003,479] [1;31m<err> ads1220: config0 mismatch! 0x3C != 0x1C[0m
[00:00:05.003,479] [1;31m<err> analog_axis_hires: Could not setup channel #1 (-5)[0m
[00:00:05.011,230] [1;31m<err> ads1220: config2 mismatch! 0x10 != 0x00[0m
[00:00:05.011,352] [1;31m<err> ads1220: config2 mismatch! 0x15 != 0x00[0m
[00:00:05.011,566] [1;31m<err> ads1220: config0 mismatch! 0x3C != 0x1C[0m
[00:00:05.011,596] [1;31m<err> analog_axis_hires: Could not setup channel #1 (-5)[0m
[00:00:05.019,256] [1;31m<err> ads1220: config2 mismatch! 0x10 != 0x00[0m
[00:00:05.019,378] [1;31m<err> ads1220: config2 mismatch! 0x15 != 0x00[0m
[00:00:05.019,531] [1;31m<err> ads1220: config0 mismatch! 0x3C != 0x1C[0m
[00:00:05.019,531] [1;31m<err> analog_axis_hires: Could not setup channel #1 (-5)[0m
[00:00:05.027,282] [1;31m<err> ads1220: config2 mismatch! 0x10 != 0x00[0m
[00:00:05.027,404] [1;31m<err> ads1220: config2 mismatch! 0x15 != 0x00[0m
[00:00:05.027,526] [1;31m<err> ads1220: config0 mismatch! 0x3C != 0x1C[0m
[00:00:05.027,557] [1;31m<err> analog_axis_hires: Could not setup channel #1 (-5)[0m
[00:00:05.035,308] [1;31m<err> ads1220: config2 mismatch! 0x10 != 0x00[0m
[00:00:05.035,430] [1;31m<err> ads1220: config2 mismatch! 0x15 != 0x00[0m
[00:00:05.035,583] [1;31m<err> ads1220: config0 mismatch! 0x3C != 0x1C[0m
[00:00:05.035,583] [1;31m<err> analog_axis_hires: Could not setup channel #1 (-5)[0m
[00:00:05.043,334] [1;31m<err> ads1220: config2 mismatch! 0x10 != 0x00[0m
[00:00:05.043,457] [1;31m<err> ads1220: config2 mismatch! 0x15 != 0x00[0m
[00:00:05.043,579] [1;31m<err> ads1220: config0 mismatch! 0x3C != 0x1C[0m
[00:00:05.043,609] [1;31m<err> analog_axis_hires: Could not setup channel #1 (-5)[0m
[00:00:05.051,361] [1;31m<err> ads1220: config2 mismatch! 0x10 != 0x00[0m
[00:00:05.051,483] [1;31m<err> ads1220: config2 mismatch! 0x15 != 0x00[0m
[00:00:05.051,635] [1;31m<err> ads1220: config0 mismatch! 0x3C != 0x1C[0m
[00:00:05.051,635] [1;31m<err> analog_axis_hires: Could not setup channel #1 (-5)[0m
[00:00:05.059,387] [1;31m<err> ads1220: config2 mismatch! 0x10 != 0x00[0m
[00:00:05.059,509] [1;31m<err> ads1220: config2 mismatch! 0x15 != 0x00[0m
[00:00:05.059,906] [1;31m<err> ads1220: config0 mismatch! 0x3C != 0x1C[0m
[00:00:05.059,906] [1;31m<err> analog_axis_hires: Could not setup channel #1 (-5)[0m
[00:00:05.067,413] [1;31m<err> ads1220: config2 mismatch! 0x10 != 0x00[0m
[00:00:05.067,535] [1;31m<err> ads1220: config2 mismatch! 0x15 != 0x00[0m
[00:00:05.067,687] [1;31m<err> ads1220: config0 mismatch! 0x3C != 0x1C[0m
[00:00:05.067,687] [1;31m<err> analog_axis_hires: Could not setup channel #1 (-5)[0m
[00:00:05.075,439] [1;31m<err> ads1220: config2 mismatch! 0x10 != 0x00[0m
[00:00:05.075,561] [1;31m<err> ads1220: config2 mismatch! 0x15 != 0x00[0m
[00:00:05.075,714] [1;31m<err> ads1220: config0 mismatch! 0x3C != 0x1C[0m
[00:00:05.075,714] [1;31m<err> analog_axis_hires: Could not setup channel #1 (-5)[0m
[00:00:05.083,465] [1;31m<err> ads1220: config2 mismatch! 0x10 != 0x00[0m
[00:00:05.083,587] [1;31m<err> ads1220: config2 mismatch! 0x15 != 0x00[0m
[00:00:05.083,740] [1;31m<err> ads1220: config0 mismatch! 0x3C != 0x1C[0m
[00:00:05.083,740] [1;31m<err> analog_axis_hires: Could not setup channel #1 (-5)[0m
[00:00:05.091,491] [1;31m<err> ads1220: config2 mismatch! 0x10 != 0x00[0m
[00:00:05.091,613] [1;31m<err> ads1220: config2 mismatch! 0x15 != 0x00[0m
[00:00:05.091,766] [1;31m<err> ads1220: config0 mismatch! 0x3C != 0x1C[0m
[00:00:05.091,766] [1;31m<err> analog_axis_hires: Could not setup channel #1 (-5)[0m
[00:00:05.099,517] [1;31m<err> ads1220: config2 mismatch! 0x10 != 0x00[0m
[00:00:05.099,639] [1;31m<err> ads1220: config2 mismatch! 0x15 != 0x00[0m
[00:00:05.099,792] [1;31m<err> ads1220: config0 mismatch! 0x3C != 0x1C[0m
[00:00:05.099,792] [1;31m<err> analog_axis_hires: Could not setup channel #1 (-5)[0m
[00:00:05.107,543] [1;31m<err> ads1220: config2 mismatch! 0x10 != 0x00[0m
[00:00:05.107,666] [1;31m<err> ads1220: config2 mismatch! 0x15 != 0x00[0m
[00:00:05.107,910] [1;31m<err> ads1220: config0 mismatch! 0x3C != 0x1C[0m
[00:00:05.107,910] [1;31m<err> analog_axis_hires: Could not setup channel #1 (-5)[0m
[00:00:05.115,570] [1;31m<err> ads1220: config2 mismatch! 0x10 != 0x00[0m
[00:00:05.115,692] [1;31m<err> ads1220: config2 mismatch! 0x15 != 0x00[0m
[00:00:05.115,936] [1;31m<err> ads1220: config0 mismatch! 0x3C != 0x1C[0m
[00:00:05.116,119] [1;31m<err> analog_axis_hires: Could not setup channel #1 (-5)[0m
[00:00:05.123,596] [1;31m<err> ads1220: config2 mismatch! 0x10 != 0x00[0m
[00:00:05.123,718] [1;31m<err> ads1220: config2 mismatch! 0x15 != 0x00[0m
[00:00:05.123,870] [1;31m<err> ads1220: config0 mismatch! 0x3C != 0x1C[0m
[00:00:05.123,870] [1;31m<err> analog_axis_hires: Could not setup channel #1 (-5)[0m
[00:00:05.131,622] [1;31m<err> ads1220: config2 mismatch! 0x10 != 0x00[0m
[00:00:05.131,744] [1;31m<err> ads1220: config2 mismatch! 0x15 != 0x00[0m
[00:00:05.131,988] [1;31m<err> ads1220: config0 mismatch! 0x3C != 0x1C[0m
[00:00:05.131,988] [1;31m<err> analog_axis_hires: Could not setup channel #1 (-5)[0m
[00:00:05.139,648] [1;31m<err> ads1220: config2 mismatch! 0x10 != 0x00[0m
[00:00:05.139,770] [1;31m<err> ads1220: config2 mismatch! 0x15 != 0x00[0m
[00:00:05.139,923] [1;31m<err> ads1220: config0 mismatch! 0x3C != 0x1C[0m
[00:00:05.139,923] [1;31m<err> analog_axis_hires: Could not setup channel #1 (-5)[0m
[00:00:05.147,674] [1;31m<err> ads1220: config2 mismatch! 0x10 != 0x00[0m
[00:00:05.147,796] [1;31m<err> ads1220: config2 mismatch! 0x15 != 0x00[0m
[00:00:05.148,132] [1;31m<err> ads1220: config0 mismatch! 0x3C != 0x1C[0m
[00:00:05.148,223] [1;31m<err> analog_axis_hires: Could not setup channel #1 (-5)[0m
[00:00:05.155,700] [1;31m<err> ads1220: config2 mismatch! 0x10 != 0x00[0m
[00:00:05.155,822] [1;31m<err> ads1220: config2 mismatch! 0x15 != 0x00[0m
[00:00:05.155,975] [1;31m<err> ads1220: config0 mismatch! 0x3C != 0x1C[0m
[00:00:05.155,975] [1;31m<err> analog_axis_hires: Could not setup channel #1 (-5)[0m
[00:00:05.163,726] [1;31m<err> ads1220: config2 mismatch! 0x10 != 0x00[0m
[00:00:05.163,848] [1;31m<err> ads1220: config2 mismatch! 0x15 != 0x00[0m
[00:00:05.164,001] [1;31m<err> ads1220: config0 mismatch! 0x3C != 0x1C[0m
[00:00:05.164,001] [1;31m<err> analog_axis_hires: Could not setup channel #1 (-5)[0m
[00:00:05.171,783] [1;31m<err> ads1220: config2 mismatch! 0x10 != 0x00[0m
[00:00:05.171,936] [1;31m<err> ads1220: config2 mismatch! 0x15 != 0x00[0m
[00:00:05.172,088] [1;31m<err> ads1220: config0 mismatch! 0x3C != 0x1C[0m
[00:00:05.172,088] [1;31m<err> analog_axis_hires: Could not setup channel #1 (-5)[0m
[00:00:05.179,840] [1;31m<err> ads1220: config2 mismatch! 0x10 != 0x00[0m
[00:00:05.179,962] [1;31m<err> ads1220: config2 mismatch! 0x15 != 0x00[0m
[00:00:05.180,114] [1;31m<err> ads1220: config0 mismatch! 0x3C != 0x1C[0m
[00:00:05.180,114] [1;31m<err> analog_axis_hires: Could not setup channel #1 (-5)[0m
[00:00:05.187,896] [1;31m<err> ads1220: config2 mismatch! 0x10 != 0x00[0m
[00:00:05.188,018] [1;31m<err> ads1220: config2 mismatch! 0x15 != 0x00[0m
[00:00:05.188,140] [1;31m<err> ads1220: config0 mismatch! 0x3C != 0x1C[0m
[00:00:05.188,140] [1;31m<err> analog_axis_hires: Could not setup channel #1 (-5)[0m
[00:00:05.195,861] [1;31m<err> ads1220: config2 mismatch! 0x10 != 0x00[0m
[00:00:05.196,014] [1;31m<err> ads1220: config2 mismatch! 0x15 != 0x00[0m
[00:00:05.196,166] [1;31m<err> ads1220: config0 mismatch! 0x3C != 0x1C[0m
[00:00:05.196,166] [1;31m<err> analog_axis_hires: Could not setup channel #1 (-5)[0m
[00:00:05.203,918] [1;31m<err> ads1220: config2 mismatch! 0x10 != 0x00[0m
[00:00:05.204,040] [1;31m<err> ads1220: config2 mismatch! 0x15 != 0x00[0m
[00:00:05.204,193] [1;31m<err> ads1220: config0 mismatch! 0x3C != 0x1C[0m
[00:00:05.204,193] [1;31m<err> analog_axis_hires: Could not setup channel #1 (-5)[0m
[00:00:05.211,944] [1;31m<err> ads1220: config2 mismatch! 0x10 != 0x00[0m
[00:00:05.212,066] [1;31m<err> ads1220: config2 mismatch! 0x15 != 0x00[0m
[00:00:05.212,188] [1;31m<err> ads1220: config0 mismatch! 0x3C != 0x1C[0m
[00:00:05.212,219] [1;31m<err> analog_axis_hires: Could not setup channel #1 (-5)[0m
[00:00:05.219,940] [1;31m<err> ads1220: config2 mismatch! 0x10 != 0x00[0m
[00:00:05.220,092] [1;31m<err> ads1220: config2 mismatch! 0x15 != 0x00[0m
[00:00:05.220,245] [1;31m<err> ads1220: config0 mismatch! 0x3C != 0x1C[0m
[00:00:05.220,245] [1;31m<err> analog_axis_hires: Could not setup channel #1 (-5)[0m
[00:00:05.227,996] [1;31m<err> ads1220: config2 mismatch! 0x10 != 0x00[0m
[00:00:05.228,118] [1;31m<err> ads1220: config2 mismatch! 0x15 != 0x00[0m
[00:00:05.228,271] [1;31m<err> ads1220: config0 mismatch! 0x3C != 0x1C[0m
[00:00:05.228,271] [1;31m<err> analog_axis_hires: Could not setup channel #1 (-5)[0m
[00:00:05.236,053] [1;31m<err> ads1220: config2 mismatch! 0x10 != 0x00[0m
[00:00:05.236,175] [1;31m<err> ads1220: config2 mismatch! 0x15 != 0x00[0m
[00:00:05.236,297] [1;31m<err> ads1220: config0 mismatch! 0x3C != 0x1C[0m
[00:00:05.236,328] [1;31m<err> analog_axis_hires: Could not setup channel #1 (-5)[0m
[00:00:05.244,018] [1;31m<err> ads1220: config2 mismatch! 0x10 != 0x00[0m
[00:00:05.244,171] [1;31m<err> ads1220: config2 mismatch! 0x15 != 0x00[0m
[00:00:05.244,323] [1;31m<err> ads1220: config0 mismatch! 0x3C != 0x1C[0m
[00:00:05.244,323] [1;31m<err> analog_axis_hires: Could not setup channel #1 (-5)[0m
[00:00:05.252,075] [1;31m<err> ads1220: config2 mismatch! 0x10 != 0x00[0m
[00:00:05.252,197] [1;31m<err> ads1220: config2 mismatch! 0x15 != 0x00[0m
[00:00:05.252,349] [1;31m<err> ads1220: config0 mismatch! 0x3C != 0x1C[0m
[00:00:05.252,349] [1;31m<err> analog_axis_hires: Could not setup channel #1 (-5)[0m
[00:00:05.260,131] [1;31m<err> ads1220: config2 mismatch! 0x10 != 0x00[0m
[00:00:05.260,253] [1;31m<err> ads1220: config2 mismatch! 0x15 != 0x00[0m
[00:00:05.260,375] [1;31m<err> ads1220: config0 mismatch! 0x3C != 0x1C[0m
[00:00:05.260,406] [1;31m<err> analog_axis_hires: Could not setup channel #1 (-5)[0m
[00:00:05.268,096] [1;31m<err> ads1220: config2 mismatch! 0x10 != 0x00[0m
[00:00:05.268,249] [1;31m<err> ads1220: config2 mismatch! 0x15 != 0x00[0m
[00:00:05.268,402] [1;31m<err> ads1220: config0 mismatch! 0x3C != 0x1C[0m
[00:00:05.268,402] [1;31m<err> analog_axis_hires: Could not setup channel #1 (-5)[0m
[00:00:05.276,153] [1;31m<err> ads1220: config2 mismatch! 0x10 != 0x00[0m
[00:00:05.276,275] [1;31m<err> ads1220: config2 mismatch! 0x15 != 0x00[0m
[00:00:05.276,428] [1;31m<err> ads1220: config0 mismatch! 0x3C != 0x1C[0m
[00:00:05.276,428] [1;31m<err> analog_axis_hires: Could not setup channel #1 (-5)[0m
[00:00:05.284,210] [1;31m<err> ads1220: config2 mismatch! 0x10 != 0x00[0m
[00:00:05.284,332] [1;31m<err> ads1220: config2 mismatch! 0x15 != 0x00[0m
[00:00:05.284,454] [1;31m<err> ads1220: config0 mismatch! 0x3C != 0x1C[0m
[00:00:05.284,484] [1;31m<err> analog_axis_hires: Could not setup channel #1 (-5)[0m
[00:00:05.292,175] [1;31m<err> ads1220: config2 mismatch! 0x10 != 0x00[0m
[00:00:05.292,327] [1;31m<err> ads1220: config2 mismatch! 0x15 != 0x00[0m
[00:00:05.292,480] [1;31m<err> ads1220: config0 mismatch! 0x3C != 0x1C[0m
[00:00:05.292,480] [1;31m<err> analog_axis_hires: Could not setup channel #1 (-5)[0m
[00:00:05.300,231] [1;31m<err> ads1220: config2 mismatch! 0x10 != 0x00[0m
[00:00:05.300,354] [1;31m<err> ads1220: config2 mismatch! 0x15 != 0x00[0m
[00:00:05.300,506] [1;31m<err> ads1220: config0 mismatch! 0x3C != 0x1C[0m
[00:00:05.300,506] [1;31m<err> analog_axis_hires: Could not setup channel #1 (-5)[0m
[00:00:05.308,288] [1;31m<err> ads1220: config2 mismatch! 0x10 != 0x00[0m
[00:00:05.308,410] [1;31m<err> ads1220: config2 mismatch! 0x15 != 0x00[0m
[00:00:05.308,532] [1;31m<err> ads1220: config0 mismatch! 0x3C != 0x1C[0m
[00:00:05.308,563] [1;31m<err> analog_axis_hires: Could not setup channel #1 (-5)[0m
[00:00:05.316,253] [1;31m<err> ads1220: config2 mismatch! 0x10 != 0x00[0m
[00:00:05.316,406] [1;31m<err> ads1220: config2 mismatch! 0x15 != 0x00[0m
[00:00:05.316,558] [1;31m<err> ads1220: config0 mismatch! 0x3C != 0x1C[0m
[00:00:05.316,558] [1;31m<err> analog_axis_hires: Could not setup channel #1 (-5)[0m
[00:00:05.324,310] [1;31m<err> ads1220: config2 mismatch! 0x10 != 0x00[0m
[00:00:05.324,432] [1;31m<err> ads1220: config2 mismatch! 0x15 != 0x00[0m
[00:00:05.324,584] [1;31m<err> ads1220: config0 mismatch! 0x3C != 0x1C[0m
[00:00:05.324,584] [1;31m<err> analog_axis_hires: Could not setup channel #1 (-5)[0m
[00:00:05.332,366] [1;31m<err> ads1220: config2 mismatch! 0x10 != 0x00[0m
[00:00:05.332,489] [1;31m<err> ads1220: config2 mismatch! 0x15 != 0x00[0m
[00:00:05.332,641] [1;31m<err> ads1220: config0 mismatch! 0x3C != 0x1C[0m
[00:00:05.332,641] [1;31m<err> analog_axis_hires: Could not setup channel #1 (-5)[0m
[00:00:05.340,332] [1;31m<err> ads1220: config2 mismatch! 0x10 != 0x00[0m
[00:00:05.340,484] [1;31m<err> ads1220: config2 mismatch! 0x15 != 0x00[0m
[00:00:05.340,637] [1;31m<err> ads1220: config0 mismatch! 0x3C != 0x1C[0m
[00:00:05.340,637] [1;31m<err> analog_axis_hires: Could not setup channel #1 (-5)[0m
[00:00:05.348,388] [1;31m<err> ads1220: config2 mismatch! 0x10 != 0x00[0m
[00:00:05.348,510] [1;31m<err> ads1220: config2 mismatch! 0x15 != 0x00[0m
[00:00:05.348,663] [1;31m<err> ads1220: config0 mismatch! 0x3C != 0x1C[0m
[00:00:05.348,663] [1;31m<err> analog_axis_hires: Could not setup channel #1 (-5)[0m
[00:00:05.356,445] [1;31m<err> ads1220: config2 mismatch! 0x10 != 0x00[0m
[00:00:05.356,567] [1;31m<err> ads1220: config2 mismatch! 0x15 != 0x00[0m
[00:00:05.356,689] [1;31m<err> ads1220: config0 mismatch! 0x3C != 0x1C[0m
[00:00:05.356,719] [1;31m<err> analog_axis_hires: Could not setup channel #1 (-5)[0m
[00:00:05.364,410] [1;31m<err> ads1220: config2 mismatch! 0x10 != 0x00[0m
[00:00:05.364,562] [1;31m<err> ads1220: config2 mismatch! 0x15 != 0x00[0m
[00:00:05.364,715] [1;31m<err> ads1220: config0 mismatch! 0x3C != 0x1C[0m
[00:00:05.364,715] [1;31m<err> analog_axis_hires: Could not setup channel #1 (-5)[0m
[00:00:05.372,467] [1;31m<err> ads1220: config2 mismatch! 0x10 != 0x00[0m
[00:00:05.372,589] [1;31m<err> ads1220: config2 mismatch! 0x15 != 0x00[0m
[00:00:05.372,741] [1;31m<err> ads1220: config0 mismatch! 0x3C != 0x1C[0m
[00:00:05.372,741] [1;31m<err> analog_axis_hires: Could not setup channel #1 (-5)[0m
[00:00:05.380,523] [1;31m<err> ads1220: config2 mismatch! 0x10 != 0x00[0m
[00:00:05.380,645] [1;31m<err> ads1220: config2 mismatch! 0x15 != 0x00[0m
[00:00:05.380,798] [1;31m<err> ads1220: config0 mismatch! 0x3C != 0x1C[0m
[00:00:05.380,798] [1;31m<err> analog_axis_hires: Could not setup channel #1 (-5)[0m
[00:00:05.388,519] [1;31m<err> ads1220: config2 mismatch! 0x10 != 0x00[0m
[00:00:05.388,641] [1;31m<err> ads1220: config2 mismatch! 0x15 != 0x00[0m
[00:00:05.388,793] [1;31m<err> ads1220: config0 mismatch! 0x3C != 0x1C[0m
[00:00:05.388,793] [1;31m<err> analog_axis_hires: Could not setup channel #1 (-5)[0m
[00:00:05.396,545] [1;31m<err> ads1220: config2 mismatch! 0x10 != 0x00[0m
[00:00:05.396,667] [1;31m<err> ads1220: config2 mismatch! 0x15 != 0x00[0m
[00:00:05.396,820] [1;31m<err> ads1220: config0 mismatch! 0x3C != 0x1C[0m
[00:00:05.396,820] [1;31m<err> analog_axis_hires: Could not setup channel #1 (-5)[0m
[00:00:05.404,571] [1;31m<err> ads1220: config2 mismatch! 0x10 != 0x00[0m
[00:00:05.404,724] [1;31m<err> ads1220: config2 mismatch! 0x15 != 0x00[0m
[00:00:05.404,846] [1;31m<err> ads1220: config0 mismatch! 0x3C != 0x1C[0m
[00:00:05.404,846] [1;31m<err> analog_axis_hires: Could not setup channel #1 (-5)[0m
[00:00:05.412,567] [1;31m<err> ads1220: config2 mismatch! 0x10 != 0x00[0m
[00:00:05.412,719] [1;31m<err> ads1220: config2 mismatch! 0x15 != 0x00[0m
[00:00:05.412,872] [1;31m<err> ads1220: config0 mismatch! 0x3C != 0x1C[0m
[00:00:05.412,872] [1;31m<err> analog_axis_hires: Could not setup channel #1 (-5)[0m
[00:00:05.420,623] [1;31m<err> ads1220: config2 mismatch! 0x10 != 0x00[0m
[00:00:05.420,745] [1;31m<err> ads1220: config2 mismatch! 0x15 != 0x00[0m
[00:00:05.420,898] [1;31m<err> ads1220: config0 mismatch! 0x3C != 0x1C[0m
[00:00:05.420,898] [1;31m<err> analog_axis_hires: Could not setup channel #1 (-5)[0m
[00:00:05.428,649] [1;31m<err> ads1220: config2 mismatch! 0x10 != 0x00[0m
[00:00:05.428,771] [1;31m<err> ads1220: config2 mismatch! 0x15 != 0x00[0m
[00:00:05.428,924] [1;31m<err> ads1220: config0 mismatch! 0x3C != 0x1C[0m
[00:00:05.428,924] [1;31m<err> analog_axis_hires: Could not setup channel #1 (-5)[0m
[00:00:05.436,645] [1;31m<err> ads1220: config2 mismatch! 0x10 != 0x00[0m
[00:00:05.436,798] [1;31m<err> ads1220: config2 mismatch! 0x15 != 0x00[0m
[00:00:05.436,950] [1;31m<err> ads1220: config0 mismatch! 0x3C != 0x1C[0m
[00:00:05.436,950] [1;31m<err> analog_axis_hires: Could not setup channel #1 (-5)[0m
[00:00:05.444,702] [1;31m<err> ads1220: config2 mismatch! 0x10 != 0x00[0m
[00:00:05.444,824] [1;31m<err> ads1220: config2 mismatch! 0x15 != 0x00[0m
[00:00:05.444,976] [1;31m<err> ads1220: config0 mismatch! 0x3C != 0x1C[0m
[00:00:05.444,976] [1;31m<err> analog_axis_hires: Could not setup channel #1 (-5)[0m
[00:00:05.452,728] [1;31m<err> ads1220: config2 mismatch! 0x10 != 0x00[0m
[00:00:05.452,880] [1;31m<err> ads1220: config2 mismatch! 0x15 != 0x00[0m
[00:00:05.453,002] [1;31m<err> ads1220: config0 mismatch! 0x3C != 0x1C[0m
[00:00:05.453,002] [1;31m<err> analog_axis_hires: Could not setup channel #1 (-5)[0m
[00:00:05.460,723] [1;31m<err> ads1220: config2 mismatch! 0x10 != 0x00[0m
[00:00:05.460,876] [1;31m<err> ads1220: config2 mismatch! 0x15 != 0x00[0m
[00:00:05.461,029] [1;31m<err> ads1220: config0 mismatch! 0x3C != 0x1C[0m
[00:00:05.461,029] [1;31m<err> analog_axis_hires: Could not setup channel #1 (-5)[0m
[00:00:05.468,780] [1;31m<err> ads1220: config2 mismatch! 0x10 != 0x00[0m
[00:00:05.468,902] [1;31m<err> ads1220: config2 mismatch! 0x15 != 0x00[0m
[00:00:05.469,055] [1;31m<err> ads1220: config0 mismatch! 0x3C != 0x1C[0m
[00:00:05.469,055] [1;31m<err> analog_axis_hires: Could not setup channel #1 (-5)[0m
[00:00:05.476,837] [1;31m<err> ads1220: config2 mismatch! 0x10 != 0x00[0m
[00:00:05.476,959] [1;31m<err> ads1220: config2 mismatch! 0x15 != 0x00[0m
[00:00:05.477,081] [1;31m<err> ads1220: config0 mismatch! 0x3C != 0x1C[0m
[00:00:05.477,081] [1;31m<err> analog_axis_hires: Could not setup channel #1 (-5)[0m
[00:00:05.484,802] [1;31m<err> ads1220: config2 mismatch! 0x10 != 0x00[0m
[00:00:05.484,954] [1;31m<err> ads1220: config2 mismatch! 0x15 != 0x00[0m
[00:00:05.485,107] [1;31m<err> ads1220: config0 mismatch! 0x3C != 0x1C[0m
[00:00:05.485,107] [1;31m<err> analog_axis_hires: Could not setup channel #1 (-5)[0m
[00:00:05.492,858] [1;31m<err> ads1220: config2 mismatch! 0x10 != 0x00[0m
[00:00:05.492,980] [1;31m<err> ads1220: config2 mismatch! 0x15 != 0x00[0m
[00:00:05.493,133] [1;31m<err> ads1220: config0 mismatch! 0x3C != 0x1C[0m
[00:00:05.493,133] [1;31m<err> analog_axis_hires: Could not setup channel #1 (-5)[0m
[00:00:05.500,885] [1;31m<err> ads1220: config2 mismatch! 0x10 != 0x00[0m
[00:00:05.501,037] [1;31m<err> ads1220: config2 mismatch! 0x15 != 0x00[0m
[00:00:05.501,159] [1;31m<err> ads1220: config0 mismatch! 0x3C != 0x1C[0m
[00:00:05.501,159] [1;31m<err> analog_axis_hires: Could not setup channel #1 (-5)[0m
[00:00:05.508,880] [1;31m<err> ads1220: config2 mismatch! 0x10 != 0x00[0m
[00:00:05.509,033] [1;31m<err> ads1220: config2 mismatch! 0x15 != 0x00[0m
[00:00:05.509,185] [1;31m<err> ads1220: config0 mismatch! 0x3C != 0x1C[0m
[00:00:05.509,185] [1;31m<err> analog_axis_hires: Could not setup channel #1 (-5)[0m
[00:00:05.516,937] [1;31m<err> ads1220: config2 mismatch! 0x10 != 0x00[0m
[00:00:05.517,059] [1;31m<err> ads1220: config2 mismatch! 0x15 != 0x00[0m
[00:00:05.517,211] [1;31m<err> ads1220: config0 mismatch! 0x3C != 0x1C[0m
[00:00:05.517,211] [1;31m<err> analog_axis_hires: Could not setup channel #1 (-5)[0m
[00:00:05.524,993] [1;31m<err> ads1220: config2 mismatch! 0x10 != 0x00[0m
[00:00:05.525,115] [1;31m<err> ads1220: config2 mismatch! 0x15 != 0x00[0m
[00:00:05.525,238] [1;31m<err> ads1220: config0 mismatch! 0x3C != 0x1C[0m
[00:00:05.525,268] [1;31m<err> analog_axis_hires: Could not setup channel #1 (-5)[0m
[00:00:05.533,020] [1;31m<err> ads1220: config2 mismatch! 0x10 != 0x00[0m
[00:00:05.533,172] [1;31m<err> ads1220: config2 mismatch! 0x15 != 0x00[0m
[00:00:05.533,325] [1;31m<err> ads1220: config0 mismatch! 0x3C != 0x1C[0m
[00:00:05.533,325] [1;31m<err> analog_axis_hires: Could not setup channel #1 (-5)[0m
[00:00:05.541,015] [1;31m<err> ads1220: config2 mismatch! 0x10 != 0x00[0m
[00:00:05.541,137] [1;31m<err> ads1220: config2 mismatch! 0x15 != 0x00[0m
[00:00:05.541,290] [1;31m<err> ads1220: config0 mismatch! 0x3C != 0x1C[0m
[00:00:05.541,290] [1;31m<err> analog_axis_hires: Could not setup channel #1 (-5)[0m
[00:00:05.549,072] [1;31m<err> ads1220: config2 mismatch! 0x10 != 0x00[0m
[00:00:05.549,224] [1;31m<err> ads1220: config2 mismatch! 0x15 != 0x00[0m
[00:00:05.549,346] [1;31m<err> ads1220: config0 mismatch! 0x3C != 0x1C[0m
[00:00:05.549,346] [1;31m<err> analog_axis_hires: Could not setup channel #1 (-5)[0m
[00:00:05.557,067] [1;31m<err> ads1220: config2 mismatch! 0x10 != 0x00[0m
[00:00:05.557,189] [1;31m<err> ads1220: config2 mismatch! 0x15 != 0x00[0m
[00:00:05.557,342] [1;31m<err> ads1220: config0 mismatch! 0x3C != 0x1C[0m
[00:00:05.557,342] [1;31m<err> analog_axis_hires: Could not setup channel #1 (-5)[0m
[00:00:05.565,093] [1;31m<err> ads1220: config2 mismatch! 0x10 != 0x00[0m
[00:00:05.565,216] [1;31m<err> ads1220: config2 mismatch! 0x15 != 0x00[0m
[00:00:05.565,368] [1;31m<err> ads1220: config0 mismatch! 0x3C != 0x1C[0m
[00:00:05.565,368] [1;31m<err> analog_axis_hires: Could not setup channel #1 (-5)[0m
[00:00:05.573,150] [1;31m<err> ads1220: config2 mismatch! 0x10 != 0x00[0m
[00:00:05.573,272] [1;31m<err> ads1220: config2 mismatch! 0x15 != 0x00[0m
[00:00:05.573,394] [1;31m<err> ads1220: config0 mismatch! 0x3C != 0x1C[0m
[00:00:05.573,425] [1;31m<err> analog_axis_hires: Could not setup channel #1 (-5)[0m
[00:00:05.581,115] [1;31m<err> ads1220: config2 mismatch! 0x10 != 0x00[0m
[00:00:05.581,268] [1;31m<err> ads1220: config2 mismatch! 0x15 != 0x00[0m
[00:00:05.581,420] [1;31m<err> ads1220: config0 mismatch! 0x3C != 0x1C[0m
[00:00:05.581,420] [1;31m<err> analog_axis_hires: Could not setup channel #1 (-5)[0m
[00:00:05.589,172] [1;31m<err> ads1220: config2 mismatch! 0x10 != 0x00[0m
[00:00:05.589,294] [1;31m<err> ads1220: config2 mismatch! 0x15 != 0x00[0m
[00:00:05.589,447] [1;31m<err> ads1220: config0 mismatch! 0x3C != 0x1C[0m
[00:00:05.589,447] [1;31m<err> analog_axis_hires: Could not setup channel #1 (-5)[0m
[00:00:05.597,229] [1;31m<err> ads1220: config2 mismatch! 0x10 != 0x00[0m
[00:00:05.597,351] [1;31m<err> ads1220: config2 mismatch! 0x15 != 0x00[0m
[00:00:05.597,473] [1;31m<err> ads1220: config0 mismatch! 0x3C != 0x1C[0m
[00:00:05.597,503] [1;31m<err> analog_axis_hires: Could not setup channel #1 (-5)[0m
[00:00:05.605,194] [1;31m<err> ads1220: config2 mismatch! 0x10 != 0x00[0m
[00:00:05.605,346] [1;31m<err> ads1220: config2 mismatch! 0x15 != 0x00[0m
[00:00:05.605,499] [1;31m<err> ads1220: config0 mismatch! 0x3C != 0x1C[0m
[00:00:05.605,499] [1;31m<err> analog_axis_hires: Could not setup channel #1 (-5)[0m
[00:00:05.613,250] [1;31m<err> ads1220: config2 mismatch! 0x10 != 0x00[0m
[00:00:05.613,372] [1;31m<err> ads1220: config2 mismatch! 0x15 != 0x00[0m
[00:00:05.613,525] [1;31m<err> ads1220: config0 mismatch! 0x3C != 0x1C[0m
[00:00:05.613,525] [1;31m<err> analog_axis_hires: Could not setup channel #1 (-5)[0m
[00:00:05.621,307] [1;31m<err> ads1220: config2 mismatch! 0x10 != 0x00[0m
[00:00:05.621,429] [1;31m<err> ads1220: config2 mismatch! 0x15 != 0x00[0m
[00:00:05.621,551] [1;31m<err> ads1220: config0 mismatch! 0x3C != 0x1C[0m
[00:00:05.621,582] [1;31m<err> analog_axis_hires: Could not setup channel #1 (-5)[0m
[00:00:05.629,272] [1;31m<err> ads1220: config2 mismatch! 0x10 != 0x00[0m
[00:00:05.629,425] [1;31m<err> ads1220: config2 mismatch! 0x15 != 0x00[0m
[00:00:05.629,577] [1;31m<err> ads1220: config0 mismatch! 0x3C != 0x1C[0m
[00:00:05.629,577] [1;31m<err> analog_axis_hires: Could not setup channel #1 (-5)[0m
[00:00:05.637,329] [1;31m<err> ads1220: config2 mismatch! 0x10 != 0x00[0m
[00:00:05.637,451] [1;31m<err> ads1220: config2 mismatch! 0x15 != 0x00[0m
[00:00:05.637,603] [1;31m<err> ads1220: config0 mismatch! 0x3C != 0x1C[0m
[00:00:05.637,603] [1;31m<err> analog_axis_hires: Could not setup channel #1 (-5)[0m
[00:00:05.645,385] [1;31m<err> ads1220: config2 mismatch! 0x10 != 0x00[0m
[00:00:05.645,507] [1;31m<err> ads1220: config2 mismatch! 0x15 != 0x00[0m
[00:00:05.645,629] [1;31m<err> ads1220: config0 mismatch! 0x3C != 0x1C[0m
[00:00:05.645,660] [1;31m<err> analog_axis_hires: Could not setup channel #1 (-5)[0m
[00:00:05.653,350] [1;31m<err> ads1220: config2 mismatch! 0x10 != 0x00[0m
[00:00:05.653,503] [1;31m<err> ads1220: config2 mismatch! 0x15 != 0x00[0m
[00:00:05.653,656] [1;31m<err> ads1220: config0 mismatch! 0x3C != 0x1C[0m
[00:00:05.653,656] [1;31m<err> analog_axis_hires: Could not setup channel #1 (-5)[0m
[00:00:05.661,407] [1;31m<err> ads1220: config2 mismatch! 0x10 != 0x00[0m
[00:00:05.661,529] [1;31m<err> ads1220: config2 mismatch! 0x15 != 0x00[0m
[00:00:05.661,682] [1;31m<err> ads1220: config0 mismatch! 0x3C != 0x1C[0m
[00:00:05.661,682] [1;31m<err> analog_axis_hires: Could not setup channel #1 (-5)[0m
[00:00:05.669,464] [1;31m<err> ads1220: config2 mismatch! 0x10 != 0x00[0m
[00:00:05.669,586] [1;31m<err> ads1220: config2 mismatch! 0x15 != 0x00[0m
[00:00:05.669,708] [1;31m<err> ads1220: config0 mismatch! 0x3C != 0x1C[0m
[00:00:05.669,738] [1;31m<err> analog_axis_hires: Could not setup channel #1 (-5)[0m
[00:00:05.677,429] [1;31m<err> ads1220: config2 mismatch! 0x10 != 0x00[0m
[00:00:05.677,581] [1;31m<err> ads1220: config2 mismatch! 0x15 != 0x00[0m
[00:00:05.677,734] [1;31m<err> ads1220: config0 mismatch! 0x3C != 0x1C[0m
[00:00:05.677,734] [1;31m<err> analog_axis_hires: Could not setup channel #1 (-5)[0m
[00:00:05.685,485] [1;31m<err> ads1220: config2 mismatch! 0x10 != 0x00[0m
[00:00:05.685,607] [1;31m<err> ads1220: config2 mismatch! 0x15 != 0x00[0m
[00:00:05.685,760] [1;31m<err> ads1220: config0 mismatch! 0x3C != 0x1C[0m
[00:00:05.685,760] [1;31m<err> analog_axis_hires: Could not setup channel #1 (-5)[0m
[00:00:05.693,542] [1;31m<err> ads1220: config2 mismatch! 0x10 != 0x00[0m
[00:00:05.693,664] [1;31m<err> ads1220: config2 mismatch! 0x15 != 0x00[0m
[00:00:05.693,817] [1;31m<err> ads1220: config0 mismatch! 0x3C != 0x1C[0m
[00:00:05.693,817] [1;31m<err> analog_axis_hires: Could not setup channel #1 (-5)[0m
[00:00:05.701,507] [1;31m<err> ads1220: config2 mismatch! 0x10 != 0x00[0m
[00:00:05.701,660] [1;31m<err> ads1220: config2 mismatch! 0x15 != 0x00[0m
[00:00:05.701,812] [1;31m<err> ads1220: config0 mismatch! 0x3C != 0x1C[0m
[00:00:05.701,812] [1;31m<err> analog_axis_hires: Could not setup channel #1 (-5)[0m
[00:00:05.709,564] [1;31m<err> ads1220: config2 mismatch! 0x10 != 0x00[0m
[00:00:05.709,686] [1;31m<err> ads1220: config2 mismatch! 0x15 != 0x00[0m
[00:00:05.709,838] [1;31m<err> ads1220: config0 mismatch! 0x3C != 0x1C[0m
[00:00:05.709,838] [1;31m<err> analog_axis_hires: Could not setup channel #1 (-5)[0m
[00:00:05.717,620] [1;31m<err> ads1220: config2 mismatch! 0x10 != 0x00[0m
[00:00:05.717,742] [1;31m<err> ads1220: config2 mismatch! 0x15 != 0x00[0m
[00:00:05.717,895] [1;31m<err> ads1220: config0 mismatch! 0x3C != 0x1C[0m
[00:00:05.717,895] [1;31m<err> analog_axis_hires: Could not setup channel #1 (-5)[0m
[00:00:05.725,585] [1;31m<err> ads1220: config2 mismatch! 0x10 != 0x00[0m
[00:00:05.725,738] [1;31m<err> ads1220: config2 mismatch! 0x15 != 0x00[0m
[00:00:05.725,891] [1;31m<err> ads1220: config0 mismatch! 0x3C != 0x1C[0m
[00:00:05.725,891] [1;31m<err> analog_axis_hires: Could not setup channel #1 (-5)[0m
[00:00:05.733,642] [1;31m<err> ads1220: config2 mismatch! 0x10 != 0x00[0m
[00:00:05.733,764] [1;31m<err> ads1220: config2 mismatch! 0x15 != 0x00[0m
[00:00:05.733,917] [1;31m<err> ads1220: config0 mismatch! 0x3C != 0x1C[0m
[00:00:05.733,917] [1;31m<err> analog_axis_hires: Could not setup channel #1 (-5)[0m
[00:00:05.741,699] [1;31m<err> ads1220: config2 mismatch! 0x10 != 0x00[0m
[00:00:05.741,821] [1;31m<err> ads1220: config2 mismatch! 0x15 != 0x00[0m
[00:00:05.741,973] [1;31m<err> ads1220: config0 mismatch! 0x3C != 0x1C[0m
[00:00:05.741,973] [1;31m<err> analog_axis_hires: Could not setup channel #1 (-5)[0m
[00:00:05.749,664] [1;31m<err> ads1220: config2 mismatch! 0x10 != 0x00[0m
[00:00:05.749,816] [1;31m<err> ads1220: config2 mismatch! 0x15 != 0x00[0m
[00:00:05.749,969] [1;31m<err> ads1220: config0 mismatch! 0x3C != 0x1C[0m
[00:00:05.749,969] [1;31m<err> analog_axis_hires: Could not setup channel #1 (-5)[0m
[00:00:05.757,720] [1;31m<err> ads1220: config2 mismatch! 0x10 != 0x00[0m
[00:00:05.757,843] [1;31m<err> ads1220: config2 mismatch! 0x15 != 0x00[0m
[00:00:05.757,995] [1;31m<err> ads1220: config0 mismatch! 0x3C != 0x1C[0m
[00:00:05.757,995] [1;31m<err> analog_axis_hires: Could not setup channel #1 (-5)[0m
[00:00:05.765,747] [1;31m<err> ads1220: config2 mismatch! 0x10 != 0x00[0m
[00:00:05.765,869] [1;31m<err> ads1220: config2 mismatch! 0x15 != 0x00[0m
[00:00:05.766,021] [1;31m<err> ads1220: config0 mismatch! 0x3C != 0x1C[0m
[00:00:05.766,021] [1;31m<err> analog_axis_hires: Could not setup channel #1 (-5)[0m
[00:00:05.773,742] [1;31m<err> ads1220: config2 mismatch! 0x10 != 0x00[0m
[00:00:05.773,895] [1;31m<err> ads1220: config2 mismatch! 0x15 != 0x00[0m
[00:00:05.774,047] [1;31m<err> ads1220: config0 mismatch! 0x3C != 0x1C[0m
[00:00:05.774,047] [1;31m<err> analog_axis_hires: Could not setup channel #1 (-5)[0m
[00:00:05.781,799] [1;31m<err> ads1220: config2 mismatch! 0x10 != 0x00[0m
[00:00:05.781,921] [1;31m<err> ads1220: config2 mismatch! 0x15 != 0x00[0m
[00:00:05.782,073] [1;31m<err> ads1220: config0 mismatch! 0x3C != 0x1C[0m
[00:00:05.782,073] [1;31m<err> analog_axis_hires: Could not setup channel #1 (-5)[0m
[00:00:05.789,825] [1;31m<err> ads1220: config2 mismatch! 0x10 != 0x00[0m
[00:00:05.789,978] [1;31m<err> ads1220: config2 mismatch! 0x15 != 0x00[0m
[00:00:05.790,100] [1;31m<err> ads1220: config0 mismatch! 0x3C != 0x1C[0m
[00:00:05.790,100] [1;31m<err> analog_axis_hires: Could not setup channel #1 (-5)[0m
[00:00:05.797,882] [1;31m<err> ads1220: config2 mismatch! 0x10 != 0x00[0m
[00:00:05.798,034] [1;31m<err> ads1220: config2 mismatch! 0x15 != 0x00[0m
[00:00:05.798,156] [1;31m<err> ads1220: config0 mismatch! 0x3C != 0x1C[0m
[00:00:05.798,187] [1;31m<err> analog_axis_hires: Could not setup channel #1 (-5)[0m
[00:00:05.805,877] [1;31m<err> ads1220: config2 mismatch! 0x10 != 0x00[0m
[00:00:05.805,999] [1;31m<err> ads1220: config2 mismatch! 0x15 != 0x00[0m
[00:00:05.806,152] [1;31m<err> ads1220: config0 mismatch! 0x3C != 0x1C[0m
[00:00:05.806,152] [1;31m<err> analog_axis_hires: Could not setup channel #1 (-5)[0m
[00:00:05.813,934] [1;31m<err> ads1220: config2 mismatch! 0x10 != 0x00[0m
[00:00:05.814,086] [1;31m<err> ads1220: config2 mismatch! 0x15 != 0x00[0m
[00:00:05.814,208] [1;31m<err> ads1220: config0 mismatch! 0x3C != 0x1C[0m
[00:00:05.814,208] [1;31m<err> analog_axis_hires: Could not setup channel #1 (-5)[0m
[00:00:05.821,899] [1;31m<err> ads1220: config2 mismatch! 0x10 != 0x00[0m
[00:00:05.822,052] [1;31m<err> ads1220: config2 mismatch! 0x15 != 0x00[0m
[00:00:05.822,204] [1;31m<err> ads1220: config0 mismatch! 0x3C != 0x1C[0m
[00:00:05.822,204] [1;31m<err> analog_axis_hires: Could not setup channel #1 (-5)[0m
[00:00:05.829,956] [1;31m<err> ads1220: config2 mismatch! 0x10 != 0x00[0m
[00:00:05.830,078] [1;31m<err> ads1220: config2 mismatch! 0x15 != 0x00[0m
[00:00:05.830,230] [1;31m<err> ads1220: config0 mismatch! 0x3C != 0x1C[0m
[00:00:05.830,230] [1;31m<err> analog_axis_hires: Could not setup channel #1 (-5)[0m
[00:00:05.837,982] [1;31m<err> ads1220: config2 mismatch! 0x10 != 0x00[0m
[00:00:05.838,104] [1;31m<err> ads1220: config2 mismatch! 0x15 != 0x00[0m
[00:00:05.838,256] [1;31m<err> ads1220: config0 mismatch! 0x3C != 0x1C[0m
[00:00:05.838,256] [1;31m<err> analog_axis_hires: Could not setup channel #1 (-5)[0m
[00:00:05.845,977] [1;31m<err> ads1220: config2 mismatch! 0x10 != 0x00[0m
[00:00:05.846,130] [1;31m<err> ads1220: config2 mismatch! 0x15 != 0x00[0m
[00:00:05.846,282] [1;31m<err> ads1220: config0 mismatch! 0x3C != 0x1C[0m
[00:00:05.846,282] [1;31m<err> analog_axis_hires: Could not setup channel #1 (-5)[0m
[00:00:05.854,034] [1;31m<err> ads1220: config2 mismatch! 0x10 != 0x00[0m
[00:00:05.854,156] [1;31m<err> ads1220: config2 mismatch! 0x15 != 0x00[0m
[00:00:05.854,309] [1;31m<err> ads1220: config0 mismatch! 0x3C != 0x1C[0m
[00:00:05.854,309] [1;31m<err> analog_axis_hires: Could not setup channel #1 (-5)[0m
[00:00:05.862,060] [1;31m<err> ads1220: config2 mismatch! 0x10 != 0x00[0m
[00:00:05.862,213] [1;31m<err> ads1220: config2 mismatch! 0x15 != 0x00[0m
[00:00:05.862,335] [1;31m<err> ads1220: config0 mismatch! 0x3C != 0x1C[0m
[00:00:05.862,335] [1;31m<err> analog_axis_hires: Could not setup channel #1 (-5)[0m
[00:00:05.870,056] [1;31m<err> ads1220: config2 mismatch! 0x10 != 0x00[0m
[00:00:05.870,208] [1;31m<err> ads1220: config2 mismatch! 0x15 != 0x00[0m
[00:00:05.870,361] [1;31m<err> ads1220: config0 mismatch! 0x3C != 0x1C[0m
[00:00:05.870,361] [1;31m<err> analog_axis_hires: Could not setup channel #1 (-5)[0m
[00:00:05.878,112] [1;31m<err> ads1220: config2 mismatch! 0x10 != 0x00[0m
[00:00:05.878,234] [1;31m<err> ads1220: config2 mismatch! 0x15 != 0x00[0m
[00:00:05.878,387] [1;31m<err> ads1220: config0 mismatch! 0x3C != 0x1C[0m
[00:00:05.878,387] [1;31m<err> analog_axis_hires: Could not setup channel #1 (-5)[0m
[00:00:05.886,138] [1;31m<err> ads1220: config2 mismatch! 0x10 != 0x00[0m
[00:00:05.886,291] [1;31m<err> ads1220: config2 mismatch! 0x15 != 0x00[0m
[00:00:05.886,413] [1;31m<err> ads1220: config0 mismatch! 0x3C != 0x1C[0m
[00:00:05.886,413] [1;31m<err> analog_axis_hires: Could not setup channel #1 (-5)[0m
[00:00:05.894,134] [1;31m<err> ads1220: config2 mismatch! 0x10 != 0x00[0m
[00:00:05.894,287] [1;31m<err> ads1220: config2 mismatch! 0x15 != 0x00[0m
[00:00:05.894,439] [1;31m<err> ads1220: config0 mismatch! 0x3C != 0x1C[0m
[00:00:05.894,439] [1;31m<err> analog_axis_hires: Could not setup channel #1 (-5)[0m
[00:00:05.902,191] [1;31m<err> ads1220: config2 mismatch! 0x10 != 0x00[0m
[00:00:05.902,313] [1;31m<err> ads1220: config2 mismatch! 0x15 != 0x00[0m
[00:00:05.902,465] [1;31m<err> ads1220: config0 mismatch! 0x3C != 0x1C[0m
[00:00:05.902,465] [1;31m<err> analog_axis_hires: Could not setup channel #1 (-5)[0m
[00:00:05.910,247] [1;31m<err> ads1220: config2 mismatch! 0x10 != 0x00[0m
[00:00:05.910,369] [1;31m<err> ads1220: config2 mismatch! 0x15 != 0x00[0m
[00:00:05.910,491] [1;31m<err> ads1220: config0 mismatch! 0x3C != 0x1C[0m
[00:00:05.910,522] [1;31m<err> analog_axis_hires: Could not setup channel #1 (-5)[0m
[00:00:05.918,212] [1;31m<err> ads1220: config2 mismatch! 0x10 != 0x00[0m
[00:00:05.918,365] [1;31m<err> ads1220: config2 mismatch! 0x15 != 0x00[0m
[00:00:05.918,518] [1;31m<err> ads1220: config0 mismatch! 0x3C != 0x1C[0m
[00:00:05.918,518] [1;31m<err> analog_axis_hires: Could not setup channel #1 (-5)[0m
[00:00:05.926,269] [1;31m<err> ads1220: config2 mismatch! 0x10 != 0x00[0m
[00:00:05.926,391] [1;31m<err> ads1220: config2 mismatch! 0x15 != 0x00[0m
[00:00:05.926,544] [1;31m<err> ads1220: config0 mismatch! 0x3C != 0x1C[0m
[00:00:05.926,544] [1;31m<err> analog_axis_hires: Could not setup channel #1 (-5)[0m
[00:00:05.934,326] [1;31m<err> ads1220: config2 mismatch! 0x10 != 0x00[0m
[00:00:05.934,448] [1;31m<err> ads1220: config2 mismatch! 0x15 != 0x00[0m
[00:00:05.934,570] [1;31m<err> ads1220: config0 mismatch! 0x3C != 0x1C[0m
[00:00:05.934,570] [1;31m<err> analog_axis_hires: Could not setup channel #1 (-5)[0m
[00:00:05.942,291] [1;31m<err> ads1220: config2 mismatch! 0x10 != 0x00[0m
[00:00:05.942,443] [1;31m<err> ads1220: config2 mismatch! 0x15 != 0x00[0m
[00:00:05.942,596] [1;31m<err> ads1220: config0 mismatch! 0x3C != 0x1C[0m
[00:00:05.942,596] [1;31m<err> analog_axis_hires: Could not setup channel #1 (-5)[0m
[00:00:05.950,347] [1;31m<err> ads1220: config2 mismatch! 0x10 != 0x00[0m
[00:00:05.950,469] [1;31m<err> ads1220: config2 mismatch! 0x15 != 0x00[0m
[00:00:05.950,622] [1;31m<err> ads1220: config0 mismatch! 0x3C != 0x1C[0m
[00:00:05.950,622] [1;31m<err> analog_axis_hires: Could not setup channel #1 (-5)[0m
[00:00:05.958,404] [1;31m<err> ads1220: config2 mismatch! 0x10 != 0x00[0m
[00:00:05.958,526] [1;31m<err> ads1220: config2 mismatch! 0x15 != 0x00[0m
[00:00:05.958,648] [1;31m<err> ads1220: config0 mismatch! 0x3C != 0x1C[0m
[00:00:05.958,679] [1;31m<err> analog_axis_hires: Could not setup channel #1 (-5)[0m
[00:00:05.966,369] [1;31m<err> ads1220: config2 mismatch! 0x10 != 0x00[0m
[00:00:05.966,522] [1;31m<err> ads1220: config2 mismatch! 0x15 != 0x00[0m
[00:00:05.966,674] [1;31m<err> ads1220: config0 mismatch! 0x3C != 0x1C[0m
[00:00:05.966,674] [1;31m<err> analog_axis_hires: Could not setup channel #1 (-5)[0m
[00:00:05.974,426] [1;31m<err> ads1220: config2 mismatch! 0x10 != 0x00[0m
[00:00:05.974,548] [1;31m<err> ads1220: config2 mismatch! 0x15 != 0x00[0m
[00:00:05.974,700] [1;31m<err> ads1220: config0 mismatch! 0x3C != 0x1C[0m
[00:00:05.974,700] [1;31m<err> analog_axis_hires: Could not setup channel #1 (-5)[0m
[00:00:05.982,482] [1;31m<err> ads1220: config2 mismatch! 0x10 != 0x00[0m
[00:00:05.982,604] [1;31m<err> ads1220: config2 mismatch! 0x15 != 0x00[0m
[00:00:05.982,727] [1;31m<err> ads1220: config0 mismatch! 0x3C != 0x1C[0m
[00:00:05.982,757] [1;31m<err> analog_axis_hires: Could not setup channel #1 (-5)[0m
[00:00:05.990,447] [1;31m<err> ads1220: config2 mismatch! 0x10 != 0x00[0m
[00:00:05.990,600] [1;31m<err> ads1220: config2 mismatch! 0x15 != 0x00[0m
[00:00:05.990,753] [1;31m<err> ads1220: config0 mismatch! 0x3C != 0x1C[0m
[00:00:05.990,753] [1;31m<err> analog_axis_hires: Could not setup channel #1 (-5)[0m
[00:00:05.998,504] [1;31m<err> ads1220: config2 mismatch! 0x10 != 0x00[0m
[00:00:05.998,626] [1;31m<err> ads1220: config2 mismatch! 0x15 != 0x00[0m
[00:00:05.998,779] [1;31m<err> ads1220: config0 mismatch! 0x3C != 0x1C[0m
[00:00:05.998,779] [1;31m<err> analog_axis_hires: Could not setup channel #1 (-5)[0m
[00:00:06.006,561] [1;31m<err> ads1220: config2 mismatch! 0x10 != 0x00[0m
[00:00:06.006,683] [1;31m<err> ads1220: config2 mismatch! 0x15 != 0x00[0m
[00:00:06.006,835] [1;31m<err> ads1220: config0 mismatch! 0x3C != 0x1C[0m
[00:00:06.006,835] [1;31m<err> analog_axis_hires: Could not setup channel #1 (-5)[0m
[00:00:06.014,526] [1;31m<err> ads1220: config2 mismatch! 0x10 != 0x00[0m
[00:00:06.014,678] [1;31m<err> ads1220: config2 mismatch! 0x15 != 0x00[0m
[00:00:06.014,831] [1;31m<err> ads1220: config0 mismatch! 0x3C != 0x1C[0m
[00:00:06.014,831] [1;31m<err> analog_axis_hires: Could not setup channel #1 (-5)[0m
[00:00:06.022,583] [1;31m<err> ads1220: config2 mismatch! 0x10 != 0x00[0m
[00:00:06.022,705] [1;31m<err> ads1220: config2 mismatch! 0x15 != 0x00[0m
[00:00:06.022,857] [1;31m<err> ads1220: config0 mismatch! 0x3C != 0x1C[0m
[00:00:06.022,857] [1;31m<err> analog_axis_hires: Could not setup channel #1 (-5)[0m
[00:00:06.030,639] [1;31m<err> ads1220: config2 mismatch! 0x10 != 0x00[0m
[00:00:06.030,761] [1;31m<err> ads1220: config2 mismatch! 0x15 != 0x00[0m
[00:00:06.030,914] [1;31m<err> ads1220: config0 mismatch! 0x3C != 0x1C[0m
[00:00:06.030,914] [1;31m<err> analog_axis_hires: Could not setup channel #1 (-5)[0m
[00:00:06.038,665] [1;31m<err> ads1220: config2 mismatch! 0x10 != 0x00[0m
[00:00:06.038,818] [1;31m<err> ads1220: config2 mismatch! 0x15 != 0x00[0m
[00:00:06.038,970] [1;31m<err> ads1220: config0 mismatch! 0x3C != 0x1C[0m
[00:00:06.038,970] [1;31m<err> analog_axis_hires: Could not setup channel #1 (-5)[0m
[00:00:06.046,661] [1;31m<err> ads1220: config2 mismatch! 0x10 != 0x00[0m
[00:00:06.046,783] [1;31m<err> ads1220: config2 mismatch! 0x15 != 0x00[0m
[00:00:06.046,936] [1;31m<err> ads1220: config0 mismatch! 0x3C != 0x1C[0m
[00:00:06.046,936] [1;31m<err> analog_axis_hires: Could not setup channel #1 (-5)[0m
[00:00:06.054,718] [1;31m<err> ads1220: config2 mismatch! 0x10 != 0x00[0m
[00:00:06.054,840] [1;31m<err> ads1220: config2 mismatch! 0x15 != 0x00[0m
[00:00:06.054,992] [1;31m<err> ads1220: config0 mismatch! 0x3C != 0x1C[0m
[00:00:06.054,992] [1;31m<err> analog_axis_hires: Could not setup channel #1 (-5)[0m
[00:00:06.062,683] [1;31m<err> ads1220: config2 mismatch! 0x10 != 0x00[0m
[00:00:06.062,835] [1;31m<err> ads1220: config2 mismatch! 0x15 != 0x00[0m
[00:00:06.062,988] [1;31m<err> ads1220: config0 mismatch! 0x3C != 0x1C[0m
[00:00:06.062,988] [1;31m<err> analog_axis_hires: Could not setup channel #1 (-5)[0m
[00:00:06.070,739] [1;31m<err> ads1220: config2 mismatch! 0x10 != 0x00[0m
[00:00:06.070,861] [1;31m<err> ads1220: config2 mismatch! 0x15 != 0x00[0m
[00:00:06.071,014] [1;31m<err> ads1220: config0 mismatch! 0x3C != 0x1C[0m
[00:00:06.071,014] [1;31m<err> analog_axis_hires: Could not setup channel #1 (-5)[0m
[00:00:06.078,796] [1;31m<err> ads1220: config2 mismatch! 0x10 != 0x00[0m
[00:00:06.078,918] [1;31m<err> ads1220: config2 mismatch! 0x15 != 0x00[0m
[00:00:06.079,071] [1;31m<err> ads1220: config0 mismatch! 0x3C != 0x1C[0m
[00:00:06.079,071] [1;31m<err> analog_axis_hires: Could not setup channel #1 (-5)[0m
[00:00:06.086,761] [1;31m<err> ads1220: config2 mismatch! 0x10 != 0x00[0m
[00:00:06.086,914] [1;31m<err> ads1220: config2 mismatch! 0x15 != 0x00[0m
[00:00:06.087,066] [1;31m<err> ads1220: config0 mismatch! 0x3C != 0x1C[0m
[00:00:06.087,066] [1;31m<err> analog_axis_hires: Could not setup channel #1 (-5)[0m
[00:00:06.094,818] [1;31m<err> ads1220: config2 mismatch! 0x10 != 0x00[0m
[00:00:06.094,940] [1;31m<err> ads1220: config2 mismatch! 0x15 != 0x00[0m
[00:00:06.095,092] [1;31m<err> ads1220: config0 mismatch! 0x3C != 0x1C[0m
[00:00:06.095,092] [1;31m<err> analog_axis_hires: Could not setup channel #1 (-5)[0m
[00:00:06.102,874] [1;31m<err> ads1220: config2 mismatch! 0x10 != 0x00[0m
[00:00:06.102,996] [1;31m<err> ads1220: config2 mismatch! 0x15 != 0x00[0m
[00:00:06.103,149] [1;31m<err> ads1220: config0 mismatch! 0x3C != 0x1C[0m
[00:00:06.103,149] [1;31m<err> analog_axis_hires: Could not setup channel #1 (-5)[0m
[00:00:06.110,839] [1;31m<err> ads1220: config2 mismatch! 0x10 != 0x00[0m
[00:00:06.110,992] [1;31m<err> ads1220: config2 mismatch! 0x15 != 0x00[0m
[00:00:06.111,145] [1;31m<err> ads1220: config0 mismatch! 0x3C != 0x1C[0m
[00:00:06.111,145] [1;31m<err> analog_axis_hires: Could not setup channel #1 (-5)[0m
[00:00:06.118,896] [1;31m<err> ads1220: config2 mismatch! 0x10 != 0x00[0m
[00:00:06.119,018] [1;31m<err> ads1220: config2 mismatch! 0x15 != 0x00[0m
[00:00:06.119,171] [1;31m<err> ads1220: config0 mismatch! 0x3C != 0x1C[0m
[00:00:06.119,171] [1;31m<err> analog_axis_hires: Could not setup channel #1 (-5)[0m
[00:00:06.126,953] [1;31m<err> ads1220: config2 mismatch! 0x10 != 0x00[0m
[00:00:06.127,075] [1;31m<err> ads1220: config2 mismatch! 0x15 != 0x00[0m
[00:00:06.127,227] [1;31m<err> ads1220: config0 mismatch! 0x3C != 0x1C[0m
[00:00:06.127,227] [1;31m<err> analog_axis_hires: Could not setup channel #1 (-5)[0m
[00:00:06.134,948] [1;31m<err> ads1220: config2 mismatch! 0x10 != 0x00[0m
[00:00:06.135,101] [1;31m<err> ads1220: config2 mismatch! 0x15 != 0x00[0m
[00:00:06.135,223] [1;31m<err> ads1220: config0 mismatch! 0x3C != 0x1C[0m
[00:00:06.135,253] [1;31m<err> analog_axis_hires: Could not setup channel #1 (-5)[0m
[00:00:06.142,974] [1;31m<err> ads1220: config2 mismatch! 0x10 != 0x00[0m
[00:00:06.143,096] [1;31m<err> ads1220: config2 mismatch! 0x15 != 0x00[0m
[00:00:06.143,249] [1;31m<err> ads1220: config0 mismatch! 0x3C != 0x1C[0m
[00:00:06.143,249] [1;31m<err> analog_axis_hires: Could not setup channel #1 (-5)[0m
[00:00:06.151,000] [1;31m<err> ads1220: config2 mismatch! 0x10 != 0x00[0m
[00:00:06.151,153] [1;31m<err> ads1220: config2 mismatch! 0x15 != 0x00[0m
[00:00:06.151,275] [1;31m<err> ads1220: config0 mismatch! 0x3C != 0x1C[0m
[00:00:06.151,275] [1;31m<err> analog_axis_hires: Could not setup channel #1 (-5)[0m
[00:00:06.158,996] [1;31m<err> ads1220: config2 mismatch! 0x10 != 0x00[0m
[00:00:06.159,149] [1;31m<err> ads1220: config2 mismatch! 0x15 != 0x00[0m
[00:00:06.159,301] [1;31m<err> ads1220: config0 mismatch! 0x3C != 0x1C[0m
[00:00:06.159,301] [1;31m<err> analog_axis_hires: Could not setup channel #1 (-5)[0m
[00:00:06.167,053] [1;31m<err> ads1220: config2 mismatch! 0x10 != 0x00[0m
[00:00:06.167,175] [1;31m<err> ads1220: config2 mismatch! 0x15 != 0x00[0m
[00:00:06.167,327] [1;31m<err> ads1220: config0 mismatch! 0x3C != 0x1C[0m
[00:00:06.167,327] [1;31m<err> analog_axis_hires: Could not setup channel #1 (-5)[0m
[00:00:06.175,079] [1;31m<err> ads1220: config2 mismatch! 0x10 != 0x00[0m
[00:00:06.175,201] [1;31m<err> ads1220: config2 mismatch! 0x15 != 0x00[0m
[00:00:06.175,354] [1;31m<err> ads1220: config0 mismatch! 0x3C != 0x1C[0m
[00:00:06.175,354] [1;31m<err> analog_axis_hires: Could not setup channel #1 (-5)[0m
[00:00:06.183,074] [1;31m<err> ads1220: config2 mismatch! 0x10 != 0x00[0m
[00:00:06.183,227] [1;31m<err> ads1220: config2 mismatch! 0x15 != 0x00[0m
[00:00:06.183,380] [1;31m<err> ads1220: config0 mismatch! 0x3C != 0x1C[0m
[00:00:06.183,380] [1;31m<err> analog_axis_hires: Could not setup channel #1 (-5)[0m
[00:00:06.191,131] [1;31m<err> ads1220: config2 mismatch! 0x10 != 0x00[0m
[00:00:06.191,253] [1;31m<err> ads1220: config2 mismatch! 0x15 != 0x00[0m
[00:00:06.191,406] [1;31m<err> ads1220: config0 mismatch! 0x3C != 0x1C[0m
[00:00:06.191,406] [1;31m<err> analog_axis_hires: Could not setup channel #1 (-5)[0m
[00:00:06.199,157] [1;31m<err> ads1220: config2 mismatch! 0x10 != 0x00[0m
[00:00:06.199,310] [1;31m<err> ads1220: config2 mismatch! 0x15 != 0x00[0m
[00:00:06.199,432] [1;31m<err> ads1220: config0 mismatch! 0x3C != 0x1C[0m
[00:00:06.199,432] [1;31m<err> analog_axis_hires: Could not setup channel #1 (-5)[0m
[00:00:06.207,153] [1;31m<err> ads1220: config2 mismatch! 0x10 != 0x00[0m
[00:00:06.207,305] [1;31m<err> ads1220: config2 mismatch! 0x15 != 0x00[0m
[00:00:06.207,458] [1;31m<err> ads1220: config0 mismatch! 0x3C != 0x1C[0m
[00:00:06.207,458] [1;31m<err> analog_axis_hires: Could not setup channel #1 (-5)[0m
[00:00:06.215,209] [1;31m<err> ads1220: config2 mismatch! 0x10 != 0x00[0m
[00:00:06.215,332] [1;31m<err> ads1220: config2 mismatch! 0x15 != 0x00[0m
[00:00:06.215,484] [1;31m<err> ads1220: config0 mismatch! 0x3C != 0x1C[0m
[00:00:06.215,484] [1;31m<err> analog_axis_hires: Could not setup channel #1 (-5)[0m
[00:00:06.223,266] [1;31m<err> ads1220: config2 mismatch! 0x10 != 0x00[0m
[00:00:06.223,388] [1;31m<err> ads1220: config2 mismatch! 0x15 != 0x00[0m
[00:00:06.223,510] [1;31m<err> ads1220: config0 mismatch! 0x3C != 0x1C[0m
[00:00:06.223,510] [1;31m<err> analog_axis_hires: Could not setup channel #1 (-5)[0m
[00:00:06.231,231] [1;31m<err> ads1220: config2 mismatch! 0x10 != 0x00[0m
[00:00:06.231,384] [1;31m<err> ads1220: config2 mismatch! 0x15 != 0x00[0m
[00:00:06.231,536] [1;31m<err> ads1220: config0 mismatch! 0x3C != 0x1C[0m
[00:00:06.231,536] [1;31m<err> analog_axis_hires: Could not setup channel #1 (-5)[0m
[00:00:06.239,288] [1;31m<err> ads1220: config2 mismatch! 0x10 != 0x00[0m
[00:00:06.239,410] [1;31m<err> ads1220: config2 mismatch! 0x15 != 0x00[0m
[00:00:06.239,562] [1;31m<err> ads1220: config0 mismatch! 0x3C != 0x1C[0m
[00:00:06.239,562] [1;31m<err> analog_axis_hires: Could not setup channel #1 (-5)[0m
[00:00:06.247,344] [1;31m<err> ads1220: config2 mismatch! 0x10 != 0x00[0m
[00:00:06.247,467] [1;31m<err> ads1220: config2 mismatch! 0x15 != 0x00[0m
[00:00:06.247,589] [1;31m<err> ads1220: config0 mismatch! 0x3C != 0x1C[0m
[00:00:06.247,619] [1;31m<err> analog_axis_hires: Could not setup channel #1 (-5)[0m
[00:00:06.255,310] [1;31m<err> ads1220: config2 mismatch! 0x10 != 0x00[0m
[00:00:06.255,462] [1;31m<err> ads1220: config2 mismatch! 0x15 != 0x00[0m
[00:00:06.255,615] [1;31m<err> ads1220: config0 mismatch! 0x3C != 0x1C[0m
[00:00:06.255,615] [1;31m<err> analog_axis_hires: Could not setup channel #1 (-5)[0m
[00:00:06.263,366] [1;31m<err> ads1220: config2 mismatch! 0x10 != 0x00[0m
[00:00:06.263,488] [1;31m<err> ads1220: config2 mismatch! 0x15 != 0x00[0m
[00:00:06.263,641] [1;31m<err> ads1220: config0 mismatch! 0x3C != 0x1C[0m
[00:00:06.263,641] [1;31m<err> analog_axis_hires: Could not setup channel #1 (-5)[0m
[00:00:06.271,423] [1;31m<err> ads1220: config2 mismatch! 0x10 != 0x00[0m
[00:00:06.271,545] [1;31m<err> ads1220: config2 mismatch! 0x15 != 0x00[0m
[00:00:06.271,667] [1;31m<err> ads1220: config0 mismatch! 0x3C != 0x1C[0m
[00:00:06.271,667] [1;31m<err> analog_axis_hires: Could not setup channel #1 (-5)[0m
[00:00:06.279,388] [1;31m<err> ads1220: config2 mismatch! 0x10 != 0x00[0m
[00:00:06.279,541] [1;31m<err> ads1220: config2 mismatch! 0x15 != 0x00[0m
[00:00:06.279,693] [1;31m<err> ads1220: config0 mismatch! 0x3C != 0x1C[0m
[00:00:06.279,693] [1;31m<err> analog_axis_hires: Could not setup channel #1 (-5)[0m
[00:00:06.287,445] [1;31m<err> ads1220: config2 mismatch! 0x10 != 0x00[0m
[00:00:06.287,567] [1;31m<err> ads1220: config2 mismatch! 0x15 != 0x00[0m
[00:00:06.287,719] [1;31m<err> ads1220: config0 mismatch! 0x3C != 0x1C[0m
[00:00:06.287,719] [1;31m<err> analog_axis_hires: Could not setup channel #1 (-5)[0m
[00:00:06.295,501] [1;31m<err> ads1220: config2 mismatch! 0x10 != 0x00[0m
[00:00:06.295,623] [1;31m<err> ads1220: config2 mismatch! 0x15 != 0x00[0m
[00:00:06.295,745] [1;31m<err> ads1220: config0 mismatch! 0x3C != 0x1C[0m
[00:00:06.295,776] [1;31m<err> analog_axis_hires: Could not setup channel #1 (-5)[0m
[00:00:06.303,466] [1;31m<err> ads1220: config2 mismatch! 0x10 != 0x00[0m
[00:00:06.303,619] [1;31m<err> ads1220: config2 mismatch! 0x15 != 0x00[0m
[00:00:06.303,771] [1;31m<err> ads1220: config0 mismatch! 0x3C != 0x1C[0m
[00:00:06.303,771] [1;31m<err> analog_axis_hires: Could not setup channel #1 (-5)[0m
[00:00:06.311,523] [1;31m<err> ads1220: config2 mismatch! 0x10 != 0x00[0m
[00:00:06.311,645] [1;31m<err> ads1220: config2 mismatch! 0x15 != 0x00[0m
[00:00:06.311,798] [1;31m<err> ads1220: config0 mismatch! 0x3C != 0x1C[0m
[00:00:06.311,798] [1;31m<err> analog_axis_hires: Could not setup channel #1 (-5)[0m
[00:00:06.319,580] [1;31m<err> ads1220: config2 mismatch! 0x10 != 0x00[0m
[00:00:06.319,702] [1;31m<err> ads1220: config2 mismatch! 0x15 != 0x00[0m
[00:00:06.319,824] [1;31m<err> ads1220: config0 mismatch! 0x3C != 0x1C[0m
[00:00:06.319,854] [1;31m<err> analog_axis_hires: Could not setup channel #1 (-5)[0m
[00:00:06.327,545] [1;31m<err> ads1220: config2 mismatch! 0x10 != 0x00[0m
[00:00:06.327,697] [1;31m<err> ads1220: config2 mismatch! 0x15 != 0x00[0m
[00:00:06.327,850] [1;31m<err> ads1220: config0 mismatch! 0x3C != 0x1C[0m
[00:00:06.327,850] [1;31m<err> analog_axis_hires: Could not setup channel #1 (-5)[0m
[00:00:06.335,601] [1;31m<err> ads1220: config2 mismatch! 0x10 != 0x00[0m
[00:00:06.335,723] [1;31m<err> ads1220: config2 mismatch! 0x15 != 0x00[0m
[00:00:06.335,876] [1;31m<err> ads1220: config0 mismatch! 0x3C != 0x1C[0m
[00:00:06.335,876] [1;31m<err> analog_axis_hires: Could not setup channel #1 (-5)[0m
[00:00:06.343,658] [1;31m<err> ads1220: config2 mismatch! 0x10 != 0x00[0m
[00:00:06.343,780] [1;31m<err> ads1220: config2 mismatch! 0x15 != 0x00[0m
[00:00:06.343,902] [1;31m<err> ads1220: config0 mismatch! 0x3C != 0x1C[0m
[00:00:06.343,933] [1;31m<err> analog_axis_hires: Could not setup channel #1 (-5)[0m
[00:00:06.351,623] [1;31m<err> ads1220: config2 mismatch! 0x10 != 0x00[0m
[00:00:06.351,776] [1;31m<err> ads1220: config2 mismatch! 0x15 != 0x00[0m
[00:00:06.351,928] [1;31m<err> ads1220: config0 mismatch! 0x3C != 0x1C[0m
[00:00:06.351,928] [1;31m<err> analog_axis_hires: Could not setup channel #1 (-5)[0m
[00:00:06.359,680] [1;31m<err> ads1220: config2 mismatch! 0x10 != 0x00[0m
[00:00:06.359,802] [1;31m<err> ads1220: config2 mismatch! 0x15 != 0x00[0m
[00:00:06.359,954] [1;31m<err> ads1220: config0 mismatch! 0x3C != 0x1C[0m
[00:00:06.359,954] [1;31m<err> analog_axis_hires: Could not setup channel #1 (-5)[0m
[00:00:06.367,767] [1;31m<err> ads1220: config2 mismatch! 0x10 != 0x00[0m
[00:00:06.367,889] [1;31m<err> ads1220: config2 mismatch! 0x15 != 0x00[0m
[00:00:06.368,011] [1;31m<err> ads1220: config0 mismatch! 0x3C != 0x1C[0m
[00:00:06.368,041] [1;31m<err> analog_axis_hires: Could not setup channel #1 (-5)[0m
[00:00:06.375,701] [1;31m<err> ads1220: config2 mismatch! 0x10 != 0x00[0m
[00:00:06.375,854] [1;31m<err> ads1220: config2 mismatch! 0x15 != 0x00[0m
[00:00:06.376,007] [1;31m<err> ads1220: config0 mismatch! 0x3C != 0x1C[0m
[00:00:06.376,007] [1;31m<err> analog_axis_hires: Could not setup channel #1 (-5)[0m
[00:00:06.383,758] [1;31m<err> ads1220: config2 mismatch! 0x10 != 0x00[0m
[00:00:06.383,880] [1;31m<err> ads1220: config2 mismatch! 0x15 != 0x00[0m
[00:00:06.384,033] [1;31m<err> ads1220: config0 mismatch! 0x3C != 0x1C[0m
[00:00:06.384,033] [1;31m<err> analog_axis_hires: Could not setup channel #1 (-5)[0m
[00:00:06.391,815] [1;31m<err> ads1220: config2 mismatch! 0x10 != 0x00[0m
[00:00:06.391,937] [1;31m<err> ads1220: config2 mismatch! 0x15 != 0x00[0m
[00:00:06.392,089] [1;31m<err> ads1220: config0 mismatch! 0x3C != 0x1C[0m
[00:00:06.392,089] [1;31m<err> analog_axis_hires: Could not setup channel #1 (-5)[0m
[00:00:06.399,780] [1;31m<err> ads1220: config2 mismatch! 0x10 != 0x00[0m
[00:00:06.399,932] [1;31m<err> ads1220: config2 mismatch! 0x15 != 0x00[0m
[00:00:06.400,085] [1;31m<err> ads1220: config0 mismatch! 0x3C != 0x1C[0m
[00:00:06.400,085] [1;31m<err> analog_axis_hires: Could not setup channel #1 (-5)[0m
[00:00:06.407,836] [1;31m<err> ads1220: config2 mismatch! 0x10 != 0x00[0m
[00:00:06.407,958] [1;31m<err> ads1220: config2 mismatch! 0x15 != 0x00[0m
[00:00:06.408,111] [1;31m<err> ads1220: config0 mismatch! 0x3C != 0x1C[0m
[00:00:06.408,111] [1;31m<err> analog_axis_hires: Could not setup channel #1 (-5)[0m
[00:00:06.415,893] [1;31m<err> ads1220: config2 mismatch! 0x10 != 0x00[0m
[00:00:06.416,015] [1;31m<err> ads1220: config2 mismatch! 0x15 != 0x00[0m
[00:00:06.416,168] [1;31m<err> ads1220: config0 mismatch! 0x3C != 0x1C[0m
[00:00:06.416,168] [1;31m<err> analog_axis_hires: Could not setup channel #1 (-5)[0m
[00:00:06.423,858] [1;31m<err> ads1220: config2 mismatch! 0x10 != 0x00[0m
[00:00:06.424,011] [1;31m<err> ads1220: config2 mismatch! 0x15 != 0x00[0m
[00:00:06.424,163] [1;31m<err> ads1220: config0 mismatch! 0x3C != 0x1C[0m
[00:00:06.424,163] [1;31m<err> analog_axis_hires: Could not setup channel #1 (-5)[0m
[00:00:06.431,915] [1;31m<err> ads1220: config2 mismatch! 0x10 != 0x00[0m
[00:00:06.432,037] [1;31m<err> ads1220: config2 mismatch! 0x15 != 0x00[0m
[00:00:06.432,189] [1;31m<err> ads1220: config0 mismatch! 0x3C != 0x1C[0m
[00:00:06.432,189] [1;31m<err> analog_axis_hires: Could not setup channel #1 (-5)[0m
[00:00:06.439,971] [1;31m<err> ads1220: config2 mismatch! 0x10 != 0x00[0m
[00:00:06.440,093] [1;31m<err> ads1220: config2 mismatch! 0x15 != 0x00[0m
[00:00:06.440,246] [1;31m<err> ads1220: config0 mismatch! 0x3C != 0x1C[0m
[00:00:06.440,246] [1;31m<err> analog_axis_hires: Could not setup channel #1 (-5)[0m
[00:00:06.447,937] [1;31m<err> ads1220: config2 mismatch! 0x10 != 0x00[0m
[00:00:06.448,089] [1;31m<err> ads1220: config2 mismatch! 0x15 != 0x00[0m
[00:00:06.448,242] [1;31m<err> ads1220: config0 mismatch! 0x3C != 0x1C[0m
[00:00:06.448,242] [1;31m<err> analog_axis_hires: Could not setup channel #1 (-5)[0m
[00:00:06.455,993] [1;31m<err> ads1220: config2 mismatch! 0x10 != 0x00[0m
[00:00:06.456,115] [1;31m<err> ads1220: config2 mismatch! 0x15 != 0x00[0m
[00:00:06.456,268] [1;31m<err> ads1220: config0 mismatch! 0x3C != 0x1C[0m
[00:00:06.456,268] [1;31m<err> analog_axis_hires: Could not setup channel #1 (-5)[0m
[00:00:06.464,050] [1;31m<err> ads1220: config2 mismatch! 0x10 != 0x00[0m
[00:00:06.464,172] [1;31m<err> ads1220: config2 mismatch! 0x15 != 0x00[0m
[00:00:06.464,294] [1;31m<err> ads1220: config0 mismatch! 0x3C != 0x1C[0m
[00:00:06.464,324] [1;31m<err> analog_axis_hires: Could not setup channel #1 (-5)[0m
[00:00:06.472,045] [1;31m<err> ads1220: config2 mismatch! 0x10 != 0x00[0m
[00:00:06.472,198] [1;31m<err> ads1220: config2 mismatch! 0x15 != 0x00[0m
[00:00:06.472,320] [1;31m<err> ads1220: config0 mismatch! 0x3C != 0x1C[0m
[00:00:06.472,351] [1;31m<err> analog_axis_hires: Could not setup channel #1 (-5)[0m
[00:00:06.480,072] [1;31m<err> ads1220: config2 mismatch! 0x10 != 0x00[0m
[00:00:06.480,194] [1;31m<err> ads1220: config2 mismatch! 0x15 != 0x00[0m
[00:00:06.480,346] [1;31m<err> ads1220: config0 mismatch! 0x3C != 0x1C[0m
[00:00:06.480,346] [1;31m<err> analog_axis_hires: Could not setup channel #1 (-5)[0m
[00:00:06.488,128] [1;31m<err> ads1220: config2 mismatch! 0x10 != 0x00[0m
[00:00:06.488,250] [1;31m<err> ads1220: config2 mismatch! 0x15 != 0x00[0m
[00:00:06.488,403] [1;31m<err> ads1220: config0 mismatch! 0x3C != 0x1C[0m
[00:00:06.488,403] [1;31m<err> analog_axis_hires: Could not setup channel #1 (-5)[0m
[00:00:06.496,093] [1;31m<err> ads1220: config2 mismatch! 0x10 != 0x00[0m
[00:00:06.496,246] [1;31m<err> ads1220: config2 mismatch! 0x15 != 0x00[0m
[00:00:06.496,398] [1;31m<err> ads1220: config0 mismatch! 0x3C != 0x1C[0m
[00:00:06.496,398] [1;31m<err> analog_axis_hires: Could not setup channel #1 (-5)[0m
[00:00:06.504,150] [1;31m<err> ads1220: config2 mismatch! 0x10 != 0x00[0m
[00:00:06.504,272] [1;31m<err> ads1220: config2 mismatch! 0x15 != 0x00[0m
[00:00:06.504,425] [1;31m<err> ads1220: config0 mismatch! 0x3C != 0x1C[0m
[00:00:06.504,425] [1;31m<err> analog_axis_hires: Could not setup channel #1 (-5)[0m
[00:00:06.512,207] [1;31m<err> ads1220: config2 mismatch! 0x10 != 0x00[0m
[00:00:06.512,329] [1;31m<err> ads1220: config2 mismatch! 0x15 != 0x00[0m
[00:00:06.512,481] [1;31m<err> ads1220: config0 mismatch! 0x3C != 0x1C[0m
[00:00:06.512,481] [1;31m<err> analog_axis_hires: Could not setup channel #1 (-5)[0m
[00:00:06.520,172] [1;31m<err> ads1220: config2 mismatch! 0x10 != 0x00[0m
[00:00:06.520,324] [1;31m<err> ads1220: config2 mismatch! 0x15 != 0x00[0m
[00:00:06.520,477] [1;31m<err> ads1220: config0 mismatch! 0x3C != 0x1C[0m
[00:00:06.520,477] [1;31m<err> analog_axis_hires: Could not setup channel #1 (-5)[0m
[00:00:06.528,228] [1;31m<err> ads1220: config2 mismatch! 0x10 != 0x00[0m
[00:00:06.528,350] [1;31m<err> ads1220: config2 mismatch! 0x15 != 0x00[0m
[00:00:06.528,503] [1;31m<err> ads1220: config0 mismatch! 0x3C != 0x1C[0m
[00:00:06.528,503] [1;31m<err> analog_axis_hires: Could not setup channel #1 (-5)[0m
[00:00:06.536,254] [1;31m<err> ads1220: config2 mismatch! 0x10 != 0x00[0m
[00:00:06.536,407] [1;31m<err> ads1220: config2 mismatch! 0x15 != 0x00[0m
[00:00:06.536,529] [1;31m<err> ads1220: config0 mismatch! 0x3C != 0x1C[0m
[00:00:06.536,529] [1;31m<err> analog_axis_hires: Could not setup channel #1 (-5)[0m
[00:00:06.544,250] [1;31m<err> ads1220: config2 mismatch! 0x10 != 0x00[0m
[00:00:06.544,403] [1;31m<err> ads1220: config2 mismatch! 0x15 != 0x00[0m
[00:00:06.544,555] [1;31m<err> ads1220: config0 mismatch! 0x3C != 0x1C[0m
[00:00:06.544,555] [1;31m<err> analog_axis_hires: Could not setup channel #1 (-5)[0m
[00:00:06.552,307] [1;31m<err> ads1220: config2 mismatch! 0x10 != 0x00[0m
[00:00:06.552,429] [1;31m<err> ads1220: config2 mismatch! 0x15 != 0x00[0m
[00:00:06.552,581] [1;31m<err> ads1220: config0 mismatch! 0x3C != 0x1C[0m
[00:00:06.552,581] [1;31m<err> analog_axis_hires: Could not setup channel #1 (-5)[0m
[00:00:06.560,363] [1;31m<err> ads1220: config2 mismatch! 0x10 != 0x00[0m
[00:00:06.560,485] [1;31m<err> ads1220: config2 mismatch! 0x15 != 0x00[0m
[00:00:06.560,607] [1;31m<err> ads1220: config0 mismatch! 0x3C != 0x1C[0m
[00:00:06.560,638] [1;31m<err> analog_axis_hires: Could not setup channel #1 (-5)[0m
[00:00:06.568,328] [1;31m<err> ads1220: config2 mismatch! 0x10 != 0x00[0m
[00:00:06.568,481] [1;31m<err> ads1220: config2 mismatch! 0x15 != 0x00[0m
[00:00:06.568,634] [1;31m<err> ads1220: config0 mismatch! 0x3C != 0x1C[0m
[00:00:06.568,634] [1;31m<err> analog_axis_hires: Could not setup channel #1 (-5)[0m
[00:00:06.576,385] [1;31m<err> ads1220: config2 mismatch! 0x10 != 0x00[0m
[00:00:06.576,507] [1;31m<err> ads1220: config2 mismatch! 0x15 != 0x00[0m
[00:00:06.576,660] [1;31m<err> ads1220: config0 mismatch! 0x3C != 0x1C[0m
[00:00:06.576,660] [1;31m<err> analog_axis_hires: Could not setup channel #1 (-5)[0m
[00:00:06.584,411] [1;31m<err> ads1220: config2 mismatch! 0x10 != 0x00[0m
[00:00:06.584,564] [1;31m<err> ads1220: config2 mismatch! 0x15 != 0x00[0m
[00:00:06.584,686] [1;31m<err> ads1220: config0 mismatch! 0x3C != 0x1C[0m
[00:00:06.584,686] [1;31m<err> analog_axis_hires: Could not setup channel #1 (-5)[0m
[00:00:06.592,407] [1;31m<err> ads1220: config2 mismatch! 0x10 != 0x00[0m
[00:00:06.592,559] [1;31m<err> ads1220: config2 mismatch! 0x15 != 0x00[0m
[00:00:06.592,712] [1;31m<err> ads1220: config0 mismatch! 0x3C != 0x1C[0m
[00:00:06.592,712] [1;31m<err> analog_axis_hires: Could not setup channel #1 (-5)[0m
[00:00:06.600,463] [1;31m<err> ads1220: config2 mismatch! 0x10 != 0x00[0m
[00:00:06.600,585] [1;31m<err> ads1220: config2 mismatch! 0x15 != 0x00[0m
[00:00:06.600,738] [1;31m<err> ads1220: config0 mismatch! 0x3C != 0x1C[0m
[00:00:06.600,738] [1;31m<err> analog_axis_hires: Could not setup channel #1 (-5)[0m
[00:00:06.608,520] [1;31m<err> ads1220: config2 mismatch! 0x10 != 0x00[0m
[00:00:06.608,642] [1;31m<err> ads1220: config2 mismatch! 0x15 != 0x00[0m
[00:00:06.608,764] [1;31m<err> ads1220: config0 mismatch! 0x3C != 0x1C[0m
[00:00:06.608,795] [1;31m<err> analog_axis_hires: Could not setup channel #1 (-5)[0m
[00:00:06.616,485] [1;31m<err> ads1220: config2 mismatch! 0x10 != 0x00[0m
[00:00:06.616,638] [1;31m<err> ads1220: config2 mismatch! 0x15 != 0x00[0m
[00:00:06.616,790] [1;31m<err> ads1220: config0 mismatch! 0x3C != 0x1C[0m
[00:00:06.616,790] [1;31m<err> analog_axis_hires: Could not setup channel #1 (-5)[0m
[00:00:06.624,542] [1;31m<err> ads1220: config2 mismatch! 0x10 != 0x00[0m
[00:00:06.624,664] [1;31m<err> ads1220: config2 mismatch! 0x15 != 0x00[0m
[00:00:06.624,816] [1;31m<err> ads1220: config0 mismatch! 0x3C != 0x1C[0m
[00:00:06.624,816] [1;31m<err> analog_axis_hires: Could not setup channel #1 (-5)[0m
[00:00:06.632,598] [1;31m<err> ads1220: config2 mismatch! 0x10 != 0x00[0m
[00:00:06.632,720] [1;31m<err> ads1220: config2 mismatch! 0x15 != 0x00[0m
[00:00:06.632,843] [1;31m<err> ads1220: config0 mismatch! 0x3C != 0x1C[0m
[00:00:06.632,843] [1;31m<err> analog_axis_hires: Could not setup channel #1 (-5)[0m
[00:00:06.640,563] [1;31m<err> ads1220: config2 mismatch! 0x10 != 0x00[0m
[00:00:06.640,716] [1;31m<err> ads1220: config2 mismatch! 0x15 != 0x00[0m
[00:00:06.640,869] [1;31m<err> ads1220: config0 mismatch! 0x3C != 0x1C[0m
[00:00:06.640,869] [1;31m<err> analog_axis_hires: Could not setup channel #1 (-5)[0m
[00:00:06.648,620] [1;31m<err> ads1220: config2 mismatch! 0x10 != 0x00[0m
[00:00:06.648,742] [1;31m<err> ads1220: config2 mismatch! 0x15 != 0x00[0m
[00:00:06.648,895] [1;31m<err> ads1220: config0 mismatch! 0x3C != 0x1C[0m
[00:00:06.648,895] [1;31m<err> analog_axis_hires: Could not setup channel #1 (-5)[0m
[00:00:06.656,677] [1;31m<err> ads1220: config2 mismatch! 0x10 != 0x00[0m
[00:00:06.656,799] [1;31m<err> ads1220: config2 mismatch! 0x15 != 0x00[0m
[00:00:06.656,921] [1;31m<err> ads1220: config0 mismatch! 0x3C != 0x1C[0m
[00:00:06.656,951] [1;31m<err> analog_axis_hires: Could not setup channel #1 (-5)[0m
[00:00:06.664,642] [1;31m<err> ads1220: config2 mismatch! 0x10 != 0x00[0m
[00:00:06.664,794] [1;31m<err> ads1220: config2 mismatch! 0x15 != 0x00[0m
[00:00:06.664,947] [1;31m<err> ads1220: config0 mismatch! 0x3C != 0x1C[0m
[00:00:06.664,947] [1;31m<err> analog_axis_hires: Could not setup channel #1 (-5)[0m
[00:00:06.672,698] [1;31m<err> ads1220: config2 mismatch! 0x10 != 0x00[0m
[00:00:06.672,821] [1;31m<err> ads1220: config2 mismatch! 0x15 != 0x00[0m
[00:00:06.672,973] [1;31m<err> ads1220: config0 mismatch! 0x3C != 0x1C[0m
[00:00:06.672,973] [1;31m<err> analog_axis_hires: Could not setup channel #1 (-5)[0m
[00:00:06.680,755] [1;31m<err> ads1220: config2 mismatch! 0x10 != 0x00[0m
[00:00:06.680,877] [1;31m<err> ads1220: config2 mismatch! 0x15 != 0x00[0m
[00:00:06.680,999] [1;31m<err> ads1220: config0 mismatch! 0x3C != 0x1C[0m
[00:00:06.681,030] [1;31m<err> analog_axis_hires: Could not setup channel #1 (-5)[0m
[00:00:06.688,720] [1;31m<err> ads1220: config2 mismatch! 0x10 != 0x00[0m
[00:00:06.688,873] [1;31m<err> ads1220: config2 mismatch! 0x15 != 0x00[0m
[00:00:06.689,025] [1;31m<err> ads1220: config0 mismatch! 0x3C != 0x1C[0m
[00:00:06.689,025] [1;31m<err> analog_axis_hires: Could not setup channel #1 (-5)[0m
[00:00:06.696,777] [1;31m<err> ads1220: config2 mismatch! 0x10 != 0x00[0m
[00:00:06.696,899] [1;31m<err> ads1220: config2 mismatch! 0x15 != 0x00[0m
[00:00:06.697,052] [1;31m<err> ads1220: config0 mismatch! 0x3C != 0x1C[0m
[00:00:06.697,052] [1;31m<err> analog_axis_hires: Could not setup channel #1 (-5)[0m
[00:00:06.704,833] [1;31m<err> ads1220: config2 mismatch! 0x10 != 0x00[0m
[00:00:06.704,956] [1;31m<err> ads1220: config2 mismatch! 0x15 != 0x00[0m
[00:00:06.705,078] [1;31m<err> ads1220: config0 mismatch! 0x3C != 0x1C[0m
[00:00:06.705,108] [1;31m<err> analog_axis_hires: Could not setup channel #1 (-5)[0m
[00:00:06.712,799] [1;31m<err> ads1220: config2 mismatch! 0x10 != 0x00[0m
[00:00:06.712,951] [1;31m<err> ads1220: config2 mismatch! 0x15 != 0x00[0m
[00:00:06.713,104] [1;31m<err> ads1220: config0 mismatch! 0x3C != 0x1C[0m
[00:00:06.713,104] [1;31m<err> analog_axis_hires: Could not setup channel #1 (-5)[0m
[00:00:06.720,855] [1;31m<err> ads1220: config2 mismatch! 0x10 != 0x00[0m
[00:00:06.720,977] [1;31m<err> ads1220: config2 mismatch! 0x15 != 0x00[0m
[00:00:06.721,130] [1;31m<err> ads1220: config0 mismatch! 0x3C != 0x1C[0m
[00:00:06.721,130] [1;31m<err> analog_axis_hires: Could not setup channel #1 (-5)[0m
[00:00:06.728,912] [1;31m<err> ads1220: config2 mismatch! 0x10 != 0x00[0m
[00:00:06.729,034] [1;31m<err> ads1220: config2 mismatch! 0x15 != 0x00[0m
[00:00:06.729,187] [1;31m<err> ads1220: config0 mismatch! 0x3C != 0x1C[0m
[00:00:06.729,187] [1;31m<err> analog_axis_hires: Could not setup channel #1 (-5)[0m
[00:00:06.736,877] [1;31m<err> ads1220: config2 mismatch! 0x10 != 0x00[0m
[00:00:06.737,030] [1;31m<err> ads1220: config2 mismatch! 0x15 != 0x00[0m
[00:00:06.737,182] [1;31m<err> ads1220: config0 mismatch! 0x3C != 0x1C[0m
[00:00:06.737,182] [1;31m<err> analog_axis_hires: Could not setup channel #1 (-5)[0m
[00:00:06.744,934] [1;31m<err> ads1220: config2 mismatch! 0x10 != 0x00[0m
[00:00:06.745,056] [1;31m<err> ads1220: config2 mismatch! 0x15 != 0x00[0m
[00:00:06.745,208] [1;31m<err> ads1220: config0 mismatch! 0x3C != 0x1C[0m
[00:00:06.745,208] [1;31m<err> analog_axis_hires: Could not setup channel #1 (-5)[0m
[00:00:06.752,990] [1;31m<err> ads1220: config2 mismatch! 0x10 != 0x00[0m
[00:00:06.753,112] [1;31m<err> ads1220: config2 mismatch! 0x15 != 0x00[0m
[00:00:06.753,234] [1;31m<err> ads1220: config0 mismatch! 0x3C != 0x1C[0m
[00:00:06.753,265] [1;31m<err> analog_axis_hires: Could not setup channel #1 (-5)[0m
[00:00:06.760,955] [1;31m<err> ads1220: config2 mismatch! 0x10 != 0x00[0m
[00:00:06.761,108] [1;31m<err> ads1220: config2 mismatch! 0x15 != 0x00[0m
[00:00:06.761,260] [1;31m<err> ads1220: config0 mismatch! 0x3C != 0x1C[0m
[00:00:06.761,260] [1;31m<err> analog_axis_hires: Could not setup channel #1 (-5)[0m
[00:00:06.769,012] [1;31m<err> ads1220: config2 mismatch! 0x10 != 0x00[0m
[00:00:06.769,134] [1;31m<err> ads1220: config2 mismatch! 0x15 != 0x00[0m
[00:00:06.769,287] [1;31m<err> ads1220: config0 mismatch! 0x3C != 0x1C[0m
[00:00:06.769,287] [1;31m<err> analog_axis_hires: Could not setup channel #1 (-5)[0m
[00:00:06.777,038] [1;31m<err> ads1220: config2 mismatch! 0x10 != 0x00[0m
[00:00:06.777,160] [1;31m<err> ads1220: config2 mismatch! 0x15 != 0x00[0m
[00:00:06.777,282] [1;31m<err> ads1220: config0 mismatch! 0x3C != 0x1C[0m
[00:00:06.777,282] [1;31m<err> analog_axis_hires: Could not setup channel #1 (-5)[0m
[00:00:06.785,034] [1;31m<err> ads1220: config2 mismatch! 0x10 != 0x00[0m
[00:00:06.785,186] [1;31m<err> ads1220: config2 mismatch! 0x15 != 0x00[0m
[00:00:06.785,339] [1;31m<err> ads1220: config0 mismatch! 0x3C != 0x1C[0m
[00:00:06.785,339] [1;31m<err> analog_axis_hires: Could not setup channel #1 (-5)[0m
[00:00:06.793,090] [1;31m<err> ads1220: config2 mismatch! 0x10 != 0x00[0m
[00:00:06.793,212] [1;31m<err> ads1220: config2 mismatch! 0x15 != 0x00[0m
[00:00:06.793,365] [1;31m<err> ads1220: config0 mismatch! 0x3C != 0x1C[0m
[00:00:06.793,365] [1;31m<err> analog_axis_hires: Could not setup channel #1 (-5)[0m
[00:00:06.801,147] [1;31m<err> ads1220: config2 mismatch! 0x10 != 0x00[0m
[00:00:06.801,269] [1;31m<err> ads1220: config2 mismatch! 0x15 != 0x00[0m
[00:00:06.801,422] [1;31m<err> ads1220: config0 mismatch! 0x3C != 0x1C[0m
[00:00:06.801,422] [1;31m<err> analog_axis_hires: Could not setup channel #1 (-5)[0m
[00:00:06.809,112] [1;31m<err> ads1220: config2 mismatch! 0x10 != 0x00[0m
[00:00:06.809,265] [1;31m<err> ads1220: config2 mismatch! 0x15 != 0x00[0m
[00:00:06.809,417] [1;31m<err> ads1220: config0 mismatch! 0x3C != 0x1C[0m
[00:00:06.809,417] [1;31m<err> analog_axis_hires: Could not setup channel #1 (-5)[0m
[00:00:06.817,169] [1;31m<err> ads1220: config2 mismatch! 0x10 != 0x00[0m
[00:00:06.817,291] [1;31m<err> ads1220: config2 mismatch! 0x15 != 0x00[0m
[00:00:06.817,443] [1;31m<err> ads1220: config0 mismatch! 0x3C != 0x1C[0m
[00:00:06.817,443] [1;31m<err> analog_axis_hires: Could not setup channel #1 (-5)[0m
[00:00:06.825,225] [1;31m<err> ads1220: config2 mismatch! 0x10 != 0x00[0m
[00:00:06.825,347] [1;31m<err> ads1220: config2 mismatch! 0x15 != 0x00[0m
[00:00:06.825,500] [1;31m<err> ads1220: config0 mismatch! 0x3C != 0x1C[0m
[00:00:06.825,500] [1;31m<err> analog_axis_hires: Could not setup channel #1 (-5)[0m
[00:00:06.833,190] [1;31m<err> ads1220: config2 mismatch! 0x10 != 0x00[0m
[00:00:06.833,343] [1;31m<err> ads1220: config2 mismatch! 0x15 != 0x00[0m
[00:00:06.833,496] [1;31m<err> ads1220: config0 mismatch! 0x3C != 0x1C[0m
[00:00:06.833,496] [1;31m<err> analog_axis_hires: Could not setup channel #1 (-5)[0m
[00:00:06.841,247] [1;31m<err> ads1220: config2 mismatch! 0x10 != 0x00[0m
[00:00:06.841,369] [1;31m<err> ads1220: config2 mismatch! 0x15 != 0x00[0m
[00:00:06.841,522] [1;31m<err> ads1220: config0 mismatch! 0x3C != 0x1C[0m
[00:00:06.841,522] [1;31m<err> analog_axis_hires: Could not setup channel #1 (-5)[0m
[00:00:06.849,273] [1;31m<err> ads1220: config2 mismatch! 0x10 != 0x00[0m
[00:00:06.849,426] [1;31m<err> ads1220: config2 mismatch! 0x15 != 0x00[0m
[00:00:06.849,548] [1;31m<err> ads1220: config0 mismatch! 0x3C != 0x1C[0m
[00:00:06.849,548] [1;31m<err> analog_axis_hires: Could not setup channel #1 (-5)[0m
[00:00:06.857,269] [1;31m<err> ads1220: config2 mismatch! 0x10 != 0x00[0m
[00:00:06.857,421] [1;31m<err> ads1220: config2 mismatch! 0x15 != 0x00[0m
[00:00:06.857,574] [1;31m<err> ads1220: config0 mismatch! 0x3C != 0x1C[0m
[00:00:06.857,574] [1;31m<err> analog_axis_hires: Could not setup channel #1 (-5)[0m
[00:00:06.865,325] [1;31m<err> ads1220: config2 mismatch! 0x10 != 0x00[0m
[00:00:06.865,447] [1;31m<err> ads1220: config2 mismatch! 0x15 != 0x00[0m
[00:00:06.865,600] [1;31m<err> ads1220: config0 mismatch! 0x3C != 0x1C[0m
[00:00:06.865,600] [1;31m<err> analog_axis_hires: Could not setup channel #1 (-5)[0m
[00:00:06.873,352] [1;31m<err> ads1220: config2 mismatch! 0x10 != 0x00[0m
[00:00:06.873,504] [1;31m<err> ads1220: config2 mismatch! 0x15 != 0x00[0m
[00:00:06.873,626] [1;31m<err> ads1220: config0 mismatch! 0x3C != 0x1C[0m
[00:00:06.873,626] [1;31m<err> analog_axis_hires: Could not setup channel #1 (-5)[0m
[00:00:06.881,378] [1;31m<err> ads1220: config2 mismatch! 0x10 != 0x00[0m
[00:00:06.881,500] [1;31m<err> ads1220: config2 mismatch! 0x15 != 0x00[0m
[00:00:06.881,652] [1;31m<err> ads1220: config0 mismatch! 0x3C != 0x1C[0m
[00:00:06.881,652] [1;31m<err> analog_axis_hires: Could not setup channel #1 (-5)[0m
[00:00:06.889,404] [1;31m<err> ads1220: config2 mismatch! 0x10 != 0x00[0m
[00:00:06.889,526] [1;31m<err> ads1220: config2 mismatch! 0x15 != 0x00[0m
[00:00:06.889,678] [1;31m<err> ads1220: config0 mismatch! 0x3C != 0x1C[0m
[00:00:06.889,678] [1;31m<err> analog_axis_hires: Could not setup channel #1 (-5)[0m
[00:00:06.897,430] [1;31m<err> ads1220: config2 mismatch! 0x10 != 0x00[0m
[00:00:06.897,552] [1;31m<err> ads1220: config2 mismatch! 0x15 != 0x00[0m
[00:00:06.897,705] [1;31m<err> ads1220: config0 mismatch! 0x3C != 0x1C[0m
[00:00:06.897,705] [1;31m<err> analog_axis_hires: Could not setup channel #1 (-5)[0m
[00:00:06.905,426] [1;31m<err> ads1220: config2 mismatch! 0x10 != 0x00[0m
[00:00:06.905,578] [1;31m<err> ads1220: config2 mismatch! 0x15 != 0x00[0m
[00:00:06.905,731] [1;31m<err> ads1220: config0 mismatch! 0x3C != 0x1C[0m
[00:00:06.905,731] [1;31m<err> analog_axis_hires: Could not setup channel #1 (-5)[0m
[00:00:06.913,482] [1;31m<err> ads1220: config2 mismatch! 0x10 != 0x00[0m
[00:00:06.913,604] [1;31m<err> ads1220: config2 mismatch! 0x15 != 0x00[0m
[00:00:06.913,757] [1;31m<err> ads1220: config0 mismatch! 0x3C != 0x1C[0m
[00:00:06.913,757] [1;31m<err> analog_axis_hires: Could not setup channel #1 (-5)[0m
[00:00:06.921,539] [1;31m<err> ads1220: config2 mismatch! 0x10 != 0x00[0m
[00:00:06.921,661] [1;31m<err> ads1220: config2 mismatch! 0x15 != 0x00[0m
[00:00:06.921,783] [1;31m<err> ads1220: config0 mismatch! 0x3C != 0x1C[0m
[00:00:06.921,783] [1;31m<err> analog_axis_hires: Could not setup channel #1 (-5)[0m
[00:00:06.929,504] [1;31m<err> ads1220: config2 mismatch! 0x10 != 0x00[0m
[00:00:06.929,656] [1;31m<err> ads1220: config2 mismatch! 0x15 != 0x00[0m
[00:00:06.929,809] [1;31m<err> ads1220: config0 mismatch! 0x3C != 0x1C[0m
[00:00:06.929,809] [1;31m<err> analog_axis_hires: Could not setup channel #1 (-5)[0m
[00:00:06.937,561] [1;31m<err> ads1220: config2 mismatch! 0x10 != 0x00[0m
[00:00:06.937,683] [1;31m<err> ads1220: config2 mismatch! 0x15 != 0x00[0m
[00:00:06.937,835] [1;31m<err> ads1220: config0 mismatch! 0x3C != 0x1C[0m
[00:00:06.937,835] [1;31m<err> analog_axis_hires: Could not setup channel #1 (-5)[0m
[00:00:06.945,617] [1;31m<err> ads1220: config2 mismatch! 0x10 != 0x00[0m
[00:00:06.945,739] [1;31m<err> ads1220: config2 mismatch! 0x15 != 0x00[0m
[00:00:06.945,861] [1;31m<err> ads1220: config0 mismatch! 0x3C != 0x1C[0m
[00:00:06.945,861] [1;31m<err> analog_axis_hires: Could not setup channel #1 (-5)[0m
[00:00:06.953,582] [1;31m<err> ads1220: config2 mismatch! 0x10 != 0x00[0m
[00:00:06.953,735] [1;31m<err> ads1220: config2 mismatch! 0x15 != 0x00[0m
[00:00:06.953,887] [1;31m<err> ads1220: config0 mismatch! 0x3C != 0x1C[0m
[00:00:06.953,887] [1;31m<err> analog_axis_hires: Could not setup channel #1 (-5)[0m
[00:00:06.961,639] [1;31m<err> ads1220: config2 mismatch! 0x10 != 0x00[0m
[00:00:06.961,761] [1;31m<err> ads1220: config2 mismatch! 0x15 != 0x00[0m
[00:00:06.961,914] [1;31m<err> ads1220: config0 mismatch! 0x3C != 0x1C[0m
[00:00:06.961,914] [1;31m<err> analog_axis_hires: Could not setup channel #1 (-5)[0m
[00:00:06.969,696] [1;31m<err> ads1220: config2 mismatch! 0x10 != 0x00[0m
[00:00:06.969,818] [1;31m<err> ads1220: config2 mismatch! 0x15 != 0x00[0m
[00:00:06.969,940] [1;31m<err> ads1220: config0 mismatch! 0x3C != 0x1C[0m
[00:00:06.969,940] [1;31m<err> analog_axis_hires: Could not setup channel #1 (-5)[0m
[00:00:06.977,661] [1;31m<err> ads1220: config2 mismatch! 0x10 != 0x00[0m
[00:00:06.977,813] [1;31m<err> ads1220: config2 mismatch! 0x15 != 0x00[0m
[00:00:06.977,966] [1;31m<err> ads1220: config0 mismatch! 0x3C != 0x1C[0m
[00:00:06.977,966] [1;31m<err> analog_axis_hires: Could not setup channel #1 (-5)[0m
[00:00:06.985,717] [1;31m<err> ads1220: config2 mismatch! 0x10 != 0x00[0m
[00:00:06.985,839] [1;31m<err> ads1220: config2 mismatch! 0x15 != 0x00[0m
[00:00:06.985,992] [1;31m<err> ads1220: config0 mismatch! 0x3C != 0x1C[0m
[00:00:06.985,992] [1;31m<err> analog_axis_hires: Could not setup channel #1 (-5)[0m
[00:00:06.993,774] [1;31m<err> ads1220: config2 mismatch! 0x10 != 0x00[0m
[00:00:06.993,896] [1;31m<err> ads1220: config2 mismatch! 0x15 != 0x00[0m
[00:00:06.994,018] [1;31m<err> ads1220: config0 mismatch! 0x3C != 0x1C[0m
[00:00:06.994,049] [1;31m<err> analog_axis_hires: Could not setup channel #1 (-5)[0m
[00:00:07.001,739] [1;31m<err> ads1220: config2 mismatch! 0x10 != 0x00[0m
[00:00:07.001,892] [1;31m<err> ads1220: config2 mismatch! 0x15 != 0x00[0m
[00:00:07.002,044] [1;31m<err> ads1220: config0 mismatch! 0x3C != 0x1C[0m
[00:00:07.002,044] [1;31m<err> analog_axis_hires: Could not setup channel #1 (-5)[0m
[00:00:07.009,796] [1;31m<err> ads1220: config2 mismatch! 0x10 != 0x00[0m
[00:00:07.009,918] [1;31m<err> ads1220: config2 mismatch! 0x15 != 0x00[0m
[00:00:07.010,070] [1;31m<err> ads1220: config0 mismatch! 0x3C != 0x1C[0m
[00:00:07.010,070] [1;31m<err> analog_axis_hires: Could not setup channel #1 (-5)[0m
[00:00:07.017,852] [1;31m<err> ads1220: config2 mismatch! 0x10 != 0x00[0m
[00:00:07.017,974] [1;31m<err> ads1220: config2 mismatch! 0x15 != 0x00[0m
[00:00:07.018,096] [1;31m<err> ads1220: config0 mismatch! 0x3C != 0x1C[0m
[00:00:07.018,127] [1;31m<err> analog_axis_hires: Could not setup channel #1 (-5)[0m
[00:00:07.025,817] [1;31m<err> ads1220: config2 mismatch! 0x10 != 0x00[0m
[00:00:07.025,970] [1;31m<err> ads1220: config2 mismatch! 0x15 != 0x00[0m
[00:00:07.026,123] [1;31m<err> ads1220: config0 mismatch! 0x3C != 0x1C[0m
[00:00:07.026,123] [1;31m<err> analog_axis_hires: Could not setup channel #1 (-5)[0m
[00:00:07.033,874] [1;31m<err> ads1220: config2 mismatch! 0x10 != 0x00[0m
[00:00:07.033,996] [1;31m<err> ads1220: config2 mismatch! 0x15 != 0x00[0m
[00:00:07.034,149] [1;31m<err> ads1220: config0 mismatch! 0x3C != 0x1C[0m
[00:00:07.034,149] [1;31m<err> analog_axis_hires: Could not setup channel #1 (-5)[0m
[00:00:07.041,931] [1;31m<err> ads1220: config2 mismatch! 0x10 != 0x00[0m
[00:00:07.042,053] [1;31m<err> ads1220: config2 mismatch! 0x15 != 0x00[0m
[00:00:07.042,175] [1;31m<err> ads1220: config0 mismatch! 0x3C != 0x1C[0m
[00:00:07.042,205] [1;31m<err> analog_axis_hires: Could not setup channel #1 (-5)[0m
[00:00:07.049,896] [1;31m<err> ads1220: config2 mismatch! 0x10 != 0x00[0m
[00:00:07.050,048] [1;31m<err> ads1220: config2 mismatch! 0x15 != 0x00[0m
[00:00:07.050,201] [1;31m<err> ads1220: config0 mismatch! 0x3C != 0x1C[0m
[00:00:07.050,201] [1;31m<err> analog_axis_hires: Could not setup channel #1 (-5)[0m
[00:00:07.057,952] [1;31m<err> ads1220: config2 mismatch! 0x10 != 0x00[0m
[00:00:07.058,074] [1;31m<err> ads1220: config2 mismatch! 0x15 != 0x00[0m
[00:00:07.058,227] [1;31m<err> ads1220: config0 mismatch! 0x3C != 0x1C[0m
[00:00:07.058,227] [1;31m<err> analog_axis_hires: Could not setup channel #1 (-5)[0m
[00:00:07.066,009] [1;31m<err> ads1220: config2 mismatch! 0x10 != 0x00[0m
[00:00:07.066,131] [1;31m<err> ads1220: config2 mismatch! 0x15 != 0x00[0m
[00:00:07.066,253] [1;31m<err> ads1220: config0 mismatch! 0x3C != 0x1C[0m
[00:00:07.066,284] [1;31m<err> analog_axis_hires: Could not setup channel #1 (-5)[0m
[00:00:07.073,974] [1;31m<err> ads1220: config2 mismatch! 0x10 != 0x00[0m
[00:00:07.074,127] [1;31m<err> ads1220: config2 mismatch! 0x15 != 0x00[0m
[00:00:07.074,279] [1;31m<err> ads1220: config0 mismatch! 0x3C != 0x1C[0m
[00:00:07.074,279] [1;31m<err> analog_axis_hires: Could not setup channel #1 (-5)[0m
[00:00:07.082,031] [1;31m<err> ads1220: config2 mismatch! 0x10 != 0x00[0m
[00:00:07.082,153] [1;31m<err> ads1220: config2 mismatch! 0x15 != 0x00[0m
[00:00:07.082,305] [1;31m<err> ads1220: config0 mismatch! 0x3C != 0x1C[0m
[00:00:07.082,305] [1;31m<err> analog_axis_hires: Could not setup channel #1 (-5)[0m
[00:00:07.090,087] [1;31m<err> ads1220: config2 mismatch! 0x10 != 0x00[0m
[00:00:07.090,209] [1;31m<err> ads1220: config2 mismatch! 0x15 != 0x00[0m
[00:00:07.090,362] [1;31m<err> ads1220: config0 mismatch! 0x3C != 0x1C[0m
[00:00:07.090,362] [1;31m<err> analog_axis_hires: Could not setup channel #1 (-5)[0m
[00:00:07.098,052] [1;31m<err> ads1220: config2 mismatch! 0x10 != 0x00[0m
[00:00:07.098,205] [1;31m<err> ads1220: config2 mismatch! 0x15 != 0x00[0m
[00:00:07.098,358] [1;31m<err> ads1220: config0 mismatch! 0x3C != 0x1C[0m
[00:00:07.098,358] [1;31m<err> analog_axis_hires: Could not setup channel #1 (-5)[0m
[00:00:07.106,109] [1;31m<err> ads1220: config2 mismatch! 0x10 != 0x00[0m
[00:00:07.106,231] [1;31m<err> ads1220: config2 mismatch! 0x15 != 0x00[0m
[00:00:07.106,384] [1;31m<err> ads1220: config0 mismatch! 0x3C != 0x1C[0m
[00:00:07.106,384] [1;31m<err> analog_axis_hires: Could not setup channel #1 (-5)[0m
[00:00:07.114,166] [1;31m<err> ads1220: config2 mismatch! 0x10 != 0x00[0m
[00:00:07.114,288] [1;31m<err> ads1220: config2 mismatch! 0x15 != 0x00[0m
[00:00:07.114,410] [1;31m<err> ads1220: config0 mismatch! 0x3C != 0x1C[0m
[00:00:07.114,440] [1;31m<err> analog_axis_hires: Could not setup channel #1 (-5)[0m
[00:00:07.122,131] [1;31m<err> ads1220: config2 mismatch! 0x10 != 0x00[0m
[00:00:07.122,283] [1;31m<err> ads1220: config2 mismatch! 0x15 != 0x00[0m
[00:00:07.122,436] [1;31m<err> ads1220: config0 mismatch! 0x3C != 0x1C[0m
[00:00:07.122,436] [1;31m<err> analog_axis_hires: Could not setup channel #1 (-5)[0m
[00:00:07.130,187] [1;31m<err> ads1220: config2 mismatch! 0x10 != 0x00[0m
[00:00:07.130,310] [1;31m<err> ads1220: config2 mismatch! 0x15 != 0x00[0m
[00:00:07.130,462] [1;31m<err> ads1220: config0 mismatch! 0x3C != 0x1C[0m
[00:00:07.130,462] [1;31m<err> analog_axis_hires: Could not setup channel #1 (-5)[0m
[00:00:07.138,244] [1;31m<err> ads1220: config2 mismatch! 0x10 != 0x00[0m
[00:00:07.138,366] [1;31m<err> ads1220: config2 mismatch! 0x15 != 0x00[0m
[00:00:07.138,519] [1;31m<err> ads1220: config0 mismatch! 0x3C != 0x1C[0m
[00:00:07.138,519] [1;31m<err> analog_axis_hires: Could not setup channel #1 (-5)[0m
[00:00:07.146,240] [1;31m<err> ads1220: config2 mismatch! 0x10 != 0x00[0m
[00:00:07.146,392] [1;31m<err> ads1220: config2 mismatch! 0x15 != 0x00[0m
[00:00:07.146,514] [1;31m<err> ads1220: config0 mismatch! 0x3C != 0x1C[0m
[00:00:07.146,545] [1;31m<err> analog_axis_hires: Could not setup channel #1 (-5)[0m
[00:00:07.154,266] [1;31m<err> ads1220: config2 mismatch! 0x10 != 0x00[0m
[00:00:07.154,388] [1;31m<err> ads1220: config2 mismatch! 0x15 != 0x00[0m
[00:00:07.154,541] [1;31m<err> ads1220: config0 mismatch! 0x3C != 0x1C[0m
[00:00:07.154,541] [1;31m<err> analog_axis_hires: Could not setup channel #1 (-5)[0m
[00:00:07.162,322] [1;31m<err> ads1220: config2 mismatch! 0x10 != 0x00[0m
[00:00:07.162,445] [1;31m<err> ads1220: config2 mismatch! 0x15 != 0x00[0m
[00:00:07.162,567] [1;31m<err> ads1220: config0 mismatch! 0x3C != 0x1C[0m
[00:00:07.162,597] [1;31m<err> analog_axis_hires: Could not setup channel #1 (-5)[0m
[00:00:07.170,288] [1;31m<err> ads1220: config2 mismatch! 0x10 != 0x00[0m
[00:00:07.170,440] [1;31m<err> ads1220: config2 mismatch! 0x15 != 0x00[0m
[00:00:07.170,593] [1;31m<err> ads1220: config0 mismatch! 0x3C != 0x1C[0m
[00:00:07.170,593] [1;31m<err> analog_axis_hires: Could not setup channel #1 (-5)[0m
[00:00:07.178,344] [1;31m<err> ads1220: config2 mismatch! 0x10 != 0x00[0m
[00:00:07.178,466] [1;31m<err> ads1220: config2 mismatch! 0x15 != 0x00[0m
[00:00:07.178,619] [1;31m<err> ads1220: config0 mismatch! 0x3C != 0x1C[0m
[00:00:07.178,619] [1;31m<err> analog_axis_hires: Could not setup channel #1 (-5)[0m
[00:00:07.186,401] [1;31m<err> ads1220: config2 mismatch! 0x10 != 0x00[0m
[00:00:07.186,523] [1;31m<err> ads1220: config2 mismatch! 0x15 != 0x00[0m
[00:00:07.186,645] [1;31m<err> ads1220: config0 mismatch! 0x3C != 0x1C[0m
[00:00:07.186,676] [1;31m<err> analog_axis_hires: Could not setup channel #1 (-5)[0m
[00:00:07.194,366] [1;31m<err> ads1220: config2 mismatch! 0x10 != 0x00[0m
[00:00:07.194,519] [1;31m<err> ads1220: config2 mismatch! 0x15 != 0x00[0m
[00:00:07.194,671] [1;31m<err> ads1220: config0 mismatch! 0x3C != 0x1C[0m
[00:00:07.194,671] [1;31m<err> analog_axis_hires: Could not setup channel #1 (-5)[0m
[00:00:07.202,423] [1;31m<err> ads1220: config2 mismatch! 0x10 != 0x00[0m
[00:00:07.202,545] [1;31m<err> ads1220: config2 mismatch! 0x15 != 0x00[0m
[00:00:07.202,697] [1;31m<err> ads1220: config0 mismatch! 0x3C != 0x1C[0m
[00:00:07.202,697] [1;31m<err> analog_axis_hires: Could not setup channel #1 (-5)[0m
[00:00:07.210,479] [1;31m<err> ads1220: config2 mismatch! 0x10 != 0x00[0m
[00:00:07.210,601] [1;31m<err> ads1220: config2 mismatch! 0x15 != 0x00[0m
[00:00:07.210,723] [1;31m<err> ads1220: config0 mismatch! 0x3C != 0x1C[0m
[00:00:07.210,754] [1;31m<err> analog_axis_hires: Could not setup channel #1 (-5)[0m
[00:00:07.218,444] [1;31m<err> ads1220: config2 mismatch! 0x10 != 0x00[0m
[00:00:07.218,597] [1;31m<err> ads1220: config2 mismatch! 0x15 != 0x00[0m
[00:00:07.218,750] [1;31m<err> ads1220: config0 mismatch! 0x3C != 0x1C[0m
[00:00:07.218,750] [1;31m<err> analog_axis_hires: Could not setup channel #1 (-5)[0m
[00:00:07.226,501] [1;31m<err> ads1220: config2 mismatch! 0x10 != 0x00[0m
[00:00:07.226,623] [1;31m<err> ads1220: config2 mismatch! 0x15 != 0x00[0m
[00:00:07.226,776] [1;31m<err> ads1220: config0 mismatch! 0x3C != 0x1C[0m
[00:00:07.226,776] [1;31m<err> analog_axis_hires: Could not setup channel #1 (-5)[0m
[00:00:07.234,527] [1;31m<err> ads1220: config2 mismatch! 0x10 != 0x00[0m
[00:00:07.234,680] [1;31m<err> ads1220: config2 mismatch! 0x15 != 0x00[0m
[00:00:07.234,802] [1;31m<err> ads1220: config0 mismatch! 0x3C != 0x1C[0m
[00:00:07.234,802] [1;31m<err> analog_axis_hires: Could not setup channel #1 (-5)[0m
[00:00:07.242,523] [1;31m<err> ads1220: config2 mismatch! 0x10 != 0x00[0m
[00:00:07.242,675] [1;31m<err> ads1220: config2 mismatch! 0x15 != 0x00[0m
[00:00:07.242,828] [1;31m<err> ads1220: config0 mismatch! 0x3C != 0x1C[0m
[00:00:07.242,828] [1;31m<err> analog_axis_hires: Could not setup channel #1 (-5)[0m
[00:00:07.250,579] [1;31m<err> ads1220: config2 mismatch! 0x10 != 0x00[0m
[00:00:07.250,701] [1;31m<err> ads1220: config2 mismatch! 0x15 != 0x00[0m
[00:00:07.250,854] [1;31m<err> ads1220: config0 mismatch! 0x3C != 0x1C[0m
[00:00:07.250,854] [1;31m<err> analog_axis_hires: Could not setup channel #1 (-5)[0m
[00:00:07.258,605] [1;31m<err> ads1220: config2 mismatch! 0x10 != 0x00[0m
[00:00:07.258,758] [1;31m<err> ads1220: config2 mismatch! 0x15 != 0x00[0m
[00:00:07.258,880] [1;31m<err> ads1220: config0 mismatch! 0x3C != 0x1C[0m
[00:00:07.258,880] [1;31m<err> analog_axis_hires: Could not setup channel #1 (-5)[0m
[00:00:07.266,601] [1;31m<err> ads1220: config2 mismatch! 0x10 != 0x00[0m
[00:00:07.266,754] [1;31m<err> ads1220: config2 mismatch! 0x15 != 0x00[0m
[00:00:07.266,906] [1;31m<err> ads1220: config0 mismatch! 0x3C != 0x1C[0m
[00:00:07.266,906] [1;31m<err> analog_axis_hires: Could not setup channel #1 (-5)[0m
[00:00:07.274,658] [1;31m<err> ads1220: config2 mismatch! 0x10 != 0x00[0m
[00:00:07.274,780] [1;31m<err> ads1220: config2 mismatch! 0x15 != 0x00[0m
[00:00:07.274,932] [1;31m<err> ads1220: config0 mismatch! 0x3C != 0x1C[0m
[00:00:07.274,932] [1;31m<err> analog_axis_hires: Could not setup channel #1 (-5)[0m
[00:00:07.282,714] [1;31m<err> ads1220: config2 mismatch! 0x10 != 0x00[0m
[00:00:07.282,836] [1;31m<err> ads1220: config2 mismatch! 0x15 != 0x00[0m
[00:00:07.282,958] [1;31m<err> ads1220: config0 mismatch! 0x3C != 0x1C[0m
[00:00:07.282,989] [1;31m<err> analog_axis_hires: Could not setup channel #1 (-5)[0m
[00:00:07.290,679] [1;31m<err> ads1220: config2 mismatch! 0x10 != 0x00[0m
[00:00:07.290,832] [1;31m<err> ads1220: config2 mismatch! 0x15 != 0x00[0m
[00:00:07.290,985] [1;31m<err> ads1220: config0 mismatch! 0x3C != 0x1C[0m
[00:00:07.290,985] [1;31m<err> analog_axis_hires: Could not setup channel #1 (-5)[0m
[00:00:07.298,736] [1;31m<err> ads1220: config2 mismatch! 0x10 != 0x00[0m
[00:00:07.298,858] [1;31m<err> ads1220: config2 mismatch! 0x15 != 0x00[0m
[00:00:07.299,011] [1;31m<err> ads1220: config0 mismatch! 0x3C != 0x1C[0m
[00:00:07.299,011] [1;31m<err> analog_axis_hires: Could not setup channel #1 (-5)[0m
[00:00:07.306,793] [1;31m<err> ads1220: config2 mismatch! 0x10 != 0x00[0m
[00:00:07.306,915] [1;31m<err> ads1220: config2 mismatch! 0x15 != 0x00[0m
[00:00:07.307,037] [1;31m<err> ads1220: config0 mismatch! 0x3C != 0x1C[0m
[00:00:07.307,037] [1;31m<err> analog_axis_hires: Could not setup channel #1 (-5)[0m
[00:00:07.314,758] [1;31m<err> ads1220: config2 mismatch! 0x10 != 0x00[0m
[00:00:07.314,910] [1;31m<err> ads1220: config2 mismatch! 0x15 != 0x00[0m
[00:00:07.315,063] [1;31m<err> ads1220: config0 mismatch! 0x3C != 0x1C[0m
[00:00:07.315,063] [1;31m<err> analog_axis_hires: Could not setup channel #1 (-5)[0m
[00:00:07.322,814] [1;31m<err> ads1220: config2 mismatch! 0x10 != 0x00[0m
[00:00:07.322,937] [1;31m<err> ads1220: config2 mismatch! 0x15 != 0x00[0m
[00:00:07.323,089] [1;31m<err> ads1220: config0 mismatch! 0x3C != 0x1C[0m
[00:00:07.323,089] [1;31m<err> analog_axis_hires: Could not setup channel #1 (-5)[0m
[00:00:07.330,841] [1;31m<err> ads1220: config2 mismatch! 0x10 != 0x00[0m
[00:00:07.330,963] [1;31m<err> ads1220: config2 mismatch! 0x15 != 0x00[0m
[00:00:07.331,085] [1;31m<err> ads1220: config0 mismatch! 0x3C != 0x1C[0m
[00:00:07.331,115] [1;31m<err> analog_axis_hires: Could not setup channel #1 (-5)[0m
[00:00:07.338,836] [1;31m<err> ads1220: config2 mismatch! 0x10 != 0x00[0m
[00:00:07.338,989] [1;31m<err> ads1220: config2 mismatch! 0x15 != 0x00[0m
[00:00:07.339,141] [1;31m<err> ads1220: config0 mismatch! 0x3C != 0x1C[0m
[00:00:07.339,141] [1;31m<err> analog_axis_hires: Could not setup channel #1 (-5)[0m
[00:00:07.346,893] [1;31m<err> ads1220: config2 mismatch! 0x10 != 0x00[0m
[00:00:07.347,015] [1;31m<err> ads1220: config2 mismatch! 0x15 != 0x00[0m
[00:00:07.347,167] [1;31m<err> ads1220: config0 mismatch! 0x3C != 0x1C[0m
[00:00:07.347,167] [1;31m<err> analog_axis_hires: Could not setup channel #1 (-5)[0m
[00:00:07.354,919] [1;31m<err> ads1220: config2 mismatch! 0x10 != 0x00[0m
[00:00:07.355,072] [1;31m<err> ads1220: config2 mismatch! 0x15 != 0x00[0m
[00:00:07.355,194] [1;31m<err> ads1220: config0 mismatch! 0x3C != 0x1C[0m
[00:00:07.355,194] [1;31m<err> analog_axis_hires: Could not setup channel #1 (-5)[0m
[00:00:07.362,915] [1;31m<err> ads1220: config2 mismatch! 0x10 != 0x00[0m
[00:00:07.363,067] [1;31m<err> ads1220: config2 mismatch! 0x15 != 0x00[0m
[00:00:07.363,220] [1;31m<err> ads1220: config0 mismatch! 0x3C != 0x1C[0m
[00:00:07.363,220] [1;31m<err> analog_axis_hires: Could not setup channel #1 (-5)[0m
[00:00:07.370,971] [1;31m<err> ads1220: config2 mismatch! 0x10 != 0x00[0m
[00:00:07.371,093] [1;31m<err> ads1220: config2 mismatch! 0x15 != 0x00[0m
[00:00:07.371,246] [1;31m<err> ads1220: config0 mismatch! 0x3C != 0x1C[0m
[00:00:07.371,246] [1;31m<err> analog_axis_hires: Could not setup channel #1 (-5)[0m
[00:00:07.379,028] [1;31m<err> ads1220: config2 mismatch! 0x10 != 0x00[0m
[00:00:07.379,150] [1;31m<err> ads1220: config2 mismatch! 0x15 != 0x00[0m
[00:00:07.379,272] [1;31m<err> ads1220: config0 mismatch! 0x3C != 0x1C[0m
[00:00:07.379,302] [1;31m<err> analog_axis_hires: Could not setup channel #1 (-5)[0m
[00:00:07.386,993] [1;31m<err> ads1220: config2 mismatch! 0x10 != 0x00[0m
[00:00:07.387,145] [1;31m<err> ads1220: config2 mismatch! 0x15 != 0x00[0m
[00:00:07.387,298] [1;31m<err> ads1220: config0 mismatch! 0x3C != 0x1C[0m
[00:00:07.387,298] [1;31m<err> analog_axis_hires: Could not setup channel #1 (-5)[0m
[00:00:07.395,050] [1;31m<err> ads1220: config2 mismatch! 0x10 != 0x00[0m
[00:00:07.395,172] [1;31m<err> ads1220: config2 mismatch! 0x15 != 0x00[0m
[00:00:07.395,324] [1;31m<err> ads1220: config0 mismatch! 0x3C != 0x1C[0m
[00:00:07.395,324] [1;31m<err> analog_axis_hires: Could not setup channel #1 (-5)[0m
[00:00:07.403,045] [1;31m<err> ads1220: config2 mismatch! 0x10 != 0x00[0m
[00:00:07.403,167] [1;31m<err> ads1220: config2 mismatch! 0x15 != 0x00[0m
[00:00:07.403,320] [1;31m<err> ads1220: config0 mismatch! 0x3C != 0x1C[0m
[00:00:07.403,320] [1;31m<err> analog_axis_hires: Could not setup channel #1 (-5)[0m
[00:00:07.411,071] [1;31m<err> ads1220: config2 mismatch! 0x10 != 0x00[0m
[00:00:07.411,224] [1;31m<err> ads1220: config2 mismatch! 0x15 != 0x00[0m
[00:00:07.411,376] [1;31m<err> ads1220: config0 mismatch! 0x3C != 0x1C[0m
[00:00:07.411,376] [1;31m<err> analog_axis_hires: Could not setup channel #1 (-5)[0m
[00:00:07.419,128] [1;31m<err> ads1220: config2 mismatch! 0x10 != 0x00[0m
[00:00:07.419,250] [1;31m<err> ads1220: config2 mismatch! 0x15 != 0x00[0m
[00:00:07.419,403] [1;31m<err> ads1220: config0 mismatch! 0x3C != 0x1C[0m
[00:00:07.419,403] [1;31m<err> analog_axis_hires: Could not setup channel #1 (-5)[0m
[00:00:07.427,185] [1;31m<err> ads1220: config2 mismatch! 0x10 != 0x00[0m
[00:00:07.427,307] [1;31m<err> ads1220: config2 mismatch! 0x15 != 0x00[0m
[00:00:07.427,429] [1;31m<err> ads1220: config0 mismatch! 0x3C != 0x1C[0m
[00:00:07.427,459] [1;31m<err> analog_axis_hires: Could not setup channel #1 (-5)[0m
[00:00:07.435,150] [1;31m<err> ads1220: config2 mismatch! 0x10 != 0x00[0m
[00:00:07.435,302] [1;31m<err> ads1220: config2 mismatch! 0x15 != 0x00[0m
[00:00:07.435,455] [1;31m<err> ads1220: config0 mismatch! 0x3C != 0x1C[0m
[00:00:07.435,455] [1;31m<err> analog_axis_hires: Could not setup channel #1 (-5)[0m
[00:00:07.443,206] [1;31m<err> ads1220: config2 mismatch! 0x10 != 0x00[0m
[00:00:07.443,328] [1;31m<err> ads1220: config2 mismatch! 0x15 != 0x00[0m
[00:00:07.443,481] [1;31m<err> ads1220: config0 mismatch! 0x3C != 0x1C[0m
[00:00:07.443,481] [1;31m<err> analog_axis_hires: Could not setup channel #1 (-5)[0m
[00:00:07.451,263] [1;31m<err> ads1220: config2 mismatch! 0x10 != 0x00[0m
[00:00:07.451,385] [1;31m<err> ads1220: config2 mismatch! 0x15 != 0x00[0m
[00:00:07.451,538] [1;31m<err> ads1220: config0 mismatch! 0x3C != 0x1C[0m
[00:00:07.451,538] [1;31m<err> analog_axis_hires: Could not setup channel #1 (-5)[0m
[00:00:07.459,259] [1;31m<err> ads1220: config2 mismatch! 0x10 != 0x00[0m
[00:00:07.459,381] [1;31m<err> ads1220: config2 mismatch! 0x15 != 0x00[0m
[00:00:07.459,533] [1;31m<err> ads1220: config0 mismatch! 0x3C != 0x1C[0m
[00:00:07.459,533] [1;31m<err> analog_axis_hires: Could not setup channel #1 (-5)[0m
[00:00:07.467,285] [1;31m<err> ads1220: config2 mismatch! 0x10 != 0x00[0m
[00:00:07.467,407] [1;31m<err> ads1220: config2 mismatch! 0x15 != 0x00[0m
[00:00:07.467,559] [1;31m<err> ads1220: config0 mismatch! 0x3C != 0x1C[0m
[00:00:07.467,559] [1;31m<err> analog_axis_hires: Could not setup channel #1 (-5)[0m
[00:00:07.475,311] [1;31m<err> ads1220: config2 mismatch! 0x10 != 0x00[0m
[00:00:07.475,463] [1;31m<err> ads1220: config2 mismatch! 0x15 != 0x00[0m
[00:00:07.475,585] [1;31m<err> ads1220: config0 mismatch! 0x3C != 0x1C[0m
[00:00:07.475,585] [1;31m<err> analog_axis_hires: Could not setup channel #1 (-5)[0m
[00:00:07.483,306] [1;31m<err> ads1220: config2 mismatch! 0x10 != 0x00[0m
[00:00:07.483,459] [1;31m<err> ads1220: config2 mismatch! 0x15 != 0x00[0m
[00:00:07.483,612] [1;31m<err> ads1220: config0 mismatch! 0x3C != 0x1C[0m
[00:00:07.483,612] [1;31m<err> analog_axis_hires: Could not setup channel #1 (-5)[0m
[00:00:07.491,363] [1;31m<err> ads1220: config2 mismatch! 0x10 != 0x00[0m
[00:00:07.491,485] [1;31m<err> ads1220: config2 mismatch! 0x15 != 0x00[0m
[00:00:07.491,638] [1;31m<err> ads1220: config0 mismatch! 0x3C != 0x1C[0m
[00:00:07.491,638] [1;31m<err> analog_axis_hires: Could not setup channel #1 (-5)[0m
[00:00:07.499,389] [1;31m<err> ads1220: config2 mismatch! 0x10 != 0x00[0m
[00:00:07.499,511] [1;31m<err> ads1220: config2 mismatch! 0x15 != 0x00[0m
[00:00:07.499,664] [1;31m<err> ads1220: config0 mismatch! 0x3C != 0x1C[0m
[00:00:07.499,664] [1;31m<err> analog_axis_hires: Could not setup channel #1 (-5)[0m
[00:00:07.507,415] [1;31m<err> ads1220: config2 mismatch! 0x10 != 0x00[0m
[00:00:07.507,537] [1;31m<err> ads1220: config2 mismatch! 0x15 != 0x00[0m
[00:00:07.507,690] [1;31m<err> ads1220: config0 mismatch! 0x3C != 0x1C[0m
[00:00:07.507,690] [1;31m<err> analog_axis_hires: Could not setup channel #1 (-5)[0m
[00:00:07.515,472] [1;31m<err> ads1220: config2 mismatch! 0x10 != 0x00[0m
[00:00:07.515,594] [1;31m<err> ads1220: config2 mismatch! 0x15 != 0x00[0m
[00:00:07.515,747] [1;31m<err> ads1220: config0 mismatch! 0x3C != 0x1C[0m
[00:00:07.515,747] [1;31m<err> analog_axis_hires: Could not setup channel #1 (-5)[0m
[00:00:07.523,468] [1;31m<err> ads1220: config2 mismatch! 0x10 != 0x00[0m
[00:00:07.523,590] [1;31m<err> ads1220: config2 mismatch! 0x15 != 0x00[0m
[00:00:07.523,742] [1;31m<err> ads1220: config0 mismatch! 0x3C != 0x1C[0m
[00:00:07.523,742] [1;31m<err> analog_axis_hires: Could not setup channel #1 (-5)[0m
[00:00:07.531,463] [1;31m<err> ads1220: config2 mismatch! 0x10 != 0x00[0m
[00:00:07.531,616] [1;31m<err> ads1220: config2 mismatch! 0x15 != 0x00[0m
[00:00:07.531,768] [1;31m<err> ads1220: config0 mismatch! 0x3C != 0x1C[0m
[00:00:07.531,768] [1;31m<err> analog_axis_hires: Could not setup channel #1 (-5)[0m
[00:00:07.539,520] [1;31m<err> ads1220: config2 mismatch! 0x10 != 0x00[0m
[00:00:07.539,642] [1;31m<err> ads1220: config2 mismatch! 0x15 != 0x00[0m
[00:00:07.539,794] [1;31m<err> ads1220: config0 mismatch! 0x3C != 0x1C[0m
[00:00:07.539,794] [1;31m<err> analog_axis_hires: Could not setup channel #1 (-5)[0m
[00:00:07.547,546] [1;31m<err> ads1220: config2 mismatch! 0x10 != 0x00[0m
[00:00:07.547,668] [1;31m<err> ads1220: config2 mismatch! 0x15 != 0x00[0m
[00:00:07.547,821] [1;31m<err> ads1220: config0 mismatch! 0x3C != 0x1C[0m
[00:00:07.547,821] [1;31m<err> analog_axis_hires: Could not setup channel #1 (-5)[0m
[00:00:07.555,541] [1;31m<err> ads1220: config2 mismatch! 0x10 != 0x00[0m
[00:00:07.555,694] [1;31m<err> ads1220: config2 mismatch! 0x15 != 0x00[0m
[00:00:07.555,847] [1;31m<err> ads1220: config0 mismatch! 0x3C != 0x1C[0m
[00:00:07.555,847] [1;31m<err> analog_axis_hires: Could not setup channel #1 (-5)[0m
[00:00:07.563,598] [1;31m<err> ads1220: config2 mismatch! 0x10 != 0x00[0m
[00:00:07.563,720] [1;31m<err> ads1220: config2 mismatch! 0x15 != 0x00[0m
[00:00:07.563,873] [1;31m<err> ads1220: config0 mismatch! 0x3C != 0x1C[0m
[00:00:07.563,873] [1;31m<err> analog_axis_hires: Could not setup channel #1 (-5)[0m
[00:00:07.571,624] [1;31m<err> ads1220: config2 mismatch! 0x10 != 0x00[0m
[00:00:07.571,777] [1;31m<err> ads1220: config2 mismatch! 0x15 != 0x00[0m
[00:00:07.571,899] [1;31m<err> ads1220: config0 mismatch! 0x3C != 0x1C[0m
[00:00:07.571,899] [1;31m<err> analog_axis_hires: Could not setup channel #1 (-5)[0m
[00:00:07.579,620] [1;31m<err> ads1220: config2 mismatch! 0x10 != 0x00[0m
[00:00:07.579,772] [1;31m<err> ads1220: config2 mismatch! 0x15 != 0x00[0m
[00:00:07.579,925] [1;31m<err> ads1220: config0 mismatch! 0x3C != 0x1C[0m
[00:00:07.579,925] [1;31m<err> analog_axis_hires: Could not setup channel #1 (-5)[0m
[00:00:07.587,677] [1;31m<err> ads1220: config2 mismatch! 0x10 != 0x00[0m
[00:00:07.587,799] [1;31m<err> ads1220: config2 mismatch! 0x15 != 0x00[0m
[00:00:07.587,951] [1;31m<err> ads1220: config0 mismatch! 0x3C != 0x1C[0m
[00:00:07.587,951] [1;31m<err> analog_axis_hires: Could not setup channel #1 (-5)[0m
[00:00:07.595,733] [1;31m<err> ads1220: config2 mismatch! 0x10 != 0x00[0m
[00:00:07.595,855] [1;31m<err> ads1220: config2 mismatch! 0x15 != 0x00[0m
[00:00:07.595,977] [1;31m<err> ads1220: config0 mismatch! 0x3C != 0x1C[0m
[00:00:07.595,977] [1;31m<err> analog_axis_hires: Could not setup channel #1 (-5)[0m
[00:00:07.603,729] [1;31m<err> ads1220: config2 mismatch! 0x10 != 0x00[0m
[00:00:07.603,851] [1;31m<err> ads1220: config2 mismatch! 0x15 != 0x00[0m
[00:00:07.604,003] [1;31m<err> ads1220: config0 mismatch! 0x3C != 0x1C[0m
[00:00:07.604,003] [1;31m<err> analog_axis_hires: Could not setup channel #1 (-5)[0m
[00:00:07.611,755] [1;31m<err> ads1220: config2 mismatch! 0x10 != 0x00[0m
[00:00:07.611,877] [1;31m<err> ads1220: config2 mismatch! 0x15 != 0x00[0m
[00:00:07.612,030] [1;31m<err> ads1220: config0 mismatch! 0x3C != 0x1C[0m
[00:00:07.612,030] [1;31m<err> analog_axis_hires: Could not setup channel #1 (-5)[0m
[00:00:07.619,812] [1;31m<err> ads1220: config2 mismatch! 0x10 != 0x00[0m
[00:00:07.619,934] [1;31m<err> ads1220: config2 mismatch! 0x15 != 0x00[0m
[00:00:07.620,056] [1;31m<err> ads1220: config0 mismatch! 0x3C != 0x1C[0m
[00:00:07.620,086] [1;31m<err> analog_axis_hires: Could not setup channel #1 (-5)[0m
[00:00:07.627,777] [1;31m<err> ads1220: config2 mismatch! 0x10 != 0x00[0m
[00:00:07.627,929] [1;31m<err> ads1220: config2 mismatch! 0x15 != 0x00[0m
[00:00:07.628,082] [1;31m<err> ads1220: config0 mismatch! 0x3C != 0x1C[0m
[00:00:07.628,082] [1;31m<err> analog_axis_hires: Could not setup channel #1 (-5)[0m
[00:00:07.635,833] [1;31m<err> ads1220: config2 mismatch! 0x10 != 0x00[0m
[00:00:07.635,955] [1;31m<err> ads1220: config2 mismatch! 0x15 != 0x00[0m
[00:00:07.636,108] [1;31m<err> ads1220: config0 mismatch! 0x3C != 0x1C[0m
[00:00:07.636,108] [1;31m<err> analog_axis_hires: Could not setup channel #1 (-5)[0m
[00:00:07.643,890] [1;31m<err> ads1220: config2 mismatch! 0x10 != 0x00[0m
[00:00:07.644,012] [1;31m<err> ads1220: config2 mismatch! 0x15 != 0x00[0m
[00:00:07.644,134] [1;31m<err> ads1220: config0 mismatch! 0x3C != 0x1C[0m
[00:00:07.644,134] [1;31m<err> analog_axis_hires: Could not setup channel #1 (-5)[0m
[00:00:07.651,855] [1;31m<err> ads1220: config2 mismatch! 0x10 != 0x00[0m
[00:00:07.652,008] [1;31m<err> ads1220: config2 mismatch! 0x15 != 0x00[0m
[00:00:07.652,160] [1;31m<err> ads1220: config0 mismatch! 0x3C != 0x1C[0m
[00:00:07.652,160] [1;31m<err> analog_axis_hires: Could not setup channel #1 (-5)[0m
[00:00:07.659,912] [1;31m<err> ads1220: config2 mismatch! 0x10 != 0x00[0m
[00:00:07.660,034] [1;31m<err> ads1220: config2 mismatch! 0x15 != 0x00[0m
[00:00:07.660,186] [1;31m<err> ads1220: config0 mismatch! 0x3C != 0x1C[0m
[00:00:07.660,186] [1;31m<err> analog_axis_hires: Could not setup channel #1 (-5)[0m
[00:00:07.667,968] [1;31m<err> ads1220: config2 mismatch! 0x10 != 0x00[0m
[00:00:07.668,090] [1;31m<err> ads1220: config2 mismatch! 0x15 != 0x00[0m
[00:00:07.668,212] [1;31m<err> ads1220: config0 mismatch! 0x3C != 0x1C[0m
[00:00:07.668,243] [1;31m<err> analog_axis_hires: Could not setup channel #1 (-5)[0m
[00:00:07.675,933] [1;31m<err> ads1220: config2 mismatch! 0x10 != 0x00[0m
[00:00:07.676,086] [1;31m<err> ads1220: config2 mismatch! 0x15 != 0x00[0m
[00:00:07.676,239] [1;31m<err> ads1220: config0 mismatch! 0x3C != 0x1C[0m
[00:00:07.676,239] [1;31m<err> analog_axis_hires: Could not setup channel #1 (-5)[0m
[00:00:07.683,990] [1;31m<err> ads1220: config2 mismatch! 0x10 != 0x00[0m
[00:00:07.684,112] [1;31m<err> ads1220: config2 mismatch! 0x15 != 0x00[0m
[00:00:07.684,265] [1;31m<err> ads1220: config0 mismatch! 0x3C != 0x1C[0m
[00:00:07.684,265] [1;31m<err> analog_axis_hires: Could not setup channel #1 (-5)[0m
[00:00:07.692,047] [1;31m<err> ads1220: config2 mismatch! 0x10 != 0x00[0m
[00:00:07.692,169] [1;31m<err> ads1220: config2 mismatch! 0x15 != 0x00[0m
[00:00:07.692,291] [1;31m<err> ads1220: config0 mismatch! 0x3C != 0x1C[0m
[00:00:07.692,291] [1;31m<err> analog_axis_hires: Could not setup channel #1 (-5)[0m
[00:00:07.700,012] [1;31m<err> ads1220: config2 mismatch! 0x10 != 0x00[0m
[00:00:07.700,164] [1;31m<err> ads1220: config2 mismatch! 0x15 != 0x00[0m
[00:00:07.700,317] [1;31m<err> ads1220: config0 mismatch! 0x3C != 0x1C[0m
[00:00:07.700,317] [1;31m<err> analog_axis_hires: Could not setup channel #1 (-5)[0m
[00:00:07.708,068] [1;31m<err> ads1220: config2 mismatch! 0x10 != 0x00[0m
[00:00:07.708,190] [1;31m<err> ads1220: config2 mismatch! 0x15 != 0x00[0m
[00:00:07.708,343] [1;31m<err> ads1220: config0 mismatch! 0x3C != 0x1C[0m
[00:00:07.708,343] [1;31m<err> analog_axis_hires: Could not setup channel #1 (-5)[0m
[00:00:07.716,125] [1;31m<err> ads1220: config2 mismatch! 0x10 != 0x00[0m
[00:00:07.716,247] [1;31m<err> ads1220: config2 mismatch! 0x15 != 0x00[0m
[00:00:07.716,369] [1;31m<err> ads1220: config0 mismatch! 0x3C != 0x1C[0m
[00:00:07.716,369] [1;31m<err> analog_axis_hires: Could not setup channel #1 (-5)[0m
[00:00:07.724,090] [1;31m<err> ads1220: config2 mismatch! 0x10 != 0x00[0m
[00:00:07.724,243] [1;31m<err> ads1220: config2 mismatch! 0x15 != 0x00[0m
[00:00:07.724,395] [1;31m<err> ads1220: config0 mismatch! 0x3C != 0x1C[0m
[00:00:07.724,395] [1;31m<err> analog_axis_hires: Could not setup channel #1 (-5)[0m
[00:00:07.732,147] [1;31m<err> ads1220: config2 mismatch! 0x10 != 0x00[0m
[00:00:07.732,269] [1;31m<err> ads1220: config2 mismatch! 0x15 != 0x00[0m
[00:00:07.732,421] [1;31m<err> ads1220: config0 mismatch! 0x3C != 0x1C[0m
[00:00:07.732,421] [1;31m<err> analog_axis_hires: Could not setup channel #1 (-5)[0m
[00:00:07.740,203] [1;31m<err> ads1220: config2 mismatch! 0x10 != 0x00[0m
[00:00:07.740,325] [1;31m<err> ads1220: config2 mismatch! 0x15 != 0x00[0m
[00:00:07.740,447] [1;31m<err> ads1220: config0 mismatch! 0x3C != 0x1C[0m
[00:00:07.740,447] [1;31m<err> analog_axis_hires: Could not setup channel #1 (-5)[0m
[00:00:07.748,168] [1;31m<err> ads1220: config2 mismatch! 0x10 != 0x00[0m
[00:00:07.748,321] [1;31m<err> ads1220: config2 mismatch! 0x15 != 0x00[0m
[00:00:07.748,474] [1;31m<err> ads1220: config0 mismatch! 0x3C != 0x1C[0m
[00:00:07.748,474] [1;31m<err> analog_axis_hires: Could not setup channel #1 (-5)[0m
[00:00:07.756,225] [1;31m<err> ads1220: config2 mismatch! 0x10 != 0x00[0m
[00:00:07.756,347] [1;31m<err> ads1220: config2 mismatch! 0x15 != 0x00[0m
[00:00:07.756,500] [1;31m<err> ads1220: config0 mismatch! 0x3C != 0x1C[0m
[00:00:07.756,500] [1;31m<err> analog_axis_hires: Could not setup channel #1 (-5)[0m
[00:00:07.764,282] [1;31m<err> ads1220: config2 mismatch! 0x10 != 0x00[0m
[00:00:07.764,404] [1;31m<err> ads1220: config2 mismatch! 0x15 != 0x00[0m
[00:00:07.764,526] [1;31m<err> ads1220: config0 mismatch! 0x3C != 0x1C[0m
[00:00:07.764,556] [1;31m<err> analog_axis_hires: Could not setup channel #1 (-5)[0m
[00:00:07.772,247] [1;31m<err> ads1220: config2 mismatch! 0x10 != 0x00[0m
[00:00:07.772,399] [1;31m<err> ads1220: config2 mismatch! 0x15 != 0x00[0m
[00:00:07.772,552] [1;31m<err> ads1220: config0 mismatch! 0x3C != 0x1C[0m
[00:00:07.772,552] [1;31m<err> analog_axis_hires: Could not setup channel #1 (-5)[0m
[00:00:07.780,303] [1;31m<err> ads1220: config2 mismatch! 0x10 != 0x00[0m
[00:00:07.780,426] [1;31m<err> ads1220: config2 mismatch! 0x15 != 0x00[0m
[00:00:07.780,578] [1;31m<err> ads1220: config0 mismatch! 0x3C != 0x1C[0m
[00:00:07.780,578] [1;31m<err> analog_axis_hires: Could not setup channel #1 (-5)[0m
[00:00:07.788,360] [1;31m<err> ads1220: config2 mismatch! 0x10 != 0x00[0m
[00:00:07.788,482] [1;31m<err> ads1220: config2 mismatch! 0x15 != 0x00[0m
[00:00:07.788,635] [1;31m<err> ads1220: config0 mismatch! 0x3C != 0x1C[0m
[00:00:07.788,635] [1;31m<err> analog_axis_hires: Could not setup channel #1 (-5)[0m
[00:00:07.796,356] [1;31m<err> ads1220: config2 mismatch! 0x10 != 0x00[0m
[00:00:07.796,478] [1;31m<err> ads1220: config2 mismatch! 0x15 != 0x00[0m
[00:00:07.796,630] [1;31m<err> ads1220: config0 mismatch! 0x3C != 0x1C[0m
[00:00:07.796,630] [1;31m<err> analog_axis_hires: Could not setup channel #1 (-5)[0m
[00:00:07.804,382] [1;31m<err> ads1220: config2 mismatch! 0x10 != 0x00[0m
[00:00:07.804,504] [1;31m<err> ads1220: config2 mismatch! 0x15 != 0x00[0m
[00:00:07.804,656] [1;31m<err> ads1220: config0 mismatch! 0x3C != 0x1C[0m
[00:00:07.804,656] [1;31m<err> analog_axis_hires: Could not setup channel #1 (-5)[0m
[00:00:07.812,438] [1;31m<err> ads1220: config2 mismatch! 0x10 != 0x00[0m
[00:00:07.812,561] [1;31m<err> ads1220: config2 mismatch! 0x15 != 0x00[0m
[00:00:07.812,713] [1;31m<err> ads1220: config0 mismatch! 0x3C != 0x1C[0m
[00:00:07.812,713] [1;31m<err> analog_axis_hires: Could not setup channel #1 (-5)[0m
[00:00:07.820,404] [1;31m<err> ads1220: config2 mismatch! 0x10 != 0x00[0m
[00:00:07.820,556] [1;31m<err> ads1220: config2 mismatch! 0x15 != 0x00[0m
[00:00:07.820,709] [1;31m<err> ads1220: config0 mismatch! 0x3C != 0x1C[0m
[00:00:07.820,709] [1;31m<err> analog_axis_hires: Could not setup channel #1 (-5)[0m
[00:00:07.828,460] [1;31m<err> ads1220: config2 mismatch! 0x10 != 0x00[0m
[00:00:07.828,582] [1;31m<err> ads1220: config2 mismatch! 0x15 != 0x00[0m
[00:00:07.828,735] [1;31m<err> ads1220: config0 mismatch! 0x3C != 0x1C[0m
[00:00:07.828,735] [1;31m<err> analog_axis_hires: Could not setup channel #1 (-5)[0m
[00:00:07.836,517] [1;31m<err> ads1220: config2 mismatch! 0x10 != 0x00[0m
[00:00:07.836,639] [1;31m<err> ads1220: config2 mismatch! 0x15 != 0x00[0m
[00:00:07.836,791] [1;31m<err> ads1220: config0 mismatch! 0x3C != 0x1C[0m
[00:00:07.836,791] [1;31m<err> analog_axis_hires: Could not setup channel #1 (-5)[0m
[00:00:07.844,482] [1;31m<err> ads1220: config2 mismatch! 0x10 != 0x00[0m
[00:00:07.844,635] [1;31m<err> ads1220: config2 mismatch! 0x15 != 0x00[0m
[00:00:07.844,787] [1;31m<err> ads1220: config0 mismatch! 0x3C != 0x1C[0m
[00:00:07.844,787] [1;31m<err> analog_axis_hires: Could not setup channel #1 (-5)[0m
[00:00:07.852,539] [1;31m<err> ads1220: config2 mismatch! 0x10 != 0x00[0m
[00:00:07.852,661] [1;31m<err> ads1220: config2 mismatch! 0x15 != 0x00[0m
[00:00:07.852,813] [1;31m<err> ads1220: config0 mismatch! 0x3C != 0x1C[0m
[00:00:07.852,813] [1;31m<err> analog_axis_hires: Could not setup channel #1 (-5)[0m
[00:00:07.860,595] [1;31m<err> ads1220: config2 mismatch! 0x10 != 0x00[0m
[00:00:07.860,717] [1;31m<err> ads1220: config2 mismatch! 0x15 != 0x00[0m
[00:00:07.860,870] [1;31m<err> ads1220: config0 mismatch! 0x3C != 0x1C[0m
[00:00:07.860,870] [1;31m<err> analog_axis_hires: Could not setup channel #1 (-5)[0m
[00:00:07.868,560] [1;31m<err> ads1220: config2 mismatch! 0x10 != 0x00[0m
[00:00:07.868,713] [1;31m<err> ads1220: config2 mismatch! 0x15 != 0x00[0m
[00:00:07.868,865] [1;31m<err> ads1220: config0 mismatch! 0x3C != 0x1C[0m
[00:00:07.868,865] [1;31m<err> analog_axis_hires: Could not setup channel #1 (-5)[0m
[00:00:07.876,617] [1;31m<err> ads1220: config2 mismatch! 0x10 != 0x00[0m
[00:00:07.876,739] [1;31m<err> ads1220: config2 mismatch! 0x15 != 0x00[0m
[00:00:07.876,892] [1;31m<err> ads1220: config0 mismatch! 0x3C != 0x1C[0m
[00:00:07.876,892] [1;31m<err> analog_axis_hires: Could not setup channel #1 (-5)[0m
[00:00:07.884,674] [1;31m<err> ads1220: config2 mismatch! 0x10 != 0x00[0m
[00:00:07.884,796] [1;31m<err> ads1220: config2 mismatch! 0x15 != 0x00[0m
[00:00:07.884,948] [1;31m<err> ads1220: config0 mismatch! 0x3C != 0x1C[0m
[00:00:07.884,948] [1;31m<err> analog_axis_hires: Could not setup channel #1 (-5)[0m
[00:00:07.892,639] [1;31m<err> ads1220: config2 mismatch! 0x10 != 0x00[0m
[00:00:07.892,791] [1;31m<err> ads1220: config2 mismatch! 0x15 != 0x00[0m
[00:00:07.892,944] [1;31m<err> ads1220: config0 mismatch! 0x3C != 0x1C[0m
[00:00:07.892,944] [1;31m<err> analog_axis_hires: Could not setup channel #1 (-5)[0m
[00:00:07.900,695] [1;31m<err> ads1220: config2 mismatch! 0x10 != 0x00[0m
[00:00:07.900,817] [1;31m<err> ads1220: config2 mismatch! 0x15 != 0x00[0m
[00:00:07.900,970] [1;31m<err> ads1220: config0 mismatch! 0x3C != 0x1C[0m
[00:00:07.900,970] [1;31m<err> analog_axis_hires: Could not setup channel #1 (-5)[0m
[00:00:07.908,721] [1;31m<err> ads1220: config2 mismatch! 0x10 != 0x00[0m
[00:00:07.908,874] [1;31m<err> ads1220: config2 mismatch! 0x15 != 0x00[0m
[00:00:07.908,996] [1;31m<err> ads1220: config0 mismatch! 0x3C != 0x1C[0m
[00:00:07.908,996] [1;31m<err> analog_axis_hires: Could not setup channel #1 (-5)[0m
[00:00:07.916,717] [1;31m<err> ads1220: config2 mismatch! 0x10 != 0x00[0m
[00:00:07.916,870] [1;31m<err> ads1220: config2 mismatch! 0x15 != 0x00[0m
[00:00:07.917,022] [1;31m<err> ads1220: config0 mismatch! 0x3C != 0x1C[0m
[00:00:07.917,022] [1;31m<err> analog_axis_hires: Could not setup channel #1 (-5)[0m
[00:00:07.924,774] [1;31m<err> ads1220: config2 mismatch! 0x10 != 0x00[0m
[00:00:07.924,896] [1;31m<err> ads1220: config2 mismatch! 0x15 != 0x00[0m
[00:00:07.925,048] [1;31m<err> ads1220: config0 mismatch! 0x3C != 0x1C[0m
[00:00:07.925,048] [1;31m<err> analog_axis_hires: Could not setup channel #1 (-5)[0m
[00:00:07.932,830] [1;31m<err> ads1220: config2 mismatch! 0x10 != 0x00[0m
[00:00:07.932,952] [1;31m<err> ads1220: config2 mismatch! 0x15 != 0x00[0m
[00:00:07.933,074] [1;31m<err> ads1220: config0 mismatch! 0x3C != 0x1C[0m
[00:00:07.933,074] [1;31m<err> analog_axis_hires: Could not setup channel #1 (-5)[0m
[00:00:07.940,856] [1;31m<err> ads1220: config2 mismatch! 0x10 != 0x00[0m
[00:00:07.941,009] [1;31m<err> ads1220: config2 mismatch! 0x15 != 0x00[0m
[00:00:07.941,162] [1;31m<err> ads1220: config0 mismatch! 0x3C != 0x1C[0m
[00:00:07.941,162] [1;31m<err> analog_axis_hires: Could not setup channel #1 (-5)[0m
[00:00:07.948,852] [1;31m<err> ads1220: config2 mismatch! 0x10 != 0x00[0m
[00:00:07.948,974] [1;31m<err> ads1220: config2 mismatch! 0x15 != 0x00[0m
[00:00:07.949,127] [1;31m<err> ads1220: config0 mismatch! 0x3C != 0x1C[0m
[00:00:07.949,127] [1;31m<err> analog_axis_hires: Could not setup channel #1 (-5)[0m
[00:00:07.956,909] [1;31m<err> ads1220: config2 mismatch! 0x10 != 0x00[0m
[00:00:07.957,031] [1;31m<err> ads1220: config2 mismatch! 0x15 != 0x00[0m
[00:00:07.957,183] [1;31m<err> ads1220: config0 mismatch! 0x3C != 0x1C[0m
[00:00:07.957,183] [1;31m<err> analog_axis_hires: Could not setup channel #1 (-5)[0m
[00:00:07.964,904] [1;31m<err> ads1220: config2 mismatch! 0x10 != 0x00[0m
[00:00:07.965,057] [1;31m<err> ads1220: config2 mismatch! 0x15 != 0x00[0m
[00:00:07.965,179] [1;31m<err> ads1220: config0 mismatch! 0x3C != 0x1C[0m
[00:00:07.965,209] [1;31m<err> analog_axis_hires: Could not setup channel #1 (-5)[0m
[00:00:07.972,930] [1;31m<err> ads1220: config2 mismatch! 0x10 != 0x00[0m
[00:00:07.973,052] [1;31m<err> ads1220: config2 mismatch! 0x15 != 0x00[0m
[00:00:07.973,205] [1;31m<err> ads1220: config0 mismatch! 0x3C != 0x1C[0m
[00:00:07.973,205] [1;31m<err> analog_axis_hires: Could not setup channel #1 (-5)[0m
[00:00:07.980,987] [1;31m<err> ads1220: config2 mismatch! 0x10 != 0x00[0m
[00:00:07.981,109] [1;31m<err> ads1220: config2 mismatch! 0x15 != 0x00[0m
[00:00:07.981,231] [1;31m<err> ads1220: config0 mismatch! 0x3C != 0x1C[0m
[00:00:07.981,262] [1;31m<err> analog_axis_hires: Could not setup channel #1 (-5)[0m
[00:00:07.988,952] [1;31m<err> ads1220: config2 mismatch! 0x10 != 0x00[0m
[00:00:07.989,105] [1;31m<err> ads1220: config2 mismatch! 0x15 != 0x00[0m
[00:00:07.989,257] [1;31m<err> ads1220: config0 mismatch! 0x3C != 0x1C[0m
[00:00:07.989,257] [1;31m<err> analog_axis_hires: Could not setup channel #1 (-5)[0m
[00:00:07.997,009] [1;31m<err> ads1220: config2 mismatch! 0x10 != 0x00[0m
[00:00:07.997,131] [1;31m<err> ads1220: config2 mismatch! 0x15 != 0x00[0m
[00:00:07.997,283] [1;31m<err> ads1220: config0 mismatch! 0x3C != 0x1C[0m
[00:00:07.997,283] [1;31m<err> analog_axis_hires: Could not setup channel #1 (-5)[0m
[00:00:08.005,065] [1;31m<err> ads1220: config2 mismatch! 0x10 != 0x00[0m
[00:00:08.005,187] [1;31m<err> ads1220: config2 mismatch! 0x15 != 0x00[0m
[00:00:08.005,310] [1;31m<err> ads1220: config0 mismatch! 0x3C != 0x1C[0m
[00:00:08.005,340] [1;31m<err> analog_axis_hires: Could not setup channel #1 (-5)[0m
[00:00:08.013,092] [1;31m<err> ads1220: config2 mismatch! 0x10 != 0x00[0m
[00:00:08.013,244] [1;31m<err> ads1220: config2 mismatch! 0x15 != 0x00[0m
[00:00:08.013,366] [1;31m<err> ads1220: config0 mismatch! 0x3C != 0x1C[0m
[00:00:08.013,397] [1;31m<err> analog_axis_hires: Could not setup channel #1 (-5)[0m
[00:00:08.021,087] [1;31m<err> ads1220: config2 mismatch! 0x10 != 0x00[0m
[00:00:08.021,209] [1;31m<err> ads1220: config2 mismatch! 0x15 != 0x00[0m
[00:00:08.021,362] [1;31m<err> ads1220: config0 mismatch! 0x3C != 0x1C[0m
[00:00:08.021,362] [1;31m<err> analog_axis_hires: Could not setup channel #1 (-5)[0m
[00:00:08.029,144] [1;31m<err> ads1220: config2 mismatch! 0x10 != 0x00[0m
[00:00:08.029,266] [1;31m<err> ads1220: config2 mismatch! 0x15 != 0x00[0m
[00:00:08.029,418] [1;31m<err> ads1220: config0 mismatch! 0x3C != 0x1C[0m
[00:00:08.029,418] [1;31m<err> analog_axis_hires: Could not setup channel #1 (-5)[0m
[00:00:08.037,109] [1;31m<err> ads1220: config2 mismatch! 0x10 != 0x00[0m
[00:00:08.037,261] [1;31m<err> ads1220: config2 mismatch! 0x15 != 0x00[0m
[00:00:08.037,414] [1;31m<err> ads1220: config0 mismatch! 0x3C != 0x1C[0m
[00:00:08.037,414] [1;31m<err> analog_axis_hires: Could not setup channel #1 (-5)[0m
[00:00:08.045,166] [1;31m<err> ads1220: config2 mismatch! 0x10 != 0x00[0m
[00:00:08.045,288] [1;31m<err> ads1220: config2 mismatch! 0x15 != 0x00[0m
[00:00:08.045,440] [1;31m<err> ads1220: config0 mismatch! 0x3C != 0x1C[0m
[00:00:08.045,440] [1;31m<err> analog_axis_hires: Could not setup channel #1 (-5)[0m
[00:00:08.053,222] [1;31m<err> ads1220: config2 mismatch! 0x10 != 0x00[0m
[00:00:08.053,344] [1;31m<err> ads1220: config2 mismatch! 0x15 != 0x00[0m
[00:00:08.053,466] [1;31m<err> ads1220: config0 mismatch! 0x3C != 0x1C[0m
[00:00:08.053,466] [1;31m<err> analog_axis_hires: Could not setup channel #1 (-5)[0m
[00:00:08.061,187] [1;31m<err> ads1220: config2 mismatch! 0x10 != 0x00[0m
[00:00:08.061,340] [1;31m<err> ads1220: config2 mismatch! 0x15 != 0x00[0m
[00:00:08.061,492] [1;31m<err> ads1220: config0 mismatch! 0x3C != 0x1C[0m
[00:00:08.061,492] [1;31m<err> analog_axis_hires: Could not setup channel #1 (-5)[0m
[00:00:08.069,244] [1;31m<err> ads1220: config2 mismatch! 0x10 != 0x00[0m
[00:00:08.069,366] [1;31m<err> ads1220: config2 mismatch! 0x15 != 0x00[0m
[00:00:08.069,519] [1;31m<err> ads1220: config0 mismatch! 0x3C != 0x1C[0m
[00:00:08.069,519] [1;31m<err> analog_axis_hires: Could not setup channel #1 (-5)[0m
[00:00:08.077,301] [1;31m<err> ads1220: config2 mismatch! 0x10 != 0x00[0m
[00:00:08.077,423] [1;31m<err> ads1220: config2 mismatch! 0x15 != 0x00[0m
[00:00:08.077,545] [1;31m<err> ads1220: config0 mismatch! 0x3C != 0x1C[0m
[00:00:08.077,575] [1;31m<err> analog_axis_hires: Could not setup channel #1 (-5)[0m
[00:00:08.085,266] [1;31m<err> ads1220: config2 mismatch! 0x10 != 0x00[0m
[00:00:08.085,418] [1;31m<err> ads1220: config2 mismatch! 0x15 != 0x00[0m
[00:00:08.085,571] [1;31m<err> ads1220: config0 mismatch! 0x3C != 0x1C[0m
[00:00:08.085,571] [1;31m<err> analog_axis_hires: Could not setup channel #1 (-5)[0m
[00:00:08.093,322] [1;31m<err> ads1220: config2 mismatch! 0x10 != 0x00[0m
[00:00:08.093,444] [1;31m<err> ads1220: config2 mismatch! 0x15 != 0x00[0m
[00:00:08.093,597] [1;31m<err> ads1220: config0 mismatch! 0x3C != 0x1C[0m
[00:00:08.093,597] [1;31m<err> analog_axis_hires: Could not setup channel #1 (-5)[0m
[00:00:08.101,379] [1;31m<err> ads1220: config2 mismatch! 0x10 != 0x00[0m
[00:00:08.101,501] [1;31m<err> ads1220: config2 mismatch! 0x15 != 0x00[0m
[00:00:08.101,623] [1;31m<err> ads1220: config0 mismatch! 0x3C != 0x1C[0m
[00:00:08.101,654] [1;31m<err> analog_axis_hires: Could not setup channel #1 (-5)[0m
[00:00:08.109,344] [1;31m<err> ads1220: config2 mismatch! 0x10 != 0x00[0m
[00:00:08.109,497] [1;31m<err> ads1220: config2 mismatch! 0x15 != 0x00[0m
[00:00:08.109,649] [1;31m<err> ads1220: config0 mismatch! 0x3C != 0x1C[0m
[00:00:08.109,649] [1;31m<err> analog_axis_hires: Could not setup channel #1 (-5)[0m
[00:00:08.117,401] [1;31m<err> ads1220: config2 mismatch! 0x10 != 0x00[0m
[00:00:08.117,523] [1;31m<err> ads1220: config2 mismatch! 0x15 != 0x00[0m
[00:00:08.117,675] [1;31m<err> ads1220: config0 mismatch! 0x3C != 0x1C[0m
[00:00:08.117,675] [1;31m<err> analog_axis_hires: Could not setup channel #1 (-5)[0m
[00:00:08.125,457] [1;31m<err> ads1220: config2 mismatch! 0x10 != 0x00[0m
[00:00:08.125,579] [1;31m<err> ads1220: config2 mismatch! 0x15 != 0x00[0m
[00:00:08.125,701] [1;31m<err> ads1220: config0 mismatch! 0x3C != 0x1C[0m
[00:00:08.125,732] [1;31m<err> analog_axis_hires: Could not setup channel #1 (-5)[0m
[00:00:08.133,483] [1;31m<err> ads1220: config2 mismatch! 0x10 != 0x00[0m
[00:00:08.133,636] [1;31m<err> ads1220: config2 mismatch! 0x15 != 0x00[0m
[00:00:08.133,789] [1;31m<err> ads1220: config0 mismatch! 0x3C != 0x1C[0m
[00:00:08.133,789] [1;31m<err> analog_axis_hires: Could not setup channel #1 (-5)[0m
[00:00:08.141,479] [1;31m<err> ads1220: config2 mismatch! 0x10 != 0x00[0m
[00:00:08.141,601] [1;31m<err> ads1220: config2 mismatch! 0x15 != 0x00[0m
[00:00:08.141,754] [1;31m<err> ads1220: config0 mismatch! 0x3C != 0x1C[0m
[00:00:08.141,754] [1;31m<err> analog_axis_hires: Could not setup channel #1 (-5)[0m
[00:00:08.149,536] [1;31m<err> ads1220: config2 mismatch! 0x10 != 0x00[0m
[00:00:08.149,658] [1;31m<err> ads1220: config2 mismatch! 0x15 != 0x00[0m
[00:00:08.149,810] [1;31m<err> ads1220: config0 mismatch! 0x3C != 0x1C[0m
[00:00:08.149,810] [1;31m<err> analog_axis_hires: Could not setup channel #1 (-5)[0m
[00:00:08.157,562] [1;31m<err> ads1220: config2 mismatch! 0x10 != 0x00[0m
[00:00:08.157,684] [1;31m<err> ads1220: config2 mismatch! 0x15 != 0x00[0m
[00:00:08.157,836] [1;31m<err> ads1220: config0 mismatch! 0x3C != 0x1C[0m
[00:00:08.157,836] [1;31m<err> analog_axis_hires: Could not setup channel #1 (-5)[0m
[00:00:08.165,557] [1;31m<err> ads1220: config2 mismatch! 0x10 != 0x00[0m
[00:00:08.165,679] [1;31m<err> ads1220: config2 mismatch! 0x15 != 0x00[0m
[00:00:08.165,832] [1;31m<err> ads1220: config0 mismatch! 0x3C != 0x1C[0m
[00:00:08.165,832] [1;31m<err> analog_axis_hires: Could not setup channel #1 (-5)[0m
[00:00:08.173,614] [1;31m<err> ads1220: config2 mismatch! 0x10 != 0x00[0m
[00:00:08.173,767] [1;31m<err> ads1220: config2 mismatch! 0x15 != 0x00[0m
[00:00:08.173,889] [1;31m<err> ads1220: config0 mismatch! 0x3C != 0x1C[0m
[00:00:08.173,889] [1;31m<err> analog_axis_hires: Could not setup channel #1 (-5)[0m
[00:00:08.181,579] [1;31m<err> ads1220: config2 mismatch! 0x10 != 0x00[0m
[00:00:08.181,732] [1;31m<err> ads1220: config2 mismatch! 0x15 != 0x00[0m
[00:00:08.181,884] [1;31m<err> ads1220: config0 mismatch! 0x3C != 0x1C[0m
[00:00:08.181,884] [1;31m<err> analog_axis_hires: Could not setup channel #1 (-5)[0m
[00:00:08.189,636] [1;31m<err> ads1220: config2 mismatch! 0x10 != 0x00[0m
[00:00:08.189,758] [1;31m<err> ads1220: config2 mismatch! 0x15 != 0x00[0m
[00:00:08.189,910] [1;31m<err> ads1220: config0 mismatch! 0x3C != 0x1C[0m
[00:00:08.189,910] [1;31m<err> analog_axis_hires: Could not setup channel #1 (-5)[0m
[00:00:08.197,662] [1;31m<err> ads1220: config2 mismatch! 0x10 != 0x00[0m
[00:00:08.197,814] [1;31m<err> ads1220: config2 mismatch! 0x15 != 0x00[0m
[00:00:08.197,937] [1;31m<err> ads1220: config0 mismatch! 0x3C != 0x1C[0m
[00:00:08.197,937] [1;31m<err> analog_axis_hires: Could not setup channel #1 (-5)[0m
[00:00:08.205,657] [1;31m<err> ads1220: config2 mismatch! 0x10 != 0x00[0m
[00:00:08.205,810] [1;31m<err> ads1220: config2 mismatch! 0x15 != 0x00[0m
[00:00:08.205,963] [1;31m<err> ads1220: config0 mismatch! 0x3C != 0x1C[0m
[00:00:08.205,963] [1;31m<err> analog_axis_hires: Could not setup channel #1 (-5)[0m
[00:00:08.213,714] [1;31m<err> ads1220: config2 mismatch! 0x10 != 0x00[0m
[00:00:08.213,836] [1;31m<err> ads1220: config2 mismatch! 0x15 != 0x00[0m
[00:00:08.213,989] [1;31m<err> ads1220: config0 mismatch! 0x3C != 0x1C[0m
[00:00:08.213,989] [1;31m<err> analog_axis_hires: Could not setup channel #1 (-5)[0m
[00:00:08.221,801] [1;31m<err> ads1220: config2 mismatch! 0x10 != 0x00[0m
[00:00:08.221,923] [1;31m<err> ads1220: config2 mismatch! 0x15 != 0x00[0m
[00:00:08.222,045] [1;31m<err> ads1220: config0 mismatch! 0x3C != 0x1C[0m
[00:00:08.222,076] [1;31m<err> analog_axis_hires: Could not setup channel #1 (-5)[0m
[00:00:08.229,736] [1;31m<err> ads1220: config2 mismatch! 0x10 != 0x00[0m
[00:00:08.229,888] [1;31m<err> ads1220: config2 mismatch! 0x15 != 0x00[0m
[00:00:08.230,041] [1;31m<err> ads1220: config0 mismatch! 0x3C != 0x1C[0m
[00:00:08.230,041] [1;31m<err> analog_axis_hires: Could not setup channel #1 (-5)[0m
[00:00:08.237,792] [1;31m<err> ads1220: config2 mismatch! 0x10 != 0x00[0m
[00:00:08.237,915] [1;31m<err> ads1220: config2 mismatch! 0x15 != 0x00[0m
[00:00:08.238,067] [1;31m<err> ads1220: config0 mismatch! 0x3C != 0x1C[0m
[00:00:08.238,067] [1;31m<err> analog_axis_hires: Could not setup channel #1 (-5)[0m
[00:00:08.245,849] [1;31m<err> ads1220: config2 mismatch! 0x10 != 0x00[0m
[00:00:08.245,971] [1;31m<err> ads1220: config2 mismatch! 0x15 != 0x00[0m
[00:00:08.246,124] [1;31m<err> ads1220: config0 mismatch! 0x3C != 0x1C[0m
[00:00:08.246,124] [1;31m<err> analog_axis_hires: Could not setup channel #1 (-5)[0m
[00:00:08.253,814] [1;31m<err> ads1220: config2 mismatch! 0x10 != 0x00[0m
[00:00:08.253,967] [1;31m<err> ads1220: config2 mismatch! 0x15 != 0x00[0m
[00:00:08.254,119] [1;31m<err> ads1220: config0 mismatch! 0x3C != 0x1C[0m
[00:00:08.254,119] [1;31m<err> analog_axis_hires: Could not setup channel #1 (-5)[0m
[00:00:08.261,871] [1;31m<err> ads1220: config2 mismatch! 0x10 != 0x00[0m
[00:00:08.261,993] [1;31m<err> ads1220: config2 mismatch! 0x15 != 0x00[0m
[00:00:08.262,145] [1;31m<err> ads1220: config0 mismatch! 0x3C != 0x1C[0m
[00:00:08.262,145] [1;31m<err> analog_axis_hires: Could not setup channel #1 (-5)[0m
[00:00:08.269,927] [1;31m<err> ads1220: config2 mismatch! 0x10 != 0x00[0m
[00:00:08.270,050] [1;31m<err> ads1220: config2 mismatch! 0x15 != 0x00[0m
[00:00:08.270,202] [1;31m<err> ads1220: config0 mismatch! 0x3C != 0x1C[0m
[00:00:08.270,202] [1;31m<err> analog_axis_hires: Could not setup channel #1 (-5)[0m
[00:00:08.277,893] [1;31m<err> ads1220: config2 mismatch! 0x10 != 0x00[0m
[00:00:08.278,045] [1;31m<err> ads1220: config2 mismatch! 0x15 != 0x00[0m
[00:00:08.278,198] [1;31m<err> ads1220: config0 mismatch! 0x3C != 0x1C[0m
[00:00:08.278,198] [1;31m<err> analog_axis_hires: Could not setup channel #1 (-5)[0m
[00:00:08.285,949] [1;31m<err> ads1220: config2 mismatch! 0x10 != 0x00[0m
[00:00:08.286,071] [1;31m<err> ads1220: config2 mismatch! 0x15 != 0x00[0m
[00:00:08.286,224] [1;31m<err> ads1220: config0 mismatch! 0x3C != 0x1C[0m
[00:00:08.286,224] [1;31m<err> analog_axis_hires: Could not setup channel #1 (-5)[0m
[00:00:08.294,006] [1;31m<err> ads1220: config2 mismatch! 0x10 != 0x00[0m
[00:00:08.294,128] [1;31m<err> ads1220: config2 mismatch! 0x15 != 0x00[0m
[00:00:08.294,281] [1;31m<err> ads1220: config0 mismatch! 0x3C != 0x1C[0m
[00:00:08.294,281] [1;31m<err> analog_axis_hires: Could not setup channel #1 (-5)[0m
[00:00:08.301,971] [1;31m<err> ads1220: config2 mismatch! 0x10 != 0x00[0m
[00:00:08.302,124] [1;31m<err> ads1220: config2 mismatch! 0x15 != 0x00[0m
[00:00:08.302,276] [1;31m<err> ads1220: config0 mismatch! 0x3C != 0x1C[0m
[00:00:08.302,276] [1;31m<err> analog_axis_hires: Could not setup channel #1 (-5)[0m
[00:00:08.310,028] [1;31m<err> ads1220: config2 mismatch! 0x10 != 0x00[0m
[00:00:08.310,150] [1;31m<err> ads1220: config2 mismatch! 0x15 != 0x00[0m
[00:00:08.310,302] [1;31m<err> ads1220: config0 mismatch! 0x3C != 0x1C[0m
[00:00:08.310,302] [1;31m<err> analog_axis_hires: Could not setup channel #1 (-5)[0m
[00:00:08.318,084] [1;31m<err> ads1220: config2 mismatch! 0x10 != 0x00[0m
[00:00:08.318,206] [1;31m<err> ads1220: config2 mismatch! 0x15 != 0x00[0m
[00:00:08.318,328] [1;31m<err> ads1220: config0 mismatch! 0x3C != 0x1C[0m
[00:00:08.318,359] [1;31m<err> analog_axis_hires: Could not setup channel #1 (-5)[0m
[00:00:08.326,049] [1;31m<err> ads1220: config2 mismatch! 0x10 != 0x00[0m
[00:00:08.326,202] [1;31m<err> ads1220: config2 mismatch! 0x15 != 0x00[0m
[00:00:08.326,354] [1;31m<err> ads1220: config0 mismatch! 0x3C != 0x1C[0m
[00:00:08.326,354] [1;31m<err> analog_axis_hires: Could not setup channel #1 (-5)[0m
[00:00:08.334,106] [1;31m<err> ads1220: config2 mismatch! 0x10 != 0x00[0m
[00:00:08.334,228] [1;31m<err> ads1220: config2 mismatch! 0x15 != 0x00[0m
[00:00:08.334,381] [1;31m<err> ads1220: config0 mismatch! 0x3C != 0x1C[0m
[00:00:08.334,381] [1;31m<err> analog_axis_hires: Could not setup channel #1 (-5)[0m
[00:00:08.342,163] [1;31m<err> ads1220: config2 mismatch! 0x10 != 0x00[0m
[00:00:08.342,285] [1;31m<err> ads1220: config2 mismatch! 0x15 != 0x00[0m
[00:00:08.342,407] [1;31m<err> ads1220: config0 mismatch! 0x3C != 0x1C[0m
[00:00:08.342,437] [1;31m<err> analog_axis_hires: Could not setup channel #1 (-5)[0m
[00:00:08.350,128] [1;31m<err> ads1220: config2 mismatch! 0x10 != 0x00[0m
[00:00:08.350,280] [1;31m<err> ads1220: config2 mismatch! 0x15 != 0x00[0m
[00:00:08.350,433] [1;31m<err> ads1220: config0 mismatch! 0x3C != 0x1C[0m
[00:00:08.350,433] [1;31m<err> analog_axis_hires: Could not setup channel #1 (-5)[0m
[00:00:08.358,184] [1;31m<err> ads1220: config2 mismatch! 0x10 != 0x00[0m
[00:00:08.358,306] [1;31m<err> ads1220: config2 mismatch! 0x15 != 0x00[0m
[00:00:08.358,459] [1;31m<err> ads1220: config0 mismatch! 0x3C != 0x1C[0m
[00:00:08.358,459] [1;31m<err> analog_axis_hires: Could not setup channel #1 (-5)[0m
[00:00:08.366,241] [1;31m<err> ads1220: config2 mismatch! 0x10 != 0x00[0m
[00:00:08.366,363] [1;31m<err> ads1220: config2 mismatch! 0x15 != 0x00[0m
[00:00:08.366,485] [1;31m<err> ads1220: config0 mismatch! 0x3C != 0x1C[0m
[00:00:08.366,485] [1;31m<err> analog_axis_hires: Could not setup channel #1 (-5)[0m
[00:00:08.374,206] [1;31m<err> ads1220: config2 mismatch! 0x10 != 0x00[0m
[00:00:08.374,359] [1;31m<err> ads1220: config2 mismatch! 0x15 != 0x00[0m
[00:00:08.374,511] [1;31m<err> ads1220: config0 mismatch! 0x3C != 0x1C[0m
[00:00:08.374,511] [1;31m<err> analog_axis_hires: Could not setup channel #1 (-5)[0m
[00:00:08.382,263] [1;31m<err> ads1220: config2 mismatch! 0x10 != 0x00[0m
[00:00:08.382,385] [1;31m<err> ads1220: config2 mismatch! 0x15 != 0x00[0m
[00:00:08.382,537] [1;31m<err> ads1220: config0 mismatch! 0x3C != 0x1C[0m
[00:00:08.382,537] [1;31m<err> analog_axis_hires: Could not setup channel #1 (-5)[0m
[00:00:08.390,319] [1;31m<err> ads1220: config2 mismatch! 0x10 != 0x00[0m
[00:00:08.390,441] [1;31m<err> ads1220: config2 mismatch! 0x15 != 0x00[0m
[00:00:08.390,563] [1;31m<err> ads1220: config0 mismatch! 0x3C != 0x1C[0m
[00:00:08.390,594] [1;31m<err> analog_axis_hires: Could not setup channel #1 (-5)[0m
[00:00:08.398,284] [1;31m<err> ads1220: config2 mismatch! 0x10 != 0x00[0m
[00:00:08.398,437] [1;31m<err> ads1220: config2 mismatch! 0x15 != 0x00[0m
[00:00:08.398,590] [1;31m<err> ads1220: config0 mismatch! 0x3C != 0x1C[0m
[00:00:08.398,590] [1;31m<err> analog_axis_hires: Could not setup channel #1 (-5)[0m
[00:00:08.406,341] [1;31m<err> ads1220: config2 mismatch! 0x10 != 0x00[0m
[00:00:08.406,463] [1;31m<err> ads1220: config2 mismatch! 0x15 != 0x00[0m
[00:00:08.406,616] [1;31m<err> ads1220: config0 mismatch! 0x3C != 0x1C[0m
[00:00:08.406,616] [1;31m<err> analog_axis_hires: Could not setup channel #1 (-5)[0m
[00:00:08.414,398] [1;31m<err> ads1220: config2 mismatch! 0x10 != 0x00[0m
[00:00:08.414,520] [1;31m<err> ads1220: config2 mismatch! 0x15 != 0x00[0m
[00:00:08.414,642] [1;31m<err> ads1220: config0 mismatch! 0x3C != 0x1C[0m
[00:00:08.414,672] [1;31m<err> analog_axis_hires: Could not setup channel #1 (-5)[0m
[00:00:08.422,363] [1;31m<err> ads1220: config2 mismatch! 0x10 != 0x00[0m
[00:00:08.422,515] [1;31m<err> ads1220: config2 mismatch! 0x15 != 0x00[0m
[00:00:08.422,668] [1;31m<err> ads1220: config0 mismatch! 0x3C != 0x1C[0m
[00:00:08.422,668] [1;31m<err> analog_axis_hires: Could not setup channel #1 (-5)[0m
[00:00:08.430,419] [1;31m<err> ads1220: config2 mismatch! 0x10 != 0x00[0m
[00:00:08.430,541] [1;31m<err> ads1220: config2 mismatch! 0x15 != 0x00[0m
[00:00:08.430,694] [1;31m<err> ads1220: config0 mismatch! 0x3C != 0x1C[0m
[00:00:08.430,694] [1;31m<err> analog_axis_hires: Could not setup channel #1 (-5)[0m
[00:00:08.438,476] [1;31m<err> ads1220: config2 mismatch! 0x10 != 0x00[0m
[00:00:08.438,598] [1;31m<err> ads1220: config2 mismatch! 0x15 != 0x00[0m
[00:00:08.438,720] [1;31m<err> ads1220: config0 mismatch! 0x3C != 0x1C[0m
[00:00:08.438,751] [1;31m<err> analog_axis_hires: Could not setup channel #1 (-5)[0m
[00:00:08.446,441] [1;31m<err> ads1220: config2 mismatch! 0x10 != 0x00[0m
[00:00:08.446,594] [1;31m<err> ads1220: config2 mismatch! 0x15 != 0x00[0m
[00:00:08.446,746] [1;31m<err> ads1220: config0 mismatch! 0x3C != 0x1C[0m
[00:00:08.446,746] [1;31m<err> analog_axis_hires: Could not setup channel #1 (-5)[0m
[00:00:08.454,498] [1;31m<err> ads1220: config2 mismatch! 0x10 != 0x00[0m
[00:00:08.454,620] [1;31m<err> ads1220: config2 mismatch! 0x15 != 0x00[0m
[00:00:08.454,772] [1;31m<err> ads1220: config0 mismatch! 0x3C != 0x1C[0m
[00:00:08.454,772] [1;31m<err> analog_axis_hires: Could not setup channel #1 (-5)[0m
[00:00:08.462,524] [1;31m<err> ads1220: config2 mismatch! 0x10 != 0x00[0m
[00:00:08.462,677] [1;31m<err> ads1220: config2 mismatch! 0x15 != 0x00[0m
[00:00:08.462,799] [1;31m<err> ads1220: config0 mismatch! 0x3C != 0x1C[0m
[00:00:08.462,799] [1;31m<err> analog_axis_hires: Could not setup channel #1 (-5)[0m
[00:00:08.470,520] [1;31m<err> ads1220: config2 mismatch! 0x10 != 0x00[0m
[00:00:08.470,672] [1;31m<err> ads1220: config2 mismatch! 0x15 != 0x00[0m
[00:00:08.470,825] [1;31m<err> ads1220: config0 mismatch! 0x3C != 0x1C[0m
[00:00:08.470,825] [1;31m<err> analog_axis_hires: Could not setup channel #1 (-5)[0m
[00:00:08.478,576] [1;31m<err> ads1220: config2 mismatch! 0x10 != 0x00[0m
[00:00:08.478,698] [1;31m<err> ads1220: config2 mismatch! 0x15 != 0x00[0m
[00:00:08.478,851] [1;31m<err> ads1220: config0 mismatch! 0x3C != 0x1C[0m
[00:00:08.478,851] [1;31m<err> analog_axis_hires: Could not setup channel #1 (-5)[0m
[00:00:08.486,602] [1;31m<err> ads1220: config2 mismatch! 0x10 != 0x00[0m
[00:00:08.486,755] [1;31m<err> ads1220: config2 mismatch! 0x15 != 0x00[0m
[00:00:08.486,877] [1;31m<err> ads1220: config0 mismatch! 0x3C != 0x1C[0m
[00:00:08.486,877] [1;31m<err> analog_axis_hires: Could not setup channel #1 (-5)[0m
[00:00:08.494,598] [1;31m<err> ads1220: config2 mismatch! 0x10 != 0x00[0m
[00:00:08.494,750] [1;31m<err> ads1220: config2 mismatch! 0x15 != 0x00[0m
[00:00:08.494,903] [1;31m<err> ads1220: config0 mismatch! 0x3C != 0x1C[0m
[00:00:08.494,903] [1;31m<err> analog_axis_hires: Could not setup channel #1 (-5)[0m
[00:00:08.502,655] [1;31m<err> ads1220: config2 mismatch! 0x10 != 0x00[0m
[00:00:08.502,777] [1;31m<err> ads1220: config2 mismatch! 0x15 != 0x00[0m
[00:00:08.502,929] [1;31m<err> ads1220: config0 mismatch! 0x3C != 0x1C[0m
[00:00:08.502,929] [1;31m<err> analog_axis_hires: Could not setup channel #1 (-5)[0m
[00:00:08.510,711] [1;31m<err> ads1220: config2 mismatch! 0x10 != 0x00[0m
[00:00:08.510,833] [1;31m<err> ads1220: config2 mismatch! 0x15 != 0x00[0m
[00:00:08.510,986] [1;31m<err> ads1220: config0 mismatch! 0x3C != 0x1C[0m
[00:00:08.510,986] [1;31m<err> analog_axis_hires: Could not setup channel #1 (-5)[0m
[00:00:08.518,676] [1;31m<err> ads1220: config2 mismatch! 0x10 != 0x00[0m
[00:00:08.518,829] [1;31m<err> ads1220: config2 mismatch! 0x15 != 0x00[0m
[00:00:08.518,981] [1;31m<err> ads1220: config0 mismatch! 0x3C != 0x1C[0m
[00:00:08.518,981] [1;31m<err> analog_axis_hires: Could not setup channel #1 (-5)[0m
[00:00:08.526,733] [1;31m<err> ads1220: config2 mismatch! 0x10 != 0x00[0m
[00:00:08.526,855] [1;31m<err> ads1220: config2 mismatch! 0x15 != 0x00[0m
[00:00:08.527,008] [1;31m<err> ads1220: config0 mismatch! 0x3C != 0x1C[0m
[00:00:08.527,008] [1;31m<err> analog_axis_hires: Could not setup channel #1 (-5)[0m
[00:00:08.534,790] [1;31m<err> ads1220: config2 mismatch! 0x10 != 0x00[0m
[00:00:08.534,912] [1;31m<err> ads1220: config2 mismatch! 0x15 != 0x00[0m
[00:00:08.535,034] [1;31m<err> ads1220: config0 mismatch! 0x3C != 0x1C[0m
[00:00:08.535,064] [1;31m<err> analog_axis_hires: Could not setup channel #1 (-5)[0m
[00:00:08.542,755] [1;31m<err> ads1220: config2 mismatch! 0x10 != 0x00[0m
[00:00:08.542,907] [1;31m<err> ads1220: config2 mismatch! 0x15 != 0x00[0m
[00:00:08.543,060] [1;31m<err> ads1220: config0 mismatch! 0x3C != 0x1C[0m
[00:00:08.543,060] [1;31m<err> analog_axis_hires: Could not setup channel #1 (-5)[0m
[00:00:08.550,811] [1;31m<err> ads1220: config2 mismatch! 0x10 != 0x00[0m
[00:00:08.550,933] [1;31m<err> ads1220: config2 mismatch! 0x15 != 0x00[0m
[00:00:08.551,086] [1;31m<err> ads1220: config0 mismatch! 0x3C != 0x1C[0m
[00:00:08.551,086] [1;31m<err> analog_axis_hires: Could not setup channel #1 (-5)[0m
[00:00:08.558,868] [1;31m<err> ads1220: config2 mismatch! 0x10 != 0x00[0m
[00:00:08.558,990] [1;31m<err> ads1220: config2 mismatch! 0x15 != 0x00[0m
[00:00:08.559,143] [1;31m<err> ads1220: config0 mismatch! 0x3C != 0x1C[0m
[00:00:08.559,143] [1;31m<err> analog_axis_hires: Could not setup channel #1 (-5)[0m
[00:00:08.566,833] [1;31m<err> ads1220: config2 mismatch! 0x10 != 0x00[0m
[00:00:08.566,986] [1;31m<err> ads1220: config2 mismatch! 0x15 != 0x00[0m
[00:00:08.567,138] [1;31m<err> ads1220: config0 mismatch! 0x3C != 0x1C[0m
[00:00:08.567,138] [1;31m<err> analog_axis_hires: Could not setup channel #1 (-5)[0m
[00:00:08.574,890] [1;31m<err> ads1220: config2 mismatch! 0x10 != 0x00[0m
[00:00:08.575,012] [1;31m<err> ads1220: config2 mismatch! 0x15 != 0x00[0m
[00:00:08.575,164] [1;31m<err> ads1220: config0 mismatch! 0x3C != 0x1C[0m
[00:00:08.575,164] [1;31m<err> analog_axis_hires: Could not setup channel #1 (-5)[0m
[00:00:08.582,916] [1;31m<err> ads1220: config2 mismatch! 0x10 != 0x00[0m
[00:00:08.583,038] [1;31m<err> ads1220: config2 mismatch! 0x15 != 0x00[0m
[00:00:08.583,190] [1;31m<err> ads1220: config0 mismatch! 0x3C != 0x1C[0m
[00:00:08.583,190] [1;31m<err> analog_axis_hires: Could not setup channel #1 (-5)[0m
[00:00:08.590,911] [1;31m<err> ads1220: config2 mismatch! 0x10 != 0x00[0m
[00:00:08.591,064] [1;31m<err> ads1220: config2 mismatch! 0x15 != 0x00[0m
[00:00:08.591,217] [1;31m<err> ads1220: config0 mismatch! 0x3C != 0x1C[0m
[00:00:08.591,217] [1;31m<err> analog_axis_hires: Could not setup channel #1 (-5)[0m
[00:00:08.598,968] [1;31m<err> ads1220: config2 mismatch! 0x10 != 0x00[0m
[00:00:08.599,090] [1;31m<err> ads1220: config2 mismatch! 0x15 != 0x00[0m
[00:00:08.599,243] [1;31m<err> ads1220: config0 mismatch! 0x3C != 0x1C[0m
[00:00:08.599,243] [1;31m<err> analog_axis_hires: Could not setup channel #1 (-5)[0m
[00:00:08.607,025] [1;31m<err> ads1220: config2 mismatch! 0x10 != 0x00[0m
[00:00:08.607,147] [1;31m<err> ads1220: config2 mismatch! 0x15 != 0x00[0m
[00:00:08.607,269] [1;31m<err> ads1220: config0 mismatch! 0x3C != 0x1C[0m
[00:00:08.607,299] [1;31m<err> analog_axis_hires: Could not setup channel #1 (-5)[0m
[00:00:08.614,990] [1;31m<err> ads1220: config2 mismatch! 0x10 != 0x00[0m
[00:00:08.615,142] [1;31m<err> ads1220: config2 mismatch! 0x15 != 0x00[0m
[00:00:08.615,295] [1;31m<err> ads1220: config0 mismatch! 0x3C != 0x1C[0m
[00:00:08.615,295] [1;31m<err> analog_axis_hires: Could not setup channel #1 (-5)[0m
[00:00:08.623,046] [1;31m<err> ads1220: config2 mismatch! 0x10 != 0x00[0m
[00:00:08.623,168] [1;31m<err> ads1220: config2 mismatch! 0x15 != 0x00[0m
[00:00:08.623,321] [1;31m<err> ads1220: config0 mismatch! 0x3C != 0x1C[0m
[00:00:08.623,321] [1;31m<err> analog_axis_hires: Could not setup channel #1 (-5)[0m
[00:00:08.631,072] [1;31m<err> ads1220: config2 mismatch! 0x10 != 0x00[0m
[00:00:08.631,195] [1;31m<err> ads1220: config2 mismatch! 0x15 != 0x00[0m
[00:00:08.631,347] [1;31m<err> ads1220: config0 mismatch! 0x3C != 0x1C[0m
[00:00:08.631,347] [1;31m<err> analog_axis_hires: Could not setup channel #1 (-5)[0m
[00:00:08.639,068] [1;31m<err> ads1220: config2 mismatch! 0x10 != 0x00[0m
[00:00:08.639,221] [1;31m<err> ads1220: config2 mismatch! 0x15 != 0x00[0m
[00:00:08.639,373] [1;31m<err> ads1220: config0 mismatch! 0x3C != 0x1C[0m
[00:00:08.639,373] [1;31m<err> analog_axis_hires: Could not setup channel #1 (-5)[0m
[00:00:08.647,125] [1;31m<err> ads1220: config2 mismatch! 0x10 != 0x00[0m
[00:00:08.647,247] [1;31m<err> ads1220: config2 mismatch! 0x15 != 0x00[0m
[00:00:08.647,399] [1;31m<err> ads1220: config0 mismatch! 0x3C != 0x1C[0m
[00:00:08.647,399] [1;31m<err> analog_axis_hires: Could not setup channel #1 (-5)[0m
[00:00:08.655,181] [1;31m<err> ads1220: config2 mismatch! 0x10 != 0x00[0m
[00:00:08.655,303] [1;31m<err> ads1220: config2 mismatch! 0x15 != 0x00[0m
[00:00:08.655,426] [1;31m<err> ads1220: config0 mismatch! 0x3C != 0x1C[0m
[00:00:08.655,456] [1;31m<err> analog_axis_hires: Could not setup channel #1 (-5)[0m
[00:00:08.663,146] [1;31m<err> ads1220: config2 mismatch! 0x10 != 0x00[0m
[00:00:08.663,299] [1;31m<err> ads1220: config2 mismatch! 0x15 != 0x00[0m
[00:00:08.663,452] [1;31m<err> ads1220: config0 mismatch! 0x3C != 0x1C[0m
[00:00:08.663,452] [1;31m<err> analog_axis_hires: Could not setup channel #1 (-5)[0m
[00:00:08.671,203] [1;31m<err> ads1220: config2 mismatch! 0x10 != 0x00[0m
[00:00:08.671,325] [1;31m<err> ads1220: config2 mismatch! 0x15 != 0x00[0m
[00:00:08.671,478] [1;31m<err> ads1220: config0 mismatch! 0x3C != 0x1C[0m
[00:00:08.671,478] [1;31m<err> analog_axis_hires: Could not setup channel #1 (-5)[0m
[00:00:08.679,260] [1;31m<err> ads1220: config2 mismatch! 0x10 != 0x00[0m
[00:00:08.679,412] [1;31m<err> ads1220: config2 mismatch! 0x15 != 0x00[0m
[00:00:08.679,534] [1;31m<err> ads1220: config0 mismatch! 0x3C != 0x1C[0m
[00:00:08.679,534] [1;31m<err> analog_axis_hires: Could not setup channel #1 (-5)[0m
[00:00:08.687,225] [1;31m<err> ads1220: config2 mismatch! 0x10 != 0x00[0m
[00:00:08.687,377] [1;31m<err> ads1220: config2 mismatch! 0x15 != 0x00[0m
[00:00:08.687,530] [1;31m<err> ads1220: config0 mismatch! 0x3C != 0x1C[0m
[00:00:08.687,530] [1;31m<err> analog_axis_hires: Could not setup channel #1 (-5)[0m
[00:00:08.695,281] [1;31m<err> ads1220: config2 mismatch! 0x10 != 0x00[0m
[00:00:08.695,404] [1;31m<err> ads1220: config2 mismatch! 0x15 != 0x00[0m
[00:00:08.695,556] [1;31m<err> ads1220: config0 mismatch! 0x3C != 0x1C[0m
[00:00:08.695,556] [1;31m<err> analog_axis_hires: Could not setup channel #1 (-5)[0m
[00:00:08.703,338] [1;31m<err> ads1220: config2 mismatch! 0x10 != 0x00[0m
[00:00:08.703,460] [1;31m<err> ads1220: config2 mismatch! 0x15 != 0x00[0m
[00:00:08.703,582] [1;31m<err> ads1220: config0 mismatch! 0x3C != 0x1C[0m
[00:00:08.703,613] [1;31m<err> analog_axis_hires: Could not setup channel #1 (-5)[0m
[00:00:08.711,303] [1;31m<err> ads1220: config2 mismatch! 0x10 != 0x00[0m
[00:00:08.711,456] [1;31m<err> ads1220: config2 mismatch! 0x15 != 0x00[0m
[00:00:08.711,608] [1;31m<err> ads1220: config0 mismatch! 0x3C != 0x1C[0m
[00:00:08.711,608] [1;31m<err> analog_axis_hires: Could not setup channel #1 (-5)[0m
[00:00:08.719,360] [1;31m<err> ads1220: config2 mismatch! 0x10 != 0x00[0m
[00:00:08.719,482] [1;31m<err> ads1220: config2 mismatch! 0x15 != 0x00[0m
[00:00:08.719,635] [1;31m<err> ads1220: config0 mismatch! 0x3C != 0x1C[0m
[00:00:08.719,635] [1;31m<err> analog_axis_hires: Could not setup channel #1 (-5)[0m
[00:00:08.727,416] [1;31m<err> ads1220: config2 mismatch! 0x10 != 0x00[0m
[00:00:08.727,539] [1;31m<err> ads1220: config2 mismatch! 0x15 != 0x00[0m
[00:00:08.727,661] [1;31m<err> ads1220: config0 mismatch! 0x3C != 0x1C[0m
[00:00:08.727,661] [1;31m<err> analog_axis_hires: Could not setup channel #1 (-5)[0m
[00:00:08.735,382] [1;31m<err> ads1220: config2 mismatch! 0x10 != 0x00[0m
[00:00:08.735,534] [1;31m<err> ads1220: config2 mismatch! 0x15 != 0x00[0m
[00:00:08.735,687] [1;31m<err> ads1220: config0 mismatch! 0x3C != 0x1C[0m
[00:00:08.735,687] [1;31m<err> analog_axis_hires: Could not setup channel #1 (-5)[0m
[00:00:08.743,438] [1;31m<err> ads1220: config2 mismatch! 0x10 != 0x00[0m
[00:00:08.743,560] [1;31m<err> ads1220: config2 mismatch! 0x15 != 0x00[0m
[00:00:08.743,713] [1;31m<err> ads1220: config0 mismatch! 0x3C != 0x1C[0m
[00:00:08.743,713] [1;31m<err> analog_axis_hires: Could not setup channel #1 (-5)[0m
[00:00:08.751,464] [1;31m<err> ads1220: config2 mismatch! 0x10 != 0x00[0m
[00:00:08.751,617] [1;31m<err> ads1220: config2 mismatch! 0x15 != 0x00[0m
[00:00:08.751,739] [1;31m<err> ads1220: config0 mismatch! 0x3C != 0x1C[0m
[00:00:08.751,739] [1;31m<err> analog_axis_hires: Could not setup channel #1 (-5)[0m
[00:00:08.759,460] [1;31m<err> ads1220: config2 mismatch! 0x10 != 0x00[0m
[00:00:08.759,613] [1;31m<err> ads1220: config2 mismatch! 0x15 != 0x00[0m
[00:00:08.759,765] [1;31m<err> ads1220: config0 mismatch! 0x3C != 0x1C[0m
[00:00:08.759,765] [1;31m<err> analog_axis_hires: Could not setup channel #1 (-5)[0m
[00:00:08.767,517] [1;31m<err> ads1220: config2 mismatch! 0x10 != 0x00[0m
[00:00:08.767,639] [1;31m<err> ads1220: config2 mismatch! 0x15 != 0x00[0m
[00:00:08.767,791] [1;31m<err> ads1220: config0 mismatch! 0x3C != 0x1C[0m
[00:00:08.767,791] [1;31m<err> analog_axis_hires: Could not setup channel #1 (-5)[0m
[00:00:08.775,543] [1;31m<err> ads1220: config2 mismatch! 0x10 != 0x00[0m
[00:00:08.775,695] [1;31m<err> ads1220: config2 mismatch! 0x15 != 0x00[0m
[00:00:08.775,817] [1;31m<err> ads1220: config0 mismatch! 0x3C != 0x1C[0m
[00:00:08.775,817] [1;31m<err> analog_axis_hires: Could not setup channel #1 (-5)[0m
[00:00:08.783,538] [1;31m<err> ads1220: config2 mismatch! 0x10 != 0x00[0m
[00:00:08.783,691] [1;31m<err> ads1220: config2 mismatch! 0x15 != 0x00[0m
[00:00:08.783,843] [1;31m<err> ads1220: config0 mismatch! 0x3C != 0x1C[0m
[00:00:08.783,843] [1;31m<err> analog_axis_hires: Could not setup channel #1 (-5)[0m
[00:00:08.791,595] [1;31m<err> ads1220: config2 mismatch! 0x10 != 0x00[0m
[00:00:08.791,717] [1;31m<err> ads1220: config2 mismatch! 0x15 != 0x00[0m
[00:00:08.791,870] [1;31m<err> ads1220: config0 mismatch! 0x3C != 0x1C[0m
[00:00:08.791,870] [1;31m<err> analog_axis_hires: Could not setup channel #1 (-5)[0m
[00:00:08.799,652] [1;31m<err> ads1220: config2 mismatch! 0x10 != 0x00[0m
[00:00:08.799,774] [1;31m<err> ads1220: config2 mismatch! 0x15 != 0x00[0m
[00:00:08.799,926] [1;31m<err> ads1220: config0 mismatch! 0x3C != 0x1C[0m
[00:00:08.799,926] [1;31m<err> analog_axis_hires: Could not setup channel #1 (-5)[0m
[00:00:08.807,617] [1;31m<err> ads1220: config2 mismatch! 0x10 != 0x00[0m
[00:00:08.807,769] [1;31m<err> ads1220: config2 mismatch! 0x15 != 0x00[0m
[00:00:08.807,922] [1;31m<err> ads1220: config0 mismatch! 0x3C != 0x1C[0m
[00:00:08.807,922] [1;31m<err> analog_axis_hires: Could not setup channel #1 (-5)[0m
[00:00:08.815,673] [1;31m<err> ads1220: config2 mismatch! 0x10 != 0x00[0m
[00:00:08.815,795] [1;31m<err> ads1220: config2 mismatch! 0x15 != 0x00[0m
[00:00:08.815,948] [1;31m<err> ads1220: config0 mismatch! 0x3C != 0x1C[0m
[00:00:08.815,948] [1;31m<err> analog_axis_hires: Could not setup channel #1 (-5)[0m
[00:00:08.823,730] [1;31m<err> ads1220: config2 mismatch! 0x10 != 0x00[0m
[00:00:08.823,852] [1;31m<err> ads1220: config2 mismatch! 0x15 != 0x00[0m
[00:00:08.824,005] [1;31m<err> ads1220: config0 mismatch! 0x3C != 0x1C[0m
[00:00:08.824,005] [1;31m<err> analog_axis_hires: Could not setup channel #1 (-5)[0m
[00:00:08.831,695] [1;31m<err> ads1220: config2 mismatch! 0x10 != 0x00[0m
[00:00:08.831,848] [1;31m<err> ads1220: config2 mismatch! 0x15 != 0x00[0m
[00:00:08.832,000] [1;31m<err> ads1220: config0 mismatch! 0x3C != 0x1C[0m
[00:00:08.832,000] [1;31m<err> analog_axis_hires: Could not setup channel #1 (-5)[0m
[00:00:08.839,752] [1;31m<err> ads1220: config2 mismatch! 0x10 != 0x00[0m
[00:00:08.839,874] [1;31m<err> ads1220: config2 mismatch! 0x15 != 0x00[0m
[00:00:08.840,026] [1;31m<err> ads1220: config0 mismatch! 0x3C != 0x1C[0m
[00:00:08.840,026] [1;31m<err> analog_axis_hires: Could not setup channel #1 (-5)[0m
[00:00:08.847,808] [1;31m<err> ads1220: config2 mismatch! 0x10 != 0x00[0m
[00:00:08.847,930] [1;31m<err> ads1220: config2 mismatch! 0x15 != 0x00[0m
[00:00:08.848,083] [1;31m<err> ads1220: config0 mismatch! 0x3C != 0x1C[0m
[00:00:08.848,083] [1;31m<err> analog_axis_hires: Could not setup channel #1 (-5)[0m
[00:00:08.855,773] [1;31m<err> ads1220: config2 mismatch! 0x10 != 0x00[0m
[00:00:08.855,926] [1;31m<err> ads1220: config2 mismatch! 0x15 != 0x00[0m
[00:00:08.856,079] [1;31m<err> ads1220: config0 mismatch! 0x3C != 0x1C[0m
[00:00:08.856,079] [1;31m<err> analog_axis_hires: Could not setup channel #1 (-5)[0m
[00:00:08.863,830] [1;31m<err> ads1220: config2 mismatch! 0x10 != 0x00[0m
[00:00:08.863,952] [1;31m<err> ads1220: config2 mismatch! 0x15 != 0x00[0m
[00:00:08.864,105] [1;31m<err> ads1220: config0 mismatch! 0x3C != 0x1C[0m
[00:00:08.864,105] [1;31m<err> analog_axis_hires: Could not setup channel #1 (-5)[0m
[00:00:08.871,887] [1;31m<err> ads1220: config2 mismatch! 0x10 != 0x00[0m
[00:00:08.872,009] [1;31m<err> ads1220: config2 mismatch! 0x15 != 0x00[0m
[00:00:08.872,131] [1;31m<err> ads1220: config0 mismatch! 0x3C != 0x1C[0m
[00:00:08.872,161] [1;31m<err> analog_axis_hires: Could not setup channel #1 (-5)[0m
[00:00:08.879,852] [1;31m<err> ads1220: config2 mismatch! 0x10 != 0x00[0m
[00:00:08.880,004] [1;31m<err> ads1220: config2 mismatch! 0x15 != 0x00[0m
[00:00:08.880,157] [1;31m<err> ads1220: config0 mismatch! 0x3C != 0x1C[0m
[00:00:08.880,157] [1;31m<err> analog_axis_hires: Could not setup channel #1 (-5)[0m
[00:00:08.887,908] [1;31m<err> ads1220: config2 mismatch! 0x10 != 0x00[0m
[00:00:08.888,031] [1;31m<err> ads1220: config2 mismatch! 0x15 != 0x00[0m
[00:00:08.888,183] [1;31m<err> ads1220: config0 mismatch! 0x3C != 0x1C[0m
[00:00:08.888,183] [1;31m<err> analog_axis_hires: Could not setup channel #1 (-5)[0m
[00:00:08.895,965] [1;31m<err> ads1220: config2 mismatch! 0x10 != 0x00[0m
[00:00:08.896,087] [1;31m<err> ads1220: config2 mismatch! 0x15 != 0x00[0m
[00:00:08.896,209] [1;31m<err> ads1220: config0 mismatch! 0x3C != 0x1C[0m
[00:00:08.896,240] [1;31m<err> analog_axis_hires: Could not setup channel #1 (-5)[0m
[00:00:08.903,930] [1;31m<err> ads1220: config2 mismatch! 0x10 != 0x00[0m
[00:00:08.904,083] [1;31m<err> ads1220: config2 mismatch! 0x15 != 0x00[0m
[00:00:08.904,235] [1;31m<err> ads1220: config0 mismatch! 0x3C != 0x1C[0m
[00:00:08.904,235] [1;31m<err> analog_axis_hires: Could not setup channel #1 (-5)[0m
[00:00:08.911,987] [1;31m<err> ads1220: config2 mismatch! 0x10 != 0x00[0m
[00:00:08.912,109] [1;31m<err> ads1220: config2 mismatch! 0x15 != 0x00[0m
[00:00:08.912,261] [1;31m<err> ads1220: config0 mismatch! 0x3C != 0x1C[0m
[00:00:08.912,261] [1;31m<err> analog_axis_hires: Could not setup channel #1 (-5)[0m
[00:00:08.920,013] [1;31m<err> ads1220: config2 mismatch! 0x10 != 0x00[0m
[00:00:08.920,135] [1;31m<err> ads1220: config2 mismatch! 0x15 != 0x00[0m
[00:00:08.920,257] [1;31m<err> ads1220: config0 mismatch! 0x3C != 0x1C[0m
[00:00:08.920,288] [1;31m<err> analog_axis_hires: Could not setup channel #1 (-5)[0m
[00:00:08.928,009] [1;31m<err> ads1220: config2 mismatch! 0x10 != 0x00[0m
[00:00:08.928,161] [1;31m<err> ads1220: config2 mismatch! 0x15 != 0x00[0m
[00:00:08.928,314] [1;31m<err> ads1220: config0 mismatch! 0x3C != 0x1C[0m
[00:00:08.928,314] [1;31m<err> analog_axis_hires: Could not setup channel #1 (-5)[0m
[00:00:08.936,065] [1;31m<err> ads1220: config2 mismatch! 0x10 != 0x00[0m
[00:00:08.936,187] [1;31m<err> ads1220: config2 mismatch! 0x15 != 0x00[0m
[00:00:08.936,340] [1;31m<err> ads1220: config0 mismatch! 0x3C != 0x1C[0m
[00:00:08.936,340] [1;31m<err> analog_axis_hires: Could not setup channel #1 (-5)[0m
[00:00:08.944,122] [1;31m<err> ads1220: config2 mismatch! 0x10 != 0x00[0m
[00:00:08.944,244] [1;31m<err> ads1220: config2 mismatch! 0x15 != 0x00[0m
[00:00:08.944,366] [1;31m<err> ads1220: config0 mismatch! 0x3C != 0x1C[0m
[00:00:08.944,396] [1;31m<err> analog_axis_hires: Could not setup channel #1 (-5)[0m
[00:00:08.952,087] [1;31m<err> ads1220: config2 mismatch! 0x10 != 0x00[0m
[00:00:08.952,239] [1;31m<err> ads1220: config2 mismatch! 0x15 != 0x00[0m
[00:00:08.952,392] [1;31m<err> ads1220: config0 mismatch! 0x3C != 0x1C[0m
[00:00:08.952,392] [1;31m<err> analog_axis_hires: Could not setup channel #1 (-5)[0m
[00:00:08.960,144] [1;31m<err> ads1220: config2 mismatch! 0x10 != 0x00[0m
[00:00:08.960,266] [1;31m<err> ads1220: config2 mismatch! 0x15 != 0x00[0m
[00:00:08.960,418] [1;31m<err> ads1220: config0 mismatch! 0x3C != 0x1C[0m
[00:00:08.960,418] [1;31m<err> analog_axis_hires: Could not setup channel #1 (-5)[0m
[00:00:08.968,200] [1;31m<err> ads1220: config2 mismatch! 0x10 != 0x00[0m
[00:00:08.968,322] [1;31m<err> ads1220: config2 mismatch! 0x15 != 0x00[0m
[00:00:08.968,444] [1;31m<err> ads1220: config0 mismatch! 0x3C != 0x1C[0m
[00:00:08.968,475] [1;31m<err> analog_axis_hires: Could not setup channel #1 (-5)[0m
[00:00:08.976,226] [1;31m<err> ads1220: config2 mismatch! 0x10 != 0x00[0m
[00:00:08.976,379] [1;31m<err> ads1220: config2 mismatch! 0x15 != 0x00[0m
[00:00:08.976,501] [1;31m<err> ads1220: config0 mismatch! 0x3C != 0x1C[0m
[00:00:08.976,531] [1;31m<err> analog_axis_hires: Could not setup channel #1 (-5)[0m
[00:00:08.984,222] [1;31m<err> ads1220: config2 mismatch! 0x10 != 0x00[0m
[00:00:08.984,344] [1;31m<err> ads1220: config2 mismatch! 0x15 != 0x00[0m
[00:00:08.984,497] [1;31m<err> ads1220: config0 mismatch! 0x3C != 0x1C[0m
[00:00:08.984,497] [1;31m<err> analog_axis_hires: Could not setup channel #1 (-5)[0m
[00:00:08.992,279] [1;31m<err> ads1220: config2 mismatch! 0x10 != 0x00[0m
[00:00:08.992,431] [1;31m<err> ads1220: config2 mismatch! 0x15 != 0x00[0m
[00:00:08.992,553] [1;31m<err> ads1220: config0 mismatch! 0x3C != 0x1C[0m
[00:00:08.992,553] [1;31m<err> analog_axis_hires: Could not setup channel #1 (-5)[0m
[00:00:09.000,244] [1;31m<err> ads1220: config2 mismatch! 0x10 != 0x00[0m
[00:00:09.000,396] [1;31m<err> ads1220: config2 mismatch! 0x15 != 0x00[0m
[00:00:09.000,549] [1;31m<err> ads1220: config0 mismatch! 0x3C != 0x1C[0m
[00:00:09.000,549] [1;31m<err> analog_axis_hires: Could not setup channel #1 (-5)[0m
[00:00:09.008,300] [1;31m<err> ads1220: config2 mismatch! 0x10 != 0x00[0m
[00:00:09.008,422] [1;31m<err> ads1220: config2 mismatch! 0x15 != 0x00[0m
[00:00:09.008,575] [1;31m<err> ads1220: config0 mismatch! 0x3C != 0x1C[0m
[00:00:09.008,575] [1;31m<err> analog_axis_hires: Could not setup channel #1 (-5)[0m
[00:00:09.016,357] [1;31m<err> ads1220: config2 mismatch! 0x10 != 0x00[0m
[00:00:09.016,510] [1;31m<err> ads1220: config2 mismatch! 0x15 != 0x00[0m
[00:00:09.016,632] [1;31m<err> ads1220: config0 mismatch! 0x3C != 0x1C[0m
[00:00:09.016,632] [1;31m<err> analog_axis_hires: Could not setup channel #1 (-5)[0m
[00:00:09.024,322] [1;31m<err> ads1220: config2 mismatch! 0x10 != 0x00[0m
[00:00:09.024,475] [1;31m<err> ads1220: config2 mismatch! 0x15 != 0x00[0m
[00:00:09.024,627] [1;31m<err> ads1220: config0 mismatch! 0x3C != 0x1C[0m
[00:00:09.024,627] [1;31m<err> analog_axis_hires: Could not setup channel #1 (-5)[0m
[00:00:09.032,379] [1;31m<err> ads1220: config2 mismatch! 0x10 != 0x00[0m
[00:00:09.032,501] [1;31m<err> ads1220: config2 mismatch! 0x15 != 0x00[0m
[00:00:09.032,653] [1;31m<err> ads1220: config0 mismatch! 0x3C != 0x1C[0m
[00:00:09.032,653] [1;31m<err> analog_axis_hires: Could not setup channel #1 (-5)[0m
[00:00:09.040,405] [1;31m<err> ads1220: config2 mismatch! 0x10 != 0x00[0m
[00:00:09.040,557] [1;31m<err> ads1220: config2 mismatch! 0x15 != 0x00[0m
[00:00:09.040,679] [1;31m<err> ads1220: config0 mismatch! 0x3C != 0x1C[0m
[00:00:09.040,679] [1;31m<err> analog_axis_hires: Could not setup channel #1 (-5)[0m
[00:00:09.048,400] [1;31m<err> ads1220: config2 mismatch! 0x10 != 0x00[0m
[00:00:09.048,553] [1;31m<err> ads1220: config2 mismatch! 0x15 != 0x00[0m
[00:00:09.048,706] [1;31m<err> ads1220: config0 mismatch! 0x3C != 0x1C[0m
[00:00:09.048,706] [1;31m<err> analog_axis_hires: Could not setup channel #1 (-5)[0m
[00:00:09.056,457] [1;31m<err> ads1220: config2 mismatch! 0x10 != 0x00[0m
[00:00:09.056,579] [1;31m<err> ads1220: config2 mismatch! 0x15 != 0x00[0m
[00:00:09.056,732] [1;31m<err> ads1220: config0 mismatch! 0x3C != 0x1C[0m
[00:00:09.056,732] [1;31m<err> analog_axis_hires: Could not setup channel #1 (-5)[0m
[00:00:09.064,483] [1;31m<err> ads1220: config2 mismatch! 0x10 != 0x00[0m
[00:00:09.064,605] [1;31m<err> ads1220: config2 mismatch! 0x15 != 0x00[0m
[00:00:09.064,758] [1;31m<err> ads1220: config0 mismatch! 0x3C != 0x1C[0m
[00:00:09.064,758] [1;31m<err> analog_axis_hires: Could not setup channel #1 (-5)[0m
[00:00:09.072,479] [1;31m<err> ads1220: config2 mismatch! 0x10 != 0x00[0m
[00:00:09.072,631] [1;31m<err> ads1220: config2 mismatch! 0x15 != 0x00[0m
[00:00:09.072,784] [1;31m<err> ads1220: config0 mismatch! 0x3C != 0x1C[0m
[00:00:09.072,784] [1;31m<err> analog_axis_hires: Could not setup channel #1 (-5)[0m
[00:00:09.080,535] [1;31m<err> ads1220: config2 mismatch! 0x10 != 0x00[0m
[00:00:09.080,657] [1;31m<err> ads1220: config2 mismatch! 0x15 != 0x00[0m
[00:00:09.080,810] [1;31m<err> ads1220: config0 mismatch! 0x3C != 0x1C[0m
[00:00:09.080,810] [1;31m<err> analog_axis_hires: Could not setup channel #1 (-5)[0m
[00:00:09.088,592] [1;31m<err> ads1220: config2 mismatch! 0x10 != 0x00[0m
[00:00:09.088,714] [1;31m<err> ads1220: config2 mismatch! 0x15 != 0x00[0m
[00:00:09.088,867] [1;31m<err> ads1220: config0 mismatch! 0x3C != 0x1C[0m
[00:00:09.088,867] [1;31m<err> analog_axis_hires: Could not setup channel #1 (-5)[0m
[00:00:09.096,557] [1;31m<err> ads1220: config2 mismatch! 0x10 != 0x00[0m
[00:00:09.096,710] [1;31m<err> ads1220: config2 mismatch! 0x15 != 0x00[0m
[00:00:09.096,862] [1;31m<err> ads1220: config0 mismatch! 0x3C != 0x1C[0m
[00:00:09.096,862] [1;31m<err> analog_axis_hires: Could not setup channel #1 (-5)[0m
[00:00:09.104,614] [1;31m<err> ads1220: config2 mismatch! 0x10 != 0x00[0m
[00:00:09.104,736] [1;31m<err> ads1220: config2 mismatch! 0x15 != 0x00[0m
[00:00:09.104,888] [1;31m<err> ads1220: config0 mismatch! 0x3C != 0x1C[0m
[00:00:09.104,888] [1;31m<err> analog_axis_hires: Could not setup channel #1 (-5)[0m
[00:00:09.112,670] [1;31m<err> ads1220: config2 mismatch! 0x10 != 0x00[0m
[00:00:09.112,792] [1;31m<err> ads1220: config2 mismatch! 0x15 != 0x00[0m
[00:00:09.112,945] [1;31m<err> ads1220: config0 mismatch! 0x3C != 0x1C[0m
[00:00:09.112,945] [1;31m<err> analog_axis_hires: Could not setup channel #1 (-5)[0m
[00:00:09.120,635] [1;31m<err> ads1220: config2 mismatch! 0x10 != 0x00[0m
[00:00:09.120,788] [1;31m<err> ads1220: config2 mismatch! 0x15 != 0x00[0m
[00:00:09.120,941] [1;31m<err> ads1220: config0 mismatch! 0x3C != 0x1C[0m
[00:00:09.120,941] [1;31m<err> analog_axis_hires: Could not setup channel #1 (-5)[0m
[00:00:09.128,692] [1;31m<err> ads1220: config2 mismatch! 0x10 != 0x00[0m
[00:00:09.128,814] [1;31m<err> ads1220: config2 mismatch! 0x15 != 0x00[0m
[00:00:09.128,967] [1;31m<err> ads1220: config0 mismatch! 0x3C != 0x1C[0m
[00:00:09.128,967] [1;31m<err> analog_axis_hires: Could not setup channel #1 (-5)[0m
[00:00:09.136,749] [1;31m<err> ads1220: config2 mismatch! 0x10 != 0x00[0m
[00:00:09.136,871] [1;31m<err> ads1220: config2 mismatch! 0x15 != 0x00[0m
[00:00:09.136,993] [1;31m<err> ads1220: config0 mismatch! 0x3C != 0x1C[0m
[00:00:09.137,023] [1;31m<err> analog_axis_hires: Could not setup channel #1 (-5)[0m
[00:00:09.144,714] [1;31m<err> ads1220: config2 mismatch! 0x10 != 0x00[0m
[00:00:09.144,866] [1;31m<err> ads1220: config2 mismatch! 0x15 != 0x00[0m
[00:00:09.145,019] [1;31m<err> ads1220: config0 mismatch! 0x3C != 0x1C[0m
[00:00:09.145,019] [1;31m<err> analog_axis_hires: Could not setup channel #1 (-5)[0m
[00:00:09.152,770] [1;31m<err> ads1220: config2 mismatch! 0x10 != 0x00[0m
[00:00:09.152,893] [1;31m<err> ads1220: config2 mismatch! 0x15 != 0x00[0m
[00:00:09.153,045] [1;31m<err> ads1220: config0 mismatch! 0x3C != 0x1C[0m
[00:00:09.153,045] [1;31m<err> analog_axis_hires: Could not setup channel #1 (-5)[0m
[00:00:09.160,827] [1;31m<err> ads1220: config2 mismatch! 0x10 != 0x00[0m
[00:00:09.160,949] [1;31m<err> ads1220: config2 mismatch! 0x15 != 0x00[0m
[00:00:09.161,071] [1;31m<err> ads1220: config0 mismatch! 0x3C != 0x1C[0m
[00:00:09.161,071] [1;31m<err> analog_axis_hires: Could not setup channel #1 (-5)[0m
[00:00:09.168,792] [1;31m<err> ads1220: config2 mismatch! 0x10 != 0x00[0m
[00:00:09.168,945] [1;31m<err> ads1220: config2 mismatch! 0x15 != 0x00[0m
[00:00:09.169,097] [1;31m<err> ads1220: config0 mismatch! 0x3C != 0x1C[0m
[00:00:09.169,097] [1;31m<err> analog_axis_hires: Could not setup channel #1 (-5)[0m
[00:00:09.176,849] [1;31m<err> ads1220: config2 mismatch! 0x10 != 0x00[0m
[00:00:09.176,971] [1;31m<err> ads1220: config2 mismatch! 0x15 != 0x00[0m
[00:00:09.177,124] [1;31m<err> ads1220: config0 mismatch! 0x3C != 0x1C[0m
[00:00:09.177,124] [1;31m<err> analog_axis_hires: Could not setup channel #1 (-5)[0m
[00:00:09.184,906] [1;31m<err> ads1220: config2 mismatch! 0x10 != 0x00[0m
[00:00:09.185,028] [1;31m<err> ads1220: config2 mismatch! 0x15 != 0x00[0m
[00:00:09.185,150] [1;31m<err> ads1220: config0 mismatch! 0x3C != 0x1C[0m
[00:00:09.185,180] [1;31m<err> analog_axis_hires: Could not setup channel #1 (-5)[0m
[00:00:09.192,871] [1;31m<err> ads1220: config2 mismatch! 0x10 != 0x00[0m
[00:00:09.193,023] [1;31m<err> ads1220: config2 mismatch! 0x15 != 0x00[0m
[00:00:09.193,176] [1;31m<err> ads1220: config0 mismatch! 0x3C != 0x1C[0m
[00:00:09.193,176] [1;31m<err> analog_axis_hires: Could not setup channel #1 (-5)[0m
[00:00:09.200,927] [1;31m<err> ads1220: config2 mismatch! 0x10 != 0x00[0m
[00:00:09.201,049] [1;31m<err> ads1220: config2 mismatch! 0x15 != 0x00[0m
[00:00:09.201,202] [1;31m<err> ads1220: config0 mismatch! 0x3C != 0x1C[0m
[00:00:09.201,202] [1;31m<err> analog_axis_hires: Could not setup channel #1 (-5)[0m
[00:00:09.208,953] [1;31m<err> ads1220: config2 mismatch! 0x10 != 0x00[0m
[00:00:09.209,075] [1;31m<err> ads1220: config2 mismatch! 0x15 != 0x00[0m
[00:00:09.209,197] [1;31m<err> ads1220: config0 mismatch! 0x3C != 0x1C[0m
[00:00:09.209,228] [1;31m<err> analog_axis_hires: Could not setup channel #1 (-5)[0m
[00:00:09.216,949] [1;31m<err> ads1220: config2 mismatch! 0x10 != 0x00[0m
[00:00:09.217,102] [1;31m<err> ads1220: config2 mismatch! 0x15 != 0x00[0m
[00:00:09.217,254] [1;31m<err> ads1220: config0 mismatch! 0x3C != 0x1C[0m
[00:00:09.217,254] [1;31m<err> analog_axis_hires: Could not setup channel #1 (-5)[0m
[00:00:09.225,006] [1;31m<err> ads1220: config2 mismatch! 0x10 != 0x00[0m
[00:00:09.225,128] [1;31m<err> ads1220: config2 mismatch! 0x15 != 0x00[0m
[00:00:09.225,280] [1;31m<err> ads1220: config0 mismatch! 0x3C != 0x1C[0m
[00:00:09.225,280] [1;31m<err> analog_axis_hires: Could not setup channel #1 (-5)[0m
[00:00:09.233,062] [1;31m<err> ads1220: config2 mismatch! 0x10 != 0x00[0m
[00:00:09.233,184] [1;31m<err> ads1220: config2 mismatch! 0x15 != 0x00[0m
[00:00:09.233,306] [1;31m<err> ads1220: config0 mismatch! 0x3C != 0x1C[0m
[00:00:09.233,337] [1;31m<err> analog_axis_hires: Could not setup channel #1 (-5)[0m
[00:00:09.241,027] [1;31m<err> ads1220: config2 mismatch! 0x10 != 0x00[0m
[00:00:09.241,180] [1;31m<err> ads1220: config2 mismatch! 0x15 != 0x00[0m
[00:00:09.241,333] [1;31m<err> ads1220: config0 mismatch! 0x3C != 0x1C[0m
[00:00:09.241,333] [1;31m<err> analog_axis_hires: Could not setup channel #1 (-5)[0m
[00:00:09.249,084] [1;31m<err> ads1220: config2 mismatch! 0x10 != 0x00[0m
[00:00:09.249,206] [1;31m<err> ads1220: config2 mismatch! 0x15 != 0x00[0m
[00:00:09.249,359] [1;31m<err> ads1220: config0 mismatch! 0x3C != 0x1C[0m
[00:00:09.249,359] [1;31m<err> analog_axis_hires: Could not setup channel #1 (-5)[0m
[00:00:09.257,141] [1;31m<err> ads1220: config2 mismatch! 0x10 != 0x00[0m
[00:00:09.257,263] [1;31m<err> ads1220: config2 mismatch! 0x15 != 0x00[0m
[00:00:09.257,385] [1;31m<err> ads1220: config0 mismatch! 0x3C != 0x1C[0m
[00:00:09.257,385] [1;31m<err> analog_axis_hires: Could not setup channel #1 (-5)[0m
[00:00:09.265,106] [1;31m<err> ads1220: config2 mismatch! 0x10 != 0x00[0m
[00:00:09.265,258] [1;31m<err> ads1220: config2 mismatch! 0x15 != 0x00[0m
[00:00:09.265,411] [1;31m<err> ads1220: config0 mismatch! 0x3C != 0x1C[0m
[00:00:09.265,411] [1;31m<err> analog_axis_hires: Could not setup channel #1 (-5)[0m
[00:00:09.273,162] [1;31m<err> ads1220: config2 mismatch! 0x10 != 0x00[0m
[00:00:09.273,284] [1;31m<err> ads1220: config2 mismatch! 0x15 != 0x00[0m
[00:00:09.273,437] [1;31m<err> ads1220: config0 mismatch! 0x3C != 0x1C[0m
[00:00:09.273,437] [1;31m<err> analog_axis_hires: Could not setup channel #1 (-5)[0m
[00:00:09.281,188] [1;31m<err> ads1220: config2 mismatch! 0x10 != 0x00[0m
[00:00:09.281,341] [1;31m<err> ads1220: config2 mismatch! 0x15 != 0x00[0m
[00:00:09.281,463] [1;31m<err> ads1220: config0 mismatch! 0x3C != 0x1C[0m
[00:00:09.281,463] [1;31m<err> analog_axis_hires: Could not setup channel #1 (-5)[0m
[00:00:09.289,184] [1;31m<err> ads1220: config2 mismatch! 0x10 != 0x00[0m
[00:00:09.289,337] [1;31m<err> ads1220: config2 mismatch! 0x15 != 0x00[0m
[00:00:09.289,489] [1;31m<err> ads1220: config0 mismatch! 0x3C != 0x1C[0m
[00:00:09.289,489] [1;31m<err> analog_axis_hires: Could not setup channel #1 (-5)[0m
[00:00:09.297,241] [1;31m<err> ads1220: config2 mismatch! 0x10 != 0x00[0m
[00:00:09.297,363] [1;31m<err> ads1220: config2 mismatch! 0x15 != 0x00[0m
[00:00:09.297,515] [1;31m<err> ads1220: config0 mismatch! 0x3C != 0x1C[0m
[00:00:09.297,515] [1;31m<err> analog_axis_hires: Could not setup channel #1 (-5)[0m
[00:00:09.305,297] [1;31m<err> ads1220: config2 mismatch! 0x10 != 0x00[0m
[00:00:09.305,419] [1;31m<err> ads1220: config2 mismatch! 0x15 != 0x00[0m
[00:00:09.305,572] [1;31m<err> ads1220: config0 mismatch! 0x3C != 0x1C[0m
[00:00:09.305,572] [1;31m<err> analog_axis_hires: Could not setup channel #1 (-5)[0m
[00:00:09.313,262] [1;31m<err> ads1220: config2 mismatch! 0x10 != 0x00[0m
[00:00:09.313,415] [1;31m<err> ads1220: config2 mismatch! 0x15 != 0x00[0m
[00:00:09.313,568] [1;31m<err> ads1220: config0 mismatch! 0x3C != 0x1C[0m
[00:00:09.313,568] [1;31m<err> analog_axis_hires: Could not setup channel #1 (-5)[0m
[00:00:09.321,319] [1;31m<err> ads1220: config2 mismatch! 0x10 != 0x00[0m
[00:00:09.321,441] [1;31m<err> ads1220: config2 mismatch! 0x15 != 0x00[0m
[00:00:09.321,594] [1;31m<err> ads1220: config0 mismatch! 0x3C != 0x1C[0m
[00:00:09.321,594] [1;31m<err> analog_axis_hires: Could not setup channel #1 (-5)[0m
[00:00:09.329,376] [1;31m<err> ads1220: config2 mismatch! 0x10 != 0x00[0m
[00:00:09.329,498] [1;31m<err> ads1220: config2 mismatch! 0x15 != 0x00[0m
[00:00:09.329,620] [1;31m<err> ads1220: config0 mismatch! 0x3C != 0x1C[0m
[00:00:09.329,620] [1;31m<err> analog_axis_hires: Could not setup channel #1 (-5)[0m
[00:00:09.337,341] [1;31m<err> ads1220: config2 mismatch! 0x10 != 0x00[0m
[00:00:09.337,493] [1;31m<err> ads1220: config2 mismatch! 0x15 != 0x00[0m
[00:00:09.337,646] [1;31m<err> ads1220: config0 mismatch! 0x3C != 0x1C[0m
[00:00:09.337,646] [1;31m<err> analog_axis_hires: Could not setup channel #1 (-5)[0m
[00:00:09.345,397] [1;31m<err> ads1220: config2 mismatch! 0x10 != 0x00[0m
[00:00:09.345,520] [1;31m<err> ads1220: config2 mismatch! 0x15 != 0x00[0m
[00:00:09.345,672] [1;31m<err> ads1220: config0 mismatch! 0x3C != 0x1C[0m
[00:00:09.345,672] [1;31m<err> analog_axis_hires: Could not setup channel #1 (-5)[0m
[00:00:09.353,424] [1;31m<err> ads1220: config2 mismatch! 0x10 != 0x00[0m
[00:00:09.353,576] [1;31m<err> ads1220: config2 mismatch! 0x15 != 0x00[0m
[00:00:09.353,698] [1;31m<err> ads1220: config0 mismatch! 0x3C != 0x1C[0m
[00:00:09.353,698] [1;31m<err> analog_axis_hires: Could not setup channel #1 (-5)[0m
[00:00:09.361,419] [1;31m<err> ads1220: config2 mismatch! 0x10 != 0x00[0m
[00:00:09.361,572] [1;31m<err> ads1220: config2 mismatch! 0x15 != 0x00[0m
[00:00:09.361,724] [1;31m<err> ads1220: config0 mismatch! 0x3C != 0x1C[0m
[00:00:09.361,724] [1;31m<err> analog_axis_hires: Could not setup channel #1 (-5)[0m
[00:00:09.369,476] [1;31m<err> ads1220: config2 mismatch! 0x10 != 0x00[0m
[00:00:09.369,598] [1;31m<err> ads1220: config2 mismatch! 0x15 != 0x00[0m
[00:00:09.369,750] [1;31m<err> ads1220: config0 mismatch! 0x3C != 0x1C[0m
[00:00:09.369,750] [1;31m<err> analog_axis_hires: Could not setup channel #1 (-5)[0m
[00:00:09.377,532] [1;31m<err> ads1220: config2 mismatch! 0x10 != 0x00[0m
[00:00:09.377,655] [1;31m<err> ads1220: config2 mismatch! 0x15 != 0x00[0m
[00:00:09.377,777] [1;31m<err> ads1220: config0 mismatch! 0x3C != 0x1C[0m
[00:00:09.377,807] [1;31m<err> analog_axis_hires: Could not setup channel #1 (-5)[0m
[00:00:09.385,528] [1;31m<err> ads1220: config2 mismatch! 0x10 != 0x00[0m
[00:00:09.385,650] [1;31m<err> ads1220: config2 mismatch! 0x15 != 0x00[0m
[00:00:09.385,803] [1;31m<err> ads1220: config0 mismatch! 0x3C != 0x1C[0m
[00:00:09.385,803] [1;31m<err> analog_axis_hires: Could not setup channel #1 (-5)[0m
[00:00:09.393,554] [1;31m<err> ads1220: config2 mismatch! 0x10 != 0x00[0m
[00:00:09.393,676] [1;31m<err> ads1220: config2 mismatch! 0x15 != 0x00[0m
[00:00:09.393,829] [1;31m<err> ads1220: config0 mismatch! 0x3C != 0x1C[0m
[00:00:09.393,829] [1;31m<err> analog_axis_hires: Could not setup channel #1 (-5)[0m
[00:00:09.401,611] [1;31m<err> ads1220: config2 mismatch! 0x10 != 0x00[0m
[00:00:09.401,733] [1;31m<err> ads1220: config2 mismatch! 0x15 != 0x00[0m
[00:00:09.401,855] [1;31m<err> ads1220: config0 mismatch! 0x3C != 0x1C[0m
[00:00:09.401,885] [1;31m<err> analog_axis_hires: Could not setup channel #1 (-5)[0m
[00:00:09.409,576] [1;31m<err> ads1220: config2 mismatch! 0x10 != 0x00[0m
[00:00:09.409,729] [1;31m<err> ads1220: config2 mismatch! 0x15 != 0x00[0m
[00:00:09.409,881] [1;31m<err> ads1220: config0 mismatch! 0x3C != 0x1C[0m
[00:00:09.409,881] [1;31m<err> analog_axis_hires: Could not setup channel #1 (-5)[0m
[00:00:09.417,633] [1;31m<err> ads1220: config2 mismatch! 0x10 != 0x00[0m
[00:00:09.417,755] [1;31m<err> ads1220: config2 mismatch! 0x15 != 0x00[0m
[00:00:09.417,907] [1;31m<err> ads1220: config0 mismatch! 0x3C != 0x1C[0m
[00:00:09.417,907] [1;31m<err> analog_axis_hires: Could not setup channel #1 (-5)[0m
[00:00:09.425,689] [1;31m<err> ads1220: config2 mismatch! 0x10 != 0x00[0m
[00:00:09.425,811] [1;31m<err> ads1220: config2 mismatch! 0x15 != 0x00[0m
[00:00:09.425,933] [1;31m<err> ads1220: config0 mismatch! 0x3C != 0x1C[0m
[00:00:09.425,964] [1;31m<err> analog_axis_hires: Could not setup channel #1 (-5)[0m
[00:00:09.433,654] [1;31m<err> ads1220: config2 mismatch! 0x10 != 0x00[0m
[00:00:09.433,807] [1;31m<err> ads1220: config2 mismatch! 0x15 != 0x00[0m
[00:00:09.433,959] [1;31m<err> ads1220: config0 mismatch! 0x3C != 0x1C[0m
[00:00:09.433,959] [1;31m<err> analog_axis_hires: Could not setup channel #1 (-5)[0m
[00:00:09.441,711] [1;31m<err> ads1220: config2 mismatch! 0x10 != 0x00[0m
[00:00:09.441,833] [1;31m<err> ads1220: config2 mismatch! 0x15 != 0x00[0m
[00:00:09.441,986] [1;31m<err> ads1220: config0 mismatch! 0x3C != 0x1C[0m
[00:00:09.441,986] [1;31m<err> analog_axis_hires: Could not setup channel #1 (-5)[0m
[00:00:09.449,768] [1;31m<err> ads1220: config2 mismatch! 0x10 != 0x00[0m
[00:00:09.449,890] [1;31m<err> ads1220: config2 mismatch! 0x15 != 0x00[0m
[00:00:09.450,012] [1;31m<err> ads1220: config0 mismatch! 0x3C != 0x1C[0m
[00:00:09.450,042] [1;31m<err> analog_axis_hires: Could not setup channel #1 (-5)[0m
[00:00:09.457,794] [1;31m<err> ads1220: config2 mismatch! 0x10 != 0x00[0m
[00:00:09.457,946] [1;31m<err> ads1220: config2 mismatch! 0x15 != 0x00[0m
[00:00:09.458,068] [1;31m<err> ads1220: config0 mismatch! 0x3C != 0x1C[0m
[00:00:09.458,099] [1;31m<err> analog_axis_hires: Could not setup channel #1 (-5)[0m
[00:00:09.465,789] [1;31m<err> ads1220: config2 mismatch! 0x10 != 0x00[0m
[00:00:09.465,911] [1;31m<err> ads1220: config2 mismatch! 0x15 != 0x00[0m
[00:00:09.466,064] [1;31m<err> ads1220: config0 mismatch! 0x3C != 0x1C[0m
[00:00:09.466,064] [1;31m<err> analog_axis_hires: Could not setup channel #1 (-5)[0m
[00:00:09.473,846] [1;31m<err> ads1220: config2 mismatch! 0x10 != 0x00[0m
[00:00:09.473,999] [1;31m<err> ads1220: config2 mismatch! 0x15 != 0x00[0m
[00:00:09.474,121] [1;31m<err> ads1220: config0 mismatch! 0x3C != 0x1C[0m
[00:00:09.474,121] [1;31m<err> analog_axis_hires: Could not setup channel #1 (-5)[0m
[00:00:09.481,811] [1;31m<err> ads1220: config2 mismatch! 0x10 != 0x00[0m
[00:00:09.481,964] [1;31m<err> ads1220: config2 mismatch! 0x15 != 0x00[0m
[00:00:09.482,116] [1;31m<err> ads1220: config0 mismatch! 0x3C != 0x1C[0m
[00:00:09.482,116] [1;31m<err> analog_axis_hires: Could not setup channel #1 (-5)[0m
[00:00:09.489,868] [1;31m<err> ads1220: config2 mismatch! 0x10 != 0x00[0m
[00:00:09.489,990] [1;31m<err> ads1220: config2 mismatch! 0x15 != 0x00[0m
[00:00:09.490,142] [1;31m<err> ads1220: config0 mismatch! 0x3C != 0x1C[0m
[00:00:09.490,142] [1;31m<err> analog_axis_hires: Could not setup channel #1 (-5)[0m
[00:00:09.497,924] [1;31m<err> ads1220: config2 mismatch! 0x10 != 0x00[0m
[00:00:09.498,046] [1;31m<err> ads1220: config2 mismatch! 0x15 != 0x00[0m
[00:00:09.498,168] [1;31m<err> ads1220: config0 mismatch! 0x3C != 0x1C[0m
[00:00:09.498,168] [1;31m<err> analog_axis_hires: Could not setup channel #1 (-5)[0m
[00:00:09.505,889] [1;31m<err> ads1220: config2 mismatch! 0x10 != 0x00[0m
[00:00:09.506,042] [1;31m<err> ads1220: config2 mismatch! 0x15 != 0x00[0m
[00:00:09.506,195] [1;31m<err> ads1220: config0 mismatch! 0x3C != 0x1C[0m
[00:00:09.506,195] [1;31m<err> analog_axis_hires: Could not setup channel #1 (-5)[0m
[00:00:09.513,946] [1;31m<err> ads1220: config2 mismatch! 0x10 != 0x00[0m
[00:00:09.514,068] [1;31m<err> ads1220: config2 mismatch! 0x15 != 0x00[0m
[00:00:09.514,221] [1;31m<err> ads1220: config0 mismatch! 0x3C != 0x1C[0m
[00:00:09.514,221] [1;31m<err> analog_axis_hires: Could not setup channel #1 (-5)[0m
[00:00:09.522,003] [1;31m<err> ads1220: config2 mismatch! 0x10 != 0x00[0m
[00:00:09.522,125] [1;31m<err> ads1220: config2 mismatch! 0x15 != 0x00[0m
[00:00:09.522,247] [1;31m<err> ads1220: config0 mismatch! 0x3C != 0x1C[0m
[00:00:09.522,277] [1;31m<err> analog_axis_hires: Could not setup channel #1 (-5)[0m
[00:00:09.529,968] [1;31m<err> ads1220: config2 mismatch! 0x10 != 0x00[0m
[00:00:09.530,120] [1;31m<err> ads1220: config2 mismatch! 0x15 != 0x00[0m
[00:00:09.530,273] [1;31m<err> ads1220: config0 mismatch! 0x3C != 0x1C[0m
[00:00:09.530,273] [1;31m<err> analog_axis_hires: Could not setup channel #1 (-5)[0m
[00:00:09.538,024] [1;31m<err> ads1220: config2 mismatch! 0x10 != 0x00[0m
[00:00:09.538,146] [1;31m<err> ads1220: config2 mismatch! 0x15 != 0x00[0m
[00:00:09.538,299] [1;31m<err> ads1220: config0 mismatch! 0x3C != 0x1C[0m
[00:00:09.538,299] [1;31m<err> analog_axis_hires: Could not setup channel #1 (-5)[0m
[00:00:09.546,081] [1;31m<err> ads1220: config2 mismatch! 0x10 != 0x00[0m
[00:00:09.546,203] [1;31m<err> ads1220: config2 mismatch! 0x15 != 0x00[0m
[00:00:09.546,325] [1;31m<err> ads1220: config0 mismatch! 0x3C != 0x1C[0m
[00:00:09.546,356] [1;31m<err> analog_axis_hires: Could not setup channel #1 (-5)[0m
[00:00:09.554,107] [1;31m<err> ads1220: config2 mismatch! 0x10 != 0x00[0m
[00:00:09.554,260] [1;31m<err> ads1220: config2 mismatch! 0x15 != 0x00[0m
[00:00:09.554,382] [1;31m<err> ads1220: config0 mismatch! 0x3C != 0x1C[0m
[00:00:09.554,412] [1;31m<err> analog_axis_hires: Could not setup channel #1 (-5)[0m
[00:00:09.562,103] [1;31m<err> ads1220: config2 mismatch! 0x10 != 0x00[0m
[00:00:09.562,225] [1;31m<err> ads1220: config2 mismatch! 0x15 != 0x00[0m
[00:00:09.562,377] [1;31m<err> ads1220: config0 mismatch! 0x3C != 0x1C[0m
[00:00:09.562,377] [1;31m<err> analog_axis_hires: Could not setup channel #1 (-5)[0m
[00:00:09.570,159] [1;31m<err> ads1220: config2 mismatch! 0x10 != 0x00[0m
[00:00:09.570,281] [1;31m<err> ads1220: config2 mismatch! 0x15 != 0x00[0m
[00:00:09.570,434] [1;31m<err> ads1220: config0 mismatch! 0x3C != 0x1C[0m
[00:00:09.570,434] [1;31m<err> analog_axis_hires: Could not setup channel #1 (-5)[0m
[00:00:09.578,186] [1;31m<err> ads1220: config2 mismatch! 0x10 != 0x00[0m
[00:00:09.578,338] [1;31m<err> ads1220: config2 mismatch! 0x15 != 0x00[0m
[00:00:09.578,491] [1;31m<err> ads1220: config0 mismatch! 0x3C != 0x1C[0m
[00:00:09.578,491] [1;31m<err> analog_axis_hires: Could not setup channel #1 (-5)[0m
[00:00:09.586,181] [1;31m<err> ads1220: config2 mismatch! 0x10 != 0x00[0m
[00:00:09.586,303] [1;31m<err> ads1220: config2 mismatch! 0x15 != 0x00[0m
[00:00:09.586,456] [1;31m<err> ads1220: config0 mismatch! 0x3C != 0x1C[0m
[00:00:09.586,456] [1;31m<err> analog_axis_hires: Could not setup channel #1 (-5)[0m
[00:00:09.594,268] [1;31m<err> ads1220: config2 mismatch! 0x10 != 0x00[0m
[00:00:09.594,390] [1;31m<err> ads1220: config2 mismatch! 0x15 != 0x00[0m
[00:00:09.594,512] [1;31m<err> ads1220: config0 mismatch! 0x3C != 0x1C[0m
[00:00:09.594,543] [1;31m<err> analog_axis_hires: Could not setup channel #1 (-5)[0m
[00:00:09.602,203] [1;31m<err> ads1220: config2 mismatch! 0x10 != 0x00[0m
[00:00:09.602,355] [1;31m<err> ads1220: config2 mismatch! 0x15 != 0x00[0m
[00:00:09.602,508] [1;31m<err> ads1220: config0 mismatch! 0x3C != 0x1C[0m
[00:00:09.602,508] [1;31m<err> analog_axis_hires: Could not setup channel #1 (-5)[0m
[00:00:09.610,260] [1;31m<err> ads1220: config2 mismatch! 0x10 != 0x00[0m
[00:00:09.610,382] [1;31m<err> ads1220: config2 mismatch! 0x15 != 0x00[0m
[00:00:09.610,534] [1;31m<err> ads1220: config0 mismatch! 0x3C != 0x1C[0m
[00:00:09.610,534] [1;31m<err> analog_axis_hires: Could not setup channel #1 (-5)[0m
[00:00:09.618,286] [1;31m<err> ads1220: config2 mismatch! 0x10 != 0x00[0m
[00:00:09.618,408] [1;31m<err> ads1220: config2 mismatch! 0x15 != 0x00[0m
[00:00:09.618,560] [1;31m<err> ads1220: config0 mismatch! 0x3C != 0x1C[0m
[00:00:09.618,560] [1;31m<err> analog_axis_hires: Could not setup channel #1 (-5)[0m
[00:00:09.626,281] [1;31m<err> ads1220: config2 mismatch! 0x10 != 0x00[0m
[00:00:09.626,434] [1;31m<err> ads1220: config2 mismatch! 0x15 != 0x00[0m
[00:00:09.626,586] [1;31m<err> ads1220: config0 mismatch! 0x3C != 0x1C[0m
[00:00:09.626,586] [1;31m<err> analog_axis_hires: Could not setup channel #1 (-5)[0m
[00:00:09.634,338] [1;31m<err> ads1220: config2 mismatch! 0x10 != 0x00[0m
[00:00:09.634,460] [1;31m<err> ads1220: config2 mismatch! 0x15 != 0x00[0m
[00:00:09.634,613] [1;31m<err> ads1220: config0 mismatch! 0x3C != 0x1C[0m
[00:00:09.634,613] [1;31m<err> analog_axis_hires: Could not setup channel #1 (-5)[0m
[00:00:09.642,364] [1;31m<err> ads1220: config2 mismatch! 0x10 != 0x00[0m
[00:00:09.642,486] [1;31m<err> ads1220: config2 mismatch! 0x15 != 0x00[0m
[00:00:09.642,639] [1;31m<err> ads1220: config0 mismatch! 0x3C != 0x1C[0m
[00:00:09.642,639] [1;31m<err> analog_axis_hires: Could not setup channel #1 (-5)[0m
[00:00:09.650,360] [1;31m<err> ads1220: config2 mismatch! 0x10 != 0x00[0m
[00:00:09.650,512] [1;31m<err> ads1220: config2 mismatch! 0x15 != 0x00[0m
[00:00:09.650,665] [1;31m<err> ads1220: config0 mismatch! 0x3C != 0x1C[0m
[00:00:09.650,665] [1;31m<err> analog_axis_hires: Could not setup channel #1 (-5)[0m
[00:00:09.658,416] [1;31m<err> ads1220: config2 mismatch! 0x10 != 0x00[0m
[00:00:09.658,538] [1;31m<err> ads1220: config2 mismatch! 0x15 != 0x00[0m
[00:00:09.658,691] [1;31m<err> ads1220: config0 mismatch! 0x3C != 0x1C[0m
[00:00:09.658,691] [1;31m<err> analog_axis_hires: Could not setup channel #1 (-5)[0m
[00:00:09.666,473] [1;31m<err> ads1220: config2 mismatch! 0x10 != 0x00[0m
[00:00:09.666,595] [1;31m<err> ads1220: config2 mismatch! 0x15 != 0x00[0m
[00:00:09.666,717] [1;31m<err> ads1220: config0 mismatch! 0x3C != 0x1C[0m
[00:00:09.666,717] [1;31m<err> analog_axis_hires: Could not setup channel #1 (-5)[0m
[00:00:09.674,438] [1;31m<err> ads1220: config2 mismatch! 0x10 != 0x00[0m
[00:00:09.674,591] [1;31m<err> ads1220: config2 mismatch! 0x15 != 0x00[0m
[00:00:09.674,743] [1;31m<err> ads1220: config0 mismatch! 0x3C != 0x1C[0m
[00:00:09.674,743] [1;31m<err> analog_axis_hires: Could not setup channel #1 (-5)[0m
[00:00:09.682,495] [1;31m<err> ads1220: config2 mismatch! 0x10 != 0x00[0m
[00:00:09.682,617] [1;31m<err> ads1220: config2 mismatch! 0x15 != 0x00[0m
[00:00:09.682,769] [1;31m<err> ads1220: config0 mismatch! 0x3C != 0x1C[0m
[00:00:09.682,769] [1;31m<err> analog_axis_hires: Could not setup channel #1 (-5)[0m
[00:00:09.690,551] [1;31m<err> ads1220: config2 mismatch! 0x10 != 0x00[0m
[00:00:09.690,673] [1;31m<err> ads1220: config2 mismatch! 0x15 != 0x00[0m
[00:00:09.690,795] [1;31m<err> ads1220: config0 mismatch! 0x3C != 0x1C[0m
[00:00:09.690,795] [1;31m<err> analog_axis_hires: Could not setup channel #1 (-5)[0m
[00:00:09.698,516] [1;31m<err> ads1220: config2 mismatch! 0x10 != 0x00[0m
[00:00:09.698,669] [1;31m<err> ads1220: config2 mismatch! 0x15 != 0x00[0m
[00:00:09.698,822] [1;31m<err> ads1220: config0 mismatch! 0x3C != 0x1C[0m
[00:00:09.698,822] [1;31m<err> analog_axis_hires: Could not setup channel #1 (-5)[0m
[00:00:09.706,573] [1;31m<err> ads1220: config2 mismatch! 0x10 != 0x00[0m
[00:00:09.706,695] [1;31m<err> ads1220: config2 mismatch! 0x15 != 0x00[0m
[00:00:09.706,848] [1;31m<err> ads1220: config0 mismatch! 0x3C != 0x1C[0m
[00:00:09.706,848] [1;31m<err> analog_axis_hires: Could not setup channel #1 (-5)[0m
[00:00:09.714,599] [1;31m<err> ads1220: config2 mismatch! 0x10 != 0x00[0m
[00:00:09.714,721] [1;31m<err> ads1220: config2 mismatch! 0x15 != 0x00[0m
[00:00:09.714,874] [1;31m<err> ads1220: config0 mismatch! 0x3C != 0x1C[0m
[00:00:09.714,874] [1;31m<err> analog_axis_hires: Could not setup channel #1 (-5)[0m
[00:00:09.722,595] [1;31m<err> ads1220: config2 mismatch! 0x10 != 0x00[0m
[00:00:09.722,747] [1;31m<err> ads1220: config2 mismatch! 0x15 != 0x00[0m
[00:00:09.722,900] [1;31m<err> ads1220: config0 mismatch! 0x3C != 0x1C[0m
[00:00:09.722,900] [1;31m<err> analog_axis_hires: Could not setup channel #1 (-5)[0m
[00:00:09.730,651] [1;31m<err> ads1220: config2 mismatch! 0x10 != 0x00[0m
[00:00:09.730,773] [1;31m<err> ads1220: config2 mismatch! 0x15 != 0x00[0m
[00:00:09.730,926] [1;31m<err> ads1220: config0 mismatch! 0x3C != 0x1C[0m
[00:00:09.730,926] [1;31m<err> analog_axis_hires: Could not setup channel #1 (-5)[0m
[00:00:09.738,708] [1;31m<err> ads1220: config2 mismatch! 0x10 != 0x00[0m
[00:00:09.738,830] [1;31m<err> ads1220: config2 mismatch! 0x15 != 0x00[0m
[00:00:09.738,952] [1;31m<err> ads1220: config0 mismatch! 0x3C != 0x1C[0m
[00:00:09.738,983] [1;31m<err> analog_axis_hires: Could not setup channel #1 (-5)[0m
[00:00:09.746,673] [1;31m<err> ads1220: config2 mismatch! 0x10 != 0x00[0m
[00:00:09.746,826] [1;31m<err> ads1220: config2 mismatch! 0x15 != 0x00[0m
[00:00:09.746,978] [1;31m<err> ads1220: config0 mismatch! 0x3C != 0x1C[0m
[00:00:09.746,978] [1;31m<err> analog_axis_hires: Could not setup channel #1 (-5)[0m
[00:00:09.754,730] [1;31m<err> ads1220: config2 mismatch! 0x10 != 0x00[0m
[00:00:09.754,852] [1;31m<err> ads1220: config2 mismatch! 0x15 != 0x00[0m
[00:00:09.755,004] [1;31m<err> ads1220: config0 mismatch! 0x3C != 0x1C[0m
[00:00:09.755,004] [1;31m<err> analog_axis_hires: Could not setup channel #1 (-5)[0m
[00:00:09.762,786] [1;31m<err> ads1220: config2 mismatch! 0x10 != 0x00[0m
[00:00:09.762,908] [1;31m<err> ads1220: config2 mismatch! 0x15 != 0x00[0m
[00:00:09.763,031] [1;31m<err> ads1220: config0 mismatch! 0x3C != 0x1C[0m
[00:00:09.763,061] [1;31m<err> analog_axis_hires: Could not setup channel #1 (-5)[0m
[00:00:09.770,751] [1;31m<err> ads1220: config2 mismatch! 0x10 != 0x00[0m
[00:00:09.770,904] [1;31m<err> ads1220: config2 mismatch! 0x15 != 0x00[0m
[00:00:09.771,057] [1;31m<err> ads1220: config0 mismatch! 0x3C != 0x1C[0m
[00:00:09.771,057] [1;31m<err> analog_axis_hires: Could not setup channel #1 (-5)[0m
[00:00:09.778,808] [1;31m<err> ads1220: config2 mismatch! 0x10 != 0x00[0m
[00:00:09.778,930] [1;31m<err> ads1220: config2 mismatch! 0x15 != 0x00[0m
[00:00:09.779,083] [1;31m<err> ads1220: config0 mismatch! 0x3C != 0x1C[0m
[00:00:09.779,083] [1;31m<err> analog_axis_hires: Could not setup channel #1 (-5)[0m
[00:00:09.786,865] [1;31m<err> ads1220: config2 mismatch! 0x10 != 0x00[0m
[00:00:09.786,987] [1;31m<err> ads1220: config2 mismatch! 0x15 != 0x00[0m
[00:00:09.787,109] [1;31m<err> ads1220: config0 mismatch! 0x3C != 0x1C[0m
[00:00:09.787,139] [1;31m<err> analog_axis_hires: Could not setup channel #1 (-5)[0m
[00:00:09.794,830] [1;31m<err> ads1220: config2 mismatch! 0x10 != 0x00[0m
[00:00:09.794,982] [1;31m<err> ads1220: config2 mismatch! 0x15 != 0x00[0m
[00:00:09.795,135] [1;31m<err> ads1220: config0 mismatch! 0x3C != 0x1C[0m
[00:00:09.795,135] [1;31m<err> analog_axis_hires: Could not setup channel #1 (-5)[0m
[00:00:09.802,886] [1;31m<err> ads1220: config2 mismatch! 0x10 != 0x00[0m
[00:00:09.803,009] [1;31m<err> ads1220: config2 mismatch! 0x15 != 0x00[0m
[00:00:09.803,161] [1;31m<err> ads1220: config0 mismatch! 0x3C != 0x1C[0m
[00:00:09.803,161] [1;31m<err> analog_axis_hires: Could not setup channel #1 (-5)[0m
[00:00:09.810,943] [1;31m<err> ads1220: config2 mismatch! 0x10 != 0x00[0m
[00:00:09.811,065] [1;31m<err> ads1220: config2 mismatch! 0x15 != 0x00[0m
[00:00:09.811,187] [1;31m<err> ads1220: config0 mismatch! 0x3C != 0x1C[0m
[00:00:09.811,187] [1;31m<err> analog_axis_hires: Could not setup channel #1 (-5)[0m
[00:00:09.818,908] [1;31m<err> ads1220: config2 mismatch! 0x10 != 0x00[0m
[00:00:09.819,061] [1;31m<err> ads1220: config2 mismatch! 0x15 != 0x00[0m
[00:00:09.819,213] [1;31m<err> ads1220: config0 mismatch! 0x3C != 0x1C[0m
[00:00:09.819,213] [1;31m<err> analog_axis_hires: Could not setup channel #1 (-5)[0m
[00:00:09.826,965] [1;31m<err> ads1220: config2 mismatch! 0x10 != 0x00[0m
[00:00:09.827,087] [1;31m<err> ads1220: config2 mismatch! 0x15 != 0x00[0m
[00:00:09.827,239] [1;31m<err> ads1220: config0 mismatch! 0x3C != 0x1C[0m
[00:00:09.827,239] [1;31m<err> analog_axis_hires: Could not setup channel #1 (-5)[0m
[00:00:09.835,021] [1;31m<err> ads1220: config2 mismatch! 0x10 != 0x00[0m
[00:00:09.835,144] [1;31m<err> ads1220: config2 mismatch! 0x15 != 0x00[0m
[00:00:09.835,266] [1;31m<err> ads1220: config0 mismatch! 0x3C != 0x1C[0m
[00:00:09.835,296] [1;31m<err> analog_axis_hires: Could not setup channel #1 (-5)[0m
[00:00:09.842,987] [1;31m<err> ads1220: config2 mismatch! 0x10 != 0x00[0m
[00:00:09.843,139] [1;31m<err> ads1220: config2 mismatch! 0x15 != 0x00[0m
[00:00:09.843,292] [1;31m<err> ads1220: config0 mismatch! 0x3C != 0x1C[0m
[00:00:09.843,292] [1;31m<err> analog_axis_hires: Could not setup channel #1 (-5)[0m
[00:00:09.851,043] [1;31m<err> ads1220: config2 mismatch! 0x10 != 0x00[0m
[00:00:09.851,165] [1;31m<err> ads1220: config2 mismatch! 0x15 != 0x00[0m
[00:00:09.851,318] [1;31m<err> ads1220: config0 mismatch! 0x3C != 0x1C[0m
[00:00:09.851,318] [1;31m<err> analog_axis_hires: Could not setup channel #1 (-5)[0m
[00:00:09.859,100] [1;31m<err> ads1220: config2 mismatch! 0x10 != 0x00[0m
[00:00:09.859,222] [1;31m<err> ads1220: config2 mismatch! 0x15 != 0x00[0m
[00:00:09.859,344] [1;31m<err> ads1220: config0 mismatch! 0x3C != 0x1C[0m
[00:00:09.859,375] [1;31m<err> analog_axis_hires: Could not setup channel #1 (-5)[0m
[00:00:09.867,065] [1;31m<err> ads1220: config2 mismatch! 0x10 != 0x00[0m
[00:00:09.867,218] [1;31m<err> ads1220: config2 mismatch! 0x15 != 0x00[0m
[00:00:09.867,370] [1;31m<err> ads1220: config0 mismatch! 0x3C != 0x1C[0m
[00:00:09.867,370] [1;31m<err> analog_axis_hires: Could not setup channel #1 (-5)[0m
[00:00:09.875,122] [1;31m<err> ads1220: config2 mismatch! 0x10 != 0x00[0m
[00:00:09.875,244] [1;31m<err> ads1220: config2 mismatch! 0x15 != 0x00[0m
[00:00:09.875,396] [1;31m<err> ads1220: config0 mismatch! 0x3C != 0x1C[0m
[00:00:09.875,396] [1;31m<err> analog_axis_hires: Could not setup channel #1 (-5)[0m
[00:00:09.883,178] [1;31m<err> ads1220: config2 mismatch! 0x10 != 0x00[0m
[00:00:09.883,300] [1;31m<err> ads1220: config2 mismatch! 0x15 != 0x00[0m
[00:00:09.883,422] [1;31m<err> ads1220: config0 mismatch! 0x3C != 0x1C[0m
[00:00:09.883,453] [1;31m<err> analog_axis_hires: Could not setup channel #1 (-5)[0m
[00:00:09.891,143] [1;31m<err> ads1220: config2 mismatch! 0x10 != 0x00[0m
[00:00:09.891,296] [1;31m<err> ads1220: config2 mismatch! 0x15 != 0x00[0m
[00:00:09.891,448] [1;31m<err> ads1220: config0 mismatch! 0x3C != 0x1C[0m
[00:00:09.891,448] [1;31m<err> analog_axis_hires: Could not setup channel #1 (-5)[0m
[00:00:09.899,200] [1;31m<err> ads1220: config2 mismatch! 0x10 != 0x00[0m
[00:00:09.899,322] [1;31m<err> ads1220: config2 mismatch! 0x15 != 0x00[0m
[00:00:09.899,475] [1;31m<err> ads1220: config0 mismatch! 0x3C != 0x1C[0m
[00:00:09.899,475] [1;31m<err> analog_axis_hires: Could not setup channel #1 (-5)[0m
[00:00:09.907,257] [1;31m<err> ads1220: config2 mismatch! 0x10 != 0x00[0m
[00:00:09.907,379] [1;31m<err> ads1220: config2 mismatch! 0x15 != 0x00[0m
[00:00:09.907,501] [1;31m<err> ads1220: config0 mismatch! 0x3C != 0x1C[0m
[00:00:09.907,531] [1;31m<err> analog_axis_hires: Could not setup channel #1 (-5)[0m
[00:00:09.915,222] [1;31m<err> ads1220: config2 mismatch! 0x10 != 0x00[0m
[00:00:09.915,374] [1;31m<err> ads1220: config2 mismatch! 0x15 != 0x00[0m
[00:00:09.915,527] [1;31m<err> ads1220: config0 mismatch! 0x3C != 0x1C[0m
[00:00:09.915,527] [1;31m<err> analog_axis_hires: Could not setup channel #1 (-5)[0m
[00:00:09.923,278] [1;31m<err> ads1220: config2 mismatch! 0x10 != 0x00[0m
[00:00:09.923,400] [1;31m<err> ads1220: config2 mismatch! 0x15 != 0x00[0m
[00:00:09.923,553] [1;31m<err> ads1220: config0 mismatch! 0x3C != 0x1C[0m
[00:00:09.923,553] [1;31m<err> analog_axis_hires: Could not setup channel #1 (-5)[0m
[00:00:09.931,335] [1;31m<err> ads1220: config2 mismatch! 0x10 != 0x00[0m
[00:00:09.931,457] [1;31m<err> ads1220: config2 mismatch! 0x15 != 0x00[0m
[00:00:09.931,610] [1;31m<err> ads1220: config0 mismatch! 0x3C != 0x1C[0m
[00:00:09.931,610] [1;31m<err> analog_axis_hires: Could not setup channel #1 (-5)[0m
[00:00:09.939,300] [1;31m<err> ads1220: config2 mismatch! 0x10 != 0x00[0m
[00:00:09.939,453] [1;31m<err> ads1220: config2 mismatch! 0x15 != 0x00[0m
[00:00:09.939,605] [1;31m<err> ads1220: config0 mismatch! 0x3C != 0x1C[0m
[00:00:09.939,605] [1;31m<err> analog_axis_hires: Could not setup channel #1 (-5)[0m
[00:00:09.947,357] [1;31m<err> ads1220: config2 mismatch! 0x10 != 0x00[0m
[00:00:09.947,479] [1;31m<err> ads1220: config2 mismatch! 0x15 != 0x00[0m
[00:00:09.947,631] [1;31m<err> ads1220: config0 mismatch! 0x3C != 0x1C[0m
[00:00:09.947,631] [1;31m<err> analog_axis_hires: Could not setup channel #1 (-5)[0m
[00:00:09.955,413] [1;31m<err> ads1220: config2 mismatch! 0x10 != 0x00[0m
[00:00:09.955,535] [1;31m<err> ads1220: config2 mismatch! 0x15 != 0x00[0m
[00:00:09.955,688] [1;31m<err> ads1220: config0 mismatch! 0x3C != 0x1C[0m
[00:00:09.955,688] [1;31m<err> analog_axis_hires: Could not setup channel #1 (-5)[0m
[00:00:09.963,378] [1;31m<err> ads1220: config2 mismatch! 0x10 != 0x00[0m
[00:00:09.963,531] [1;31m<err> ads1220: config2 mismatch! 0x15 != 0x00[0m
[00:00:09.963,684] [1;31m<err> ads1220: config0 mismatch! 0x3C != 0x1C[0m
[00:00:09.963,684] [1;31m<err> analog_axis_hires: Could not setup channel #1 (-5)[0m
[00:00:09.971,435] [1;31m<err> ads1220: config2 mismatch! 0x10 != 0x00[0m
[00:00:09.971,557] [1;31m<err> ads1220: config2 mismatch! 0x15 != 0x00[0m
[00:00:09.971,710] [1;31m<err> ads1220: config0 mismatch! 0x3C != 0x1C[0m
[00:00:09.971,710] [1;31m<err> analog_axis_hires: Could not setup channel #1 (-5)[0m
[00:00:09.979,461] [1;31m<err> ads1220: config2 mismatch! 0x10 != 0x00[0m
[00:00:09.979,614] [1;31m<err> ads1220: config2 mismatch! 0x15 != 0x00[0m
[00:00:09.979,736] [1;31m<err> ads1220: config0 mismatch! 0x3C != 0x1C[0m
[00:00:09.979,736] [1;31m<err> analog_axis_hires: Could not setup channel #1 (-5)[0m
[00:00:09.987,457] [1;31m<err> ads1220: config2 mismatch! 0x10 != 0x00[0m
[00:00:09.987,609] [1;31m<err> ads1220: config2 mismatch! 0x15 != 0x00[0m
[00:00:09.987,762] [1;31m<err> ads1220: config0 mismatch! 0x3C != 0x1C[0m
[00:00:09.987,762] [1;31m<err> analog_axis_hires: Could not setup channel #1 (-5)[0m
[00:00:09.995,513] [1;31m<err> ads1220: config2 mismatch! 0x10 != 0x00[0m
[00:00:09.995,635] [1;31m<err> ads1220: config2 mismatch! 0x15 != 0x00[0m
[00:00:09.995,788] [1;31m<err> ads1220: config0 mismatch! 0x3C != 0x1C[0m
[00:00:09.995,788] [1;31m<err> analog_axis_hires: Could not setup channel #1 (-5)[0m
[00:00:10.003,570] [1;31m<err> ads1220: config2 mismatch! 0x10 != 0x00[0m
[00:00:10.003,692] [1;31m<err> ads1220: config2 mismatch! 0x15 != 0x00[0m
[00:00:10.003,814] [1;31m<err> ads1220: config0 mismatch! 0x3C != 0x1C[0m
[00:00:10.003,845] [1;31m<err> analog_axis_hires: Could not setup channel #1 (-5)[0m
[00:00:10.011,535] [1;31m<err> ads1220: config2 mismatch! 0x10 != 0x00[0m
[00:00:10.011,688] [1;31m<err> ads1220: config2 mismatch! 0x15 != 0x00[0m
[00:00:10.011,840] [1;31m<err> ads1220: config0 mismatch! 0x3C != 0x1C[0m
[00:00:10.011,840] [1;31m<err> analog_axis_hires: Could not setup channel #1 (-5)[0m
[00:00:10.019,592] [1;31m<err> ads1220: config2 mismatch! 0x10 != 0x00[0m
[00:00:10.019,714] [1;31m<err> ads1220: config2 mismatch! 0x15 != 0x00[0m
[00:00:10.019,866] [1;31m<err> ads1220: config0 mismatch! 0x3C != 0x1C[0m
[00:00:10.019,866] [1;31m<err> analog_axis_hires: Could not setup channel #1 (-5)[0m
[00:00:10.027,618] [1;31m<err> ads1220: config2 mismatch! 0x10 != 0x00[0m
[00:00:10.027,770] [1;31m<err> ads1220: config2 mismatch! 0x15 != 0x00[0m
[00:00:10.027,893] [1;31m<err> ads1220: config0 mismatch! 0x3C != 0x1C[0m
[00:00:10.027,893] [1;31m<err> analog_axis_hires: Could not setup channel #1 (-5)[0m
[00:00:10.035,614] [1;31m<err> ads1220: config2 mismatch! 0x10 != 0x00[0m
[00:00:10.035,766] [1;31m<err> ads1220: config2 mismatch! 0x15 != 0x00[0m
[00:00:10.035,919] [1;31m<err> ads1220: config0 mismatch! 0x3C != 0x1C[0m
[00:00:10.035,919] [1;31m<err> analog_axis_hires: Could not setup channel #1 (-5)[0m
[00:00:10.043,670] [1;31m<err> ads1220: config2 mismatch! 0x10 != 0x00[0m
[00:00:10.043,792] [1;31m<err> ads1220: config2 mismatch! 0x15 != 0x00[0m
[00:00:10.043,945] [1;31m<err> ads1220: config0 mismatch! 0x3C != 0x1C[0m
[00:00:10.043,945] [1;31m<err> analog_axis_hires: Could not setup channel #1 (-5)[0m
[00:00:10.051,696] [1;31m<err> ads1220: config2 mismatch! 0x10 != 0x00[0m
[00:00:10.051,849] [1;31m<err> ads1220: config2 mismatch! 0x15 != 0x00[0m
[00:00:10.051,971] [1;31m<err> ads1220: config0 mismatch! 0x3C != 0x1C[0m
[00:00:10.051,971] [1;31m<err> analog_axis_hires: Could not setup channel #1 (-5)[0m
[00:00:10.059,692] [1;31m<err> ads1220: config2 mismatch! 0x10 != 0x00[0m
[00:00:10.059,844] [1;31m<err> ads1220: config2 mismatch! 0x15 != 0x00[0m
[00:00:10.059,997] [1;31m<err> ads1220: config0 mismatch! 0x3C != 0x1C[0m
[00:00:10.059,997] [1;31m<err> analog_axis_hires: Could not setup channel #1 (-5)[0m
[00:00:10.067,749] [1;31m<err> ads1220: config2 mismatch! 0x10 != 0x00[0m
[00:00:10.067,871] [1;31m<err> ads1220: config2 mismatch! 0x15 != 0x00[0m
[00:00:10.068,023] [1;31m<err> ads1220: config0 mismatch! 0x3C != 0x1C[0m
[00:00:10.068,023] [1;31m<err> analog_axis_hires: Could not setup channel #1 (-5)[0m
[00:00:10.075,836] [1;31m<err> ads1220: config2 mismatch! 0x10 != 0x00[0m
[00:00:10.075,958] [1;31m<err> ads1220: config2 mismatch! 0x15 != 0x00[0m
[00:00:10.076,080] [1;31m<err> ads1220: config0 mismatch! 0x3C != 0x1C[0m
[00:00:10.076,110] [1;31m<err> analog_axis_hires: Could not setup channel #1 (-5)[0m
[00:00:10.083,831] [1;31m<err> ads1220: config2 mismatch! 0x10 != 0x00[0m
[00:00:10.083,984] [1;31m<err> ads1220: config2 mismatch! 0x15 != 0x00[0m
[00:00:10.084,106] [1;31m<err> ads1220: config0 mismatch! 0x3C != 0x1C[0m
[00:00:10.084,136] [1;31m<err> analog_axis_hires: Could not setup channel #1 (-5)[0m
[00:00:10.091,827] [1;31m<err> ads1220: config2 mismatch! 0x10 != 0x00[0m
[00:00:10.091,949] [1;31m<err> ads1220: config2 mismatch! 0x15 != 0x00[0m
[00:00:10.092,102] [1;31m<err> ads1220: config0 mismatch! 0x3C != 0x1C[0m
[00:00:10.092,102] [1;31m<err> analog_axis_hires: Could not setup channel #1 (-5)[0m
[00:00:10.099,884] [1;31m<err> ads1220: config2 mismatch! 0x10 != 0x00[0m
[00:00:10.100,006] [1;31m<err> ads1220: config2 mismatch! 0x15 != 0x00[0m
[00:00:10.100,158] [1;31m<err> ads1220: config0 mismatch! 0x3C != 0x1C[0m
[00:00:10.100,158] [1;31m<err> analog_axis_hires: Could not setup channel #1 (-5)[0m
[00:00:10.107,849] [1;31m<err> ads1220: config2 mismatch! 0x10 != 0x00[0m
[00:00:10.108,001] [1;31m<err> ads1220: config2 mismatch! 0x15 != 0x00[0m
[00:00:10.108,154] [1;31m<err> ads1220: config0 mismatch! 0x3C != 0x1C[0m
[00:00:10.108,154] [1;31m<err> analog_axis_hires: Could not setup channel #1 (-5)[0m
[00:00:10.115,905] [1;31m<err> ads1220: config2 mismatch! 0x10 != 0x00[0m
[00:00:10.116,027] [1;31m<err> ads1220: config2 mismatch! 0x15 != 0x00[0m
[00:00:10.116,180] [1;31m<err> ads1220: config0 mismatch! 0x3C != 0x1C[0m
[00:00:10.116,180] [1;31m<err> analog_axis_hires: Could not setup channel #1 (-5)[0m
[00:00:10.123,931] [1;31m<err> ads1220: config2 mismatch! 0x10 != 0x00[0m
[00:00:10.124,084] [1;31m<err> ads1220: config2 mismatch! 0x15 != 0x00[0m
[00:00:10.124,206] [1;31m<err> ads1220: config0 mismatch! 0x3C != 0x1C[0m
[00:00:10.124,206] [1;31m<err> analog_axis_hires: Could not setup channel #1 (-5)[0m
[00:00:10.131,927] [1;31m<err> ads1220: config2 mismatch! 0x10 != 0x00[0m
[00:00:10.132,080] [1;31m<err> ads1220: config2 mismatch! 0x15 != 0x00[0m
[00:00:10.132,232] [1;31m<err> ads1220: config0 mismatch! 0x3C != 0x1C[0m
[00:00:10.132,232] [1;31m<err> analog_axis_hires: Could not setup channel #1 (-5)[0m
[00:00:10.139,984] [1;31m<err> ads1220: config2 mismatch! 0x10 != 0x00[0m
[00:00:10.140,106] [1;31m<err> ads1220: config2 mismatch! 0x15 != 0x00[0m
[00:00:10.140,258] [1;31m<err> ads1220: config0 mismatch! 0x3C != 0x1C[0m
[00:00:10.140,258] [1;31m<err> analog_axis_hires: Could not setup channel #1 (-5)[0m
[00:00:10.148,040] [1;31m<err> ads1220: config2 mismatch! 0x10 != 0x00[0m
[00:00:10.148,162] [1;31m<err> ads1220: config2 mismatch! 0x15 != 0x00[0m
[00:00:10.148,284] [1;31m<err> ads1220: config0 mismatch! 0x3C != 0x1C[0m
[00:00:10.148,284] [1;31m<err> analog_axis_hires: Could not setup channel #1 (-5)[0m
[00:00:10.156,005] [1;31m<err> ads1220: config2 mismatch! 0x10 != 0x00[0m
[00:00:10.156,158] [1;31m<err> ads1220: config2 mismatch! 0x15 != 0x00[0m
[00:00:10.156,311] [1;31m<err> ads1220: config0 mismatch! 0x3C != 0x1C[0m
[00:00:10.156,311] [1;31m<err> analog_axis_hires: Could not setup channel #1 (-5)[0m
[00:00:10.164,062] [1;31m<err> ads1220: config2 mismatch! 0x10 != 0x00[0m
[00:00:10.164,184] [1;31m<err> ads1220: config2 mismatch! 0x15 != 0x00[0m
[00:00:10.164,337] [1;31m<err> ads1220: config0 mismatch! 0x3C != 0x1C[0m
[00:00:10.164,337] [1;31m<err> analog_axis_hires: Could not setup channel #1 (-5)[0m
[00:00:10.172,119] [1;31m<err> ads1220: config2 mismatch! 0x10 != 0x00[0m
[00:00:10.172,241] [1;31m<err> ads1220: config2 mismatch! 0x15 != 0x00[0m
[00:00:10.172,363] [1;31m<err> ads1220: config0 mismatch! 0x3C != 0x1C[0m
[00:00:10.172,363] [1;31m<err> analog_axis_hires: Could not setup channel #1 (-5)[0m
[00:00:10.180,084] [1;31m<err> ads1220: config2 mismatch! 0x10 != 0x00[0m
[00:00:10.180,236] [1;31m<err> ads1220: config2 mismatch! 0x15 != 0x00[0m
[00:00:10.180,389] [1;31m<err> ads1220: config0 mismatch! 0x3C != 0x1C[0m
[00:00:10.180,389] [1;31m<err> analog_axis_hires: Could not setup channel #1 (-5)[0m
[00:00:10.188,140] [1;31m<err> ads1220: config2 mismatch! 0x10 != 0x00[0m
[00:00:10.188,262] [1;31m<err> ads1220: config2 mismatch! 0x15 != 0x00[0m
[00:00:10.188,415] [1;31m<err> ads1220: config0 mismatch! 0x3C != 0x1C[0m
[00:00:10.188,415] [1;31m<err> analog_axis_hires: Could not setup channel #1 (-5)[0m
[00:00:10.196,197] [1;31m<err> ads1220: config2 mismatch! 0x10 != 0x00[0m
[00:00:10.196,319] [1;31m<err> ads1220: config2 mismatch! 0x15 != 0x00[0m
[00:00:10.196,441] [1;31m<err> ads1220: config0 mismatch! 0x3C != 0x1C[0m
[00:00:10.196,441] [1;31m<err> analog_axis_hires: Could not setup channel #1 (-5)[0m
[00:00:10.204,162] [1;31m<err> ads1220: config2 mismatch! 0x10 != 0x00[0m
[00:00:10.204,315] [1;31m<err> ads1220: config2 mismatch! 0x15 != 0x00[0m
[00:00:10.204,467] [1;31m<err> ads1220: config0 mismatch! 0x3C != 0x1C[0m
[00:00:10.204,467] [1;31m<err> analog_axis_hires: Could not setup channel #1 (-5)[0m
[00:00:10.212,219] [1;31m<err> ads1220: config2 mismatch! 0x10 != 0x00[0m
[00:00:10.212,341] [1;31m<err> ads1220: config2 mismatch! 0x15 != 0x00[0m
[00:00:10.212,493] [1;31m<err> ads1220: config0 mismatch! 0x3C != 0x1C[0m
[00:00:10.212,493] [1;31m<err> analog_axis_hires: Could not setup channel #1 (-5)[0m
[00:00:10.220,275] [1;31m<err> ads1220: config2 mismatch! 0x10 != 0x00[0m
[00:00:10.220,397] [1;31m<err> ads1220: config2 mismatch! 0x15 != 0x00[0m
[00:00:10.220,520] [1;31m<err> ads1220: config0 mismatch! 0x3C != 0x1C[0m
[00:00:10.220,520] [1;31m<err> analog_axis_hires: Could not setup channel #1 (-5)[0m
[00:00:10.228,240] [1;31m<err> ads1220: config2 mismatch! 0x10 != 0x00[0m
[00:00:10.228,393] [1;31m<err> ads1220: config2 mismatch! 0x15 != 0x00[0m
[00:00:10.228,546] [1;31m<err> ads1220: config0 mismatch! 0x3C != 0x1C[0m
[00:00:10.228,546] [1;31m<err> analog_axis_hires: Could not setup channel #1 (-5)[0m
[00:00:10.236,297] [1;31m<err> ads1220: config2 mismatch! 0x10 != 0x00[0m
[00:00:10.236,419] [1;31m<err> ads1220: config2 mismatch! 0x15 != 0x00[0m
[00:00:10.236,572] [1;31m<err> ads1220: config0 mismatch! 0x3C != 0x1C[0m
[00:00:10.236,572] [1;31m<err> analog_axis_hires: Could not setup channel #1 (-5)[0m
[00:00:10.244,354] [1;31m<err> ads1220: config2 mismatch! 0x10 != 0x00[0m
[00:00:10.244,476] [1;31m<err> ads1220: config2 mismatch! 0x15 != 0x00[0m
[00:00:10.244,628] [1;31m<err> ads1220: config0 mismatch! 0x3C != 0x1C[0m
[00:00:10.244,628] [1;31m<err> analog_axis_hires: Could not setup channel #1 (-5)[0m
[00:00:10.252,319] [1;31m<err> ads1220: config2 mismatch! 0x10 != 0x00[0m
[00:00:10.252,471] [1;31m<err> ads1220: config2 mismatch! 0x15 != 0x00[0m
[00:00:10.252,624] [1;31m<err> ads1220: config0 mismatch! 0x3C != 0x1C[0m
[00:00:10.252,624] [1;31m<err> analog_axis_hires: Could not setup channel #1 (-5)[0m
[00:00:10.260,375] [1;31m<err> ads1220: config2 mismatch! 0x10 != 0x00[0m
[00:00:10.260,498] [1;31m<err> ads1220: config2 mismatch! 0x15 != 0x00[0m
[00:00:10.260,650] [1;31m<err> ads1220: config0 mismatch! 0x3C != 0x1C[0m
[00:00:10.260,650] [1;31m<err> analog_axis_hires: Could not setup channel #1 (-5)[0m
[00:00:10.268,432] [1;31m<err> ads1220: config2 mismatch! 0x10 != 0x00[0m
[00:00:10.268,554] [1;31m<err> ads1220: config2 mismatch! 0x15 != 0x00[0m
[00:00:10.268,707] [1;31m<err> ads1220: config0 mismatch! 0x3C != 0x1C[0m
[00:00:10.268,707] [1;31m<err> analog_axis_hires: Could not setup channel #1 (-5)[0m
[00:00:10.276,397] [1;31m<err> ads1220: config2 mismatch! 0x10 != 0x00[0m
[00:00:10.276,550] [1;31m<err> ads1220: config2 mismatch! 0x15 != 0x00[0m
[00:00:10.276,702] [1;31m<err> ads1220: config0 mismatch! 0x3C != 0x1C[0m
[00:00:10.276,702] [1;31m<err> analog_axis_hires: Could not setup channel #1 (-5)[0m
[00:00:10.284,454] [1;31m<err> ads1220: config2 mismatch! 0x10 != 0x00[0m
[00:00:10.284,576] [1;31m<err> ads1220: config2 mismatch! 0x15 != 0x00[0m
[00:00:10.284,729] [1;31m<err> ads1220: config0 mismatch! 0x3C != 0x1C[0m
[00:00:10.284,729] [1;31m<err> analog_axis_hires: Could not setup channel #1 (-5)[0m
[00:00:10.292,510] [1;31m<err> ads1220: config2 mismatch! 0x10 != 0x00[0m
[00:00:10.292,633] [1;31m<err> ads1220: config2 mismatch! 0x15 != 0x00[0m
[00:00:10.292,785] [1;31m<err> ads1220: config0 mismatch! 0x3C != 0x1C[0m
[00:00:10.292,785] [1;31m<err> analog_axis_hires: Could not setup channel #1 (-5)[0m
[00:00:10.300,476] [1;31m<err> ads1220: config2 mismatch! 0x10 != 0x00[0m
[00:00:10.300,628] [1;31m<err> ads1220: config2 mismatch! 0x15 != 0x00[0m
[00:00:10.300,781] [1;31m<err> ads1220: config0 mismatch! 0x3C != 0x1C[0m
[00:00:10.300,781] [1;31m<err> analog_axis_hires: Could not setup channel #1 (-5)[0m
[00:00:10.308,532] [1;31m<err> ads1220: config2 mismatch! 0x10 != 0x00[0m
[00:00:10.308,654] [1;31m<err> ads1220: config2 mismatch! 0x15 != 0x00[0m
[00:00:10.308,807] [1;31m<err> ads1220: config0 mismatch! 0x3C != 0x1C[0m
[00:00:10.308,807] [1;31m<err> analog_axis_hires: Could not setup channel #1 (-5)[0m
[00:00:10.316,589] [1;31m<err> ads1220: config2 mismatch! 0x10 != 0x00[0m
[00:00:10.316,711] [1;31m<err> ads1220: config2 mismatch! 0x15 != 0x00[0m
[00:00:10.316,864] [1;31m<err> ads1220: config0 mismatch! 0x3C != 0x1C[0m
[00:00:10.316,864] [1;31m<err> analog_axis_hires: Could not setup channel #1 (-5)[0m
[00:00:10.324,554] [1;31m<err> ads1220: config2 mismatch! 0x10 != 0x00[0m
[00:00:10.324,707] [1;31m<err> ads1220: config2 mismatch! 0x15 != 0x00[0m
[00:00:10.324,859] [1;31m<err> ads1220: config0 mismatch! 0x3C != 0x1C[0m
[00:00:10.324,859] [1;31m<err> analog_axis_hires: Could not setup channel #1 (-5)[0m
[00:00:10.332,611] [1;31m<err> ads1220: config2 mismatch! 0x10 != 0x00[0m
[00:00:10.332,733] [1;31m<err> ads1220: config2 mismatch! 0x15 != 0x00[0m
[00:00:10.332,885] [1;31m<err> ads1220: config0 mismatch! 0x3C != 0x1C[0m
[00:00:10.332,885] [1;31m<err> analog_axis_hires: Could not setup channel #1 (-5)[0m
[00:00:10.340,637] [1;31m<err> ads1220: config2 mismatch! 0x10 != 0x00[0m
[00:00:10.340,759] [1;31m<err> ads1220: config2 mismatch! 0x15 != 0x00[0m
[00:00:10.340,911] [1;31m<err> ads1220: config0 mismatch! 0x3C != 0x1C[0m
[00:00:10.340,911] [1;31m<err> analog_axis_hires: Could not setup channel #1 (-5)[0m
[00:00:10.348,632] [1;31m<err> ads1220: config2 mismatch! 0x10 != 0x00[0m
[00:00:10.348,785] [1;31m<err> ads1220: config2 mismatch! 0x15 != 0x00[0m
[00:00:10.348,937] [1;31m<err> ads1220: config0 mismatch! 0x3C != 0x1C[0m
[00:00:10.348,937] [1;31m<err> analog_axis_hires: Could not setup channel #1 (-5)[0m
[00:00:10.356,689] [1;31m<err> ads1220: config2 mismatch! 0x10 != 0x00[0m
[00:00:10.356,811] [1;31m<err> ads1220: config2 mismatch! 0x15 != 0x00[0m
[00:00:10.356,964] [1;31m<err> ads1220: config0 mismatch! 0x3C != 0x1C[0m
[00:00:10.356,964] [1;31m<err> analog_axis_hires: Could not setup channel #1 (-5)[0m
[00:00:10.364,746] [1;31m<err> ads1220: config2 mismatch! 0x10 != 0x00[0m
[00:00:10.364,868] [1;31m<err> ads1220: config2 mismatch! 0x15 != 0x00[0m
[00:00:10.365,020] [1;31m<err> ads1220: config0 mismatch! 0x3C != 0x1C[0m
[00:00:10.365,020] [1;31m<err> analog_axis_hires: Could not setup channel #1 (-5)[0m
[00:00:10.372,711] [1;31m<err> ads1220: config2 mismatch! 0x10 != 0x00[0m
[00:00:10.372,863] [1;31m<err> ads1220: config2 mismatch! 0x15 != 0x00[0m
[00:00:10.373,016] [1;31m<err> ads1220: config0 mismatch! 0x3C != 0x1C[0m
[00:00:10.373,016] [1;31m<err> analog_axis_hires: Could not setup channel #1 (-5)[0m
[00:00:10.380,767] [1;31m<err> ads1220: config2 mismatch! 0x10 != 0x00[0m
[00:00:10.380,889] [1;31m<err> ads1220: config2 mismatch! 0x15 != 0x00[0m
[00:00:10.381,042] [1;31m<err> ads1220: config0 mismatch! 0x3C != 0x1C[0m
[00:00:10.381,042] [1;31m<err> analog_axis_hires: Could not setup channel #1 (-5)[0m
[00:00:10.388,824] [1;31m<err> ads1220: config2 mismatch! 0x10 != 0x00[0m
[00:00:10.388,946] [1;31m<err> ads1220: config2 mismatch! 0x15 != 0x00[0m
[00:00:10.389,099] [1;31m<err> ads1220: config0 mismatch! 0x3C != 0x1C[0m
[00:00:10.389,099] [1;31m<err> analog_axis_hires: Could not setup channel #1 (-5)[0m
[00:00:10.396,789] [1;31m<err> ads1220: config2 mismatch! 0x10 != 0x00[0m
[00:00:10.396,942] [1;31m<err> ads1220: config2 mismatch! 0x15 != 0x00[0m
[00:00:10.397,094] [1;31m<err> ads1220: config0 mismatch! 0x3C != 0x1C[0m
[00:00:10.397,094] [1;31m<err> analog_axis_hires: Could not setup channel #1 (-5)[0m
[00:00:10.404,846] [1;31m<err> ads1220: config2 mismatch! 0x10 != 0x00[0m
[00:00:10.404,968] [1;31m<err> ads1220: config2 mismatch! 0x15 != 0x00[0m
[00:00:10.405,120] [1;31m<err> ads1220: config0 mismatch! 0x3C != 0x1C[0m
[00:00:10.405,120] [1;31m<err> analog_axis_hires: Could not setup channel #1 (-5)[0m
[00:00:10.412,902] [1;31m<err> ads1220: config2 mismatch! 0x10 != 0x00[0m
[00:00:10.413,024] [1;31m<err> ads1220: config2 mismatch! 0x15 != 0x00[0m
[00:00:10.413,146] [1;31m<err> ads1220: config0 mismatch! 0x3C != 0x1C[0m
[00:00:10.413,146] [1;31m<err> analog_axis_hires: Could not setup channel #1 (-5)[0m
[00:00:10.420,867] [1;31m<err> ads1220: config2 mismatch! 0x10 != 0x00[0m
[00:00:10.421,020] [1;31m<err> ads1220: config2 mismatch! 0x15 != 0x00[0m
[00:00:10.421,173] [1;31m<err> ads1220: config0 mismatch! 0x3C != 0x1C[0m
[00:00:10.421,173] [1;31m<err> analog_axis_hires: Could not setup channel #1 (-5)[0m
[00:00:10.428,924] [1;31m<err> ads1220: config2 mismatch! 0x10 != 0x00[0m
[00:00:10.429,046] [1;31m<err> ads1220: config2 mismatch! 0x15 != 0x00[0m
[00:00:10.429,199] [1;31m<err> ads1220: config0 mismatch! 0x3C != 0x1C[0m
[00:00:10.429,199] [1;31m<err> analog_axis_hires: Could not setup channel #1 (-5)[0m
[00:00:10.436,950] [1;31m<err> ads1220: config2 mismatch! 0x10 != 0x00[0m
[00:00:10.437,103] [1;31m<err> ads1220: config2 mismatch! 0x15 != 0x00[0m
[00:00:10.437,225] [1;31m<err> ads1220: config0 mismatch! 0x3C != 0x1C[0m
[00:00:10.437,225] [1;31m<err> analog_axis_hires: Could not setup channel #1 (-5)[0m
[00:00:10.444,946] [1;31m<err> ads1220: config2 mismatch! 0x10 != 0x00[0m
[00:00:10.445,098] [1;31m<err> ads1220: config2 mismatch! 0x15 != 0x00[0m
[00:00:10.445,251] [1;31m<err> ads1220: config0 mismatch! 0x3C != 0x1C[0m
[00:00:10.445,251] [1;31m<err> analog_axis_hires: Could not setup channel #1 (-5)[0m
[00:00:10.453,002] [1;31m<err> ads1220: config2 mismatch! 0x10 != 0x00[0m
[00:00:10.453,125] [1;31m<err> ads1220: config2 mismatch! 0x15 != 0x00[0m
[00:00:10.453,277] [1;31m<err> ads1220: config0 mismatch! 0x3C != 0x1C[0m
[00:00:10.453,277] [1;31m<err> analog_axis_hires: Could not setup channel #1 (-5)[0m
[00:00:10.461,059] [1;31m<err> ads1220: config2 mismatch! 0x10 != 0x00[0m
[00:00:10.461,181] [1;31m<err> ads1220: config2 mismatch! 0x15 != 0x00[0m
[00:00:10.461,303] [1;31m<err> ads1220: config0 mismatch! 0x3C != 0x1C[0m
[00:00:10.461,303] [1;31m<err> analog_axis_hires: Could not setup channel #1 (-5)[0m
[00:00:10.469,024] [1;31m<err> ads1220: config2 mismatch! 0x10 != 0x00[0m
[00:00:10.469,177] [1;31m<err> ads1220: config2 mismatch! 0x15 != 0x00[0m
[00:00:10.469,329] [1;31m<err> ads1220: config0 mismatch! 0x3C != 0x1C[0m
[00:00:10.469,329] [1;31m<err> analog_axis_hires: Could not setup channel #1 (-5)[0m
[00:00:10.477,081] [1;31m<err> ads1220: config2 mismatch! 0x10 != 0x00[0m
[00:00:10.477,203] [1;31m<err> ads1220: config2 mismatch! 0x15 != 0x00[0m
[00:00:10.477,355] [1;31m<err> ads1220: config0 mismatch! 0x3C != 0x1C[0m
[00:00:10.477,355] [1;31m<err> analog_axis_hires: Could not setup channel #1 (-5)[0m
[00:00:10.485,137] [1;31m<err> ads1220: config2 mismatch! 0x10 != 0x00[0m
[00:00:10.485,260] [1;31m<err> ads1220: config2 mismatch! 0x15 != 0x00[0m
[00:00:10.485,382] [1;31m<err> ads1220: config0 mismatch! 0x3C != 0x1C[0m
[00:00:10.485,382] [1;31m<err> analog_axis_hires: Could not setup channel #1 (-5)[0m
[00:00:10.493,103] [1;31m<err> ads1220: config2 mismatch! 0x10 != 0x00[0m
[00:00:10.493,255] [1;31m<err> ads1220: config2 mismatch! 0x15 != 0x00[0m
[00:00:10.493,408] [1;31m<err> ads1220: config0 mismatch! 0x3C != 0x1C[0m
[00:00:10.493,408] [1;31m<err> analog_axis_hires: Could not setup channel #1 (-5)[0m
[00:00:10.501,159] [1;31m<err> ads1220: config2 mismatch! 0x10 != 0x00[0m
[00:00:10.501,281] [1;31m<err> ads1220: config2 mismatch! 0x15 != 0x00[0m
[00:00:10.501,434] [1;31m<err> ads1220: config0 mismatch! 0x3C != 0x1C[0m
[00:00:10.501,434] [1;31m<err> analog_axis_hires: Could not setup channel #1 (-5)[0m
[00:00:10.509,216] [1;31m<err> ads1220: config2 mismatch! 0x10 != 0x00[0m
[00:00:10.509,338] [1;31m<err> ads1220: config2 mismatch! 0x15 != 0x00[0m
[00:00:10.509,460] [1;31m<err> ads1220: config0 mismatch! 0x3C != 0x1C[0m
[00:00:10.509,490] [1;31m<err> analog_axis_hires: Could not setup channel #1 (-5)[0m
[00:00:10.517,181] [1;31m<err> ads1220: config2 mismatch! 0x10 != 0x00[0m
[00:00:10.517,333] [1;31m<err> ads1220: config2 mismatch! 0x15 != 0x00[0m
[00:00:10.517,486] [1;31m<err> ads1220: config0 mismatch! 0x3C != 0x1C[0m
[00:00:10.517,486] [1;31m<err> analog_axis_hires: Could not setup channel #1 (-5)[0m
[00:00:10.525,238] [1;31m<err> ads1220: config2 mismatch! 0x10 != 0x00[0m
[00:00:10.525,360] [1;31m<err> ads1220: config2 mismatch! 0x15 != 0x00[0m
[00:00:10.525,512] [1;31m<err> ads1220: config0 mismatch! 0x3C != 0x1C[0m
[00:00:10.525,512] [1;31m<err> analog_axis_hires: Could not setup channel #1 (-5)[0m
[00:00:10.533,264] [1;31m<err> ads1220: config2 mismatch! 0x10 != 0x00[0m
[00:00:10.533,416] [1;31m<err> ads1220: config2 mismatch! 0x15 != 0x00[0m
[00:00:10.533,538] [1;31m<err> ads1220: config0 mismatch! 0x3C != 0x1C[0m
[00:00:10.533,538] [1;31m<err> analog_axis_hires: Could not setup channel #1 (-5)[0m
[00:00:10.541,259] [1;31m<err> ads1220: config2 mismatch! 0x10 != 0x00[0m
[00:00:10.541,412] [1;31m<err> ads1220: config2 mismatch! 0x15 != 0x00[0m
[00:00:10.541,564] [1;31m<err> ads1220: config0 mismatch! 0x3C != 0x1C[0m
[00:00:10.541,564] [1;31m<err> analog_axis_hires: Could not setup channel #1 (-5)[0m
[00:00:10.549,316] [1;31m<err> ads1220: config2 mismatch! 0x10 != 0x00[0m
[00:00:10.549,438] [1;31m<err> ads1220: config2 mismatch! 0x15 != 0x00[0m
[00:00:10.549,591] [1;31m<err> ads1220: config0 mismatch! 0x3C != 0x1C[0m
[00:00:10.549,591] [1;31m<err> analog_axis_hires: Could not setup channel #1 (-5)[0m
[00:00:10.557,373] [1;31m<err> ads1220: config2 mismatch! 0x10 != 0x00[0m
[00:00:10.557,495] [1;31m<err> ads1220: config2 mismatch! 0x15 != 0x00[0m
[00:00:10.557,617] [1;31m<err> ads1220: config0 mismatch! 0x3C != 0x1C[0m
[00:00:10.557,647] [1;31m<err> analog_axis_hires: Could not setup channel #1 (-5)[0m
[00:00:10.565,338] [1;31m<err> ads1220: config2 mismatch! 0x10 != 0x00[0m
[00:00:10.565,490] [1;31m<err> ads1220: config2 mismatch! 0x15 != 0x00[0m
[00:00:10.565,643] [1;31m<err> ads1220: config0 mismatch! 0x3C != 0x1C[0m
[00:00:10.565,643] [1;31m<err> analog_axis_hires: Could not setup channel #1 (-5)[0m
[00:00:10.573,394] [1;31m<err> ads1220: config2 mismatch! 0x10 != 0x00[0m
[00:00:10.573,516] [1;31m<err> ads1220: config2 mismatch! 0x15 != 0x00[0m
[00:00:10.573,669] [1;31m<err> ads1220: config0 mismatch! 0x3C != 0x1C[0m
[00:00:10.573,669] [1;31m<err> analog_axis_hires: Could not setup channel #1 (-5)[0m
[00:00:10.581,451] [1;31m<err> ads1220: config2 mismatch! 0x10 != 0x00[0m
[00:00:10.581,573] [1;31m<err> ads1220: config2 mismatch! 0x15 != 0x00[0m
[00:00:10.581,726] [1;31m<err> ads1220: config0 mismatch! 0x3C != 0x1C[0m
[00:00:10.581,726] [1;31m<err> analog_axis_hires: Could not setup channel #1 (-5)[0m
[00:00:10.589,416] [1;31m<err> ads1220: config2 mismatch! 0x10 != 0x00[0m
[00:00:10.589,569] [1;31m<err> ads1220: config2 mismatch! 0x15 != 0x00[0m
[00:00:10.589,721] [1;31m<err> ads1220: config0 mismatch! 0x3C != 0x1C[0m
[00:00:10.589,721] [1;31m<err> analog_axis_hires: Could not setup channel #1 (-5)[0m
[00:00:10.597,473] [1;31m<err> ads1220: config2 mismatch! 0x10 != 0x00[0m
[00:00:10.597,595] [1;31m<err> ads1220: config2 mismatch! 0x15 != 0x00[0m
[00:00:10.597,747] [1;31m<err> ads1220: config0 mismatch! 0x3C != 0x1C[0m
[00:00:10.597,747] [1;31m<err> analog_axis_hires: Could not setup channel #1 (-5)[0m
[00:00:10.605,529] [1;31m<err> ads1220: config2 mismatch! 0x10 != 0x00[0m
[00:00:10.605,651] [1;31m<err> ads1220: config2 mismatch! 0x15 != 0x00[0m
[00:00:10.605,804] [1;31m<err> ads1220: config0 mismatch! 0x3C != 0x1C[0m
[00:00:10.605,804] [1;31m<err> analog_axis_hires: Could not setup channel #1 (-5)[0m
[00:00:10.613,494] [1;31m<err> ads1220: config2 mismatch! 0x10 != 0x00[0m
[00:00:10.613,647] [1;31m<err> ads1220: config2 mismatch! 0x15 != 0x00[0m
[00:00:10.613,800] [1;31m<err> ads1220: config0 mismatch! 0x3C != 0x1C[0m
[00:00:10.613,800] [1;31m<err> analog_axis_hires: Could not setup channel #1 (-5)[0m
[00:00:10.621,551] [1;31m<err> ads1220: config2 mismatch! 0x10 != 0x00[0m
[00:00:10.621,673] [1;31m<err> ads1220: config2 mismatch! 0x15 != 0x00[0m
[00:00:10.621,826] [1;31m<err> ads1220: config0 mismatch! 0x3C != 0x1C[0m
[00:00:10.621,826] [1;31m<err> analog_axis_hires: Could not setup channel #1 (-5)[0m
[00:00:10.629,608] [1;31m<err> ads1220: config2 mismatch! 0x10 != 0x00[0m
[00:00:10.629,730] [1;31m<err> ads1220: config2 mismatch! 0x15 != 0x00[0m
[00:00:10.629,882] [1;31m<err> ads1220: config0 mismatch! 0x3C != 0x1C[0m
[00:00:10.629,882] [1;31m<err> analog_axis_hires: Could not setup channel #1 (-5)[0m
[00:00:10.637,573] [1;31m<err> ads1220: config2 mismatch! 0x10 != 0x00[0m
[00:00:10.637,725] [1;31m<err> ads1220: config2 mismatch! 0x15 != 0x00[0m
[00:00:10.637,878] [1;31m<err> ads1220: config0 mismatch! 0x3C != 0x1C[0m
[00:00:10.637,878] [1;31m<err> analog_axis_hires: Could not setup channel #1 (-5)[0m
[00:00:10.645,629] [1;31m<err> ads1220: config2 mismatch! 0x10 != 0x00[0m
[00:00:10.645,751] [1;31m<err> ads1220: config2 mismatch! 0x15 != 0x00[0m
[00:00:10.645,904] [1;31m<err> ads1220: config0 mismatch! 0x3C != 0x1C[0m
[00:00:10.645,904] [1;31m<err> analog_axis_hires: Could not setup channel #1 (-5)[0m
[00:00:10.653,686] [1;31m<err> ads1220: config2 mismatch! 0x10 != 0x00[0m
[00:00:10.653,808] [1;31m<err> ads1220: config2 mismatch! 0x15 != 0x00[0m
[00:00:10.653,930] [1;31m<err> ads1220: config0 mismatch! 0x3C != 0x1C[0m
[00:00:10.653,961] [1;31m<err> analog_axis_hires: Could not setup channel #1 (-5)[0m
[00:00:10.661,651] [1;31m<err> ads1220: config2 mismatch! 0x10 != 0x00[0m
[00:00:10.661,804] [1;31m<err> ads1220: config2 mismatch! 0x15 != 0x00[0m
[00:00:10.661,956] [1;31m<err> ads1220: config0 mismatch! 0x3C != 0x1C[0m
[00:00:10.661,956] [1;31m<err> analog_axis_hires: Could not setup channel #1 (-5)[0m
[00:00:10.669,708] [1;31m<err> ads1220: config2 mismatch! 0x10 != 0x00[0m
[00:00:10.669,830] [1;31m<err> ads1220: config2 mismatch! 0x15 != 0x00[0m
[00:00:10.669,982] [1;31m<err> ads1220: config0 mismatch! 0x3C != 0x1C[0m
[00:00:10.669,982] [1;31m<err> analog_axis_hires: Could not setup channel #1 (-5)[0m
[00:00:10.677,764] [1;31m<err> ads1220: config2 mismatch! 0x10 != 0x00[0m
[00:00:10.677,886] [1;31m<err> ads1220: config2 mismatch! 0x15 != 0x00[0m
[00:00:10.678,039] [1;31m<err> ads1220: config0 mismatch! 0x3C != 0x1C[0m
[00:00:10.678,039] [1;31m<err> analog_axis_hires: Could not setup channel #1 (-5)[0m
[00:00:10.685,729] [1;31m<err> ads1220: config2 mismatch! 0x10 != 0x00[0m
[00:00:10.685,882] [1;31m<err> ads1220: config2 mismatch! 0x15 != 0x00[0m
[00:00:10.686,035] [1;31m<err> ads1220: config0 mismatch! 0x3C != 0x1C[0m
[00:00:10.686,035] [1;31m<err> analog_axis_hires: Could not setup channel #1 (-5)[0m
[00:00:10.693,786] [1;31m<err> ads1220: config2 mismatch! 0x10 != 0x00[0m
[00:00:10.693,908] [1;31m<err> ads1220: config2 mismatch! 0x15 != 0x00[0m
[00:00:10.694,061] [1;31m<err> ads1220: config0 mismatch! 0x3C != 0x1C[0m
[00:00:10.694,061] [1;31m<err> analog_axis_hires: Could not setup channel #1 (-5)[0m
[00:00:10.701,843] [1;31m<err> ads1220: config2 mismatch! 0x10 != 0x00[0m
[00:00:10.701,965] [1;31m<err> ads1220: config2 mismatch! 0x15 != 0x00[0m
[00:00:10.702,117] [1;31m<err> ads1220: config0 mismatch! 0x3C != 0x1C[0m
[00:00:10.702,117] [1;31m<err> analog_axis_hires: Could not setup channel #1 (-5)[0m
[00:00:10.709,808] [1;31m<err> ads1220: config2 mismatch! 0x10 != 0x00[0m
[00:00:10.709,960] [1;31m<err> ads1220: config2 mismatch! 0x15 != 0x00[0m
[00:00:10.710,113] [1;31m<err> ads1220: config0 mismatch! 0x3C != 0x1C[0m
[00:00:10.710,113] [1;31m<err> analog_axis_hires: Could not setup channel #1 (-5)[0m
[00:00:10.717,864] [1;31m<err> ads1220: config2 mismatch! 0x10 != 0x00[0m
[00:00:10.717,987] [1;31m<err> ads1220: config2 mismatch! 0x15 != 0x00[0m
[00:00:10.718,139] [1;31m<err> ads1220: config0 mismatch! 0x3C != 0x1C[0m
[00:00:10.718,139] [1;31m<err> analog_axis_hires: Could not setup channel #1 (-5)[0m
[00:00:10.725,891] [1;31m<err> ads1220: config2 mismatch! 0x10 != 0x00[0m
[00:00:10.726,013] [1;31m<err> ads1220: config2 mismatch! 0x15 != 0x00[0m
[00:00:10.726,165] [1;31m<err> ads1220: config0 mismatch! 0x3C != 0x1C[0m
[00:00:10.726,165] [1;31m<err> analog_axis_hires: Could not setup channel #1 (-5)[0m
[00:00:10.733,886] [1;31m<err> ads1220: config2 mismatch! 0x10 != 0x00[0m
[00:00:10.734,039] [1;31m<err> ads1220: config2 mismatch! 0x15 != 0x00[0m
[00:00:10.734,191] [1;31m<err> ads1220: config0 mismatch! 0x3C != 0x1C[0m
[00:00:10.734,191] [1;31m<err> analog_axis_hires: Could not setup channel #1 (-5)[0m
[00:00:10.741,943] [1;31m<err> ads1220: config2 mismatch! 0x10 != 0x00[0m
[00:00:10.742,065] [1;31m<err> ads1220: config2 mismatch! 0x15 != 0x00[0m
[00:00:10.742,218] [1;31m<err> ads1220: config0 mismatch! 0x3C != 0x1C[0m
[00:00:10.742,218] [1;31m<err> analog_axis_hires: Could not setup channel #1 (-5)[0m
[00:00:10.749,969] [1;31m<err> ads1220: config2 mismatch! 0x10 != 0x00[0m
[00:00:10.750,091] [1;31m<err> ads1220: config2 mismatch! 0x15 != 0x00[0m
[00:00:10.750,244] [1;31m<err> ads1220: config0 mismatch! 0x3C != 0x1C[0m
[00:00:10.750,244] [1;31m<err> analog_axis_hires: Could not setup channel #1 (-5)[0m
[00:00:10.757,965] [1;31m<err> ads1220: config2 mismatch! 0x10 != 0x00[0m
[00:00:10.758,117] [1;31m<err> ads1220: config2 mismatch! 0x15 != 0x00[0m
[00:00:10.758,270] [1;31m<err> ads1220: config0 mismatch! 0x3C != 0x1C[0m
[00:00:10.758,270] [1;31m<err> analog_axis_hires: Could not setup channel #1 (-5)[0m
[00:00:10.766,021] [1;31m<err> ads1220: config2 mismatch! 0x10 != 0x00[0m
[00:00:10.766,143] [1;31m<err> ads1220: config2 mismatch! 0x15 != 0x00[0m
[00:00:10.766,296] [1;31m<err> ads1220: config0 mismatch! 0x3C != 0x1C[0m
[00:00:10.766,296] [1;31m<err> analog_axis_hires: Could not setup channel #1 (-5)[0m
[00:00:10.774,047] [1;31m<err> ads1220: config2 mismatch! 0x10 != 0x00[0m
[00:00:10.774,169] [1;31m<err> ads1220: config2 mismatch! 0x15 != 0x00[0m
[00:00:10.774,322] [1;31m<err> ads1220: config0 mismatch! 0x3C != 0x1C[0m
[00:00:10.774,322] [1;31m<err> analog_axis_hires: Could not setup channel #1 (-5)[0m
[00:00:10.782,043] [1;31m<err> ads1220: config2 mismatch! 0x10 != 0x00[0m
[00:00:10.782,196] [1;31m<err> ads1220: config2 mismatch! 0x15 != 0x00[0m
[00:00:10.782,348] [1;31m<err> ads1220: config0 mismatch! 0x3C != 0x1C[0m
[00:00:10.782,348] [1;31m<err> analog_axis_hires: Could not setup channel #1 (-5)[0m
[00:00:10.790,100] [1;31m<err> ads1220: config2 mismatch! 0x10 != 0x00[0m
[00:00:10.790,222] [1;31m<err> ads1220: config2 mismatch! 0x15 != 0x00[0m
[00:00:10.790,374] [1;31m<err> ads1220: config0 mismatch! 0x3C != 0x1C[0m
[00:00:10.790,374] [1;31m<err> analog_axis_hires: Could not setup channel #1 (-5)[0m
[00:00:10.798,126] [1;31m<err> ads1220: config2 mismatch! 0x10 != 0x00[0m
[00:00:10.798,278] [1;31m<err> ads1220: config2 mismatch! 0x15 != 0x00[0m
[00:00:10.798,400] [1;31m<err> ads1220: config0 mismatch! 0x3C != 0x1C[0m
[00:00:10.798,400] [1;31m<err> analog_axis_hires: Could not setup channel #1 (-5)[0m
[00:00:10.806,121] [1;31m<err> ads1220: config2 mismatch! 0x10 != 0x00[0m
[00:00:10.806,274] [1;31m<err> ads1220: config2 mismatch! 0x15 != 0x00[0m
[00:00:10.806,427] [1;31m<err> ads1220: config0 mismatch! 0x3C != 0x1C[0m
[00:00:10.806,427] [1;31m<err> analog_axis_hires: Could not setup channel #1 (-5)[0m
[00:00:10.814,178] [1;31m<err> ads1220: config2 mismatch! 0x10 != 0x00[0m
[00:00:10.814,300] [1;31m<err> ads1220: config2 mismatch! 0x15 != 0x00[0m
[00:00:10.814,453] [1;31m<err> ads1220: config0 mismatch! 0x3C != 0x1C[0m
[00:00:10.814,453] [1;31m<err> analog_axis_hires: Could not setup channel #1 (-5)[0m
[00:00:10.822,235] [1;31m<err> ads1220: config2 mismatch! 0x10 != 0x00[0m
[00:00:10.822,357] [1;31m<err> ads1220: config2 mismatch! 0x15 != 0x00[0m
[00:00:10.822,479] [1;31m<err> ads1220: config0 mismatch! 0x3C != 0x1C[0m
[00:00:10.822,479] [1;31m<err> analog_axis_hires: Could not setup channel #1 (-5)[0m
[00:00:10.830,200] [1;31m<err> ads1220: config2 mismatch! 0x10 != 0x00[0m
[00:00:10.830,352] [1;31m<err> ads1220: config2 mismatch! 0x15 != 0x00[0m
[00:00:10.830,505] [1;31m<err> ads1220: config0 mismatch! 0x3C != 0x1C[0m
[00:00:10.830,505] [1;31m<err> analog_axis_hires: Could not setup channel #1 (-5)[0m
[00:00:10.838,256] [1;31m<err> ads1220: config2 mismatch! 0x10 != 0x00[0m
[00:00:10.838,378] [1;31m<err> ads1220: config2 mismatch! 0x15 != 0x00[0m
[00:00:10.838,531] [1;31m<err> ads1220: config0 mismatch! 0x3C != 0x1C[0m
[00:00:10.838,531] [1;31m<err> analog_axis_hires: Could not setup channel #1 (-5)[0m
[00:00:10.846,282] [1;31m<err> ads1220: config2 mismatch! 0x10 != 0x00[0m
[00:00:10.846,435] [1;31m<err> ads1220: config2 mismatch! 0x15 != 0x00[0m
[00:00:10.846,557] [1;31m<err> ads1220: config0 mismatch! 0x3C != 0x1C[0m
[00:00:10.846,557] [1;31m<err> analog_axis_hires: Could not setup channel #1 (-5)[0m
[00:00:10.854,278] [1;31m<err> ads1220: config2 mismatch! 0x10 != 0x00[0m
[00:00:10.854,431] [1;31m<err> ads1220: config2 mismatch! 0x15 != 0x00[0m
[00:00:10.854,583] [1;31m<err> ads1220: config0 mismatch! 0x3C != 0x1C[0m
[00:00:10.854,583] [1;31m<err> analog_axis_hires: Could not setup channel #1 (-5)[0m
[00:00:10.862,335] [1;31m<err> ads1220: config2 mismatch! 0x10 != 0x00[0m
[00:00:10.862,457] [1;31m<err> ads1220: config2 mismatch! 0x15 != 0x00[0m
[00:00:10.862,609] [1;31m<err> ads1220: config0 mismatch! 0x3C != 0x1C[0m
[00:00:10.862,609] [1;31m<err> analog_axis_hires: Could not setup channel #1 (-5)[0m
[00:00:10.870,391] [1;31m<err> ads1220: config2 mismatch! 0x10 != 0x00[0m
[00:00:10.870,513] [1;31m<err> ads1220: config2 mismatch! 0x15 != 0x00[0m
[00:00:10.870,635] [1;31m<err> ads1220: config0 mismatch! 0x3C != 0x1C[0m
[00:00:10.870,666] [1;31m<err> analog_axis_hires: Could not setup channel #1 (-5)[0m
[00:00:10.878,356] [1;31m<err> ads1220: config2 mismatch! 0x10 != 0x00[0m
[00:00:10.878,509] [1;31m<err> ads1220: config2 mismatch! 0x15 != 0x00[0m
[00:00:10.878,662] [1;31m<err> ads1220: config0 mismatch! 0x3C != 0x1C[0m
[00:00:10.878,662] [1;31m<err> analog_axis_hires: Could not setup channel #1 (-5)[0m
[00:00:10.886,413] [1;31m<err> ads1220: config2 mismatch! 0x10 != 0x00[0m
[00:00:10.886,535] [1;31m<err> ads1220: config2 mismatch! 0x15 != 0x00[0m
[00:00:10.886,688] [1;31m<err> ads1220: config0 mismatch! 0x3C != 0x1C[0m
[00:00:10.886,688] [1;31m<err> analog_axis_hires: Could not setup channel #1 (-5)[0m
[00:00:10.894,470] [1;31m<err> ads1220: config2 mismatch! 0x10 != 0x00[0m
[00:00:10.894,592] [1;31m<err> ads1220: config2 mismatch! 0x15 != 0x00[0m
[00:00:10.894,744] [1;31m<err> ads1220: config0 mismatch! 0x3C != 0x1C[0m
[00:00:10.894,744] [1;31m<err> analog_axis_hires: Could not setup channel #1 (-5)[0m
[00:00:10.902,435] [1;31m<err> ads1220: config2 mismatch! 0x10 != 0x00[0m
[00:00:10.902,587] [1;31m<err> ads1220: config2 mismatch! 0x15 != 0x00[0m
[00:00:10.902,740] [1;31m<err> ads1220: config0 mismatch! 0x3C != 0x1C[0m
[00:00:10.902,740] [1;31m<err> analog_axis_hires: Could not setup channel #1 (-5)[0m
[00:00:10.910,491] [1;31m<err> ads1220: config2 mismatch! 0x10 != 0x00[0m
[00:00:10.910,614] [1;31m<err> ads1220: config2 mismatch! 0x15 != 0x00[0m
[00:00:10.910,766] [1;31m<err> ads1220: config0 mismatch! 0x3C != 0x1C[0m
[00:00:10.910,766] [1;31m<err> analog_axis_hires: Could not setup channel #1 (-5)[0m
[00:00:10.918,548] [1;31m<err> ads1220: config2 mismatch! 0x10 != 0x00[0m
[00:00:10.918,670] [1;31m<err> ads1220: config2 mismatch! 0x15 != 0x00[0m
[00:00:10.918,792] [1;31m<err> ads1220: config0 mismatch! 0x3C != 0x1C[0m
[00:00:10.918,823] [1;31m<err> analog_axis_hires: Could not setup channel #1 (-5)[0m
[00:00:10.926,513] [1;31m<err> ads1220: config2 mismatch! 0x10 != 0x00[0m
[00:00:10.926,666] [1;31m<err> ads1220: config2 mismatch! 0x15 != 0x00[0m
[00:00:10.926,818] [1;31m<err> ads1220: config0 mismatch! 0x3C != 0x1C[0m
[00:00:10.926,818] [1;31m<err> analog_axis_hires: Could not setup channel #1 (-5)[0m
[00:00:10.934,570] [1;31m<err> ads1220: config2 mismatch! 0x10 != 0x00[0m
[00:00:10.934,692] [1;31m<err> ads1220: config2 mismatch! 0x15 != 0x00[0m
[00:00:10.934,844] [1;31m<err> ads1220: config0 mismatch! 0x3C != 0x1C[0m
[00:00:10.934,844] [1;31m<err> analog_axis_hires: Could not setup channel #1 (-5)[0m
[00:00:10.942,596] [1;31m<err> ads1220: config2 mismatch! 0x10 != 0x00[0m
[00:00:10.942,718] [1;31m<err> ads1220: config2 mismatch! 0x15 != 0x00[0m
[00:00:10.942,871] [1;31m<err> ads1220: config0 mismatch! 0x3C != 0x1C[0m
[00:00:10.942,871] [1;31m<err> analog_axis_hires: Could not setup channel #1 (-5)[0m
[00:00:10.950,592] [1;31m<err> ads1220: config2 mismatch! 0x10 != 0x00[0m
[00:00:10.950,744] [1;31m<err> ads1220: config2 mismatch! 0x15 != 0x00[0m
[00:00:10.950,897] [1;31m<err> ads1220: config0 mismatch! 0x3C != 0x1C[0m
[00:00:10.950,897] [1;31m<err> analog_axis_hires: Could not setup channel #1 (-5)[0m
[00:00:10.958,648] [1;31m<err> ads1220: config2 mismatch! 0x10 != 0x00[0m
[00:00:10.958,770] [1;31m<err> ads1220: config2 mismatch! 0x15 != 0x00[0m
[00:00:10.958,923] [1;31m<err> ads1220: config0 mismatch! 0x3C != 0x1C[0m
[00:00:10.958,923] [1;31m<err> analog_axis_hires: Could not setup channel #1 (-5)[0m
[00:00:10.966,705] [1;31m<err> ads1220: config2 mismatch! 0x10 != 0x00[0m
[00:00:10.966,827] [1;31m<err> ads1220: config2 mismatch! 0x15 != 0x00[0m
[00:00:10.966,949] [1;31m<err> ads1220: config0 mismatch! 0x3C != 0x1C[0m
[00:00:10.966,979] [1;31m<err> analog_axis_hires: Could not setup channel #1 (-5)[0m
[00:00:10.974,670] [1;31m<err> ads1220: config2 mismatch! 0x10 != 0x00[0m
[00:00:10.974,822] [1;31m<err> ads1220: config2 mismatch! 0x15 != 0x00[0m
[00:00:10.974,975] [1;31m<err> ads1220: config0 mismatch! 0x3C != 0x1C[0m
[00:00:10.974,975] [1;31m<err> analog_axis_hires: Could not setup channel #1 (-5)[0m
[00:00:10.982,727] [1;31m<err> ads1220: config2 mismatch! 0x10 != 0x00[0m
[00:00:10.982,849] [1;31m<err> ads1220: config2 mismatch! 0x15 != 0x00[0m
[00:00:10.983,001] [1;31m<err> ads1220: config0 mismatch! 0x3C != 0x1C[0m
[00:00:10.983,001] [1;31m<err> analog_axis_hires: Could not setup channel #1 (-5)[0m
[00:00:10.990,783] [1;31m<err> ads1220: config2 mismatch! 0x10 != 0x00[0m
[00:00:10.990,905] [1;31m<err> ads1220: config2 mismatch! 0x15 != 0x00[0m
[00:00:10.991,058] [1;31m<err> ads1220: config0 mismatch! 0x3C != 0x1C[0m
[00:00:10.991,058] [1;31m<err> analog_axis_hires: Could not setup channel #1 (-5)[0m
[00:00:10.998,748] [1;31m<err> ads1220: config2 mismatch! 0x10 != 0x00[0m
[00:00:10.998,901] [1;31m<err> ads1220: config2 mismatch! 0x15 != 0x00[0m
[00:00:10.999,053] [1;31m<err> ads1220: config0 mismatch! 0x3C != 0x1C[0m
[00:00:10.999,053] [1;31m<err> analog_axis_hires: Could not setup channel #1 (-5)[0m
[00:00:11.006,805] [1;31m<err> ads1220: config2 mismatch! 0x10 != 0x00[0m
[00:00:11.006,927] [1;31m<err> ads1220: config2 mismatch! 0x15 != 0x00[0m
[00:00:11.007,080] [1;31m<err> ads1220: config0 mismatch! 0x3C != 0x1C[0m
[00:00:11.007,080] [1;31m<err> analog_axis_hires: Could not setup channel #1 (-5)[0m
[00:00:11.014,862] [1;31m<err> ads1220: config2 mismatch! 0x10 != 0x00[0m
[00:00:11.014,984] [1;31m<err> ads1220: config2 mismatch! 0x15 != 0x00[0m
[00:00:11.015,136] [1;31m<err> ads1220: config0 mismatch! 0x3C != 0x1C[0m
[00:00:11.015,136] [1;31m<err> analog_axis_hires: Could not setup channel #1 (-5)[0m
[00:00:11.022,888] [1;31m<err> ads1220: config2 mismatch! 0x10 != 0x00[0m
[00:00:11.023,010] [1;31m<err> ads1220: config2 mismatch! 0x15 != 0x00[0m
[00:00:11.023,162] [1;31m<err> ads1220: config0 mismatch! 0x3C != 0x1C[0m
[00:00:11.023,162] [1;31m<err> analog_axis_hires: Could not setup channel #1 (-5)[0m
[00:00:11.030,883] [1;31m<err> ads1220: config2 mismatch! 0x10 != 0x00[0m
[00:00:11.031,005] [1;31m<err> ads1220: config2 mismatch! 0x15 != 0x00[0m
[00:00:11.031,158] [1;31m<err> ads1220: config0 mismatch! 0x3C != 0x1C[0m
[00:00:11.031,158] [1;31m<err> analog_axis_hires: Could not setup channel #1 (-5)[0m
[00:00:11.038,940] [1;31m<err> ads1220: config2 mismatch! 0x10 != 0x00[0m
[00:00:11.039,062] [1;31m<err> ads1220: config2 mismatch! 0x15 != 0x00[0m
[00:00:11.039,215] [1;31m<err> ads1220: config0 mismatch! 0x3C != 0x1C[0m
[00:00:11.039,215] [1;31m<err> analog_axis_hires: Could not setup channel #1 (-5)[0m
[00:00:11.046,905] [1;31m<err> ads1220: config2 mismatch! 0x10 != 0x00[0m
[00:00:11.047,058] [1;31m<err> ads1220: config2 mismatch! 0x15 != 0x00[0m
[00:00:11.047,210] [1;31m<err> ads1220: config0 mismatch! 0x3C != 0x1C[0m
[00:00:11.047,210] [1;31m<err> analog_axis_hires: Could not setup channel #1 (-5)[0m
[00:00:11.054,962] [1;31m<err> ads1220: config2 mismatch! 0x10 != 0x00[0m
[00:00:11.055,084] [1;31m<err> ads1220: config2 mismatch! 0x15 != 0x00[0m
[00:00:11.055,236] [1;31m<err> ads1220: config0 mismatch! 0x3C != 0x1C[0m
[00:00:11.055,236] [1;31m<err> analog_axis_hires: Could not setup channel #1 (-5)[0m
[00:00:11.063,018] [1;31m<err> ads1220: config2 mismatch! 0x10 != 0x00[0m
[00:00:11.063,140] [1;31m<err> ads1220: config2 mismatch! 0x15 != 0x00[0m
[00:00:11.063,293] [1;31m<err> ads1220: config0 mismatch! 0x3C != 0x1C[0m
[00:00:11.063,293] [1;31m<err> analog_axis_hires: Could not setup channel #1 (-5)[0m
[00:00:11.070,983] [1;31m<err> ads1220: config2 mismatch! 0x10 != 0x00[0m
[00:00:11.071,136] [1;31m<err> ads1220: config2 mismatch! 0x15 != 0x00[0m
[00:00:11.071,289] [1;31m<err> ads1220: config0 mismatch! 0x3C != 0x1C[0m
[00:00:11.071,289] [1;31m<err> analog_axis_hires: Could not setup channel #1 (-5)[0m
[00:00:11.079,040] [1;31m<err> ads1220: config2 mismatch! 0x10 != 0x00[0m
[00:00:11.079,162] [1;31m<err> ads1220: config2 mismatch! 0x15 != 0x00[0m
[00:00:11.079,315] [1;31m<err> ads1220: config0 mismatch! 0x3C != 0x1C[0m
[00:00:11.079,315] [1;31m<err> analog_axis_hires: Could not setup channel #1 (-5)[0m
[00:00:11.087,066] [1;31m<err> ads1220: config2 mismatch! 0x10 != 0x00[0m
[00:00:11.087,219] [1;31m<err> ads1220: config2 mismatch! 0x15 != 0x00[0m
[00:00:11.087,341] [1;31m<err> ads1220: config0 mismatch! 0x3C != 0x1C[0m
[00:00:11.087,341] [1;31m<err> analog_axis_hires: Could not setup channel #1 (-5)[0m
[00:00:11.095,062] [1;31m<err> ads1220: config2 mismatch! 0x10 != 0x00[0m
[00:00:11.095,214] [1;31m<err> ads1220: config2 mismatch! 0x15 != 0x00[0m
[00:00:11.095,367] [1;31m<err> ads1220: config0 mismatch! 0x3C != 0x1C[0m
[00:00:11.095,367] [1;31m<err> analog_axis_hires: Could not setup channel #1 (-5)[0m
[00:00:11.103,118] [1;31m<err> ads1220: config2 mismatch! 0x10 != 0x00[0m
[00:00:11.103,240] [1;31m<err> ads1220: config2 mismatch! 0x15 != 0x00[0m
[00:00:11.103,393] [1;31m<err> ads1220: config0 mismatch! 0x3C != 0x1C[0m
[00:00:11.103,393] [1;31m<err> analog_axis_hires: Could not setup channel #1 (-5)[0m
[00:00:11.111,206] [1;31m<err> ads1220: config2 mismatch! 0x10 != 0x00[0m
[00:00:11.111,328] [1;31m<err> ads1220: config2 mismatch! 0x15 != 0x00[0m
[00:00:11.111,450] [1;31m<err> ads1220: config0 mismatch! 0x3C != 0x1C[0m
[00:00:11.111,480] [1;31m<err> analog_axis_hires: Could not setup channel #1 (-5)[0m
[00:00:11.119,201] [1;31m<err> ads1220: config2 mismatch! 0x10 != 0x00[0m
[00:00:11.119,354] [1;31m<err> ads1220: config2 mismatch! 0x15 != 0x00[0m
[00:00:11.119,476] [1;31m<err> ads1220: config0 mismatch! 0x3C != 0x1C[0m
[00:00:11.119,506] [1;31m<err> analog_axis_hires: Could not setup channel #1 (-5)[0m
[00:00:11.127,197] [1;31m<err> ads1220: config2 mismatch! 0x10 != 0x00[0m
[00:00:11.127,319] [1;31m<err> ads1220: config2 mismatch! 0x15 != 0x00[0m
[00:00:11.127,471] [1;31m<err> ads1220: config0 mismatch! 0x3C != 0x1C[0m
[00:00:11.127,471] [1;31m<err> analog_axis_hires: Could not setup channel #1 (-5)[0m
[00:00:11.135,223] [1;31m<err> ads1220: config2 mismatch! 0x10 != 0x00[0m
[00:00:11.135,345] [1;31m<err> ads1220: config2 mismatch! 0x15 != 0x00[0m
[00:00:11.135,498] [1;31m<err> ads1220: config0 mismatch! 0x3C != 0x1C[0m
[00:00:11.135,498] [1;31m<err> analog_axis_hires: Could not setup channel #1 (-5)[0m
[00:00:11.143,218] [1;31m<err> ads1220: config2 mismatch! 0x10 != 0x00[0m
[00:00:11.143,371] [1;31m<err> ads1220: config2 mismatch! 0x15 != 0x00[0m
[00:00:11.143,524] [1;31m<err> ads1220: config0 mismatch! 0x3C != 0x1C[0m
[00:00:11.143,524] [1;31m<err> analog_axis_hires: Could not setup channel #1 (-5)[0m
[00:00:11.151,275] [1;31m<err> ads1220: config2 mismatch! 0x10 != 0x00[0m
[00:00:11.151,397] [1;31m<err> ads1220: config2 mismatch! 0x15 != 0x00[0m
[00:00:11.151,550] [1;31m<err> ads1220: config0 mismatch! 0x3C != 0x1C[0m
[00:00:11.151,550] [1;31m<err> analog_axis_hires: Could not setup channel #1 (-5)[0m
[00:00:11.159,301] [1;31m<err> ads1220: config2 mismatch! 0x10 != 0x00[0m
[00:00:11.159,454] [1;31m<err> ads1220: config2 mismatch! 0x15 != 0x00[0m
[00:00:11.159,576] [1;31m<err> ads1220: config0 mismatch! 0x3C != 0x1C[0m
[00:00:11.159,576] [1;31m<err> analog_axis_hires: Could not setup channel #1 (-5)[0m
[00:00:11.167,297] [1;31m<err> ads1220: config2 mismatch! 0x10 != 0x00[0m
[00:00:11.167,449] [1;31m<err> ads1220: config2 mismatch! 0x15 != 0x00[0m
[00:00:11.167,602] [1;31m<err> ads1220: config0 mismatch! 0x3C != 0x1C[0m
[00:00:11.167,602] [1;31m<err> analog_axis_hires: Could not setup channel #1 (-5)[0m
[00:00:11.175,354] [1;31m<err> ads1220: config2 mismatch! 0x10 != 0x00[0m
[00:00:11.175,476] [1;31m<err> ads1220: config2 mismatch! 0x15 != 0x00[0m
[00:00:11.175,628] [1;31m<err> ads1220: config0 mismatch! 0x3C != 0x1C[0m
[00:00:11.175,628] [1;31m<err> analog_axis_hires: Could not setup channel #1 (-5)[0m
[00:00:11.183,410] [1;31m<err> ads1220: config2 mismatch! 0x10 != 0x00[0m
[00:00:11.183,532] [1;31m<err> ads1220: config2 mismatch! 0x15 != 0x00[0m
[00:00:11.183,685] [1;31m<err> ads1220: config0 mismatch! 0x3C != 0x1C[0m
[00:00:11.183,685] [1;31m<err> analog_axis_hires: Could not setup channel #1 (-5)[0m
[00:00:11.191,375] [1;31m<err> ads1220: config2 mismatch! 0x10 != 0x00[0m
[00:00:11.191,528] [1;31m<err> ads1220: config2 mismatch! 0x15 != 0x00[0m
[00:00:11.191,680] [1;31m<err> ads1220: config0 mismatch! 0x3C != 0x1C[0m
[00:00:11.191,680] [1;31m<err> analog_axis_hires: Could not setup channel #1 (-5)[0m
[00:00:11.199,432] [1;31m<err> ads1220: config2 mismatch! 0x10 != 0x00[0m
[00:00:11.199,554] [1;31m<err> ads1220: config2 mismatch! 0x15 != 0x00[0m
[00:00:11.199,707] [1;31m<err> ads1220: config0 mismatch! 0x3C != 0x1C[0m
[00:00:11.199,707] [1;31m<err> analog_axis_hires: Could not setup channel #1 (-5)[0m
[00:00:11.207,458] [1;31m<err> ads1220: config2 mismatch! 0x10 != 0x00[0m
[00:00:11.207,580] [1;31m<err> ads1220: config2 mismatch! 0x15 != 0x00[0m
[00:00:11.207,702] [1;31m<err> ads1220: config0 mismatch! 0x3C != 0x1C[0m
[00:00:11.207,733] [1;31m<err> analog_axis_hires: Could not setup channel #1 (-5)[0m
[00:00:11.215,454] [1;31m<err> ads1220: config2 mismatch! 0x10 != 0x00[0m
[00:00:11.215,606] [1;31m<err> ads1220: config2 mismatch! 0x15 != 0x00[0m
[00:00:11.215,759] [1;31m<err> ads1220: config0 mismatch! 0x3C != 0x1C[0m
[00:00:11.215,759] [1;31m<err> analog_axis_hires: Could not setup channel #1 (-5)[0m
[00:00:11.223,510] [1;31m<err> ads1220: config2 mismatch! 0x10 != 0x00[0m
[00:00:11.223,632] [1;31m<err> ads1220: config2 mismatch! 0x15 != 0x00[0m
[00:00:11.223,785] [1;31m<err> ads1220: config0 mismatch! 0x3C != 0x1C[0m
[00:00:11.223,785] [1;31m<err> analog_axis_hires: Could not setup channel #1 (-5)[0m
[00:00:11.231,567] [1;31m<err> ads1220: config2 mismatch! 0x10 != 0x00[0m
[00:00:11.231,689] [1;31m<err> ads1220: config2 mismatch! 0x15 != 0x00[0m
[00:00:11.231,811] [1;31m<err> ads1220: config0 mismatch! 0x3C != 0x1C[0m
[00:00:11.231,811] [1;31m<err> analog_axis_hires: Could not setup channel #1 (-5)[0m
[00:00:11.239,532] [1;31m<err> ads1220: config2 mismatch! 0x10 != 0x00[0m
[00:00:11.239,685] [1;31m<err> ads1220: config2 mismatch! 0x15 != 0x00[0m
[00:00:11.239,837] [1;31m<err> ads1220: config0 mismatch! 0x3C != 0x1C[0m
[00:00:11.239,837] [1;31m<err> analog_axis_hires: Could not setup channel #1 (-5)[0m
[00:00:11.247,589] [1;31m<err> ads1220: config2 mismatch! 0x10 != 0x00[0m
[00:00:11.247,711] [1;31m<err> ads1220: config2 mismatch! 0x15 != 0x00[0m
[00:00:11.247,863] [1;31m<err> ads1220: config0 mismatch! 0x3C != 0x1C[0m
[00:00:11.247,863] [1;31m<err> analog_axis_hires: Could not setup channel #1 (-5)[0m
[00:00:11.255,645] [1;31m<err> ads1220: config2 mismatch! 0x10 != 0x00[0m
[00:00:11.255,767] [1;31m<err> ads1220: config2 mismatch! 0x15 != 0x00[0m
[00:00:11.255,889] [1;31m<err> ads1220: config0 mismatch! 0x3C != 0x1C[0m
[00:00:11.255,920] [1;31m<err> analog_axis_hires: Could not setup channel #1 (-5)[0m
[00:00:11.263,641] [1;31m<err> ads1220: config2 mismatch! 0x10 != 0x00[0m
[00:00:11.263,763] [1;31m<err> ads1220: config2 mismatch! 0x15 != 0x00[0m
[00:00:11.263,916] [1;31m<err> ads1220: config0 mismatch! 0x3C != 0x1C[0m
[00:00:11.263,916] [1;31m<err> analog_axis_hires: Could not setup channel #1 (-5)[0m
[00:00:11.271,667] [1;31m<err> ads1220: config2 mismatch! 0x10 != 0x00[0m
[00:00:11.271,789] [1;31m<err> ads1220: config2 mismatch! 0x15 != 0x00[0m
[00:00:11.271,942] [1;31m<err> ads1220: config0 mismatch! 0x3C != 0x1C[0m
[00:00:11.271,942] [1;31m<err> analog_axis_hires: Could not setup channel #1 (-5)[0m
[00:00:11.279,724] [1;31m<err> ads1220: config2 mismatch! 0x10 != 0x00[0m
[00:00:11.279,846] [1;31m<err> ads1220: config2 mismatch! 0x15 != 0x00[0m
[00:00:11.279,998] [1;31m<err> ads1220: config0 mismatch! 0x3C != 0x1C[0m
[00:00:11.279,998] [1;31m<err> analog_axis_hires: Could not setup channel #1 (-5)[0m
[00:00:11.287,689] [1;31m<err> ads1220: config2 mismatch! 0x10 != 0x00[0m
[00:00:11.287,841] [1;31m<err> ads1220: config2 mismatch! 0x15 != 0x00[0m
[00:00:11.287,994] [1;31m<err> ads1220: config0 mismatch! 0x3C != 0x1C[0m
[00:00:11.287,994] [1;31m<err> analog_axis_hires: Could not setup channel #1 (-5)[0m
[00:00:11.295,745] [1;31m<err> ads1220: config2 mismatch! 0x10 != 0x00[0m
[00:00:11.295,867] [1;31m<err> ads1220: config2 mismatch! 0x15 != 0x00[0m
[00:00:11.296,020] [1;31m<err> ads1220: config0 mismatch! 0x3C != 0x1C[0m
[00:00:11.296,020] [1;31m<err> analog_axis_hires: Could not setup channel #1 (-5)[0m
[00:00:11.303,802] [1;31m<err> ads1220: config2 mismatch! 0x10 != 0x00[0m
[00:00:11.303,924] [1;31m<err> ads1220: config2 mismatch! 0x15 != 0x00[0m
[00:00:11.304,046] [1;31m<err> ads1220: config0 mismatch! 0x3C != 0x1C[0m
[00:00:11.304,077] [1;31m<err> analog_axis_hires: Could not setup channel #1 (-5)[0m
[00:00:11.311,767] [1;31m<err> ads1220: config2 mismatch! 0x10 != 0x00[0m
[00:00:11.311,920] [1;31m<err> ads1220: config2 mismatch! 0x15 != 0x00[0m
[00:00:11.312,072] [1;31m<err> ads1220: config0 mismatch! 0x3C != 0x1C[0m
[00:00:11.312,072] [1;31m<err> analog_axis_hires: Could not setup channel #1 (-5)[0m
[00:00:11.319,824] [1;31m<err> ads1220: config2 mismatch! 0x10 != 0x00[0m
[00:00:11.319,946] [1;31m<err> ads1220: config2 mismatch! 0x15 != 0x00[0m
[00:00:11.320,098] [1;31m<err> ads1220: config0 mismatch! 0x3C != 0x1C[0m
[00:00:11.320,098] [1;31m<err> analog_axis_hires: Could not setup channel #1 (-5)[0m
[00:00:11.327,880] [1;31m<err> ads1220: config2 mismatch! 0x10 != 0x00[0m
[00:00:11.328,002] [1;31m<err> ads1220: config2 mismatch! 0x15 != 0x00[0m
[00:00:11.328,155] [1;31m<err> ads1220: config0 mismatch! 0x3C != 0x1C[0m
[00:00:11.328,155] [1;31m<err> analog_axis_hires: Could not setup channel #1 (-5)[0m
[00:00:11.335,845] [1;31m<err> ads1220: config2 mismatch! 0x10 != 0x00[0m
[00:00:11.335,998] [1;31m<err> ads1220: config2 mismatch! 0x15 != 0x00[0m
[00:00:11.336,151] [1;31m<err> ads1220: config0 mismatch! 0x3C != 0x1C[0m
[00:00:11.336,151] [1;31m<err> analog_axis_hires: Could not setup channel #1 (-5)[0m
[00:00:11.343,902] [1;31m<err> ads1220: config2 mismatch! 0x10 != 0x00[0m
[00:00:11.344,024] [1;31m<err> ads1220: config2 mismatch! 0x15 != 0x00[0m
[00:00:11.344,177] [1;31m<err> ads1220: config0 mismatch! 0x3C != 0x1C[0m
[00:00:11.344,177] [1;31m<err> analog_axis_hires: Could not setup channel #1 (-5)[0m
[00:00:11.351,959] [1;31m<err> ads1220: config2 mismatch! 0x10 != 0x00[0m
[00:00:11.352,081] [1;31m<err> ads1220: config2 mismatch! 0x15 != 0x00[0m
[00:00:11.352,233] [1;31m<err> ads1220: config0 mismatch! 0x3C != 0x1C[0m
[00:00:11.352,233] [1;31m<err> analog_axis_hires: Could not setup channel #1 (-5)[0m
[00:00:11.359,924] [1;31m<err> ads1220: config2 mismatch! 0x10 != 0x00[0m
[00:00:11.360,076] [1;31m<err> ads1220: config2 mismatch! 0x15 != 0x00[0m
[00:00:11.360,229] [1;31m<err> ads1220: config0 mismatch! 0x3C != 0x1C[0m
[00:00:11.360,229] [1;31m<err> analog_axis_hires: Could not setup channel #1 (-5)[0m
[00:00:11.367,980] [1;31m<err> ads1220: config2 mismatch! 0x10 != 0x00[0m
[00:00:11.368,103] [1;31m<err> ads1220: config2 mismatch! 0x15 != 0x00[0m
[00:00:11.368,255] [1;31m<err> ads1220: config0 mismatch! 0x3C != 0x1C[0m
[00:00:11.368,255] [1;31m<err> analog_axis_hires: Could not setup channel #1 (-5)[0m
[00:00:11.376,037] [1;31m<err> ads1220: config2 mismatch! 0x10 != 0x00[0m
[00:00:11.376,159] [1;31m<err> ads1220: config2 mismatch! 0x15 != 0x00[0m
[00:00:11.376,312] [1;31m<err> ads1220: config0 mismatch! 0x3C != 0x1C[0m
[00:00:11.376,312] [1;31m<err> analog_axis_hires: Could not setup channel #1 (-5)[0m
[00:00:11.384,002] [1;31m<err> ads1220: config2 mismatch! 0x10 != 0x00[0m
[00:00:11.384,155] [1;31m<err> ads1220: config2 mismatch! 0x15 != 0x00[0m
[00:00:11.384,307] [1;31m<err> ads1220: config0 mismatch! 0x3C != 0x1C[0m
[00:00:11.384,307] [1;31m<err> analog_axis_hires: Could not setup channel #1 (-5)[0m
[00:00:11.392,059] [1;31m<err> ads1220: config2 mismatch! 0x10 != 0x00[0m
[00:00:11.392,181] [1;31m<err> ads1220: config2 mismatch! 0x15 != 0x00[0m
[00:00:11.392,333] [1;31m<err> ads1220: config0 mismatch! 0x3C != 0x1C[0m
[00:00:11.392,333] [1;31m<err> analog_axis_hires: Could not setup channel #1 (-5)[0m
[00:00:11.400,115] [1;31m<err> ads1220: config2 mismatch! 0x10 != 0x00[0m
[00:00:11.400,238] [1;31m<err> ads1220: config2 mismatch! 0x15 != 0x00[0m
[00:00:11.400,390] [1;31m<err> ads1220: config0 mismatch! 0x3C != 0x1C[0m
[00:00:11.400,390] [1;31m<err> analog_axis_hires: Could not setup channel #1 (-5)[0m
[00:00:11.408,081] [1;31m<err> ads1220: config2 mismatch! 0x10 != 0x00[0m
[00:00:11.408,233] [1;31m<err> ads1220: config2 mismatch! 0x15 != 0x00[0m
[00:00:11.408,386] [1;31m<err> ads1220: config0 mismatch! 0x3C != 0x1C[0m
[00:00:11.408,386] [1;31m<err> analog_axis_hires: Could not setup channel #1 (-5)[0m
[00:00:11.416,137] [1;31m<err> ads1220: config2 mismatch! 0x10 != 0x00[0m
[00:00:11.416,259] [1;31m<err> ads1220: config2 mismatch! 0x15 != 0x00[0m
[00:00:11.416,412] [1;31m<err> ads1220: config0 mismatch! 0x3C != 0x1C[0m
[00:00:11.416,412] [1;31m<err> analog_axis_hires: Could not setup channel #1 (-5)[0m
[00:00:11.424,194] [1;31m<err> ads1220: config2 mismatch! 0x10 != 0x00[0m
[00:00:11.424,316] [1;31m<err> ads1220: config2 mismatch! 0x15 != 0x00[0m
[00:00:11.424,468] [1;31m<err> ads1220: config0 mismatch! 0x3C != 0x1C[0m
[00:00:11.424,468] [1;31m<err> analog_axis_hires: Could not setup channel #1 (-5)[0m
[00:00:11.432,159] [1;31m<err> ads1220: config2 mismatch! 0x10 != 0x00[0m
[00:00:11.432,312] [1;31m<err> ads1220: config2 mismatch! 0x15 != 0x00[0m
[00:00:11.432,464] [1;31m<err> ads1220: config0 mismatch! 0x3C != 0x1C[0m
[00:00:11.432,464] [1;31m<err> analog_axis_hires: Could not setup channel #1 (-5)[0m
[00:00:11.440,216] [1;31m<err> ads1220: config2 mismatch! 0x10 != 0x00[0m
[00:00:11.440,338] [1;31m<err> ads1220: config2 mismatch! 0x15 != 0x00[0m
[00:00:11.440,490] [1;31m<err> ads1220: config0 mismatch! 0x3C != 0x1C[0m
[00:00:11.440,490] [1;31m<err> analog_axis_hires: Could not setup channel #1 (-5)[0m
[00:00:11.448,272] [1;31m<err> ads1220: config2 mismatch! 0x10 != 0x00[0m
[00:00:11.448,394] [1;31m<err> ads1220: config2 mismatch! 0x15 != 0x00[0m
[00:00:11.448,547] [1;31m<err> ads1220: config0 mismatch! 0x3C != 0x1C[0m
[00:00:11.448,547] [1;31m<err> analog_axis_hires: Could not setup channel #1 (-5)[0m
[00:00:11.456,237] [1;31m<err> ads1220: config2 mismatch! 0x10 != 0x00[0m
[00:00:11.456,390] [1;31m<err> ads1220: config2 mismatch! 0x15 != 0x00[0m
[00:00:11.456,542] [1;31m<err> ads1220: config0 mismatch! 0x3C != 0x1C[0m
[00:00:11.456,542] [1;31m<err> analog_axis_hires: Could not setup channel #1 (-5)[0m
[00:00:11.464,294] [1;31m<err> ads1220: config2 mismatch! 0x10 != 0x00[0m
[00:00:11.464,416] [1;31m<err> ads1220: config2 mismatch! 0x15 != 0x00[0m
[00:00:11.464,569] [1;31m<err> ads1220: config0 mismatch! 0x3C != 0x1C[0m
[00:00:11.464,569] [1;31m<err> analog_axis_hires: Could not setup channel #1 (-5)[0m
[00:00:11.472,351] [1;31m<err> ads1220: config2 mismatch! 0x10 != 0x00[0m
[00:00:11.472,473] [1;31m<err> ads1220: config2 mismatch! 0x15 != 0x00[0m
[00:00:11.472,625] [1;31m<err> ads1220: config0 mismatch! 0x3C != 0x1C[0m
[00:00:11.472,625] [1;31m<err> analog_axis_hires: Could not setup channel #1 (-5)[0m
[00:00:11.480,316] [1;31m<err> ads1220: config2 mismatch! 0x10 != 0x00[0m
[00:00:11.480,468] [1;31m<err> ads1220: config2 mismatch! 0x15 != 0x00[0m
[00:00:11.480,621] [1;31m<err> ads1220: config0 mismatch! 0x3C != 0x1C[0m
[00:00:11.480,621] [1;31m<err> analog_axis_hires: Could not setup channel #1 (-5)[0m
[00:00:11.488,372] [1;31m<err> ads1220: config2 mismatch! 0x10 != 0x00[0m
[00:00:11.488,494] [1;31m<err> ads1220: config2 mismatch! 0x15 != 0x00[0m
[00:00:11.488,647] [1;31m<err> ads1220: config0 mismatch! 0x3C != 0x1C[0m
[00:00:11.488,647] [1;31m<err> analog_axis_hires: Could not setup channel #1 (-5)[0m
[00:00:11.496,429] [1;31m<err> ads1220: config2 mismatch! 0x10 != 0x00[0m
[00:00:11.496,551] [1;31m<err> ads1220: config2 mismatch! 0x15 != 0x00[0m
[00:00:11.496,704] [1;31m<err> ads1220: config0 mismatch! 0x3C != 0x1C[0m
[00:00:11.496,704] [1;31m<err> analog_axis_hires: Could not setup channel #1 (-5)[0m
[00:00:11.504,394] [1;31m<err> ads1220: config2 mismatch! 0x10 != 0x00[0m
[00:00:11.504,547] [1;31m<err> ads1220: config2 mismatch! 0x15 != 0x00[0m
[00:00:11.504,699] [1;31m<err> ads1220: config0 mismatch! 0x3C != 0x1C[0m
[00:00:11.504,699] [1;31m<err> analog_axis_hires: Could not setup channel #1 (-5)[0m
[00:00:11.512,451] [1;31m<err> ads1220: config2 mismatch! 0x10 != 0x00[0m
[00:00:11.512,573] [1;31m<err> ads1220: config2 mismatch! 0x15 != 0x00[0m
[00:00:11.512,725] [1;31m<err> ads1220: config0 mismatch! 0x3C != 0x1C[0m
[00:00:11.512,725] [1;31m<err> analog_axis_hires: Could not setup channel #1 (-5)[0m
[00:00:11.520,538] [1;31m<err> ads1220: config2 mismatch! 0x10 != 0x00[0m
[00:00:11.520,660] [1;31m<err> ads1220: config2 mismatch! 0x15 != 0x00[0m
[00:00:11.520,782] [1;31m<err> ads1220: config0 mismatch! 0x3C != 0x1C[0m
[00:00:11.520,782] [1;31m<err> analog_axis_hires: Could not setup channel #1 (-5)[0m
[00:00:11.528,472] [1;31m<err> ads1220: config2 mismatch! 0x10 != 0x00[0m
[00:00:11.528,625] [1;31m<err> ads1220: config2 mismatch! 0x15 != 0x00[0m
[00:00:11.528,778] [1;31m<err> ads1220: config0 mismatch! 0x3C != 0x1C[0m
[00:00:11.528,778] [1;31m<err> analog_axis_hires: Could not setup channel #1 (-5)[0m
[00:00:11.536,529] [1;31m<err> ads1220: config2 mismatch! 0x10 != 0x00[0m
[00:00:11.536,651] [1;31m<err> ads1220: config2 mismatch! 0x15 != 0x00[0m
[00:00:11.536,804] [1;31m<err> ads1220: config0 mismatch! 0x3C != 0x1C[0m
[00:00:11.536,804] [1;31m<err> analog_axis_hires: Could not setup channel #1 (-5)[0m
[00:00:11.544,586] [1;31m<err> ads1220: config2 mismatch! 0x10 != 0x00[0m
[00:00:11.544,708] [1;31m<err> ads1220: config2 mismatch! 0x15 != 0x00[0m
[00:00:11.544,830] [1;31m<err> ads1220: config0 mismatch! 0x3C != 0x1C[0m
[00:00:11.544,860] [1;31m<err> analog_axis_hires: Could not setup channel #1 (-5)[0m
[00:00:11.552,551] [1;31m<err> ads1220: config2 mismatch! 0x10 != 0x00[0m
[00:00:11.552,703] [1;31m<err> ads1220: config2 mismatch! 0x15 != 0x00[0m
[00:00:11.552,856] [1;31m<err> ads1220: config0 mismatch! 0x3C != 0x1C[0m
[00:00:11.552,856] [1;31m<err> analog_axis_hires: Could not setup channel #1 (-5)[0m
[00:00:11.560,607] [1;31m<err> ads1220: config2 mismatch! 0x10 != 0x00[0m
[00:00:11.560,729] [1;31m<err> ads1220: config2 mismatch! 0x15 != 0x00[0m
[00:00:11.560,882] [1;31m<err> ads1220: config0 mismatch! 0x3C != 0x1C[0m
[00:00:11.560,882] [1;31m<err> analog_axis_hires: Could not setup channel #1 (-5)[0m
[00:00:11.568,634] [1;31m<err> ads1220: config2 mismatch! 0x10 != 0x00[0m
[00:00:11.568,756] [1;31m<err> ads1220: config2 mismatch! 0x15 != 0x00[0m
[00:00:11.568,878] [1;31m<err> ads1220: config0 mismatch! 0x3C != 0x1C[0m
[00:00:11.568,908] [1;31m<err> analog_axis_hires: Could not setup channel #1 (-5)[0m
[00:00:11.576,629] [1;31m<err> ads1220: config2 mismatch! 0x10 != 0x00[0m
[00:00:11.576,782] [1;31m<err> ads1220: config2 mismatch! 0x15 != 0x00[0m
[00:00:11.576,934] [1;31m<err> ads1220: config0 mismatch! 0x3C != 0x1C[0m
[00:00:11.576,934] [1;31m<err> analog_axis_hires: Could not setup channel #1 (-5)[0m
[00:00:11.584,686] [1;31m<err> ads1220: config2 mismatch! 0x10 != 0x00[0m
[00:00:11.584,808] [1;31m<err> ads1220: config2 mismatch! 0x15 != 0x00[0m
[00:00:11.584,960] [1;31m<err> ads1220: config0 mismatch! 0x3C != 0x1C[0m
[00:00:11.584,960] [1;31m<err> analog_axis_hires: Could not setup channel #1 (-5)[0m
[00:00:11.592,712] [1;31m<err> ads1220: config2 mismatch! 0x10 != 0x00[0m
[00:00:11.592,864] [1;31m<err> ads1220: config2 mismatch! 0x15 != 0x00[0m
[00:00:11.592,987] [1;31m<err> ads1220: config0 mismatch! 0x3C != 0x1C[0m
[00:00:11.592,987] [1;31m<err> analog_axis_hires: Could not setup channel #1 (-5)[0m
[00:00:11.600,708] [1;31m<err> ads1220: config2 mismatch! 0x10 != 0x00[0m
[00:00:11.600,860] [1;31m<err> ads1220: config2 mismatch! 0x15 != 0x00[0m
[00:00:11.601,013] [1;31m<err> ads1220: config0 mismatch! 0x3C != 0x1C[0m
[00:00:11.601,013] [1;31m<err> analog_axis_hires: Could not setup channel #1 (-5)[0m
[00:00:11.608,764] [1;31m<err> ads1220: config2 mismatch! 0x10 != 0x00[0m
[00:00:11.608,886] [1;31m<err> ads1220: config2 mismatch! 0x15 != 0x00[0m
[00:00:11.609,039] [1;31m<err> ads1220: config0 mismatch! 0x3C != 0x1C[0m
[00:00:11.609,039] [1;31m<err> analog_axis_hires: Could not setup channel #1 (-5)[0m
[00:00:11.616,821] [1;31m<err> ads1220: config2 mismatch! 0x10 != 0x00[0m
[00:00:11.616,943] [1;31m<err> ads1220: config2 mismatch! 0x15 != 0x00[0m
[00:00:11.617,065] [1;31m<err> ads1220: config0 mismatch! 0x3C != 0x1C[0m
[00:00:11.617,095] [1;31m<err> analog_axis_hires: Could not setup channel #1 (-5)[0m
[00:00:11.624,786] [1;31m<err> ads1220: config2 mismatch! 0x10 != 0x00[0m
[00:00:11.624,938] [1;31m<err> ads1220: config2 mismatch! 0x15 != 0x00[0m
[00:00:11.625,091] [1;31m<err> ads1220: config0 mismatch! 0x3C != 0x1C[0m
[00:00:11.625,091] [1;31m<err> analog_axis_hires: Could not setup channel #1 (-5)[0m
[00:00:11.632,843] [1;31m<err> ads1220: config2 mismatch! 0x10 != 0x00[0m
[00:00:11.632,965] [1;31m<err> ads1220: config2 mismatch! 0x15 != 0x00[0m
[00:00:11.633,117] [1;31m<err> ads1220: config0 mismatch! 0x3C != 0x1C[0m
[00:00:11.633,117] [1;31m<err> analog_axis_hires: Could not setup channel #1 (-5)[0m
[00:00:11.640,899] [1;31m<err> ads1220: config2 mismatch! 0x10 != 0x00[0m
[00:00:11.641,021] [1;31m<err> ads1220: config2 mismatch! 0x15 != 0x00[0m
[00:00:11.641,143] [1;31m<err> ads1220: config0 mismatch! 0x3C != 0x1C[0m
[00:00:11.641,174] [1;31m<err> analog_axis_hires: Could not setup channel #1 (-5)[0m
[00:00:11.648,864] [1;31m<err> ads1220: config2 mismatch! 0x10 != 0x00[0m
[00:00:11.649,017] [1;31m<err> ads1220: config2 mismatch! 0x15 != 0x00[0m
[00:00:11.649,169] [1;31m<err> ads1220: config0 mismatch! 0x3C != 0x1C[0m
[00:00:11.649,169] [1;31m<err> analog_axis_hires: Could not setup channel #1 (-5)[0m
[00:00:11.656,921] [1;31m<err> ads1220: config2 mismatch! 0x10 != 0x00[0m
[00:00:11.657,043] [1;31m<err> ads1220: config2 mismatch! 0x15 != 0x00[0m
[00:00:11.657,196] [1;31m<err> ads1220: config0 mismatch! 0x3C != 0x1C[0m
[00:00:11.657,196] [1;31m<err> analog_axis_hires: Could not setup channel #1 (-5)[0m
[00:00:11.664,978] [1;31m<err> ads1220: config2 mismatch! 0x10 != 0x00[0m
[00:00:11.665,100] [1;31m<err> ads1220: config2 mismatch! 0x15 != 0x00[0m
[00:00:11.665,252] [1;31m<err> ads1220: config0 mismatch! 0x3C != 0x1C[0m
[00:00:11.665,252] [1;31m<err> analog_axis_hires: Could not setup channel #1 (-5)[0m
[00:00:11.672,943] [1;31m<err> ads1220: config2 mismatch! 0x10 != 0x00[0m
[00:00:11.673,095] [1;31m<err> ads1220: config2 mismatch! 0x15 != 0x00[0m
[00:00:11.673,248] [1;31m<err> ads1220: config0 mismatch! 0x3C != 0x1C[0m
[00:00:11.673,248] [1;31m<err> analog_axis_hires: Could not setup channel #1 (-5)[0m
[00:00:11.680,999] [1;31m<err> ads1220: config2 mismatch! 0x10 != 0x00[0m
[00:00:11.681,121] [1;31m<err> ads1220: config2 mismatch! 0x15 != 0x00[0m
[00:00:11.681,274] [1;31m<err> ads1220: config0 mismatch! 0x3C != 0x1C[0m
[00:00:11.681,274] [1;31m<err> analog_axis_hires: Could not setup channel #1 (-5)[0m
[00:00:11.689,056] [1;31m<err> ads1220: config2 mismatch! 0x10 != 0x00[0m
[00:00:11.689,178] [1;31m<err> ads1220: config2 mismatch! 0x15 != 0x00[0m
[00:00:11.689,331] [1;31m<err> ads1220: config0 mismatch! 0x3C != 0x1C[0m
[00:00:11.689,331] [1;31m<err> analog_axis_hires: Could not setup channel #1 (-5)[0m
[00:00:11.697,021] [1;31m<err> ads1220: config2 mismatch! 0x10 != 0x00[0m
[00:00:11.697,174] [1;31m<err> ads1220: config2 mismatch! 0x15 != 0x00[0m
[00:00:11.697,326] [1;31m<err> ads1220: config0 mismatch! 0x3C != 0x1C[0m
[00:00:11.697,326] [1;31m<err> analog_axis_hires: Could not setup channel #1 (-5)[0m
[00:00:11.705,078] [1;31m<err> ads1220: config2 mismatch! 0x10 != 0x00[0m
[00:00:11.705,200] [1;31m<err> ads1220: config2 mismatch! 0x15 != 0x00[0m
[00:00:11.705,352] [1;31m<err> ads1220: config0 mismatch! 0x3C != 0x1C[0m
[00:00:11.705,352] [1;31m<err> analog_axis_hires: Could not setup channel #1 (-5)[0m
[00:00:11.713,134] [1;31m<err> ads1220: config2 mismatch! 0x10 != 0x00[0m
[00:00:11.713,256] [1;31m<err> ads1220: config2 mismatch! 0x15 != 0x00[0m
[00:00:11.713,409] [1;31m<err> ads1220: config0 mismatch! 0x3C != 0x1C[0m
[00:00:11.713,409] [1;31m<err> analog_axis_hires: Could not setup channel #1 (-5)[0m
[00:00:11.721,099] [1;31m<err> ads1220: config2 mismatch! 0x10 != 0x00[0m
[00:00:11.721,252] [1;31m<err> ads1220: config2 mismatch! 0x15 != 0x00[0m
[00:00:11.721,405] [1;31m<err> ads1220: config0 mismatch! 0x3C != 0x1C[0m
[00:00:11.721,405] [1;31m<err> analog_axis_hires: Could not setup channel #1 (-5)[0m
[00:00:11.729,156] [1;31m<err> ads1220: config2 mismatch! 0x10 != 0x00[0m
[00:00:11.729,278] [1;31m<err> ads1220: config2 mismatch! 0x15 != 0x00[0m
[00:00:11.729,431] [1;31m<err> ads1220: config0 mismatch! 0x3C != 0x1C[0m
[00:00:11.729,431] [1;31m<err> analog_axis_hires: Could not setup channel #1 (-5)[0m
[00:00:11.737,213] [1;31m<err> ads1220: config2 mismatch! 0x10 != 0x00[0m
[00:00:11.737,335] [1;31m<err> ads1220: config2 mismatch! 0x15 != 0x00[0m
[00:00:11.737,487] [1;31m<err> ads1220: config0 mismatch! 0x3C != 0x1C[0m
[00:00:11.737,487] [1;31m<err> analog_axis_hires: Could not setup channel #1 (-5)[0m
[00:00:11.745,178] [1;31m<err> ads1220: config2 mismatch! 0x10 != 0x00[0m
[00:00:11.745,330] [1;31m<err> ads1220: config2 mismatch! 0x15 != 0x00[0m
[00:00:11.745,483] [1;31m<err> ads1220: config0 mismatch! 0x3C != 0x1C[0m
[00:00:11.745,483] [1;31m<err> analog_axis_hires: Could not setup channel #1 (-5)[0m
[00:00:11.753,234] [1;31m<err> ads1220: config2 mismatch! 0x10 != 0x00[0m
[00:00:11.753,356] [1;31m<err> ads1220: config2 mismatch! 0x15 != 0x00[0m
[00:00:11.753,509] [1;31m<err> ads1220: config0 mismatch! 0x3C != 0x1C[0m
[00:00:11.753,509] [1;31m<err> analog_axis_hires: Could not setup channel #1 (-5)[0m
[00:00:11.761,291] [1;31m<err> ads1220: config2 mismatch! 0x10 != 0x00[0m
[00:00:11.761,413] [1;31m<err> ads1220: config2 mismatch! 0x15 != 0x00[0m
[00:00:11.761,566] [1;31m<err> ads1220: config0 mismatch! 0x3C != 0x1C[0m
[00:00:11.761,566] [1;31m<err> analog_axis_hires: Could not setup channel #1 (-5)[0m
[00:00:11.769,256] [1;31m<err> ads1220: config2 mismatch! 0x10 != 0x00[0m
[00:00:11.769,409] [1;31m<err> ads1220: config2 mismatch! 0x15 != 0x00[0m
[00:00:11.769,561] [1;31m<err> ads1220: config0 mismatch! 0x3C != 0x1C[0m
[00:00:11.769,561] [1;31m<err> analog_axis_hires: Could not setup channel #1 (-5)[0m
[00:00:11.777,313] [1;31m<err> ads1220: config2 mismatch! 0x10 != 0x00[0m
[00:00:11.777,435] [1;31m<err> ads1220: config2 mismatch! 0x15 != 0x00[0m
[00:00:11.777,587] [1;31m<err> ads1220: config0 mismatch! 0x3C != 0x1C[0m
[00:00:11.777,587] [1;31m<err> analog_axis_hires: Could not setup channel #1 (-5)[0m
[00:00:11.785,369] [1;31m<err> ads1220: config2 mismatch! 0x10 != 0x00[0m
[00:00:11.785,491] [1;31m<err> ads1220: config2 mismatch! 0x15 != 0x00[0m
[00:00:11.785,614] [1;31m<err> ads1220: config0 mismatch! 0x3C != 0x1C[0m
[00:00:11.785,644] [1;31m<err> analog_axis_hires: Could not setup channel #1 (-5)[0m
[00:00:11.793,334] [1;31m<err> ads1220: config2 mismatch! 0x10 != 0x00[0m
[00:00:11.793,487] [1;31m<err> ads1220: config2 mismatch! 0x15 != 0x00[0m
[00:00:11.793,640] [1;31m<err> ads1220: config0 mismatch! 0x3C != 0x1C[0m
[00:00:11.793,640] [1;31m<err> analog_axis_hires: Could not setup channel #1 (-5)[0m
[00:00:11.801,391] [1;31m<err> ads1220: config2 mismatch! 0x10 != 0x00[0m
[00:00:11.801,513] [1;31m<err> ads1220: config2 mismatch! 0x15 != 0x00[0m
[00:00:11.801,666] [1;31m<err> ads1220: config0 mismatch! 0x3C != 0x1C[0m
[00:00:11.801,666] [1;31m<err> analog_axis_hires: Could not setup channel #1 (-5)[0m
[00:00:11.809,448] [1;31m<err> ads1220: config2 mismatch! 0x10 != 0x00[0m
[00:00:11.809,570] [1;31m<err> ads1220: config2 mismatch! 0x15 != 0x00[0m
[00:00:11.809,692] [1;31m<err> ads1220: config0 mismatch! 0x3C != 0x1C[0m
[00:00:11.809,692] [1;31m<err> analog_axis_hires: Could not setup channel #1 (-5)[0m
[00:00:11.817,413] [1;31m<err> ads1220: config2 mismatch! 0x10 != 0x00[0m
[00:00:11.817,565] [1;31m<err> ads1220: config2 mismatch! 0x15 != 0x00[0m
[00:00:11.817,718] [1;31m<err> ads1220: config0 mismatch! 0x3C != 0x1C[0m
[00:00:11.817,718] [1;31m<err> analog_axis_hires: Could not setup channel #1 (-5)[0m
[00:00:11.825,469] [1;31m<err> ads1220: config2 mismatch! 0x10 != 0x00[0m
[00:00:11.825,592] [1;31m<err> ads1220: config2 mismatch! 0x15 != 0x00[0m
[00:00:11.825,744] [1;31m<err> ads1220: config0 mismatch! 0x3C != 0x1C[0m
[00:00:11.825,744] [1;31m<err> analog_axis_hires: Could not setup channel #1 (-5)[0m
[00:00:11.833,526] [1;31m<err> ads1220: config2 mismatch! 0x10 != 0x00[0m
[00:00:11.833,648] [1;31m<err> ads1220: config2 mismatch! 0x15 != 0x00[0m
[00:00:11.833,801] [1;31m<err> ads1220: config0 mismatch! 0x3C != 0x1C[0m
[00:00:11.833,801] [1;31m<err> analog_axis_hires: Could not setup channel #1 (-5)[0m
[00:00:11.841,491] [1;31m<err> ads1220: config2 mismatch! 0x10 != 0x00[0m
[00:00:11.841,644] [1;31m<err> ads1220: config2 mismatch! 0x15 != 0x00[0m
[00:00:11.841,796] [1;31m<err> ads1220: config0 mismatch! 0x3C != 0x1C[0m
[00:00:11.841,796] [1;31m<err> analog_axis_hires: Could not setup channel #1 (-5)[0m
[00:00:11.849,548] [1;31m<err> ads1220: config2 mismatch! 0x10 != 0x00[0m
[00:00:11.849,670] [1;31m<err> ads1220: config2 mismatch! 0x15 != 0x00[0m
[00:00:11.849,822] [1;31m<err> ads1220: config0 mismatch! 0x3C != 0x1C[0m
[00:00:11.849,822] [1;31m<err> analog_axis_hires: Could not setup channel #1 (-5)[0m
[00:00:11.857,604] [1;31m<err> ads1220: config2 mismatch! 0x10 != 0x00[0m
[00:00:11.857,727] [1;31m<err> ads1220: config2 mismatch! 0x15 != 0x00[0m
[00:00:11.857,849] [1;31m<err> ads1220: config0 mismatch! 0x3C != 0x1C[0m
[00:00:11.857,879] [1;31m<err> analog_axis_hires: Could not setup channel #1 (-5)[0m
[00:00:11.865,570] [1;31m<err> ads1220: config2 mismatch! 0x10 != 0x00[0m
[00:00:11.865,722] [1;31m<err> ads1220: config2 mismatch! 0x15 != 0x00[0m
[00:00:11.865,875] [1;31m<err> ads1220: config0 mismatch! 0x3C != 0x1C[0m
[00:00:11.865,875] [1;31m<err> analog_axis_hires: Could not setup channel #1 (-5)[0m
[00:00:11.873,626] [1;31m<err> ads1220: config2 mismatch! 0x10 != 0x00[0m
[00:00:11.873,748] [1;31m<err> ads1220: config2 mismatch! 0x15 != 0x00[0m
[00:00:11.873,901] [1;31m<err> ads1220: config0 mismatch! 0x3C != 0x1C[0m
[00:00:11.873,901] [1;31m<err> analog_axis_hires: Could not setup channel #1 (-5)[0m
[00:00:11.881,683] [1;31m<err> ads1220: config2 mismatch! 0x10 != 0x00[0m
[00:00:11.881,805] [1;31m<err> ads1220: config2 mismatch! 0x15 != 0x00[0m
[00:00:11.881,927] [1;31m<err> ads1220: config0 mismatch! 0x3C != 0x1C[0m
[00:00:11.881,958] [1;31m<err> analog_axis_hires: Could not setup channel #1 (-5)[0m
[00:00:11.889,648] [1;31m<err> ads1220: config2 mismatch! 0x10 != 0x00[0m
[00:00:11.889,801] [1;31m<err> ads1220: config2 mismatch! 0x15 != 0x00[0m
[00:00:11.889,953] [1;31m<err> ads1220: config0 mismatch! 0x3C != 0x1C[0m
[00:00:11.889,953] [1;31m<err> analog_axis_hires: Could not setup channel #1 (-5)[0m
[00:00:11.897,705] [1;31m<err> ads1220: config2 mismatch! 0x10 != 0x00[0m
[00:00:11.897,827] [1;31m<err> ads1220: config2 mismatch! 0x15 != 0x00[0m
[00:00:11.897,979] [1;31m<err> ads1220: config0 mismatch! 0x3C != 0x1C[0m
[00:00:11.897,979] [1;31m<err> analog_axis_hires: Could not setup channel #1 (-5)[0m
[00:00:11.905,761] [1;31m<err> ads1220: config2 mismatch! 0x10 != 0x00[0m
[00:00:11.905,883] [1;31m<err> ads1220: config2 mismatch! 0x15 != 0x00[0m
[00:00:11.906,005] [1;31m<err> ads1220: config0 mismatch! 0x3C != 0x1C[0m
[00:00:11.906,036] [1;31m<err> analog_axis_hires: Could not setup channel #1 (-5)[0m
[00:00:11.913,726] [1;31m<err> ads1220: config2 mismatch! 0x10 != 0x00[0m
[00:00:11.913,879] [1;31m<err> ads1220: config2 mismatch! 0x15 != 0x00[0m
[00:00:11.914,031] [1;31m<err> ads1220: config0 mismatch! 0x3C != 0x1C[0m
[00:00:11.914,031] [1;31m<err> analog_axis_hires: Could not setup channel #1 (-5)[0m
[00:00:11.921,783] [1;31m<err> ads1220: config2 mismatch! 0x10 != 0x00[0m
[00:00:11.921,905] [1;31m<err> ads1220: config2 mismatch! 0x15 != 0x00[0m
[00:00:11.922,058] [1;31m<err> ads1220: config0 mismatch! 0x3C != 0x1C[0m
[00:00:11.922,058] [1;31m<err> analog_axis_hires: Could not setup channel #1 (-5)[0m
[00:00:11.929,809] [1;31m<err> ads1220: config2 mismatch! 0x10 != 0x00[0m
[00:00:11.929,931] [1;31m<err> ads1220: config2 mismatch! 0x15 != 0x00[0m
[00:00:11.930,053] [1;31m<err> ads1220: config0 mismatch! 0x3C != 0x1C[0m
[00:00:11.930,053] [1;31m<err> analog_axis_hires: Could not setup channel #1 (-5)[0m
[00:00:11.937,805] [1;31m<err> ads1220: config2 mismatch! 0x10 != 0x00[0m
[00:00:11.937,957] [1;31m<err> ads1220: config2 mismatch! 0x15 != 0x00[0m
[00:00:11.938,110] [1;31m<err> ads1220: config0 mismatch! 0x3C != 0x1C[0m
[00:00:11.938,110] [1;31m<err> analog_axis_hires: Could not setup channel #1 (-5)[0m
[00:00:11.945,861] [1;31m<err> ads1220: config2 mismatch! 0x10 != 0x00[0m
[00:00:11.945,983] [1;31m<err> ads1220: config2 mismatch! 0x15 != 0x00[0m
[00:00:11.946,136] [1;31m<err> ads1220: config0 mismatch! 0x3C != 0x1C[0m
[00:00:11.946,136] [1;31m<err> analog_axis_hires: Could not setup channel #1 (-5)[0m
[00:00:11.953,918] [1;31m<err> ads1220: config2 mismatch! 0x10 != 0x00[0m
[00:00:11.954,040] [1;31m<err> ads1220: config2 mismatch! 0x15 != 0x00[0m
[00:00:11.954,162] [1;31m<err> ads1220: config0 mismatch! 0x3C != 0x1C[0m
[00:00:11.954,193] [1;31m<err> analog_axis_hires: Could not setup channel #1 (-5)[0m
[00:00:11.961,883] [1;31m<err> ads1220: config2 mismatch! 0x10 != 0x00[0m
[00:00:11.962,036] [1;31m<err> ads1220: config2 mismatch! 0x15 != 0x00[0m
[00:00:11.962,188] [1;31m<err> ads1220: config0 mismatch! 0x3C != 0x1C[0m
[00:00:11.962,188] [1;31m<err> analog_axis_hires: Could not setup channel #1 (-5)[0m
[00:00:11.969,940] [1;31m<err> ads1220: config2 mismatch! 0x10 != 0x00[0m
[00:00:11.970,062] [1;31m<err> ads1220: config2 mismatch! 0x15 != 0x00[0m
[00:00:11.970,214] [1;31m<err> ads1220: config0 mismatch! 0x3C != 0x1C[0m
[00:00:11.970,214] [1;31m<err> analog_axis_hires: Could not setup channel #1 (-5)[0m
[00:00:11.977,996] [1;31m<err> ads1220: config2 mismatch! 0x10 != 0x00[0m
[00:00:11.978,118] [1;31m<err> ads1220: config2 mismatch! 0x15 != 0x00[0m
[00:00:11.978,240] [1;31m<err> ads1220: config0 mismatch! 0x3C != 0x1C[0m
[00:00:11.978,271] [1;31m<err> analog_axis_hires: Could not setup channel #1 (-5)[0m
[00:00:11.985,961] [1;31m<err> ads1220: config2 mismatch! 0x10 != 0x00[0m
[00:00:11.986,114] [1;31m<err> ads1220: config2 mismatch! 0x15 != 0x00[0m
[00:00:11.986,267] [1;31m<err> ads1220: config0 mismatch! 0x3C != 0x1C[0m
[00:00:11.986,267] [1;31m<err> analog_axis_hires: Could not setup channel #1 (-5)[0m
[00:00:11.994,018] [1;31m<err> ads1220: config2 mismatch! 0x10 != 0x00[0m
[00:00:11.994,140] [1;31m<err> ads1220: config2 mismatch! 0x15 != 0x00[0m
[00:00:11.994,293] [1;31m<err> ads1220: config0 mismatch! 0x3C != 0x1C[0m
[00:00:11.994,293] [1;31m<err> analog_axis_hires: Could not setup channel #1 (-5)[0m
[00:00:12.002,075] [1;31m<err> ads1220: config2 mismatch! 0x10 != 0x00[0m
[00:00:12.002,197] [1;31m<err> ads1220: config2 mismatch! 0x15 != 0x00[0m
[00:00:12.002,319] [1;31m<err> ads1220: config0 mismatch! 0x3C != 0x1C[0m
[00:00:12.002,349] [1;31m<err> analog_axis_hires: Could not setup channel #1 (-5)[0m
[00:00:12.010,040] [1;31m<err> ads1220: config2 mismatch! 0x10 != 0x00[0m
[00:00:12.010,192] [1;31m<err> ads1220: config2 mismatch! 0x15 != 0x00[0m
[00:00:12.010,345] [1;31m<err> ads1220: config0 mismatch! 0x3C != 0x1C[0m
[00:00:12.010,345] [1;31m<err> analog_axis_hires: Could not setup channel #1 (-5)[0m
[00:00:12.018,096] [1;31m<err> ads1220: config2 mismatch! 0x10 != 0x00[0m
[00:00:12.018,218] [1;31m<err> ads1220: config2 mismatch! 0x15 != 0x00[0m
[00:00:12.018,371] [1;31m<err> ads1220: config0 mismatch! 0x3C != 0x1C[0m
[00:00:12.018,371] [1;31m<err> analog_axis_hires: Could not setup channel #1 (-5)[0m
[00:00:12.026,153] [1;31m<err> ads1220: config2 mismatch! 0x10 != 0x00[0m
[00:00:12.026,275] [1;31m<err> ads1220: config2 mismatch! 0x15 != 0x00[0m
[00:00:12.026,397] [1;31m<err> ads1220: config0 mismatch! 0x3C != 0x1C[0m
[00:00:12.026,428] [1;31m<err> analog_axis_hires: Could not setup channel #1 (-5)[0m
[00:00:12.034,118] [1;31m<err> ads1220: config2 mismatch! 0x10 != 0x00[0m
[00:00:12.034,271] [1;31m<err> ads1220: config2 mismatch! 0x15 != 0x00[0m
[00:00:12.034,423] [1;31m<err> ads1220: config0 mismatch! 0x3C != 0x1C[0m
[00:00:12.034,423] [1;31m<err> analog_axis_hires: Could not setup channel #1 (-5)[0m
[00:00:12.042,175] [1;31m<err> ads1220: config2 mismatch! 0x10 != 0x00[0m
[00:00:12.042,297] [1;31m<err> ads1220: config2 mismatch! 0x15 != 0x00[0m
[00:00:12.042,449] [1;31m<err> ads1220: config0 mismatch! 0x3C != 0x1C[0m
[00:00:12.042,449] [1;31m<err> analog_axis_hires: Could not setup channel #1 (-5)[0m
[00:00:12.050,231] [1;31m<err> ads1220: config2 mismatch! 0x10 != 0x00[0m
[00:00:12.050,354] [1;31m<err> ads1220: config2 mismatch! 0x15 != 0x00[0m
[00:00:12.050,476] [1;31m<err> ads1220: config0 mismatch! 0x3C != 0x1C[0m
[00:00:12.050,506] [1;31m<err> analog_axis_hires: Could not setup channel #1 (-5)[0m
[00:00:12.058,227] [1;31m<err> ads1220: config2 mismatch! 0x10 != 0x00[0m
[00:00:12.058,349] [1;31m<err> ads1220: config2 mismatch! 0x15 != 0x00[0m
[00:00:12.058,502] [1;31m<err> ads1220: config0 mismatch! 0x3C != 0x1C[0m
[00:00:12.058,502] [1;31m<err> analog_axis_hires: Could not setup channel #1 (-5)[0m
[00:00:12.066,253] [1;31m<err> ads1220: config2 mismatch! 0x10 != 0x00[0m
[00:00:12.066,375] [1;31m<err> ads1220: config2 mismatch! 0x15 != 0x00[0m
[00:00:12.066,528] [1;31m<err> ads1220: config0 mismatch! 0x3C != 0x1C[0m
[00:00:12.066,528] [1;31m<err> analog_axis_hires: Could not setup channel #1 (-5)[0m
[00:00:12.074,310] [1;31m<err> ads1220: config2 mismatch! 0x10 != 0x00[0m
[00:00:12.074,432] [1;31m<err> ads1220: config2 mismatch! 0x15 != 0x00[0m
[00:00:12.074,554] [1;31m<err> ads1220: config0 mismatch! 0x3C != 0x1C[0m
[00:00:12.074,584] [1;31m<err> analog_axis_hires: Could not setup channel #1 (-5)[0m
[00:00:12.082,275] [1;31m<err> ads1220: config2 mismatch! 0x10 != 0x00[0m
[00:00:12.082,427] [1;31m<err> ads1220: config2 mismatch! 0x15 != 0x00[0m
[00:00:12.082,580] [1;31m<err> ads1220: config0 mismatch! 0x3C != 0x1C[0m
[00:00:12.082,580] [1;31m<err> analog_axis_hires: Could not setup channel #1 (-5)[0m
[00:00:12.090,332] [1;31m<err> ads1220: config2 mismatch! 0x10 != 0x00[0m
[00:00:12.090,454] [1;31m<err> ads1220: config2 mismatch! 0x15 != 0x00[0m
[00:00:12.090,606] [1;31m<err> ads1220: config0 mismatch! 0x3C != 0x1C[0m
[00:00:12.090,606] [1;31m<err> analog_axis_hires: Could not setup channel #1 (-5)[0m
[00:00:12.098,388] [1;31m<err> ads1220: config2 mismatch! 0x10 != 0x00[0m
[00:00:12.098,510] [1;31m<err> ads1220: config2 mismatch! 0x15 != 0x00[0m
[00:00:12.098,632] [1;31m<err> ads1220: config0 mismatch! 0x3C != 0x1C[0m
[00:00:12.098,663] [1;31m<err> analog_axis_hires: Could not setup channel #1 (-5)[0m
[00:00:12.106,353] [1;31m<err> ads1220: config2 mismatch! 0x10 != 0x00[0m
[00:00:12.106,506] [1;31m<err> ads1220: config2 mismatch! 0x15 != 0x00[0m
[00:00:12.106,658] [1;31m<err> ads1220: config0 mismatch! 0x3C != 0x1C[0m
[00:00:12.106,658] [1;31m<err> analog_axis_hires: Could not setup channel #1 (-5)[0m
[00:00:12.114,410] [1;31m<err> ads1220: config2 mismatch! 0x10 != 0x00[0m
[00:00:12.114,532] [1;31m<err> ads1220: config2 mismatch! 0x15 != 0x00[0m
[00:00:12.114,685] [1;31m<err> ads1220: config0 mismatch! 0x3C != 0x1C[0m
[00:00:12.114,685] [1;31m<err> analog_axis_hires: Could not setup channel #1 (-5)[0m
[00:00:12.122,467] [1;31m<err> ads1220: config2 mismatch! 0x10 != 0x00[0m
[00:00:12.122,589] [1;31m<err> ads1220: config2 mismatch! 0x15 != 0x00[0m
[00:00:12.122,741] [1;31m<err> ads1220: config0 mismatch! 0x3C != 0x1C[0m
[00:00:12.122,741] [1;31m<err> analog_axis_hires: Could not setup channel #1 (-5)[0m
[00:00:12.130,432] [1;31m<err> ads1220: config2 mismatch! 0x10 != 0x00[0m
[00:00:12.130,584] [1;31m<err> ads1220: config2 mismatch! 0x15 != 0x00[0m
[00:00:12.130,737] [1;31m<err> ads1220: config0 mismatch! 0x3C != 0x1C[0m
[00:00:12.130,737] [1;31m<err> analog_axis_hires: Could not setup channel #1 (-5)[0m
[00:00:12.138,488] [1;31m<err> ads1220: config2 mismatch! 0x10 != 0x00[0m
[00:00:12.138,610] [1;31m<err> ads1220: config2 mismatch! 0x15 != 0x00[0m
[00:00:12.138,763] [1;31m<err> ads1220: config0 mismatch! 0x3C != 0x1C[0m
[00:00:12.138,763] [1;31m<err> analog_axis_hires: Could not setup channel #1 (-5)[0m
[00:00:12.146,545] [1;31m<err> ads1220: config2 mismatch! 0x10 != 0x00[0m
[00:00:12.146,697] [1;31m<err> ads1220: config2 mismatch! 0x15 != 0x00[0m
[00:00:12.146,820] [1;31m<err> ads1220: config0 mismatch! 0x3C != 0x1C[0m
[00:00:12.146,820] [1;31m<err> analog_axis_hires: Could not setup channel #1 (-5)[0m
[00:00:12.154,510] [1;31m<err> ads1220: config2 mismatch! 0x10 != 0x00[0m
[00:00:12.154,663] [1;31m<err> ads1220: config2 mismatch! 0x15 != 0x00[0m
[00:00:12.154,815] [1;31m<err> ads1220: config0 mismatch! 0x3C != 0x1C[0m
[00:00:12.154,815] [1;31m<err> analog_axis_hires: Could not setup channel #1 (-5)[0m
[00:00:12.162,567] [1;31m<err> ads1220: config2 mismatch! 0x10 != 0x00[0m
[00:00:12.162,689] [1;31m<err> ads1220: config2 mismatch! 0x15 != 0x00[0m
[00:00:12.162,841] [1;31m<err> ads1220: config0 mismatch! 0x3C != 0x1C[0m
[00:00:12.162,841] [1;31m<err> analog_axis_hires: Could not setup channel #1 (-5)[0m
[00:00:12.170,593] [1;31m<err> ads1220: config2 mismatch! 0x10 != 0x00[0m
[00:00:12.170,715] [1;31m<err> ads1220: config2 mismatch! 0x15 != 0x00[0m
[00:00:12.170,837] [1;31m<err> ads1220: config0 mismatch! 0x3C != 0x1C[0m
[00:00:12.170,867] [1;31m<err> analog_axis_hires: Could not setup channel #1 (-5)[0m
[00:00:12.178,588] [1;31m<err> ads1220: config2 mismatch! 0x10 != 0x00[0m
[00:00:12.178,741] [1;31m<err> ads1220: config2 mismatch! 0x15 != 0x00[0m
[00:00:12.178,894] [1;31m<err> ads1220: config0 mismatch! 0x3C != 0x1C[0m
[00:00:12.178,894] [1;31m<err> analog_axis_hires: Could not setup channel #1 (-5)[0m
[00:00:12.186,645] [1;31m<err> ads1220: config2 mismatch! 0x10 != 0x00[0m
[00:00:12.186,767] [1;31m<err> ads1220: config2 mismatch! 0x15 != 0x00[0m
[00:00:12.186,920] [1;31m<err> ads1220: config0 mismatch! 0x3C != 0x1C[0m
[00:00:12.186,920] [1;31m<err> analog_axis_hires: Could not setup channel #1 (-5)[0m
[00:00:12.194,702] [1;31m<err> ads1220: config2 mismatch! 0x10 != 0x00[0m
[00:00:12.194,824] [1;31m<err> ads1220: config2 mismatch! 0x15 != 0x00[0m
[00:00:12.194,946] [1;31m<err> ads1220: config0 mismatch! 0x3C != 0x1C[0m
[00:00:12.194,946] [1;31m<err> analog_axis_hires: Could not setup channel #1 (-5)[0m
[00:00:12.202,667] [1;31m<err> ads1220: config2 mismatch! 0x10 != 0x00[0m
[00:00:12.202,819] [1;31m<err> ads1220: config2 mismatch! 0x15 != 0x00[0m
[00:00:12.202,972] [1;31m<err> ads1220: config0 mismatch! 0x3C != 0x1C[0m
[00:00:12.202,972] [1;31m<err> analog_axis_hires: Could not setup channel #1 (-5)[0m
[00:00:12.210,723] [1;31m<err> ads1220: config2 mismatch! 0x10 != 0x00[0m
[00:00:12.210,845] [1;31m<err> ads1220: config2 mismatch! 0x15 != 0x00[0m
[00:00:12.210,998] [1;31m<err> ads1220: config0 mismatch! 0x3C != 0x1C[0m
[00:00:12.210,998] [1;31m<err> analog_axis_hires: Could not setup channel #1 (-5)[0m
[00:00:12.218,750] [1;31m<err> ads1220: config2 mismatch! 0x10 != 0x00[0m
[00:00:12.218,872] [1;31m<err> ads1220: config2 mismatch! 0x15 != 0x00[0m
[00:00:12.218,994] [1;31m<err> ads1220: config0 mismatch! 0x3C != 0x1C[0m
[00:00:12.219,024] [1;31m<err> analog_axis_hires: Could not setup channel #1 (-5)[0m
[00:00:12.226,745] [1;31m<err> ads1220: config2 mismatch! 0x10 != 0x00[0m
[00:00:12.226,898] [1;31m<err> ads1220: config2 mismatch! 0x15 != 0x00[0m
[00:00:12.227,050] [1;31m<err> ads1220: config0 mismatch! 0x3C != 0x1C[0m
[00:00:12.227,050] [1;31m<err> analog_axis_hires: Could not setup channel #1 (-5)[0m
[00:00:12.234,802] [1;31m<err> ads1220: config2 mismatch! 0x10 != 0x00[0m
[00:00:12.234,924] [1;31m<err> ads1220: config2 mismatch! 0x15 != 0x00[0m
[00:00:12.235,076] [1;31m<err> ads1220: config0 mismatch! 0x3C != 0x1C[0m
[00:00:12.235,076] [1;31m<err> analog_axis_hires: Could not setup channel #1 (-5)[0m
[00:00:12.242,828] [1;31m<err> ads1220: config2 mismatch! 0x10 != 0x00[0m
[00:00:12.242,980] [1;31m<err> ads1220: config2 mismatch! 0x15 != 0x00[0m
[00:00:12.243,103] [1;31m<err> ads1220: config0 mismatch! 0x3C != 0x1C[0m
[00:00:12.243,103] [1;31m<err> analog_axis_hires: Could not setup channel #1 (-5)[0m
[00:00:12.250,823] [1;31m<err> ads1220: config2 mismatch! 0x10 != 0x00[0m
[00:00:12.250,976] [1;31m<err> ads1220: config2 mismatch! 0x15 != 0x00[0m
[00:00:12.251,129] [1;31m<err> ads1220: config0 mismatch! 0x3C != 0x1C[0m
[00:00:12.251,129] [1;31m<err> analog_axis_hires: Could not setup channel #1 (-5)[0m
[00:00:12.258,880] [1;31m<err> ads1220: config2 mismatch! 0x10 != 0x00[0m
[00:00:12.259,002] [1;31m<err> ads1220: config2 mismatch! 0x15 != 0x00[0m
[00:00:12.259,155] [1;31m<err> ads1220: config0 mismatch! 0x3C != 0x1C[0m
[00:00:12.259,155] [1;31m<err> analog_axis_hires: Could not setup channel #1 (-5)[0m
[00:00:12.266,937] [1;31m<err> ads1220: config2 mismatch! 0x10 != 0x00[0m
[00:00:12.267,059] [1;31m<err> ads1220: config2 mismatch! 0x15 != 0x00[0m
[00:00:12.267,181] [1;31m<err> ads1220: config0 mismatch! 0x3C != 0x1C[0m
[00:00:12.267,211] [1;31m<err> analog_axis_hires: Could not setup channel #1 (-5)[0m
[00:00:12.274,902] [1;31m<err> ads1220: config2 mismatch! 0x10 != 0x00[0m
[00:00:12.275,054] [1;31m<err> ads1220: config2 mismatch! 0x15 != 0x00[0m
[00:00:12.275,207] [1;31m<err> ads1220: config0 mismatch! 0x3C != 0x1C[0m
[00:00:12.275,207] [1;31m<err> analog_axis_hires: Could not setup channel #1 (-5)[0m
[00:00:12.282,958] [1;31m<err> ads1220: config2 mismatch! 0x10 != 0x00[0m
[00:00:12.283,081] [1;31m<err> ads1220: config2 mismatch! 0x15 != 0x00[0m
[00:00:12.283,233] [1;31m<err> ads1220: config0 mismatch! 0x3C != 0x1C[0m
[00:00:12.283,233] [1;31m<err> analog_axis_hires: Could not setup channel #1 (-5)[0m
[00:00:12.290,985] [1;31m<err> ads1220: config2 mismatch! 0x10 != 0x00[0m
[00:00:12.291,107] [1;31m<err> ads1220: config2 mismatch! 0x15 != 0x00[0m
[00:00:12.291,259] [1;31m<err> ads1220: config0 mismatch! 0x3C != 0x1C[0m
[00:00:12.291,259] [1;31m<err> analog_axis_hires: Could not setup channel #1 (-5)[0m
[00:00:12.298,980] [1;31m<err> ads1220: config2 mismatch! 0x10 != 0x00[0m
[00:00:12.299,133] [1;31m<err> ads1220: config2 mismatch! 0x15 != 0x00[0m
[00:00:12.299,285] [1;31m<err> ads1220: config0 mismatch! 0x3C != 0x1C[0m
[00:00:12.299,285] [1;31m<err> analog_axis_hires: Could not setup channel #1 (-5)[0m
[00:00:12.307,037] [1;31m<err> ads1220: config2 mismatch! 0x10 != 0x00[0m
[00:00:12.307,159] [1;31m<err> ads1220: config2 mismatch! 0x15 != 0x00[0m
[00:00:12.307,312] [1;31m<err> ads1220: config0 mismatch! 0x3C != 0x1C[0m
[00:00:12.307,312] [1;31m<err> analog_axis_hires: Could not setup channel #1 (-5)[0m
[00:00:12.315,093] [1;31m<err> ads1220: config2 mismatch! 0x10 != 0x00[0m
[00:00:12.315,216] [1;31m<err> ads1220: config2 mismatch! 0x15 != 0x00[0m
[00:00:12.315,338] [1;31m<err> ads1220: config0 mismatch! 0x3C != 0x1C[0m
[00:00:12.315,368] [1;31m<err> analog_axis_hires: Could not setup channel #1 (-5)[0m
[00:00:12.323,059] [1;31m<err> ads1220: config2 mismatch! 0x10 != 0x00[0m
[00:00:12.323,211] [1;31m<err> ads1220: config2 mismatch! 0x15 != 0x00[0m
[00:00:12.323,364] [1;31m<err> ads1220: config0 mismatch! 0x3C != 0x1C[0m
[00:00:12.323,364] [1;31m<err> analog_axis_hires: Could not setup channel #1 (-5)[0m
[00:00:12.331,115] [1;31m<err> ads1220: config2 mismatch! 0x10 != 0x00[0m
[00:00:12.331,237] [1;31m<err> ads1220: config2 mismatch! 0x15 != 0x00[0m
[00:00:12.331,390] [1;31m<err> ads1220: config0 mismatch! 0x3C != 0x1C[0m
[00:00:12.331,390] [1;31m<err> analog_axis_hires: Could not setup channel #1 (-5)[0m
[00:00:12.339,172] [1;31m<err> ads1220: config2 mismatch! 0x10 != 0x00[0m
[00:00:12.339,294] [1;31m<err> ads1220: config2 mismatch! 0x15 != 0x00[0m
[00:00:12.339,416] [1;31m<err> ads1220: config0 mismatch! 0x3C != 0x1C[0m
[00:00:12.339,447] [1;31m<err> analog_axis_hires: Could not setup channel #1 (-5)[0m
[00:00:12.347,137] [1;31m<err> ads1220: config2 mismatch! 0x10 != 0x00[0m
[00:00:12.347,290] [1;31m<err> ads1220: config2 mismatch! 0x15 != 0x00[0m
[00:00:12.347,442] [1;31m<err> ads1220: config0 mismatch! 0x3C != 0x1C[0m
[00:00:12.347,442] [1;31m<err> analog_axis_hires: Could not setup channel #1 (-5)[0m
[00:00:12.355,194] [1;31m<err> ads1220: config2 mismatch! 0x10 != 0x00[0m
[00:00:12.355,316] [1;31m<err> ads1220: config2 mismatch! 0x15 != 0x00[0m
[00:00:12.355,468] [1;31m<err> ads1220: config0 mismatch! 0x3C != 0x1C[0m
[00:00:12.355,468] [1;31m<err> analog_axis_hires: Could not setup channel #1 (-5)[0m
[00:00:12.363,250] [1;31m<err> ads1220: config2 mismatch! 0x10 != 0x00[0m
[00:00:12.363,372] [1;31m<err> ads1220: config2 mismatch! 0x15 != 0x00[0m
[00:00:12.363,494] [1;31m<err> ads1220: config0 mismatch! 0x3C != 0x1C[0m
[00:00:12.363,525] [1;31m<err> analog_axis_hires: Could not setup channel #1 (-5)[0m
[00:00:12.371,215] [1;31m<err> ads1220: config2 mismatch! 0x10 != 0x00[0m
[00:00:12.371,368] [1;31m<err> ads1220: config2 mismatch! 0x15 != 0x00[0m
[00:00:12.371,520] [1;31m<err> ads1220: config0 mismatch! 0x3C != 0x1C[0m
[00:00:12.371,520] [1;31m<err> analog_axis_hires: Could not setup channel #1 (-5)[0m
[00:00:12.379,272] [1;31m<err> ads1220: config2 mismatch! 0x10 != 0x00[0m
[00:00:12.379,394] [1;31m<err> ads1220: config2 mismatch! 0x15 != 0x00[0m
[00:00:12.379,547] [1;31m<err> ads1220: config0 mismatch! 0x3C != 0x1C[0m
[00:00:12.379,547] [1;31m<err> analog_axis_hires: Could not setup channel #1 (-5)[0m
[00:00:12.387,329] [1;31m<err> ads1220: config2 mismatch! 0x10 != 0x00[0m
[00:00:12.387,451] [1;31m<err> ads1220: config2 mismatch! 0x15 != 0x00[0m
[00:00:12.387,573] [1;31m<err> ads1220: config0 mismatch! 0x3C != 0x1C[0m
[00:00:12.387,603] [1;31m<err> analog_axis_hires: Could not setup channel #1 (-5)[0m
[00:00:12.395,294] [1;31m<err> ads1220: config2 mismatch! 0x10 != 0x00[0m
[00:00:12.395,446] [1;31m<err> ads1220: config2 mismatch! 0x15 != 0x00[0m
[00:00:12.395,599] [1;31m<err> ads1220: config0 mismatch! 0x3C != 0x1C[0m
[00:00:12.395,599] [1;31m<err> analog_axis_hires: Could not setup channel #1 (-5)[0m
[00:00:12.403,350] [1;31m<err> ads1220: config2 mismatch! 0x10 != 0x00[0m
[00:00:12.403,472] [1;31m<err> ads1220: config2 mismatch! 0x15 != 0x00[0m
[00:00:12.403,625] [1;31m<err> ads1220: config0 mismatch! 0x3C != 0x1C[0m
[00:00:12.403,625] [1;31m<err> analog_axis_hires: Could not setup channel #1 (-5)[0m
[00:00:12.411,346] [1;31m<err> ads1220: config2 mismatch! 0x10 != 0x00[0m
[00:00:12.411,499] [1;31m<err> ads1220: config2 mismatch! 0x15 != 0x00[0m
[00:00:12.411,621] [1;31m<err> ads1220: config0 mismatch! 0x3C != 0x1C[0m
[00:00:12.411,621] [1;31m<err> analog_axis_hires: Could not setup channel #1 (-5)[0m
[00:00:12.419,372] [1;31m<err> ads1220: config2 mismatch! 0x10 != 0x00[0m
[00:00:12.419,525] [1;31m<err> ads1220: config2 mismatch! 0x15 != 0x00[0m
[00:00:12.419,677] [1;31m<err> ads1220: config0 mismatch! 0x3C != 0x1C[0m
[00:00:12.419,677] [1;31m<err> analog_axis_hires: Could not setup channel #1 (-5)[0m
[00:00:12.427,429] [1;31m<err> ads1220: config2 mismatch! 0x10 != 0x00[0m
[00:00:12.427,551] [1;31m<err> ads1220: config2 mismatch! 0x15 != 0x00[0m
[00:00:12.427,703] [1;31m<err> ads1220: config0 mismatch! 0x3C != 0x1C[0m
[00:00:12.427,703] [1;31m<err> analog_axis_hires: Could not setup channel #1 (-5)[0m
[00:00:12.435,485] [1;31m<err> ads1220: config2 mismatch! 0x10 != 0x00[0m
[00:00:12.435,607] [1;31m<err> ads1220: config2 mismatch! 0x15 != 0x00[0m
[00:00:12.435,729] [1;31m<err> ads1220: config0 mismatch! 0x3C != 0x1C[0m
[00:00:12.435,760] [1;31m<err> analog_axis_hires: Could not setup channel #1 (-5)[0m
[00:00:12.443,450] [1;31m<err> ads1220: config2 mismatch! 0x10 != 0x00[0m
[00:00:12.443,603] [1;31m<err> ads1220: config2 mismatch! 0x15 != 0x00[0m
[00:00:12.443,756] [1;31m<err> ads1220: config0 mismatch! 0x3C != 0x1C[0m
[00:00:12.443,756] [1;31m<err> analog_axis_hires: Could not setup channel #1 (-5)[0m
[00:00:12.451,507] [1;31m<err> ads1220: config2 mismatch! 0x10 != 0x00[0m
[00:00:12.451,629] [1;31m<err> ads1220: config2 mismatch! 0x15 != 0x00[0m
[00:00:12.451,782] [1;31m<err> ads1220: config0 mismatch! 0x3C != 0x1C[0m
[00:00:12.451,782] [1;31m<err> analog_axis_hires: Could not setup channel #1 (-5)[0m
[00:00:12.459,564] [1;31m<err> ads1220: config2 mismatch! 0x10 != 0x00[0m
[00:00:12.459,686] [1;31m<err> ads1220: config2 mismatch! 0x15 != 0x00[0m
[00:00:12.459,838] [1;31m<err> ads1220: config0 mismatch! 0x3C != 0x1C[0m
[00:00:12.459,838] [1;31m<err> analog_axis_hires: Could not setup channel #1 (-5)[0m
[00:00:12.467,529] [1;31m<err> ads1220: config2 mismatch! 0x10 != 0x00[0m
[00:00:12.467,681] [1;31m<err> ads1220: config2 mismatch! 0x15 != 0x00[0m
[00:00:12.467,834] [1;31m<err> ads1220: config0 mismatch! 0x3C != 0x1C[0m
[00:00:12.467,834] [1;31m<err> analog_axis_hires: Could not setup channel #1 (-5)[0m
[00:00:12.475,585] [1;31m<err> ads1220: config2 mismatch! 0x10 != 0x00[0m
[00:00:12.475,708] [1;31m<err> ads1220: config2 mismatch! 0x15 != 0x00[0m
[00:00:12.475,860] [1;31m<err> ads1220: config0 mismatch! 0x3C != 0x1C[0m
[00:00:12.475,860] [1;31m<err> analog_axis_hires: Could not setup channel #1 (-5)[0m
[00:00:12.483,612] [1;31m<err> ads1220: config2 mismatch! 0x10 != 0x00[0m
[00:00:12.483,764] [1;31m<err> ads1220: config2 mismatch! 0x15 != 0x00[0m
[00:00:12.483,886] [1;31m<err> ads1220: config0 mismatch! 0x3C != 0x1C[0m
[00:00:12.483,886] [1;31m<err> analog_axis_hires: Could not setup channel #1 (-5)[0m
[00:00:12.491,607] [1;31m<err> ads1220: config2 mismatch! 0x10 != 0x00[0m
[00:00:12.491,760] [1;31m<err> ads1220: config2 mismatch! 0x15 != 0x00[0m
[00:00:12.491,912] [1;31m<err> ads1220: config0 mismatch! 0x3C != 0x1C[0m
[00:00:12.491,912] [1;31m<err> analog_axis_hires: Could not setup channel #1 (-5)[0m
[00:00:12.499,664] [1;31m<err> ads1220: config2 mismatch! 0x10 != 0x00[0m
[00:00:12.499,786] [1;31m<err> ads1220: config2 mismatch! 0x15 != 0x00[0m
[00:00:12.499,938] [1;31m<err> ads1220: config0 mismatch! 0x3C != 0x1C[0m
[00:00:12.499,938] [1;31m<err> analog_axis_hires: Could not setup channel #1 (-5)[0m
[00:00:12.507,690] [1;31m<err> ads1220: config2 mismatch! 0x10 != 0x00[0m
[00:00:12.507,843] [1;31m<err> ads1220: config2 mismatch! 0x15 != 0x00[0m
[00:00:12.507,965] [1;31m<err> ads1220: config0 mismatch! 0x3C != 0x1C[0m
[00:00:12.507,965] [1;31m<err> analog_axis_hires: Could not setup channel #1 (-5)[0m
[00:00:12.515,686] [1;31m<err> ads1220: config2 mismatch! 0x10 != 0x00[0m
[00:00:12.515,838] [1;31m<err> ads1220: config2 mismatch! 0x15 != 0x00[0m
[00:00:12.515,991] [1;31m<err> ads1220: config0 mismatch! 0x3C != 0x1C[0m
[00:00:12.515,991] [1;31m<err> analog_axis_hires: Could not setup channel #1 (-5)[0m
[00:00:12.523,742] [1;31m<err> ads1220: config2 mismatch! 0x10 != 0x00[0m
[00:00:12.523,864] [1;31m<err> ads1220: config2 mismatch! 0x15 != 0x00[0m
[00:00:12.524,017] [1;31m<err> ads1220: config0 mismatch! 0x3C != 0x1C[0m
[00:00:12.524,017] [1;31m<err> analog_axis_hires: Could not setup channel #1 (-5)[0m
[00:00:12.531,768] [1;31m<err> ads1220: config2 mismatch! 0x10 != 0x00[0m
[00:00:12.531,921] [1;31m<err> ads1220: config2 mismatch! 0x15 != 0x00[0m
[00:00:12.532,043] [1;31m<err> ads1220: config0 mismatch! 0x3C != 0x1C[0m
[00:00:12.532,043] [1;31m<err> analog_axis_hires: Could not setup channel #1 (-5)[0m
[00:00:12.539,764] [1;31m<err> ads1220: config2 mismatch! 0x10 != 0x00[0m
[00:00:12.539,916] [1;31m<err> ads1220: config2 mismatch! 0x15 != 0x00[0m
[00:00:12.540,069] [1;31m<err> ads1220: config0 mismatch! 0x3C != 0x1C[0m
[00:00:12.540,069] [1;31m<err> analog_axis_hires: Could not setup channel #1 (-5)[0m
[00:00:12.547,821] [1;31m<err> ads1220: config2 mismatch! 0x10 != 0x00[0m
[00:00:12.547,943] [1;31m<err> ads1220: config2 mismatch! 0x15 != 0x00[0m
[00:00:12.548,095] [1;31m<err> ads1220: config0 mismatch! 0x3C != 0x1C[0m
[00:00:12.548,095] [1;31m<err> analog_axis_hires: Could not setup channel #1 (-5)[0m
[00:00:12.555,816] [1;31m<err> ads1220: config2 mismatch! 0x10 != 0x00[0m
[00:00:12.555,938] [1;31m<err> ads1220: config2 mismatch! 0x15 != 0x00[0m
[00:00:12.556,060] [1;31m<err> ads1220: config0 mismatch! 0x3C != 0x1C[0m
[00:00:12.556,060] [1;31m<err> analog_axis_hires: Could not setup channel #1 (-5)[0m
[00:00:12.563,842] [1;31m<err> ads1220: config2 mismatch! 0x10 != 0x00[0m
[00:00:12.563,995] [1;31m<err> ads1220: config2 mismatch! 0x15 != 0x00[0m
[00:00:12.564,147] [1;31m<err> ads1220: config0 mismatch! 0x3C != 0x1C[0m
[00:00:12.564,147] [1;31m<err> analog_axis_hires: Could not setup channel #1 (-5)[0m
[00:00:12.571,899] [1;31m<err> ads1220: config2 mismatch! 0x10 != 0x00[0m
[00:00:12.572,021] [1;31m<err> ads1220: config2 mismatch! 0x15 != 0x00[0m
[00:00:12.572,174] [1;31m<err> ads1220: config0 mismatch! 0x3C != 0x1C[0m
[00:00:12.572,174] [1;31m<err> analog_axis_hires: Could not setup channel #1 (-5)[0m
[00:00:12.579,956] [1;31m<err> ads1220: config2 mismatch! 0x10 != 0x00[0m
[00:00:12.580,078] [1;31m<err> ads1220: config2 mismatch! 0x15 != 0x00[0m
[00:00:12.580,200] [1;31m<err> ads1220: config0 mismatch! 0x3C != 0x1C[0m
[00:00:12.580,200] [1;31m<err> analog_axis_hires: Could not setup channel #1 (-5)[0m
[00:00:12.587,921] [1;31m<err> ads1220: config2 mismatch! 0x10 != 0x00[0m
[00:00:12.588,073] [1;31m<err> ads1220: config2 mismatch! 0x15 != 0x00[0m
[00:00:12.588,226] [1;31m<err> ads1220: config0 mismatch! 0x3C != 0x1C[0m
[00:00:12.588,226] [1;31m<err> analog_axis_hires: Could not setup channel #1 (-5)[0m
[00:00:12.595,977] [1;31m<err> ads1220: config2 mismatch! 0x10 != 0x00[0m
[00:00:12.596,099] [1;31m<err> ads1220: config2 mismatch! 0x15 != 0x00[0m
[00:00:12.596,252] [1;31m<err> ads1220: config0 mismatch! 0x3C != 0x1C[0m
[00:00:12.596,252] [1;31m<err> analog_axis_hires: Could not setup channel #1 (-5)[0m
[00:00:12.604,034] [1;31m<err> ads1220: config2 mismatch! 0x10 != 0x00[0m
[00:00:12.604,156] [1;31m<err> ads1220: config2 mismatch! 0x15 != 0x00[0m
[00:00:12.604,278] [1;31m<err> ads1220: config0 mismatch! 0x3C != 0x1C[0m
[00:00:12.604,278] [1;31m<err> analog_axis_hires: Could not setup channel #1 (-5)[0m
[00:00:12.611,999] [1;31m<err> ads1220: config2 mismatch! 0x10 != 0x00[0m
[00:00:12.612,152] [1;31m<err> ads1220: config2 mismatch! 0x15 != 0x00[0m
[00:00:12.612,304] [1;31m<err> ads1220: config0 mismatch! 0x3C != 0x1C[0m
[00:00:12.612,304] [1;31m<err> analog_axis_hires: Could not setup channel #1 (-5)[0m
[00:00:12.620,056] [1;31m<err> ads1220: config2 mismatch! 0x10 != 0x00[0m
[00:00:12.620,178] [1;31m<err> ads1220: config2 mismatch! 0x15 != 0x00[0m
[00:00:12.620,330] [1;31m<err> ads1220: config0 mismatch! 0x3C != 0x1C[0m
[00:00:12.620,330] [1;31m<err> analog_axis_hires: Could not setup channel #1 (-5)[0m
[00:00:12.628,082] [1;31m<err> ads1220: config2 mismatch! 0x10 != 0x00[0m
[00:00:12.628,234] [1;31m<err> ads1220: config2 mismatch! 0x15 != 0x00[0m
[00:00:12.628,356] [1;31m<err> ads1220: config0 mismatch! 0x3C != 0x1C[0m
[00:00:12.628,356] [1;31m<err> analog_axis_hires: Could not setup channel #1 (-5)[0m
[00:00:12.636,077] [1;31m<err> ads1220: config2 mismatch! 0x10 != 0x00[0m
[00:00:12.636,230] [1;31m<err> ads1220: config2 mismatch! 0x15 != 0x00[0m
[00:00:12.636,383] [1;31m<err> ads1220: config0 mismatch! 0x3C != 0x1C[0m
[00:00:12.636,383] [1;31m<err> analog_axis_hires: Could not setup channel #1 (-5)[0m
[00:00:12.644,134] [1;31m<err> ads1220: config2 mismatch! 0x10 != 0x00[0m
[00:00:12.644,256] [1;31m<err> ads1220: config2 mismatch! 0x15 != 0x00[0m
[00:00:12.644,409] [1;31m<err> ads1220: config0 mismatch! 0x3C != 0x1C[0m
[00:00:12.644,409] [1;31m<err> analog_axis_hires: Could not setup channel #1 (-5)[0m
[00:00:12.652,191] [1;31m<err> ads1220: config2 mismatch! 0x10 != 0x00[0m
[00:00:12.652,313] [1;31m<err> ads1220: config2 mismatch! 0x15 != 0x00[0m
[00:00:12.652,435] [1;31m<err> ads1220: config0 mismatch! 0x3C != 0x1C[0m
[00:00:12.652,435] [1;31m<err> analog_axis_hires: Could not setup channel #1 (-5)[0m
[00:00:12.660,156] [1;31m<err> ads1220: config2 mismatch! 0x10 != 0x00[0m
[00:00:12.660,308] [1;31m<err> ads1220: config2 mismatch! 0x15 != 0x00[0m
[00:00:12.660,461] [1;31m<err> ads1220: config0 mismatch! 0x3C != 0x1C[0m
[00:00:12.660,461] [1;31m<err> analog_axis_hires: Could not setup channel #1 (-5)[0m
[00:00:12.668,212] [1;31m<err> ads1220: config2 mismatch! 0x10 != 0x00[0m
[00:00:12.668,334] [1;31m<err> ads1220: config2 mismatch! 0x15 != 0x00[0m
[00:00:12.668,487] [1;31m<err> ads1220: config0 mismatch! 0x3C != 0x1C[0m
[00:00:12.668,487] [1;31m<err> analog_axis_hires: Could not setup channel #1 (-5)[0m
[00:00:12.676,269] [1;31m<err> ads1220: config2 mismatch! 0x10 != 0x00[0m
[00:00:12.676,391] [1;31m<err> ads1220: config2 mismatch! 0x15 != 0x00[0m
[00:00:12.676,513] [1;31m<err> ads1220: config0 mismatch! 0x3C != 0x1C[0m
[00:00:12.676,513] [1;31m<err> analog_axis_hires: Could not setup channel #1 (-5)[0m
[00:00:12.684,234] [1;31m<err> ads1220: config2 mismatch! 0x10 != 0x00[0m
[00:00:12.684,387] [1;31m<err> ads1220: config2 mismatch! 0x15 != 0x00[0m
[00:00:12.684,539] [1;31m<err> ads1220: config0 mismatch! 0x3C != 0x1C[0m
[00:00:12.684,539] [1;31m<err> analog_axis_hires: Could not setup channel #1 (-5)[0m
[00:00:12.692,291] [1;31m<err> ads1220: config2 mismatch! 0x10 != 0x00[0m
[00:00:12.692,413] [1;31m<err> ads1220: config2 mismatch! 0x15 != 0x00[0m
[00:00:12.692,565] [1;31m<err> ads1220: config0 mismatch! 0x3C != 0x1C[0m
[00:00:12.692,565] [1;31m<err> analog_axis_hires: Could not setup channel #1 (-5)[0m
[00:00:12.700,317] [1;31m<err> ads1220: config2 mismatch! 0x10 != 0x00[0m
[00:00:12.700,439] [1;31m<err> ads1220: config2 mismatch! 0x15 != 0x00[0m
[00:00:12.700,561] [1;31m<err> ads1220: config0 mismatch! 0x3C != 0x1C[0m
[00:00:12.700,592] [1;31m<err> analog_axis_hires: Could not setup channel #1 (-5)[0m
[00:00:12.708,312] [1;31m<err> ads1220: config2 mismatch! 0x10 != 0x00[0m
[00:00:12.708,465] [1;31m<err> ads1220: config2 mismatch! 0x15 != 0x00[0m
[00:00:12.708,618] [1;31m<err> ads1220: config0 mismatch! 0x3C != 0x1C[0m
[00:00:12.708,618] [1;31m<err> analog_axis_hires: Could not setup channel #1 (-5)[0m
[00:00:12.716,369] [1;31m<err> ads1220: config2 mismatch! 0x10 != 0x00[0m
[00:00:12.716,491] [1;31m<err> ads1220: config2 mismatch! 0x15 != 0x00[0m
[00:00:12.716,644] [1;31m<err> ads1220: config0 mismatch! 0x3C != 0x1C[0m
[00:00:12.716,644] [1;31m<err> analog_axis_hires: Could not setup channel #1 (-5)[0m
[00:00:12.724,426] [1;31m<err> ads1220: config2 mismatch! 0x10 != 0x00[0m
[00:00:12.724,548] [1;31m<err> ads1220: config2 mismatch! 0x15 != 0x00[0m
[00:00:12.724,670] [1;31m<err> ads1220: config0 mismatch! 0x3C != 0x1C[0m
[00:00:12.724,700] [1;31m<err> analog_axis_hires: Could not setup channel #1 (-5)[0m
[00:00:12.732,391] [1;31m<err> ads1220: config2 mismatch! 0x10 != 0x00[0m
[00:00:12.732,543] [1;31m<err> ads1220: config2 mismatch! 0x15 != 0x00[0m
[00:00:12.732,696] [1;31m<err> ads1220: config0 mismatch! 0x3C != 0x1C[0m
[00:00:12.732,696] [1;31m<err> analog_axis_hires: Could not setup channel #1 (-5)[0m
[00:00:12.740,447] [1;31m<err> ads1220: config2 mismatch! 0x10 != 0x00[0m
[00:00:12.740,570] [1;31m<err> ads1220: config2 mismatch! 0x15 != 0x00[0m
[00:00:12.740,722] [1;31m<err> ads1220: config0 mismatch! 0x3C != 0x1C[0m
[00:00:12.740,722] [1;31m<err> analog_axis_hires: Could not setup channel #1 (-5)[0m
[00:00:12.748,504] [1;31m<err> ads1220: config2 mismatch! 0x10 != 0x00[0m
[00:00:12.748,626] [1;31m<err> ads1220: config2 mismatch! 0x15 != 0x00[0m
[00:00:12.748,748] [1;31m<err> ads1220: config0 mismatch! 0x3C != 0x1C[0m
[00:00:12.748,779] [1;31m<err> analog_axis_hires: Could not setup channel #1 (-5)[0m
[00:00:12.756,500] [1;31m<err> ads1220: config2 mismatch! 0x10 != 0x00[0m
[00:00:12.756,622] [1;31m<err> ads1220: config2 mismatch! 0x15 != 0x00[0m
[00:00:12.756,774] [1;31m<err> ads1220: config0 mismatch! 0x3C != 0x1C[0m
[00:00:12.756,774] [1;31m<err> analog_axis_hires: Could not setup channel #1 (-5)[0m
[00:00:12.764,526] [1;31m<err> ads1220: config2 mismatch! 0x10 != 0x00[0m
[00:00:12.764,648] [1;31m<err> ads1220: config2 mismatch! 0x15 != 0x00[0m
[00:00:12.764,801] [1;31m<err> ads1220: config0 mismatch! 0x3C != 0x1C[0m
[00:00:12.764,801] [1;31m<err> analog_axis_hires: Could not setup channel #1 (-5)[0m
[00:00:12.772,583] [1;31m<err> ads1220: config2 mismatch! 0x10 != 0x00[0m
[00:00:12.772,705] [1;31m<err> ads1220: config2 mismatch! 0x15 != 0x00[0m
[00:00:12.772,857] [1;31m<err> ads1220: config0 mismatch! 0x3C != 0x1C[0m
[00:00:12.772,857] [1;31m<err> analog_axis_hires: Could not setup channel #1 (-5)[0m
[00:00:12.780,548] [1;31m<err> ads1220: config2 mismatch! 0x10 != 0x00[0m
[00:00:12.780,700] [1;31m<err> ads1220: config2 mismatch! 0x15 != 0x00[0m
[00:00:12.780,853] [1;31m<err> ads1220: config0 mismatch! 0x3C != 0x1C[0m
[00:00:12.780,853] [1;31m<err> analog_axis_hires: Could not setup channel #1 (-5)[0m
[00:00:12.788,604] [1;31m<err> ads1220: config2 mismatch! 0x10 != 0x00[0m
[00:00:12.788,726] [1;31m<err> ads1220: config2 mismatch! 0x15 != 0x00[0m
[00:00:12.788,879] [1;31m<err> ads1220: config0 mismatch! 0x3C != 0x1C[0m
[00:00:12.788,879] [1;31m<err> analog_axis_hires: Could not setup channel #1 (-5)[0m
[00:00:12.796,661] [1;31m<err> ads1220: config2 mismatch! 0x10 != 0x00[0m
[00:00:12.796,783] [1;31m<err> ads1220: config2 mismatch! 0x15 != 0x00[0m
[00:00:12.796,905] [1;31m<err> ads1220: config0 mismatch! 0x3C != 0x1C[0m
[00:00:12.796,936] [1;31m<err> analog_axis_hires: Could not setup channel #1 (-5)[0m
[00:00:12.804,626] [1;31m<err> ads1220: config2 mismatch! 0x10 != 0x00[0m
[00:00:12.804,779] [1;31m<err> ads1220: config2 mismatch! 0x15 != 0x00[0m
[00:00:12.804,931] [1;31m<err> ads1220: config0 mismatch! 0x3C != 0x1C[0m
[00:00:12.804,931] [1;31m<err> analog_axis_hires: Could not setup channel #1 (-5)[0m
[00:00:12.812,683] [1;31m<err> ads1220: config2 mismatch! 0x10 != 0x00[0m
[00:00:12.812,805] [1;31m<err> ads1220: config2 mismatch! 0x15 != 0x00[0m
[00:00:12.812,957] [1;31m<err> ads1220: config0 mismatch! 0x3C != 0x1C[0m
[00:00:12.812,957] [1;31m<err> analog_axis_hires: Could not setup channel #1 (-5)[0m
[00:00:12.820,709] [1;31m<err> ads1220: config2 mismatch! 0x10 != 0x00[0m
[00:00:12.820,861] [1;31m<err> ads1220: config2 mismatch! 0x15 != 0x00[0m
[00:00:12.820,983] [1;31m<err> ads1220: config0 mismatch! 0x3C != 0x1C[0m
[00:00:12.820,983] [1;31m<err> analog_axis_hires: Could not setup channel #1 (-5)[0m
[00:00:12.828,704] [1;31m<err> ads1220: config2 mismatch! 0x10 != 0x00[0m
[00:00:12.828,857] [1;31m<err> ads1220: config2 mismatch! 0x15 != 0x00[0m
[00:00:12.829,010] [1;31m<err> ads1220: config0 mismatch! 0x3C != 0x1C[0m
[00:00:12.829,010] [1;31m<err> analog_axis_hires: Could not setup channel #1 (-5)[0m
[00:00:12.836,761] [1;31m<err> ads1220: config2 mismatch! 0x10 != 0x00[0m
[00:00:12.836,883] [1;31m<err> ads1220: config2 mismatch! 0x15 != 0x00[0m
[00:00:12.837,036] [1;31m<err> ads1220: config0 mismatch! 0x3C != 0x1C[0m
[00:00:12.837,036] [1;31m<err> analog_axis_hires: Could not setup channel #1 (-5)[0m
[00:00:12.844,787] [1;31m<err> ads1220: config2 mismatch! 0x10 != 0x00[0m
[00:00:12.844,909] [1;31m<err> ads1220: config2 mismatch! 0x15 != 0x00[0m
[00:00:12.845,062] [1;31m<err> ads1220: config0 mismatch! 0x3C != 0x1C[0m
[00:00:12.845,062] [1;31m<err> analog_axis_hires: Could not setup channel #1 (-5)[0m
[00:00:12.852,783] [1;31m<err> ads1220: config2 mismatch! 0x10 != 0x00[0m
[00:00:12.852,935] [1;31m<err> ads1220: config2 mismatch! 0x15 != 0x00[0m
[00:00:12.853,088] [1;31m<err> ads1220: config0 mismatch! 0x3C != 0x1C[0m
[00:00:12.853,088] [1;31m<err> analog_axis_hires: Could not setup channel #1 (-5)[0m
[00:00:12.860,839] [1;31m<err> ads1220: config2 mismatch! 0x10 != 0x00[0m
[00:00:12.860,961] [1;31m<err> ads1220: config2 mismatch! 0x15 != 0x00[0m
[00:00:12.861,114] [1;31m<err> ads1220: config0 mismatch! 0x3C != 0x1C[0m
[00:00:12.861,114] [1;31m<err> analog_axis_hires: Could not setup channel #1 (-5)[0m
[00:00:12.868,865] [1;31m<err> ads1220: config2 mismatch! 0x10 != 0x00[0m
[00:00:12.869,018] [1;31m<err> ads1220: config2 mismatch! 0x15 != 0x00[0m
[00:00:12.869,140] [1;31m<err> ads1220: config0 mismatch! 0x3C != 0x1C[0m
[00:00:12.869,140] [1;31m<err> analog_axis_hires: Could not setup channel #1 (-5)[0m
[00:00:12.876,861] [1;31m<err> ads1220: config2 mismatch! 0x10 != 0x00[0m
[00:00:12.877,014] [1;31m<err> ads1220: config2 mismatch! 0x15 != 0x00[0m
[00:00:12.877,166] [1;31m<err> ads1220: config0 mismatch! 0x3C != 0x1C[0m
[00:00:12.877,166] [1;31m<err> analog_axis_hires: Could not setup channel #1 (-5)[0m
[00:00:12.884,918] [1;31m<err> ads1220: config2 mismatch! 0x10 != 0x00[0m
[00:00:12.885,040] [1;31m<err> ads1220: config2 mismatch! 0x15 != 0x00[0m
[00:00:12.885,192] [1;31m<err> ads1220: config0 mismatch! 0x3C != 0x1C[0m
[00:00:12.885,192] [1;31m<err> analog_axis_hires: Could not setup channel #1 (-5)[0m
[00:00:12.892,944] [1;31m<err> ads1220: config2 mismatch! 0x10 != 0x00[0m
[00:00:12.893,066] [1;31m<err> ads1220: config2 mismatch! 0x15 != 0x00[0m
[00:00:12.893,218] [1;31m<err> ads1220: config0 mismatch! 0x3C != 0x1C[0m
[00:00:12.893,218] [1;31m<err> analog_axis_hires: Could not setup channel #1 (-5)[0m
[00:00:12.900,939] [1;31m<err> ads1220: config2 mismatch! 0x10 != 0x00[0m
[00:00:12.901,092] [1;31m<err> ads1220: config2 mismatch! 0x15 != 0x00[0m
[00:00:12.901,245] [1;31m<err> ads1220: config0 mismatch! 0x3C != 0x1C[0m
[00:00:12.901,245] [1;31m<err> analog_axis_hires: Could not setup channel #1 (-5)[0m
[00:00:12.908,996] [1;31m<err> ads1220: config2 mismatch! 0x10 != 0x00[0m
[00:00:12.909,118] [1;31m<err> ads1220: config2 mismatch! 0x15 != 0x00[0m
[00:00:12.909,271] [1;31m<err> ads1220: config0 mismatch! 0x3C != 0x1C[0m
[00:00:12.909,271] [1;31m<err> analog_axis_hires: Could not setup channel #1 (-5)[0m
[00:00:12.917,022] [1;31m<err> ads1220: config2 mismatch! 0x10 != 0x00[0m
[00:00:12.917,175] [1;31m<err> ads1220: config2 mismatch! 0x15 != 0x00[0m
[00:00:12.917,297] [1;31m<err> ads1220: config0 mismatch! 0x3C != 0x1C[0m
[00:00:12.917,297] [1;31m<err> analog_axis_hires: Could not setup channel #1 (-5)[0m
[00:00:12.925,018] [1;31m<err> ads1220: config2 mismatch! 0x10 != 0x00[0m
[00:00:12.925,170] [1;31m<err> ads1220: config2 mismatch! 0x15 != 0x00[0m
[00:00:12.925,323] [1;31m<err> ads1220: config0 mismatch! 0x3C != 0x1C[0m
[00:00:12.925,323] [1;31m<err> analog_axis_hires: Could not setup channel #1 (-5)[0m
[00:00:12.933,074] [1;31m<err> ads1220: config2 mismatch! 0x10 != 0x00[0m
[00:00:12.933,197] [1;31m<err> ads1220: config2 mismatch! 0x15 != 0x00[0m
[00:00:12.933,349] [1;31m<err> ads1220: config0 mismatch! 0x3C != 0x1C[0m
[00:00:12.933,349] [1;31m<err> analog_axis_hires: Could not setup channel #1 (-5)[0m
[00:00:12.941,131] [1;31m<err> ads1220: config2 mismatch! 0x10 != 0x00[0m
[00:00:12.941,253] [1;31m<err> ads1220: config2 mismatch! 0x15 != 0x00[0m
[00:00:12.941,375] [1;31m<err> ads1220: config0 mismatch! 0x3C != 0x1C[0m
[00:00:12.941,375] [1;31m<err> analog_axis_hires: Could not setup channel #1 (-5)[0m
[00:00:12.949,096] [1;31m<err> ads1220: config2 mismatch! 0x10 != 0x00[0m
[00:00:12.949,249] [1;31m<err> ads1220: config2 mismatch! 0x15 != 0x00[0m
[00:00:12.949,401] [1;31m<err> ads1220: config0 mismatch! 0x3C != 0x1C[0m
[00:00:12.949,401] [1;31m<err> analog_axis_hires: Could not setup channel #1 (-5)[0m
[00:00:12.957,153] [1;31m<err> ads1220: config2 mismatch! 0x10 != 0x00[0m
[00:00:12.957,275] [1;31m<err> ads1220: config2 mismatch! 0x15 != 0x00[0m
[00:00:12.957,427] [1;31m<err> ads1220: config0 mismatch! 0x3C != 0x1C[0m
[00:00:12.957,427] [1;31m<err> analog_axis_hires: Could not setup channel #1 (-5)[0m
[00:00:12.965,179] [1;31m<err> ads1220: config2 mismatch! 0x10 != 0x00[0m
[00:00:12.965,332] [1;31m<err> ads1220: config2 mismatch! 0x15 != 0x00[0m
[00:00:12.965,454] [1;31m<err> ads1220: config0 mismatch! 0x3C != 0x1C[0m
[00:00:12.965,454] [1;31m<err> analog_axis_hires: Could not setup channel #1 (-5)[0m
[00:00:12.973,175] [1;31m<err> ads1220: config2 mismatch! 0x10 != 0x00[0m
[00:00:12.973,327] [1;31m<err> ads1220: config2 mismatch! 0x15 != 0x00[0m
[00:00:12.973,480] [1;31m<err> ads1220: config0 mismatch! 0x3C != 0x1C[0m
[00:00:12.973,480] [1;31m<err> analog_axis_hires: Could not setup channel #1 (-5)[0m
[00:00:12.981,231] [1;31m<err> ads1220: config2 mismatch! 0x10 != 0x00[0m
[00:00:12.981,353] [1;31m<err> ads1220: config2 mismatch! 0x15 != 0x00[0m
[00:00:12.981,506] [1;31m<err> ads1220: config0 mismatch! 0x3C != 0x1C[0m
[00:00:12.981,506] [1;31m<err> analog_axis_hires: Could not setup channel #1 (-5)[0m
[00:00:12.989,288] [1;31m<err> ads1220: config2 mismatch! 0x10 != 0x00[0m
[00:00:12.989,410] [1;31m<err> ads1220: config2 mismatch! 0x15 != 0x00[0m
[00:00:12.989,562] [1;31m<err> ads1220: config0 mismatch! 0x3C != 0x1C[0m
[00:00:12.989,562] [1;31m<err> analog_axis_hires: Could not setup channel #1 (-5)[0m
[00:00:12.997,253] [1;31m<err> ads1220: config2 mismatch! 0x10 != 0x00[0m
[00:00:12.997,406] [1;31m<err> ads1220: config2 mismatch! 0x15 != 0x00[0m
[00:00:12.997,558] [1;31m<err> ads1220: config0 mismatch! 0x3C != 0x1C[0m
[00:00:12.997,558] [1;31m<err> analog_axis_hires: Could not setup channel #1 (-5)[0m
[00:00:13.005,310] [1;31m<err> ads1220: config2 mismatch! 0x10 != 0x00[0m
[00:00:13.005,432] [1;31m<err> ads1220: config2 mismatch! 0x15 != 0x00[0m
[00:00:13.005,584] [1;31m<err> ads1220: config0 mismatch! 0x3C != 0x1C[0m
[00:00:13.005,584] [1;31m<err> analog_axis_hires: Could not setup channel #1 (-5)[0m
[00:00:13.013,366] [1;31m<err> ads1220: config2 mismatch! 0x10 != 0x00[0m
[00:00:13.013,488] [1;31m<err> ads1220: config2 mismatch! 0x15 != 0x00[0m
[00:00:13.013,641] [1;31m<err> ads1220: config0 mismatch! 0x3C != 0x1C[0m
[00:00:13.013,641] [1;31m<err> analog_axis_hires: Could not setup channel #1 (-5)[0m
[00:00:13.021,331] [1;31m<err> ads1220: config2 mismatch! 0x10 != 0x00[0m
[00:00:13.021,484] [1;31m<err> ads1220: config2 mismatch! 0x15 != 0x00[0m
[00:00:13.021,636] [1;31m<err> ads1220: config0 mismatch! 0x3C != 0x1C[0m
[00:00:13.021,636] [1;31m<err> analog_axis_hires: Could not setup channel #1 (-5)[0m
[00:00:13.029,388] [1;31m<err> ads1220: config2 mismatch! 0x10 != 0x00[0m
[00:00:13.029,510] [1;31m<err> ads1220: config2 mismatch! 0x15 != 0x00[0m
[00:00:13.029,663] [1;31m<err> ads1220: config0 mismatch! 0x3C != 0x1C[0m
[00:00:13.029,663] [1;31m<err> analog_axis_hires: Could not setup channel #1 (-5)[0m
[00:00:13.037,445] [1;31m<err> ads1220: config2 mismatch! 0x10 != 0x00[0m
[00:00:13.037,567] [1;31m<err> ads1220: config2 mismatch! 0x15 != 0x00[0m
[00:00:13.037,689] [1;31m<err> ads1220: config0 mismatch! 0x3C != 0x1C[0m
[00:00:13.037,719] [1;31m<err> analog_axis_hires: Could not setup channel #1 (-5)[0m
[00:00:13.045,410] [1;31m<err> ads1220: config2 mismatch! 0x10 != 0x00[0m
[00:00:13.045,562] [1;31m<err> ads1220: config2 mismatch! 0x15 != 0x00[0m
[00:00:13.045,715] [1;31m<err> ads1220: config0 mismatch! 0x3C != 0x1C[0m
[00:00:13.045,715] [1;31m<err> analog_axis_hires: Could not setup channel #1 (-5)[0m
[00:00:13.053,466] [1;31m<err> ads1220: config2 mismatch! 0x10 != 0x00[0m
[00:00:13.053,588] [1;31m<err> ads1220: config2 mismatch! 0x15 != 0x00[0m
[00:00:13.053,741] [1;31m<err> ads1220: config0 mismatch! 0x3C != 0x1C[0m
[00:00:13.053,741] [1;31m<err> analog_axis_hires: Could not setup channel #1 (-5)[0m
[00:00:13.061,523] [1;31m<err> ads1220: config2 mismatch! 0x10 != 0x00[0m
[00:00:13.061,645] [1;31m<err> ads1220: config2 mismatch! 0x15 != 0x00[0m
[00:00:13.061,767] [1;31m<err> ads1220: config0 mismatch! 0x3C != 0x1C[0m
[00:00:13.061,798] [1;31m<err> analog_axis_hires: Could not setup channel #1 (-5)[0m
[00:00:13.069,488] [1;31m<err> ads1220: config2 mismatch! 0x10 != 0x00[0m
[00:00:13.069,641] [1;31m<err> ads1220: config2 mismatch! 0x15 != 0x00[0m
[00:00:13.069,793] [1;31m<err> ads1220: config0 mismatch! 0x3C != 0x1C[0m
[00:00:13.069,793] [1;31m<err> analog_axis_hires: Could not setup channel #1 (-5)[0m
[00:00:13.077,545] [1;31m<err> ads1220: config2 mismatch! 0x10 != 0x00[0m
[00:00:13.077,667] [1;31m<err> ads1220: config2 mismatch! 0x15 != 0x00[0m
[00:00:13.077,819] [1;31m<err> ads1220: config0 mismatch! 0x3C != 0x1C[0m
[00:00:13.077,819] [1;31m<err> analog_axis_hires: Could not setup channel #1 (-5)[0m
[00:00:13.085,601] [1;31m<err> ads1220: config2 mismatch! 0x10 != 0x00[0m
[00:00:13.085,723] [1;31m<err> ads1220: config2 mismatch! 0x15 != 0x00[0m
[00:00:13.085,845] [1;31m<err> ads1220: config0 mismatch! 0x3C != 0x1C[0m
[00:00:13.085,876] [1;31m<err> analog_axis_hires: Could not setup channel #1 (-5)[0m
[00:00:13.093,566] [1;31m<err> ads1220: config2 mismatch! 0x10 != 0x00[0m
[00:00:13.093,719] [1;31m<err> ads1220: config2 mismatch! 0x15 != 0x00[0m
[00:00:13.093,872] [1;31m<err> ads1220: config0 mismatch! 0x3C != 0x1C[0m
[00:00:13.093,872] [1;31m<err> analog_axis_hires: Could not setup channel #1 (-5)[0m
[00:00:13.101,623] [1;31m<err> ads1220: config2 mismatch! 0x10 != 0x00[0m
[00:00:13.101,745] [1;31m<err> ads1220: config2 mismatch! 0x15 != 0x00[0m
[00:00:13.101,898] [1;31m<err> ads1220: config0 mismatch! 0x3C != 0x1C[0m
[00:00:13.101,898] [1;31m<err> analog_axis_hires: Could not setup channel #1 (-5)[0m
[00:00:13.109,680] [1;31m<err> ads1220: config2 mismatch! 0x10 != 0x00[0m
[00:00:13.109,802] [1;31m<err> ads1220: config2 mismatch! 0x15 != 0x00[0m
[00:00:13.109,924] [1;31m<err> ads1220: config0 mismatch! 0x3C != 0x1C[0m
[00:00:13.109,954] [1;31m<err> analog_axis_hires: Could not setup channel #1 (-5)[0m
[00:00:13.117,645] [1;31m<err> ads1220: config2 mismatch! 0x10 != 0x00[0m
[00:00:13.117,797] [1;31m<err> ads1220: config2 mismatch! 0x15 != 0x00[0m
[00:00:13.117,950] [1;31m<err> ads1220: config0 mismatch! 0x3C != 0x1C[0m
[00:00:13.117,950] [1;31m<err> analog_axis_hires: Could not setup channel #1 (-5)[0m
[00:00:13.125,701] [1;31m<err> ads1220: config2 mismatch! 0x10 != 0x00[0m
[00:00:13.125,823] [1;31m<err> ads1220: config2 mismatch! 0x15 != 0x00[0m
[00:00:13.125,976] [1;31m<err> ads1220: config0 mismatch! 0x3C != 0x1C[0m
[00:00:13.125,976] [1;31m<err> analog_axis_hires: Could not setup channel #1 (-5)[0m
[00:00:13.133,728] [1;31m<err> ads1220: config2 mismatch! 0x10 != 0x00[0m
[00:00:13.133,850] [1;31m<err> ads1220: config2 mismatch! 0x15 != 0x00[0m
[00:00:13.133,972] [1;31m<err> ads1220: config0 mismatch! 0x3C != 0x1C[0m
[00:00:13.134,002] [1;31m<err> analog_axis_hires: Could not setup channel #1 (-5)[0m
[00:00:13.141,723] [1;31m<err> ads1220: config2 mismatch! 0x10 != 0x00[0m
[00:00:13.141,876] [1;31m<err> ads1220: config2 mismatch! 0x15 != 0x00[0m
[00:00:13.142,028] [1;31m<err> ads1220: config0 mismatch! 0x3C != 0x1C[0m
[00:00:13.142,028] [1;31m<err> analog_axis_hires: Could not setup channel #1 (-5)[0m
[00:00:13.149,780] [1;31m<err> ads1220: config2 mismatch! 0x10 != 0x00[0m
[00:00:13.149,902] [1;31m<err> ads1220: config2 mismatch! 0x15 != 0x00[0m
[00:00:13.150,054] [1;31m<err> ads1220: config0 mismatch! 0x3C != 0x1C[0m
[00:00:13.150,054] [1;31m<err> analog_axis_hires: Could not setup channel #1 (-5)[0m
[00:00:13.157,836] [1;31m<err> ads1220: config2 mismatch! 0x10 != 0x00[0m
[00:00:13.157,958] [1;31m<err> ads1220: config2 mismatch! 0x15 != 0x00[0m
[00:00:13.158,081] [1;31m<err> ads1220: config0 mismatch! 0x3C != 0x1C[0m
[00:00:13.158,081] [1;31m<err> analog_axis_hires: Could not setup channel #1 (-5)[0m
[00:00:13.165,802] [1;31m<err> ads1220: config2 mismatch! 0x10 != 0x00[0m
[00:00:13.165,954] [1;31m<err> ads1220: config2 mismatch! 0x15 != 0x00[0m
[00:00:13.166,107] [1;31m<err> ads1220: config0 mismatch! 0x3C != 0x1C[0m
[00:00:13.166,107] [1;31m<err> analog_axis_hires: Could not setup channel #1 (-5)[0m
[00:00:13.173,858] [1;31m<err> ads1220: config2 mismatch! 0x10 != 0x00[0m
[00:00:13.173,980] [1;31m<err> ads1220: config2 mismatch! 0x15 != 0x00[0m
[00:00:13.174,133] [1;31m<err> ads1220: config0 mismatch! 0x3C != 0x1C[0m
[00:00:13.174,133] [1;31m<err> analog_axis_hires: Could not setup channel #1 (-5)[0m
[00:00:13.181,915] [1;31m<err> ads1220: config2 mismatch! 0x10 != 0x00[0m
[00:00:13.182,037] [1;31m<err> ads1220: config2 mismatch! 0x15 != 0x00[0m
[00:00:13.182,159] [1;31m<err> ads1220: config0 mismatch! 0x3C != 0x1C[0m
[00:00:13.182,159] [1;31m<err> analog_axis_hires: Could not setup channel #1 (-5)[0m
[00:00:13.189,880] [1;31m<err> ads1220: config2 mismatch! 0x10 != 0x00[0m
[00:00:13.190,032] [1;31m<err> ads1220: config2 mismatch! 0x15 != 0x00[0m
[00:00:13.190,185] [1;31m<err> ads1220: config0 mismatch! 0x3C != 0x1C[0m
[00:00:13.190,185] [1;31m<err> analog_axis_hires: Could not setup channel #1 (-5)[0m
[00:00:13.197,937] [1;31m<err> ads1220: config2 mismatch! 0x10 != 0x00[0m
[00:00:13.198,059] [1;31m<err> ads1220: config2 mismatch! 0x15 != 0x00[0m
[00:00:13.198,211] [1;31m<err> ads1220: config0 mismatch! 0x3C != 0x1C[0m
[00:00:13.198,211] [1;31m<err> analog_axis_hires: Could not setup channel #1 (-5)[0m
[00:00:13.205,963] [1;31m<err> ads1220: config2 mismatch! 0x10 != 0x00[0m
[00:00:13.206,085] [1;31m<err> ads1220: config2 mismatch! 0x15 != 0x00[0m
[00:00:13.206,237] [1;31m<err> ads1220: config0 mismatch! 0x3C != 0x1C[0m
[00:00:13.206,237] [1;31m<err> analog_axis_hires: Could not setup channel #1 (-5)[0m
[00:00:13.213,958] [1;31m<err> ads1220: config2 mismatch! 0x10 != 0x00[0m
[00:00:13.214,111] [1;31m<err> ads1220: config2 mismatch! 0x15 != 0x00[0m
[00:00:13.214,263] [1;31m<err> ads1220: config0 mismatch! 0x3C != 0x1C[0m
[00:00:13.214,263] [1;31m<err> analog_axis_hires: Could not setup channel #1 (-5)[0m
[00:00:13.222,015] [1;31m<err> ads1220: config2 mismatch! 0x10 != 0x00[0m
[00:00:13.222,137] [1;31m<err> ads1220: config2 mismatch! 0x15 != 0x00[0m
[00:00:13.222,290] [1;31m<err> ads1220: config0 mismatch! 0x3C != 0x1C[0m
[00:00:13.222,290] [1;31m<err> analog_axis_hires: Could not setup channel #1 (-5)[0m
[00:00:13.230,041] [1;31m<err> ads1220: config2 mismatch! 0x10 != 0x00[0m
[00:00:13.230,194] [1;31m<err> ads1220: config2 mismatch! 0x15 != 0x00[0m
[00:00:13.230,316] [1;31m<err> ads1220: config0 mismatch! 0x3C != 0x1C[0m
[00:00:13.230,316] [1;31m<err> analog_axis_hires: Could not setup channel #1 (-5)[0m
[00:00:13.238,037] [1;31m<err> ads1220: config2 mismatch! 0x10 != 0x00[0m
[00:00:13.238,189] [1;31m<err> ads1220: config2 mismatch! 0x15 != 0x00[0m
[00:00:13.238,342] [1;31m<err> ads1220: config0 mismatch! 0x3C != 0x1C[0m
[00:00:13.238,342] [1;31m<err> analog_axis_hires: Could not setup channel #1 (-5)[0m
[00:00:13.246,093] [1;31m<err> ads1220: config2 mismatch! 0x10 != 0x00[0m
[00:00:13.246,215] [1;31m<err> ads1220: config2 mismatch! 0x15 != 0x00[0m
[00:00:13.246,368] [1;31m<err> ads1220: config0 mismatch! 0x3C != 0x1C[0m
[00:00:13.246,368] [1;31m<err> analog_axis_hires: Could not setup channel #1 (-5)[0m
[00:00:13.254,119] [1;31m<err> ads1220: config2 mismatch! 0x10 != 0x00[0m
[00:00:13.254,241] [1;31m<err> ads1220: config2 mismatch! 0x15 != 0x00[0m
[00:00:13.254,394] [1;31m<err> ads1220: config0 mismatch! 0x3C != 0x1C[0m
[00:00:13.254,394] [1;31m<err> analog_axis_hires: Could not setup channel #1 (-5)[0m
[00:00:13.262,115] [1;31m<err> ads1220: config2 mismatch! 0x10 != 0x00[0m
[00:00:13.262,268] [1;31m<err> ads1220: config2 mismatch! 0x15 != 0x00[0m
[00:00:13.262,420] [1;31m<err> ads1220: config0 mismatch! 0x3C != 0x1C[0m
[00:00:13.262,420] [1;31m<err> analog_axis_hires: Could not setup channel #1 (-5)[0m
[00:00:13.270,172] [1;31m<err> ads1220: config2 mismatch! 0x10 != 0x00[0m
[00:00:13.270,294] [1;31m<err> ads1220: config2 mismatch! 0x15 != 0x00[0m
[00:00:13.270,446] [1;31m<err> ads1220: config0 mismatch! 0x3C != 0x1C[0m
[00:00:13.270,446] [1;31m<err> analog_axis_hires: Could not setup channel #1 (-5)[0m
[00:00:13.278,228] [1;31m<err> ads1220: config2 mismatch! 0x10 != 0x00[0m
[00:00:13.278,350] [1;31m<err> ads1220: config2 mismatch! 0x15 != 0x00[0m
[00:00:13.278,503] [1;31m<err> ads1220: config0 mismatch! 0x3C != 0x1C[0m
[00:00:13.278,503] [1;31m<err> analog_axis_hires: Could not setup channel #1 (-5)[0m
[00:00:13.286,193] [1;31m<err> ads1220: config2 mismatch! 0x10 != 0x00[0m
[00:00:13.286,346] [1;31m<err> ads1220: config2 mismatch! 0x15 != 0x00[0m
[00:00:13.286,499] [1;31m<err> ads1220: config0 mismatch! 0x3C != 0x1C[0m
[00:00:13.286,499] [1;31m<err> analog_axis_hires: Could not setup channel #1 (-5)[0m
[00:00:13.294,250] [1;31m<err> ads1220: config2 mismatch! 0x10 != 0x00[0m
[00:00:13.294,372] [1;31m<err> ads1220: config2 mismatch! 0x15 != 0x00[0m
[00:00:13.294,525] [1;31m<err> ads1220: config0 mismatch! 0x3C != 0x1C[0m
[00:00:13.294,525] [1;31m<err> analog_axis_hires: Could not setup channel #1 (-5)[0m
[00:00:13.302,307] [1;31m<err> ads1220: config2 mismatch! 0x10 != 0x00[0m
[00:00:13.302,429] [1;31m<err> ads1220: config2 mismatch! 0x15 != 0x00[0m
[00:00:13.302,581] [1;31m<err> ads1220: config0 mismatch! 0x3C != 0x1C[0m
[00:00:13.302,581] [1;31m<err> analog_axis_hires: Could not setup channel #1 (-5)[0m
[00:00:13.310,272] [1;31m<err> ads1220: config2 mismatch! 0x10 != 0x00[0m
[00:00:13.310,424] [1;31m<err> ads1220: config2 mismatch! 0x15 != 0x00[0m
[00:00:13.310,577] [1;31m<err> ads1220: config0 mismatch! 0x3C != 0x1C[0m
[00:00:13.310,577] [1;31m<err> analog_axis_hires: Could not setup channel #1 (-5)[0m
[00:00:13.318,328] [1;31m<err> ads1220: config2 mismatch! 0x10 != 0x00[0m
[00:00:13.318,450] [1;31m<err> ads1220: config2 mismatch! 0x15 != 0x00[0m
[00:00:13.318,603] [1;31m<err> ads1220: config0 mismatch! 0x3C != 0x1C[0m
[00:00:13.318,603] [1;31m<err> analog_axis_hires: Could not setup channel #1 (-5)[0m
[00:00:13.326,385] [1;31m<err> ads1220: config2 mismatch! 0x10 != 0x00[0m
[00:00:13.326,507] [1;31m<err> ads1220: config2 mismatch! 0x15 != 0x00[0m
[00:00:13.326,660] [1;31m<err> ads1220: config0 mismatch! 0x3C != 0x1C[0m
[00:00:13.326,660] [1;31m<err> analog_axis_hires: Could not setup channel #1 (-5)[0m
[00:00:13.334,350] [1;31m<err> ads1220: config2 mismatch! 0x10 != 0x00[0m
[00:00:13.334,503] [1;31m<err> ads1220: config2 mismatch! 0x15 != 0x00[0m
[00:00:13.334,655] [1;31m<err> ads1220: config0 mismatch! 0x3C != 0x1C[0m
[00:00:13.334,655] [1;31m<err> analog_axis_hires: Could not setup channel #1 (-5)[0m
[00:00:13.342,407] [1;31m<err> ads1220: config2 mismatch! 0x10 != 0x00[0m
[00:00:13.342,529] [1;31m<err> ads1220: config2 mismatch! 0x15 != 0x00[0m
[00:00:13.342,681] [1;31m<err> ads1220: config0 mismatch! 0x3C != 0x1C[0m
[00:00:13.342,681] [1;31m<err> analog_axis_hires: Could not setup channel #1 (-5)[0m
[00:00:13.350,463] [1;31m<err> ads1220: config2 mismatch! 0x10 != 0x00[0m
[00:00:13.350,585] [1;31m<err> ads1220: config2 mismatch! 0x15 != 0x00[0m
[00:00:13.350,738] [1;31m<err> ads1220: config0 mismatch! 0x3C != 0x1C[0m
[00:00:13.350,738] [1;31m<err> analog_axis_hires: Could not setup channel #1 (-5)[0m
[00:00:13.358,428] [1;31m<err> ads1220: config2 mismatch! 0x10 != 0x00[0m
[00:00:13.358,581] [1;31m<err> ads1220: config2 mismatch! 0x15 != 0x00[0m
[00:00:13.358,734] [1;31m<err> ads1220: config0 mismatch! 0x3C != 0x1C[0m
[00:00:13.358,734] [1;31m<err> analog_axis_hires: Could not setup channel #1 (-5)[0m
[00:00:13.366,485] [1;31m<err> ads1220: config2 mismatch! 0x10 != 0x00[0m
[00:00:13.366,607] [1;31m<err> ads1220: config2 mismatch! 0x15 != 0x00[0m
[00:00:13.366,760] [1;31m<err> ads1220: config0 mismatch! 0x3C != 0x1C[0m
[00:00:13.366,760] [1;31m<err> analog_axis_hires: Could not setup channel #1 (-5)[0m
[00:00:13.374,511] [1;31m<err> ads1220: config2 mismatch! 0x10 != 0x00[0m
[00:00:13.374,633] [1;31m<err> ads1220: config2 mismatch! 0x15 != 0x00[0m
[00:00:13.374,786] [1;31m<err> ads1220: config0 mismatch! 0x3C != 0x1C[0m
[00:00:13.374,786] [1;31m<err> analog_axis_hires: Could not setup channel #1 (-5)[0m
[00:00:13.382,507] [1;31m<err> ads1220: config2 mismatch! 0x10 != 0x00[0m
[00:00:13.382,659] [1;31m<err> ads1220: config2 mismatch! 0x15 != 0x00[0m
[00:00:13.382,812] [1;31m<err> ads1220: config0 mismatch! 0x3C != 0x1C[0m
[00:00:13.382,812] [1;31m<err> analog_axis_hires: Could not setup channel #1 (-5)[0m
[00:00:13.390,563] [1;31m<err> ads1220: config2 mismatch! 0x10 != 0x00[0m
[00:00:13.390,686] [1;31m<err> ads1220: config2 mismatch! 0x15 != 0x00[0m
[00:00:13.390,838] [1;31m<err> ads1220: config0 mismatch! 0x3C != 0x1C[0m
[00:00:13.390,838] [1;31m<err> analog_axis_hires: Could not setup channel #1 (-5)[0m
[00:00:13.398,620] [1;31m<err> ads1220: config2 mismatch! 0x10 != 0x00[0m
[00:00:13.398,742] [1;31m<err> ads1220: config2 mismatch! 0x15 != 0x00[0m
[00:00:13.398,864] [1;31m<err> ads1220: config0 mismatch! 0x3C != 0x1C[0m
[00:00:13.398,895] [1;31m<err> analog_axis_hires: Could not setup channel #1 (-5)[0m
[00:00:13.406,585] [1;31m<err> ads1220: config2 mismatch! 0x10 != 0x00[0m
[00:00:13.406,738] [1;31m<err> ads1220: config2 mismatch! 0x15 != 0x00[0m
[00:00:13.406,890] [1;31m<err> ads1220: config0 mismatch! 0x3C != 0x1C[0m
[00:00:13.406,890] [1;31m<err> analog_axis_hires: Could not setup channel #1 (-5)[0m
[00:00:13.414,642] [1;31m<err> ads1220: config2 mismatch! 0x10 != 0x00[0m
[00:00:13.414,764] [1;31m<err> ads1220: config2 mismatch! 0x15 != 0x00[0m
[00:00:13.414,916] [1;31m<err> ads1220: config0 mismatch! 0x3C != 0x1C[0m
[00:00:13.414,916] [1;31m<err> analog_axis_hires: Could not setup channel #1 (-5)[0m
[00:00:13.422,698] [1;31m<err> ads1220: config2 mismatch! 0x10 != 0x00[0m
[00:00:13.422,821] [1;31m<err> ads1220: config2 mismatch! 0x15 != 0x00[0m
[00:00:13.422,943] [1;31m<err> ads1220: config0 mismatch! 0x3C != 0x1C[0m
[00:00:13.422,973] [1;31m<err> analog_axis_hires: Could not setup channel #1 (-5)[0m
[00:00:13.430,664] [1;31m<err> ads1220: config2 mismatch! 0x10 != 0x00[0m
[00:00:13.430,816] [1;31m<err> ads1220: config2 mismatch! 0x15 != 0x00[0m
[00:00:13.430,969] [1;31m<err> ads1220: config0 mismatch! 0x3C != 0x1C[0m
[00:00:13.430,969] [1;31m<err> analog_axis_hires: Could not setup channel #1 (-5)[0m
[00:00:13.438,720] [1;31m<err> ads1220: config2 mismatch! 0x10 != 0x00[0m
[00:00:13.438,842] [1;31m<err> ads1220: config2 mismatch! 0x15 != 0x00[0m
[00:00:13.438,995] [1;31m<err> ads1220: config0 mismatch! 0x3C != 0x1C[0m
[00:00:13.438,995] [1;31m<err> analog_axis_hires: Could not setup channel #1 (-5)[0m
[00:00:13.446,777] [1;31m<err> ads1220: config2 mismatch! 0x10 != 0x00[0m
[00:00:13.446,899] [1;31m<err> ads1220: config2 mismatch! 0x15 != 0x00[0m
[00:00:13.447,021] [1;31m<err> ads1220: config0 mismatch! 0x3C != 0x1C[0m
[00:00:13.447,052] [1;31m<err> analog_axis_hires: Could not setup channel #1 (-5)[0m
[00:00:13.454,803] [1;31m<err> ads1220: config2 mismatch! 0x10 != 0x00[0m
[00:00:13.454,956] [1;31m<err> ads1220: config2 mismatch! 0x15 != 0x00[0m
[00:00:13.455,078] [1;31m<err> ads1220: config0 mismatch! 0x3C != 0x1C[0m
[00:00:13.455,108] [1;31m<err> analog_axis_hires: Could not setup channel #1 (-5)[0m
[00:00:13.462,799] [1;31m<err> ads1220: config2 mismatch! 0x10 != 0x00[0m
[00:00:13.462,921] [1;31m<err> ads1220: config2 mismatch! 0x15 != 0x00[0m
[00:00:13.463,073] [1;31m<err> ads1220: config0 mismatch! 0x3C != 0x1C[0m
[00:00:13.463,073] [1;31m<err> analog_axis_hires: Could not setup channel #1 (-5)[0m
[00:00:13.470,855] [1;31m<err> ads1220: config2 mismatch! 0x10 != 0x00[0m
[00:00:13.470,977] [1;31m<err> ads1220: config2 mismatch! 0x15 != 0x00[0m
[00:00:13.471,130] [1;31m<err> ads1220: config0 mismatch! 0x3C != 0x1C[0m
[00:00:13.471,130] [1;31m<err> analog_axis_hires: Could not setup channel #1 (-5)[0m
[00:00:13.478,820] [1;31m<err> ads1220: config2 mismatch! 0x10 != 0x00[0m
[00:00:13.478,973] [1;31m<err> ads1220: config2 mismatch! 0x15 != 0x00[0m
[00:00:13.479,125] [1;31m<err> ads1220: config0 mismatch! 0x3C != 0x1C[0m
[00:00:13.479,125] [1;31m<err> analog_axis_hires: Could not setup channel #1 (-5)[0m
[00:00:13.486,877] [1;31m<err> ads1220: config2 mismatch! 0x10 != 0x00[0m
[00:00:13.486,999] [1;31m<err> ads1220: config2 mismatch! 0x15 != 0x00[0m
[00:00:13.487,152] [1;31m<err> ads1220: config0 mismatch! 0x3C != 0x1C[0m
[00:00:13.487,152] [1;31m<err> analog_axis_hires: Could not setup channel #1 (-5)[0m
[00:00:13.494,903] [1;31m<err> ads1220: config2 mismatch! 0x10 != 0x00[0m
[00:00:13.495,056] [1;31m<err> ads1220: config2 mismatch! 0x15 != 0x00[0m
[00:00:13.495,178] [1;31m<err> ads1220: config0 mismatch! 0x3C != 0x1C[0m
[00:00:13.495,178] [1;31m<err> analog_axis_hires: Could not setup channel #1 (-5)[0m
[00:00:13.502,899] [1;31m<err> ads1220: config2 mismatch! 0x10 != 0x00[0m
[00:00:13.503,051] [1;31m<err> ads1220: config2 mismatch! 0x15 != 0x00[0m
[00:00:13.503,204] [1;31m<err> ads1220: config0 mismatch! 0x3C != 0x1C[0m
[00:00:13.503,204] [1;31m<err> analog_axis_hires: Could not setup channel #1 (-5)[0m
[00:00:13.510,955] [1;31m<err> ads1220: config2 mismatch! 0x10 != 0x00[0m
[00:00:13.511,077] [1;31m<err> ads1220: config2 mismatch! 0x15 != 0x00[0m
[00:00:13.511,230] [1;31m<err> ads1220: config0 mismatch! 0x3C != 0x1C[0m
[00:00:13.511,230] [1;31m<err> analog_axis_hires: Could not setup channel #1 (-5)[0m
[00:00:13.518,981] [1;31m<err> ads1220: config2 mismatch! 0x10 != 0x00[0m
[00:00:13.519,134] [1;31m<err> ads1220: config2 mismatch! 0x15 != 0x00[0m
[00:00:13.519,256] [1;31m<err> ads1220: config0 mismatch! 0x3C != 0x1C[0m
[00:00:13.519,256] [1;31m<err> analog_axis_hires: Could not setup channel #1 (-5)[0m
[00:00:13.526,977] [1;31m<err> ads1220: config2 mismatch! 0x10 != 0x00[0m
[00:00:13.527,130] [1;31m<err> ads1220: config2 mismatch! 0x15 != 0x00[0m
[00:00:13.527,282] [1;31m<err> ads1220: config0 mismatch! 0x3C != 0x1C[0m
[00:00:13.527,282] [1;31m<err> analog_axis_hires: Could not setup channel #1 (-5)[0m
[00:00:13.535,034] [1;31m<err> ads1220: config2 mismatch! 0x10 != 0x00[0m
[00:00:13.535,156] [1;31m<err> ads1220: config2 mismatch! 0x15 != 0x00[0m
[00:00:13.535,308] [1;31m<err> ads1220: config0 mismatch! 0x3C != 0x1C[0m
[00:00:13.535,308] [1;31m<err> analog_axis_hires: Could not setup channel #1 (-5)[0m
[00:00:13.543,090] [1;31m<err> ads1220: config2 mismatch! 0x10 != 0x00[0m
[00:00:13.543,212] [1;31m<err> ads1220: config2 mismatch! 0x15 != 0x00[0m
[00:00:13.543,365] [1;31m<err> ads1220: config0 mismatch! 0x3C != 0x1C[0m
[00:00:13.543,365] [1;31m<err> analog_axis_hires: Could not setup channel #1 (-5)[0m
[00:00:13.551,055] [1;31m<err> ads1220: config2 mismatch! 0x10 != 0x00[0m
[00:00:13.551,208] [1;31m<err> ads1220: config2 mismatch! 0x15 != 0x00[0m
[00:00:13.551,361] [1;31m<err> ads1220: config0 mismatch! 0x3C != 0x1C[0m
[00:00:13.551,361] [1;31m<err> analog_axis_hires: Could not setup channel #1 (-5)[0m
[00:00:13.559,112] [1;31m<err> ads1220: config2 mismatch! 0x10 != 0x00[0m
[00:00:13.559,234] [1;31m<err> ads1220: config2 mismatch! 0x15 != 0x00[0m
[00:00:13.559,387] [1;31m<err> ads1220: config0 mismatch! 0x3C != 0x1C[0m
[00:00:13.559,387] [1;31m<err> analog_axis_hires: Could not setup channel #1 (-5)[0m
[00:00:13.567,169] [1;31m<err> ads1220: config2 mismatch! 0x10 != 0x00[0m
[00:00:13.567,291] [1;31m<err> ads1220: config2 mismatch! 0x15 != 0x00[0m
[00:00:13.567,413] [1;31m<err> ads1220: config0 mismatch! 0x3C != 0x1C[0m
[00:00:13.567,443] [1;31m<err> analog_axis_hires: Could not setup channel #1 (-5)[0m
[00:00:13.575,134] [1;31m<err> ads1220: config2 mismatch! 0x10 != 0x00[0m
[00:00:13.575,286] [1;31m<err> ads1220: config2 mismatch! 0x15 != 0x00[0m
[00:00:13.575,439] [1;31m<err> ads1220: config0 mismatch! 0x3C != 0x1C[0m
[00:00:13.575,439] [1;31m<err> analog_axis_hires: Could not setup channel #1 (-5)[0m
[00:00:13.583,190] [1;31m<err> ads1220: config2 mismatch! 0x10 != 0x00[0m
[00:00:13.583,312] [1;31m<err> ads1220: config2 mismatch! 0x15 != 0x00[0m
[00:00:13.583,465] [1;31m<err> ads1220: config0 mismatch! 0x3C != 0x1C[0m
[00:00:13.583,465] [1;31m<err> analog_axis_hires: Could not setup channel #1 (-5)[0m
[00:00:13.591,247] [1;31m<err> ads1220: config2 mismatch! 0x10 != 0x00[0m
[00:00:13.591,369] [1;31m<err> ads1220: config2 mismatch! 0x15 != 0x00[0m
[00:00:13.591,491] [1;31m<err> ads1220: config0 mismatch! 0x3C != 0x1C[0m
[00:00:13.591,522] [1;31m<err> analog_axis_hires: Could not setup channel #1 (-5)[0m
[00:00:13.599,212] [1;31m<err> ads1220: config2 mismatch! 0x10 != 0x00[0m
[00:00:13.599,365] [1;31m<err> ads1220: config2 mismatch! 0x15 != 0x00[0m
[00:00:13.599,517] [1;31m<err> ads1220: config0 mismatch! 0x3C != 0x1C[0m
[00:00:13.599,517] [1;31m<err> analog_axis_hires: Could not setup channel #1 (-5)[0m
[00:00:13.607,269] [1;31m<err> ads1220: config2 mismatch! 0x10 != 0x00[0m
[00:00:13.607,391] [1;31m<err> ads1220: config2 mismatch! 0x15 != 0x00[0m
[00:00:13.607,543] [1;31m<err> ads1220: config0 mismatch! 0x3C != 0x1C[0m
[00:00:13.607,543] [1;31m<err> analog_axis_hires: Could not setup channel #1 (-5)[0m
[00:00:13.615,295] [1;31m<err> ads1220: config2 mismatch! 0x10 != 0x00[0m
[00:00:13.615,417] [1;31m<err> ads1220: config2 mismatch! 0x15 != 0x00[0m
[00:00:13.615,539] [1;31m<err> ads1220: config0 mismatch! 0x3C != 0x1C[0m
[00:00:13.615,570] [1;31m<err> analog_axis_hires: Could not setup channel #1 (-5)[0m
[00:00:13.623,291] [1;31m<err> ads1220: config2 mismatch! 0x10 != 0x00[0m
[00:00:13.623,443] [1;31m<err> ads1220: config2 mismatch! 0x15 != 0x00[0m
[00:00:13.623,596] [1;31m<err> ads1220: config0 mismatch! 0x3C != 0x1C[0m
[00:00:13.623,596] [1;31m<err> analog_axis_hires: Could not setup channel #1 (-5)[0m
[00:00:13.631,347] [1;31m<err> ads1220: config2 mismatch! 0x10 != 0x00[0m
[00:00:13.631,469] [1;31m<err> ads1220: config2 mismatch! 0x15 != 0x00[0m
[00:00:13.631,622] [1;31m<err> ads1220: config0 mismatch! 0x3C != 0x1C[0m
[00:00:13.631,622] [1;31m<err> analog_axis_hires: Could not setup channel #1 (-5)[0m
[00:00:13.639,404] [1;31m<err> ads1220: config2 mismatch! 0x10 != 0x00[0m
[00:00:13.639,526] [1;31m<err> ads1220: config2 mismatch! 0x15 != 0x00[0m
[00:00:13.639,648] [1;31m<err> ads1220: config0 mismatch! 0x3C != 0x1C[0m
[00:00:13.639,678] [1;31m<err> analog_axis_hires: Could not setup channel #1 (-5)[0m
[00:00:13.647,369] [1;31m<err> ads1220: config2 mismatch! 0x10 != 0x00[0m
[00:00:13.647,521] [1;31m<err> ads1220: config2 mismatch! 0x15 != 0x00[0m
[00:00:13.647,674] [1;31m<err> ads1220: config0 mismatch! 0x3C != 0x1C[0m
[00:00:13.647,674] [1;31m<err> analog_axis_hires: Could not setup channel #1 (-5)[0m
[00:00:13.655,426] [1;31m<err> ads1220: config2 mismatch! 0x10 != 0x00[0m
[00:00:13.655,548] [1;31m<err> ads1220: config2 mismatch! 0x15 != 0x00[0m
[00:00:13.655,700] [1;31m<err> ads1220: config0 mismatch! 0x3C != 0x1C[0m
[00:00:13.655,700] [1;31m<err> analog_axis_hires: Could not setup channel #1 (-5)[0m
[00:00:13.663,482] [1;31m<err> ads1220: config2 mismatch! 0x10 != 0x00[0m
[00:00:13.663,604] [1;31m<err> ads1220: config2 mismatch! 0x15 != 0x00[0m
[00:00:13.663,726] [1;31m<err> ads1220: config0 mismatch! 0x3C != 0x1C[0m
[00:00:13.663,757] [1;31m<err> analog_axis_hires: Could not setup channel #1 (-5)[0m
[00:00:13.671,447] [1;31m<err> ads1220: config2 mismatch! 0x10 != 0x00[0m
[00:00:13.671,600] [1;31m<err> ads1220: config2 mismatch! 0x15 != 0x00[0m
[00:00:13.671,752] [1;31m<err> ads1220: config0 mismatch! 0x3C != 0x1C[0m
[00:00:13.671,752] [1;31m<err> analog_axis_hires: Could not setup channel #1 (-5)[0m
[00:00:13.679,504] [1;31m<err> ads1220: config2 mismatch! 0x10 != 0x00[0m
[00:00:13.679,626] [1;31m<err> ads1220: config2 mismatch! 0x15 != 0x00[0m
[00:00:13.679,779] [1;31m<err> ads1220: config0 mismatch! 0x3C != 0x1C[0m
[00:00:13.679,779] [1;31m<err> analog_axis_hires: Could not setup channel #1 (-5)[0m
[00:00:13.687,561] [1;31m<err> ads1220: config2 mismatch! 0x10 != 0x00[0m
[00:00:13.687,683] [1;31m<err> ads1220: config2 mismatch! 0x15 != 0x00[0m
[00:00:13.687,805] [1;31m<err> ads1220: config0 mismatch! 0x3C != 0x1C[0m
[00:00:13.687,805] [1;31m<err> analog_axis_hires: Could not setup channel #1 (-5)[0m
[00:00:13.695,526] [1;31m<err> ads1220: config2 mismatch! 0x10 != 0x00[0m
[00:00:13.695,678] [1;31m<err> ads1220: config2 mismatch! 0x15 != 0x00[0m
[00:00:13.695,831] [1;31m<err> ads1220: config0 mismatch! 0x3C != 0x1C[0m
[00:00:13.695,831] [1;31m<err> analog_axis_hires: Could not setup channel #1 (-5)[0m
[00:00:13.703,582] [1;31m<err> ads1220: config2 mismatch! 0x10 != 0x00[0m
[00:00:13.703,704] [1;31m<err> ads1220: config2 mismatch! 0x15 != 0x00[0m
[00:00:13.703,857] [1;31m<err> ads1220: config0 mismatch! 0x3C != 0x1C[0m
[00:00:13.703,857] [1;31m<err> analog_axis_hires: Could not setup channel #1 (-5)[0m
[00:00:13.711,639] [1;31m<err> ads1220: config2 mismatch! 0x10 != 0x00[0m
[00:00:13.711,761] [1;31m<err> ads1220: config2 mismatch! 0x15 != 0x00[0m
[00:00:13.711,883] [1;31m<err> ads1220: config0 mismatch! 0x3C != 0x1C[0m
[00:00:13.711,914] [1;31m<err> analog_axis_hires: Could not setup channel #1 (-5)[0m
[00:00:13.719,604] [1;31m<err> ads1220: config2 mismatch! 0x10 != 0x00[0m
[00:00:13.719,757] [1;31m<err> ads1220: config2 mismatch! 0x15 != 0x00[0m
[00:00:13.719,909] [1;31m<err> ads1220: config0 mismatch! 0x3C != 0x1C[0m
[00:00:13.719,909] [1;31m<err> analog_axis_hires: Could not setup channel #1 (-5)[0m
[00:00:13.727,661] [1;31m<err> ads1220: config2 mismatch! 0x10 != 0x00[0m
[00:00:13.727,783] [1;31m<err> ads1220: config2 mismatch! 0x15 != 0x00[0m
[00:00:13.727,935] [1;31m<err> ads1220: config0 mismatch! 0x3C != 0x1C[0m
[00:00:13.727,935] [1;31m<err> analog_axis_hires: Could not setup channel #1 (-5)[0m
[00:00:13.735,687] [1;31m<err> ads1220: config2 mismatch! 0x10 != 0x00[0m
[00:00:13.735,839] [1;31m<err> ads1220: config2 mismatch! 0x15 != 0x00[0m
[00:00:13.735,961] [1;31m<err> ads1220: config0 mismatch! 0x3C != 0x1C[0m
[00:00:13.735,961] [1;31m<err> analog_axis_hires: Could not setup channel #1 (-5)[0m
[00:00:13.743,682] [1;31m<err> ads1220: config2 mismatch! 0x10 != 0x00[0m
[00:00:13.743,835] [1;31m<err> ads1220: config2 mismatch! 0x15 != 0x00[0m
[00:00:13.743,988] [1;31m<err> ads1220: config0 mismatch! 0x3C != 0x1C[0m
[00:00:13.743,988] [1;31m<err> analog_axis_hires: Could not setup channel #1 (-5)[0m
[00:00:13.751,739] [1;31m<err> ads1220: config2 mismatch! 0x10 != 0x00[0m
[00:00:13.751,861] [1;31m<err> ads1220: config2 mismatch! 0x15 != 0x00[0m
[00:00:13.752,014] [1;31m<err> ads1220: config0 mismatch! 0x3C != 0x1C[0m
[00:00:13.752,014] [1;31m<err> analog_axis_hires: Could not setup channel #1 (-5)[0m
[00:00:13.759,796] [1;31m<err> ads1220: config2 mismatch! 0x10 != 0x00[0m
[00:00:13.759,918] [1;31m<err> ads1220: config2 mismatch! 0x15 != 0x00[0m
[00:00:13.760,040] [1;31m<err> ads1220: config0 mismatch! 0x3C != 0x1C[0m
[00:00:13.760,040] [1;31m<err> analog_axis_hires: Could not setup channel #1 (-5)[0m
[00:00:13.767,761] [1;31m<err> ads1220: config2 mismatch! 0x10 != 0x00[0m
[00:00:13.767,913] [1;31m<err> ads1220: config2 mismatch! 0x15 != 0x00[0m
[00:00:13.768,066] [1;31m<err> ads1220: config0 mismatch! 0x3C != 0x1C[0m
[00:00:13.768,066] [1;31m<err> analog_axis_hires: Could not setup channel #1 (-5)[0m
[00:00:13.775,817] [1;31m<err> ads1220: config2 mismatch! 0x10 != 0x00[0m
[00:00:13.775,939] [1;31m<err> ads1220: config2 mismatch! 0x15 != 0x00[0m
[00:00:13.776,092] [1;31m<err> ads1220: config0 mismatch! 0x3C != 0x1C[0m
[00:00:13.776,092] [1;31m<err> analog_axis_hires: Could not setup channel #1 (-5)[0m
[00:00:13.783,843] [1;31m<err> ads1220: config2 mismatch! 0x10 != 0x00[0m
[00:00:13.783,966] [1;31m<err> ads1220: config2 mismatch! 0x15 != 0x00[0m
[00:00:13.784,118] [1;31m<err> ads1220: config0 mismatch! 0x3C != 0x1C[0m
[00:00:13.784,118] [1;31m<err> analog_axis_hires: Could not setup channel #1 (-5)[0m
[00:00:13.791,839] [1;31m<err> ads1220: config2 mismatch! 0x10 != 0x00[0m
[00:00:13.791,992] [1;31m<err> ads1220: config2 mismatch! 0x15 != 0x00[0m
[00:00:13.792,144] [1;31m<err> ads1220: config0 mismatch! 0x3C != 0x1C[0m
[00:00:13.792,144] [1;31m<err> analog_axis_hires: Could not setup channel #1 (-5)[0m
[00:00:13.799,896] [1;31m<err> ads1220: config2 mismatch! 0x10 != 0x00[0m
[00:00:13.800,018] [1;31m<err> ads1220: config2 mismatch! 0x15 != 0x00[0m
[00:00:13.800,170] [1;31m<err> ads1220: config0 mismatch! 0x3C != 0x1C[0m
[00:00:13.800,170] [1;31m<err> analog_axis_hires: Could not setup channel #1 (-5)[0m
[00:00:13.807,922] [1;31m<err> ads1220: config2 mismatch! 0x10 != 0x00[0m
[00:00:13.808,044] [1;31m<err> ads1220: config2 mismatch! 0x15 != 0x00[0m
[00:00:13.808,197] [1;31m<err> ads1220: config0 mismatch! 0x3C != 0x1C[0m
[00:00:13.808,197] [1;31m<err> analog_axis_hires: Could not setup channel #1 (-5)[0m
[00:00:13.815,917] [1;31m<err> ads1220: config2 mismatch! 0x10 != 0x00[0m
[00:00:13.816,070] [1;31m<err> ads1220: config2 mismatch! 0x15 != 0x00[0m
[00:00:13.816,223] [1;31m<err> ads1220: config0 mismatch! 0x3C != 0x1C[0m
[00:00:13.816,223] [1;31m<err> analog_axis_hires: Could not setup channel #1 (-5)[0m
[00:00:13.823,974] [1;31m<err> ads1220: config2 mismatch! 0x10 != 0x00[0m
[00:00:13.824,096] [1;31m<err> ads1220: config2 mismatch! 0x15 != 0x00[0m
[00:00:13.824,249] [1;31m<err> ads1220: config0 mismatch! 0x3C != 0x1C[0m
[00:00:13.824,249] [1;31m<err> analog_axis_hires: Could not setup channel #1 (-5)[0m
[00:00:13.832,031] [1;31m<err> ads1220: config2 mismatch! 0x10 != 0x00[0m
[00:00:13.832,153] [1;31m<err> ads1220: config2 mismatch! 0x15 != 0x00[0m
[00:00:13.832,305] [1;31m<err> ads1220: config0 mismatch! 0x3C != 0x1C[0m
[00:00:13.832,305] [1;31m<err> analog_axis_hires: Could not setup channel #1 (-5)[0m
[00:00:13.839,996] [1;31m<err> ads1220: config2 mismatch! 0x10 != 0x00[0m
[00:00:13.840,148] [1;31m<err> ads1220: config2 mismatch! 0x15 != 0x00[0m
[00:00:13.840,301] [1;31m<err> ads1220: config0 mismatch! 0x3C != 0x1C[0m
[00:00:13.840,301] [1;31m<err> analog_axis_hires: Could not setup channel #1 (-5)[0m
[00:00:13.848,052] [1;31m<err> ads1220: config2 mismatch! 0x10 != 0x00[0m
[00:00:13.848,175] [1;31m<err> ads1220: config2 mismatch! 0x15 != 0x00[0m
[00:00:13.848,327] [1;31m<err> ads1220: config0 mismatch! 0x3C != 0x1C[0m
[00:00:13.848,327] [1;31m<err> analog_axis_hires: Could not setup channel #1 (-5)[0m
[00:00:13.856,109] [1;31m<err> ads1220: config2 mismatch! 0x10 != 0x00[0m
[00:00:13.856,231] [1;31m<err> ads1220: config2 mismatch! 0x15 != 0x00[0m
[00:00:13.856,353] [1;31m<err> ads1220: config0 mismatch! 0x3C != 0x1C[0m
[00:00:13.856,384] [1;31m<err> analog_axis_hires: Could not setup channel #1 (-5)[0m
[00:00:13.864,074] [1;31m<err> ads1220: config2 mismatch! 0x10 != 0x00[0m
[00:00:13.864,227] [1;31m<err> ads1220: config2 mismatch! 0x15 != 0x00[0m
[00:00:13.864,379] [1;31m<err> ads1220: config0 mismatch! 0x3C != 0x1C[0m
[00:00:13.864,379] [1;31m<err> analog_axis_hires: Could not setup channel #1 (-5)[0m
[00:00:13.872,131] [1;31m<err> ads1220: config2 mismatch! 0x10 != 0x00[0m
[00:00:13.872,253] [1;31m<err> ads1220: config2 mismatch! 0x15 != 0x00[0m
[00:00:13.872,406] [1;31m<err> ads1220: config0 mismatch! 0x3C != 0x1C[0m
[00:00:13.872,406] [1;31m<err> analog_axis_hires: Could not setup channel #1 (-5)[0m
[00:00:13.880,187] [1;31m<err> ads1220: config2 mismatch! 0x10 != 0x00[0m
[00:00:13.880,310] [1;31m<err> ads1220: config2 mismatch! 0x15 != 0x00[0m
[00:00:13.880,432] [1;31m<err> ads1220: config0 mismatch! 0x3C != 0x1C[0m
[00:00:13.880,462] [1;31m<err> analog_axis_hires: Could not setup channel #1 (-5)[0m
[00:00:13.888,153] [1;31m<err> ads1220: config2 mismatch! 0x10 != 0x00[0m
[00:00:13.888,305] [1;31m<err> ads1220: config2 mismatch! 0x15 != 0x00[0m
[00:00:13.888,458] [1;31m<err> ads1220: config0 mismatch! 0x3C != 0x1C[0m
[00:00:13.888,458] [1;31m<err> analog_axis_hires: Could not setup channel #1 (-5)[0m
[00:00:13.896,209] [1;31m<err> ads1220: config2 mismatch! 0x10 != 0x00[0m
[00:00:13.896,331] [1;31m<err> ads1220: config2 mismatch! 0x15 != 0x00[0m
[00:00:13.896,484] [1;31m<err> ads1220: config0 mismatch! 0x3C != 0x1C[0m
[00:00:13.896,484] [1;31m<err> analog_axis_hires: Could not setup channel #1 (-5)[0m
[00:00:13.904,266] [1;31m<err> ads1220: config2 mismatch! 0x10 != 0x00[0m
[00:00:13.904,388] [1;31m<err> ads1220: config2 mismatch! 0x15 != 0x00[0m
[00:00:13.904,510] [1;31m<err> ads1220: config0 mismatch! 0x3C != 0x1C[0m
[00:00:13.904,541] [1;31m<err> analog_axis_hires: Could not setup channel #1 (-5)[0m
[00:00:13.912,231] [1;31m<err> ads1220: config2 mismatch! 0x10 != 0x00[0m
[00:00:13.912,384] [1;31m<err> ads1220: config2 mismatch! 0x15 != 0x00[0m
[00:00:13.912,536] [1;31m<err> ads1220: config0 mismatch! 0x3C != 0x1C[0m
[00:00:13.912,536] [1;31m<err> analog_axis_hires: Could not setup channel #1 (-5)[0m
[00:00:13.920,288] [1;31m<err> ads1220: config2 mismatch! 0x10 != 0x00[0m
[00:00:13.920,410] [1;31m<err> ads1220: config2 mismatch! 0x15 != 0x00[0m
[00:00:13.920,562] [1;31m<err> ads1220: config0 mismatch! 0x3C != 0x1C[0m
[00:00:13.920,562] [1;31m<err> analog_axis_hires: Could not setup channel #1 (-5)[0m
[00:00:13.928,344] [1;31m<err> ads1220: config2 mismatch! 0x10 != 0x00[0m
[00:00:13.928,466] [1;31m<err> ads1220: config2 mismatch! 0x15 != 0x00[0m
[00:00:13.928,588] [1;31m<err> ads1220: config0 mismatch! 0x3C != 0x1C[0m
[00:00:13.928,619] [1;31m<err> analog_axis_hires: Could not setup channel #1 (-5)[0m
[00:00:13.936,309] [1;31m<err> ads1220: config2 mismatch! 0x10 != 0x00[0m
[00:00:13.936,462] [1;31m<err> ads1220: config2 mismatch! 0x15 != 0x00[0m
[00:00:13.936,614] [1;31m<err> ads1220: config0 mismatch! 0x3C != 0x1C[0m
[00:00:13.936,614] [1;31m<err> analog_axis_hires: Could not setup channel #1 (-5)[0m
[00:00:13.944,366] [1;31m<err> ads1220: config2 mismatch! 0x10 != 0x00[0m
[00:00:13.944,488] [1;31m<err> ads1220: config2 mismatch! 0x15 != 0x00[0m
[00:00:13.944,641] [1;31m<err> ads1220: config0 mismatch! 0x3C != 0x1C[0m
[00:00:13.944,641] [1;31m<err> analog_axis_hires: Could not setup channel #1 (-5)[0m
[00:00:13.952,392] [1;31m<err> ads1220: config2 mismatch! 0x10 != 0x00[0m
[00:00:13.952,514] [1;31m<err> ads1220: config2 mismatch! 0x15 != 0x00[0m
[00:00:13.952,636] [1;31m<err> ads1220: config0 mismatch! 0x3C != 0x1C[0m
[00:00:13.952,667] [1;31m<err> analog_axis_hires: Could not setup channel #1 (-5)[0m
[00:00:13.960,388] [1;31m<err> ads1220: config2 mismatch! 0x10 != 0x00[0m
[00:00:13.960,540] [1;31m<err> ads1220: config2 mismatch! 0x15 != 0x00[0m
[00:00:13.960,693] [1;31m<err> ads1220: config0 mismatch! 0x3C != 0x1C[0m
[00:00:13.960,693] [1;31m<err> analog_axis_hires: Could not setup channel #1 (-5)[0m
[00:00:13.968,444] [1;31m<err> ads1220: config2 mismatch! 0x10 != 0x00[0m
[00:00:13.968,566] [1;31m<err> ads1220: config2 mismatch! 0x15 != 0x00[0m
[00:00:13.968,719] [1;31m<err> ads1220: config0 mismatch! 0x3C != 0x1C[0m
[00:00:13.968,719] [1;31m<err> analog_axis_hires: Could not setup channel #1 (-5)[0m
[00:00:13.976,501] [1;31m<err> ads1220: config2 mismatch! 0x10 != 0x00[0m
[00:00:13.976,623] [1;31m<err> ads1220: config2 mismatch! 0x15 != 0x00[0m
[00:00:13.976,776] [1;31m<err> ads1220: config0 mismatch! 0x3C != 0x1C[0m
[00:00:13.976,776] [1;31m<err> analog_axis_hires: Could not setup channel #1 (-5)[0m
[00:00:13.984,466] [1;31m<err> ads1220: config2 mismatch! 0x10 != 0x00[0m
[00:00:13.984,619] [1;31m<err> ads1220: config2 mismatch! 0x15 != 0x00[0m
[00:00:13.984,771] [1;31m<err> ads1220: config0 mismatch! 0x3C != 0x1C[0m
[00:00:13.984,771] [1;31m<err> analog_axis_hires: Could not setup channel #1 (-5)[0m
[00:00:13.992,523] [1;31m<err> ads1220: config2 mismatch! 0x10 != 0x00[0m
[00:00:13.992,645] [1;31m<err> ads1220: config2 mismatch! 0x15 != 0x00[0m
[00:00:13.992,797] [1;31m<err> ads1220: config0 mismatch! 0x3C != 0x1C[0m
[00:00:13.992,797] [1;31m<err> analog_axis_hires: Could not setup channel #1 (-5)[0m
[00:00:14.000,549] [1;31m<err> ads1220: config2 mismatch! 0x10 != 0x00[0m
[00:00:14.000,701] [1;31m<err> ads1220: config2 mismatch! 0x15 != 0x00[0m
[00:00:14.000,823] [1;31m<err> ads1220: config0 mismatch! 0x3C != 0x1C[0m
[00:00:14.000,823] [1;31m<err> analog_axis_hires: Could not setup channel #1 (-5)[0m
[00:00:14.008,544] [1;31m<err> ads1220: config2 mismatch! 0x10 != 0x00[0m
[00:00:14.008,697] [1;31m<err> ads1220: config2 mismatch! 0x15 != 0x00[0m
[00:00:14.008,850] [1;31m<err> ads1220: config0 mismatch! 0x3C != 0x1C[0m
[00:00:14.008,850] [1;31m<err> analog_axis_hires: Could not setup channel #1 (-5)[0m
[00:00:14.016,601] [1;31m<err> ads1220: config2 mismatch! 0x10 != 0x00[0m
[00:00:14.016,723] [1;31m<err> ads1220: config2 mismatch! 0x15 != 0x00[0m
[00:00:14.016,876] [1;31m<err> ads1220: config0 mismatch! 0x3C != 0x1C[0m
[00:00:14.016,876] [1;31m<err> analog_axis_hires: Could not setup channel #1 (-5)[0m
[00:00:14.024,658] [1;31m<err> ads1220: config2 mismatch! 0x10 != 0x00[0m
[00:00:14.024,780] [1;31m<err> ads1220: config2 mismatch! 0x15 != 0x00[0m
[00:00:14.024,902] [1;31m<err> ads1220: config0 mismatch! 0x3C != 0x1C[0m
[00:00:14.024,902] [1;31m<err> analog_axis_hires: Could not setup channel #1 (-5)[0m
[00:00:14.032,684] [1;31m<err> ads1220: config2 mismatch! 0x10 != 0x00[0m
[00:00:14.032,836] [1;31m<err> ads1220: config2 mismatch! 0x15 != 0x00[0m
[00:00:14.032,989] [1;31m<err> ads1220: config0 mismatch! 0x3C != 0x1C[0m
[00:00:14.032,989] [1;31m<err> analog_axis_hires: Could not setup channel #1 (-5)[0m
[00:00:14.040,679] [1;31m<err> ads1220: config2 mismatch! 0x10 != 0x00[0m
[00:00:14.040,802] [1;31m<err> ads1220: config2 mismatch! 0x15 != 0x00[0m
[00:00:14.040,954] [1;31m<err> ads1220: config0 mismatch! 0x3C != 0x1C[0m
[00:00:14.040,954] [1;31m<err> analog_axis_hires: Could not setup channel #1 (-5)[0m
[00:00:14.048,736] [1;31m<err> ads1220: config2 mismatch! 0x10 != 0x00[0m
[00:00:14.048,858] [1;31m<err> ads1220: config2 mismatch! 0x15 != 0x00[0m
[00:00:14.049,011] [1;31m<err> ads1220: config0 mismatch! 0x3C != 0x1C[0m
[00:00:14.049,011] [1;31m<err> analog_axis_hires: Could not setup channel #1 (-5)[0m
[00:00:14.056,701] [1;31m<err> ads1220: config2 mismatch! 0x10 != 0x00[0m
[00:00:14.056,854] [1;31m<err> ads1220: config2 mismatch! 0x15 != 0x00[0m
[00:00:14.057,006] [1;31m<err> ads1220: config0 mismatch! 0x3C != 0x1C[0m
[00:00:14.057,006] [1;31m<err> analog_axis_hires: Could not setup channel #1 (-5)[0m
[00:00:14.064,758] [1;31m<err> ads1220: config2 mismatch! 0x10 != 0x00[0m
[00:00:14.064,880] [1;31m<err> ads1220: config2 mismatch! 0x15 != 0x00[0m
[00:00:14.065,032] [1;31m<err> ads1220: config0 mismatch! 0x3C != 0x1C[0m
[00:00:14.065,032] [1;31m<err> analog_axis_hires: Could not setup channel #1 (-5)[0m
[00:00:14.072,784] [1;31m<err> ads1220: config2 mismatch! 0x10 != 0x00[0m
[00:00:14.072,937] [1;31m<err> ads1220: config2 mismatch! 0x15 != 0x00[0m
[00:00:14.073,059] [1;31m<err> ads1220: config0 mismatch! 0x3C != 0x1C[0m
[00:00:14.073,059] [1;31m<err> analog_axis_hires: Could not setup channel #1 (-5)[0m
[00:00:14.080,780] [1;31m<err> ads1220: config2 mismatch! 0x10 != 0x00[0m
[00:00:14.080,932] [1;31m<err> ads1220: config2 mismatch! 0x15 != 0x00[0m
[00:00:14.081,085] [1;31m<err> ads1220: config0 mismatch! 0x3C != 0x1C[0m
[00:00:14.081,085] [1;31m<err> analog_axis_hires: Could not setup channel #1 (-5)[0m
[00:00:14.088,836] [1;31m<err> ads1220: config2 mismatch! 0x10 != 0x00[0m
[00:00:14.088,958] [1;31m<err> ads1220: config2 mismatch! 0x15 != 0x00[0m
[00:00:14.089,111] [1;31m<err> ads1220: config0 mismatch! 0x3C != 0x1C[0m
[00:00:14.089,111] [1;31m<err> analog_axis_hires: Could not setup channel #1 (-5)[0m
[00:00:14.096,893] [1;31m<err> ads1220: config2 mismatch! 0x10 != 0x00[0m
[00:00:14.097,015] [1;31m<err> ads1220: config2 mismatch! 0x15 != 0x00[0m
[00:00:14.097,167] [1;31m<err> ads1220: config0 mismatch! 0x3C != 0x1C[0m
[00:00:14.097,167] [1;31m<err> analog_axis_hires: Could not setup channel #1 (-5)[0m
[00:00:14.104,858] [1;31m<err> ads1220: config2 mismatch! 0x10 != 0x00[0m
[00:00:14.105,010] [1;31m<err> ads1220: config2 mismatch! 0x15 != 0x00[0m
[00:00:14.105,163] [1;31m<err> ads1220: config0 mismatch! 0x3C != 0x1C[0m
[00:00:14.105,163] [1;31m<err> analog_axis_hires: Could not setup channel #1 (-5)[0m
[00:00:14.112,915] [1;31m<err> ads1220: config2 mismatch! 0x10 != 0x00[0m
[00:00:14.113,037] [1;31m<err> ads1220: config2 mismatch! 0x15 != 0x00[0m
[00:00:14.113,189] [1;31m<err> ads1220: config0 mismatch! 0x3C != 0x1C[0m
[00:00:14.113,189] [1;31m<err> analog_axis_hires: Could not setup channel #1 (-5)[0m
[00:00:14.120,971] [1;31m<err> ads1220: config2 mismatch! 0x10 != 0x00[0m
[00:00:14.121,093] [1;31m<err> ads1220: config2 mismatch! 0x15 != 0x00[0m
[00:00:14.121,246] [1;31m<err> ads1220: config0 mismatch! 0x3C != 0x1C[0m
[00:00:14.121,246] [1;31m<err> analog_axis_hires: Could not setup channel #1 (-5)[0m
[00:00:14.128,936] [1;31m<err> ads1220: config2 mismatch! 0x10 != 0x00[0m
[00:00:14.129,089] [1;31m<err> ads1220: config2 mismatch! 0x15 != 0x00[0m
[00:00:14.129,241] [1;31m<err> ads1220: config0 mismatch! 0x3C != 0x1C[0m
[00:00:14.129,241] [1;31m<err> analog_axis_hires: Could not setup channel #1 (-5)[0m
[00:00:14.136,993] [1;31m<err> ads1220: config2 mismatch! 0x10 != 0x00[0m
[00:00:14.137,115] [1;31m<err> ads1220: config2 mismatch! 0x15 != 0x00[0m
[00:00:14.137,268] [1;31m<err> ads1220: config0 mismatch! 0x3C != 0x1C[0m
[00:00:14.137,268] [1;31m<err> analog_axis_hires: Could not setup channel #1 (-5)[0m
[00:00:14.145,050] [1;31m<err> ads1220: config2 mismatch! 0x10 != 0x00[0m
[00:00:14.145,172] [1;31m<err> ads1220: config2 mismatch! 0x15 != 0x00[0m
[00:00:14.145,294] [1;31m<err> ads1220: config0 mismatch! 0x3C != 0x1C[0m
[00:00:14.145,324] [1;31m<err> analog_axis_hires: Could not setup channel #1 (-5)[0m
[00:00:14.153,015] [1;31m<err> ads1220: config2 mismatch! 0x10 != 0x00[0m
[00:00:14.153,167] [1;31m<err> ads1220: config2 mismatch! 0x15 != 0x00[0m
[00:00:14.153,320] [1;31m<err> ads1220: config0 mismatch! 0x3C != 0x1C[0m
[00:00:14.153,320] [1;31m<err> analog_axis_hires: Could not setup channel #1 (-5)[0m
[00:00:14.161,071] [1;31m<err> ads1220: config2 mismatch! 0x10 != 0x00[0m
[00:00:14.161,193] [1;31m<err> ads1220: config2 mismatch! 0x15 != 0x00[0m
[00:00:14.161,346] [1;31m<err> ads1220: config0 mismatch! 0x3C != 0x1C[0m
[00:00:14.161,346] [1;31m<err> analog_axis_hires: Could not setup channel #1 (-5)[0m
[00:00:14.169,128] [1;31m<err> ads1220: config2 mismatch! 0x10 != 0x00[0m
[00:00:14.169,250] [1;31m<err> ads1220: config2 mismatch! 0x15 != 0x00[0m
[00:00:14.169,372] [1;31m<err> ads1220: config0 mismatch! 0x3C != 0x1C[0m
[00:00:14.169,403] [1;31m<err> analog_axis_hires: Could not setup channel #1 (-5)[0m
[00:00:14.177,093] [1;31m<err> ads1220: config2 mismatch! 0x10 != 0x00[0m
[00:00:14.177,246] [1;31m<err> ads1220: config2 mismatch! 0x15 != 0x00[0m
[00:00:14.177,398] [1;31m<err> ads1220: config0 mismatch! 0x3C != 0x1C[0m
[00:00:14.177,398] [1;31m<err> analog_axis_hires: Could not setup channel #1 (-5)[0m
[00:00:14.185,150] [1;31m<err> ads1220: config2 mismatch! 0x10 != 0x00[0m
[00:00:14.185,272] [1;31m<err> ads1220: config2 mismatch! 0x15 != 0x00[0m
[00:00:14.185,424] [1;31m<err> ads1220: config0 mismatch! 0x3C != 0x1C[0m
[00:00:14.185,424] [1;31m<err> analog_axis_hires: Could not setup channel #1 (-5)[0m
[00:00:14.193,206] [1;31m<err> ads1220: config2 mismatch! 0x10 != 0x00[0m
[00:00:14.193,328] [1;31m<err> ads1220: config2 mismatch! 0x15 != 0x00[0m
[00:00:14.193,450] [1;31m<err> ads1220: config0 mismatch! 0x3C != 0x1C[0m
[00:00:14.193,481] [1;31m<err> analog_axis_hires: Could not setup channel #1 (-5)[0m
[00:00:14.201,171] [1;31m<err> ads1220: config2 mismatch! 0x10 != 0x00[0m
[00:00:14.201,324] [1;31m<err> ads1220: config2 mismatch! 0x15 != 0x00[0m
[00:00:14.201,477] [1;31m<err> ads1220: config0 mismatch! 0x3C != 0x1C[0m
[00:00:14.201,477] [1;31m<err> analog_axis_hires: Could not setup channel #1 (-5)[0m
[00:00:14.209,228] [1;31m<err> ads1220: config2 mismatch! 0x10 != 0x00[0m
[00:00:14.209,350] [1;31m<err> ads1220: config2 mismatch! 0x15 != 0x00[0m
[00:00:14.209,503] [1;31m<err> ads1220: config0 mismatch! 0x3C != 0x1C[0m
[00:00:14.209,503] [1;31m<err> analog_axis_hires: Could not setup channel #1 (-5)[0m
[00:00:14.217,285] [1;31m<err> ads1220: config2 mismatch! 0x10 != 0x00[0m
[00:00:14.217,407] [1;31m<err> ads1220: config2 mismatch! 0x15 != 0x00[0m
[00:00:14.217,529] [1;31m<err> ads1220: config0 mismatch! 0x3C != 0x1C[0m
[00:00:14.217,559] [1;31m<err> analog_axis_hires: Could not setup channel #1 (-5)[0m
[00:00:14.225,250] [1;31m<err> ads1220: config2 mismatch! 0x10 != 0x00[0m
[00:00:14.225,402] [1;31m<err> ads1220: config2 mismatch! 0x15 != 0x00[0m
[00:00:14.225,524] [1;31m<err> ads1220: config0 mismatch! 0x3C != 0x1C[0m
[00:00:14.225,555] [1;31m<err> analog_axis_hires: Could not setup channel #1 (-5)[0m
[00:00:14.233,306] [1;31m<err> ads1220: config2 mismatch! 0x10 != 0x00[0m
[00:00:14.233,428] [1;31m<err> ads1220: config2 mismatch! 0x15 != 0x00[0m
[00:00:14.233,581] [1;31m<err> ads1220: config0 mismatch! 0x3C != 0x1C[0m
[00:00:14.233,581] [1;31m<err> analog_axis_hires: Could not setup channel #1 (-5)[0m
[00:00:14.241,333] [1;31m<err> ads1220: config2 mismatch! 0x10 != 0x00[0m
[00:00:14.241,455] [1;31m<err> ads1220: config2 mismatch! 0x15 != 0x00[0m
[00:00:14.241,577] [1;31m<err> ads1220: config0 mismatch! 0x3C != 0x1C[0m
[00:00:14.241,607] [1;31m<err> analog_axis_hires: Could not setup channel #1 (-5)[0m
[00:00:14.249,328] [1;31m<err> ads1220: config2 mismatch! 0x10 != 0x00[0m
[00:00:14.249,481] [1;31m<err> ads1220: config2 mismatch! 0x15 != 0x00[0m
[00:00:14.249,633] [1;31m<err> ads1220: config0 mismatch! 0x3C != 0x1C[0m
[00:00:14.249,633] [1;31m<err> analog_axis_hires: Could not setup channel #1 (-5)[0m
[00:00:14.257,385] [1;31m<err> ads1220: config2 mismatch! 0x10 != 0x00[0m
[00:00:14.257,507] [1;31m<err> ads1220: config2 mismatch! 0x15 != 0x00[0m
[00:00:14.257,659] [1;31m<err> ads1220: config0 mismatch! 0x3C != 0x1C[0m
[00:00:14.257,659] [1;31m<err> analog_axis_hires: Could not setup channel #1 (-5)[0m
[00:00:14.265,441] [1;31m<err> ads1220: config2 mismatch! 0x10 != 0x00[0m
[00:00:14.265,563] [1;31m<err> ads1220: config2 mismatch! 0x15 != 0x00[0m
[00:00:14.265,686] [1;31m<err> ads1220: config0 mismatch! 0x3C != 0x1C[0m
[00:00:14.265,716] [1;31m<err> analog_axis_hires: Could not setup channel #1 (-5)[0m
[00:00:14.273,406] [1;31m<err> ads1220: config2 mismatch! 0x10 != 0x00[0m
[00:00:14.273,559] [1;31m<err> ads1220: config2 mismatch! 0x15 != 0x00[0m
[00:00:14.273,712] [1;31m<err> ads1220: config0 mismatch! 0x3C != 0x1C[0m
[00:00:14.273,712] [1;31m<err> analog_axis_hires: Could not setup channel #1 (-5)[0m
[00:00:14.281,463] [1;31m<err> ads1220: config2 mismatch! 0x10 != 0x00[0m
[00:00:14.281,585] [1;31m<err> ads1220: config2 mismatch! 0x15 != 0x00[0m
[00:00:14.281,738] [1;31m<err> ads1220: config0 mismatch! 0x3C != 0x1C[0m
[00:00:14.281,738] [1;31m<err> analog_axis_hires: Could not setup channel #1 (-5)[0m
[00:00:14.289,520] [1;31m<err> ads1220: config2 mismatch! 0x10 != 0x00[0m
[00:00:14.289,642] [1;31m<err> ads1220: config2 mismatch! 0x15 != 0x00[0m
[00:00:14.289,794] [1;31m<err> ads1220: config0 mismatch! 0x3C != 0x1C[0m
[00:00:14.289,794] [1;31m<err> analog_axis_hires: Could not setup channel #1 (-5)[0m
[00:00:14.297,485] [1;31m<err> ads1220: config2 mismatch! 0x10 != 0x00[0m
[00:00:14.297,637] [1;31m<err> ads1220: config2 mismatch! 0x15 != 0x00[0m
[00:00:14.297,790] [1;31m<err> ads1220: config0 mismatch! 0x3C != 0x1C[0m
[00:00:14.297,790] [1;31m<err> analog_axis_hires: Could not setup channel #1 (-5)[0m
[00:00:14.305,541] [1;31m<err> ads1220: config2 mismatch! 0x10 != 0x00[0m
[00:00:14.305,664] [1;31m<err> ads1220: config2 mismatch! 0x15 != 0x00[0m
[00:00:14.305,816] [1;31m<err> ads1220: config0 mismatch! 0x3C != 0x1C[0m
[00:00:14.305,816] [1;31m<err> analog_axis_hires: Could not setup channel #1 (-5)[0m
[00:00:14.313,568] [1;31m<err> ads1220: config2 mismatch! 0x10 != 0x00[0m
[00:00:14.313,720] [1;31m<err> ads1220: config2 mismatch! 0x15 != 0x00[0m
[00:00:14.313,842] [1;31m<err> ads1220: config0 mismatch! 0x3C != 0x1C[0m
[00:00:14.313,842] [1;31m<err> analog_axis_hires: Could not setup channel #1 (-5)[0m
[00:00:14.321,563] [1;31m<err> ads1220: config2 mismatch! 0x10 != 0x00[0m
[00:00:14.321,716] [1;31m<err> ads1220: config2 mismatch! 0x15 != 0x00[0m
[00:00:14.321,868] [1;31m<err> ads1220: config0 mismatch! 0x3C != 0x1C[0m
[00:00:14.321,868] [1;31m<err> analog_axis_hires: Could not setup channel #1 (-5)[0m
[00:00:14.329,620] [1;31m<err> ads1220: config2 mismatch! 0x10 != 0x00[0m
[00:00:14.329,742] [1;31m<err> ads1220: config2 mismatch! 0x15 != 0x00[0m
[00:00:14.329,895] [1;31m<err> ads1220: config0 mismatch! 0x3C != 0x1C[0m
[00:00:14.329,895] [1;31m<err> analog_axis_hires: Could not setup channel #1 (-5)[0m
[00:00:14.337,646] [1;31m<err> ads1220: config2 mismatch! 0x10 != 0x00[0m
[00:00:14.337,799] [1;31m<err> ads1220: config2 mismatch! 0x15 != 0x00[0m
[00:00:14.337,921] [1;31m<err> ads1220: config0 mismatch! 0x3C != 0x1C[0m
[00:00:14.337,921] [1;31m<err> analog_axis_hires: Could not setup channel #1 (-5)[0m
[00:00:14.345,642] [1;31m<err> ads1220: config2 mismatch! 0x10 != 0x00[0m
[00:00:14.345,794] [1;31m<err> ads1220: config2 mismatch! 0x15 != 0x00[0m
[00:00:14.345,947] [1;31m<err> ads1220: config0 mismatch! 0x3C != 0x1C[0m
[00:00:14.345,947] [1;31m<err> analog_axis_hires: Could not setup channel #1 (-5)[0m
[00:00:14.353,698] [1;31m<err> ads1220: config2 mismatch! 0x10 != 0x00[0m
[00:00:14.353,820] [1;31m<err> ads1220: config2 mismatch! 0x15 != 0x00[0m
[00:00:14.353,973] [1;31m<err> ads1220: config0 mismatch! 0x3C != 0x1C[0m
[00:00:14.353,973] [1;31m<err> analog_axis_hires: Could not setup channel #1 (-5)[0m
[00:00:14.361,724] [1;31m<err> ads1220: config2 mismatch! 0x10 != 0x00[0m
[00:00:14.361,877] [1;31m<err> ads1220: config2 mismatch! 0x15 != 0x00[0m
[00:00:14.361,999] [1;31m<err> ads1220: config0 mismatch! 0x3C != 0x1C[0m
[00:00:14.361,999] [1;31m<err> analog_axis_hires: Could not setup channel #1 (-5)[0m
[00:00:14.369,720] [1;31m<err> ads1220: config2 mismatch! 0x10 != 0x00[0m
[00:00:14.369,873] [1;31m<err> ads1220: config2 mismatch! 0x15 != 0x00[0m
[00:00:14.370,025] [1;31m<err> ads1220: config0 mismatch! 0x3C != 0x1C[0m
[00:00:14.370,025] [1;31m<err> analog_axis_hires: Could not setup channel #1 (-5)[0m
[00:00:14.377,777] [1;31m<err> ads1220: config2 mismatch! 0x10 != 0x00[0m
[00:00:14.377,899] [1;31m<err> ads1220: config2 mismatch! 0x15 != 0x00[0m
[00:00:14.378,051] [1;31m<err> ads1220: config0 mismatch! 0x3C != 0x1C[0m
[00:00:14.378,051] [1;31m<err> analog_axis_hires: Could not setup channel #1 (-5)[0m
[00:00:14.385,833] [1;31m<err> ads1220: config2 mismatch! 0x10 != 0x00[0m
[00:00:14.385,955] [1;31m<err> ads1220: config2 mismatch! 0x15 != 0x00[0m
[00:00:14.386,108] [1;31m<err> ads1220: config0 mismatch! 0x3C != 0x1C[0m
[00:00:14.386,108] [1;31m<err> analog_axis_hires: Could not setup channel #1 (-5)[0m
[00:00:14.393,798] [1;31m<err> ads1220: config2 mismatch! 0x10 != 0x00[0m
[00:00:14.393,951] [1;31m<err> ads1220: config2 mismatch! 0x15 != 0x00[0m
[00:00:14.394,104] [1;31m<err> ads1220: config0 mismatch! 0x3C != 0x1C[0m
[00:00:14.394,104] [1;31m<err> analog_axis_hires: Could not setup channel #1 (-5)[0m
[00:00:14.401,855] [1;31m<err> ads1220: config2 mismatch! 0x10 != 0x00[0m
[00:00:14.401,977] [1;31m<err> ads1220: config2 mismatch! 0x15 != 0x00[0m
[00:00:14.402,130] [1;31m<err> ads1220: config0 mismatch! 0x3C != 0x1C[0m
[00:00:14.402,130] [1;31m<err> analog_axis_hires: Could not setup channel #1 (-5)[0m
[00:00:14.409,912] [1;31m<err> ads1220: config2 mismatch! 0x10 != 0x00[0m
[00:00:14.410,034] [1;31m<err> ads1220: config2 mismatch! 0x15 != 0x00[0m
[00:00:14.410,186] [1;31m<err> ads1220: config0 mismatch! 0x3C != 0x1C[0m
[00:00:14.410,186] [1;31m<err> analog_axis_hires: Could not setup channel #1 (-5)[0m
[00:00:14.417,877] [1;31m<err> ads1220: config2 mismatch! 0x10 != 0x00[0m
[00:00:14.418,029] [1;31m<err> ads1220: config2 mismatch! 0x15 != 0x00[0m
[00:00:14.418,182] [1;31m<err> ads1220: config0 mismatch! 0x3C != 0x1C[0m
[00:00:14.418,182] [1;31m<err> analog_axis_hires: Could not setup channel #1 (-5)[0m
[00:00:14.425,933] [1;31m<err> ads1220: config2 mismatch! 0x10 != 0x00[0m
[00:00:14.426,055] [1;31m<err> ads1220: config2 mismatch! 0x15 != 0x00[0m
[00:00:14.426,208] [1;31m<err> ads1220: config0 mismatch! 0x3C != 0x1C[0m
[00:00:14.426,208] [1;31m<err> analog_axis_hires: Could not setup channel #1 (-5)[0m
[00:00:14.434,020] [1;31m<err> ads1220: config2 mismatch! 0x10 != 0x00[0m
[00:00:14.434,143] [1;31m<err> ads1220: config2 mismatch! 0x15 != 0x00[0m
[00:00:14.434,265] [1;31m<err> ads1220: config0 mismatch! 0x3C != 0x1C[0m
[00:00:14.434,265] [1;31m<err> analog_axis_hires: Could not setup channel #1 (-5)[0m
[00:00:14.441,986] [1;31m<err> ads1220: config2 mismatch! 0x10 != 0x00[0m
[00:00:14.442,108] [1;31m<err> ads1220: config2 mismatch! 0x15 != 0x00[0m
[00:00:14.442,260] [1;31m<err> ads1220: config0 mismatch! 0x3C != 0x1C[0m
[00:00:14.442,260] [1;31m<err> analog_axis_hires: Could not setup channel #1 (-5)[0m
[00:00:14.450,012] [1;31m<err> ads1220: config2 mismatch! 0x10 != 0x00[0m
[00:00:14.450,134] [1;31m<err> ads1220: config2 mismatch! 0x15 != 0x00[0m
[00:00:14.450,286] [1;31m<err> ads1220: config0 mismatch! 0x3C != 0x1C[0m
[00:00:14.450,286] [1;31m<err> analog_axis_hires: Could not setup channel #1 (-5)[0m
[00:00:14.458,068] [1;31m<err> ads1220: config2 mismatch! 0x10 != 0x00[0m
[00:00:14.458,190] [1;31m<err> ads1220: config2 mismatch! 0x15 != 0x00[0m
[00:00:14.458,312] [1;31m<err> ads1220: config0 mismatch! 0x3C != 0x1C[0m
[00:00:14.458,343] [1;31m<err> analog_axis_hires: Could not setup channel #1 (-5)[0m
[00:00:14.466,033] [1;31m<err> ads1220: config2 mismatch! 0x10 != 0x00[0m
[00:00:14.466,186] [1;31m<err> ads1220: config2 mismatch! 0x15 != 0x00[0m
[00:00:14.466,339] [1;31m<err> ads1220: config0 mismatch! 0x3C != 0x1C[0m
[00:00:14.466,339] [1;31m<err> analog_axis_hires: Could not setup channel #1 (-5)[0m
[00:00:14.474,090] [1;31m<err> ads1220: config2 mismatch! 0x10 != 0x00[0m
[00:00:14.474,212] [1;31m<err> ads1220: config2 mismatch! 0x15 != 0x00[0m
[00:00:14.474,365] [1;31m<err> ads1220: config0 mismatch! 0x3C != 0x1C[0m
[00:00:14.474,365] [1;31m<err> analog_axis_hires: Could not setup channel #1 (-5)[0m
[00:00:14.482,147] [1;31m<err> ads1220: config2 mismatch! 0x10 != 0x00[0m
[00:00:14.482,269] [1;31m<err> ads1220: config2 mismatch! 0x15 != 0x00[0m
[00:00:14.482,391] [1;31m<err> ads1220: config0 mismatch! 0x3C != 0x1C[0m
[00:00:14.482,421] [1;31m<err> analog_axis_hires: Could not setup channel #1 (-5)[0m
[00:00:14.490,112] [1;31m<err> ads1220: config2 mismatch! 0x10 != 0x00[0m
[00:00:14.490,264] [1;31m<err> ads1220: config2 mismatch! 0x15 != 0x00[0m
[00:00:14.490,417] [1;31m<err> ads1220: config0 mismatch! 0x3C != 0x1C[0m
[00:00:14.490,417] [1;31m<err> analog_axis_hires: Could not setup channel #1 (-5)[0m
[00:00:14.498,168] [1;31m<err> ads1220: config2 mismatch! 0x10 != 0x00[0m
[00:00:14.498,291] [1;31m<err> ads1220: config2 mismatch! 0x15 != 0x00[0m
[00:00:14.498,443] [1;31m<err> ads1220: config0 mismatch! 0x3C != 0x1C[0m
[00:00:14.498,443] [1;31m<err> analog_axis_hires: Could not setup channel #1 (-5)[0m
[00:00:14.506,225] [1;31m<err> ads1220: config2 mismatch! 0x10 != 0x00[0m
[00:00:14.506,347] [1;31m<err> ads1220: config2 mismatch! 0x15 != 0x00[0m
[00:00:14.506,469] [1;31m<err> ads1220: config0 mismatch! 0x3C != 0x1C[0m
[00:00:14.506,500] [1;31m<err> analog_axis_hires: Could not setup channel #1 (-5)[0m
[00:00:14.514,190] [1;31m<err> ads1220: config2 mismatch! 0x10 != 0x00[0m
[00:00:14.514,343] [1;31m<err> ads1220: config2 mismatch! 0x15 != 0x00[0m
[00:00:14.514,495] [1;31m<err> ads1220: config0 mismatch! 0x3C != 0x1C[0m
[00:00:14.514,495] [1;31m<err> analog_axis_hires: Could not setup channel #1 (-5)[0m
[00:00:14.522,247] [1;31m<err> ads1220: config2 mismatch! 0x10 != 0x00[0m
[00:00:14.522,369] [1;31m<err> ads1220: config2 mismatch! 0x15 != 0x00[0m
[00:00:14.522,521] [1;31m<err> ads1220: config0 mismatch! 0x3C != 0x1C[0m
[00:00:14.522,521] [1;31m<err> analog_axis_hires: Could not setup channel #1 (-5)[0m
[00:00:14.530,303] [1;31m<err> ads1220: config2 mismatch! 0x10 != 0x00[0m
[00:00:14.530,426] [1;31m<err> ads1220: config2 mismatch! 0x15 != 0x00[0m
[00:00:14.530,548] [1;31m<err> ads1220: config0 mismatch! 0x3C != 0x1C[0m
[00:00:14.530,578] [1;31m<err> analog_axis_hires: Could not setup channel #1 (-5)[0m
[00:00:14.538,269] [1;31m<err> ads1220: config2 mismatch! 0x10 != 0x00[0m
[00:00:14.538,421] [1;31m<err> ads1220: config2 mismatch! 0x15 != 0x00[0m
[00:00:14.538,574] [1;31m<err> ads1220: config0 mismatch! 0x3C != 0x1C[0m
[00:00:14.538,574] [1;31m<err> analog_axis_hires: Could not setup channel #1 (-5)[0m
[00:00:14.546,325] [1;31m<err> ads1220: config2 mismatch! 0x10 != 0x00[0m
[00:00:14.546,447] [1;31m<err> ads1220: config2 mismatch! 0x15 != 0x00[0m
[00:00:14.546,600] [1;31m<err> ads1220: config0 mismatch! 0x3C != 0x1C[0m
[00:00:14.546,600] [1;31m<err> analog_axis_hires: Could not setup channel #1 (-5)[0m
[00:00:14.554,382] [1;31m<err> ads1220: config2 mismatch! 0x10 != 0x00[0m
[00:00:14.554,504] [1;31m<err> ads1220: config2 mismatch! 0x15 != 0x00[0m
[00:00:14.554,626] [1;31m<err> ads1220: config0 mismatch! 0x3C != 0x1C[0m
[00:00:14.554,656] [1;31m<err> analog_axis_hires: Could not setup channel #1 (-5)[0m
[00:00:14.562,347] [1;31m<err> ads1220: config2 mismatch! 0x10 != 0x00[0m
[00:00:14.562,500] [1;31m<err> ads1220: config2 mismatch! 0x15 != 0x00[0m
[00:00:14.562,652] [1;31m<err> ads1220: config0 mismatch! 0x3C != 0x1C[0m
[00:00:14.562,652] [1;31m<err> analog_axis_hires: Could not setup channel #1 (-5)[0m
[00:00:14.570,404] [1;31m<err> ads1220: config2 mismatch! 0x10 != 0x00[0m
[00:00:14.570,526] [1;31m<err> ads1220: config2 mismatch! 0x15 != 0x00[0m
[00:00:14.570,678] [1;31m<err> ads1220: config0 mismatch! 0x3C != 0x1C[0m
[00:00:14.570,678] [1;31m<err> analog_axis_hires: Could not setup channel #1 (-5)[0m
[00:00:14.578,430] [1;31m<err> ads1220: config2 mismatch! 0x10 != 0x00[0m
[00:00:14.578,582] [1;31m<err> ads1220: config2 mismatch! 0x15 != 0x00[0m
[00:00:14.578,704] [1;31m<err> ads1220: config0 mismatch! 0x3C != 0x1C[0m
[00:00:14.578,704] [1;31m<err> analog_axis_hires: Could not setup channel #1 (-5)[0m
[00:00:14.586,425] [1;31m<err> ads1220: config2 mismatch! 0x10 != 0x00[0m
[00:00:14.586,578] [1;31m<err> ads1220: config2 mismatch! 0x15 != 0x00[0m
[00:00:14.586,730] [1;31m<err> ads1220: config0 mismatch! 0x3C != 0x1C[0m
[00:00:14.586,730] [1;31m<err> analog_axis_hires: Could not setup channel #1 (-5)[0m
[00:00:14.594,482] [1;31m<err> ads1220: config2 mismatch! 0x10 != 0x00[0m
[00:00:14.594,604] [1;31m<err> ads1220: config2 mismatch! 0x15 != 0x00[0m
[00:00:14.594,757] [1;31m<err> ads1220: config0 mismatch! 0x3C != 0x1C[0m
[00:00:14.594,757] [1;31m<err> analog_axis_hires: Could not setup channel #1 (-5)[0m
[00:00:14.602,539] [1;31m<err> ads1220: config2 mismatch! 0x10 != 0x00[0m
[00:00:14.602,661] [1;31m<err> ads1220: config2 mismatch! 0x15 != 0x00[0m
[00:00:14.602,813] [1;31m<err> ads1220: config0 mismatch! 0x3C != 0x1C[0m
[00:00:14.602,813] [1;31m<err> analog_axis_hires: Could not setup channel #1 (-5)[0m
[00:00:14.610,504] [1;31m<err> ads1220: config2 mismatch! 0x10 != 0x00[0m
[00:00:14.610,656] [1;31m<err> ads1220: config2 mismatch! 0x15 != 0x00[0m
[00:00:14.610,809] [1;31m<err> ads1220: config0 mismatch! 0x3C != 0x1C[0m
[00:00:14.610,809] [1;31m<err> analog_axis_hires: Could not setup channel #1 (-5)[0m
[00:00:14.618,560] [1;31m<err> ads1220: config2 mismatch! 0x10 != 0x00[0m
[00:00:14.618,682] [1;31m<err> ads1220: config2 mismatch! 0x15 != 0x00[0m
[00:00:14.618,835] [1;31m<err> ads1220: config0 mismatch! 0x3C != 0x1C[0m
[00:00:14.618,835] [1;31m<err> analog_axis_hires: Could not setup channel #1 (-5)[0m
[00:00:14.626,586] [1;31m<err> ads1220: config2 mismatch! 0x10 != 0x00[0m
[00:00:14.626,739] [1;31m<err> ads1220: config2 mismatch! 0x15 != 0x00[0m
[00:00:14.626,861] [1;31m<err> ads1220: config0 mismatch! 0x3C != 0x1C[0m
[00:00:14.626,861] [1;31m<err> analog_axis_hires: Could not setup channel #1 (-5)[0m
[00:00:14.634,582] [1;31m<err> ads1220: config2 mismatch! 0x10 != 0x00[0m
[00:00:14.634,735] [1;31m<err> ads1220: config2 mismatch! 0x15 != 0x00[0m
[00:00:14.634,887] [1;31m<err> ads1220: config0 mismatch! 0x3C != 0x1C[0m
[00:00:14.634,887] [1;31m<err> analog_axis_hires: Could not setup channel #1 (-5)[0m
[00:00:14.642,639] [1;31m<err> ads1220: config2 mismatch! 0x10 != 0x00[0m
[00:00:14.642,761] [1;31m<err> ads1220: config2 mismatch! 0x15 != 0x00[0m
[00:00:14.642,913] [1;31m<err> ads1220: config0 mismatch! 0x3C != 0x1C[0m
[00:00:14.642,913] [1;31m<err> analog_axis_hires: Could not setup channel #1 (-5)[0m
[00:00:14.650,695] [1;31m<err> ads1220: config2 mismatch! 0x10 != 0x00[0m
[00:00:14.650,817] [1;31m<err> ads1220: config2 mismatch! 0x15 != 0x00[0m
[00:00:14.650,939] [1;31m<err> ads1220: config0 mismatch! 0x3C != 0x1C[0m
[00:00:14.650,939] [1;31m<err> analog_axis_hires: Could not setup channel #1 (-5)[0m
[00:00:14.658,660] [1;31m<err> ads1220: config2 mismatch! 0x10 != 0x00[0m
[00:00:14.658,813] [1;31m<err> ads1220: config2 mismatch! 0x15 != 0x00[0m
[00:00:14.658,966] [1;31m<err> ads1220: config0 mismatch! 0x3C != 0x1C[0m
[00:00:14.658,966] [1;31m<err> analog_axis_hires: Could not setup channel #1 (-5)[0m
[00:00:14.666,717] [1;31m<err> ads1220: config2 mismatch! 0x10 != 0x00[0m
[00:00:14.666,839] [1;31m<err> ads1220: config2 mismatch! 0x15 != 0x00[0m
[00:00:14.666,992] [1;31m<err> ads1220: config0 mismatch! 0x3C != 0x1C[0m
[00:00:14.666,992] [1;31m<err> analog_axis_hires: Could not setup channel #1 (-5)[0m
[00:00:14.674,774] [1;31m<err> ads1220: config2 mismatch! 0x10 != 0x00[0m
[00:00:14.674,896] [1;31m<err> ads1220: config2 mismatch! 0x15 != 0x00[0m
[00:00:14.675,018] [1;31m<err> ads1220: config0 mismatch! 0x3C != 0x1C[0m
[00:00:14.675,018] [1;31m<err> analog_axis_hires: Could not setup channel #1 (-5)[0m
[00:00:14.682,739] [1;31m<err> ads1220: config2 mismatch! 0x10 != 0x00[0m
[00:00:14.682,891] [1;31m<err> ads1220: config2 mismatch! 0x15 != 0x00[0m
[00:00:14.683,044] [1;31m<err> ads1220: config0 mismatch! 0x3C != 0x1C[0m
[00:00:14.683,044] [1;31m<err> analog_axis_hires: Could not setup channel #1 (-5)[0m
[00:00:14.690,795] [1;31m<err> ads1220: config2 mismatch! 0x10 != 0x00[0m
[00:00:14.690,917] [1;31m<err> ads1220: config2 mismatch! 0x15 != 0x00[0m
[00:00:14.691,070] [1;31m<err> ads1220: config0 mismatch! 0x3C != 0x1C[0m
[00:00:14.691,070] [1;31m<err> analog_axis_hires: Could not setup channel #1 (-5)[0m
[00:00:14.698,822] [1;31m<err> ads1220: config2 mismatch! 0x10 != 0x00[0m
[00:00:14.698,974] [1;31m<err> ads1220: config2 mismatch! 0x15 != 0x00[0m
[00:00:14.699,096] [1;31m<err> ads1220: config0 mismatch! 0x3C != 0x1C[0m
[00:00:14.699,096] [1;31m<err> analog_axis_hires: Could not setup channel #1 (-5)[0m
[00:00:14.706,817] [1;31m<err> ads1220: config2 mismatch! 0x10 != 0x00[0m
[00:00:14.706,970] [1;31m<err> ads1220: config2 mismatch! 0x15 != 0x00[0m
[00:00:14.707,122] [1;31m<err> ads1220: config0 mismatch! 0x3C != 0x1C[0m
[00:00:14.707,122] [1;31m<err> analog_axis_hires: Could not setup channel #1 (-5)[0m
[00:00:14.714,874] [1;31m<err> ads1220: config2 mismatch! 0x10 != 0x00[0m
[00:00:14.714,996] [1;31m<err> ads1220: config2 mismatch! 0x15 != 0x00[0m
[00:00:14.715,148] [1;31m<err> ads1220: config0 mismatch! 0x3C != 0x1C[0m
[00:00:14.715,148] [1;31m<err> analog_axis_hires: Could not setup channel #1 (-5)[0m
[00:00:14.722,930] [1;31m<err> ads1220: config2 mismatch! 0x10 != 0x00[0m
[00:00:14.723,052] [1;31m<err> ads1220: config2 mismatch! 0x15 != 0x00[0m
[00:00:14.723,205] [1;31m<err> ads1220: config0 mismatch! 0x3C != 0x1C[0m
[00:00:14.723,205] [1;31m<err> analog_axis_hires: Could not setup channel #1 (-5)[0m
[00:00:14.730,895] [1;31m<err> ads1220: config2 mismatch! 0x10 != 0x00[0m
[00:00:14.731,048] [1;31m<err> ads1220: config2 mismatch! 0x15 != 0x00[0m
[00:00:14.731,201] [1;31m<err> ads1220: config0 mismatch! 0x3C != 0x1C[0m
[00:00:14.731,201] [1;31m<err> analog_axis_hires: Could not setup channel #1 (-5)[0m
[00:00:14.738,952] [1;31m<err> ads1220: config2 mismatch! 0x10 != 0x00[0m
[00:00:14.739,074] [1;31m<err> ads1220: config2 mismatch! 0x15 != 0x00[0m
[00:00:14.739,227] [1;31m<err> ads1220: config0 mismatch! 0x3C != 0x1C[0m
[00:00:14.739,227] [1;31m<err> analog_axis_hires: Could not setup channel #1 (-5)[0m
[00:00:14.747,009] [1;31m<err> ads1220: config2 mismatch! 0x10 != 0x00[0m
[00:00:14.747,131] [1;31m<err> ads1220: config2 mismatch! 0x15 != 0x00[0m
[00:00:14.747,253] [1;31m<err> ads1220: config0 mismatch! 0x3C != 0x1C[0m
[00:00:14.747,283] [1;31m<err> analog_axis_hires: Could not setup channel #1 (-5)[0m
[00:00:14.755,004] [1;31m<err> ads1220: config2 mismatch! 0x10 != 0x00[0m
[00:00:14.755,126] [1;31m<err> ads1220: config2 mismatch! 0x15 != 0x00[0m
[00:00:14.755,279] [1;31m<err> ads1220: config0 mismatch! 0x3C != 0x1C[0m
[00:00:14.755,279] [1;31m<err> analog_axis_hires: Could not setup channel #1 (-5)[0m
[00:00:14.763,031] [1;31m<err> ads1220: config2 mismatch! 0x10 != 0x00[0m
[00:00:14.763,153] [1;31m<err> ads1220: config2 mismatch! 0x15 != 0x00[0m
[00:00:14.763,305] [1;31m<err> ads1220: config0 mismatch! 0x3C != 0x1C[0m
[00:00:14.763,305] [1;31m<err> analog_axis_hires: Could not setup channel #1 (-5)[0m
[00:00:14.771,087] [1;31m<err> ads1220: config2 mismatch! 0x10 != 0x00[0m
[00:00:14.771,209] [1;31m<err> ads1220: config2 mismatch! 0x15 != 0x00[0m
[00:00:14.771,331] [1;31m<err> ads1220: config0 mismatch! 0x3C != 0x1C[0m
[00:00:14.771,362] [1;31m<err> analog_axis_hires: Could not setup channel #1 (-5)[0m
[00:00:14.779,052] [1;31m<err> ads1220: config2 mismatch! 0x10 != 0x00[0m
[00:00:14.779,205] [1;31m<err> ads1220: config2 mismatch! 0x15 != 0x00[0m
[00:00:14.779,357] [1;31m<err> ads1220: config0 mismatch! 0x3C != 0x1C[0m
[00:00:14.779,357] [1;31m<err> analog_axis_hires: Could not setup channel #1 (-5)[0m
[00:00:14.787,109] [1;31m<err> ads1220: config2 mismatch! 0x10 != 0x00[0m
[00:00:14.787,231] [1;31m<err> ads1220: config2 mismatch! 0x15 != 0x00[0m
[00:00:14.787,384] [1;31m<err> ads1220: config0 mismatch! 0x3C != 0x1C[0m
[00:00:14.787,384] [1;31m<err> analog_axis_hires: Could not setup channel #1 (-5)[0m
[00:00:14.795,166] [1;31m<err> ads1220: config2 mismatch! 0x10 != 0x00[0m
[00:00:14.795,288] [1;31m<err> ads1220: config2 mismatch! 0x15 != 0x00[0m
[00:00:14.795,410] [1;31m<err> ads1220: config0 mismatch! 0x3C != 0x1C[0m
[00:00:14.795,440] [1;31m<err> analog_axis_hires: Could not setup channel #1 (-5)[0m
[00:00:14.803,131] [1;31m<err> ads1220: config2 mismatch! 0x10 != 0x00[0m
[00:00:14.803,283] [1;31m<err> ads1220: config2 mismatch! 0x15 != 0x00[0m
[00:00:14.803,436] [1;31m<err> ads1220: config0 mismatch! 0x3C != 0x1C[0m
[00:00:14.803,436] [1;31m<err> analog_axis_hires: Could not setup channel #1 (-5)[0m
[00:00:14.811,187] [1;31m<err> ads1220: config2 mismatch! 0x10 != 0x00[0m
[00:00:14.811,309] [1;31m<err> ads1220: config2 mismatch! 0x15 != 0x00[0m
[00:00:14.811,462] [1;31m<err> ads1220: config0 mismatch! 0x3C != 0x1C[0m
[00:00:14.811,462] [1;31m<err> analog_axis_hires: Could not setup channel #1 (-5)[0m
[00:00:14.819,244] [1;31m<err> ads1220: config2 mismatch! 0x10 != 0x00[0m
[00:00:14.819,366] [1;31m<err> ads1220: config2 mismatch! 0x15 != 0x00[0m
[00:00:14.819,488] [1;31m<err> ads1220: config0 mismatch! 0x3C != 0x1C[0m
[00:00:14.819,519] [1;31m<err> analog_axis_hires: Could not setup channel #1 (-5)[0m
[00:00:14.827,209] [1;31m<err> ads1220: config2 mismatch! 0x10 != 0x00[0m
[00:00:14.827,362] [1;31m<err> ads1220: config2 mismatch! 0x15 != 0x00[0m
[00:00:14.827,514] [1;31m<err> ads1220: config0 mismatch! 0x3C != 0x1C[0m
[00:00:14.827,514] [1;31m<err> analog_axis_hires: Could not setup channel #1 (-5)[0m
[00:00:14.835,266] [1;31m<err> ads1220: config2 mismatch! 0x10 != 0x00[0m
[00:00:14.835,388] [1;31m<err> ads1220: config2 mismatch! 0x15 != 0x00[0m
[00:00:14.835,540] [1;31m<err> ads1220: config0 mismatch! 0x3C != 0x1C[0m
[00:00:14.835,540] [1;31m<err> analog_axis_hires: Could not setup channel #1 (-5)[0m
[00:00:14.843,322] [1;31m<err> ads1220: config2 mismatch! 0x10 != 0x00[0m
[00:00:14.843,444] [1;31m<err> ads1220: config2 mismatch! 0x15 != 0x00[0m
[00:00:14.843,566] [1;31m<err> ads1220: config0 mismatch! 0x3C != 0x1C[0m
[00:00:14.843,597] [1;31m<err> analog_axis_hires: Could not setup channel #1 (-5)[0m
[00:00:14.851,287] [1;31m<err> ads1220: config2 mismatch! 0x10 != 0x00[0m
[00:00:14.851,440] [1;31m<err> ads1220: config2 mismatch! 0x15 != 0x00[0m
[00:00:14.851,593] [1;31m<err> ads1220: config0 mismatch! 0x3C != 0x1C[0m
[00:00:14.851,593] [1;31m<err> analog_axis_hires: Could not setup channel #1 (-5)[0m
[00:00:14.859,344] [1;31m<err> ads1220: config2 mismatch! 0x10 != 0x00[0m
[00:00:14.859,466] [1;31m<err> ads1220: config2 mismatch! 0x15 != 0x00[0m
[00:00:14.859,619] [1;31m<err> ads1220: config0 mismatch! 0x3C != 0x1C[0m
[00:00:14.859,619] [1;31m<err> analog_axis_hires: Could not setup channel #1 (-5)[0m
[00:00:14.867,401] [1;31m<err> ads1220: config2 mismatch! 0x10 != 0x00[0m
[00:00:14.867,523] [1;31m<err> ads1220: config2 mismatch! 0x15 != 0x00[0m
[00:00:14.867,645] [1;31m<err> ads1220: config0 mismatch! 0x3C != 0x1C[0m
[00:00:14.867,675] [1;31m<err> analog_axis_hires: Could not setup channel #1 (-5)[0m
[00:00:14.875,366] [1;31m<err> ads1220: config2 mismatch! 0x10 != 0x00[0m
[00:00:14.875,518] [1;31m<err> ads1220: config2 mismatch! 0x15 != 0x00[0m
[00:00:14.875,671] [1;31m<err> ads1220: config0 mismatch! 0x3C != 0x1C[0m
[00:00:14.875,671] [1;31m<err> analog_axis_hires: Could not setup channel #1 (-5)[0m
[00:00:14.883,422] [1;31m<err> ads1220: config2 mismatch! 0x10 != 0x00[0m
[00:00:14.883,544] [1;31m<err> ads1220: config2 mismatch! 0x15 != 0x00[0m
[00:00:14.883,697] [1;31m<err> ads1220: config0 mismatch! 0x3C != 0x1C[0m
[00:00:14.883,697] [1;31m<err> analog_axis_hires: Could not setup channel #1 (-5)[0m
[00:00:14.891,479] [1;31m<err> ads1220: config2 mismatch! 0x10 != 0x00[0m
[00:00:14.891,601] [1;31m<err> ads1220: config2 mismatch! 0x15 != 0x00[0m
[00:00:14.891,723] [1;31m<err> ads1220: config0 mismatch! 0x3C != 0x1C[0m
[00:00:14.891,754] [1;31m<err> analog_axis_hires: Could not setup channel #1 (-5)[0m
[00:00:14.899,444] [1;31m<err> ads1220: config2 mismatch! 0x10 != 0x00[0m
[00:00:14.899,597] [1;31m<err> ads1220: config2 mismatch! 0x15 != 0x00[0m
[00:00:14.899,749] [1;31m<err> ads1220: config0 mismatch! 0x3C != 0x1C[0m
[00:00:14.899,749] [1;31m<err> analog_axis_hires: Could not setup channel #1 (-5)[0m
[00:00:14.907,501] [1;31m<err> ads1220: config2 mismatch! 0x10 != 0x00[0m
[00:00:14.907,623] [1;31m<err> ads1220: config2 mismatch! 0x15 != 0x00[0m
[00:00:14.907,775] [1;31m<err> ads1220: config0 mismatch! 0x3C != 0x1C[0m
[00:00:14.907,775] [1;31m<err> analog_axis_hires: Could not setup channel #1 (-5)[0m
[00:00:14.915,557] [1;31m<err> ads1220: config2 mismatch! 0x10 != 0x00[0m
[00:00:14.915,679] [1;31m<err> ads1220: config2 mismatch! 0x15 != 0x00[0m
[00:00:14.915,802] [1;31m<err> ads1220: config0 mismatch! 0x3C != 0x1C[0m
[00:00:14.915,832] [1;31m<err> analog_axis_hires: Could not setup channel #1 (-5)[0m
[00:00:14.923,522] [1;31m<err> ads1220: config2 mismatch! 0x10 != 0x00[0m
[00:00:14.923,675] [1;31m<err> ads1220: config2 mismatch! 0x15 != 0x00[0m
[00:00:14.923,828] [1;31m<err> ads1220: config0 mismatch! 0x3C != 0x1C[0m
[00:00:14.923,828] [1;31m<err> analog_axis_hires: Could not setup channel #1 (-5)[0m
[00:00:14.931,579] [1;31m<err> ads1220: config2 mismatch! 0x10 != 0x00[0m
[00:00:14.931,701] [1;31m<err> ads1220: config2 mismatch! 0x15 != 0x00[0m
[00:00:14.931,854] [1;31m<err> ads1220: config0 mismatch! 0x3C != 0x1C[0m
[00:00:14.931,854] [1;31m<err> analog_axis_hires: Could not setup channel #1 (-5)[0m
[00:00:14.939,636] [1;31m<err> ads1220: config2 mismatch! 0x10 != 0x00[0m
[00:00:14.939,758] [1;31m<err> ads1220: config2 mismatch! 0x15 != 0x00[0m
[00:00:14.939,910] [1;31m<err> ads1220: config0 mismatch! 0x3C != 0x1C[0m
[00:00:14.939,910] [1;31m<err> analog_axis_hires: Could not setup channel #1 (-5)[0m
[00:00:14.947,601] [1;31m<err> ads1220: config2 mismatch! 0x10 != 0x00[0m
[00:00:14.947,753] [1;31m<err> ads1220: config2 mismatch! 0x15 != 0x00[0m
[00:00:14.947,906] [1;31m<err> ads1220: config0 mismatch! 0x3C != 0x1C[0m
[00:00:14.947,906] [1;31m<err> analog_axis_hires: Could not setup channel #1 (-5)[0m
[00:00:14.955,657] [1;31m<err> ads1220: config2 mismatch! 0x10 != 0x00[0m
[00:00:14.955,780] [1;31m<err> ads1220: config2 mismatch! 0x15 != 0x00[0m
[00:00:14.955,932] [1;31m<err> ads1220: config0 mismatch! 0x3C != 0x1C[0m
[00:00:14.955,932] [1;31m<err> analog_axis_hires: Could not setup channel #1 (-5)[0m
[00:00:14.963,714] [1;31m<err> ads1220: config2 mismatch! 0x10 != 0x00[0m
[00:00:14.963,836] [1;31m<err> ads1220: config2 mismatch! 0x15 != 0x00[0m
[00:00:14.963,989] [1;31m<err> ads1220: config0 mismatch! 0x3C != 0x1C[0m
[00:00:14.963,989] [1;31m<err> analog_axis_hires: Could not setup channel #1 (-5)[0m
[00:00:14.971,679] [1;31m<err> ads1220: config2 mismatch! 0x10 != 0x00[0m
[00:00:14.971,832] [1;31m<err> ads1220: config2 mismatch! 0x15 != 0x00[0m
[00:00:14.971,984] [1;31m<err> ads1220: config0 mismatch! 0x3C != 0x1C[0m
[00:00:14.971,984] [1;31m<err> analog_axis_hires: Could not setup channel #1 (-5)[0m
[00:00:14.979,736] [1;31m<err> ads1220: config2 mismatch! 0x10 != 0x00[0m
[00:00:14.979,858] [1;31m<err> ads1220: config2 mismatch! 0x15 != 0x00[0m
[00:00:14.980,010] [1;31m<err> ads1220: config0 mismatch! 0x3C != 0x1C[0m
[00:00:14.980,010] [1;31m<err> analog_axis_hires: Could not setup channel #1 (-5)[0m
[00:00:14.987,731] [1;31m<err> ads1220: config2 mismatch! 0x10 != 0x00[0m
[00:00:14.987,884] [1;31m<err> ads1220: config2 mismatch! 0x15 != 0x00[0m
[00:00:14.988,006] [1;31m<err> ads1220: config0 mismatch! 0x3C != 0x1C[0m
[00:00:14.988,006] [1;31m<err> analog_axis_hires: Could not setup channel #1 (-5)[0m
[00:00:14.995,758] [1;31m<err> ads1220: config2 mismatch! 0x10 != 0x00[0m
[00:00:14.995,910] [1;31m<err> ads1220: config2 mismatch! 0x15 != 0x00[0m
[00:00:14.996,063] [1;31m<err> ads1220: config0 mismatch! 0x3C != 0x1C[0m
[00:00:14.996,063] [1;31m<err> analog_axis_hires: Could not setup channel #1 (-5)[0m
[00:00:15.003,814] [1;31m<err> ads1220: config2 mismatch! 0x10 != 0x00[0m
[00:00:15.003,936] [1;31m<err> ads1220: config2 mismatch! 0x15 != 0x00[0m
[00:00:15.004,089] [1;31m<err> ads1220: config0 mismatch! 0x3C != 0x1C[0m
[00:00:15.004,089] [1;31m<err> analog_axis_hires: Could not setup channel #1 (-5)[0m
[00:00:15.011,840] [1;31m<err> ads1220: config2 mismatch! 0x10 != 0x00[0m
[00:00:15.011,962] [1;31m<err> ads1220: config2 mismatch! 0x15 != 0x00[0m
[00:00:15.012,115] [1;31m<err> ads1220: config0 mismatch! 0x3C != 0x1C[0m
[00:00:15.012,115] [1;31m<err> analog_axis_hires: Could not setup channel #1 (-5)[0m
[00:00:15.019,836] [1;31m<err> ads1220: config2 mismatch! 0x10 != 0x00[0m
[00:00:15.019,989] [1;31m<err> ads1220: config2 mismatch! 0x15 != 0x00[0m
[00:00:15.020,141] [1;31m<err> ads1220: config0 mismatch! 0x3C != 0x1C[0m
[00:00:15.020,141] [1;31m<err> analog_axis_hires: Could not setup channel #1 (-5)[0m
[00:00:15.027,893] [1;31m<err> ads1220: config2 mismatch! 0x10 != 0x00[0m
[00:00:15.028,015] [1;31m<err> ads1220: config2 mismatch! 0x15 != 0x00[0m
[00:00:15.028,167] [1;31m<err> ads1220: config0 mismatch! 0x3C != 0x1C[0m
[00:00:15.028,167] [1;31m<err> analog_axis_hires: Could not setup channel #1 (-5)[0m
[00:00:15.035,949] [1;31m<err> ads1220: config2 mismatch! 0x10 != 0x00[0m
[00:00:15.036,071] [1;31m<err> ads1220: config2 mismatch! 0x15 != 0x00[0m
[00:00:15.036,193] [1;31m<err> ads1220: config0 mismatch! 0x3C != 0x1C[0m
[00:00:15.036,193] [1;31m<err> analog_axis_hires: Could not setup channel #1 (-5)[0m
[00:00:15.043,914] [1;31m<err> ads1220: config2 mismatch! 0x10 != 0x00[0m
[00:00:15.044,067] [1;31m<err> ads1220: config2 mismatch! 0x15 != 0x00[0m
[00:00:15.044,219] [1;31m<err> ads1220: config0 mismatch! 0x3C != 0x1C[0m
[00:00:15.044,219] [1;31m<err> analog_axis_hires: Could not setup channel #1 (-5)[0m
[00:00:15.051,971] [1;31m<err> ads1220: config2 mismatch! 0x10 != 0x00[0m
[00:00:15.052,093] [1;31m<err> ads1220: config2 mismatch! 0x15 != 0x00[0m
[00:00:15.052,246] [1;31m<err> ads1220: config0 mismatch! 0x3C != 0x1C[0m
[00:00:15.052,246] [1;31m<err> analog_axis_hires: Could not setup channel #1 (-5)[0m
[00:00:15.060,028] [1;31m<err> ads1220: config2 mismatch! 0x10 != 0x00[0m
[00:00:15.060,150] [1;31m<err> ads1220: config2 mismatch! 0x15 != 0x00[0m
[00:00:15.060,272] [1;31m<err> ads1220: config0 mismatch! 0x3C != 0x1C[0m
[00:00:15.060,302] [1;31m<err> analog_axis_hires: Could not setup channel #1 (-5)[0m
[00:00:15.067,993] [1;31m<err> ads1220: config2 mismatch! 0x10 != 0x00[0m
[00:00:15.068,145] [1;31m<err> ads1220: config2 mismatch! 0x15 != 0x00[0m
[00:00:15.068,298] [1;31m<err> ads1220: config0 mismatch! 0x3C != 0x1C[0m
[00:00:15.068,298] [1;31m<err> analog_axis_hires: Could not setup channel #1 (-5)[0m
[00:00:15.076,049] [1;31m<err> ads1220: config2 mismatch! 0x10 != 0x00[0m
[00:00:15.076,171] [1;31m<err> ads1220: config2 mismatch! 0x15 != 0x00[0m
[00:00:15.076,324] [1;31m<err> ads1220: config0 mismatch! 0x3C != 0x1C[0m
[00:00:15.076,324] [1;31m<err> analog_axis_hires: Could not setup channel #1 (-5)[0m
[00:00:15.084,106] [1;31m<err> ads1220: config2 mismatch! 0x10 != 0x00[0m
[00:00:15.084,228] [1;31m<err> ads1220: config2 mismatch! 0x15 != 0x00[0m
[00:00:15.084,350] [1;31m<err> ads1220: config0 mismatch! 0x3C != 0x1C[0m
[00:00:15.084,381] [1;31m<err> analog_axis_hires: Could not setup channel #1 (-5)[0m
[00:00:15.092,132] [1;31m<err> ads1220: config2 mismatch! 0x10 != 0x00[0m
[00:00:15.092,285] [1;31m<err> ads1220: config2 mismatch! 0x15 != 0x00[0m
[00:00:15.092,437] [1;31m<err> ads1220: config0 mismatch! 0x3C != 0x1C[0m
[00:00:15.092,437] [1;31m<err> analog_axis_hires: Could not setup channel #1 (-5)[0m
[00:00:15.100,128] [1;31m<err> ads1220: config2 mismatch! 0x10 != 0x00[0m
[00:00:15.100,250] [1;31m<err> ads1220: config2 mismatch! 0x15 != 0x00[0m
[00:00:15.100,402] [1;31m<err> ads1220: config0 mismatch! 0x3C != 0x1C[0m
[00:00:15.100,402] [1;31m<err> analog_axis_hires: Could not setup channel #1 (-5)[0m
[00:00:15.108,184] [1;31m<err> ads1220: config2 mismatch! 0x10 != 0x00[0m
[00:00:15.108,306] [1;31m<err> ads1220: config2 mismatch! 0x15 != 0x00[0m
[00:00:15.108,459] [1;31m<err> ads1220: config0 mismatch! 0x3C != 0x1C[0m
[00:00:15.108,459] [1;31m<err> analog_axis_hires: Could not setup channel #1 (-5)[0m
[00:00:15.116,149] [1;31m<err> ads1220: config2 mismatch! 0x10 != 0x00[0m
[00:00:15.116,302] [1;31m<err> ads1220: config2 mismatch! 0x15 != 0x00[0m
[00:00:15.116,455] [1;31m<err> ads1220: config0 mismatch! 0x3C != 0x1C[0m
[00:00:15.116,455] [1;31m<err> analog_axis_hires: Could not setup channel #1 (-5)[0m
[00:00:15.124,206] [1;31m<err> ads1220: config2 mismatch! 0x10 != 0x00[0m
[00:00:15.124,328] [1;31m<err> ads1220: config2 mismatch! 0x15 != 0x00[0m
[00:00:15.124,481] [1;31m<err> ads1220: config0 mismatch! 0x3C != 0x1C[0m
[00:00:15.124,481] [1;31m<err> analog_axis_hires: Could not setup channel #1 (-5)[0m
[00:00:15.132,232] [1;31m<err> ads1220: config2 mismatch! 0x10 != 0x00[0m
[00:00:15.132,385] [1;31m<err> ads1220: config2 mismatch! 0x15 != 0x00[0m
[00:00:15.132,507] [1;31m<err> ads1220: config0 mismatch! 0x3C != 0x1C[0m
[00:00:15.132,507] [1;31m<err> analog_axis_hires: Could not setup channel #1 (-5)[0m
[00:00:15.140,228] [1;31m<err> ads1220: config2 mismatch! 0x10 != 0x00[0m
[00:00:15.140,380] [1;31m<err> ads1220: config2 mismatch! 0x15 != 0x00[0m
[00:00:15.140,533] [1;31m<err> ads1220: config0 mismatch! 0x3C != 0x1C[0m
[00:00:15.140,533] [1;31m<err> analog_axis_hires: Could not setup channel #1 (-5)[0m
[00:00:15.148,284] [1;31m<err> ads1220: config2 mismatch! 0x10 != 0x00[0m
[00:00:15.148,406] [1;31m<err> ads1220: config2 mismatch! 0x15 != 0x00[0m
[00:00:15.148,559] [1;31m<err> ads1220: config0 mismatch! 0x3C != 0x1C[0m
[00:00:15.148,559] [1;31m<err> analog_axis_hires: Could not setup channel #1 (-5)[0m
[00:00:15.156,341] [1;31m<err> ads1220: config2 mismatch! 0x10 != 0x00[0m
[00:00:15.156,463] [1;31m<err> ads1220: config2 mismatch! 0x15 != 0x00[0m
[00:00:15.156,585] [1;31m<err> ads1220: config0 mismatch! 0x3C != 0x1C[0m
[00:00:15.156,585] [1;31m<err> analog_axis_hires: Could not setup channel #1 (-5)[0m
[00:00:15.164,306] [1;31m<err> ads1220: config2 mismatch! 0x10 != 0x00[0m
[00:00:15.164,459] [1;31m<err> ads1220: config2 mismatch! 0x15 != 0x00[0m
[00:00:15.164,611] [1;31m<err> ads1220: config0 mismatch! 0x3C != 0x1C[0m
[00:00:15.164,611] [1;31m<err> analog_axis_hires: Could not setup channel #1 (-5)[0m
[00:00:15.172,363] [1;31m<err> ads1220: config2 mismatch! 0x10 != 0x00[0m
[00:00:15.172,485] [1;31m<err> ads1220: config2 mismatch! 0x15 != 0x00[0m
[00:00:15.172,637] [1;31m<err> ads1220: config0 mismatch! 0x3C != 0x1C[0m
[00:00:15.172,637] [1;31m<err> analog_axis_hires: Could not setup channel #1 (-5)[0m
[00:00:15.180,419] [1;31m<err> ads1220: config2 mismatch! 0x10 != 0x00[0m
[00:00:15.180,541] [1;31m<err> ads1220: config2 mismatch! 0x15 != 0x00[0m
[00:00:15.180,664] [1;31m<err> ads1220: config0 mismatch! 0x3C != 0x1C[0m
[00:00:15.180,694] [1;31m<err> analog_axis_hires: Could not setup channel #1 (-5)[0m
[00:00:15.188,385] [1;31m<err> ads1220: config2 mismatch! 0x10 != 0x00[0m
[00:00:15.188,537] [1;31m<err> ads1220: config2 mismatch! 0x15 != 0x00[0m
[00:00:15.188,690] [1;31m<err> ads1220: config0 mismatch! 0x3C != 0x1C[0m
[00:00:15.188,690] [1;31m<err> analog_axis_hires: Could not setup channel #1 (-5)[0m
[00:00:15.196,441] [1;31m<err> ads1220: config2 mismatch! 0x10 != 0x00[0m
[00:00:15.196,563] [1;31m<err> ads1220: config2 mismatch! 0x15 != 0x00[0m
[00:00:15.196,716] [1;31m<err> ads1220: config0 mismatch! 0x3C != 0x1C[0m
[00:00:15.196,716] [1;31m<err> analog_axis_hires: Could not setup channel #1 (-5)[0m
[00:00:15.204,498] [1;31m<err> ads1220: config2 mismatch! 0x10 != 0x00[0m
[00:00:15.204,620] [1;31m<err> ads1220: config2 mismatch! 0x15 != 0x00[0m
[00:00:15.204,742] [1;31m<err> ads1220: config0 mismatch! 0x3C != 0x1C[0m
[00:00:15.204,772] [1;31m<err> analog_axis_hires: Could not setup channel #1 (-5)[0m
[00:00:15.212,463] [1;31m<err> ads1220: config2 mismatch! 0x10 != 0x00[0m
[00:00:15.212,615] [1;31m<err> ads1220: config2 mismatch! 0x15 != 0x00[0m
[00:00:15.212,768] [1;31m<err> ads1220: config0 mismatch! 0x3C != 0x1C[0m
[00:00:15.212,768] [1;31m<err> analog_axis_hires: Could not setup channel #1 (-5)[0m
[00:00:15.220,520] [1;31m<err> ads1220: config2 mismatch! 0x10 != 0x00[0m
[00:00:15.220,642] [1;31m<err> ads1220: config2 mismatch! 0x15 != 0x00[0m
[00:00:15.220,794] [1;31m<err> ads1220: config0 mismatch! 0x3C != 0x1C[0m
[00:00:15.220,794] [1;31m<err> analog_axis_hires: Could not setup channel #1 (-5)[0m
[00:00:15.228,515] [1;31m<err> ads1220: config2 mismatch! 0x10 != 0x00[0m
[00:00:15.228,637] [1;31m<err> ads1220: config2 mismatch! 0x15 != 0x00[0m
[00:00:15.228,790] [1;31m<err> ads1220: config0 mismatch! 0x3C != 0x1C[0m
[00:00:15.228,790] [1;31m<err> analog_axis_hires: Could not setup channel #1 (-5)[0m
[00:00:15.236,541] [1;31m<err> ads1220: config2 mismatch! 0x10 != 0x00[0m
[00:00:15.236,694] [1;31m<err> ads1220: config2 mismatch! 0x15 != 0x00[0m
[00:00:15.236,846] [1;31m<err> ads1220: config0 mismatch! 0x3C != 0x1C[0m
[00:00:15.236,846] [1;31m<err> analog_axis_hires: Could not setup channel #1 (-5)[0m
[00:00:15.244,598] [1;31m<err> ads1220: config2 mismatch! 0x10 != 0x00[0m
[00:00:15.244,720] [1;31m<err> ads1220: config2 mismatch! 0x15 != 0x00[0m
[00:00:15.244,873] [1;31m<err> ads1220: config0 mismatch! 0x3C != 0x1C[0m
[00:00:15.244,873] [1;31m<err> analog_axis_hires: Could not setup channel #1 (-5)[0m
[00:00:15.252,624] [1;31m<err> ads1220: config2 mismatch! 0x10 != 0x00[0m
[00:00:15.252,746] [1;31m<err> ads1220: config2 mismatch! 0x15 != 0x00[0m
[00:00:15.252,899] [1;31m<err> ads1220: config0 mismatch! 0x3C != 0x1C[0m
[00:00:15.252,899] [1;31m<err> analog_axis_hires: Could not setup channel #1 (-5)[0m
[00:00:15.260,620] [1;31m<err> ads1220: config2 mismatch! 0x10 != 0x00[0m
[00:00:15.260,772] [1;31m<err> ads1220: config2 mismatch! 0x15 != 0x00[0m
[00:00:15.260,925] [1;31m<err> ads1220: config0 mismatch! 0x3C != 0x1C[0m
[00:00:15.260,925] [1;31m<err> analog_axis_hires: Could not setup channel #1 (-5)[0m
[00:00:15.268,676] [1;31m<err> ads1220: config2 mismatch! 0x10 != 0x00[0m
[00:00:15.268,798] [1;31m<err> ads1220: config2 mismatch! 0x15 != 0x00[0m
[00:00:15.268,951] [1;31m<err> ads1220: config0 mismatch! 0x3C != 0x1C[0m
[00:00:15.268,951] [1;31m<err> analog_axis_hires: Could not setup channel #1 (-5)[0m
[00:00:15.276,702] [1;31m<err> ads1220: config2 mismatch! 0x10 != 0x00[0m
[00:00:15.276,855] [1;31m<err> ads1220: config2 mismatch! 0x15 != 0x00[0m
[00:00:15.276,977] [1;31m<err> ads1220: config0 mismatch! 0x3C != 0x1C[0m
[00:00:15.276,977] [1;31m<err> analog_axis_hires: Could not setup channel #1 (-5)[0m
[00:00:15.284,698] [1;31m<err> ads1220: config2 mismatch! 0x10 != 0x00[0m
[00:00:15.284,851] [1;31m<err> ads1220: config2 mismatch! 0x15 != 0x00[0m
[00:00:15.285,003] [1;31m<err> ads1220: config0 mismatch! 0x3C != 0x1C[0m
[00:00:15.285,003] [1;31m<err> analog_axis_hires: Could not setup channel #1 (-5)[0m
[00:00:15.292,755] [1;31m<err> ads1220: config2 mismatch! 0x10 != 0x00[0m
[00:00:15.292,877] [1;31m<err> ads1220: config2 mismatch! 0x15 != 0x00[0m
[00:00:15.293,029] [1;31m<err> ads1220: config0 mismatch! 0x3C != 0x1C[0m
[00:00:15.293,029] [1;31m<err> analog_axis_hires: Could not setup channel #1 (-5)[0m
[00:00:15.300,781] [1;31m<err> ads1220: config2 mismatch! 0x10 != 0x00[0m
[00:00:15.300,903] [1;31m<err> ads1220: config2 mismatch! 0x15 != 0x00[0m
[00:00:15.301,055] [1;31m<err> ads1220: config0 mismatch! 0x3C != 0x1C[0m
[00:00:15.301,055] [1;31m<err> analog_axis_hires: Could not setup channel #1 (-5)[0m
[00:00:15.308,776] [1;31m<err> ads1220: config2 mismatch! 0x10 != 0x00[0m
[00:00:15.308,929] [1;31m<err> ads1220: config2 mismatch! 0x15 != 0x00[0m
[00:00:15.309,082] [1;31m<err> ads1220: config0 mismatch! 0x3C != 0x1C[0m
[00:00:15.309,082] [1;31m<err> analog_axis_hires: Could not setup channel #1 (-5)[0m
[00:00:15.316,833] [1;31m<err> ads1220: config2 mismatch! 0x10 != 0x00[0m
[00:00:15.316,955] [1;31m<err> ads1220: config2 mismatch! 0x15 != 0x00[0m
[00:00:15.317,108] [1;31m<err> ads1220: config0 mismatch! 0x3C != 0x1C[0m
[00:00:15.317,108] [1;31m<err> analog_axis_hires: Could not setup channel #1 (-5)[0m
[00:00:15.324,890] [1;31m<err> ads1220: config2 mismatch! 0x10 != 0x00[0m
[00:00:15.325,012] [1;31m<err> ads1220: config2 mismatch! 0x15 != 0x00[0m
[00:00:15.325,134] [1;31m<err> ads1220: config0 mismatch! 0x3C != 0x1C[0m
[00:00:15.325,134] [1;31m<err> analog_axis_hires: Could not setup channel #1 (-5)[0m
[00:00:15.332,855] [1;31m<err> ads1220: config2 mismatch! 0x10 != 0x00[0m
[00:00:15.333,007] [1;31m<err> ads1220: config2 mismatch! 0x15 != 0x00[0m
[00:00:15.333,160] [1;31m<err> ads1220: config0 mismatch! 0x3C != 0x1C[0m
[00:00:15.333,160] [1;31m<err> analog_axis_hires: Could not setup channel #1 (-5)[0m
[00:00:15.340,911] [1;31m<err> ads1220: config2 mismatch! 0x10 != 0x00[0m
[00:00:15.341,033] [1;31m<err> ads1220: config2 mismatch! 0x15 != 0x00[0m
[00:00:15.341,186] [1;31m<err> ads1220: config0 mismatch! 0x3C != 0x1C[0m
[00:00:15.341,186] [1;31m<err> analog_axis_hires: Could not setup channel #1 (-5)[0m
[00:00:15.348,937] [1;31m<err> ads1220: config2 mismatch! 0x10 != 0x00[0m
[00:00:15.349,090] [1;31m<err> ads1220: config2 mismatch! 0x15 != 0x00[0m
[00:00:15.349,212] [1;31m<err> ads1220: config0 mismatch! 0x3C != 0x1C[0m
[00:00:15.349,212] [1;31m<err> analog_axis_hires: Could not setup channel #1 (-5)[0m
[00:00:15.356,933] [1;31m<err> ads1220: config2 mismatch! 0x10 != 0x00[0m
[00:00:15.357,086] [1;31m<err> ads1220: config2 mismatch! 0x15 != 0x00[0m
[00:00:15.357,238] [1;31m<err> ads1220: config0 mismatch! 0x3C != 0x1C[0m
[00:00:15.357,238] [1;31m<err> analog_axis_hires: Could not setup channel #1 (-5)[0m
[00:00:15.364,990] [1;31m<err> ads1220: config2 mismatch! 0x10 != 0x00[0m
[00:00:15.365,112] [1;31m<err> ads1220: config2 mismatch! 0x15 != 0x00[0m
[00:00:15.365,264] [1;31m<err> ads1220: config0 mismatch! 0x3C != 0x1C[0m
[00:00:15.365,264] [1;31m<err> analog_axis_hires: Could not setup channel #1 (-5)[0m
[00:00:15.373,046] [1;31m<err> ads1220: config2 mismatch! 0x10 != 0x00[0m
[00:00:15.373,168] [1;31m<err> ads1220: config2 mismatch! 0x15 != 0x00[0m
[00:00:15.373,291] [1;31m<err> ads1220: config0 mismatch! 0x3C != 0x1C[0m
[00:00:15.373,291] [1;31m<err> analog_axis_hires: Could not setup channel #1 (-5)[0m
[00:00:15.381,011] [1;31m<err> ads1220: config2 mismatch! 0x10 != 0x00[0m
[00:00:15.381,164] [1;31m<err> ads1220: config2 mismatch! 0x15 != 0x00[0m
[00:00:15.381,317] [1;31m<err> ads1220: config0 mismatch! 0x3C != 0x1C[0m
[00:00:15.381,317] [1;31m<err> analog_axis_hires: Could not setup channel #1 (-5)[0m
[00:00:15.389,068] [1;31m<err> ads1220: config2 mismatch! 0x10 != 0x00[0m
[00:00:15.389,190] [1;31m<err> ads1220: config2 mismatch! 0x15 != 0x00[0m
[00:00:15.389,343] [1;31m<err> ads1220: config0 mismatch! 0x3C != 0x1C[0m
[00:00:15.389,343] [1;31m<err> analog_axis_hires: Could not setup channel #1 (-5)[0m
[00:00:15.397,125] [1;31m<err> ads1220: config2 mismatch! 0x10 != 0x00[0m
[00:00:15.397,247] [1;31m<err> ads1220: config2 mismatch! 0x15 != 0x00[0m
[00:00:15.397,369] [1;31m<err> ads1220: config0 mismatch! 0x3C != 0x1C[0m
[00:00:15.397,369] [1;31m<err> analog_axis_hires: Could not setup channel #1 (-5)[0m
[00:00:15.405,090] [1;31m<err> ads1220: config2 mismatch! 0x10 != 0x00[0m
[00:00:15.405,242] [1;31m<err> ads1220: config2 mismatch! 0x15 != 0x00[0m
[00:00:15.405,395] [1;31m<err> ads1220: config0 mismatch! 0x3C != 0x1C[0m
[00:00:15.405,395] [1;31m<err> analog_axis_hires: Could not setup channel #1 (-5)[0m
[00:00:15.413,146] [1;31m<err> ads1220: config2 mismatch! 0x10 != 0x00[0m
[00:00:15.413,269] [1;31m<err> ads1220: config2 mismatch! 0x15 != 0x00[0m
[00:00:15.413,421] [1;31m<err> ads1220: config0 mismatch! 0x3C != 0x1C[0m
[00:00:15.413,421] [1;31m<err> analog_axis_hires: Could not setup channel #1 (-5)[0m
[00:00:15.421,203] [1;31m<err> ads1220: config2 mismatch! 0x10 != 0x00[0m
[00:00:15.421,325] [1;31m<err> ads1220: config2 mismatch! 0x15 != 0x00[0m
[00:00:15.421,447] [1;31m<err> ads1220: config0 mismatch! 0x3C != 0x1C[0m
[00:00:15.421,478] [1;31m<err> analog_axis_hires: Could not setup channel #1 (-5)[0m
[00:00:15.429,168] [1;31m<err> ads1220: config2 mismatch! 0x10 != 0x00[0m
[00:00:15.429,321] [1;31m<err> ads1220: config2 mismatch! 0x15 != 0x00[0m
[00:00:15.429,473] [1;31m<err> ads1220: config0 mismatch! 0x3C != 0x1C[0m
[00:00:15.429,473] [1;31m<err> analog_axis_hires: Could not setup channel #1 (-5)[0m
[00:00:15.437,225] [1;31m<err> ads1220: config2 mismatch! 0x10 != 0x00[0m
[00:00:15.437,347] [1;31m<err> ads1220: config2 mismatch! 0x15 != 0x00[0m
[00:00:15.437,500] [1;31m<err> ads1220: config0 mismatch! 0x3C != 0x1C[0m
[00:00:15.437,500] [1;31m<err> analog_axis_hires: Could not setup channel #1 (-5)[0m
[00:00:15.445,281] [1;31m<err> ads1220: config2 mismatch! 0x10 != 0x00[0m
[00:00:15.445,404] [1;31m<err> ads1220: config2 mismatch! 0x15 != 0x00[0m
[00:00:15.445,526] [1;31m<err> ads1220: config0 mismatch! 0x3C != 0x1C[0m
[00:00:15.445,526] [1;31m<err> analog_axis_hires: Could not setup channel #1 (-5)[0m
[00:00:15.453,247] [1;31m<err> ads1220: config2 mismatch! 0x10 != 0x00[0m
[00:00:15.453,399] [1;31m<err> ads1220: config2 mismatch! 0x15 != 0x00[0m
[00:00:15.453,552] [1;31m<err> ads1220: config0 mismatch! 0x3C != 0x1C[0m
[00:00:15.453,552] [1;31m<err> analog_axis_hires: Could not setup channel #1 (-5)[0m
[00:00:15.461,303] [1;31m<err> ads1220: config2 mismatch! 0x10 != 0x00[0m
[00:00:15.461,425] [1;31m<err> ads1220: config2 mismatch! 0x15 != 0x00[0m
[00:00:15.461,578] [1;31m<err> ads1220: config0 mismatch! 0x3C != 0x1C[0m
[00:00:15.461,578] [1;31m<err> analog_axis_hires: Could not setup channel #1 (-5)[0m
[00:00:15.469,360] [1;31m<err> ads1220: config2 mismatch! 0x10 != 0x00[0m
[00:00:15.469,482] [1;31m<err> ads1220: config2 mismatch! 0x15 != 0x00[0m
[00:00:15.469,604] [1;31m<err> ads1220: config0 mismatch! 0x3C != 0x1C[0m
[00:00:15.469,635] [1;31m<err> analog_axis_hires: Could not setup channel #1 (-5)[0m
[00:00:15.477,325] [1;31m<err> ads1220: config2 mismatch! 0x10 != 0x00[0m
[00:00:15.477,478] [1;31m<err> ads1220: config2 mismatch! 0x15 != 0x00[0m
[00:00:15.477,630] [1;31m<err> ads1220: config0 mismatch! 0x3C != 0x1C[0m
[00:00:15.477,630] [1;31m<err> analog_axis_hires: Could not setup channel #1 (-5)[0m
[00:00:15.485,382] [1;31m<err> ads1220: config2 mismatch! 0x10 != 0x00[0m
[00:00:15.485,504] [1;31m<err> ads1220: config2 mismatch! 0x15 != 0x00[0m
[00:00:15.485,656] [1;31m<err> ads1220: config0 mismatch! 0x3C != 0x1C[0m
[00:00:15.485,656] [1;31m<err> analog_axis_hires: Could not setup channel #1 (-5)[0m
[00:00:15.493,438] [1;31m<err> ads1220: config2 mismatch! 0x10 != 0x00[0m
[00:00:15.493,560] [1;31m<err> ads1220: config2 mismatch! 0x15 != 0x00[0m
[00:00:15.493,682] [1;31m<err> ads1220: config0 mismatch! 0x3C != 0x1C[0m
[00:00:15.493,713] [1;31m<err> analog_axis_hires: Could not setup channel #1 (-5)[0m
[00:00:15.501,403] [1;31m<err> ads1220: config2 mismatch! 0x10 != 0x00[0m
[00:00:15.501,556] [1;31m<err> ads1220: config2 mismatch! 0x15 != 0x00[0m
[00:00:15.501,708] [1;31m<err> ads1220: config0 mismatch! 0x3C != 0x1C[0m
[00:00:15.501,708] [1;31m<err> analog_axis_hires: Could not setup channel #1 (-5)[0m
[00:00:15.509,460] [1;31m<err> ads1220: config2 mismatch! 0x10 != 0x00[0m
[00:00:15.509,582] [1;31m<err> ads1220: config2 mismatch! 0x15 != 0x00[0m
[00:00:15.509,735] [1;31m<err> ads1220: config0 mismatch! 0x3C != 0x1C[0m
[00:00:15.509,735] [1;31m<err> analog_axis_hires: Could not setup channel #1 (-5)[0m
[00:00:15.517,517] [1;31m<err> ads1220: config2 mismatch! 0x10 != 0x00[0m
[00:00:15.517,639] [1;31m<err> ads1220: config2 mismatch! 0x15 != 0x00[0m
[00:00:15.517,761] [1;31m<err> ads1220: config0 mismatch! 0x3C != 0x1C[0m
[00:00:15.517,791] [1;31m<err> analog_axis_hires: Could not setup channel #1 (-5)[0m
[00:00:15.525,482] [1;31m<err> ads1220: config2 mismatch! 0x10 != 0x00[0m
[00:00:15.525,634] [1;31m<err> ads1220: config2 mismatch! 0x15 != 0x00[0m
[00:00:15.525,787] [1;31m<err> ads1220: config0 mismatch! 0x3C != 0x1C[0m
[00:00:15.525,787] [1;31m<err> analog_axis_hires: Could not setup channel #1 (-5)[0m
[00:00:15.533,538] [1;31m<err> ads1220: config2 mismatch! 0x10 != 0x00[0m
[00:00:15.533,660] [1;31m<err> ads1220: config2 mismatch! 0x15 != 0x00[0m
[00:00:15.533,813] [1;31m<err> ads1220: config0 mismatch! 0x3C != 0x1C[0m
[00:00:15.533,813] [1;31m<err> analog_axis_hires: Could not setup channel #1 (-5)[0m
[00:00:15.541,595] [1;31m<err> ads1220: config2 mismatch! 0x10 != 0x00[0m
[00:00:15.541,717] [1;31m<err> ads1220: config2 mismatch! 0x15 != 0x00[0m
[00:00:15.541,839] [1;31m<err> ads1220: config0 mismatch! 0x3C != 0x1C[0m
[00:00:15.541,870] [1;31m<err> analog_axis_hires: Could not setup channel #1 (-5)[0m
[00:00:15.549,560] [1;31m<err> ads1220: config2 mismatch! 0x10 != 0x00[0m
[00:00:15.549,713] [1;31m<err> ads1220: config2 mismatch! 0x15 != 0x00[0m
[00:00:15.549,865] [1;31m<err> ads1220: config0 mismatch! 0x3C != 0x1C[0m
[00:00:15.549,865] [1;31m<err> analog_axis_hires: Could not setup channel #1 (-5)[0m
[00:00:15.557,617] [1;31m<err> ads1220: config2 mismatch! 0x10 != 0x00[0m
[00:00:15.557,739] [1;31m<err> ads1220: config2 mismatch! 0x15 != 0x00[0m
[00:00:15.557,891] [1;31m<err> ads1220: config0 mismatch! 0x3C != 0x1C[0m
[00:00:15.557,891] [1;31m<err> analog_axis_hires: Could not setup channel #1 (-5)[0m
[00:00:15.565,673] [1;31m<err> ads1220: config2 mismatch! 0x10 != 0x00[0m
[00:00:15.565,795] [1;31m<err> ads1220: config2 mismatch! 0x15 != 0x00[0m
[00:00:15.565,917] [1;31m<err> ads1220: config0 mismatch! 0x3C != 0x1C[0m
[00:00:15.565,948] [1;31m<err> analog_axis_hires: Could not setup channel #1 (-5)[0m
[00:00:15.573,638] [1;31m<err> ads1220: config2 mismatch! 0x10 != 0x00[0m
[00:00:15.573,791] [1;31m<err> ads1220: config2 mismatch! 0x15 != 0x00[0m
[00:00:15.573,944] [1;31m<err> ads1220: config0 mismatch! 0x3C != 0x1C[0m
[00:00:15.573,944] [1;31m<err> analog_axis_hires: Could not setup channel #1 (-5)[0m
[00:00:15.581,695] [1;31m<err> ads1220: config2 mismatch! 0x10 != 0x00[0m
[00:00:15.581,817] [1;31m<err> ads1220: config2 mismatch! 0x15 != 0x00[0m
[00:00:15.581,970] [1;31m<err> ads1220: config0 mismatch! 0x3C != 0x1C[0m
[00:00:15.581,970] [1;31m<err> analog_axis_hires: Could not setup channel #1 (-5)[0m
[00:00:15.589,752] [1;31m<err> ads1220: config2 mismatch! 0x10 != 0x00[0m
[00:00:15.589,874] [1;31m<err> ads1220: config2 mismatch! 0x15 != 0x00[0m
[00:00:15.590,026] [1;31m<err> ads1220: config0 mismatch! 0x3C != 0x1C[0m
[00:00:15.590,026] [1;31m<err> analog_axis_hires: Could not setup channel #1 (-5)[0m
[00:00:15.597,717] [1;31m<err> ads1220: config2 mismatch! 0x10 != 0x00[0m
[00:00:15.597,869] [1;31m<err> ads1220: config2 mismatch! 0x15 != 0x00[0m
[00:00:15.598,022] [1;31m<err> ads1220: config0 mismatch! 0x3C != 0x1C[0m
[00:00:15.598,022] [1;31m<err> analog_axis_hires: Could not setup channel #1 (-5)[0m
[00:00:15.605,773] [1;31m<err> ads1220: config2 mismatch! 0x10 != 0x00[0m
[00:00:15.605,895] [1;31m<err> ads1220: config2 mismatch! 0x15 != 0x00[0m
[00:00:15.606,048] [1;31m<err> ads1220: config0 mismatch! 0x3C != 0x1C[0m
[00:00:15.606,048] [1;31m<err> analog_axis_hires: Could not setup channel #1 (-5)[0m
[00:00:15.613,830] [1;31m<err> ads1220: config2 mismatch! 0x10 != 0x00[0m
[00:00:15.613,952] [1;31m<err> ads1220: config2 mismatch! 0x15 != 0x00[0m
[00:00:15.614,074] [1;31m<err> ads1220: config0 mismatch! 0x3C != 0x1C[0m
[00:00:15.614,105] [1;31m<err> analog_axis_hires: Could not setup channel #1 (-5)[0m
[00:00:15.621,795] [1;31m<err> ads1220: config2 mismatch! 0x10 != 0x00[0m
[00:00:15.621,948] [1;31m<err> ads1220: config2 mismatch! 0x15 != 0x00[0m
[00:00:15.622,100] [1;31m<err> ads1220: config0 mismatch! 0x3C != 0x1C[0m
[00:00:15.622,100] [1;31m<err> analog_axis_hires: Could not setup channel #1 (-5)[0m
[00:00:15.629,852] [1;31m<err> ads1220: config2 mismatch! 0x10 != 0x00[0m
[00:00:15.629,974] [1;31m<err> ads1220: config2 mismatch! 0x15 != 0x00[0m
[00:00:15.630,126] [1;31m<err> ads1220: config0 mismatch! 0x3C != 0x1C[0m
[00:00:15.630,126] [1;31m<err> analog_axis_hires: Could not setup channel #1 (-5)[0m
[00:00:15.637,908] [1;31m<err> ads1220: config2 mismatch! 0x10 != 0x00[0m
[00:00:15.638,031] [1;31m<err> ads1220: config2 mismatch! 0x15 != 0x00[0m
[00:00:15.638,183] [1;31m<err> ads1220: config0 mismatch! 0x3C != 0x1C[0m
[00:00:15.638,183] [1;31m<err> analog_axis_hires: Could not setup channel #1 (-5)[0m
[00:00:15.645,874] [1;31m<err> ads1220: config2 mismatch! 0x10 != 0x00[0m
[00:00:15.646,026] [1;31m<err> ads1220: config2 mismatch! 0x15 != 0x00[0m
[00:00:15.646,179] [1;31m<err> ads1220: config0 mismatch! 0x3C != 0x1C[0m
[00:00:15.646,179] [1;31m<err> analog_axis_hires: Could not setup channel #1 (-5)[0m
[00:00:15.653,930] [1;31m<err> ads1220: config2 mismatch! 0x10 != 0x00[0m
[00:00:15.654,052] [1;31m<err> ads1220: config2 mismatch! 0x15 != 0x00[0m
[00:00:15.654,205] [1;31m<err> ads1220: config0 mismatch! 0x3C != 0x1C[0m
[00:00:15.654,205] [1;31m<err> analog_axis_hires: Could not setup channel #1 (-5)[0m
[00:00:15.661,987] [1;31m<err> ads1220: config2 mismatch! 0x10 != 0x00[0m
[00:00:15.662,109] [1;31m<err> ads1220: config2 mismatch! 0x15 != 0x00[0m
[00:00:15.662,261] [1;31m<err> ads1220: config0 mismatch! 0x3C != 0x1C[0m
[00:00:15.662,261] [1;31m<err> analog_axis_hires: Could not setup channel #1 (-5)[0m
[00:00:15.669,952] [1;31m<err> ads1220: config2 mismatch! 0x10 != 0x00[0m
[00:00:15.670,104] [1;31m<err> ads1220: config2 mismatch! 0x15 != 0x00[0m
[00:00:15.670,257] [1;31m<err> ads1220: config0 mismatch! 0x3C != 0x1C[0m
[00:00:15.670,257] [1;31m<err> analog_axis_hires: Could not setup channel #1 (-5)[0m
[00:00:15.678,009] [1;31m<err> ads1220: config2 mismatch! 0x10 != 0x00[0m
[00:00:15.678,131] [1;31m<err> ads1220: config2 mismatch! 0x15 != 0x00[0m
[00:00:15.678,283] [1;31m<err> ads1220: config0 mismatch! 0x3C != 0x1C[0m
[00:00:15.678,283] [1;31m<err> analog_axis_hires: Could not setup channel #1 (-5)[0m
[00:00:15.686,065] [1;31m<err> ads1220: config2 mismatch! 0x10 != 0x00[0m
[00:00:15.686,187] [1;31m<err> ads1220: config2 mismatch! 0x15 != 0x00[0m
[00:00:15.686,340] [1;31m<err> ads1220: config0 mismatch! 0x3C != 0x1C[0m
[00:00:15.686,340] [1;31m<err> analog_axis_hires: Could not setup channel #1 (-5)[0m
[00:00:15.694,030] [1;31m<err> ads1220: config2 mismatch! 0x10 != 0x00[0m
[00:00:15.694,183] [1;31m<err> ads1220: config2 mismatch! 0x15 != 0x00[0m
[00:00:15.694,335] [1;31m<err> ads1220: config0 mismatch! 0x3C != 0x1C[0m
[00:00:15.694,335] [1;31m<err> analog_axis_hires: Could not setup channel #1 (-5)[0m
[00:00:15.702,087] [1;31m<err> ads1220: config2 mismatch! 0x10 != 0x00[0m
[00:00:15.702,209] [1;31m<err> ads1220: config2 mismatch! 0x15 != 0x00[0m
[00:00:15.702,362] [1;31m<err> ads1220: config0 mismatch! 0x3C != 0x1C[0m
[00:00:15.702,362] [1;31m<err> analog_axis_hires: Could not setup channel #1 (-5)[0m
[00:00:15.710,113] [1;31m<err> ads1220: config2 mismatch! 0x10 != 0x00[0m
[00:00:15.710,235] [1;31m<err> ads1220: config2 mismatch! 0x15 != 0x00[0m
[00:00:15.710,388] [1;31m<err> ads1220: config0 mismatch! 0x3C != 0x1C[0m
[00:00:15.710,388] [1;31m<err> analog_axis_hires: Could not setup channel #1 (-5)[0m
[00:00:15.718,109] [1;31m<err> ads1220: config2 mismatch! 0x10 != 0x00[0m
[00:00:15.718,261] [1;31m<err> ads1220: config2 mismatch! 0x15 != 0x00[0m
[00:00:15.718,414] [1;31m<err> ads1220: config0 mismatch! 0x3C != 0x1C[0m
[00:00:15.718,414] [1;31m<err> analog_axis_hires: Could not setup channel #1 (-5)[0m
[00:00:15.726,165] [1;31m<err> ads1220: config2 mismatch! 0x10 != 0x00[0m
[00:00:15.726,287] [1;31m<err> ads1220: config2 mismatch! 0x15 != 0x00[0m
[00:00:15.726,440] [1;31m<err> ads1220: config0 mismatch! 0x3C != 0x1C[0m
[00:00:15.726,440] [1;31m<err> analog_axis_hires: Could not setup channel #1 (-5)[0m
[00:00:15.734,222] [1;31m<err> ads1220: config2 mismatch! 0x10 != 0x00[0m
[00:00:15.734,344] [1;31m<err> ads1220: config2 mismatch! 0x15 != 0x00[0m
[00:00:15.734,466] [1;31m<err> ads1220: config0 mismatch! 0x3C != 0x1C[0m
[00:00:15.734,466] [1;31m<err> analog_axis_hires: Could not setup channel #1 (-5)[0m
[00:00:15.742,187] [1;31m<err> ads1220: config2 mismatch! 0x10 != 0x00[0m
[00:00:15.742,340] [1;31m<err> ads1220: config2 mismatch! 0x15 != 0x00[0m
[00:00:15.742,492] [1;31m<err> ads1220: config0 mismatch! 0x3C != 0x1C[0m
[00:00:15.742,492] [1;31m<err> analog_axis_hires: Could not setup channel #1 (-5)[0m
[00:00:15.750,244] [1;31m<err> ads1220: config2 mismatch! 0x10 != 0x00[0m
[00:00:15.750,366] [1;31m<err> ads1220: config2 mismatch! 0x15 != 0x00[0m
[00:00:15.750,518] [1;31m<err> ads1220: config0 mismatch! 0x3C != 0x1C[0m
[00:00:15.750,518] [1;31m<err> analog_axis_hires: Could not setup channel #1 (-5)[0m
[00:00:15.758,270] [1;31m<err> ads1220: config2 mismatch! 0x10 != 0x00[0m
[00:00:15.758,422] [1;31m<err> ads1220: config2 mismatch! 0x15 != 0x00[0m
[00:00:15.758,544] [1;31m<err> ads1220: config0 mismatch! 0x3C != 0x1C[0m
[00:00:15.758,544] [1;31m<err> analog_axis_hires: Could not setup channel #1 (-5)[0m
[00:00:15.766,265] [1;31m<err> ads1220: config2 mismatch! 0x10 != 0x00[0m
[00:00:15.766,418] [1;31m<err> ads1220: config2 mismatch! 0x15 != 0x00[0m
[00:00:15.766,571] [1;31m<err> ads1220: config0 mismatch! 0x3C != 0x1C[0m
[00:00:15.766,571] [1;31m<err> analog_axis_hires: Could not setup channel #1 (-5)[0m
[00:00:15.774,322] [1;31m<err> ads1220: config2 mismatch! 0x10 != 0x00[0m
[00:00:15.774,444] [1;31m<err> ads1220: config2 mismatch! 0x15 != 0x00[0m
[00:00:15.774,597] [1;31m<err> ads1220: config0 mismatch! 0x3C != 0x1C[0m
[00:00:15.774,597] [1;31m<err> analog_axis_hires: Could not setup channel #1 (-5)[0m
[00:00:15.782,348] [1;31m<err> ads1220: config2 mismatch! 0x10 != 0x00[0m
[00:00:15.782,470] [1;31m<err> ads1220: config2 mismatch! 0x15 != 0x00[0m
[00:00:15.782,592] [1;31m<err> ads1220: config0 mismatch! 0x3C != 0x1C[0m
[00:00:15.782,623] [1;31m<err> analog_axis_hires: Could not setup channel #1 (-5)[0m
[00:00:15.790,344] [1;31m<err> ads1220: config2 mismatch! 0x10 != 0x00[0m
[00:00:15.790,496] [1;31m<err> ads1220: config2 mismatch! 0x15 != 0x00[0m
[00:00:15.790,649] [1;31m<err> ads1220: config0 mismatch! 0x3C != 0x1C[0m
[00:00:15.790,649] [1;31m<err> analog_axis_hires: Could not setup channel #1 (-5)[0m
[00:00:15.798,400] [1;31m<err> ads1220: config2 mismatch! 0x10 != 0x00[0m
[00:00:15.798,522] [1;31m<err> ads1220: config2 mismatch! 0x15 != 0x00[0m
[00:00:15.798,675] [1;31m<err> ads1220: config0 mismatch! 0x3C != 0x1C[0m
[00:00:15.798,675] [1;31m<err> analog_axis_hires: Could not setup channel #1 (-5)[0m
[00:00:15.806,457] [1;31m<err> ads1220: config2 mismatch! 0x10 != 0x00[0m
[00:00:15.806,579] [1;31m<err> ads1220: config2 mismatch! 0x15 != 0x00[0m
[00:00:15.806,701] [1;31m<err> ads1220: config0 mismatch! 0x3C != 0x1C[0m
[00:00:15.806,732] [1;31m<err> analog_axis_hires: Could not setup channel #1 (-5)[0m
[00:00:15.814,422] [1;31m<err> ads1220: config2 mismatch! 0x10 != 0x00[0m
[00:00:15.814,575] [1;31m<err> ads1220: config2 mismatch! 0x15 != 0x00[0m
[00:00:15.814,727] [1;31m<err> ads1220: config0 mismatch! 0x3C != 0x1C[0m
[00:00:15.814,727] [1;31m<err> analog_axis_hires: Could not setup channel #1 (-5)[0m
[00:00:15.822,479] [1;31m<err> ads1220: config2 mismatch! 0x10 != 0x00[0m
[00:00:15.822,601] [1;31m<err> ads1220: config2 mismatch! 0x15 != 0x00[0m
[00:00:15.822,753] [1;31m<err> ads1220: config0 mismatch! 0x3C != 0x1C[0m
[00:00:15.822,753] [1;31m<err> analog_axis_hires: Could not setup channel #1 (-5)[0m
[00:00:15.830,505] [1;31m<err> ads1220: config2 mismatch! 0x10 != 0x00[0m
[00:00:15.830,627] [1;31m<err> ads1220: config2 mismatch! 0x15 != 0x00[0m
[00:00:15.830,749] [1;31m<err> ads1220: config0 mismatch! 0x3C != 0x1C[0m
[00:00:15.830,780] [1;31m<err> analog_axis_hires: Could not setup channel #1 (-5)[0m
[00:00:15.838,500] [1;31m<err> ads1220: config2 mismatch! 0x10 != 0x00[0m
[00:00:15.838,653] [1;31m<err> ads1220: config2 mismatch! 0x15 != 0x00[0m
[00:00:15.838,806] [1;31m<err> ads1220: config0 mismatch! 0x3C != 0x1C[0m
[00:00:15.838,806] [1;31m<err> analog_axis_hires: Could not setup channel #1 (-5)[0m
[00:00:15.846,557] [1;31m<err> ads1220: config2 mismatch! 0x10 != 0x00[0m
[00:00:15.846,679] [1;31m<err> ads1220: config2 mismatch! 0x15 != 0x00[0m
[00:00:15.846,832] [1;31m<err> ads1220: config0 mismatch! 0x3C != 0x1C[0m
[00:00:15.846,832] [1;31m<err> analog_axis_hires: Could not setup channel #1 (-5)[0m
[00:00:15.854,614] [1;31m<err> ads1220: config2 mismatch! 0x10 != 0x00[0m
[00:00:15.854,736] [1;31m<err> ads1220: config2 mismatch! 0x15 != 0x00[0m
[00:00:15.854,858] [1;31m<err> ads1220: config0 mismatch! 0x3C != 0x1C[0m
[00:00:15.854,888] [1;31m<err> analog_axis_hires: Could not setup channel #1 (-5)[0m
[00:00:15.862,579] [1;31m<err> ads1220: config2 mismatch! 0x10 != 0x00[0m
[00:00:15.862,731] [1;31m<err> ads1220: config2 mismatch! 0x15 != 0x00[0m
[00:00:15.862,884] [1;31m<err> ads1220: config0 mismatch! 0x3C != 0x1C[0m
[00:00:15.862,884] [1;31m<err> analog_axis_hires: Could not setup channel #1 (-5)[0m
[00:00:15.870,635] [1;31m<err> ads1220: config2 mismatch! 0x10 != 0x00[0m
[00:00:15.870,758] [1;31m<err> ads1220: config2 mismatch! 0x15 != 0x00[0m
[00:00:15.870,910] [1;31m<err> ads1220: config0 mismatch! 0x3C != 0x1C[0m
[00:00:15.870,910] [1;31m<err> analog_axis_hires: Could not setup channel #1 (-5)[0m
[00:00:15.878,692] [1;31m<err> ads1220: config2 mismatch! 0x10 != 0x00[0m
[00:00:15.878,814] [1;31m<err> ads1220: config2 mismatch! 0x15 != 0x00[0m
[00:00:15.878,936] [1;31m<err> ads1220: config0 mismatch! 0x3C != 0x1C[0m
[00:00:15.878,967] [1;31m<err> analog_axis_hires: Could not setup channel #1 (-5)[0m
[00:00:15.886,657] [1;31m<err> ads1220: config2 mismatch! 0x10 != 0x00[0m
[00:00:15.886,810] [1;31m<err> ads1220: config2 mismatch! 0x15 != 0x00[0m
[00:00:15.886,962] [1;31m<err> ads1220: config0 mismatch! 0x3C != 0x1C[0m
[00:00:15.886,962] [1;31m<err> analog_axis_hires: Could not setup channel #1 (-5)[0m
[00:00:15.894,714] [1;31m<err> ads1220: config2 mismatch! 0x10 != 0x00[0m
[00:00:15.894,836] [1;31m<err> ads1220: config2 mismatch! 0x15 != 0x00[0m
[00:00:15.894,989] [1;31m<err> ads1220: config0 mismatch! 0x3C != 0x1C[0m
[00:00:15.894,989] [1;31m<err> analog_axis_hires: Could not setup channel #1 (-5)[0m
[00:00:15.902,740] [1;31m<err> ads1220: config2 mismatch! 0x10 != 0x00[0m
[00:00:15.902,862] [1;31m<err> ads1220: config2 mismatch! 0x15 != 0x00[0m
[00:00:15.902,984] [1;31m<err> ads1220: config0 mismatch! 0x3C != 0x1C[0m
[00:00:15.903,015] [1;31m<err> analog_axis_hires: Could not setup channel #1 (-5)[0m
[00:00:15.910,736] [1;31m<err> ads1220: config2 mismatch! 0x10 != 0x00[0m
[00:00:15.910,888] [1;31m<err> ads1220: config2 mismatch! 0x15 != 0x00[0m
[00:00:15.911,041] [1;31m<err> ads1220: config0 mismatch! 0x3C != 0x1C[0m
[00:00:15.911,041] [1;31m<err> analog_axis_hires: Could not setup channel #1 (-5)[0m
[00:00:15.918,792] [1;31m<err> ads1220: config2 mismatch! 0x10 != 0x00[0m
[00:00:15.918,914] [1;31m<err> ads1220: config2 mismatch! 0x15 != 0x00[0m
[00:00:15.919,067] [1;31m<err> ads1220: config0 mismatch! 0x3C != 0x1C[0m
[00:00:15.919,067] [1;31m<err> analog_axis_hires: Could not setup channel #1 (-5)[0m
[00:00:15.926,849] [1;31m<err> ads1220: config2 mismatch! 0x10 != 0x00[0m
[00:00:15.926,971] [1;31m<err> ads1220: config2 mismatch! 0x15 != 0x00[0m
[00:00:15.927,093] [1;31m<err> ads1220: config0 mismatch! 0x3C != 0x1C[0m
[00:00:15.927,124] [1;31m<err> analog_axis_hires: Could not setup channel #1 (-5)[0m
[00:00:15.934,814] [1;31m<err> ads1220: config2 mismatch! 0x10 != 0x00[0m
[00:00:15.934,967] [1;31m<err> ads1220: config2 mismatch! 0x15 != 0x00[0m
[00:00:15.935,119] [1;31m<err> ads1220: config0 mismatch! 0x3C != 0x1C[0m
[00:00:15.935,119] [1;31m<err> analog_axis_hires: Could not setup channel #1 (-5)[0m
[00:00:15.942,871] [1;31m<err> ads1220: config2 mismatch! 0x10 != 0x00[0m
[00:00:15.942,993] [1;31m<err> ads1220: config2 mismatch! 0x15 != 0x00[0m
[00:00:15.943,145] [1;31m<err> ads1220: config0 mismatch! 0x3C != 0x1C[0m
[00:00:15.943,145] [1;31m<err> analog_axis_hires: Could not setup channel #1 (-5)[0m
[00:00:15.950,927] [1;31m<err> ads1220: config2 mismatch! 0x10 != 0x00[0m
[00:00:15.951,049] [1;31m<err> ads1220: config2 mismatch! 0x15 != 0x00[0m
[00:00:15.951,202] [1;31m<err> ads1220: config0 mismatch! 0x3C != 0x1C[0m
[00:00:15.951,202] [1;31m<err> analog_axis_hires: Could not setup channel #1 (-5)[0m
[00:00:15.958,892] [1;31m<err> ads1220: config2 mismatch! 0x10 != 0x00[0m
[00:00:15.959,045] [1;31m<err> ads1220: config2 mismatch! 0x15 != 0x00[0m
[00:00:15.959,197] [1;31m<err> ads1220: config0 mismatch! 0x3C != 0x1C[0m
[00:00:15.959,197] [1;31m<err> analog_axis_hires: Could not setup channel #1 (-5)[0m
[00:00:15.966,949] [1;31m<err> ads1220: config2 mismatch! 0x10 != 0x00[0m
[00:00:15.967,071] [1;31m<err> ads1220: config2 mismatch! 0x15 != 0x00[0m
[00:00:15.967,224] [1;31m<err> ads1220: config0 mismatch! 0x3C != 0x1C[0m
[00:00:15.967,224] [1;31m<err> analog_axis_hires: Could not setup channel #1 (-5)[0m
[00:00:15.975,006] [1;31m<err> ads1220: config2 mismatch! 0x10 != 0x00[0m
[00:00:15.975,128] [1;31m<err> ads1220: config2 mismatch! 0x15 != 0x00[0m
[00:00:15.975,250] [1;31m<err> ads1220: config0 mismatch! 0x3C != 0x1C[0m
[00:00:15.975,280] [1;31m<err> analog_axis_hires: Could not setup channel #1 (-5)[0m
[00:00:15.982,971] [1;31m<err> ads1220: config2 mismatch! 0x10 != 0x00[0m
[00:00:15.983,123] [1;31m<err> ads1220: config2 mismatch! 0x15 != 0x00[0m
[00:00:15.983,276] [1;31m<err> ads1220: config0 mismatch! 0x3C != 0x1C[0m
[00:00:15.983,276] [1;31m<err> analog_axis_hires: Could not setup channel #1 (-5)[0m
[00:00:15.991,027] [1;31m<err> ads1220: config2 mismatch! 0x10 != 0x00[0m
[00:00:15.991,149] [1;31m<err> ads1220: config2 mismatch! 0x15 != 0x00[0m
[00:00:15.991,302] [1;31m<err> ads1220: config0 mismatch! 0x3C != 0x1C[0m
[00:00:15.991,302] [1;31m<err> analog_axis_hires: Could not setup channel #1 (-5)[0m
[00:00:15.999,084] [1;31m<err> ads1220: config2 mismatch! 0x10 != 0x00[0m
[00:00:15.999,206] [1;31m<err> ads1220: config2 mismatch! 0x15 != 0x00[0m
[00:00:15.999,359] [1;31m<err> ads1220: config0 mismatch! 0x3C != 0x1C[0m
[00:00:15.999,359] [1;31m<err> analog_axis_hires: Could not setup channel #1 (-5)[0m
[00:00:16.007,049] [1;31m<err> ads1220: config2 mismatch! 0x10 != 0x00[0m
[00:00:16.007,202] [1;31m<err> ads1220: config2 mismatch! 0x15 != 0x00[0m
[00:00:16.007,354] [1;31m<err> ads1220: config0 mismatch! 0x3C != 0x1C[0m
[00:00:16.007,354] [1;31m<err> analog_axis_hires: Could not setup channel #1 (-5)[0m
[00:00:16.015,106] [1;31m<err> ads1220: config2 mismatch! 0x10 != 0x00[0m
[00:00:16.015,228] [1;31m<err> ads1220: config2 mismatch! 0x15 != 0x00[0m
[00:00:16.015,380] [1;31m<err> ads1220: config0 mismatch! 0x3C != 0x1C[0m
[00:00:16.015,380] [1;31m<err> analog_axis_hires: Could not setup channel #1 (-5)[0m
[00:00:16.023,162] [1;31m<err> ads1220: config2 mismatch! 0x10 != 0x00[0m
[00:00:16.023,284] [1;31m<err> ads1220: config2 mismatch! 0x15 != 0x00[0m
[00:00:16.023,437] [1;31m<err> ads1220: config0 mismatch! 0x3C != 0x1C[0m
[00:00:16.023,437] [1;31m<err> analog_axis_hires: Could not setup channel #1 (-5)[0m
[00:00:16.031,188] [1;31m<err> ads1220: config2 mismatch! 0x10 != 0x00[0m
[00:00:16.031,341] [1;31m<err> ads1220: config2 mismatch! 0x15 != 0x00[0m
[00:00:16.031,494] [1;31m<err> ads1220: config0 mismatch! 0x3C != 0x1C[0m
[00:00:16.031,494] [1;31m<err> analog_axis_hires: Could not setup channel #1 (-5)[0m
[00:00:16.039,184] [1;31m<err> ads1220: config2 mismatch! 0x10 != 0x00[0m
[00:00:16.039,306] [1;31m<err> ads1220: config2 mismatch! 0x15 != 0x00[0m
[00:00:16.039,459] [1;31m<err> ads1220: config0 mismatch! 0x3C != 0x1C[0m
[00:00:16.039,459] [1;31m<err> analog_axis_hires: Could not setup channel #1 (-5)[0m
[00:00:16.047,241] [1;31m<err> ads1220: config2 mismatch! 0x10 != 0x00[0m
[00:00:16.047,393] [1;31m<err> ads1220: config2 mismatch! 0x15 != 0x00[0m
[00:00:16.047,515] [1;31m<err> ads1220: config0 mismatch! 0x3C != 0x1C[0m
[00:00:16.047,515] [1;31m<err> analog_axis_hires: Could not setup channel #1 (-5)[0m
[00:00:16.055,206] [1;31m<err> ads1220: config2 mismatch! 0x10 != 0x00[0m
[00:00:16.055,358] [1;31m<err> ads1220: config2 mismatch! 0x15 != 0x00[0m
[00:00:16.055,511] [1;31m<err> ads1220: config0 mismatch! 0x3C != 0x1C[0m
[00:00:16.055,511] [1;31m<err> analog_axis_hires: Could not setup channel #1 (-5)[0m
[00:00:16.063,262] [1;31m<err> ads1220: config2 mismatch! 0x10 != 0x00[0m
[00:00:16.063,385] [1;31m<err> ads1220: config2 mismatch! 0x15 != 0x00[0m
[00:00:16.063,537] [1;31m<err> ads1220: config0 mismatch! 0x3C != 0x1C[0m
[00:00:16.063,537] [1;31m<err> analog_axis_hires: Could not setup channel #1 (-5)[0m
[00:00:16.071,289] [1;31m<err> ads1220: config2 mismatch! 0x10 != 0x00[0m
[00:00:16.071,411] [1;31m<err> ads1220: config2 mismatch! 0x15 != 0x00[0m
[00:00:16.071,563] [1;31m<err> ads1220: config0 mismatch! 0x3C != 0x1C[0m
[00:00:16.071,563] [1;31m<err> analog_axis_hires: Could not setup channel #1 (-5)[0m
[00:00:16.079,284] [1;31m<err> ads1220: config2 mismatch! 0x10 != 0x00[0m
[00:00:16.079,437] [1;31m<err> ads1220: config2 mismatch! 0x15 != 0x00[0m
[00:00:16.079,589] [1;31m<err> ads1220: config0 mismatch! 0x3C != 0x1C[0m
[00:00:16.079,589] [1;31m<err> analog_axis_hires: Could not setup channel #1 (-5)[0m
[00:00:16.087,341] [1;31m<err> ads1220: config2 mismatch! 0x10 != 0x00[0m
[00:00:16.087,463] [1;31m<err> ads1220: config2 mismatch! 0x15 != 0x00[0m
[00:00:16.087,615] [1;31m<err> ads1220: config0 mismatch! 0x3C != 0x1C[0m
[00:00:16.087,615] [1;31m<err> analog_axis_hires: Could not setup channel #1 (-5)[0m
[00:00:16.095,367] [1;31m<err> ads1220: config2 mismatch! 0x10 != 0x00[0m
[00:00:16.095,520] [1;31m<err> ads1220: config2 mismatch! 0x15 != 0x00[0m
[00:00:16.095,642] [1;31m<err> ads1220: config0 mismatch! 0x3C != 0x1C[0m
[00:00:16.095,642] [1;31m<err> analog_axis_hires: Could not setup channel #1 (-5)[0m
[00:00:16.103,363] [1;31m<err> ads1220: config2 mismatch! 0x10 != 0x00[0m
[00:00:16.103,515] [1;31m<err> ads1220: config2 mismatch! 0x15 != 0x00[0m
[00:00:16.103,668] [1;31m<err> ads1220: config0 mismatch! 0x3C != 0x1C[0m
[00:00:16.103,668] [1;31m<err> analog_axis_hires: Could not setup channel #1 (-5)[0m
[00:00:16.111,419] [1;31m<err> ads1220: config2 mismatch! 0x10 != 0x00[0m
[00:00:16.111,541] [1;31m<err> ads1220: config2 mismatch! 0x15 != 0x00[0m
[00:00:16.111,694] [1;31m<err> ads1220: config0 mismatch! 0x3C != 0x1C[0m
[00:00:16.111,694] [1;31m<err> analog_axis_hires: Could not setup channel #1 (-5)[0m
[00:00:16.119,476] [1;31m<err> ads1220: config2 mismatch! 0x10 != 0x00[0m
[00:00:16.119,598] [1;31m<err> ads1220: config2 mismatch! 0x15 != 0x00[0m
[00:00:16.119,720] [1;31m<err> ads1220: config0 mismatch! 0x3C != 0x1C[0m
[00:00:16.119,720] [1;31m<err> analog_axis_hires: Could not setup channel #1 (-5)[0m
[00:00:16.127,441] [1;31m<err> ads1220: config2 mismatch! 0x10 != 0x00[0m
[00:00:16.127,593] [1;31m<err> ads1220: config2 mismatch! 0x15 != 0x00[0m
[00:00:16.127,746] [1;31m<err> ads1220: config0 mismatch! 0x3C != 0x1C[0m
[00:00:16.127,746] [1;31m<err> analog_axis_hires: Could not setup channel #1 (-5)[0m
[00:00:16.135,498] [1;31m<err> ads1220: config2 mismatch! 0x10 != 0x00[0m
[00:00:16.135,620] [1;31m<err> ads1220: config2 mismatch! 0x15 != 0x00[0m
[00:00:16.135,772] [1;31m<err> ads1220: config0 mismatch! 0x3C != 0x1C[0m
[00:00:16.135,772] [1;31m<err> analog_axis_hires: Could not setup channel #1 (-5)[0m
[00:00:16.143,554] [1;31m<err> ads1220: config2 mismatch! 0x10 != 0x00[0m
[00:00:16.143,676] [1;31m<err> ads1220: config2 mismatch! 0x15 != 0x00[0m
[00:00:16.143,798] [1;31m<err> ads1220: config0 mismatch! 0x3C != 0x1C[0m
[00:00:16.143,829] [1;31m<err> analog_axis_hires: Could not setup channel #1 (-5)[0m
[00:00:16.151,519] [1;31m<err> ads1220: config2 mismatch! 0x10 != 0x00[0m
[00:00:16.151,672] [1;31m<err> ads1220: config2 mismatch! 0x15 != 0x00[0m
[00:00:16.151,824] [1;31m<err> ads1220: config0 mismatch! 0x3C != 0x1C[0m
[00:00:16.151,824] [1;31m<err> analog_axis_hires: Could not setup channel #1 (-5)[0m
[00:00:16.159,576] [1;31m<err> ads1220: config2 mismatch! 0x10 != 0x00[0m
[00:00:16.159,698] [1;31m<err> ads1220: config2 mismatch! 0x15 != 0x00[0m
[00:00:16.159,851] [1;31m<err> ads1220: config0 mismatch! 0x3C != 0x1C[0m
[00:00:16.159,851] [1;31m<err> analog_axis_hires: Could not setup channel #1 (-5)[0m
[00:00:16.167,602] [1;31m<err> ads1220: config2 mismatch! 0x10 != 0x00[0m
[00:00:16.167,755] [1;31m<err> ads1220: config2 mismatch! 0x15 != 0x00[0m
[00:00:16.167,877] [1;31m<err> ads1220: config0 mismatch! 0x3C != 0x1C[0m
[00:00:16.167,877] [1;31m<err> analog_axis_hires: Could not setup channel #1 (-5)[0m
[00:00:16.175,598] [1;31m<err> ads1220: config2 mismatch! 0x10 != 0x00[0m
[00:00:16.175,750] [1;31m<err> ads1220: config2 mismatch! 0x15 != 0x00[0m
[00:00:16.175,903] [1;31m<err> ads1220: config0 mismatch! 0x3C != 0x1C[0m
[00:00:16.175,903] [1;31m<err> analog_axis_hires: Could not setup channel #1 (-5)[0m
[00:00:16.183,654] [1;31m<err> ads1220: config2 mismatch! 0x10 != 0x00[0m
[00:00:16.183,776] [1;31m<err> ads1220: config2 mismatch! 0x15 != 0x00[0m
[00:00:16.183,929] [1;31m<err> ads1220: config0 mismatch! 0x3C != 0x1C[0m
[00:00:16.183,929] [1;31m<err> analog_axis_hires: Could not setup channel #1 (-5)[0m
[00:00:16.191,680] [1;31m<err> ads1220: config2 mismatch! 0x10 != 0x00[0m
[00:00:16.191,802] [1;31m<err> ads1220: config2 mismatch! 0x15 != 0x00[0m
[00:00:16.191,925] [1;31m<err> ads1220: config0 mismatch! 0x3C != 0x1C[0m
[00:00:16.191,955] [1;31m<err> analog_axis_hires: Could not setup channel #1 (-5)[0m
[00:00:16.199,676] [1;31m<err> ads1220: config2 mismatch! 0x10 != 0x00[0m
[00:00:16.199,829] [1;31m<err> ads1220: config2 mismatch! 0x15 != 0x00[0m
[00:00:16.199,981] [1;31m<err> ads1220: config0 mismatch! 0x3C != 0x1C[0m
[00:00:16.199,981] [1;31m<err> analog_axis_hires: Could not setup channel #1 (-5)[0m
[00:00:16.207,733] [1;31m<err> ads1220: config2 mismatch! 0x10 != 0x00[0m
[00:00:16.207,855] [1;31m<err> ads1220: config2 mismatch! 0x15 != 0x00[0m
[00:00:16.208,007] [1;31m<err> ads1220: config0 mismatch! 0x3C != 0x1C[0m
[00:00:16.208,007] [1;31m<err> analog_axis_hires: Could not setup channel #1 (-5)[0m
[00:00:16.215,789] [1;31m<err> ads1220: config2 mismatch! 0x10 != 0x00[0m
[00:00:16.215,911] [1;31m<err> ads1220: config2 mismatch! 0x15 != 0x00[0m
[00:00:16.216,033] [1;31m<err> ads1220: config0 mismatch! 0x3C != 0x1C[0m
[00:00:16.216,064] [1;31m<err> analog_axis_hires: Could not setup channel #1 (-5)[0m
[00:00:16.223,754] [1;31m<err> ads1220: config2 mismatch! 0x10 != 0x00[0m
[00:00:16.223,907] [1;31m<err> ads1220: config2 mismatch! 0x15 != 0x00[0m
[00:00:16.224,060] [1;31m<err> ads1220: config0 mismatch! 0x3C != 0x1C[0m
[00:00:16.224,060] [1;31m<err> analog_axis_hires: Could not setup channel #1 (-5)[0m
[00:00:16.231,811] [1;31m<err> ads1220: config2 mismatch! 0x10 != 0x00[0m
[00:00:16.231,933] [1;31m<err> ads1220: config2 mismatch! 0x15 != 0x00[0m
[00:00:16.232,086] [1;31m<err> ads1220: config0 mismatch! 0x3C != 0x1C[0m
[00:00:16.232,086] [1;31m<err> analog_axis_hires: Could not setup channel #1 (-5)[0m
[00:00:16.239,837] [1;31m<err> ads1220: config2 mismatch! 0x10 != 0x00[0m
[00:00:16.239,959] [1;31m<err> ads1220: config2 mismatch! 0x15 != 0x00[0m
[00:00:16.240,081] [1;31m<err> ads1220: config0 mismatch! 0x3C != 0x1C[0m
[00:00:16.240,112] [1;31m<err> analog_axis_hires: Could not setup channel #1 (-5)[0m
[00:00:16.247,833] [1;31m<err> ads1220: config2 mismatch! 0x10 != 0x00[0m
[00:00:16.247,985] [1;31m<err> ads1220: config2 mismatch! 0x15 != 0x00[0m
[00:00:16.248,138] [1;31m<err> ads1220: config0 mismatch! 0x3C != 0x1C[0m
[00:00:16.248,138] [1;31m<err> analog_axis_hires: Could not setup channel #1 (-5)[0m
[00:00:16.255,889] [1;31m<err> ads1220: config2 mismatch! 0x10 != 0x00[0m
[00:00:16.256,011] [1;31m<err> ads1220: config2 mismatch! 0x15 != 0x00[0m
[00:00:16.256,164] [1;31m<err> ads1220: config0 mismatch! 0x3C != 0x1C[0m
[00:00:16.256,164] [1;31m<err> analog_axis_hires: Could not setup channel #1 (-5)[0m
[00:00:16.263,916] [1;31m<err> ads1220: config2 mismatch! 0x10 != 0x00[0m
[00:00:16.264,038] [1;31m<err> ads1220: config2 mismatch! 0x15 != 0x00[0m
[00:00:16.264,190] [1;31m<err> ads1220: config0 mismatch! 0x3C != 0x1C[0m
[00:00:16.264,190] [1;31m<err> analog_axis_hires: Could not setup channel #1 (-5)[0m
[00:00:16.271,911] [1;31m<err> ads1220: config2 mismatch! 0x10 != 0x00[0m
[00:00:16.272,064] [1;31m<err> ads1220: config2 mismatch! 0x15 != 0x00[0m
[00:00:16.272,216] [1;31m<err> ads1220: config0 mismatch! 0x3C != 0x1C[0m
[00:00:16.272,216] [1;31m<err> analog_axis_hires: Could not setup channel #1 (-5)[0m
[00:00:16.279,968] [1;31m<err> ads1220: config2 mismatch! 0x10 != 0x00[0m
[00:00:16.280,090] [1;31m<err> ads1220: config2 mismatch! 0x15 != 0x00[0m
[00:00:16.280,242] [1;31m<err> ads1220: config0 mismatch! 0x3C != 0x1C[0m
[00:00:16.280,242] [1;31m<err> analog_axis_hires: Could not setup channel #1 (-5)[0m
[00:00:16.288,024] [1;31m<err> ads1220: config2 mismatch! 0x10 != 0x00[0m
[00:00:16.288,146] [1;31m<err> ads1220: config2 mismatch! 0x15 != 0x00[0m
[00:00:16.288,299] [1;31m<err> ads1220: config0 mismatch! 0x3C != 0x1C[0m
[00:00:16.288,299] [1;31m<err> analog_axis_hires: Could not setup channel #1 (-5)[0m
[00:00:16.295,989] [1;31m<err> ads1220: config2 mismatch! 0x10 != 0x00[0m
[00:00:16.296,142] [1;31m<err> ads1220: config2 mismatch! 0x15 != 0x00[0m
[00:00:16.296,295] [1;31m<err> ads1220: config0 mismatch! 0x3C != 0x1C[0m
[00:00:16.296,295] [1;31m<err> analog_axis_hires: Could not setup channel #1 (-5)[0m
[00:00:16.304,046] [1;31m<err> ads1220: config2 mismatch! 0x10 != 0x00[0m
[00:00:16.304,168] [1;31m<err> ads1220: config2 mismatch! 0x15 != 0x00[0m
[00:00:16.304,321] [1;31m<err> ads1220: config0 mismatch! 0x3C != 0x1C[0m
[00:00:16.304,321] [1;31m<err> analog_axis_hires: Could not setup channel #1 (-5)[0m
[00:00:16.312,103] [1;31m<err> ads1220: config2 mismatch! 0x10 != 0x00[0m
[00:00:16.312,225] [1;31m<err> ads1220: config2 mismatch! 0x15 != 0x00[0m
[00:00:16.312,347] [1;31m<err> ads1220: config0 mismatch! 0x3C != 0x1C[0m
[00:00:16.312,377] [1;31m<err> analog_axis_hires: Could not setup channel #1 (-5)[0m
[00:00:16.320,068] [1;31m<err> ads1220: config2 mismatch! 0x10 != 0x00[0m
[00:00:16.320,220] [1;31m<err> ads1220: config2 mismatch! 0x15 != 0x00[0m
[00:00:16.320,373] [1;31m<err> ads1220: config0 mismatch! 0x3C != 0x1C[0m
[00:00:16.320,373] [1;31m<err> analog_axis_hires: Could not setup channel #1 (-5)[0m
[00:00:16.328,125] [1;31m<err> ads1220: config2 mismatch! 0x10 != 0x00[0m
[00:00:16.328,247] [1;31m<err> ads1220: config2 mismatch! 0x15 != 0x00[0m
[00:00:16.328,399] [1;31m<err> ads1220: config0 mismatch! 0x3C != 0x1C[0m
[00:00:16.328,399] [1;31m<err> analog_axis_hires: Could not setup channel #1 (-5)[0m
[00:00:16.336,181] [1;31m<err> ads1220: config2 mismatch! 0x10 != 0x00[0m
[00:00:16.336,303] [1;31m<err> ads1220: config2 mismatch! 0x15 != 0x00[0m
[00:00:16.336,456] [1;31m<err> ads1220: config0 mismatch! 0x3C != 0x1C[0m
[00:00:16.336,456] [1;31m<err> analog_axis_hires: Could not setup channel #1 (-5)[0m
[00:00:16.344,146] [1;31m<err> ads1220: config2 mismatch! 0x10 != 0x00[0m
[00:00:16.344,299] [1;31m<err> ads1220: config2 mismatch! 0x15 != 0x00[0m
[00:00:16.344,451] [1;31m<err> ads1220: config0 mismatch! 0x3C != 0x1C[0m
[00:00:16.344,451] [1;31m<err> analog_axis_hires: Could not setup channel #1 (-5)[0m
[00:00:16.352,203] [1;31m<err> ads1220: config2 mismatch! 0x10 != 0x00[0m
[00:00:16.352,325] [1;31m<err> ads1220: config2 mismatch! 0x15 != 0x00[0m
[00:00:16.352,478] [1;31m<err> ads1220: config0 mismatch! 0x3C != 0x1C[0m
[00:00:16.352,478] [1;31m<err> analog_axis_hires: Could not setup channel #1 (-5)[0m
[00:00:16.360,198] [1;31m<err> ads1220: config2 mismatch! 0x10 != 0x00[0m
[00:00:16.360,351] [1;31m<err> ads1220: config2 mismatch! 0x15 != 0x00[0m
[00:00:16.360,473] [1;31m<err> ads1220: config0 mismatch! 0x3C != 0x1C[0m
[00:00:16.360,473] [1;31m<err> analog_axis_hires: Could not setup channel #1 (-5)[0m
[00:00:16.368,225] [1;31m<err> ads1220: config2 mismatch! 0x10 != 0x00[0m
[00:00:16.368,377] [1;31m<err> ads1220: config2 mismatch! 0x15 != 0x00[0m
[00:00:16.368,530] [1;31m<err> ads1220: config0 mismatch! 0x3C != 0x1C[0m
[00:00:16.368,530] [1;31m<err> analog_axis_hires: Could not setup channel #1 (-5)[0m
[00:00:16.376,281] [1;31m<err> ads1220: config2 mismatch! 0x10 != 0x00[0m
[00:00:16.376,403] [1;31m<err> ads1220: config2 mismatch! 0x15 != 0x00[0m
[00:00:16.376,556] [1;31m<err> ads1220: config0 mismatch! 0x3C != 0x1C[0m
[00:00:16.376,556] [1;31m<err> analog_axis_hires: Could not setup channel #1 (-5)[0m
[00:00:16.384,338] [1;31m<err> ads1220: config2 mismatch! 0x10 != 0x00[0m
[00:00:16.384,460] [1;31m<err> ads1220: config2 mismatch! 0x15 != 0x00[0m
[00:00:16.384,613] [1;31m<err> ads1220: config0 mismatch! 0x3C != 0x1C[0m
[00:00:16.384,613] [1;31m<err> analog_axis_hires: Could not setup channel #1 (-5)[0m
[00:00:16.392,303] [1;31m<err> ads1220: config2 mismatch! 0x10 != 0x00[0m
[00:00:16.392,456] [1;31m<err> ads1220: config2 mismatch! 0x15 != 0x00[0m
[00:00:16.392,608] [1;31m<err> ads1220: config0 mismatch! 0x3C != 0x1C[0m
[00:00:16.392,608] [1;31m<err> analog_axis_hires: Could not setup channel #1 (-5)[0m
[00:00:16.400,360] [1;31m<err> ads1220: config2 mismatch! 0x10 != 0x00[0m
[00:00:16.400,482] [1;31m<err> ads1220: config2 mismatch! 0x15 != 0x00[0m
[00:00:16.400,634] [1;31m<err> ads1220: config0 mismatch! 0x3C != 0x1C[0m
[00:00:16.400,634] [1;31m<err> analog_axis_hires: Could not setup channel #1 (-5)[0m
[00:00:16.408,416] [1;31m<err> ads1220: config2 mismatch! 0x10 != 0x00[0m
[00:00:16.408,538] [1;31m<err> ads1220: config2 mismatch! 0x15 != 0x00[0m
[00:00:16.408,691] [1;31m<err> ads1220: config0 mismatch! 0x3C != 0x1C[0m
[00:00:16.408,691] [1;31m<err> analog_axis_hires: Could not setup channel #1 (-5)[0m
[00:00:16.416,381] [1;31m<err> ads1220: config2 mismatch! 0x10 != 0x00[0m
[00:00:16.416,534] [1;31m<err> ads1220: config2 mismatch! 0x15 != 0x00[0m
[00:00:16.416,687] [1;31m<err> ads1220: config0 mismatch! 0x3C != 0x1C[0m
[00:00:16.416,687] [1;31m<err> analog_axis_hires: Could not setup channel #1 (-5)[0m
[00:00:16.424,438] [1;31m<err> ads1220: config2 mismatch! 0x10 != 0x00[0m
[00:00:16.424,560] [1;31m<err> ads1220: config2 mismatch! 0x15 != 0x00[0m
[00:00:16.424,713] [1;31m<err> ads1220: config0 mismatch! 0x3C != 0x1C[0m
[00:00:16.424,713] [1;31m<err> analog_axis_hires: Could not setup channel #1 (-5)[0m
[00:00:16.432,464] [1;31m<err> ads1220: config2 mismatch! 0x10 != 0x00[0m
[00:00:16.432,617] [1;31m<err> ads1220: config2 mismatch! 0x15 != 0x00[0m
[00:00:16.432,739] [1;31m<err> ads1220: config0 mismatch! 0x3C != 0x1C[0m
[00:00:16.432,739] [1;31m<err> analog_axis_hires: Could not setup channel #1 (-5)[0m
[00:00:16.440,460] [1;31m<err> ads1220: config2 mismatch! 0x10 != 0x00[0m
[00:00:16.440,612] [1;31m<err> ads1220: config2 mismatch! 0x15 != 0x00[0m
[00:00:16.440,765] [1;31m<err> ads1220: config0 mismatch! 0x3C != 0x1C[0m
[00:00:16.440,765] [1;31m<err> analog_axis_hires: Could not setup channel #1 (-5)[0m
[00:00:16.448,516] [1;31m<err> ads1220: config2 mismatch! 0x10 != 0x00[0m
[00:00:16.448,638] [1;31m<err> ads1220: config2 mismatch! 0x15 != 0x00[0m
[00:00:16.448,791] [1;31m<err> ads1220: config0 mismatch! 0x3C != 0x1C[0m
[00:00:16.448,791] [1;31m<err> analog_axis_hires: Could not setup channel #1 (-5)[0m
[00:00:16.456,542] [1;31m<err> ads1220: config2 mismatch! 0x10 != 0x00[0m
[00:00:16.456,695] [1;31m<err> ads1220: config2 mismatch! 0x15 != 0x00[0m
[00:00:16.456,817] [1;31m<err> ads1220: config0 mismatch! 0x3C != 0x1C[0m
[00:00:16.456,817] [1;31m<err> analog_axis_hires: Could not setup channel #1 (-5)[0m
[00:00:16.464,569] [1;31m<err> ads1220: config2 mismatch! 0x10 != 0x00[0m
[00:00:16.464,721] [1;31m<err> ads1220: config2 mismatch! 0x15 != 0x00[0m
[00:00:16.464,843] [1;31m<err> ads1220: config0 mismatch! 0x3C != 0x1C[0m
[00:00:16.464,874] [1;31m<err> analog_axis_hires: Could not setup channel #1 (-5)[0m
[00:00:16.472,595] [1;31m<err> ads1220: config2 mismatch! 0x10 != 0x00[0m
[00:00:16.472,717] [1;31m<err> ads1220: config2 mismatch! 0x15 != 0x00[0m
[00:00:16.472,869] [1;31m<err> ads1220: config0 mismatch! 0x3C != 0x1C[0m
[00:00:16.472,869] [1;31m<err> analog_axis_hires: Could not setup channel #1 (-5)[0m
[00:00:16.480,651] [1;31m<err> ads1220: config2 mismatch! 0x10 != 0x00[0m
[00:00:16.480,804] [1;31m<err> ads1220: config2 mismatch! 0x15 != 0x00[0m
[00:00:16.480,926] [1;31m<err> ads1220: config0 mismatch! 0x3C != 0x1C[0m
[00:00:16.480,926] [1;31m<err> analog_axis_hires: Could not setup channel #1 (-5)[0m
[00:00:16.488,616] [1;31m<err> ads1220: config2 mismatch! 0x10 != 0x00[0m
[00:00:16.488,769] [1;31m<err> ads1220: config2 mismatch! 0x15 != 0x00[0m
[00:00:16.488,922] [1;31m<err> ads1220: config0 mismatch! 0x3C != 0x1C[0m
[00:00:16.488,922] [1;31m<err> analog_axis_hires: Could not setup channel #1 (-5)[0m
[00:00:16.496,673] [1;31m<err> ads1220: config2 mismatch! 0x10 != 0x00[0m
[00:00:16.496,795] [1;31m<err> ads1220: config2 mismatch! 0x15 != 0x00[0m
[00:00:16.496,948] [1;31m<err> ads1220: config0 mismatch! 0x3C != 0x1C[0m
[00:00:16.496,948] [1;31m<err> analog_axis_hires: Could not setup channel #1 (-5)[0m
[00:00:16.504,699] [1;31m<err> ads1220: config2 mismatch! 0x10 != 0x00[0m
[00:00:16.504,852] [1;31m<err> ads1220: config2 mismatch! 0x15 != 0x00[0m
[00:00:16.504,974] [1;31m<err> ads1220: config0 mismatch! 0x3C != 0x1C[0m
[00:00:16.504,974] [1;31m<err> analog_axis_hires: Could not setup channel #1 (-5)[0m
[00:00:16.512,695] [1;31m<err> ads1220: config2 mismatch! 0x10 != 0x00[0m
[00:00:16.512,847] [1;31m<err> ads1220: config2 mismatch! 0x15 != 0x00[0m
[00:00:16.513,000] [1;31m<err> ads1220: config0 mismatch! 0x3C != 0x1C[0m
[00:00:16.513,000] [1;31m<err> analog_axis_hires: Could not setup channel #1 (-5)[0m
[00:00:16.520,751] [1;31m<err> ads1220: config2 mismatch! 0x10 != 0x00[0m
[00:00:16.520,874] [1;31m<err> ads1220: config2 mismatch! 0x15 != 0x00[0m
[00:00:16.521,026] [1;31m<err> ads1220: config0 mismatch! 0x3C != 0x1C[0m
[00:00:16.521,026] [1;31m<err> analog_axis_hires: Could not setup channel #1 (-5)[0m
[00:00:16.528,808] [1;31m<err> ads1220: config2 mismatch! 0x10 != 0x00[0m
[00:00:16.528,930] [1;31m<err> ads1220: config2 mismatch! 0x15 != 0x00[0m
[00:00:16.529,052] [1;31m<err> ads1220: config0 mismatch! 0x3C != 0x1C[0m
[00:00:16.529,083] [1;31m<err> analog_axis_hires: Could not setup channel #1 (-5)[0m
[00:00:16.536,773] [1;31m<err> ads1220: config2 mismatch! 0x10 != 0x00[0m
[00:00:16.536,926] [1;31m<err> ads1220: config2 mismatch! 0x15 != 0x00[0m
[00:00:16.537,078] [1;31m<err> ads1220: config0 mismatch! 0x3C != 0x1C[0m
[00:00:16.537,078] [1;31m<err> analog_axis_hires: Could not setup channel #1 (-5)[0m
[00:00:16.544,830] [1;31m<err> ads1220: config2 mismatch! 0x10 != 0x00[0m
[00:00:16.544,952] [1;31m<err> ads1220: config2 mismatch! 0x15 != 0x00[0m
[00:00:16.545,104] [1;31m<err> ads1220: config0 mismatch! 0x3C != 0x1C[0m
[00:00:16.545,104] [1;31m<err> analog_axis_hires: Could not setup channel #1 (-5)[0m
[00:00:16.552,886] [1;31m<err> ads1220: config2 mismatch! 0x10 != 0x00[0m
[00:00:16.553,009] [1;31m<err> ads1220: config2 mismatch! 0x15 != 0x00[0m
[00:00:16.553,131] [1;31m<err> ads1220: config0 mismatch! 0x3C != 0x1C[0m
[00:00:16.553,161] [1;31m<err> analog_axis_hires: Could not setup channel #1 (-5)[0m
[00:00:16.560,852] [1;31m<err> ads1220: config2 mismatch! 0x10 != 0x00[0m
[00:00:16.561,004] [1;31m<err> ads1220: config2 mismatch! 0x15 != 0x00[0m
[00:00:16.561,157] [1;31m<err> ads1220: config0 mismatch! 0x3C != 0x1C[0m
[00:00:16.561,157] [1;31m<err> analog_axis_hires: Could not setup channel #1 (-5)[0m
[00:00:16.568,908] [1;31m<err> ads1220: config2 mismatch! 0x10 != 0x00[0m
[00:00:16.569,030] [1;31m<err> ads1220: config2 mismatch! 0x15 != 0x00[0m
[00:00:16.569,183] [1;31m<err> ads1220: config0 mismatch! 0x3C != 0x1C[0m
[00:00:16.569,183] [1;31m<err> analog_axis_hires: Could not setup channel #1 (-5)[0m
[00:00:16.576,965] [1;31m<err> ads1220: config2 mismatch! 0x10 != 0x00[0m
[00:00:16.577,087] [1;31m<err> ads1220: config2 mismatch! 0x15 != 0x00[0m
[00:00:16.577,209] [1;31m<err> ads1220: config0 mismatch! 0x3C != 0x1C[0m
[00:00:16.577,209] [1;31m<err> analog_axis_hires: Could not setup channel #1 (-5)[0m
[00:00:16.584,930] [1;31m<err> ads1220: config2 mismatch! 0x10 != 0x00[0m
[00:00:16.585,083] [1;31m<err> ads1220: config2 mismatch! 0x15 != 0x00[0m
[00:00:16.585,235] [1;31m<err> ads1220: config0 mismatch! 0x3C != 0x1C[0m
[00:00:16.585,235] [1;31m<err> analog_axis_hires: Could not setup channel #1 (-5)[0m
[00:00:16.592,987] [1;31m<err> ads1220: config2 mismatch! 0x10 != 0x00[0m
[00:00:16.593,109] [1;31m<err> ads1220: config2 mismatch! 0x15 != 0x00[0m
[00:00:16.593,261] [1;31m<err> ads1220: config0 mismatch! 0x3C != 0x1C[0m
[00:00:16.593,261] [1;31m<err> analog_axis_hires: Could not setup channel #1 (-5)[0m
[00:00:16.601,043] [1;31m<err> ads1220: config2 mismatch! 0x10 != 0x00[0m
[00:00:16.601,165] [1;31m<err> ads1220: config2 mismatch! 0x15 != 0x00[0m
[00:00:16.601,287] [1;31m<err> ads1220: config0 mismatch! 0x3C != 0x1C[0m
[00:00:16.601,318] [1;31m<err> analog_axis_hires: Could not setup channel #1 (-5)[0m
[00:00:16.609,008] [1;31m<err> ads1220: config2 mismatch! 0x10 != 0x00[0m
[00:00:16.609,161] [1;31m<err> ads1220: config2 mismatch! 0x15 != 0x00[0m
[00:00:16.609,313] [1;31m<err> ads1220: config0 mismatch! 0x3C != 0x1C[0m
[00:00:16.609,313] [1;31m<err> analog_axis_hires: Could not setup channel #1 (-5)[0m
[00:00:16.617,065] [1;31m<err> ads1220: config2 mismatch! 0x10 != 0x00[0m
[00:00:16.617,187] [1;31m<err> ads1220: config2 mismatch! 0x15 != 0x00[0m
[00:00:16.617,340] [1;31m<err> ads1220: config0 mismatch! 0x3C != 0x1C[0m
[00:00:16.617,340] [1;31m<err> analog_axis_hires: Could not setup channel #1 (-5)[0m
[00:00:16.625,122] [1;31m<err> ads1220: config2 mismatch! 0x10 != 0x00[0m
[00:00:16.625,244] [1;31m<err> ads1220: config2 mismatch! 0x15 != 0x00[0m
[00:00:16.625,366] [1;31m<err> ads1220: config0 mismatch! 0x3C != 0x1C[0m
[00:00:16.625,396] [1;31m<err> analog_axis_hires: Could not setup channel #1 (-5)[0m
[00:00:16.633,087] [1;31m<err> ads1220: config2 mismatch! 0x10 != 0x00[0m
[00:00:16.633,239] [1;31m<err> ads1220: config2 mismatch! 0x15 != 0x00[0m
[00:00:16.633,392] [1;31m<err> ads1220: config0 mismatch! 0x3C != 0x1C[0m
[00:00:16.633,392] [1;31m<err> analog_axis_hires: Could not setup channel #1 (-5)[0m
[00:00:16.641,143] [1;31m<err> ads1220: config2 mismatch! 0x10 != 0x00[0m
[00:00:16.641,265] [1;31m<err> ads1220: config2 mismatch! 0x15 != 0x00[0m
[00:00:16.641,418] [1;31m<err> ads1220: config0 mismatch! 0x3C != 0x1C[0m
[00:00:16.641,418] [1;31m<err> analog_axis_hires: Could not setup channel #1 (-5)[0m
[00:00:16.649,200] [1;31m<err> ads1220: config2 mismatch! 0x10 != 0x00[0m
[00:00:16.649,322] [1;31m<err> ads1220: config2 mismatch! 0x15 != 0x00[0m
[00:00:16.649,475] [1;31m<err> ads1220: config0 mismatch! 0x3C != 0x1C[0m
[00:00:16.649,475] [1;31m<err> analog_axis_hires: Could not setup channel #1 (-5)[0m
[00:00:16.657,165] [1;31m<err> ads1220: config2 mismatch! 0x10 != 0x00[0m
[00:00:16.657,318] [1;31m<err> ads1220: config2 mismatch! 0x15 != 0x00[0m
[00:00:16.657,470] [1;31m<err> ads1220: config0 mismatch! 0x3C != 0x1C[0m
[00:00:16.657,470] [1;31m<err> analog_axis_hires: Could not setup channel #1 (-5)[0m
[00:00:16.665,222] [1;31m<err> ads1220: config2 mismatch! 0x10 != 0x00[0m
[00:00:16.665,344] [1;31m<err> ads1220: config2 mismatch! 0x15 != 0x00[0m
[00:00:16.665,496] [1;31m<err> ads1220: config0 mismatch! 0x3C != 0x1C[0m
[00:00:16.665,496] [1;31m<err> analog_axis_hires: Could not setup channel #1 (-5)[0m
[00:00:16.673,309] [1;31m<err> ads1220: config2 mismatch! 0x10 != 0x00[0m
[00:00:16.673,431] [1;31m<err> ads1220: config2 mismatch! 0x15 != 0x00[0m
[00:00:16.673,553] [1;31m<err> ads1220: config0 mismatch! 0x3C != 0x1C[0m
[00:00:16.673,583] [1;31m<err> analog_axis_hires: Could not setup channel #1 (-5)[0m
[00:00:16.681,243] [1;31m<err> ads1220: config2 mismatch! 0x10 != 0x00[0m
[00:00:16.681,396] [1;31m<err> ads1220: config2 mismatch! 0x15 != 0x00[0m
[00:00:16.681,549] [1;31m<err> ads1220: config0 mismatch! 0x3C != 0x1C[0m
[00:00:16.681,549] [1;31m<err> analog_axis_hires: Could not setup channel #1 (-5)[0m
[00:00:16.689,300] [1;31m<err> ads1220: config2 mismatch! 0x10 != 0x00[0m
[00:00:16.689,422] [1;31m<err> ads1220: config2 mismatch! 0x15 != 0x00[0m
[00:00:16.689,575] [1;31m<err> ads1220: config0 mismatch! 0x3C != 0x1C[0m
[00:00:16.689,575] [1;31m<err> analog_axis_hires: Could not setup channel #1 (-5)[0m
[00:00:16.697,357] [1;31m<err> ads1220: config2 mismatch! 0x10 != 0x00[0m
[00:00:16.697,479] [1;31m<err> ads1220: config2 mismatch! 0x15 != 0x00[0m
[00:00:16.697,601] [1;31m<err> ads1220: config0 mismatch! 0x3C != 0x1C[0m
[00:00:16.697,631] [1;31m<err> analog_axis_hires: Could not setup channel #1 (-5)[0m
[00:00:16.705,322] [1;31m<err> ads1220: config2 mismatch! 0x10 != 0x00[0m
[00:00:16.705,474] [1;31m<err> ads1220: config2 mismatch! 0x15 != 0x00[0m
[00:00:16.705,627] [1;31m<err> ads1220: config0 mismatch! 0x3C != 0x1C[0m
[00:00:16.705,627] [1;31m<err> analog_axis_hires: Could not setup channel #1 (-5)[0m
[00:00:16.713,378] [1;31m<err> ads1220: config2 mismatch! 0x10 != 0x00[0m
[00:00:16.713,500] [1;31m<err> ads1220: config2 mismatch! 0x15 != 0x00[0m
[00:00:16.713,653] [1;31m<err> ads1220: config0 mismatch! 0x3C != 0x1C[0m
[00:00:16.713,653] [1;31m<err> analog_axis_hires: Could not setup channel #1 (-5)[0m
[00:00:16.721,435] [1;31m<err> ads1220: config2 mismatch! 0x10 != 0x00[0m
[00:00:16.721,557] [1;31m<err> ads1220: config2 mismatch! 0x15 != 0x00[0m
[00:00:16.721,679] [1;31m<err> ads1220: config0 mismatch! 0x3C != 0x1C[0m
[00:00:16.721,710] [1;31m<err> analog_axis_hires: Could not setup channel #1 (-5)[0m
[00:00:16.729,400] [1;31m<err> ads1220: config2 mismatch! 0x10 != 0x00[0m
[00:00:16.729,553] [1;31m<err> ads1220: config2 mismatch! 0x15 != 0x00[0m
[00:00:16.729,705] [1;31m<err> ads1220: config0 mismatch! 0x3C != 0x1C[0m
[00:00:16.729,705] [1;31m<err> analog_axis_hires: Could not setup channel #1 (-5)[0m
[00:00:16.737,457] [1;31m<err> ads1220: config2 mismatch! 0x10 != 0x00[0m
[00:00:16.737,579] [1;31m<err> ads1220: config2 mismatch! 0x15 != 0x00[0m
[00:00:16.737,731] [1;31m<err> ads1220: config0 mismatch! 0x3C != 0x1C[0m
[00:00:16.737,731] [1;31m<err> analog_axis_hires: Could not setup channel #1 (-5)[0m
[00:00:16.745,513] [1;31m<err> ads1220: config2 mismatch! 0x10 != 0x00[0m
[00:00:16.745,635] [1;31m<err> ads1220: config2 mismatch! 0x15 != 0x00[0m
[00:00:16.745,788] [1;31m<err> ads1220: config0 mismatch! 0x3C != 0x1C[0m
[00:00:16.745,788] [1;31m<err> analog_axis_hires: Could not setup channel #1 (-5)[0m
[00:00:16.753,479] [1;31m<err> ads1220: config2 mismatch! 0x10 != 0x00[0m
[00:00:16.753,631] [1;31m<err> ads1220: config2 mismatch! 0x15 != 0x00[0m
[00:00:16.753,784] [1;31m<err> ads1220: config0 mismatch! 0x3C != 0x1C[0m
[00:00:16.753,784] [1;31m<err> analog_axis_hires: Could not setup channel #1 (-5)[0m
[00:00:16.761,535] [1;31m<err> ads1220: config2 mismatch! 0x10 != 0x00[0m
[00:00:16.761,657] [1;31m<err> ads1220: config2 mismatch! 0x15 != 0x00[0m
[00:00:16.761,810] [1;31m<err> ads1220: config0 mismatch! 0x3C != 0x1C[0m
[00:00:16.761,810] [1;31m<err> analog_axis_hires: Could not setup channel #1 (-5)[0m
[00:00:16.769,592] [1;31m<err> ads1220: config2 mismatch! 0x10 != 0x00[0m
[00:00:16.769,714] [1;31m<err> ads1220: config2 mismatch! 0x15 != 0x00[0m
[00:00:16.769,836] [1;31m<err> ads1220: config0 mismatch! 0x3C != 0x1C[0m
[00:00:16.769,866] [1;31m<err> analog_axis_hires: Could not setup channel #1 (-5)[0m
[00:00:16.777,557] [1;31m<err> ads1220: config2 mismatch! 0x10 != 0x00[0m
[00:00:16.777,709] [1;31m<err> ads1220: config2 mismatch! 0x15 != 0x00[0m
[00:00:16.777,862] [1;31m<err> ads1220: config0 mismatch! 0x3C != 0x1C[0m
[00:00:16.777,862] [1;31m<err> analog_axis_hires: Could not setup channel #1 (-5)[0m
[00:00:16.785,614] [1;31m<err> ads1220: config2 mismatch! 0x10 != 0x00[0m
[00:00:16.785,736] [1;31m<err> ads1220: config2 mismatch! 0x15 != 0x00[0m
[00:00:16.785,888] [1;31m<err> ads1220: config0 mismatch! 0x3C != 0x1C[0m
[00:00:16.785,888] [1;31m<err> analog_axis_hires: Could not setup channel #1 (-5)[0m
[00:00:16.793,670] [1;31m<err> ads1220: config2 mismatch! 0x10 != 0x00[0m
[00:00:16.793,792] [1;31m<err> ads1220: config2 mismatch! 0x15 != 0x00[0m
[00:00:16.793,945] [1;31m<err> ads1220: config0 mismatch! 0x3C != 0x1C[0m
[00:00:16.793,945] [1;31m<err> analog_axis_hires: Could not setup channel #1 (-5)[0m
[00:00:16.801,635] [1;31m<err> ads1220: config2 mismatch! 0x10 != 0x00[0m
[00:00:16.801,788] [1;31m<err> ads1220: config2 mismatch! 0x15 != 0x00[0m
[00:00:16.801,940] [1;31m<err> ads1220: config0 mismatch! 0x3C != 0x1C[0m
[00:00:16.801,940] [1;31m<err> analog_axis_hires: Could not setup channel #1 (-5)[0m
[00:00:16.809,692] [1;31m<err> ads1220: config2 mismatch! 0x10 != 0x00[0m
[00:00:16.809,814] [1;31m<err> ads1220: config2 mismatch! 0x15 != 0x00[0m
[00:00:16.809,967] [1;31m<err> ads1220: config0 mismatch! 0x3C != 0x1C[0m
[00:00:16.809,967] [1;31m<err> analog_axis_hires: Could not setup channel #1 (-5)[0m
[00:00:16.817,718] [1;31m<err> ads1220: config2 mismatch! 0x10 != 0x00[0m
[00:00:16.817,840] [1;31m<err> ads1220: config2 mismatch! 0x15 != 0x00[0m
[00:00:16.817,993] [1;31m<err> ads1220: config0 mismatch! 0x3C != 0x1C[0m
[00:00:16.817,993] [1;31m<err> analog_axis_hires: Could not setup channel #1 (-5)[0m
[00:00:16.825,714] [1;31m<err> ads1220: config2 mismatch! 0x10 != 0x00[0m
[00:00:16.825,866] [1;31m<err> ads1220: config2 mismatch! 0x15 != 0x00[0m
[00:00:16.826,019] [1;31m<err> ads1220: config0 mismatch! 0x3C != 0x1C[0m
[00:00:16.826,019] [1;31m<err> analog_axis_hires: Could not setup channel #1 (-5)[0m
[00:00:16.833,770] [1;31m<err> ads1220: config2 mismatch! 0x10 != 0x00[0m
[00:00:16.833,892] [1;31m<err> ads1220: config2 mismatch! 0x15 != 0x00[0m
[00:00:16.834,045] [1;31m<err> ads1220: config0 mismatch! 0x3C != 0x1C[0m
[00:00:16.834,045] [1;31m<err> analog_axis_hires: Could not setup channel #1 (-5)[0m
[00:00:16.841,827] [1;31m<err> ads1220: config2 mismatch! 0x10 != 0x00[0m
[00:00:16.841,949] [1;31m<err> ads1220: config2 mismatch! 0x15 != 0x00[0m
[00:00:16.842,071] [1;31m<err> ads1220: config0 mismatch! 0x3C != 0x1C[0m
[00:00:16.842,071] [1;31m<err> analog_axis_hires: Could not setup channel #1 (-5)[0m
[00:00:16.849,792] [1;31m<err> ads1220: config2 mismatch! 0x10 != 0x00[0m
[00:00:16.849,945] [1;31m<err> ads1220: config2 mismatch! 0x15 != 0x00[0m
[00:00:16.850,097] [1;31m<err> ads1220: config0 mismatch! 0x3C != 0x1C[0m
[00:00:16.850,097] [1;31m<err> analog_axis_hires: Could not setup channel #1 (-5)[0m
[00:00:16.857,849] [1;31m<err> ads1220: config2 mismatch! 0x10 != 0x00[0m
[00:00:16.857,971] [1;31m<err> ads1220: config2 mismatch! 0x15 != 0x00[0m
[00:00:16.858,123] [1;31m<err> ads1220: config0 mismatch! 0x3C != 0x1C[0m
[00:00:16.858,123] [1;31m<err> analog_axis_hires: Could not setup channel #1 (-5)[0m
[00:00:16.865,905] [1;31m<err> ads1220: config2 mismatch! 0x10 != 0x00[0m
[00:00:16.866,027] [1;31m<err> ads1220: config2 mismatch! 0x15 != 0x00[0m
[00:00:16.866,149] [1;31m<err> ads1220: config0 mismatch! 0x3C != 0x1C[0m
[00:00:16.866,180] [1;31m<err> analog_axis_hires: Could not setup channel #1 (-5)[0m
[00:00:16.873,870] [1;31m<err> ads1220: config2 mismatch! 0x10 != 0x00[0m
[00:00:16.874,023] [1;31m<err> ads1220: config2 mismatch! 0x15 != 0x00[0m
[00:00:16.874,176] [1;31m<err> ads1220: config0 mismatch! 0x3C != 0x1C[0m
[00:00:16.874,176] [1;31m<err> analog_axis_hires: Could not setup channel #1 (-5)[0m
[00:00:16.881,927] [1;31m<err> ads1220: config2 mismatch! 0x10 != 0x00[0m
[00:00:16.882,049] [1;31m<err> ads1220: config2 mismatch! 0x15 != 0x00[0m
[00:00:16.882,202] [1;31m<err> ads1220: config0 mismatch! 0x3C != 0x1C[0m
[00:00:16.882,202] [1;31m<err> analog_axis_hires: Could not setup channel #1 (-5)[0m
[00:00:16.889,984] [1;31m<err> ads1220: config2 mismatch! 0x10 != 0x00[0m
[00:00:16.890,106] [1;31m<err> ads1220: config2 mismatch! 0x15 != 0x00[0m
[00:00:16.890,228] [1;31m<err> ads1220: config0 mismatch! 0x3C != 0x1C[0m
[00:00:16.890,258] [1;31m<err> analog_axis_hires: Could not setup channel #1 (-5)[0m
[00:00:16.897,949] [1;31m<err> ads1220: config2 mismatch! 0x10 != 0x00[0m
[00:00:16.898,101] [1;31m<err> ads1220: config2 mismatch! 0x15 != 0x00[0m
[00:00:16.898,254] [1;31m<err> ads1220: config0 mismatch! 0x3C != 0x1C[0m
[00:00:16.898,254] [1;31m<err> analog_axis_hires: Could not setup channel #1 (-5)[0m
[00:00:16.906,005] [1;31m<err> ads1220: config2 mismatch! 0x10 != 0x00[0m
[00:00:16.906,127] [1;31m<err> ads1220: config2 mismatch! 0x15 != 0x00[0m
[00:00:16.906,280] [1;31m<err> ads1220: config0 mismatch! 0x3C != 0x1C[0m
[00:00:16.906,280] [1;31m<err> analog_axis_hires: Could not setup channel #1 (-5)[0m
[00:00:16.914,062] [1;31m<err> ads1220: config2 mismatch! 0x10 != 0x00[0m
[00:00:16.914,184] [1;31m<err> ads1220: config2 mismatch! 0x15 != 0x00[0m
[00:00:16.914,306] [1;31m<err> ads1220: config0 mismatch! 0x3C != 0x1C[0m
[00:00:16.914,337] [1;31m<err> analog_axis_hires: Could not setup channel #1 (-5)[0m
[00:00:16.922,027] [1;31m<err> ads1220: config2 mismatch! 0x10 != 0x00[0m
[00:00:16.922,180] [1;31m<err> ads1220: config2 mismatch! 0x15 != 0x00[0m
[00:00:16.922,332] [1;31m<err> ads1220: config0 mismatch! 0x3C != 0x1C[0m
[00:00:16.922,332] [1;31m<err> analog_axis_hires: Could not setup channel #1 (-5)[0m
[00:00:16.930,084] [1;31m<err> ads1220: config2 mismatch! 0x10 != 0x00[0m
[00:00:16.930,206] [1;31m<err> ads1220: config2 mismatch! 0x15 != 0x00[0m
[00:00:16.930,358] [1;31m<err> ads1220: config0 mismatch! 0x3C != 0x1C[0m
[00:00:16.930,358] [1;31m<err> analog_axis_hires: Could not setup channel #1 (-5)[0m
[00:00:16.938,140] [1;31m<err> ads1220: config2 mismatch! 0x10 != 0x00[0m
[00:00:16.938,262] [1;31m<err> ads1220: config2 mismatch! 0x15 != 0x00[0m
[00:00:16.938,385] [1;31m<err> ads1220: config0 mismatch! 0x3C != 0x1C[0m
[00:00:16.938,415] [1;31m<err> analog_axis_hires: Could not setup channel #1 (-5)[0m
[00:00:16.946,105] [1;31m<err> ads1220: config2 mismatch! 0x10 != 0x00[0m
[00:00:16.946,258] [1;31m<err> ads1220: config2 mismatch! 0x15 != 0x00[0m
[00:00:16.946,411] [1;31m<err> ads1220: config0 mismatch! 0x3C != 0x1C[0m
[00:00:16.946,411] [1;31m<err> analog_axis_hires: Could not setup channel #1 (-5)[0m
[00:00:16.954,162] [1;31m<err> ads1220: config2 mismatch! 0x10 != 0x00[0m
[00:00:16.954,284] [1;31m<err> ads1220: config2 mismatch! 0x15 != 0x00[0m
[00:00:16.954,437] [1;31m<err> ads1220: config0 mismatch! 0x3C != 0x1C[0m
[00:00:16.954,437] [1;31m<err> analog_axis_hires: Could not setup channel #1 (-5)[0m
[00:00:16.962,219] [1;31m<err> ads1220: config2 mismatch! 0x10 != 0x00[0m
[00:00:16.962,341] [1;31m<err> ads1220: config2 mismatch! 0x15 != 0x00[0m
[00:00:16.962,463] [1;31m<err> ads1220: config0 mismatch! 0x3C != 0x1C[0m
[00:00:16.962,493] [1;31m<err> analog_axis_hires: Could not setup channel #1 (-5)[0m
[00:00:16.970,184] [1;31m<err> ads1220: config2 mismatch! 0x10 != 0x00[0m
[00:00:16.970,336] [1;31m<err> ads1220: config2 mismatch! 0x15 != 0x00[0m
[00:00:16.970,489] [1;31m<err> ads1220: config0 mismatch! 0x3C != 0x1C[0m
[00:00:16.970,489] [1;31m<err> analog_axis_hires: Could not setup channel #1 (-5)[0m
[00:00:16.978,240] [1;31m<err> ads1220: config2 mismatch! 0x10 != 0x00[0m
[00:00:16.978,363] [1;31m<err> ads1220: config2 mismatch! 0x15 != 0x00[0m
[00:00:16.978,515] [1;31m<err> ads1220: config0 mismatch! 0x3C != 0x1C[0m
[00:00:16.978,515] [1;31m<err> analog_axis_hires: Could not setup channel #1 (-5)[0m
[00:00:16.986,297] [1;31m<err> ads1220: config2 mismatch! 0x10 != 0x00[0m
[00:00:16.986,419] [1;31m<err> ads1220: config2 mismatch! 0x15 != 0x00[0m
[00:00:16.986,541] [1;31m<err> ads1220: config0 mismatch! 0x3C != 0x1C[0m
[00:00:16.986,572] [1;31m<err> analog_axis_hires: Could not setup channel #1 (-5)[0m
[00:00:16.994,262] [1;31m<err> ads1220: config2 mismatch! 0x10 != 0x00[0m
[00:00:16.994,415] [1;31m<err> ads1220: config2 mismatch! 0x15 != 0x00[0m
[00:00:16.994,567] [1;31m<err> ads1220: config0 mismatch! 0x3C != 0x1C[0m
[00:00:16.994,567] [1;31m<err> analog_axis_hires: Could not setup channel #1 (-5)[0m
[00:00:17.002,319] [1;31m<err> ads1220: config2 mismatch! 0x10 != 0x00[0m
[00:00:17.002,441] [1;31m<err> ads1220: config2 mismatch! 0x15 != 0x00[0m
[00:00:17.002,593] [1;31m<err> ads1220: config0 mismatch! 0x3C != 0x1C[0m
[00:00:17.002,593] [1;31m<err> analog_axis_hires: Could not setup channel #1 (-5)[0m
[00:00:17.010,375] [1;31m<err> ads1220: config2 mismatch! 0x10 != 0x00[0m
[00:00:17.010,498] [1;31m<err> ads1220: config2 mismatch! 0x15 != 0x00[0m
[00:00:17.010,620] [1;31m<err> ads1220: config0 mismatch! 0x3C != 0x1C[0m
[00:00:17.010,650] [1;31m<err> analog_axis_hires: Could not setup channel #1 (-5)[0m
[00:00:17.018,341] [1;31m<err> ads1220: config2 mismatch! 0x10 != 0x00[0m
[00:00:17.018,493] [1;31m<err> ads1220: config2 mismatch! 0x15 != 0x00[0m
[00:00:17.018,646] [1;31m<err> ads1220: config0 mismatch! 0x3C != 0x1C[0m
[00:00:17.018,646] [1;31m<err> analog_axis_hires: Could not setup channel #1 (-5)[0m
[00:00:17.026,397] [1;31m<err> ads1220: config2 mismatch! 0x10 != 0x00[0m
[00:00:17.026,519] [1;31m<err> ads1220: config2 mismatch! 0x15 != 0x00[0m
[00:00:17.026,672] [1;31m<err> ads1220: config0 mismatch! 0x3C != 0x1C[0m
[00:00:17.026,672] [1;31m<err> analog_axis_hires: Could not setup channel #1 (-5)[0m
[00:00:17.034,454] [1;31m<err> ads1220: config2 mismatch! 0x10 != 0x00[0m
[00:00:17.034,576] [1;31m<err> ads1220: config2 mismatch! 0x15 != 0x00[0m
[00:00:17.034,698] [1;31m<err> ads1220: config0 mismatch! 0x3C != 0x1C[0m
[00:00:17.034,729] [1;31m<err> analog_axis_hires: Could not setup channel #1 (-5)[0m
[00:00:17.042,449] [1;31m<err> ads1220: config2 mismatch! 0x10 != 0x00[0m
[00:00:17.042,602] [1;31m<err> ads1220: config2 mismatch! 0x15 != 0x00[0m
[00:00:17.042,724] [1;31m<err> ads1220: config0 mismatch! 0x3C != 0x1C[0m
[00:00:17.042,724] [1;31m<err> analog_axis_hires: Could not setup channel #1 (-5)[0m
[00:00:17.050,476] [1;31m<err> ads1220: config2 mismatch! 0x10 != 0x00[0m
[00:00:17.050,598] [1;31m<err> ads1220: config2 mismatch! 0x15 != 0x00[0m
[00:00:17.050,750] [1;31m<err> ads1220: config0 mismatch! 0x3C != 0x1C[0m
[00:00:17.050,750] [1;31m<err> analog_axis_hires: Could not setup channel #1 (-5)[0m
[00:00:17.058,532] [1;31m<err> ads1220: config2 mismatch! 0x10 != 0x00[0m
[00:00:17.058,654] [1;31m<err> ads1220: config2 mismatch! 0x15 != 0x00[0m
[00:00:17.058,807] [1;31m<err> ads1220: config0 mismatch! 0x3C != 0x1C[0m
[00:00:17.058,807] [1;31m<err> analog_axis_hires: Could not setup channel #1 (-5)[0m
[00:00:17.066,497] [1;31m<err> ads1220: config2 mismatch! 0x10 != 0x00[0m
[00:00:17.066,650] [1;31m<err> ads1220: config2 mismatch! 0x15 != 0x00[0m
[00:00:17.066,802] [1;31m<err> ads1220: config0 mismatch! 0x3C != 0x1C[0m
[00:00:17.066,802] [1;31m<err> analog_axis_hires: Could not setup channel #1 (-5)[0m
[00:00:17.074,554] [1;31m<err> ads1220: config2 mismatch! 0x10 != 0x00[0m
[00:00:17.074,676] [1;31m<err> ads1220: config2 mismatch! 0x15 != 0x00[0m
[00:00:17.074,829] [1;31m<err> ads1220: config0 mismatch! 0x3C != 0x1C[0m
[00:00:17.074,829] [1;31m<err> analog_axis_hires: Could not setup channel #1 (-5)[0m
[00:00:17.082,580] [1;31m<err> ads1220: config2 mismatch! 0x10 != 0x00[0m
[00:00:17.082,702] [1;31m<err> ads1220: config2 mismatch! 0x15 != 0x00[0m
[00:00:17.082,824] [1;31m<err> ads1220: config0 mismatch! 0x3C != 0x1C[0m
[00:00:17.082,824] [1;31m<err> analog_axis_hires: Could not setup channel #1 (-5)[0m
[00:00:17.090,576] [1;31m<err> ads1220: config2 mismatch! 0x10 != 0x00[0m
[00:00:17.090,728] [1;31m<err> ads1220: config2 mismatch! 0x15 != 0x00[0m
[00:00:17.090,881] [1;31m<err> ads1220: config0 mismatch! 0x3C != 0x1C[0m
[00:00:17.090,881] [1;31m<err> analog_axis_hires: Could not setup channel #1 (-5)[0m
[00:00:17.098,632] [1;31m<err> ads1220: config2 mismatch! 0x10 != 0x00[0m
[00:00:17.098,754] [1;31m<err> ads1220: config2 mismatch! 0x15 != 0x00[0m
[00:00:17.098,907] [1;31m<err> ads1220: config0 mismatch! 0x3C != 0x1C[0m
[00:00:17.098,907] [1;31m<err> analog_axis_hires: Could not setup channel #1 (-5)[0m
[00:00:17.106,628] [1;31m<err> ads1220: config2 mismatch! 0x10 != 0x00[0m
[00:00:17.106,750] [1;31m<err> ads1220: config2 mismatch! 0x15 != 0x00[0m
[00:00:17.106,903] [1;31m<err> ads1220: config0 mismatch! 0x3C != 0x1C[0m
[00:00:17.106,903] [1;31m<err> analog_axis_hires: Could not setup channel #1 (-5)[0m
[00:00:17.114,654] [1;31m<err> ads1220: config2 mismatch! 0x10 != 0x00[0m
[00:00:17.114,807] [1;31m<err> ads1220: config2 mismatch! 0x15 != 0x00[0m
[00:00:17.114,959] [1;31m<err> ads1220: config0 mismatch! 0x3C != 0x1C[0m
[00:00:17.114,959] [1;31m<err> analog_axis_hires: Could not setup channel #1 (-5)[0m
[00:00:17.122,711] [1;31m<err> ads1220: config2 mismatch! 0x10 != 0x00[0m
[00:00:17.122,833] [1;31m<err> ads1220: config2 mismatch! 0x15 != 0x00[0m
[00:00:17.122,985] [1;31m<err> ads1220: config0 mismatch! 0x3C != 0x1C[0m
[00:00:17.122,985] [1;31m<err> analog_axis_hires: Could not setup channel #1 (-5)[0m
[00:00:17.130,767] [1;31m<err> ads1220: config2 mismatch! 0x10 != 0x00[0m
[00:00:17.130,889] [1;31m<err> ads1220: config2 mismatch! 0x15 != 0x00[0m
[00:00:17.131,011] [1;31m<err> ads1220: config0 mismatch! 0x3C != 0x1C[0m
[00:00:17.131,042] [1;31m<err> analog_axis_hires: Could not setup channel #1 (-5)[0m
[00:00:17.138,732] [1;31m<err> ads1220: config2 mismatch! 0x10 != 0x00[0m
[00:00:17.138,885] [1;31m<err> ads1220: config2 mismatch! 0x15 != 0x00[0m
[00:00:17.139,038] [1;31m<err> ads1220: config0 mismatch! 0x3C != 0x1C[0m
[00:00:17.139,038] [1;31m<err> analog_axis_hires: Could not setup channel #1 (-5)[0m
[00:00:17.146,789] [1;31m<err> ads1220: config2 mismatch! 0x10 != 0x00[0m
[00:00:17.146,911] [1;31m<err> ads1220: config2 mismatch! 0x15 != 0x00[0m
[00:00:17.147,064] [1;31m<err> ads1220: config0 mismatch! 0x3C != 0x1C[0m
[00:00:17.147,064] [1;31m<err> analog_axis_hires: Could not setup channel #1 (-5)[0m
[00:00:17.154,815] [1;31m<err> ads1220: config2 mismatch! 0x10 != 0x00[0m
[00:00:17.154,937] [1;31m<err> ads1220: config2 mismatch! 0x15 != 0x00[0m
[00:00:17.155,059] [1;31m<err> ads1220: config0 mismatch! 0x3C != 0x1C[0m
[00:00:17.155,090] [1;31m<err> analog_axis_hires: Could not setup channel #1 (-5)[0m
[00:00:17.162,811] [1;31m<err> ads1220: config2 mismatch! 0x10 != 0x00[0m
[00:00:17.162,963] [1;31m<err> ads1220: config2 mismatch! 0x15 != 0x00[0m
[00:00:17.163,116] [1;31m<err> ads1220: config0 mismatch! 0x3C != 0x1C[0m
[00:00:17.163,116] [1;31m<err> analog_axis_hires: Could not setup channel #1 (-5)[0m
[00:00:17.170,867] [1;31m<err> ads1220: config2 mismatch! 0x10 != 0x00[0m
[00:00:17.170,989] [1;31m<err> ads1220: config2 mismatch! 0x15 != 0x00[0m
[00:00:17.171,142] [1;31m<err> ads1220: config0 mismatch! 0x3C != 0x1C[0m
[00:00:17.171,142] [1;31m<err> analog_axis_hires: Could not setup channel #1 (-5)[0m
[00:00:17.178,924] [1;31m<err> ads1220: config2 mismatch! 0x10 != 0x00[0m
[00:00:17.179,046] [1;31m<err> ads1220: config2 mismatch! 0x15 != 0x00[0m
[00:00:17.179,168] [1;31m<err> ads1220: config0 mismatch! 0x3C != 0x1C[0m
[00:00:17.179,199] [1;31m<err> analog_axis_hires: Could not setup channel #1 (-5)[0m
[00:00:17.186,889] [1;31m<err> ads1220: config2 mismatch! 0x10 != 0x00[0m
[00:00:17.187,042] [1;31m<err> ads1220: config2 mismatch! 0x15 != 0x00[0m
[00:00:17.187,194] [1;31m<err> ads1220: config0 mismatch! 0x3C != 0x1C[0m
[00:00:17.187,194] [1;31m<err> analog_axis_hires: Could not setup channel #1 (-5)[0m
[00:00:17.194,946] [1;31m<err> ads1220: config2 mismatch! 0x10 != 0x00[0m
[00:00:17.195,068] [1;31m<err> ads1220: config2 mismatch! 0x15 != 0x00[0m
[00:00:17.195,220] [1;31m<err> ads1220: config0 mismatch! 0x3C != 0x1C[0m
[00:00:17.195,220] [1;31m<err> analog_axis_hires: Could not setup channel #1 (-5)[0m
[00:00:17.203,002] [1;31m<err> ads1220: config2 mismatch! 0x10 != 0x00[0m
[00:00:17.203,125] [1;31m<err> ads1220: config2 mismatch! 0x15 != 0x00[0m
[00:00:17.203,247] [1;31m<err> ads1220: config0 mismatch! 0x3C != 0x1C[0m
[00:00:17.203,277] [1;31m<err> analog_axis_hires: Could not setup channel #1 (-5)[0m
[00:00:17.210,968] [1;31m<err> ads1220: config2 mismatch! 0x10 != 0x00[0m
[00:00:17.211,120] [1;31m<err> ads1220: config2 mismatch! 0x15 != 0x00[0m
[00:00:17.211,273] [1;31m<err> ads1220: config0 mismatch! 0x3C != 0x1C[0m
[00:00:17.211,273] [1;31m<err> analog_axis_hires: Could not setup channel #1 (-5)[0m
[00:00:17.219,024] [1;31m<err> ads1220: config2 mismatch! 0x10 != 0x00[0m
[00:00:17.219,146] [1;31m<err> ads1220: config2 mismatch! 0x15 != 0x00[0m
[00:00:17.219,299] [1;31m<err> ads1220: config0 mismatch! 0x3C != 0x1C[0m
[00:00:17.219,299] [1;31m<err> analog_axis_hires: Could not setup channel #1 (-5)[0m
[00:00:17.227,081] [1;31m<err> ads1220: config2 mismatch! 0x10 != 0x00[0m
[00:00:17.227,203] [1;31m<err> ads1220: config2 mismatch! 0x15 != 0x00[0m
[00:00:17.227,325] [1;31m<err> ads1220: config0 mismatch! 0x3C != 0x1C[0m
[00:00:17.227,355] [1;31m<err> analog_axis_hires: Could not setup channel #1 (-5)[0m
[00:00:17.235,046] [1;31m<err> ads1220: config2 mismatch! 0x10 != 0x00[0m
[00:00:17.235,198] [1;31m<err> ads1220: config2 mismatch! 0x15 != 0x00[0m
[00:00:17.235,351] [1;31m<err> ads1220: config0 mismatch! 0x3C != 0x1C[0m
[00:00:17.235,351] [1;31m<err> analog_axis_hires: Could not setup channel #1 (-5)[0m
[00:00:17.243,103] [1;31m<err> ads1220: config2 mismatch! 0x10 != 0x00[0m
[00:00:17.243,225] [1;31m<err> ads1220: config2 mismatch! 0x15 != 0x00[0m
[00:00:17.243,377] [1;31m<err> ads1220: config0 mismatch! 0x3C != 0x1C[0m
[00:00:17.243,377] [1;31m<err> analog_axis_hires: Could not setup channel #1 (-5)[0m
[00:00:17.251,129] [1;31m<err> ads1220: config2 mismatch! 0x10 != 0x00[0m
[00:00:17.251,251] [1;31m<err> ads1220: config2 mismatch! 0x15 != 0x00[0m
[00:00:17.251,373] [1;31m<err> ads1220: config0 mismatch! 0x3C != 0x1C[0m
[00:00:17.251,403] [1;31m<err> analog_axis_hires: Could not setup channel #1 (-5)[0m
[00:00:17.259,124] [1;31m<err> ads1220: config2 mismatch! 0x10 != 0x00[0m
[00:00:17.259,277] [1;31m<err> ads1220: config2 mismatch! 0x15 != 0x00[0m
[00:00:17.259,429] [1;31m<err> ads1220: config0 mismatch! 0x3C != 0x1C[0m
[00:00:17.259,429] [1;31m<err> analog_axis_hires: Could not setup channel #1 (-5)[0m
[00:00:17.267,181] [1;31m<err> ads1220: config2 mismatch! 0x10 != 0x00[0m
[00:00:17.267,303] [1;31m<err> ads1220: config2 mismatch! 0x15 != 0x00[0m
[00:00:17.267,456] [1;31m<err> ads1220: config0 mismatch! 0x3C != 0x1C[0m
[00:00:17.267,456] [1;31m<err> analog_axis_hires: Could not setup channel #1 (-5)[0m
[00:00:17.275,238] [1;31m<err> ads1220: config2 mismatch! 0x10 != 0x00[0m
[00:00:17.275,360] [1;31m<err> ads1220: config2 mismatch! 0x15 != 0x00[0m
[00:00:17.275,482] [1;31m<err> ads1220: config0 mismatch! 0x3C != 0x1C[0m
[00:00:17.275,512] [1;31m<err> analog_axis_hires: Could not setup channel #1 (-5)[0m
[00:00:17.283,203] [1;31m<err> ads1220: config2 mismatch! 0x10 != 0x00[0m
[00:00:17.283,355] [1;31m<err> ads1220: config2 mismatch! 0x15 != 0x00[0m
[00:00:17.283,508] [1;31m<err> ads1220: config0 mismatch! 0x3C != 0x1C[0m
[00:00:17.283,508] [1;31m<err> analog_axis_hires: Could not setup channel #1 (-5)[0m
[00:00:17.291,259] [1;31m<err> ads1220: config2 mismatch! 0x10 != 0x00[0m
[00:00:17.291,381] [1;31m<err> ads1220: config2 mismatch! 0x15 != 0x00[0m
[00:00:17.291,534] [1;31m<err> ads1220: config0 mismatch! 0x3C != 0x1C[0m
[00:00:17.291,534] [1;31m<err> analog_axis_hires: Could not setup channel #1 (-5)[0m
[00:00:17.299,316] [1;31m<err> ads1220: config2 mismatch! 0x10 != 0x00[0m
[00:00:17.299,438] [1;31m<err> ads1220: config2 mismatch! 0x15 != 0x00[0m
[00:00:17.299,591] [1;31m<err> ads1220: config0 mismatch! 0x3C != 0x1C[0m
[00:00:17.299,591] [1;31m<err> analog_axis_hires: Could not setup channel #1 (-5)[0m
[00:00:17.307,281] [1;31m<err> ads1220: config2 mismatch! 0x10 != 0x00[0m
[00:00:17.307,434] [1;31m<err> ads1220: config2 mismatch! 0x15 != 0x00[0m
[00:00:17.307,586] [1;31m<err> ads1220: config0 mismatch! 0x3C != 0x1C[0m
[00:00:17.307,586] [1;31m<err> analog_axis_hires: Could not setup channel #1 (-5)[0m
[00:00:17.315,338] [1;31m<err> ads1220: config2 mismatch! 0x10 != 0x00[0m
[00:00:17.315,460] [1;31m<err> ads1220: config2 mismatch! 0x15 != 0x00[0m
[00:00:17.315,612] [1;31m<err> ads1220: config0 mismatch! 0x3C != 0x1C[0m
[00:00:17.315,612] [1;31m<err> analog_axis_hires: Could not setup channel #1 (-5)[0m
[00:00:17.323,364] [1;31m<err> ads1220: config2 mismatch! 0x10 != 0x00[0m
[00:00:17.323,486] [1;31m<err> ads1220: config2 mismatch! 0x15 != 0x00[0m
[00:00:17.323,638] [1;31m<err> ads1220: config0 mismatch! 0x3C != 0x1C[0m
[00:00:17.323,638] [1;31m<err> analog_axis_hires: Could not setup channel #1 (-5)[0m
[00:00:17.331,359] [1;31m<err> ads1220: config2 mismatch! 0x10 != 0x00[0m
[00:00:17.331,512] [1;31m<err> ads1220: config2 mismatch! 0x15 != 0x00[0m
[00:00:17.331,665] [1;31m<err> ads1220: config0 mismatch! 0x3C != 0x1C[0m
[00:00:17.331,665] [1;31m<err> analog_axis_hires: Could not setup channel #1 (-5)[0m
[00:00:17.339,416] [1;31m<err> ads1220: config2 mismatch! 0x10 != 0x00[0m
[00:00:17.339,538] [1;31m<err> ads1220: config2 mismatch! 0x15 != 0x00[0m
[00:00:17.339,691] [1;31m<err> ads1220: config0 mismatch! 0x3C != 0x1C[0m
[00:00:17.339,691] [1;31m<err> analog_axis_hires: Could not setup channel #1 (-5)[0m
[00:00:17.347,473] [1;31m<err> ads1220: config2 mismatch! 0x10 != 0x00[0m
[00:00:17.347,595] [1;31m<err> ads1220: config2 mismatch! 0x15 != 0x00[0m
[00:00:17.347,717] [1;31m<err> ads1220: config0 mismatch! 0x3C != 0x1C[0m
[00:00:17.347,747] [1;31m<err> analog_axis_hires: Could not setup channel #1 (-5)[0m
[00:00:17.355,438] [1;31m<err> ads1220: config2 mismatch! 0x10 != 0x00[0m
[00:00:17.355,590] [1;31m<err> ads1220: config2 mismatch! 0x15 != 0x00[0m
[00:00:17.355,743] [1;31m<err> ads1220: config0 mismatch! 0x3C != 0x1C[0m
[00:00:17.355,743] [1;31m<err> analog_axis_hires: Could not setup channel #1 (-5)[0m
[00:00:17.363,494] [1;31m<err> ads1220: config2 mismatch! 0x10 != 0x00[0m
[00:00:17.363,616] [1;31m<err> ads1220: config2 mismatch! 0x15 != 0x00[0m
[00:00:17.363,769] [1;31m<err> ads1220: config0 mismatch! 0x3C != 0x1C[0m
[00:00:17.363,769] [1;31m<err> analog_axis_hires: Could not setup channel #1 (-5)[0m
[00:00:17.371,551] [1;31m<err> ads1220: config2 mismatch! 0x10 != 0x00[0m
[00:00:17.371,673] [1;31m<err> ads1220: config2 mismatch! 0x15 != 0x00[0m
[00:00:17.371,795] [1;31m<err> ads1220: config0 mismatch! 0x3C != 0x1C[0m
[00:00:17.371,826] [1;31m<err> analog_axis_hires: Could not setup channel #1 (-5)[0m
[00:00:17.379,516] [1;31m<err> ads1220: config2 mismatch! 0x10 != 0x00[0m
[00:00:17.379,669] [1;31m<err> ads1220: config2 mismatch! 0x15 != 0x00[0m
[00:00:17.379,821] [1;31m<err> ads1220: config0 mismatch! 0x3C != 0x1C[0m
[00:00:17.379,821] [1;31m<err> analog_axis_hires: Could not setup channel #1 (-5)[0m
[00:00:17.387,573] [1;31m<err> ads1220: config2 mismatch! 0x10 != 0x00[0m
[00:00:17.387,695] [1;31m<err> ads1220: config2 mismatch! 0x15 != 0x00[0m
[00:00:17.387,847] [1;31m<err> ads1220: config0 mismatch! 0x3C != 0x1C[0m
[00:00:17.387,847] [1;31m<err> analog_axis_hires: Could not setup channel #1 (-5)[0m
[00:00:17.395,629] [1;31m<err> ads1220: config2 mismatch! 0x10 != 0x00[0m
[00:00:17.395,751] [1;31m<err> ads1220: config2 mismatch! 0x15 != 0x00[0m
[00:00:17.395,904] [1;31m<err> ads1220: config0 mismatch! 0x3C != 0x1C[0m
[00:00:17.395,904] [1;31m<err> analog_axis_hires: Could not setup channel #1 (-5)[0m
[00:00:17.403,594] [1;31m<err> ads1220: config2 mismatch! 0x10 != 0x00[0m
[00:00:17.403,747] [1;31m<err> ads1220: config2 mismatch! 0x15 != 0x00[0m
[00:00:17.403,900] [1;31m<err> ads1220: config0 mismatch! 0x3C != 0x1C[0m
[00:00:17.403,900] [1;31m<err> analog_axis_hires: Could not setup channel #1 (-5)[0m
[00:00:17.411,651] [1;31m<err> ads1220: config2 mismatch! 0x10 != 0x00[0m
[00:00:17.411,773] [1;31m<err> ads1220: config2 mismatch! 0x15 != 0x00[0m
[00:00:17.411,926] [1;31m<err> ads1220: config0 mismatch! 0x3C != 0x1C[0m
[00:00:17.411,926] [1;31m<err> analog_axis_hires: Could not setup channel #1 (-5)[0m
[00:00:17.419,708] [1;31m<err> ads1220: config2 mismatch! 0x10 != 0x00[0m
[00:00:17.419,830] [1;31m<err> ads1220: config2 mismatch! 0x15 != 0x00[0m
[00:00:17.419,982] [1;31m<err> ads1220: config0 mismatch! 0x3C != 0x1C[0m
[00:00:17.419,982] [1;31m<err> analog_axis_hires: Could not setup channel #1 (-5)[0m
[00:00:17.427,673] [1;31m<err> ads1220: config2 mismatch! 0x10 != 0x00[0m
[00:00:17.427,825] [1;31m<err> ads1220: config2 mismatch! 0x15 != 0x00[0m
[00:00:17.427,978] [1;31m<err> ads1220: config0 mismatch! 0x3C != 0x1C[0m
[00:00:17.427,978] [1;31m<err> analog_axis_hires: Could not setup channel #1 (-5)[0m
[00:00:17.435,729] [1;31m<err> ads1220: config2 mismatch! 0x10 != 0x00[0m
[00:00:17.435,852] [1;31m<err> ads1220: config2 mismatch! 0x15 != 0x00[0m
[00:00:17.436,004] [1;31m<err> ads1220: config0 mismatch! 0x3C != 0x1C[0m
[00:00:17.436,004] [1;31m<err> analog_axis_hires: Could not setup channel #1 (-5)[0m
[00:00:17.443,786] [1;31m<err> ads1220: config2 mismatch! 0x10 != 0x00[0m
[00:00:17.443,908] [1;31m<err> ads1220: config2 mismatch! 0x15 != 0x00[0m
[00:00:17.444,061] [1;31m<err> ads1220: config0 mismatch! 0x3C != 0x1C[0m
[00:00:17.444,061] [1;31m<err> analog_axis_hires: Could not setup channel #1 (-5)[0m
[00:00:17.451,751] [1;31m<err> ads1220: config2 mismatch! 0x10 != 0x00[0m
[00:00:17.451,904] [1;31m<err> ads1220: config2 mismatch! 0x15 != 0x00[0m
[00:00:17.452,056] [1;31m<err> ads1220: config0 mismatch! 0x3C != 0x1C[0m
[00:00:17.452,056] [1;31m<err> analog_axis_hires: Could not setup channel #1 (-5)[0m
[00:00:17.459,808] [1;31m<err> ads1220: config2 mismatch! 0x10 != 0x00[0m
[00:00:17.459,930] [1;31m<err> ads1220: config2 mismatch! 0x15 != 0x00[0m
[00:00:17.460,083] [1;31m<err> ads1220: config0 mismatch! 0x3C != 0x1C[0m
[00:00:17.460,083] [1;31m<err> analog_axis_hires: Could not setup channel #1 (-5)[0m
[00:00:17.467,864] [1;31m<err> ads1220: config2 mismatch! 0x10 != 0x00[0m
[00:00:17.467,987] [1;31m<err> ads1220: config2 mismatch! 0x15 != 0x00[0m
[00:00:17.468,109] [1;31m<err> ads1220: config0 mismatch! 0x3C != 0x1C[0m
[00:00:17.468,139] [1;31m<err> analog_axis_hires: Could not setup channel #1 (-5)[0m
[00:00:17.475,830] [1;31m<err> ads1220: config2 mismatch! 0x10 != 0x00[0m
[00:00:17.475,982] [1;31m<err> ads1220: config2 mismatch! 0x15 != 0x00[0m
[00:00:17.476,135] [1;31m<err> ads1220: config0 mismatch! 0x3C != 0x1C[0m
[00:00:17.476,135] [1;31m<err> analog_axis_hires: Could not setup channel #1 (-5)[0m
[00:00:17.483,886] [1;31m<err> ads1220: config2 mismatch! 0x10 != 0x00[0m
[00:00:17.484,008] [1;31m<err> ads1220: config2 mismatch! 0x15 != 0x00[0m
[00:00:17.484,161] [1;31m<err> ads1220: config0 mismatch! 0x3C != 0x1C[0m
[00:00:17.484,161] [1;31m<err> analog_axis_hires: Could not setup channel #1 (-5)[0m
[00:00:17.491,943] [1;31m<err> ads1220: config2 mismatch! 0x10 != 0x00[0m
[00:00:17.492,065] [1;31m<err> ads1220: config2 mismatch! 0x15 != 0x00[0m
[00:00:17.492,187] [1;31m<err> ads1220: config0 mismatch! 0x3C != 0x1C[0m
[00:00:17.492,218] [1;31m<err> analog_axis_hires: Could not setup channel #1 (-5)[0m
[00:00:17.499,908] [1;31m<err> ads1220: config2 mismatch! 0x10 != 0x00[0m
[00:00:17.500,061] [1;31m<err> ads1220: config2 mismatch! 0x15 != 0x00[0m
[00:00:17.500,213] [1;31m<err> ads1220: config0 mismatch! 0x3C != 0x1C[0m
[00:00:17.500,213] [1;31m<err> analog_axis_hires: Could not setup channel #1 (-5)[0m
[00:00:17.507,965] [1;31m<err> ads1220: config2 mismatch! 0x10 != 0x00[0m
[00:00:17.508,087] [1;31m<err> ads1220: config2 mismatch! 0x15 != 0x00[0m
[00:00:17.508,239] [1;31m<err> ads1220: config0 mismatch! 0x3C != 0x1C[0m
[00:00:17.508,239] [1;31m<err> analog_axis_hires: Could not setup channel #1 (-5)[0m
[00:00:17.516,021] [1;31m<err> ads1220: config2 mismatch! 0x10 != 0x00[0m
[00:00:17.516,143] [1;31m<err> ads1220: config2 mismatch! 0x15 != 0x00[0m
[00:00:17.516,265] [1;31m<err> ads1220: config0 mismatch! 0x3C != 0x1C[0m
[00:00:17.516,296] [1;31m<err> analog_axis_hires: Could not setup channel #1 (-5)[0m
[00:00:17.523,986] [1;31m<err> ads1220: config2 mismatch! 0x10 != 0x00[0m
[00:00:17.524,139] [1;31m<err> ads1220: config2 mismatch! 0x15 != 0x00[0m
[00:00:17.524,291] [1;31m<err> ads1220: config0 mismatch! 0x3C != 0x1C[0m
[00:00:17.524,291] [1;31m<err> analog_axis_hires: Could not setup channel #1 (-5)[0m
[00:00:17.532,043] [1;31m<err> ads1220: config2 mismatch! 0x10 != 0x00[0m
[00:00:17.532,165] [1;31m<err> ads1220: config2 mismatch! 0x15 != 0x00[0m
[00:00:17.532,318] [1;31m<err> ads1220: config0 mismatch! 0x3C != 0x1C[0m
[00:00:17.532,318] [1;31m<err> analog_axis_hires: Could not setup channel #1 (-5)[0m
[00:00:17.540,100] [1;31m<err> ads1220: config2 mismatch! 0x10 != 0x00[0m
[00:00:17.540,222] [1;31m<err> ads1220: config2 mismatch! 0x15 != 0x00[0m
[00:00:17.540,344] [1;31m<err> ads1220: config0 mismatch! 0x3C != 0x1C[0m
[00:00:17.540,374] [1;31m<err> analog_axis_hires: Could not setup channel #1 (-5)[0m
[00:00:17.548,065] [1;31m<err> ads1220: config2 mismatch! 0x10 != 0x00[0m
[00:00:17.548,217] [1;31m<err> ads1220: config2 mismatch! 0x15 != 0x00[0m
[00:00:17.548,370] [1;31m<err> ads1220: config0 mismatch! 0x3C != 0x1C[0m
[00:00:17.548,370] [1;31m<err> analog_axis_hires: Could not setup channel #1 (-5)[0m
[00:00:17.556,121] [1;31m<err> ads1220: config2 mismatch! 0x10 != 0x00[0m
[00:00:17.556,243] [1;31m<err> ads1220: config2 mismatch! 0x15 != 0x00[0m
[00:00:17.556,396] [1;31m<err> ads1220: config0 mismatch! 0x3C != 0x1C[0m
[00:00:17.556,396] [1;31m<err> analog_axis_hires: Could not setup channel #1 (-5)[0m
[00:00:17.564,178] [1;31m<err> ads1220: config2 mismatch! 0x10 != 0x00[0m
[00:00:17.564,300] [1;31m<err> ads1220: config2 mismatch! 0x15 != 0x00[0m
[00:00:17.564,422] [1;31m<err> ads1220: config0 mismatch! 0x3C != 0x1C[0m
[00:00:17.564,453] [1;31m<err> analog_axis_hires: Could not setup channel #1 (-5)[0m
[00:00:17.572,143] [1;31m<err> ads1220: config2 mismatch! 0x10 != 0x00[0m
[00:00:17.572,296] [1;31m<err> ads1220: config2 mismatch! 0x15 != 0x00[0m
[00:00:17.572,448] [1;31m<err> ads1220: config0 mismatch! 0x3C != 0x1C[0m
[00:00:17.572,448] [1;31m<err> analog_axis_hires: Could not setup channel #1 (-5)[0m
[00:00:17.580,200] [1;31m<err> ads1220: config2 mismatch! 0x10 != 0x00[0m
[00:00:17.580,322] [1;31m<err> ads1220: config2 mismatch! 0x15 != 0x00[0m
[00:00:17.580,474] [1;31m<err> ads1220: config0 mismatch! 0x3C != 0x1C[0m
[00:00:17.580,474] [1;31m<err> analog_axis_hires: Could not setup channel #1 (-5)[0m
[00:00:17.588,256] [1;31m<err> ads1220: config2 mismatch! 0x10 != 0x00[0m
[00:00:17.588,378] [1;31m<err> ads1220: config2 mismatch! 0x15 != 0x00[0m
[00:00:17.588,500] [1;31m<err> ads1220: config0 mismatch! 0x3C != 0x1C[0m
[00:00:17.588,531] [1;31m<err> analog_axis_hires: Could not setup channel #1 (-5)[0m
[00:00:17.596,221] [1;31m<err> ads1220: config2 mismatch! 0x10 != 0x00[0m
[00:00:17.596,374] [1;31m<err> ads1220: config2 mismatch! 0x15 != 0x00[0m
[00:00:17.596,527] [1;31m<err> ads1220: config0 mismatch! 0x3C != 0x1C[0m
[00:00:17.596,527] [1;31m<err> analog_axis_hires: Could not setup channel #1 (-5)[0m
[00:00:17.604,278] [1;31m<err> ads1220: config2 mismatch! 0x10 != 0x00[0m
[00:00:17.604,400] [1;31m<err> ads1220: config2 mismatch! 0x15 != 0x00[0m
[00:00:17.604,553] [1;31m<err> ads1220: config0 mismatch! 0x3C != 0x1C[0m
[00:00:17.604,553] [1;31m<err> analog_axis_hires: Could not setup channel #1 (-5)[0m
[00:00:17.612,335] [1;31m<err> ads1220: config2 mismatch! 0x10 != 0x00[0m
[00:00:17.612,457] [1;31m<err> ads1220: config2 mismatch! 0x15 != 0x00[0m
[00:00:17.612,579] [1;31m<err> ads1220: config0 mismatch! 0x3C != 0x1C[0m
[00:00:17.612,609] [1;31m<err> analog_axis_hires: Could not setup channel #1 (-5)[0m
[00:00:17.620,300] [1;31m<err> ads1220: config2 mismatch! 0x10 != 0x00[0m
[00:00:17.620,452] [1;31m<err> ads1220: config2 mismatch! 0x15 != 0x00[0m
[00:00:17.620,605] [1;31m<err> ads1220: config0 mismatch! 0x3C != 0x1C[0m
[00:00:17.620,605] [1;31m<err> analog_axis_hires: Could not setup channel #1 (-5)[0m
[00:00:17.628,356] [1;31m<err> ads1220: config2 mismatch! 0x10 != 0x00[0m
[00:00:17.628,479] [1;31m<err> ads1220: config2 mismatch! 0x15 != 0x00[0m
[00:00:17.628,631] [1;31m<err> ads1220: config0 mismatch! 0x3C != 0x1C[0m
[00:00:17.628,631] [1;31m<err> analog_axis_hires: Could not setup channel #1 (-5)[0m
[00:00:17.636,413] [1;31m<err> ads1220: config2 mismatch! 0x10 != 0x00[0m
[00:00:17.636,535] [1;31m<err> ads1220: config2 mismatch! 0x15 != 0x00[0m
[00:00:17.636,657] [1;31m<err> ads1220: config0 mismatch! 0x3C != 0x1C[0m
[00:00:17.636,688] [1;31m<err> analog_axis_hires: Could not setup channel #1 (-5)[0m
[00:00:17.644,378] [1;31m<err> ads1220: config2 mismatch! 0x10 != 0x00[0m
[00:00:17.644,531] [1;31m<err> ads1220: config2 mismatch! 0x15 != 0x00[0m
[00:00:17.644,683] [1;31m<err> ads1220: config0 mismatch! 0x3C != 0x1C[0m
[00:00:17.644,683] [1;31m<err> analog_axis_hires: Could not setup channel #1 (-5)[0m
[00:00:17.652,435] [1;31m<err> ads1220: config2 mismatch! 0x10 != 0x00[0m
[00:00:17.652,557] [1;31m<err> ads1220: config2 mismatch! 0x15 != 0x00[0m
[00:00:17.652,709] [1;31m<err> ads1220: config0 mismatch! 0x3C != 0x1C[0m
[00:00:17.652,709] [1;31m<err> analog_axis_hires: Could not setup channel #1 (-5)[0m
[00:00:17.660,461] [1;31m<err> ads1220: config2 mismatch! 0x10 != 0x00[0m
[00:00:17.660,583] [1;31m<err> ads1220: config2 mismatch! 0x15 != 0x00[0m
[00:00:17.660,705] [1;31m<err> ads1220: config0 mismatch! 0x3C != 0x1C[0m
[00:00:17.660,736] [1;31m<err> analog_axis_hires: Could not setup channel #1 (-5)[0m
[00:00:17.668,457] [1;31m<err> ads1220: config2 mismatch! 0x10 != 0x00[0m
[00:00:17.668,609] [1;31m<err> ads1220: config2 mismatch! 0x15 != 0x00[0m
[00:00:17.668,762] [1;31m<err> ads1220: config0 mismatch! 0x3C != 0x1C[0m
[00:00:17.668,762] [1;31m<err> analog_axis_hires: Could not setup channel #1 (-5)[0m
[00:00:17.676,513] [1;31m<err> ads1220: config2 mismatch! 0x10 != 0x00[0m
[00:00:17.676,635] [1;31m<err> ads1220: config2 mismatch! 0x15 != 0x00[0m
[00:00:17.676,788] [1;31m<err> ads1220: config0 mismatch! 0x3C != 0x1C[0m
[00:00:17.676,788] [1;31m<err> analog_axis_hires: Could not setup channel #1 (-5)[0m
[00:00:17.684,539] [1;31m<err> ads1220: config2 mismatch! 0x10 != 0x00[0m
[00:00:17.684,692] [1;31m<err> ads1220: config2 mismatch! 0x15 != 0x00[0m
[00:00:17.684,814] [1;31m<err> ads1220: config0 mismatch! 0x3C != 0x1C[0m
[00:00:17.684,814] [1;31m<err> analog_axis_hires: Could not setup channel #1 (-5)[0m
[00:00:17.692,535] [1;31m<err> ads1220: config2 mismatch! 0x10 != 0x00[0m
[00:00:17.692,687] [1;31m<err> ads1220: config2 mismatch! 0x15 != 0x00[0m
[00:00:17.692,840] [1;31m<err> ads1220: config0 mismatch! 0x3C != 0x1C[0m
[00:00:17.692,840] [1;31m<err> analog_axis_hires: Could not setup channel #1 (-5)[0m
[00:00:17.700,592] [1;31m<err> ads1220: config2 mismatch! 0x10 != 0x00[0m
[00:00:17.700,714] [1;31m<err> ads1220: config2 mismatch! 0x15 != 0x00[0m
[00:00:17.700,866] [1;31m<err> ads1220: config0 mismatch! 0x3C != 0x1C[0m
[00:00:17.700,866] [1;31m<err> analog_axis_hires: Could not setup channel #1 (-5)[0m
[00:00:17.708,618] [1;31m<err> ads1220: config2 mismatch! 0x10 != 0x00[0m
[00:00:17.708,740] [1;31m<err> ads1220: config2 mismatch! 0x15 != 0x00[0m
[00:00:17.708,862] [1;31m<err> ads1220: config0 mismatch! 0x3C != 0x1C[0m
[00:00:17.708,892] [1;31m<err> analog_axis_hires: Could not setup channel #1 (-5)[0m
[00:00:17.716,613] [1;31m<err> ads1220: config2 mismatch! 0x10 != 0x00[0m
[00:00:17.716,766] [1;31m<err> ads1220: config2 mismatch! 0x15 != 0x00[0m
[00:00:17.716,918] [1;31m<err> ads1220: config0 mismatch! 0x3C != 0x1C[0m
[00:00:17.716,918] [1;31m<err> analog_axis_hires: Could not setup channel #1 (-5)[0m
[00:00:17.724,670] [1;31m<err> ads1220: config2 mismatch! 0x10 != 0x00[0m
[00:00:17.724,792] [1;31m<err> ads1220: config2 mismatch! 0x15 != 0x00[0m
[00:00:17.724,945] [1;31m<err> ads1220: config0 mismatch! 0x3C != 0x1C[0m
[00:00:17.724,945] [1;31m<err> analog_axis_hires: Could not setup channel #1 (-5)[0m
[00:00:17.732,727] [1;31m<err> ads1220: config2 mismatch! 0x10 != 0x00[0m
[00:00:17.732,849] [1;31m<err> ads1220: config2 mismatch! 0x15 != 0x00[0m
[00:00:17.733,001] [1;31m<err> ads1220: config0 mismatch! 0x3C != 0x1C[0m
[00:00:17.733,001] [1;31m<err> analog_axis_hires: Could not setup channel #1 (-5)[0m
[00:00:17.740,692] [1;31m<err> ads1220: config2 mismatch! 0x10 != 0x00[0m
[00:00:17.740,844] [1;31m<err> ads1220: config2 mismatch! 0x15 != 0x00[0m
[00:00:17.740,997] [1;31m<err> ads1220: config0 mismatch! 0x3C != 0x1C[0m
[00:00:17.740,997] [1;31m<err> analog_axis_hires: Could not setup channel #1 (-5)[0m
[00:00:17.748,748] [1;31m<err> ads1220: config2 mismatch! 0x10 != 0x00[0m
[00:00:17.748,870] [1;31m<err> ads1220: config2 mismatch! 0x15 != 0x00[0m
[00:00:17.749,023] [1;31m<err> ads1220: config0 mismatch! 0x3C != 0x1C[0m
[00:00:17.749,023] [1;31m<err> analog_axis_hires: Could not setup channel #1 (-5)[0m
[00:00:17.756,805] [1;31m<err> ads1220: config2 mismatch! 0x10 != 0x00[0m
[00:00:17.756,927] [1;31m<err> ads1220: config2 mismatch! 0x15 != 0x00[0m
[00:00:17.757,080] [1;31m<err> ads1220: config0 mismatch! 0x3C != 0x1C[0m
[00:00:17.757,080] [1;31m<err> analog_axis_hires: Could not setup channel #1 (-5)[0m
[00:00:17.764,770] [1;31m<err> ads1220: config2 mismatch! 0x10 != 0x00[0m
[00:00:17.764,923] [1;31m<err> ads1220: config2 mismatch! 0x15 != 0x00[0m
[00:00:17.765,075] [1;31m<err> ads1220: config0 mismatch! 0x3C != 0x1C[0m
[00:00:17.765,075] [1;31m<err> analog_axis_hires: Could not setup channel #1 (-5)[0m
[00:00:17.772,827] [1;31m<err> ads1220: config2 mismatch! 0x10 != 0x00[0m
[00:00:17.772,949] [1;31m<err> ads1220: config2 mismatch! 0x15 != 0x00[0m
[00:00:17.773,101] [1;31m<err> ads1220: config0 mismatch! 0x3C != 0x1C[0m
[00:00:17.773,101] [1;31m<err> analog_axis_hires: Could not setup channel #1 (-5)[0m
[00:00:17.780,883] [1;31m<err> ads1220: config2 mismatch! 0x10 != 0x00[0m
[00:00:17.781,005] [1;31m<err> ads1220: config2 mismatch! 0x15 != 0x00[0m
[00:00:17.781,127] [1;31m<err> ads1220: config0 mismatch! 0x3C != 0x1C[0m
[00:00:17.781,158] [1;31m<err> analog_axis_hires: Could not setup channel #1 (-5)[0m
[00:00:17.788,848] [1;31m<err> ads1220: config2 mismatch! 0x10 != 0x00[0m
[00:00:17.789,001] [1;31m<err> ads1220: config2 mismatch! 0x15 != 0x00[0m
[00:00:17.789,154] [1;31m<err> ads1220: config0 mismatch! 0x3C != 0x1C[0m
[00:00:17.789,154] [1;31m<err> analog_axis_hires: Could not setup channel #1 (-5)[0m
[00:00:17.796,905] [1;31m<err> ads1220: config2 mismatch! 0x10 != 0x00[0m
[00:00:17.797,027] [1;31m<err> ads1220: config2 mismatch! 0x15 != 0x00[0m
[00:00:17.797,180] [1;31m<err> ads1220: config0 mismatch! 0x3C != 0x1C[0m
[00:00:17.797,180] [1;31m<err> analog_axis_hires: Could not setup channel #1 (-5)[0m
[00:00:17.804,962] [1;31m<err> ads1220: config2 mismatch! 0x10 != 0x00[0m
[00:00:17.805,084] [1;31m<err> ads1220: config2 mismatch! 0x15 != 0x00[0m
[00:00:17.805,206] [1;31m<err> ads1220: config0 mismatch! 0x3C != 0x1C[0m
[00:00:17.805,236] [1;31m<err> analog_axis_hires: Could not setup channel #1 (-5)[0m
[00:00:17.812,927] [1;31m<err> ads1220: config2 mismatch! 0x10 != 0x00[0m
[00:00:17.813,079] [1;31m<err> ads1220: config2 mismatch! 0x15 != 0x00[0m
[00:00:17.813,232] [1;31m<err> ads1220: config0 mismatch! 0x3C != 0x1C[0m
[00:00:17.813,232] [1;31m<err> analog_axis_hires: Could not setup channel #1 (-5)[0m
[00:00:17.820,983] [1;31m<err> ads1220: config2 mismatch! 0x10 != 0x00[0m
[00:00:17.821,105] [1;31m<err> ads1220: config2 mismatch! 0x15 != 0x00[0m
[00:00:17.821,258] [1;31m<err> ads1220: config0 mismatch! 0x3C != 0x1C[0m
[00:00:17.821,258] [1;31m<err> analog_axis_hires: Could not setup channel #1 (-5)[0m
[00:00:17.829,040] [1;31m<err> ads1220: config2 mismatch! 0x10 != 0x00[0m
[00:00:17.829,162] [1;31m<err> ads1220: config2 mismatch! 0x15 != 0x00[0m
[00:00:17.829,284] [1;31m<err> ads1220: config0 mismatch! 0x3C != 0x1C[0m
[00:00:17.829,315] [1;31m<err> analog_axis_hires: Could not setup channel #1 (-5)[0m
[00:00:17.837,005] [1;31m<err> ads1220: config2 mismatch! 0x10 != 0x00[0m
[00:00:17.837,158] [1;31m<err> ads1220: config2 mismatch! 0x15 != 0x00[0m
[00:00:17.837,310] [1;31m<err> ads1220: config0 mismatch! 0x3C != 0x1C[0m
[00:00:17.837,310] [1;31m<err> analog_axis_hires: Could not setup channel #1 (-5)[0m
[00:00:17.845,062] [1;31m<err> ads1220: config2 mismatch! 0x10 != 0x00[0m
[00:00:17.845,184] [1;31m<err> ads1220: config2 mismatch! 0x15 != 0x00[0m
[00:00:17.845,336] [1;31m<err> ads1220: config0 mismatch! 0x3C != 0x1C[0m
[00:00:17.845,336] [1;31m<err> analog_axis_hires: Could not setup channel #1 (-5)[0m
[00:00:17.853,118] [1;31m<err> ads1220: config2 mismatch! 0x10 != 0x00[0m
[00:00:17.853,240] [1;31m<err> ads1220: config2 mismatch! 0x15 != 0x00[0m
[00:00:17.853,363] [1;31m<err> ads1220: config0 mismatch! 0x3C != 0x1C[0m
[00:00:17.853,393] [1;31m<err> analog_axis_hires: Could not setup channel #1 (-5)[0m
[00:00:17.861,083] [1;31m<err> ads1220: config2 mismatch! 0x10 != 0x00[0m
[00:00:17.861,236] [1;31m<err> ads1220: config2 mismatch! 0x15 != 0x00[0m
[00:00:17.861,389] [1;31m<err> ads1220: config0 mismatch! 0x3C != 0x1C[0m
[00:00:17.861,389] [1;31m<err> analog_axis_hires: Could not setup channel #1 (-5)[0m
[00:00:17.869,140] [1;31m<err> ads1220: config2 mismatch! 0x10 != 0x00[0m
[00:00:17.869,262] [1;31m<err> ads1220: config2 mismatch! 0x15 != 0x00[0m
[00:00:17.869,415] [1;31m<err> ads1220: config0 mismatch! 0x3C != 0x1C[0m
[00:00:17.869,415] [1;31m<err> analog_axis_hires: Could not setup channel #1 (-5)[0m
[00:00:17.877,197] [1;31m<err> ads1220: config2 mismatch! 0x10 != 0x00[0m
[00:00:17.877,319] [1;31m<err> ads1220: config2 mismatch! 0x15 != 0x00[0m
[00:00:17.877,441] [1;31m<err> ads1220: config0 mismatch! 0x3C != 0x1C[0m
[00:00:17.877,471] [1;31m<err> analog_axis_hires: Could not setup channel #1 (-5)[0m
[00:00:17.885,162] [1;31m<err> ads1220: config2 mismatch! 0x10 != 0x00[0m
[00:00:17.885,314] [1;31m<err> ads1220: config2 mismatch! 0x15 != 0x00[0m
[00:00:17.885,467] [1;31m<err> ads1220: config0 mismatch! 0x3C != 0x1C[0m
[00:00:17.885,467] [1;31m<err> analog_axis_hires: Could not setup channel #1 (-5)[0m
[00:00:17.893,218] [1;31m<err> ads1220: config2 mismatch! 0x10 != 0x00[0m
[00:00:17.893,341] [1;31m<err> ads1220: config2 mismatch! 0x15 != 0x00[0m
[00:00:17.893,493] [1;31m<err> ads1220: config0 mismatch! 0x3C != 0x1C[0m
[00:00:17.893,493] [1;31m<err> analog_axis_hires: Could not setup channel #1 (-5)[0m
[00:00:17.901,275] [1;31m<err> ads1220: config2 mismatch! 0x10 != 0x00[0m
[00:00:17.901,397] [1;31m<err> ads1220: config2 mismatch! 0x15 != 0x00[0m
[00:00:17.901,519] [1;31m<err> ads1220: config0 mismatch! 0x3C != 0x1C[0m
[00:00:17.901,550] [1;31m<err> analog_axis_hires: Could not setup channel #1 (-5)[0m
[00:00:17.909,301] [1;31m<err> ads1220: config2 mismatch! 0x10 != 0x00[0m
[00:00:17.909,454] [1;31m<err> ads1220: config2 mismatch! 0x15 != 0x00[0m
[00:00:17.909,576] [1;31m<err> ads1220: config0 mismatch! 0x3C != 0x1C[0m
[00:00:17.909,606] [1;31m<err> analog_axis_hires: Could not setup channel #1 (-5)[0m
[00:00:17.917,297] [1;31m<err> ads1220: config2 mismatch! 0x10 != 0x00[0m
[00:00:17.917,419] [1;31m<err> ads1220: config2 mismatch! 0x15 != 0x00[0m
[00:00:17.917,572] [1;31m<err> ads1220: config0 mismatch! 0x3C != 0x1C[0m
[00:00:17.917,572] [1;31m<err> analog_axis_hires: Could not setup channel #1 (-5)[0m
[00:00:17.925,354] [1;31m<err> ads1220: config2 mismatch! 0x10 != 0x00[0m
[00:00:17.925,506] [1;31m<err> ads1220: config2 mismatch! 0x15 != 0x00[0m
[00:00:17.925,628] [1;31m<err> ads1220: config0 mismatch! 0x3C != 0x1C[0m
[00:00:17.925,628] [1;31m<err> analog_axis_hires: Could not setup channel #1 (-5)[0m
[00:00:17.933,319] [1;31m<err> ads1220: config2 mismatch! 0x10 != 0x00[0m
[00:00:17.933,471] [1;31m<err> ads1220: config2 mismatch! 0x15 != 0x00[0m
[00:00:17.933,624] [1;31m<err> ads1220: config0 mismatch! 0x3C != 0x1C[0m
[00:00:17.933,624] [1;31m<err> analog_axis_hires: Could not setup channel #1 (-5)[0m
[00:00:17.941,375] [1;31m<err> ads1220: config2 mismatch! 0x10 != 0x00[0m
[00:00:17.941,497] [1;31m<err> ads1220: config2 mismatch! 0x15 != 0x00[0m
[00:00:17.941,650] [1;31m<err> ads1220: config0 mismatch! 0x3C != 0x1C[0m
[00:00:17.941,650] [1;31m<err> analog_axis_hires: Could not setup channel #1 (-5)[0m
[00:00:17.949,432] [1;31m<err> ads1220: config2 mismatch! 0x10 != 0x00[0m
[00:00:17.949,554] [1;31m<err> ads1220: config2 mismatch! 0x15 != 0x00[0m
[00:00:17.949,676] [1;31m<err> ads1220: config0 mismatch! 0x3C != 0x1C[0m
[00:00:17.949,676] [1;31m<err> analog_axis_hires: Could not setup channel #1 (-5)[0m
[00:00:17.957,397] [1;31m<err> ads1220: config2 mismatch! 0x10 != 0x00[0m
[00:00:17.957,550] [1;31m<err> ads1220: config2 mismatch! 0x15 != 0x00[0m
[00:00:17.957,702] [1;31m<err> ads1220: config0 mismatch! 0x3C != 0x1C[0m
[00:00:17.957,702] [1;31m<err> analog_axis_hires: Could not setup channel #1 (-5)[0m
[00:00:17.965,454] [1;31m<err> ads1220: config2 mismatch! 0x10 != 0x00[0m
[00:00:17.965,576] [1;31m<err> ads1220: config2 mismatch! 0x15 != 0x00[0m
[00:00:17.965,728] [1;31m<err> ads1220: config0 mismatch! 0x3C != 0x1C[0m
[00:00:17.965,728] [1;31m<err> analog_axis_hires: Could not setup channel #1 (-5)[0m
[00:00:17.973,480] [1;31m<err> ads1220: config2 mismatch! 0x10 != 0x00[0m
[00:00:17.973,632] [1;31m<err> ads1220: config2 mismatch! 0x15 != 0x00[0m
[00:00:17.973,754] [1;31m<err> ads1220: config0 mismatch! 0x3C != 0x1C[0m
[00:00:17.973,754] [1;31m<err> analog_axis_hires: Could not setup channel #1 (-5)[0m
[00:00:17.981,475] [1;31m<err> ads1220: config2 mismatch! 0x10 != 0x00[0m
[00:00:17.981,628] [1;31m<err> ads1220: config2 mismatch! 0x15 != 0x00[0m
[00:00:17.981,781] [1;31m<err> ads1220: config0 mismatch! 0x3C != 0x1C[0m
[00:00:17.981,781] [1;31m<err> analog_axis_hires: Could not setup channel #1 (-5)[0m
[00:00:17.989,532] [1;31m<err> ads1220: config2 mismatch! 0x10 != 0x00[0m
[00:00:17.989,654] [1;31m<err> ads1220: config2 mismatch! 0x15 != 0x00[0m
[00:00:17.989,807] [1;31m<err> ads1220: config0 mismatch! 0x3C != 0x1C[0m
[00:00:17.989,807] [1;31m<err> analog_axis_hires: Could not setup channel #1 (-5)[0m
[00:00:17.997,589] [1;31m<err> ads1220: config2 mismatch! 0x10 != 0x00[0m
[00:00:17.997,711] [1;31m<err> ads1220: config2 mismatch! 0x15 != 0x00[0m
[00:00:17.997,863] [1;31m<err> ads1220: config0 mismatch! 0x3C != 0x1C[0m
[00:00:17.997,863] [1;31m<err> analog_axis_hires: Could not setup channel #1 (-5)[0m
[00:00:18.005,554] [1;31m<err> ads1220: config2 mismatch! 0x10 != 0x00[0m
[00:00:18.005,706] [1;31m<err> ads1220: config2 mismatch! 0x15 != 0x00[0m
[00:00:18.005,859] [1;31m<err> ads1220: config0 mismatch! 0x3C != 0x1C[0m
[00:00:18.005,859] [1;31m<err> analog_axis_hires: Could not setup channel #1 (-5)[0m
[00:00:18.013,610] [1;31m<err> ads1220: config2 mismatch! 0x10 != 0x00[0m
[00:00:18.013,732] [1;31m<err> ads1220: config2 mismatch! 0x15 != 0x00[0m
[00:00:18.013,885] [1;31m<err> ads1220: config0 mismatch! 0x3C != 0x1C[0m
[00:00:18.013,885] [1;31m<err> analog_axis_hires: Could not setup channel #1 (-5)[0m
[00:00:18.021,667] [1;31m<err> ads1220: config2 mismatch! 0x10 != 0x00[0m
[00:00:18.021,789] [1;31m<err> ads1220: config2 mismatch! 0x15 != 0x00[0m
[00:00:18.021,942] [1;31m<err> ads1220: config0 mismatch! 0x3C != 0x1C[0m
[00:00:18.021,942] [1;31m<err> analog_axis_hires: Could not setup channel #1 (-5)[0m
[00:00:18.029,632] [1;31m<err> ads1220: config2 mismatch! 0x10 != 0x00[0m
[00:00:18.029,785] [1;31m<err> ads1220: config2 mismatch! 0x15 != 0x00[0m
[00:00:18.029,937] [1;31m<err> ads1220: config0 mismatch! 0x3C != 0x1C[0m
[00:00:18.029,937] [1;31m<err> analog_axis_hires: Could not setup channel #1 (-5)[0m
[00:00:18.037,689] [1;31m<err> ads1220: config2 mismatch! 0x10 != 0x00[0m
[00:00:18.037,811] [1;31m<err> ads1220: config2 mismatch! 0x15 != 0x00[0m
[00:00:18.037,963] [1;31m<err> ads1220: config0 mismatch! 0x3C != 0x1C[0m
[00:00:18.037,963] [1;31m<err> analog_axis_hires: Could not setup channel #1 (-5)[0m
[00:00:18.045,745] [1;31m<err> ads1220: config2 mismatch! 0x10 != 0x00[0m
[00:00:18.045,867] [1;31m<err> ads1220: config2 mismatch! 0x15 != 0x00[0m
[00:00:18.046,020] [1;31m<err> ads1220: config0 mismatch! 0x3C != 0x1C[0m
[00:00:18.046,020] [1;31m<err> analog_axis_hires: Could not setup channel #1 (-5)[0m
[00:00:18.053,710] [1;31m<err> ads1220: config2 mismatch! 0x10 != 0x00[0m
[00:00:18.053,863] [1;31m<err> ads1220: config2 mismatch! 0x15 != 0x00[0m
[00:00:18.054,016] [1;31m<err> ads1220: config0 mismatch! 0x3C != 0x1C[0m
[00:00:18.054,016] [1;31m<err> analog_axis_hires: Could not setup channel #1 (-5)[0m
[00:00:18.061,767] [1;31m<err> ads1220: config2 mismatch! 0x10 != 0x00[0m
[00:00:18.061,889] [1;31m<err> ads1220: config2 mismatch! 0x15 != 0x00[0m
[00:00:18.062,042] [1;31m<err> ads1220: config0 mismatch! 0x3C != 0x1C[0m
[00:00:18.062,042] [1;31m<err> analog_axis_hires: Could not setup channel #1 (-5)[0m
[00:00:18.069,793] [1;31m<err> ads1220: config2 mismatch! 0x10 != 0x00[0m
[00:00:18.069,915] [1;31m<err> ads1220: config2 mismatch! 0x15 != 0x00[0m
[00:00:18.070,037] [1;31m<err> ads1220: config0 mismatch! 0x3C != 0x1C[0m
[00:00:18.070,068] [1;31m<err> analog_axis_hires: Could not setup channel #1 (-5)[0m
[00:00:18.077,789] [1;31m<err> ads1220: config2 mismatch! 0x10 != 0x00[0m
[00:00:18.077,941] [1;31m<err> ads1220: config2 mismatch! 0x15 != 0x00[0m
[00:00:18.078,094] [1;31m<err> ads1220: config0 mismatch! 0x3C != 0x1C[0m
[00:00:18.078,094] [1;31m<err> analog_axis_hires: Could not setup channel #1 (-5)[0m
[00:00:18.085,845] [1;31m<err> ads1220: config2 mismatch! 0x10 != 0x00[0m
[00:00:18.085,968] [1;31m<err> ads1220: config2 mismatch! 0x15 != 0x00[0m
[00:00:18.086,120] [1;31m<err> ads1220: config0 mismatch! 0x3C != 0x1C[0m
[00:00:18.086,120] [1;31m<err> analog_axis_hires: Could not setup channel #1 (-5)[0m
[00:00:18.093,902] [1;31m<err> ads1220: config2 mismatch! 0x10 != 0x00[0m
[00:00:18.094,024] [1;31m<err> ads1220: config2 mismatch! 0x15 != 0x00[0m
[00:00:18.094,146] [1;31m<err> ads1220: config0 mismatch! 0x3C != 0x1C[0m
[00:00:18.094,177] [1;31m<err> analog_axis_hires: Could not setup channel #1 (-5)[0m
[00:00:18.101,867] [1;31m<err> ads1220: config2 mismatch! 0x10 != 0x00[0m
[00:00:18.102,020] [1;31m<err> ads1220: config2 mismatch! 0x15 != 0x00[0m
[00:00:18.102,172] [1;31m<err> ads1220: config0 mismatch! 0x3C != 0x1C[0m
[00:00:18.102,172] [1;31m<err> analog_axis_hires: Could not setup channel #1 (-5)[0m
[00:00:18.109,924] [1;31m<err> ads1220: config2 mismatch! 0x10 != 0x00[0m
[00:00:18.110,046] [1;31m<err> ads1220: config2 mismatch! 0x15 != 0x00[0m
[00:00:18.110,198] [1;31m<err> ads1220: config0 mismatch! 0x3C != 0x1C[0m
[00:00:18.110,198] [1;31m<err> analog_axis_hires: Could not setup channel #1 (-5)[0m
[00:00:18.117,980] [1;31m<err> ads1220: config2 mismatch! 0x10 != 0x00[0m
[00:00:18.118,103] [1;31m<err> ads1220: config2 mismatch! 0x15 != 0x00[0m
[00:00:18.118,225] [1;31m<err> ads1220: config0 mismatch! 0x3C != 0x1C[0m
[00:00:18.118,255] [1;31m<err> analog_axis_hires: Could not setup channel #1 (-5)[0m
[00:00:18.125,946] [1;31m<err> ads1220: config2 mismatch! 0x10 != 0x00[0m
[00:00:18.126,098] [1;31m<err> ads1220: config2 mismatch! 0x15 != 0x00[0m
[00:00:18.126,251] [1;31m<err> ads1220: config0 mismatch! 0x3C != 0x1C[0m
[00:00:18.126,251] [1;31m<err> analog_axis_hires: Could not setup channel #1 (-5)[0m
[00:00:18.134,002] [1;31m<err> ads1220: config2 mismatch! 0x10 != 0x00[0m
[00:00:18.134,124] [1;31m<err> ads1220: config2 mismatch! 0x15 != 0x00[0m
[00:00:18.134,277] [1;31m<err> ads1220: config0 mismatch! 0x3C != 0x1C[0m
[00:00:18.134,277] [1;31m<err> analog_axis_hires: Could not setup channel #1 (-5)[0m
[00:00:18.142,059] [1;31m<err> ads1220: config2 mismatch! 0x10 != 0x00[0m
[00:00:18.142,181] [1;31m<err> ads1220: config2 mismatch! 0x15 != 0x00[0m
[00:00:18.142,303] [1;31m<err> ads1220: config0 mismatch! 0x3C != 0x1C[0m
[00:00:18.142,333] [1;31m<err> analog_axis_hires: Could not setup channel #1 (-5)[0m
[00:00:18.150,024] [1;31m<err> ads1220: config2 mismatch! 0x10 != 0x00[0m
[00:00:18.150,177] [1;31m<err> ads1220: config2 mismatch! 0x15 != 0x00[0m
[00:00:18.150,329] [1;31m<err> ads1220: config0 mismatch! 0x3C != 0x1C[0m
[00:00:18.150,329] [1;31m<err> analog_axis_hires: Could not setup channel #1 (-5)[0m
[00:00:18.158,081] [1;31m<err> ads1220: config2 mismatch! 0x10 != 0x00[0m
[00:00:18.158,203] [1;31m<err> ads1220: config2 mismatch! 0x15 != 0x00[0m
[00:00:18.158,355] [1;31m<err> ads1220: config0 mismatch! 0x3C != 0x1C[0m
[00:00:18.158,355] [1;31m<err> analog_axis_hires: Could not setup channel #1 (-5)[0m
[00:00:18.166,107] [1;31m<err> ads1220: config2 mismatch! 0x10 != 0x00[0m
[00:00:18.166,229] [1;31m<err> ads1220: config2 mismatch! 0x15 != 0x00[0m
[00:00:18.166,351] [1;31m<err> ads1220: config0 mismatch! 0x3C != 0x1C[0m
[00:00:18.166,381] [1;31m<err> analog_axis_hires: Could not setup channel #1 (-5)[0m
[00:00:18.174,102] [1;31m<err> ads1220: config2 mismatch! 0x10 != 0x00[0m
[00:00:18.174,255] [1;31m<err> ads1220: config2 mismatch! 0x15 != 0x00[0m
[00:00:18.174,407] [1;31m<err> ads1220: config0 mismatch! 0x3C != 0x1C[0m
[00:00:18.174,407] [1;31m<err> analog_axis_hires: Could not setup channel #1 (-5)[0m
[00:00:18.182,159] [1;31m<err> ads1220: config2 mismatch! 0x10 != 0x00[0m
[00:00:18.182,281] [1;31m<err> ads1220: config2 mismatch! 0x15 != 0x00[0m
[00:00:18.182,434] [1;31m<err> ads1220: config0 mismatch! 0x3C != 0x1C[0m
[00:00:18.182,434] [1;31m<err> analog_axis_hires: Could not setup channel #1 (-5)[0m
[00:00:18.190,185] [1;31m<err> ads1220: config2 mismatch! 0x10 != 0x00[0m
[00:00:18.190,307] [1;31m<err> ads1220: config2 mismatch! 0x15 != 0x00[0m
[00:00:18.190,429] [1;31m<err> ads1220: config0 mismatch! 0x3C != 0x1C[0m
[00:00:18.190,460] [1;31m<err> analog_axis_hires: Could not setup channel #1 (-5)[0m
[00:00:18.198,181] [1;31m<err> ads1220: config2 mismatch! 0x10 != 0x00[0m
[00:00:18.198,333] [1;31m<err> ads1220: config2 mismatch! 0x15 != 0x00[0m
[00:00:18.198,486] [1;31m<err> ads1220: config0 mismatch! 0x3C != 0x1C[0m
[00:00:18.198,486] [1;31m<err> analog_axis_hires: Could not setup channel #1 (-5)[0m
[00:00:18.206,237] [1;31m<err> ads1220: config2 mismatch! 0x10 != 0x00[0m
[00:00:18.206,359] [1;31m<err> ads1220: config2 mismatch! 0x15 != 0x00[0m
[00:00:18.206,512] [1;31m<err> ads1220: config0 mismatch! 0x3C != 0x1C[0m
[00:00:18.206,512] [1;31m<err> analog_axis_hires: Could not setup channel #1 (-5)[0m
[00:00:18.214,294] [1;31m<err> ads1220: config2 mismatch! 0x10 != 0x00[0m
[00:00:18.214,416] [1;31m<err> ads1220: config2 mismatch! 0x15 != 0x00[0m
[00:00:18.214,538] [1;31m<err> ads1220: config0 mismatch! 0x3C != 0x1C[0m
[00:00:18.214,538] [1;31m<err> analog_axis_hires: Could not setup channel #1 (-5)[0m
[00:00:18.222,259] [1;31m<err> ads1220: config2 mismatch! 0x10 != 0x00[0m
[00:00:18.222,412] [1;31m<err> ads1220: config2 mismatch! 0x15 != 0x00[0m
[00:00:18.222,564] [1;31m<err> ads1220: config0 mismatch! 0x3C != 0x1C[0m
[00:00:18.222,564] [1;31m<err> analog_axis_hires: Could not setup channel #1 (-5)[0m
[00:00:18.230,316] [1;31m<err> ads1220: config2 mismatch! 0x10 != 0x00[0m
[00:00:18.230,438] [1;31m<err> ads1220: config2 mismatch! 0x15 != 0x00[0m
[00:00:18.230,590] [1;31m<err> ads1220: config0 mismatch! 0x3C != 0x1C[0m
[00:00:18.230,590] [1;31m<err> analog_axis_hires: Could not setup channel #1 (-5)[0m
[00:00:18.238,342] [1;31m<err> ads1220: config2 mismatch! 0x10 != 0x00[0m
[00:00:18.238,464] [1;31m<err> ads1220: config2 mismatch! 0x15 != 0x00[0m
[00:00:18.238,616] [1;31m<err> ads1220: config0 mismatch! 0x3C != 0x1C[0m
[00:00:18.238,616] [1;31m<err> analog_axis_hires: Could not setup channel #1 (-5)[0m
[00:00:18.246,337] [1;31m<err> ads1220: config2 mismatch! 0x10 != 0x00[0m
[00:00:18.246,490] [1;31m<err> ads1220: config2 mismatch! 0x15 != 0x00[0m
[00:00:18.246,643] [1;31m<err> ads1220: config0 mismatch! 0x3C != 0x1C[0m
[00:00:18.246,643] [1;31m<err> analog_axis_hires: Could not setup channel #1 (-5)[0m
[00:00:18.254,394] [1;31m<err> ads1220: config2 mismatch! 0x10 != 0x00[0m
[00:00:18.254,516] [1;31m<err> ads1220: config2 mismatch! 0x15 != 0x00[0m
[00:00:18.254,669] [1;31m<err> ads1220: config0 mismatch! 0x3C != 0x1C[0m
[00:00:18.254,669] [1;31m<err> analog_axis_hires: Could not setup channel #1 (-5)[0m
[00:00:18.262,420] [1;31m<err> ads1220: config2 mismatch! 0x10 != 0x00[0m
[00:00:18.262,542] [1;31m<err> ads1220: config2 mismatch! 0x15 != 0x00[0m
[00:00:18.262,664] [1;31m<err> ads1220: config0 mismatch! 0x3C != 0x1C[0m
[00:00:18.262,664] [1;31m<err> analog_axis_hires: Could not setup channel #1 (-5)[0m
[00:00:18.270,416] [1;31m<err> ads1220: config2 mismatch! 0x10 != 0x00[0m
[00:00:18.270,568] [1;31m<err> ads1220: config2 mismatch! 0x15 != 0x00[0m
[00:00:18.270,721] [1;31m<err> ads1220: config0 mismatch! 0x3C != 0x1C[0m
[00:00:18.270,721] [1;31m<err> analog_axis_hires: Could not setup channel #1 (-5)[0m
[00:00:18.278,472] [1;31m<err> ads1220: config2 mismatch! 0x10 != 0x00[0m
[00:00:18.278,594] [1;31m<err> ads1220: config2 mismatch! 0x15 != 0x00[0m
[00:00:18.278,747] [1;31m<err> ads1220: config0 mismatch! 0x3C != 0x1C[0m
[00:00:18.278,747] [1;31m<err> analog_axis_hires: Could not setup channel #1 (-5)[0m
[00:00:18.286,529] [1;31m<err> ads1220: config2 mismatch! 0x10 != 0x00[0m
[00:00:18.286,651] [1;31m<err> ads1220: config2 mismatch! 0x15 != 0x00[0m
[00:00:18.286,804] [1;31m<err> ads1220: config0 mismatch! 0x3C != 0x1C[0m
[00:00:18.286,804] [1;31m<err> analog_axis_hires: Could not setup channel #1 (-5)[0m
[00:00:18.294,494] [1;31m<err> ads1220: config2 mismatch! 0x10 != 0x00[0m
[00:00:18.294,647] [1;31m<err> ads1220: config2 mismatch! 0x15 != 0x00[0m
[00:00:18.294,799] [1;31m<err> ads1220: config0 mismatch! 0x3C != 0x1C[0m
[00:00:18.294,799] [1;31m<err> analog_axis_hires: Could not setup channel #1 (-5)[0m
[00:00:18.302,551] [1;31m<err> ads1220: config2 mismatch! 0x10 != 0x00[0m
[00:00:18.302,673] [1;31m<err> ads1220: config2 mismatch! 0x15 != 0x00[0m
[00:00:18.302,825] [1;31m<err> ads1220: config0 mismatch! 0x3C != 0x1C[0m
[00:00:18.302,825] [1;31m<err> analog_axis_hires: Could not setup channel #1 (-5)[0m
[00:00:18.310,546] [1;31m<err> ads1220: config2 mismatch! 0x10 != 0x00[0m
[00:00:18.310,668] [1;31m<err> ads1220: config2 mismatch! 0x15 != 0x00[0m
[00:00:18.310,821] [1;31m<err> ads1220: config0 mismatch! 0x3C != 0x1C[0m
[00:00:18.310,821] [1;31m<err> analog_axis_hires: Could not setup channel #1 (-5)[0m
[00:00:18.318,572] [1;31m<err> ads1220: config2 mismatch! 0x10 != 0x00[0m
[00:00:18.318,725] [1;31m<err> ads1220: config2 mismatch! 0x15 != 0x00[0m
[00:00:18.318,878] [1;31m<err> ads1220: config0 mismatch! 0x3C != 0x1C[0m
[00:00:18.318,878] [1;31m<err> analog_axis_hires: Could not setup channel #1 (-5)[0m
[00:00:18.326,629] [1;31m<err> ads1220: config2 mismatch! 0x10 != 0x00[0m
[00:00:18.326,751] [1;31m<err> ads1220: config2 mismatch! 0x15 != 0x00[0m
[00:00:18.326,904] [1;31m<err> ads1220: config0 mismatch! 0x3C != 0x1C[0m
[00:00:18.326,904] [1;31m<err> analog_axis_hires: Could not setup channel #1 (-5)[0m
[00:00:18.334,686] [1;31m<err> ads1220: config2 mismatch! 0x10 != 0x00[0m
[00:00:18.334,808] [1;31m<err> ads1220: config2 mismatch! 0x15 != 0x00[0m
[00:00:18.334,930] [1;31m<err> ads1220: config0 mismatch! 0x3C != 0x1C[0m
[00:00:18.334,960] [1;31m<err> analog_axis_hires: Could not setup channel #1 (-5)[0m
[00:00:18.342,651] [1;31m<err> ads1220: config2 mismatch! 0x10 != 0x00[0m
[00:00:18.342,803] [1;31m<err> ads1220: config2 mismatch! 0x15 != 0x00[0m
[00:00:18.342,956] [1;31m<err> ads1220: config0 mismatch! 0x3C != 0x1C[0m
[00:00:18.342,956] [1;31m<err> analog_axis_hires: Could not setup channel #1 (-5)[0m
[00:00:18.350,708] [1;31m<err> ads1220: config2 mismatch! 0x10 != 0x00[0m
[00:00:18.350,830] [1;31m<err> ads1220: config2 mismatch! 0x15 != 0x00[0m
[00:00:18.350,982] [1;31m<err> ads1220: config0 mismatch! 0x3C != 0x1C[0m
[00:00:18.350,982] [1;31m<err> analog_axis_hires: Could not setup channel #1 (-5)[0m
[00:00:18.358,764] [1;31m<err> ads1220: config2 mismatch! 0x10 != 0x00[0m
[00:00:18.358,886] [1;31m<err> ads1220: config2 mismatch! 0x15 != 0x00[0m
[00:00:18.359,039] [1;31m<err> ads1220: config0 mismatch! 0x3C != 0x1C[0m
[00:00:18.359,039] [1;31m<err> analog_axis_hires: Could not setup channel #1 (-5)[0m
[00:00:18.366,729] [1;31m<err> ads1220: config2 mismatch! 0x10 != 0x00[0m
[00:00:18.366,882] [1;31m<err> ads1220: config2 mismatch! 0x15 != 0x00[0m
[00:00:18.367,034] [1;31m<err> ads1220: config0 mismatch! 0x3C != 0x1C[0m
[00:00:18.367,034] [1;31m<err> analog_axis_hires: Could not setup channel #1 (-5)[0m
[00:00:18.374,786] [1;31m<err> ads1220: config2 mismatch! 0x10 != 0x00[0m
[00:00:18.374,908] [1;31m<err> ads1220: config2 mismatch! 0x15 != 0x00[0m
[00:00:18.375,061] [1;31m<err> ads1220: config0 mismatch! 0x3C != 0x1C[0m
[00:00:18.375,061] [1;31m<err> analog_axis_hires: Could not setup channel #1 (-5)[0m
[00:00:18.382,843] [1;31m<err> ads1220: config2 mismatch! 0x10 != 0x00[0m
[00:00:18.382,965] [1;31m<err> ads1220: config2 mismatch! 0x15 != 0x00[0m
[00:00:18.383,117] [1;31m<err> ads1220: config0 mismatch! 0x3C != 0x1C[0m
[00:00:18.383,117] [1;31m<err> analog_axis_hires: Could not setup channel #1 (-5)[0m
[00:00:18.390,808] [1;31m<err> ads1220: config2 mismatch! 0x10 != 0x00[0m
[00:00:18.390,960] [1;31m<err> ads1220: config2 mismatch! 0x15 != 0x00[0m
[00:00:18.391,113] [1;31m<err> ads1220: config0 mismatch! 0x3C != 0x1C[0m
[00:00:18.391,113] [1;31m<err> analog_axis_hires: Could not setup channel #1 (-5)[0m
[00:00:18.398,864] [1;31m<err> ads1220: config2 mismatch! 0x10 != 0x00[0m
[00:00:18.398,986] [1;31m<err> ads1220: config2 mismatch! 0x15 != 0x00[0m
[00:00:18.399,139] [1;31m<err> ads1220: config0 mismatch! 0x3C != 0x1C[0m
[00:00:18.399,139] [1;31m<err> analog_axis_hires: Could not setup channel #1 (-5)[0m
[00:00:18.406,890] [1;31m<err> ads1220: config2 mismatch! 0x10 != 0x00[0m
[00:00:18.407,012] [1;31m<err> ads1220: config2 mismatch! 0x15 != 0x00[0m
[00:00:18.407,135] [1;31m<err> ads1220: config0 mismatch! 0x3C != 0x1C[0m
[00:00:18.407,165] [1;31m<err> analog_axis_hires: Could not setup channel #1 (-5)[0m
[00:00:18.414,886] [1;31m<err> ads1220: config2 mismatch! 0x10 != 0x00[0m
[00:00:18.415,039] [1;31m<err> ads1220: config2 mismatch! 0x15 != 0x00[0m
[00:00:18.415,191] [1;31m<err> ads1220: config0 mismatch! 0x3C != 0x1C[0m
[00:00:18.415,191] [1;31m<err> analog_axis_hires: Could not setup channel #1 (-5)[0m
[00:00:18.422,943] [1;31m<err> ads1220: config2 mismatch! 0x10 != 0x00[0m
[00:00:18.423,065] [1;31m<err> ads1220: config2 mismatch! 0x15 != 0x00[0m
[00:00:18.423,217] [1;31m<err> ads1220: config0 mismatch! 0x3C != 0x1C[0m
[00:00:18.423,217] [1;31m<err> analog_axis_hires: Could not setup channel #1 (-5)[0m
[00:00:18.430,999] [1;31m<err> ads1220: config2 mismatch! 0x10 != 0x00[0m
[00:00:18.431,121] [1;31m<err> ads1220: config2 mismatch! 0x15 != 0x00[0m
[00:00:18.431,243] [1;31m<err> ads1220: config0 mismatch! 0x3C != 0x1C[0m
[00:00:18.431,274] [1;31m<err> analog_axis_hires: Could not setup channel #1 (-5)[0m
[00:00:18.438,964] [1;31m<err> ads1220: config2 mismatch! 0x10 != 0x00[0m
[00:00:18.439,117] [1;31m<err> ads1220: config2 mismatch! 0x15 != 0x00[0m
[00:00:18.439,270] [1;31m<err> ads1220: config0 mismatch! 0x3C != 0x1C[0m
[00:00:18.439,270] [1;31m<err> analog_axis_hires: Could not setup channel #1 (-5)[0m
[00:00:18.447,021] [1;31m<err> ads1220: config2 mismatch! 0x10 != 0x00[0m
[00:00:18.447,143] [1;31m<err> ads1220: config2 mismatch! 0x15 != 0x00[0m
[00:00:18.447,296] [1;31m<err> ads1220: config0 mismatch! 0x3C != 0x1C[0m
[00:00:18.447,296] [1;31m<err> analog_axis_hires: Could not setup channel #1 (-5)[0m
[00:00:18.455,078] [1;31m<err> ads1220: config2 mismatch! 0x10 != 0x00[0m
[00:00:18.455,200] [1;31m<err> ads1220: config2 mismatch! 0x15 != 0x00[0m
[00:00:18.455,322] [1;31m<err> ads1220: config0 mismatch! 0x3C != 0x1C[0m
[00:00:18.455,352] [1;31m<err> analog_axis_hires: Could not setup channel #1 (-5)[0m
[00:00:18.463,043] [1;31m<err> ads1220: config2 mismatch! 0x10 != 0x00[0m
[00:00:18.463,195] [1;31m<err> ads1220: config2 mismatch! 0x15 != 0x00[0m
[00:00:18.463,348] [1;31m<err> ads1220: config0 mismatch! 0x3C != 0x1C[0m
[00:00:18.463,348] [1;31m<err> analog_axis_hires: Could not setup channel #1 (-5)[0m
[00:00:18.471,099] [1;31m<err> ads1220: config2 mismatch! 0x10 != 0x00[0m
[00:00:18.471,221] [1;31m<err> ads1220: config2 mismatch! 0x15 != 0x00[0m
[00:00:18.471,374] [1;31m<err> ads1220: config0 mismatch! 0x3C != 0x1C[0m
[00:00:18.471,374] [1;31m<err> analog_axis_hires: Could not setup channel #1 (-5)[0m
[00:00:18.479,156] [1;31m<err> ads1220: config2 mismatch! 0x10 != 0x00[0m
[00:00:18.479,278] [1;31m<err> ads1220: config2 mismatch! 0x15 != 0x00[0m
[00:00:18.479,400] [1;31m<err> ads1220: config0 mismatch! 0x3C != 0x1C[0m
[00:00:18.479,400] [1;31m<err> analog_axis_hires: Could not setup channel #1 (-5)[0m
[00:00:18.487,121] [1;31m<err> ads1220: config2 mismatch! 0x10 != 0x00[0m
[00:00:18.487,274] [1;31m<err> ads1220: config2 mismatch! 0x15 != 0x00[0m
[00:00:18.487,426] [1;31m<err> ads1220: config0 mismatch! 0x3C != 0x1C[0m
[00:00:18.487,426] [1;31m<err> analog_axis_hires: Could not setup channel #1 (-5)[0m
[00:00:18.495,178] [1;31m<err> ads1220: config2 mismatch! 0x10 != 0x00[0m
[00:00:18.495,300] [1;31m<err> ads1220: config2 mismatch! 0x15 != 0x00[0m
[00:00:18.495,452] [1;31m<err> ads1220: config0 mismatch! 0x3C != 0x1C[0m
[00:00:18.495,452] [1;31m<err> analog_axis_hires: Could not setup channel #1 (-5)[0m
[00:00:18.503,204] [1;31m<err> ads1220: config2 mismatch! 0x10 != 0x00[0m
[00:00:18.503,356] [1;31m<err> ads1220: config2 mismatch! 0x15 != 0x00[0m
[00:00:18.503,479] [1;31m<err> ads1220: config0 mismatch! 0x3C != 0x1C[0m
[00:00:18.503,479] [1;31m<err> analog_axis_hires: Could not setup channel #1 (-5)[0m
[00:00:18.511,199] [1;31m<err> ads1220: config2 mismatch! 0x10 != 0x00[0m
[00:00:18.511,352] [1;31m<err> ads1220: config2 mismatch! 0x15 != 0x00[0m
[00:00:18.511,505] [1;31m<err> ads1220: config0 mismatch! 0x3C != 0x1C[0m
[00:00:18.511,505] [1;31m<err> analog_axis_hires: Could not setup channel #1 (-5)[0m
[00:00:18.519,256] [1;31m<err> ads1220: config2 mismatch! 0x10 != 0x00[0m
[00:00:18.519,378] [1;31m<err> ads1220: config2 mismatch! 0x15 != 0x00[0m
[00:00:18.519,531] [1;31m<err> ads1220: config0 mismatch! 0x3C != 0x1C[0m
[00:00:18.519,531] [1;31m<err> analog_axis_hires: Could not setup channel #1 (-5)[0m
[00:00:18.527,313] [1;31m<err> ads1220: config2 mismatch! 0x10 != 0x00[0m
[00:00:18.527,435] [1;31m<err> ads1220: config2 mismatch! 0x15 != 0x00[0m
[00:00:18.527,587] [1;31m<err> ads1220: config0 mismatch! 0x3C != 0x1C[0m
[00:00:18.527,587] [1;31m<err> analog_axis_hires: Could not setup channel #1 (-5)[0m
[00:00:18.535,278] [1;31m<err> ads1220: config2 mismatch! 0x10 != 0x00[0m
[00:00:18.535,430] [1;31m<err> ads1220: config2 mismatch! 0x15 != 0x00[0m
[00:00:18.535,583] [1;31m<err> ads1220: config0 mismatch! 0x3C != 0x1C[0m
[00:00:18.535,583] [1;31m<err> analog_axis_hires: Could not setup channel #1 (-5)[0m
[00:00:18.543,334] [1;31m<err> ads1220: config2 mismatch! 0x10 != 0x00[0m
[00:00:18.543,457] [1;31m<err> ads1220: config2 mismatch! 0x15 != 0x00[0m
[00:00:18.543,609] [1;31m<err> ads1220: config0 mismatch! 0x3C != 0x1C[0m
[00:00:18.543,609] [1;31m<err> analog_axis_hires: Could not setup channel #1 (-5)[0m
[00:00:18.551,361] [1;31m<err> ads1220: config2 mismatch! 0x10 != 0x00[0m
[00:00:18.551,483] [1;31m<err> ads1220: config2 mismatch! 0x15 != 0x00[0m
[00:00:18.551,635] [1;31m<err> ads1220: config0 mismatch! 0x3C != 0x1C[0m
[00:00:18.551,635] [1;31m<err> analog_axis_hires: Could not setup channel #1 (-5)[0m
[00:00:18.559,356] [1;31m<err> ads1220: config2 mismatch! 0x10 != 0x00[0m
[00:00:18.559,509] [1;31m<err> ads1220: config2 mismatch! 0x15 != 0x00[0m
[00:00:18.559,661] [1;31m<err> ads1220: config0 mismatch! 0x3C != 0x1C[0m
[00:00:18.559,661] [1;31m<err> analog_axis_hires: Could not setup channel #1 (-5)[0m
[00:00:18.567,413] [1;31m<err> ads1220: config2 mismatch! 0x10 != 0x00[0m
[00:00:18.567,535] [1;31m<err> ads1220: config2 mismatch! 0x15 != 0x00[0m
[00:00:18.567,687] [1;31m<err> ads1220: config0 mismatch! 0x3C != 0x1C[0m
[00:00:18.567,687] [1;31m<err> analog_axis_hires: Could not setup channel #1 (-5)[0m
[00:00:18.575,469] [1;31m<err> ads1220: config2 mismatch! 0x10 != 0x00[0m
[00:00:18.575,592] [1;31m<err> ads1220: config2 mismatch! 0x15 != 0x00[0m
[00:00:18.575,744] [1;31m<err> ads1220: config0 mismatch! 0x3C != 0x1C[0m
[00:00:18.575,744] [1;31m<err> analog_axis_hires: Could not setup channel #1 (-5)[0m
[00:00:18.583,435] [1;31m<err> ads1220: config2 mismatch! 0x10 != 0x00[0m
[00:00:18.583,587] [1;31m<err> ads1220: config2 mismatch! 0x15 != 0x00[0m
[00:00:18.583,740] [1;31m<err> ads1220: config0 mismatch! 0x3C != 0x1C[0m
[00:00:18.583,740] [1;31m<err> analog_axis_hires: Could not setup channel #1 (-5)[0m
[00:00:18.591,491] [1;31m<err> ads1220: config2 mismatch! 0x10 != 0x00[0m
[00:00:18.591,613] [1;31m<err> ads1220: config2 mismatch! 0x15 != 0x00[0m
[00:00:18.591,766] [1;31m<err> ads1220: config0 mismatch! 0x3C != 0x1C[0m
[00:00:18.591,766] [1;31m<err> analog_axis_hires: Could not setup channel #1 (-5)[0m
[00:00:18.599,548] [1;31m<err> ads1220: config2 mismatch! 0x10 != 0x00[0m
[00:00:18.599,670] [1;31m<err> ads1220: config2 mismatch! 0x15 != 0x00[0m
[00:00:18.599,792] [1;31m<err> ads1220: config0 mismatch! 0x3C != 0x1C[0m
[00:00:18.599,822] [1;31m<err> analog_axis_hires: Could not setup channel #1 (-5)[0m
[00:00:18.607,513] [1;31m<err> ads1220: config2 mismatch! 0x10 != 0x00[0m
[00:00:18.607,666] [1;31m<err> ads1220: config2 mismatch! 0x15 != 0x00[0m
[00:00:18.607,818] [1;31m<err> ads1220: config0 mismatch! 0x3C != 0x1C[0m
[00:00:18.607,818] [1;31m<err> analog_axis_hires: Could not setup channel #1 (-5)[0m
[00:00:18.615,570] [1;31m<err> ads1220: config2 mismatch! 0x10 != 0x00[0m
[00:00:18.615,692] [1;31m<err> ads1220: config2 mismatch! 0x15 != 0x00[0m
[00:00:18.615,844] [1;31m<err> ads1220: config0 mismatch! 0x3C != 0x1C[0m
[00:00:18.615,844] [1;31m<err> analog_axis_hires: Could not setup channel #1 (-5)[0m
[00:00:18.623,626] [1;31m<err> ads1220: config2 mismatch! 0x10 != 0x00[0m
[00:00:18.623,748] [1;31m<err> ads1220: config2 mismatch! 0x15 != 0x00[0m
[00:00:18.623,870] [1;31m<err> ads1220: config0 mismatch! 0x3C != 0x1C[0m
[00:00:18.623,901] [1;31m<err> analog_axis_hires: Could not setup channel #1 (-5)[0m
[00:00:18.631,591] [1;31m<err> ads1220: config2 mismatch! 0x10 != 0x00[0m
[00:00:18.631,744] [1;31m<err> ads1220: config2 mismatch! 0x15 != 0x00[0m
[00:00:18.631,896] [1;31m<err> ads1220: config0 mismatch! 0x3C != 0x1C[0m
[00:00:18.631,896] [1;31m<err> analog_axis_hires: Could not setup channel #1 (-5)[0m
[00:00:18.639,648] [1;31m<err> ads1220: config2 mismatch! 0x10 != 0x00[0m
[00:00:18.639,770] [1;31m<err> ads1220: config2 mismatch! 0x15 != 0x00[0m
[00:00:18.639,923] [1;31m<err> ads1220: config0 mismatch! 0x3C != 0x1C[0m
[00:00:18.639,923] [1;31m<err> analog_axis_hires: Could not setup channel #1 (-5)[0m
[00:00:18.647,705] [1;31m<err> ads1220: config2 mismatch! 0x10 != 0x00[0m
[00:00:18.647,827] [1;31m<err> ads1220: config2 mismatch! 0x15 != 0x00[0m
[00:00:18.647,949] [1;31m<err> ads1220: config0 mismatch! 0x3C != 0x1C[0m
[00:00:18.647,949] [1;31m<err> analog_axis_hires: Could not setup channel #1 (-5)[0m
[00:00:18.655,670] [1;31m<err> ads1220: config2 mismatch! 0x10 != 0x00[0m
[00:00:18.655,822] [1;31m<err> ads1220: config2 mismatch! 0x15 != 0x00[0m
[00:00:18.655,975] [1;31m<err> ads1220: config0 mismatch! 0x3C != 0x1C[0m
[00:00:18.655,975] [1;31m<err> analog_axis_hires: Could not setup channel #1 (-5)[0m
[00:00:18.663,726] [1;31m<err> ads1220: config2 mismatch! 0x10 != 0x00[0m
[00:00:18.663,848] [1;31m<err> ads1220: config2 mismatch! 0x15 != 0x00[0m
[00:00:18.664,001] [1;31m<err> ads1220: config0 mismatch! 0x3C != 0x1C[0m
[00:00:18.664,001] [1;31m<err> analog_axis_hires: Could not setup channel #1 (-5)[0m
[00:00:18.671,783] [1;31m<err> ads1220: config2 mismatch! 0x10 != 0x00[0m
[00:00:18.671,905] [1;31m<err> ads1220: config2 mismatch! 0x15 != 0x00[0m
[00:00:18.672,027] [1;31m<err> ads1220: config0 mismatch! 0x3C != 0x1C[0m
[00:00:18.672,058] [1;31m<err> analog_axis_hires: Could not setup channel #1 (-5)[0m
[00:00:18.679,748] [1;31m<err> ads1220: config2 mismatch! 0x10 != 0x00[0m
[00:00:18.679,901] [1;31m<err> ads1220: config2 mismatch! 0x15 != 0x00[0m
[00:00:18.680,053] [1;31m<err> ads1220: config0 mismatch! 0x3C != 0x1C[0m
[00:00:18.680,053] [1;31m<err> analog_axis_hires: Could not setup channel #1 (-5)[0m
[00:00:18.687,805] [1;31m<err> ads1220: config2 mismatch! 0x10 != 0x00[0m
[00:00:18.687,927] [1;31m<err> ads1220: config2 mismatch! 0x15 != 0x00[0m
[00:00:18.688,079] [1;31m<err> ads1220: config0 mismatch! 0x3C != 0x1C[0m
[00:00:18.688,079] [1;31m<err> analog_axis_hires: Could not setup channel #1 (-5)[0m
[00:00:18.695,861] [1;31m<err> ads1220: config2 mismatch! 0x10 != 0x00[0m
[00:00:18.695,983] [1;31m<err> ads1220: config2 mismatch! 0x15 != 0x00[0m
[00:00:18.696,136] [1;31m<err> ads1220: config0 mismatch! 0x3C != 0x1C[0m
[00:00:18.696,136] [1;31m<err> analog_axis_hires: Could not setup channel #1 (-5)[0m
[00:00:18.703,826] [1;31m<err> ads1220: config2 mismatch! 0x10 != 0x00[0m
[00:00:18.703,979] [1;31m<err> ads1220: config2 mismatch! 0x15 != 0x00[0m
[00:00:18.704,132] [1;31m<err> ads1220: config0 mismatch! 0x3C != 0x1C[0m
[00:00:18.704,132] [1;31m<err> analog_axis_hires: Could not setup channel #1 (-5)[0m
[00:00:18.711,883] [1;31m<err> ads1220: config2 mismatch! 0x10 != 0x00[0m
[00:00:18.712,005] [1;31m<err> ads1220: config2 mismatch! 0x15 != 0x00[0m
[00:00:18.712,158] [1;31m<err> ads1220: config0 mismatch! 0x3C != 0x1C[0m
[00:00:18.712,158] [1;31m<err> analog_axis_hires: Could not setup channel #1 (-5)[0m
[00:00:18.719,940] [1;31m<err> ads1220: config2 mismatch! 0x10 != 0x00[0m
[00:00:18.720,062] [1;31m<err> ads1220: config2 mismatch! 0x15 != 0x00[0m
[00:00:18.720,184] [1;31m<err> ads1220: config0 mismatch! 0x3C != 0x1C[0m
[00:00:18.720,214] [1;31m<err> analog_axis_hires: Could not setup channel #1 (-5)[0m
[00:00:18.727,905] [1;31m<err> ads1220: config2 mismatch! 0x10 != 0x00[0m
[00:00:18.728,057] [1;31m<err> ads1220: config2 mismatch! 0x15 != 0x00[0m
[00:00:18.728,210] [1;31m<err> ads1220: config0 mismatch! 0x3C != 0x1C[0m
[00:00:18.728,210] [1;31m<err> analog_axis_hires: Could not setup channel #1 (-5)[0m
[00:00:18.735,961] [1;31m<err> ads1220: config2 mismatch! 0x10 != 0x00[0m
[00:00:18.736,083] [1;31m<err> ads1220: config2 mismatch! 0x15 != 0x00[0m
[00:00:18.736,236] [1;31m<err> ads1220: config0 mismatch! 0x3C != 0x1C[0m
[00:00:18.736,236] [1;31m<err> analog_axis_hires: Could not setup channel #1 (-5)[0m
[00:00:18.744,018] [1;31m<err> ads1220: config2 mismatch! 0x10 != 0x00[0m
[00:00:18.744,140] [1;31m<err> ads1220: config2 mismatch! 0x15 != 0x00[0m
[00:00:18.744,262] [1;31m<err> ads1220: config0 mismatch! 0x3C != 0x1C[0m
[00:00:18.744,262] [1;31m<err> analog_axis_hires: Could not setup channel #1 (-5)[0m
[00:00:18.751,983] [1;31m<err> ads1220: config2 mismatch! 0x10 != 0x00[0m
[00:00:18.752,136] [1;31m<err> ads1220: config2 mismatch! 0x15 != 0x00[0m
[00:00:18.752,288] [1;31m<err> ads1220: config0 mismatch! 0x3C != 0x1C[0m
[00:00:18.752,288] [1;31m<err> analog_axis_hires: Could not setup channel #1 (-5)[0m
[00:00:18.760,040] [1;31m<err> ads1220: config2 mismatch! 0x10 != 0x00[0m
[00:00:18.760,162] [1;31m<err> ads1220: config2 mismatch! 0x15 != 0x00[0m
[00:00:18.760,314] [1;31m<err> ads1220: config0 mismatch! 0x3C != 0x1C[0m
[00:00:18.760,314] [1;31m<err> analog_axis_hires: Could not setup channel #1 (-5)[0m
[00:00:18.768,066] [1;31m<err> ads1220: config2 mismatch! 0x10 != 0x00[0m
[00:00:18.768,188] [1;31m<err> ads1220: config2 mismatch! 0x15 != 0x00[0m
[00:00:18.768,341] [1;31m<err> ads1220: config0 mismatch! 0x3C != 0x1C[0m
[00:00:18.768,341] [1;31m<err> analog_axis_hires: Could not setup channel #1 (-5)[0m
[00:00:18.776,062] [1;31m<err> ads1220: config2 mismatch! 0x10 != 0x00[0m
[00:00:18.776,214] [1;31m<err> ads1220: config2 mismatch! 0x15 != 0x00[0m
[00:00:18.776,367] [1;31m<err> ads1220: config0 mismatch! 0x3C != 0x1C[0m
[00:00:18.776,367] [1;31m<err> analog_axis_hires: Could not setup channel #1 (-5)[0m
[00:00:18.784,118] [1;31m<err> ads1220: config2 mismatch! 0x10 != 0x00[0m
[00:00:18.784,240] [1;31m<err> ads1220: config2 mismatch! 0x15 != 0x00[0m
[00:00:18.784,393] [1;31m<err> ads1220: config0 mismatch! 0x3C != 0x1C[0m
[00:00:18.784,393] [1;31m<err> analog_axis_hires: Could not setup channel #1 (-5)[0m
[00:00:18.792,144] [1;31m<err> ads1220: config2 mismatch! 0x10 != 0x00[0m
[00:00:18.792,297] [1;31m<err> ads1220: config2 mismatch! 0x15 != 0x00[0m
[00:00:18.792,419] [1;31m<err> ads1220: config0 mismatch! 0x3C != 0x1C[0m
[00:00:18.792,419] [1;31m<err> analog_axis_hires: Could not setup channel #1 (-5)[0m
[00:00:18.800,140] [1;31m<err> ads1220: config2 mismatch! 0x10 != 0x00[0m
[00:00:18.800,292] [1;31m<err> ads1220: config2 mismatch! 0x15 != 0x00[0m
[00:00:18.800,445] [1;31m<err> ads1220: config0 mismatch! 0x3C != 0x1C[0m
[00:00:18.800,445] [1;31m<err> analog_axis_hires: Could not setup channel #1 (-5)[0m
[00:00:18.808,197] [1;31m<err> ads1220: config2 mismatch! 0x10 != 0x00[0m
[00:00:18.808,319] [1;31m<err> ads1220: config2 mismatch! 0x15 != 0x00[0m
[00:00:18.808,471] [1;31m<err> ads1220: config0 mismatch! 0x3C != 0x1C[0m
[00:00:18.808,471] [1;31m<err> analog_axis_hires: Could not setup channel #1 (-5)[0m
[00:00:18.816,223] [1;31m<err> ads1220: config2 mismatch! 0x10 != 0x00[0m
[00:00:18.816,375] [1;31m<err> ads1220: config2 mismatch! 0x15 != 0x00[0m
[00:00:18.816,497] [1;31m<err> ads1220: config0 mismatch! 0x3C != 0x1C[0m
[00:00:18.816,497] [1;31m<err> analog_axis_hires: Could not setup channel #1 (-5)[0m
[00:00:18.824,218] [1;31m<err> ads1220: config2 mismatch! 0x10 != 0x00[0m
[00:00:18.824,371] [1;31m<err> ads1220: config2 mismatch! 0x15 != 0x00[0m
[00:00:18.824,523] [1;31m<err> ads1220: config0 mismatch! 0x3C != 0x1C[0m
[00:00:18.824,523] [1;31m<err> analog_axis_hires: Could not setup channel #1 (-5)[0m
[00:00:18.832,275] [1;31m<err> ads1220: config2 mismatch! 0x10 != 0x00[0m
[00:00:18.832,397] [1;31m<err> ads1220: config2 mismatch! 0x15 != 0x00[0m
[00:00:18.832,550] [1;31m<err> ads1220: config0 mismatch! 0x3C != 0x1C[0m
[00:00:18.832,550] [1;31m<err> analog_axis_hires: Could not setup channel #1 (-5)[0m
[00:00:18.840,270] [1;31m<err> ads1220: config2 mismatch! 0x10 != 0x00[0m
[00:00:18.840,423] [1;31m<err> ads1220: config2 mismatch! 0x15 != 0x00[0m
[00:00:18.840,545] [1;31m<err> ads1220: config0 mismatch! 0x3C != 0x1C[0m
[00:00:18.840,545] [1;31m<err> analog_axis_hires: Could not setup channel #1 (-5)[0m
[00:00:18.848,297] [1;31m<err> ads1220: config2 mismatch! 0x10 != 0x00[0m
[00:00:18.848,449] [1;31m<err> ads1220: config2 mismatch! 0x15 != 0x00[0m
[00:00:18.848,602] [1;31m<err> ads1220: config0 mismatch! 0x3C != 0x1C[0m
[00:00:18.848,602] [1;31m<err> analog_axis_hires: Could not setup channel #1 (-5)[0m
[00:00:18.856,353] [1;31m<err> ads1220: config2 mismatch! 0x10 != 0x00[0m
[00:00:18.856,475] [1;31m<err> ads1220: config2 mismatch! 0x15 != 0x00[0m
[00:00:18.856,628] [1;31m<err> ads1220: config0 mismatch! 0x3C != 0x1C[0m
[00:00:18.856,628] [1;31m<err> analog_axis_hires: Could not setup channel #1 (-5)[0m
[00:00:18.864,410] [1;31m<err> ads1220: config2 mismatch! 0x10 != 0x00[0m
[00:00:18.864,532] [1;31m<err> ads1220: config2 mismatch! 0x15 != 0x00[0m
[00:00:18.864,654] [1;31m<err> ads1220: config0 mismatch! 0x3C != 0x1C[0m
[00:00:18.864,685] [1;31m<err> analog_axis_hires: Could not setup channel #1 (-5)[0m
[00:00:18.872,375] [1;31m<err> ads1220: config2 mismatch! 0x10 != 0x00[0m
[00:00:18.872,528] [1;31m<err> ads1220: config2 mismatch! 0x15 != 0x00[0m
[00:00:18.872,680] [1;31m<err> ads1220: config0 mismatch! 0x3C != 0x1C[0m
[00:00:18.872,680] [1;31m<err> analog_axis_hires: Could not setup channel #1 (-5)[0m
[00:00:18.880,432] [1;31m<err> ads1220: config2 mismatch! 0x10 != 0x00[0m
[00:00:18.880,554] [1;31m<err> ads1220: config2 mismatch! 0x15 != 0x00[0m
[00:00:18.880,706] [1;31m<err> ads1220: config0 mismatch! 0x3C != 0x1C[0m
[00:00:18.880,706] [1;31m<err> analog_axis_hires: Could not setup channel #1 (-5)[0m
[00:00:18.888,427] [1;31m<err> ads1220: config2 mismatch! 0x10 != 0x00[0m
[00:00:18.888,549] [1;31m<err> ads1220: config2 mismatch! 0x15 != 0x00[0m
[00:00:18.888,702] [1;31m<err> ads1220: config0 mismatch! 0x3C != 0x1C[0m
[00:00:18.888,702] [1;31m<err> analog_axis_hires: Could not setup channel #1 (-5)[0m
[00:00:18.896,453] [1;31m<err> ads1220: config2 mismatch! 0x10 != 0x00[0m
[00:00:18.896,606] [1;31m<err> ads1220: config2 mismatch! 0x15 != 0x00[0m
[00:00:18.896,759] [1;31m<err> ads1220: config0 mismatch! 0x3C != 0x1C[0m
[00:00:18.896,759] [1;31m<err> analog_axis_hires: Could not setup channel #1 (-5)[0m
[00:00:18.904,510] [1;31m<err> ads1220: config2 mismatch! 0x10 != 0x00[0m
[00:00:18.904,632] [1;31m<err> ads1220: config2 mismatch! 0x15 != 0x00[0m
[00:00:18.904,785] [1;31m<err> ads1220: config0 mismatch! 0x3C != 0x1C[0m
[00:00:18.904,785] [1;31m<err> analog_axis_hires: Could not setup channel #1 (-5)[0m
[00:00:18.912,567] [1;31m<err> ads1220: config2 mismatch! 0x10 != 0x00[0m
[00:00:18.912,689] [1;31m<err> ads1220: config2 mismatch! 0x15 != 0x00[0m
[00:00:18.912,811] [1;31m<err> ads1220: config0 mismatch! 0x3C != 0x1C[0m
[00:00:18.912,841] [1;31m<err> analog_axis_hires: Could not setup channel #1 (-5)[0m
[00:00:18.920,532] [1;31m<err> ads1220: config2 mismatch! 0x10 != 0x00[0m
[00:00:18.920,684] [1;31m<err> ads1220: config2 mismatch! 0x15 != 0x00[0m
[00:00:18.920,837] [1;31m<err> ads1220: config0 mismatch! 0x3C != 0x1C[0m
[00:00:18.920,837] [1;31m<err> analog_axis_hires: Could not setup channel #1 (-5)[0m
[00:00:18.928,588] [1;31m<err> ads1220: config2 mismatch! 0x10 != 0x00[0m
[00:00:18.928,710] [1;31m<err> ads1220: config2 mismatch! 0x15 != 0x00[0m
[00:00:18.928,863] [1;31m<err> ads1220: config0 mismatch! 0x3C != 0x1C[0m
[00:00:18.928,863] [1;31m<err> analog_axis_hires: Could not setup channel #1 (-5)[0m
[00:00:18.936,614] [1;31m<err> ads1220: config2 mismatch! 0x10 != 0x00[0m
[00:00:18.936,737] [1;31m<err> ads1220: config2 mismatch! 0x15 != 0x00[0m
[00:00:18.936,859] [1;31m<err> ads1220: config0 mismatch! 0x3C != 0x1C[0m
[00:00:18.936,889] [1;31m<err> analog_axis_hires: Could not setup channel #1 (-5)[0m
[00:00:18.944,610] [1;31m<err> ads1220: config2 mismatch! 0x10 != 0x00[0m
[00:00:18.944,763] [1;31m<err> ads1220: config2 mismatch! 0x15 != 0x00[0m
[00:00:18.944,915] [1;31m<err> ads1220: config0 mismatch! 0x3C != 0x1C[0m
[00:00:18.944,915] [1;31m<err> analog_axis_hires: Could not setup channel #1 (-5)[0m
[00:00:18.952,667] [1;31m<err> ads1220: config2 mismatch! 0x10 != 0x00[0m
[00:00:18.952,789] [1;31m<err> ads1220: config2 mismatch! 0x15 != 0x00[0m
[00:00:18.952,941] [1;31m<err> ads1220: config0 mismatch! 0x3C != 0x1C[0m
[00:00:18.952,941] [1;31m<err> analog_axis_hires: Could not setup channel #1 (-5)[0m
[00:00:18.960,723] [1;31m<err> ads1220: config2 mismatch! 0x10 != 0x00[0m
[00:00:18.960,845] [1;31m<err> ads1220: config2 mismatch! 0x15 != 0x00[0m
[00:00:18.960,968] [1;31m<err> ads1220: config0 mismatch! 0x3C != 0x1C[0m
[00:00:18.960,998] [1;31m<err> analog_axis_hires: Could not setup channel #1 (-5)[0m
[00:00:18.968,688] [1;31m<err> ads1220: config2 mismatch! 0x10 != 0x00[0m
[00:00:18.968,841] [1;31m<err> ads1220: config2 mismatch! 0x15 != 0x00[0m
[00:00:18.968,994] [1;31m<err> ads1220: config0 mismatch! 0x3C != 0x1C[0m
[00:00:18.968,994] [1;31m<err> analog_axis_hires: Could not setup channel #1 (-5)[0m
[00:00:18.976,745] [1;31m<err> ads1220: config2 mismatch! 0x10 != 0x00[0m
[00:00:18.976,867] [1;31m<err> ads1220: config2 mismatch! 0x15 != 0x00[0m
[00:00:18.977,020] [1;31m<err> ads1220: config0 mismatch! 0x3C != 0x1C[0m
[00:00:18.977,020] [1;31m<err> analog_axis_hires: Could not setup channel #1 (-5)[0m
[00:00:18.984,802] [1;31m<err> ads1220: config2 mismatch! 0x10 != 0x00[0m
[00:00:18.984,924] [1;31m<err> ads1220: config2 mismatch! 0x15 != 0x00[0m
[00:00:18.985,076] [1;31m<err> ads1220: config0 mismatch! 0x3C != 0x1C[0m
[00:00:18.985,076] [1;31m<err> analog_axis_hires: Could not setup channel #1 (-5)[0m
[00:00:18.992,767] [1;31m<err> ads1220: config2 mismatch! 0x10 != 0x00[0m
[00:00:18.992,919] [1;31m<err> ads1220: config2 mismatch! 0x15 != 0x00[0m
[00:00:18.993,072] [1;31m<err> ads1220: config0 mismatch! 0x3C != 0x1C[0m
[00:00:18.993,072] [1;31m<err> analog_axis_hires: Could not setup channel #1 (-5)[0m
[00:00:19.000,823] [1;31m<err> ads1220: config2 mismatch! 0x10 != 0x00[0m
[00:00:19.000,946] [1;31m<err> ads1220: config2 mismatch! 0x15 != 0x00[0m
[00:00:19.001,098] [1;31m<err> ads1220: config0 mismatch! 0x3C != 0x1C[0m
[00:00:19.001,098] [1;31m<err> analog_axis_hires: Could not setup channel #1 (-5)[0m
[00:00:19.008,880] [1;31m<err> ads1220: config2 mismatch! 0x10 != 0x00[0m
[00:00:19.009,002] [1;31m<err> ads1220: config2 mismatch! 0x15 != 0x00[0m
[00:00:19.009,155] [1;31m<err> ads1220: config0 mismatch! 0x3C != 0x1C[0m
[00:00:19.009,155] [1;31m<err> analog_axis_hires: Could not setup channel #1 (-5)[0m
[00:00:19.016,906] [1;31m<err> ads1220: config2 mismatch! 0x10 != 0x00[0m
[00:00:19.017,059] [1;31m<err> ads1220: config2 mismatch! 0x15 != 0x00[0m
[00:00:19.017,211] [1;31m<err> ads1220: config0 mismatch! 0x3C != 0x1C[0m
[00:00:19.017,211] [1;31m<err> analog_axis_hires: Could not setup channel #1 (-5)[0m
[00:00:19.024,902] [1;31m<err> ads1220: config2 mismatch! 0x10 != 0x00[0m
[00:00:19.025,024] [1;31m<err> ads1220: config2 mismatch! 0x15 != 0x00[0m
[00:00:19.025,177] [1;31m<err> ads1220: config0 mismatch! 0x3C != 0x1C[0m
[00:00:19.025,177] [1;31m<err> analog_axis_hires: Could not setup channel #1 (-5)[0m
[00:00:19.032,958] [1;31m<err> ads1220: config2 mismatch! 0x10 != 0x00[0m
[00:00:19.033,111] [1;31m<err> ads1220: config2 mismatch! 0x15 != 0x00[0m
[00:00:19.033,233] [1;31m<err> ads1220: config0 mismatch! 0x3C != 0x1C[0m
[00:00:19.033,233] [1;31m<err> analog_axis_hires: Could not setup channel #1 (-5)[0m
[00:00:19.040,954] [1;31m<err> ads1220: config2 mismatch! 0x10 != 0x00[0m
[00:00:19.041,107] [1;31m<err> ads1220: config2 mismatch! 0x15 != 0x00[0m
[00:00:19.041,229] [1;31m<err> ads1220: config0 mismatch! 0x3C != 0x1C[0m
[00:00:19.041,259] [1;31m<err> analog_axis_hires: Could not setup channel #1 (-5)[0m
[00:00:19.048,980] [1;31m<err> ads1220: config2 mismatch! 0x10 != 0x00[0m
[00:00:19.049,102] [1;31m<err> ads1220: config2 mismatch! 0x15 != 0x00[0m
[00:00:19.049,255] [1;31m<err> ads1220: config0 mismatch! 0x3C != 0x1C[0m
[00:00:19.049,255] [1;31m<err> analog_axis_hires: Could not setup channel #1 (-5)[0m
[00:00:19.057,037] [1;31m<err> ads1220: config2 mismatch! 0x10 != 0x00[0m
[00:00:19.057,159] [1;31m<err> ads1220: config2 mismatch! 0x15 != 0x00[0m
[00:00:19.057,281] [1;31m<err> ads1220: config0 mismatch! 0x3C != 0x1C[0m
[00:00:19.057,281] [1;31m<err> analog_axis_hires: Could not setup channel #1 (-5)[0m
[00:00:19.065,002] [1;31m<err> ads1220: config2 mismatch! 0x10 != 0x00[0m
[00:00:19.065,155] [1;31m<err> ads1220: config2 mismatch! 0x15 != 0x00[0m
[00:00:19.065,307] [1;31m<err> ads1220: config0 mismatch! 0x3C != 0x1C[0m
[00:00:19.065,307] [1;31m<err> analog_axis_hires: Could not setup channel #1 (-5)[0m
[00:00:19.073,059] [1;31m<err> ads1220: config2 mismatch! 0x10 != 0x00[0m
[00:00:19.073,181] [1;31m<err> ads1220: config2 mismatch! 0x15 != 0x00[0m
[00:00:19.073,333] [1;31m<err> ads1220: config0 mismatch! 0x3C != 0x1C[0m
[00:00:19.073,333] [1;31m<err> analog_axis_hires: Could not setup channel #1 (-5)[0m
[00:00:19.081,085] [1;31m<err> ads1220: config2 mismatch! 0x10 != 0x00[0m
[00:00:19.081,237] [1;31m<err> ads1220: config2 mismatch! 0x15 != 0x00[0m
[00:00:19.081,359] [1;31m<err> ads1220: config0 mismatch! 0x3C != 0x1C[0m
[00:00:19.081,359] [1;31m<err> analog_axis_hires: Could not setup channel #1 (-5)[0m
[00:00:19.089,080] [1;31m<err> ads1220: config2 mismatch! 0x10 != 0x00[0m
[00:00:19.089,233] [1;31m<err> ads1220: config2 mismatch! 0x15 != 0x00[0m
[00:00:19.089,385] [1;31m<err> ads1220: config0 mismatch! 0x3C != 0x1C[0m
[00:00:19.089,385] [1;31m<err> analog_axis_hires: Could not setup channel #1 (-5)[0m
[00:00:19.097,137] [1;31m<err> ads1220: config2 mismatch! 0x10 != 0x00[0m
[00:00:19.097,259] [1;31m<err> ads1220: config2 mismatch! 0x15 != 0x00[0m
[00:00:19.097,412] [1;31m<err> ads1220: config0 mismatch! 0x3C != 0x1C[0m
[00:00:19.097,412] [1;31m<err> analog_axis_hires: Could not setup channel #1 (-5)[0m
[00:00:19.105,163] [1;31m<err> ads1220: config2 mismatch! 0x10 != 0x00[0m
[00:00:19.105,316] [1;31m<err> ads1220: config2 mismatch! 0x15 != 0x00[0m
[00:00:19.105,438] [1;31m<err> ads1220: config0 mismatch! 0x3C != 0x1C[0m
[00:00:19.105,438] [1;31m<err> analog_axis_hires: Could not setup channel #1 (-5)[0m
[00:00:19.113,189] [1;31m<err> ads1220: config2 mismatch! 0x10 != 0x00[0m
[00:00:19.113,342] [1;31m<err> ads1220: config2 mismatch! 0x15 != 0x00[0m
[00:00:19.113,494] [1;31m<err> ads1220: config0 mismatch! 0x3C != 0x1C[0m
[00:00:19.113,494] [1;31m<err> analog_axis_hires: Could not setup channel #1 (-5)[0m
[00:00:19.121,215] [1;31m<err> ads1220: config2 mismatch! 0x10 != 0x00[0m
[00:00:19.121,337] [1;31m<err> ads1220: config2 mismatch! 0x15 != 0x00[0m
[00:00:19.121,490] [1;31m<err> ads1220: config0 mismatch! 0x3C != 0x1C[0m
[00:00:19.121,490] [1;31m<err> analog_axis_hires: Could not setup channel #1 (-5)[0m
[00:00:19.129,272] [1;31m<err> ads1220: config2 mismatch! 0x10 != 0x00[0m
[00:00:19.129,425] [1;31m<err> ads1220: config2 mismatch! 0x15 != 0x00[0m
[00:00:19.129,547] [1;31m<err> ads1220: config0 mismatch! 0x3C != 0x1C[0m
[00:00:19.129,547] [1;31m<err> analog_axis_hires: Could not setup channel #1 (-5)[0m
[00:00:19.137,237] [1;31m<err> ads1220: config2 mismatch! 0x10 != 0x00[0m
[00:00:19.137,390] [1;31m<err> ads1220: config2 mismatch! 0x15 != 0x00[0m
[00:00:19.137,542] [1;31m<err> ads1220: config0 mismatch! 0x3C != 0x1C[0m
[00:00:19.137,542] [1;31m<err> analog_axis_hires: Could not setup channel #1 (-5)[0m
[00:00:19.145,294] [1;31m<err> ads1220: config2 mismatch! 0x10 != 0x00[0m
[00:00:19.145,416] [1;31m<err> ads1220: config2 mismatch! 0x15 != 0x00[0m
[00:00:19.145,568] [1;31m<err> ads1220: config0 mismatch! 0x3C != 0x1C[0m
[00:00:19.145,568] [1;31m<err> analog_axis_hires: Could not setup channel #1 (-5)[0m
[00:00:19.153,350] [1;31m<err> ads1220: config2 mismatch! 0x10 != 0x00[0m
[00:00:19.153,472] [1;31m<err> ads1220: config2 mismatch! 0x15 != 0x00[0m
[00:00:19.153,594] [1;31m<err> ads1220: config0 mismatch! 0x3C != 0x1C[0m
[00:00:19.153,625] [1;31m<err> analog_axis_hires: Could not setup channel #1 (-5)[0m
[00:00:19.161,315] [1;31m<err> ads1220: config2 mismatch! 0x10 != 0x00[0m
[00:00:19.161,468] [1;31m<err> ads1220: config2 mismatch! 0x15 != 0x00[0m
[00:00:19.161,621] [1;31m<err> ads1220: config0 mismatch! 0x3C != 0x1C[0m
[00:00:19.161,621] [1;31m<err> analog_axis_hires: Could not setup channel #1 (-5)[0m
[00:00:19.169,372] [1;31m<err> ads1220: config2 mismatch! 0x10 != 0x00[0m
[00:00:19.169,494] [1;31m<err> ads1220: config2 mismatch! 0x15 != 0x00[0m
[00:00:19.169,647] [1;31m<err> ads1220: config0 mismatch! 0x3C != 0x1C[0m
[00:00:19.169,647] [1;31m<err> analog_axis_hires: Could not setup channel #1 (-5)[0m
[00:00:19.177,398] [1;31m<err> ads1220: config2 mismatch! 0x10 != 0x00[0m
[00:00:19.177,520] [1;31m<err> ads1220: config2 mismatch! 0x15 != 0x00[0m
[00:00:19.177,673] [1;31m<err> ads1220: config0 mismatch! 0x3C != 0x1C[0m
[00:00:19.177,673] [1;31m<err> analog_axis_hires: Could not setup channel #1 (-5)[0m
[00:00:19.185,394] [1;31m<err> ads1220: config2 mismatch! 0x10 != 0x00[0m
[00:00:19.185,546] [1;31m<err> ads1220: config2 mismatch! 0x15 != 0x00[0m
[00:00:19.185,699] [1;31m<err> ads1220: config0 mismatch! 0x3C != 0x1C[0m
[00:00:19.185,699] [1;31m<err> analog_axis_hires: Could not setup channel #1 (-5)[0m
[00:00:19.193,450] [1;31m<err> ads1220: config2 mismatch! 0x10 != 0x00[0m
[00:00:19.193,572] [1;31m<err> ads1220: config2 mismatch! 0x15 != 0x00[0m
[00:00:19.193,725] [1;31m<err> ads1220: config0 mismatch! 0x3C != 0x1C[0m
[00:00:19.193,725] [1;31m<err> analog_axis_hires: Could not setup channel #1 (-5)[0m
[00:00:19.201,507] [1;31m<err> ads1220: config2 mismatch! 0x10 != 0x00[0m
[00:00:19.201,629] [1;31m<err> ads1220: config2 mismatch! 0x15 != 0x00[0m
[00:00:19.201,751] [1;31m<err> ads1220: config0 mismatch! 0x3C != 0x1C[0m
[00:00:19.201,782] [1;31m<err> analog_axis_hires: Could not setup channel #1 (-5)[0m
[00:00:19.209,472] [1;31m<err> ads1220: config2 mismatch! 0x10 != 0x00[0m
[00:00:19.209,625] [1;31m<err> ads1220: config2 mismatch! 0x15 != 0x00[0m
[00:00:19.209,777] [1;31m<err> ads1220: config0 mismatch! 0x3C != 0x1C[0m
[00:00:19.209,777] [1;31m<err> analog_axis_hires: Could not setup channel #1 (-5)[0m
[00:00:19.217,529] [1;31m<err> ads1220: config2 mismatch! 0x10 != 0x00[0m
[00:00:19.217,651] [1;31m<err> ads1220: config2 mismatch! 0x15 != 0x00[0m
[00:00:19.217,803] [1;31m<err> ads1220: config0 mismatch! 0x3C != 0x1C[0m
[00:00:19.217,803] [1;31m<err> analog_axis_hires: Could not setup channel #1 (-5)[0m
[00:00:19.225,555] [1;31m<err> ads1220: config2 mismatch! 0x10 != 0x00[0m
[00:00:19.225,708] [1;31m<err> ads1220: config2 mismatch! 0x15 != 0x00[0m
[00:00:19.225,830] [1;31m<err> ads1220: config0 mismatch! 0x3C != 0x1C[0m
[00:00:19.225,830] [1;31m<err> analog_axis_hires: Could not setup channel #1 (-5)[0m
[00:00:19.233,551] [1;31m<err> ads1220: config2 mismatch! 0x10 != 0x00[0m
[00:00:19.233,703] [1;31m<err> ads1220: config2 mismatch! 0x15 != 0x00[0m
[00:00:19.233,856] [1;31m<err> ads1220: config0 mismatch! 0x3C != 0x1C[0m
[00:00:19.233,856] [1;31m<err> analog_axis_hires: Could not setup channel #1 (-5)[0m
[00:00:19.241,607] [1;31m<err> ads1220: config2 mismatch! 0x10 != 0x00[0m
[00:00:19.241,729] [1;31m<err> ads1220: config2 mismatch! 0x15 != 0x00[0m
[00:00:19.241,882] [1;31m<err> ads1220: config0 mismatch! 0x3C != 0x1C[0m
[00:00:19.241,882] [1;31m<err> analog_axis_hires: Could not setup channel #1 (-5)[0m
[00:00:19.249,664] [1;31m<err> ads1220: config2 mismatch! 0x10 != 0x00[0m
[00:00:19.249,786] [1;31m<err> ads1220: config2 mismatch! 0x15 != 0x00[0m
[00:00:19.249,908] [1;31m<err> ads1220: config0 mismatch! 0x3C != 0x1C[0m
[00:00:19.249,908] [1;31m<err> analog_axis_hires: Could not setup channel #1 (-5)[0m
[00:00:19.257,629] [1;31m<err> ads1220: config2 mismatch! 0x10 != 0x00[0m
[00:00:19.257,781] [1;31m<err> ads1220: config2 mismatch! 0x15 != 0x00[0m
[00:00:19.257,934] [1;31m<err> ads1220: config0 mismatch! 0x3C != 0x1C[0m
[00:00:19.257,934] [1;31m<err> analog_axis_hires: Could not setup channel #1 (-5)[0m
[00:00:19.265,686] [1;31m<err> ads1220: config2 mismatch! 0x10 != 0x00[0m
[00:00:19.265,808] [1;31m<err> ads1220: config2 mismatch! 0x15 != 0x00[0m
[00:00:19.265,960] [1;31m<err> ads1220: config0 mismatch! 0x3C != 0x1C[0m
[00:00:19.265,960] [1;31m<err> analog_axis_hires: Could not setup channel #1 (-5)[0m
[00:00:19.273,742] [1;31m<err> ads1220: config2 mismatch! 0x10 != 0x00[0m
[00:00:19.273,864] [1;31m<err> ads1220: config2 mismatch! 0x15 != 0x00[0m
[00:00:19.273,986] [1;31m<err> ads1220: config0 mismatch! 0x3C != 0x1C[0m
[00:00:19.274,017] [1;31m<err> analog_axis_hires: Could not setup channel #1 (-5)[0m
[00:00:19.281,707] [1;31m<err> ads1220: config2 mismatch! 0x10 != 0x00[0m
[00:00:19.281,860] [1;31m<err> ads1220: config2 mismatch! 0x15 != 0x00[0m
[00:00:19.282,012] [1;31m<err> ads1220: config0 mismatch! 0x3C != 0x1C[0m
[00:00:19.282,012] [1;31m<err> analog_axis_hires: Could not setup channel #1 (-5)[0m
[00:00:19.289,764] [1;31m<err> ads1220: config2 mismatch! 0x10 != 0x00[0m
[00:00:19.289,886] [1;31m<err> ads1220: config2 mismatch! 0x15 != 0x00[0m
[00:00:19.290,039] [1;31m<err> ads1220: config0 mismatch! 0x3C != 0x1C[0m
[00:00:19.290,039] [1;31m<err> analog_axis_hires: Could not setup channel #1 (-5)[0m
[00:00:19.297,821] [1;31m<err> ads1220: config2 mismatch! 0x10 != 0x00[0m
[00:00:19.297,943] [1;31m<err> ads1220: config2 mismatch! 0x15 != 0x00[0m
[00:00:19.298,095] [1;31m<err> ads1220: config0 mismatch! 0x3C != 0x1C[0m
[00:00:19.298,095] [1;31m<err> analog_axis_hires: Could not setup channel #1 (-5)[0m
[00:00:19.305,786] [1;31m<err> ads1220: config2 mismatch! 0x10 != 0x00[0m
[00:00:19.305,938] [1;31m<err> ads1220: config2 mismatch! 0x15 != 0x00[0m
[00:00:19.306,091] [1;31m<err> ads1220: config0 mismatch! 0x3C != 0x1C[0m
[00:00:19.306,091] [1;31m<err> analog_axis_hires: Could not setup channel #1 (-5)[0m
[00:00:19.313,842] [1;31m<err> ads1220: config2 mismatch! 0x10 != 0x00[0m
[00:00:19.313,964] [1;31m<err> ads1220: config2 mismatch! 0x15 != 0x00[0m
[00:00:19.314,117] [1;31m<err> ads1220: config0 mismatch! 0x3C != 0x1C[0m
[00:00:19.314,117] [1;31m<err> analog_axis_hires: Could not setup channel #1 (-5)[0m
[00:00:19.321,899] [1;31m<err> ads1220: config2 mismatch! 0x10 != 0x00[0m
[00:00:19.322,021] [1;31m<err> ads1220: config2 mismatch! 0x15 != 0x00[0m
[00:00:19.322,174] [1;31m<err> ads1220: config0 mismatch! 0x3C != 0x1C[0m
[00:00:19.322,174] [1;31m<err> analog_axis_hires: Could not setup channel #1 (-5)[0m
[00:00:19.329,864] [1;31m<err> ads1220: config2 mismatch! 0x10 != 0x00[0m
[00:00:19.330,017] [1;31m<err> ads1220: config2 mismatch! 0x15 != 0x00[0m
[00:00:19.330,169] [1;31m<err> ads1220: config0 mismatch! 0x3C != 0x1C[0m
[00:00:19.330,169] [1;31m<err> analog_axis_hires: Could not setup channel #1 (-5)[0m
[00:00:19.337,921] [1;31m<err> ads1220: config2 mismatch! 0x10 != 0x00[0m
[00:00:19.338,043] [1;31m<err> ads1220: config2 mismatch! 0x15 != 0x00[0m
[00:00:19.338,195] [1;31m<err> ads1220: config0 mismatch! 0x3C != 0x1C[0m
[00:00:19.338,195] [1;31m<err> analog_axis_hires: Could not setup channel #1 (-5)[0m
[00:00:19.345,947] [1;31m<err> ads1220: config2 mismatch! 0x10 != 0x00[0m
[00:00:19.346,069] [1;31m<err> ads1220: config2 mismatch! 0x15 != 0x00[0m
[00:00:19.346,221] [1;31m<err> ads1220: config0 mismatch! 0x3C != 0x1C[0m
[00:00:19.346,221] [1;31m<err> analog_axis_hires: Could not setup channel #1 (-5)[0m
[00:00:19.353,942] [1;31m<err> ads1220: config2 mismatch! 0x10 != 0x00[0m
[00:00:19.354,095] [1;31m<err> ads1220: config2 mismatch! 0x15 != 0x00[0m
[00:00:19.354,248] [1;31m<err> ads1220: config0 mismatch! 0x3C != 0x1C[0m
[00:00:19.354,248] [1;31m<err> analog_axis_hires: Could not setup channel #1 (-5)[0m
[00:00:19.361,999] [1;31m<err> ads1220: config2 mismatch! 0x10 != 0x00[0m
[00:00:19.362,121] [1;31m<err> ads1220: config2 mismatch! 0x15 != 0x00[0m
[00:00:19.362,274] [1;31m<err> ads1220: config0 mismatch! 0x3C != 0x1C[0m
[00:00:19.362,274] [1;31m<err> analog_axis_hires: Could not setup channel #1 (-5)[0m
[00:00:19.370,025] [1;31m<err> ads1220: config2 mismatch! 0x10 != 0x00[0m
[00:00:19.370,178] [1;31m<err> ads1220: config2 mismatch! 0x15 != 0x00[0m
[00:00:19.370,300] [1;31m<err> ads1220: config0 mismatch! 0x3C != 0x1C[0m
[00:00:19.370,300] [1;31m<err> analog_axis_hires: Could not setup channel #1 (-5)[0m
[00:00:19.378,021] [1;31m<err> ads1220: config2 mismatch! 0x10 != 0x00[0m
[00:00:19.378,173] [1;31m<err> ads1220: config2 mismatch! 0x15 != 0x00[0m
[00:00:19.378,326] [1;31m<err> ads1220: config0 mismatch! 0x3C != 0x1C[0m
[00:00:19.378,326] [1;31m<err> analog_axis_hires: Could not setup channel #1 (-5)[0m
[00:00:19.386,077] [1;31m<err> ads1220: config2 mismatch! 0x10 != 0x00[0m
[00:00:19.386,199] [1;31m<err> ads1220: config2 mismatch! 0x15 != 0x00[0m
[00:00:19.386,352] [1;31m<err> ads1220: config0 mismatch! 0x3C != 0x1C[0m
[00:00:19.386,352] [1;31m<err> analog_axis_hires: Could not setup channel #1 (-5)[0m
[00:00:19.394,134] [1;31m<err> ads1220: config2 mismatch! 0x10 != 0x00[0m
[00:00:19.394,256] [1;31m<err> ads1220: config2 mismatch! 0x15 != 0x00[0m
[00:00:19.394,378] [1;31m<err> ads1220: config0 mismatch! 0x3C != 0x1C[0m
[00:00:19.394,409] [1;31m<err> analog_axis_hires: Could not setup channel #1 (-5)[0m
[00:00:19.402,099] [1;31m<err> ads1220: config2 mismatch! 0x10 != 0x00[0m
[00:00:19.402,252] [1;31m<err> ads1220: config2 mismatch! 0x15 != 0x00[0m
[00:00:19.402,404] [1;31m<err> ads1220: config0 mismatch! 0x3C != 0x1C[0m
[00:00:19.402,404] [1;31m<err> analog_axis_hires: Could not setup channel #1 (-5)[0m
[00:00:19.410,156] [1;31m<err> ads1220: config2 mismatch! 0x10 != 0x00[0m
[00:00:19.410,278] [1;31m<err> ads1220: config2 mismatch! 0x15 != 0x00[0m
[00:00:19.410,430] [1;31m<err> ads1220: config0 mismatch! 0x3C != 0x1C[0m
[00:00:19.410,430] [1;31m<err> analog_axis_hires: Could not setup channel #1 (-5)[0m
[00:00:19.418,212] [1;31m<err> ads1220: config2 mismatch! 0x10 != 0x00[0m
[00:00:19.418,334] [1;31m<err> ads1220: config2 mismatch! 0x15 != 0x00[0m
[00:00:19.418,487] [1;31m<err> ads1220: config0 mismatch! 0x3C != 0x1C[0m
[00:00:19.418,487] [1;31m<err> analog_axis_hires: Could not setup channel #1 (-5)[0m
[00:00:19.426,177] [1;31m<err> ads1220: config2 mismatch! 0x10 != 0x00[0m
[00:00:19.426,330] [1;31m<err> ads1220: config2 mismatch! 0x15 != 0x00[0m
[00:00:19.426,483] [1;31m<err> ads1220: config0 mismatch! 0x3C != 0x1C[0m
[00:00:19.426,483] [1;31m<err> analog_axis_hires: Could not setup channel #1 (-5)[0m
[00:00:19.434,234] [1;31m<err> ads1220: config2 mismatch! 0x10 != 0x00[0m
[00:00:19.434,356] [1;31m<err> ads1220: config2 mismatch! 0x15 != 0x00[0m
[00:00:19.434,509] [1;31m<err> ads1220: config0 mismatch! 0x3C != 0x1C[0m
[00:00:19.434,509] [1;31m<err> analog_axis_hires: Could not setup channel #1 (-5)[0m
[00:00:19.442,291] [1;31m<err> ads1220: config2 mismatch! 0x10 != 0x00[0m
[00:00:19.442,413] [1;31m<err> ads1220: config2 mismatch! 0x15 != 0x00[0m
[00:00:19.442,535] [1;31m<err> ads1220: config0 mismatch! 0x3C != 0x1C[0m
[00:00:19.442,565] [1;31m<err> analog_axis_hires: Could not setup channel #1 (-5)[0m
[00:00:19.450,256] [1;31m<err> ads1220: config2 mismatch! 0x10 != 0x00[0m
[00:00:19.450,408] [1;31m<err> ads1220: config2 mismatch! 0x15 != 0x00[0m
[00:00:19.450,561] [1;31m<err> ads1220: config0 mismatch! 0x3C != 0x1C[0m
[00:00:19.450,561] [1;31m<err> analog_axis_hires: Could not setup channel #1 (-5)[0m
[00:00:19.458,312] [1;31m<err> ads1220: config2 mismatch! 0x10 != 0x00[0m
[00:00:19.458,435] [1;31m<err> ads1220: config2 mismatch! 0x15 != 0x00[0m
[00:00:19.458,587] [1;31m<err> ads1220: config0 mismatch! 0x3C != 0x1C[0m
[00:00:19.458,587] [1;31m<err> analog_axis_hires: Could not setup channel #1 (-5)[0m
[00:00:19.466,339] [1;31m<err> ads1220: config2 mismatch! 0x10 != 0x00[0m
[00:00:19.466,461] [1;31m<err> ads1220: config2 mismatch! 0x15 != 0x00[0m
[00:00:19.466,583] [1;31m<err> ads1220: config0 mismatch! 0x3C != 0x1C[0m
[00:00:19.466,613] [1;31m<err> analog_axis_hires: Could not setup channel #1 (-5)[0m
[00:00:19.474,334] [1;31m<err> ads1220: config2 mismatch! 0x10 != 0x00[0m
[00:00:19.474,487] [1;31m<err> ads1220: config2 mismatch! 0x15 != 0x00[0m
[00:00:19.474,639] [1;31m<err> ads1220: config0 mismatch! 0x3C != 0x1C[0m
[00:00:19.474,639] [1;31m<err> analog_axis_hires: Could not setup channel #1 (-5)[0m
[00:00:19.482,391] [1;31m<err> ads1220: config2 mismatch! 0x10 != 0x00[0m
[00:00:19.482,513] [1;31m<err> ads1220: config2 mismatch! 0x15 != 0x00[0m
[00:00:19.482,666] [1;31m<err> ads1220: config0 mismatch! 0x3C != 0x1C[0m
[00:00:19.482,666] [1;31m<err> analog_axis_hires: Could not setup channel #1 (-5)[0m
[00:00:19.490,447] [1;31m<err> ads1220: config2 mismatch! 0x10 != 0x00[0m
[00:00:19.490,570] [1;31m<err> ads1220: config2 mismatch! 0x15 != 0x00[0m
[00:00:19.490,692] [1;31m<err> ads1220: config0 mismatch! 0x3C != 0x1C[0m
[00:00:19.490,722] [1;31m<err> analog_axis_hires: Could not setup channel #1 (-5)[0m
[00:00:19.498,413] [1;31m<err> ads1220: config2 mismatch! 0x10 != 0x00[0m
[00:00:19.498,565] [1;31m<err> ads1220: config2 mismatch! 0x15 != 0x00[0m
[00:00:19.498,718] [1;31m<err> ads1220: config0 mismatch! 0x3C != 0x1C[0m
[00:00:19.498,718] [1;31m<err> analog_axis_hires: Could not setup channel #1 (-5)[0m
[00:00:19.506,469] [1;31m<err> ads1220: config2 mismatch! 0x10 != 0x00[0m
[00:00:19.506,591] [1;31m<err> ads1220: config2 mismatch! 0x15 != 0x00[0m
[00:00:19.506,744] [1;31m<err> ads1220: config0 mismatch! 0x3C != 0x1C[0m
[00:00:19.506,744] [1;31m<err> analog_axis_hires: Could not setup channel #1 (-5)[0m
[00:00:19.514,495] [1;31m<err> ads1220: config2 mismatch! 0x10 != 0x00[0m
[00:00:19.514,617] [1;31m<err> ads1220: config2 mismatch! 0x15 != 0x00[0m
[00:00:19.514,739] [1;31m<err> ads1220: config0 mismatch! 0x3C != 0x1C[0m
[00:00:19.514,770] [1;31m<err> analog_axis_hires: Could not setup channel #1 (-5)[0m
[00:00:19.522,491] [1;31m<err> ads1220: config2 mismatch! 0x10 != 0x00[0m
[00:00:19.522,644] [1;31m<err> ads1220: config2 mismatch! 0x15 != 0x00[0m
[00:00:19.522,796] [1;31m<err> ads1220: config0 mismatch! 0x3C != 0x1C[0m
[00:00:19.522,796] [1;31m<err> analog_axis_hires: Could not setup channel #1 (-5)[0m
[00:00:19.530,548] [1;31m<err> ads1220: config2 mismatch! 0x10 != 0x00[0m
[00:00:19.530,670] [1;31m<err> ads1220: config2 mismatch! 0x15 != 0x00[0m
[00:00:19.530,822] [1;31m<err> ads1220: config0 mismatch! 0x3C != 0x1C[0m
[00:00:19.530,822] [1;31m<err> analog_axis_hires: Could not setup channel #1 (-5)[0m
[00:00:19.538,604] [1;31m<err> ads1220: config2 mismatch! 0x10 != 0x00[0m
[00:00:19.538,726] [1;31m<err> ads1220: config2 mismatch! 0x15 != 0x00[0m
[00:00:19.538,848] [1;31m<err> ads1220: config0 mismatch! 0x3C != 0x1C[0m
[00:00:19.538,879] [1;31m<err> analog_axis_hires: Could not setup channel #1 (-5)[0m
[00:00:19.546,569] [1;31m<err> ads1220: config2 mismatch! 0x10 != 0x00[0m
[00:00:19.546,722] [1;31m<err> ads1220: config2 mismatch! 0x15 != 0x00[0m
[00:00:19.546,875] [1;31m<err> ads1220: config0 mismatch! 0x3C != 0x1C[0m
[00:00:19.546,875] [1;31m<err> analog_axis_hires: Could not setup channel #1 (-5)[0m
[00:00:19.554,626] [1;31m<err> ads1220: config2 mismatch! 0x10 != 0x00[0m
[00:00:19.554,748] [1;31m<err> ads1220: config2 mismatch! 0x15 != 0x00[0m
[00:00:19.554,901] [1;31m<err> ads1220: config0 mismatch! 0x3C != 0x1C[0m
[00:00:19.554,901] [1;31m<err> analog_axis_hires: Could not setup channel #1 (-5)[0m
[00:00:19.562,683] [1;31m<err> ads1220: config2 mismatch! 0x10 != 0x00[0m
[00:00:19.562,805] [1;31m<err> ads1220: config2 mismatch! 0x15 != 0x00[0m
[00:00:19.562,927] [1;31m<err> ads1220: config0 mismatch! 0x3C != 0x1C[0m
[00:00:19.562,957] [1;31m<err> analog_axis_hires: Could not setup channel #1 (-5)[0m
[00:00:19.570,648] [1;31m<err> ads1220: config2 mismatch! 0x10 != 0x00[0m
[00:00:19.570,800] [1;31m<err> ads1220: config2 mismatch! 0x15 != 0x00[0m
[00:00:19.570,953] [1;31m<err> ads1220: config0 mismatch! 0x3C != 0x1C[0m
[00:00:19.570,953] [1;31m<err> analog_axis_hires: Could not setup channel #1 (-5)[0m
[00:00:19.578,704] [1;31m<err> ads1220: config2 mismatch! 0x10 != 0x00[0m
[00:00:19.578,826] [1;31m<err> ads1220: config2 mismatch! 0x15 != 0x00[0m
[00:00:19.578,979] [1;31m<err> ads1220: config0 mismatch! 0x3C != 0x1C[0m
[00:00:19.578,979] [1;31m<err> analog_axis_hires: Could not setup channel #1 (-5)[0m
[00:00:19.586,761] [1;31m<err> ads1220: config2 mismatch! 0x10 != 0x00[0m
[00:00:19.586,883] [1;31m<err> ads1220: config2 mismatch! 0x15 != 0x00[0m
[00:00:19.587,005] [1;31m<err> ads1220: config0 mismatch! 0x3C != 0x1C[0m
[00:00:19.587,036] [1;31m<err> analog_axis_hires: Could not setup channel #1 (-5)[0m
[00:00:19.594,726] [1;31m<err> ads1220: config2 mismatch! 0x10 != 0x00[0m
[00:00:19.594,879] [1;31m<err> ads1220: config2 mismatch! 0x15 != 0x00[0m
[00:00:19.595,031] [1;31m<err> ads1220: config0 mismatch! 0x3C != 0x1C[0m
[00:00:19.595,031] [1;31m<err> analog_axis_hires: Could not setup channel #1 (-5)[0m
[00:00:19.602,783] [1;31m<err> ads1220: config2 mismatch! 0x10 != 0x00[0m
[00:00:19.602,905] [1;31m<err> ads1220: config2 mismatch! 0x15 != 0x00[0m
[00:00:19.603,057] [1;31m<err> ads1220: config0 mismatch! 0x3C != 0x1C[0m
[00:00:19.603,057] [1;31m<err> analog_axis_hires: Could not setup channel #1 (-5)[0m
[00:00:19.610,839] [1;31m<err> ads1220: config2 mismatch! 0x10 != 0x00[0m
[00:00:19.610,961] [1;31m<err> ads1220: config2 mismatch! 0x15 != 0x00[0m
[00:00:19.611,114] [1;31m<err> ads1220: config0 mismatch! 0x3C != 0x1C[0m
[00:00:19.611,114] [1;31m<err> analog_axis_hires: Could not setup channel #1 (-5)[0m
[00:00:19.618,804] [1;31m<err> ads1220: config2 mismatch! 0x10 != 0x00[0m
[00:00:19.618,957] [1;31m<err> ads1220: config2 mismatch! 0x15 != 0x00[0m
[00:00:19.619,110] [1;31m<err> ads1220: config0 mismatch! 0x3C != 0x1C[0m
[00:00:19.619,110] [1;31m<err> analog_axis_hires: Could not setup channel #1 (-5)[0m
[00:00:19.626,861] [1;31m<err> ads1220: config2 mismatch! 0x10 != 0x00[0m
[00:00:19.626,983] [1;31m<err> ads1220: config2 mismatch! 0x15 != 0x00[0m
[00:00:19.627,136] [1;31m<err> ads1220: config0 mismatch! 0x3C != 0x1C[0m
[00:00:19.627,136] [1;31m<err> analog_axis_hires: Could not setup channel #1 (-5)[0m
[00:00:19.634,918] [1;31m<err> ads1220: config2 mismatch! 0x10 != 0x00[0m
[00:00:19.635,040] [1;31m<err> ads1220: config2 mismatch! 0x15 != 0x00[0m
[00:00:19.635,192] [1;31m<err> ads1220: config0 mismatch! 0x3C != 0x1C[0m
[00:00:19.635,192] [1;31m<err> analog_axis_hires: Could not setup channel #1 (-5)[0m
[00:00:19.642,883] [1;31m<err> ads1220: config2 mismatch! 0x10 != 0x00[0m
[00:00:19.643,035] [1;31m<err> ads1220: config2 mismatch! 0x15 != 0x00[0m
[00:00:19.643,188] [1;31m<err> ads1220: config0 mismatch! 0x3C != 0x1C[0m
[00:00:19.643,188] [1;31m<err> analog_axis_hires: Could not setup channel #1 (-5)[0m
[00:00:19.650,939] [1;31m<err> ads1220: config2 mismatch! 0x10 != 0x00[0m
[00:00:19.651,062] [1;31m<err> ads1220: config2 mismatch! 0x15 != 0x00[0m
[00:00:19.651,214] [1;31m<err> ads1220: config0 mismatch! 0x3C != 0x1C[0m
[00:00:19.651,214] [1;31m<err> analog_axis_hires: Could not setup channel #1 (-5)[0m
[00:00:19.658,996] [1;31m<err> ads1220: config2 mismatch! 0x10 != 0x00[0m
[00:00:19.659,118] [1;31m<err> ads1220: config2 mismatch! 0x15 != 0x00[0m
[00:00:19.659,240] [1;31m<err> ads1220: config0 mismatch! 0x3C != 0x1C[0m
[00:00:19.659,240] [1;31m<err> analog_axis_hires: Could not setup channel #1 (-5)[0m
[00:00:19.666,961] [1;31m<err> ads1220: config2 mismatch! 0x10 != 0x00[0m
[00:00:19.667,114] [1;31m<err> ads1220: config2 mismatch! 0x15 != 0x00[0m
[00:00:19.667,266] [1;31m<err> ads1220: config0 mismatch! 0x3C != 0x1C[0m
[00:00:19.667,266] [1;31m<err> analog_axis_hires: Could not setup channel #1 (-5)[0m
[00:00:19.675,018] [1;31m<err> ads1220: config2 mismatch! 0x10 != 0x00[0m
[00:00:19.675,140] [1;31m<err> ads1220: config2 mismatch! 0x15 != 0x00[0m
[00:00:19.675,292] [1;31m<err> ads1220: config0 mismatch! 0x3C != 0x1C[0m
[00:00:19.675,292] [1;31m<err> analog_axis_hires: Could not setup channel #1 (-5)[0m
[00:00:19.683,044] [1;31m<err> ads1220: config2 mismatch! 0x10 != 0x00[0m
[00:00:19.683,197] [1;31m<err> ads1220: config2 mismatch! 0x15 != 0x00[0m
[00:00:19.683,319] [1;31m<err> ads1220: config0 mismatch! 0x3C != 0x1C[0m
[00:00:19.683,319] [1;31m<err> analog_axis_hires: Could not setup channel #1 (-5)[0m
[00:00:19.691,040] [1;31m<err> ads1220: config2 mismatch! 0x10 != 0x00[0m
[00:00:19.691,192] [1;31m<err> ads1220: config2 mismatch! 0x15 != 0x00[0m
[00:00:19.691,345] [1;31m<err> ads1220: config0 mismatch! 0x3C != 0x1C[0m
[00:00:19.691,345] [1;31m<err> analog_axis_hires: Could not setup channel #1 (-5)[0m
[00:00:19.699,096] [1;31m<err> ads1220: config2 mismatch! 0x10 != 0x00[0m
[00:00:19.699,218] [1;31m<err> ads1220: config2 mismatch! 0x15 != 0x00[0m
[00:00:19.699,371] [1;31m<err> ads1220: config0 mismatch! 0x3C != 0x1C[0m
[00:00:19.699,371] [1;31m<err> analog_axis_hires: Could not setup channel #1 (-5)[0m
[00:00:19.707,122] [1;31m<err> ads1220: config2 mismatch! 0x10 != 0x00[0m
[00:00:19.707,244] [1;31m<err> ads1220: config2 mismatch! 0x15 != 0x00[0m
[00:00:19.707,397] [1;31m<err> ads1220: config0 mismatch! 0x3C != 0x1C[0m
[00:00:19.707,397] [1;31m<err> analog_axis_hires: Could not setup channel #1 (-5)[0m
[00:00:19.715,118] [1;31m<err> ads1220: config2 mismatch! 0x10 != 0x00[0m
[00:00:19.715,270] [1;31m<err> ads1220: config2 mismatch! 0x15 != 0x00[0m
[00:00:19.715,423] [1;31m<err> ads1220: config0 mismatch! 0x3C != 0x1C[0m
[00:00:19.715,423] [1;31m<err> analog_axis_hires: Could not setup channel #1 (-5)[0m
[00:00:19.723,175] [1;31m<err> ads1220: config2 mismatch! 0x10 != 0x00[0m
[00:00:19.723,297] [1;31m<err> ads1220: config2 mismatch! 0x15 != 0x00[0m
[00:00:19.723,449] [1;31m<err> ads1220: config0 mismatch! 0x3C != 0x1C[0m
[00:00:19.723,449] [1;31m<err> analog_axis_hires: Could not setup channel #1 (-5)[0m
[00:00:19.731,231] [1;31m<err> ads1220: config2 mismatch! 0x10 != 0x00[0m
[00:00:19.731,353] [1;31m<err> ads1220: config2 mismatch! 0x15 != 0x00[0m
[00:00:19.731,506] [1;31m<err> ads1220: config0 mismatch! 0x3C != 0x1C[0m
[00:00:19.731,506] [1;31m<err> analog_axis_hires: Could not setup channel #1 (-5)[0m
[00:00:19.739,196] [1;31m<err> ads1220: config2 mismatch! 0x10 != 0x00[0m
[00:00:19.739,349] [1;31m<err> ads1220: config2 mismatch! 0x15 != 0x00[0m
[00:00:19.739,501] [1;31m<err> ads1220: config0 mismatch! 0x3C != 0x1C[0m
[00:00:19.739,501] [1;31m<err> analog_axis_hires: Could not setup channel #1 (-5)[0m
[00:00:19.747,253] [1;31m<err> ads1220: config2 mismatch! 0x10 != 0x00[0m
[00:00:19.747,375] [1;31m<err> ads1220: config2 mismatch! 0x15 != 0x00[0m
[00:00:19.747,528] [1;31m<err> ads1220: config0 mismatch! 0x3C != 0x1C[0m
[00:00:19.747,528] [1;31m<err> analog_axis_hires: Could not setup channel #1 (-5)[0m
[00:00:19.755,310] [1;31m<err> ads1220: config2 mismatch! 0x10 != 0x00[0m
[00:00:19.755,432] [1;31m<err> ads1220: config2 mismatch! 0x15 != 0x00[0m
[00:00:19.755,584] [1;31m<err> ads1220: config0 mismatch! 0x3C != 0x1C[0m
[00:00:19.755,584] [1;31m<err> analog_axis_hires: Could not setup channel #1 (-5)[0m
[00:00:19.763,305] [1;31m<err> ads1220: config2 mismatch! 0x10 != 0x00[0m
[00:00:19.763,427] [1;31m<err> ads1220: config2 mismatch! 0x15 != 0x00[0m
[00:00:19.763,580] [1;31m<err> ads1220: config0 mismatch! 0x3C != 0x1C[0m
[00:00:19.763,580] [1;31m<err> analog_axis_hires: Could not setup channel #1 (-5)[0m
[00:00:19.771,331] [1;31m<err> ads1220: config2 mismatch! 0x10 != 0x00[0m
[00:00:19.771,453] [1;31m<err> ads1220: config2 mismatch! 0x15 != 0x00[0m
[00:00:19.771,606] [1;31m<err> ads1220: config0 mismatch! 0x3C != 0x1C[0m
[00:00:19.771,606] [1;31m<err> analog_axis_hires: Could not setup channel #1 (-5)[0m
[00:00:19.779,388] [1;31m<err> ads1220: config2 mismatch! 0x10 != 0x00[0m
[00:00:19.779,510] [1;31m<err> ads1220: config2 mismatch! 0x15 != 0x00[0m
[00:00:19.779,632] [1;31m<err> ads1220: config0 mismatch! 0x3C != 0x1C[0m
[00:00:19.779,663] [1;31m<err> analog_axis_hires: Could not setup channel #1 (-5)[0m
[00:00:19.787,353] [1;31m<err> ads1220: config2 mismatch! 0x10 != 0x00[0m
[00:00:19.787,506] [1;31m<err> ads1220: config2 mismatch! 0x15 != 0x00[0m
[00:00:19.787,658] [1;31m<err> ads1220: config0 mismatch! 0x3C != 0x1C[0m
[00:00:19.787,658] [1;31m<err> analog_axis_hires: Could not setup channel #1 (-5)[0m
[00:00:19.795,410] [1;31m<err> ads1220: config2 mismatch! 0x10 != 0x00[0m
[00:00:19.795,532] [1;31m<err> ads1220: config2 mismatch! 0x15 != 0x00[0m
[00:00:19.795,684] [1;31m<err> ads1220: config0 mismatch! 0x3C != 0x1C[0m
[00:00:19.795,684] [1;31m<err> analog_axis_hires: Could not setup channel #1 (-5)[0m
[00:00:19.803,436] [1;31m<err> ads1220: config2 mismatch! 0x10 != 0x00[0m
[00:00:19.803,558] [1;31m<err> ads1220: config2 mismatch! 0x15 != 0x00[0m
[00:00:19.803,680] [1;31m<err> ads1220: config0 mismatch! 0x3C != 0x1C[0m
[00:00:19.803,710] [1;31m<err> analog_axis_hires: Could not setup channel #1 (-5)[0m
[00:00:19.811,431] [1;31m<err> ads1220: config2 mismatch! 0x10 != 0x00[0m
[00:00:19.811,584] [1;31m<err> ads1220: config2 mismatch! 0x15 != 0x00[0m
[00:00:19.811,737] [1;31m<err> ads1220: config0 mismatch! 0x3C != 0x1C[0m
[00:00:19.811,737] [1;31m<err> analog_axis_hires: Could not setup channel #1 (-5)[0m
[00:00:19.819,488] [1;31m<err> ads1220: config2 mismatch! 0x10 != 0x00[0m
[00:00:19.819,610] [1;31m<err> ads1220: config2 mismatch! 0x15 != 0x00[0m
[00:00:19.819,763] [1;31m<err> ads1220: config0 mismatch! 0x3C != 0x1C[0m
[00:00:19.819,763] [1;31m<err> analog_axis_hires: Could not setup channel #1 (-5)[0m
[00:00:19.827,545] [1;31m<err> ads1220: config2 mismatch! 0x10 != 0x00[0m
[00:00:19.827,667] [1;31m<err> ads1220: config2 mismatch! 0x15 != 0x00[0m
[00:00:19.827,789] [1;31m<err> ads1220: config0 mismatch! 0x3C != 0x1C[0m
[00:00:19.827,819] [1;31m<err> analog_axis_hires: Could not setup channel #1 (-5)[0m
[00:00:19.835,510] [1;31m<err> ads1220: config2 mismatch! 0x10 != 0x00[0m
[00:00:19.835,662] [1;31m<err> ads1220: config2 mismatch! 0x15 != 0x00[0m
[00:00:19.835,815] [1;31m<err> ads1220: config0 mismatch! 0x3C != 0x1C[0m
[00:00:19.835,815] [1;31m<err> analog_axis_hires: Could not setup channel #1 (-5)[0m
[00:00:19.843,566] [1;31m<err> ads1220: config2 mismatch! 0x10 != 0x00[0m
[00:00:19.843,688] [1;31m<err> ads1220: config2 mismatch! 0x15 != 0x00[0m
[00:00:19.843,841] [1;31m<err> ads1220: config0 mismatch! 0x3C != 0x1C[0m
[00:00:19.843,841] [1;31m<err> analog_axis_hires: Could not setup channel #1 (-5)[0m
[00:00:19.851,623] [1;31m<err> ads1220: config2 mismatch! 0x10 != 0x00[0m
[00:00:19.851,745] [1;31m<err> ads1220: config2 mismatch! 0x15 != 0x00[0m
[00:00:19.851,867] [1;31m<err> ads1220: config0 mismatch! 0x3C != 0x1C[0m
[00:00:19.851,898] [1;31m<err> analog_axis_hires: Could not setup channel #1 (-5)[0m
[00:00:19.859,588] [1;31m<err> ads1220: config2 mismatch! 0x10 != 0x00[0m
[00:00:19.859,741] [1;31m<err> ads1220: config2 mismatch! 0x15 != 0x00[0m
[00:00:19.859,893] [1;31m<err> ads1220: config0 mismatch! 0x3C != 0x1C[0m
[00:00:19.859,893] [1;31m<err> analog_axis_hires: Could not setup channel #1 (-5)[0m
[00:00:19.867,645] [1;31m<err> ads1220: config2 mismatch! 0x10 != 0x00[0m
[00:00:19.867,767] [1;31m<err> ads1220: config2 mismatch! 0x15 != 0x00[0m
[00:00:19.867,919] [1;31m<err> ads1220: config0 mismatch! 0x3C != 0x1C[0m
[00:00:19.867,919] [1;31m<err> analog_axis_hires: Could not setup channel #1 (-5)[0m
[00:00:19.875,671] [1;31m<err> ads1220: config2 mismatch! 0x10 != 0x00[0m
[00:00:19.875,793] [1;31m<err> ads1220: config2 mismatch! 0x15 != 0x00[0m
[00:00:19.875,915] [1;31m<err> ads1220: config0 mismatch! 0x3C != 0x1C[0m
[00:00:19.875,915] [1;31m<err> analog_axis_hires: Could not setup channel #1 (-5)[0m
[00:00:19.883,666] [1;31m<err> ads1220: config2 mismatch! 0x10 != 0x00[0m
[00:00:19.883,819] [1;31m<err> ads1220: config2 mismatch! 0x15 != 0x00[0m
[00:00:19.883,972] [1;31m<err> ads1220: config0 mismatch! 0x3C != 0x1C[0m
[00:00:19.883,972] [1;31m<err> analog_axis_hires: Could not setup channel #1 (-5)[0m
[00:00:19.891,723] [1;31m<err> ads1220: config2 mismatch! 0x10 != 0x00[0m
[00:00:19.891,845] [1;31m<err> ads1220: config2 mismatch! 0x15 != 0x00[0m
[00:00:19.891,998] [1;31m<err> ads1220: config0 mismatch! 0x3C != 0x1C[0m
[00:00:19.891,998] [1;31m<err> analog_axis_hires: Could not setup channel #1 (-5)[0m
[00:00:19.899,749] [1;31m<err> ads1220: config2 mismatch! 0x10 != 0x00[0m
[00:00:19.899,902] [1;31m<err> ads1220: config2 mismatch! 0x15 != 0x00[0m
[00:00:19.900,024] [1;31m<err> ads1220: config0 mismatch! 0x3C != 0x1C[0m
[00:00:19.900,024] [1;31m<err> analog_axis_hires: Could not setup channel #1 (-5)[0m
[00:00:19.907,745] [1;31m<err> ads1220: config2 mismatch! 0x10 != 0x00[0m
[00:00:19.907,897] [1;31m<err> ads1220: config2 mismatch! 0x15 != 0x00[0m
[00:00:19.908,050] [1;31m<err> ads1220: config0 mismatch! 0x3C != 0x1C[0m
[00:00:19.908,050] [1;31m<err> analog_axis_hires: Could not setup channel #1 (-5)[0m
[00:00:19.915,802] [1;31m<err> ads1220: config2 mismatch! 0x10 != 0x00[0m
[00:00:19.915,924] [1;31m<err> ads1220: config2 mismatch! 0x15 != 0x00[0m
[00:00:19.916,076] [1;31m<err> ads1220: config0 mismatch! 0x3C != 0x1C[0m
[00:00:19.916,076] [1;31m<err> analog_axis_hires: Could not setup channel #1 (-5)[0m
[00:00:19.923,858] [1;31m<err> ads1220: config2 mismatch! 0x10 != 0x00[0m
[00:00:19.923,980] [1;31m<err> ads1220: config2 mismatch! 0x15 != 0x00[0m
[00:00:19.924,102] [1;31m<err> ads1220: config0 mismatch! 0x3C != 0x1C[0m
[00:00:19.924,133] [1;31m<err> analog_axis_hires: Could not setup channel #1 (-5)[0m
[00:00:19.931,823] [1;31m<err> ads1220: config2 mismatch! 0x10 != 0x00[0m
[00:00:19.931,976] [1;31m<err> ads1220: config2 mismatch! 0x15 != 0x00[0m
[00:00:19.932,128] [1;31m<err> ads1220: config0 mismatch! 0x3C != 0x1C[0m
[00:00:19.932,128] [1;31m<err> analog_axis_hires: Could not setup channel #1 (-5)[0m
[00:00:19.939,880] [1;31m<err> ads1220: config2 mismatch! 0x10 != 0x00[0m
[00:00:19.940,002] [1;31m<err> ads1220: config2 mismatch! 0x15 != 0x00[0m
[00:00:19.940,155] [1;31m<err> ads1220: config0 mismatch! 0x3C != 0x1C[0m
[00:00:19.940,155] [1;31m<err> analog_axis_hires: Could not setup channel #1 (-5)[0m
[00:00:19.947,875] [1;31m<err> ads1220: config2 mismatch! 0x10 != 0x00[0m
[00:00:19.947,998] [1;31m<err> ads1220: config2 mismatch! 0x15 != 0x00[0m
[00:00:19.948,150] [1;31m<err> ads1220: config0 mismatch! 0x3C != 0x1C[0m
[00:00:19.948,150] [1;31m<err> analog_axis_hires: Could not setup channel #1 (-5)[0m
[00:00:19.955,932] [1;31m<err> ads1220: config2 mismatch! 0x10 != 0x00[0m
[00:00:19.956,085] [1;31m<err> ads1220: config2 mismatch! 0x15 != 0x00[0m
[00:00:19.956,207] [1;31m<err> ads1220: config0 mismatch! 0x3C != 0x1C[0m
[00:00:19.956,237] [1;31m<err> analog_axis_hires: Could not setup channel #1 (-5)[0m
[00:00:19.963,958] [1;31m<err> ads1220: config2 mismatch! 0x10 != 0x00[0m
[00:00:19.964,080] [1;31m<err> ads1220: config2 mismatch! 0x15 != 0x00[0m
[00:00:19.964,233] [1;31m<err> ads1220: config0 mismatch! 0x3C != 0x1C[0m
[00:00:19.964,233] [1;31m<err> analog_axis_hires: Could not setup channel #1 (-5)[0m
[00:00:19.972,015] [1;31m<err> ads1220: config2 mismatch! 0x10 != 0x00[0m
[00:00:19.972,167] [1;31m<err> ads1220: config2 mismatch! 0x15 != 0x00[0m
[00:00:19.972,290] [1;31m<err> ads1220: config0 mismatch! 0x3C != 0x1C[0m
[00:00:19.972,290] [1;31m<err> analog_axis_hires: Could not setup channel #1 (-5)[0m
[00:00:19.980,010] [1;31m<err> ads1220: config2 mismatch! 0x10 != 0x00[0m
[00:00:19.980,163] [1;31m<err> ads1220: config2 mismatch! 0x15 != 0x00[0m
[00:00:19.980,285] [1;31m<err> ads1220: config0 mismatch! 0x3C != 0x1C[0m
[00:00:19.980,316] [1;31m<err> analog_axis_hires: Could not setup channel #1 (-5)[0m
[00:00:19.988,037] [1;31m<err> ads1220: config2 mismatch! 0x10 != 0x00[0m
[00:00:19.988,159] [1;31m<err> ads1220: config2 mismatch! 0x15 != 0x00[0m
[00:00:19.988,311] [1;31m<err> ads1220: config0 mismatch! 0x3C != 0x1C[0m
[00:00:19.988,311] [1;31m<err> analog_axis_hires: Could not setup channel #1 (-5)[0m
[00:00:19.996,093] [1;31m<err> ads1220: config2 mismatch! 0x10 != 0x00[0m
[00:00:19.996,215] [1;31m<err> ads1220: config2 mismatch! 0x15 != 0x00[0m
[00:00:19.996,337] [1;31m<err> ads1220: config0 mismatch! 0x3C != 0x1C[0m
[00:00:19.996,368] [1;31m<err> analog_axis_hires: Could not setup channel #1 (-5)[0m
[00:00:20.004,058] [1;31m<err> ads1220: config2 mismatch! 0x10 != 0x00[0m
[00:00:20.004,211] [1;31m<err> ads1220: config2 mismatch! 0x15 != 0x00[0m
[00:00:20.004,364] [1;31m<err> ads1220: config0 mismatch! 0x3C != 0x1C[0m
[00:00:20.004,364] [1;31m<err> analog_axis_hires: Could not setup channel #1 (-5)[0m
[00:00:20.012,115] [1;31m<err> ads1220: config2 mismatch! 0x10 != 0x00[0m
[00:00:20.012,237] [1;31m<err> ads1220: config2 mismatch! 0x15 != 0x00[0m
[00:00:20.012,390] [1;31m<err> ads1220: config0 mismatch! 0x3C != 0x1C[0m
[00:00:20.012,390] [1;31m<err> analog_axis_hires: Could not setup channel #1 (-5)[0m
[00:00:20.020,172] [1;31m<err> ads1220: config2 mismatch! 0x10 != 0x00[0m
[00:00:20.020,294] [1;31m<err> ads1220: config2 mismatch! 0x15 != 0x00[0m
[00:00:20.020,416] [1;31m<err> ads1220: config0 mismatch! 0x3C != 0x1C[0m
[00:00:20.020,446] [1;31m<err> analog_axis_hires: Could not setup channel #1 (-5)[0m
[00:00:20.028,137] [1;31m<err> ads1220: config2 mismatch! 0x10 != 0x00[0m
[00:00:20.028,289] [1;31m<err> ads1220: config2 mismatch! 0x15 != 0x00[0m
[00:00:20.028,442] [1;31m<err> ads1220: config0 mismatch! 0x3C != 0x1C[0m
[00:00:20.028,442] [1;31m<err> analog_axis_hires: Could not setup channel #1 (-5)[0m
[00:00:20.036,193] [1;31m<err> ads1220: config2 mismatch! 0x10 != 0x00[0m
[00:00:20.036,315] [1;31m<err> ads1220: config2 mismatch! 0x15 != 0x00[0m
[00:00:20.036,468] [1;31m<err> ads1220: config0 mismatch! 0x3C != 0x1C[0m
[00:00:20.036,468] [1;31m<err> analog_axis_hires: Could not setup channel #1 (-5)[0m
[00:00:20.044,250] [1;31m<err> ads1220: config2 mismatch! 0x10 != 0x00[0m
[00:00:20.044,372] [1;31m<err> ads1220: config2 mismatch! 0x15 != 0x00[0m
[00:00:20.044,494] [1;31m<err> ads1220: config0 mismatch! 0x3C != 0x1C[0m
[00:00:20.044,525] [1;31m<err> analog_axis_hires: Could not setup channel #1 (-5)[0m
[00:00:20.052,215] [1;31m<err> ads1220: config2 mismatch! 0x10 != 0x00[0m
[00:00:20.052,368] [1;31m<err> ads1220: config2 mismatch! 0x15 != 0x00[0m
[00:00:20.052,520] [1;31m<err> ads1220: config0 mismatch! 0x3C != 0x1C[0m
[00:00:20.052,520] [1;31m<err> analog_axis_hires: Could not setup channel #1 (-5)[0m
[00:00:20.060,272] [1;31m<err> ads1220: config2 mismatch! 0x10 != 0x00[0m
[00:00:20.060,394] [1;31m<err> ads1220: config2 mismatch! 0x15 != 0x00[0m
[00:00:20.060,546] [1;31m<err> ads1220: config0 mismatch! 0x3C != 0x1C[0m
[00:00:20.060,546] [1;31m<err> analog_axis_hires: Could not setup channel #1 (-5)[0m
[00:00:20.068,328] [1;31m<err> ads1220: config2 mismatch! 0x10 != 0x00[0m
[00:00:20.068,450] [1;31m<err> ads1220: config2 mismatch! 0x15 != 0x00[0m
[00:00:20.068,572] [1;31m<err> ads1220: config0 mismatch! 0x3C != 0x1C[0m
[00:00:20.068,603] [1;31m<err> analog_axis_hires: Could not setup channel #1 (-5)[0m
[00:00:20.076,293] [1;31m<err> ads1220: config2 mismatch! 0x10 != 0x00[0m
[00:00:20.076,446] [1;31m<err> ads1220: config2 mismatch! 0x15 != 0x00[0m
[00:00:20.076,599] [1;31m<err> ads1220: config0 mismatch! 0x3C != 0x1C[0m
[00:00:20.076,599] [1;31m<err> analog_axis_hires: Could not setup channel #1 (-5)[0m
[00:00:20.084,350] [1;31m<err> ads1220: config2 mismatch! 0x10 != 0x00[0m
[00:00:20.084,472] [1;31m<err> ads1220: config2 mismatch! 0x15 != 0x00[0m
[00:00:20.084,625] [1;31m<err> ads1220: config0 mismatch! 0x3C != 0x1C[0m
[00:00:20.084,625] [1;31m<err> analog_axis_hires: Could not setup channel #1 (-5)[0m
[00:00:20.092,407] [1;31m<err> ads1220: config2 mismatch! 0x10 != 0x00[0m
[00:00:20.092,529] [1;31m<err> ads1220: config2 mismatch! 0x15 != 0x00[0m
[00:00:20.092,651] [1;31m<err> ads1220: config0 mismatch! 0x3C != 0x1C[0m
[00:00:20.092,681] [1;31m<err> analog_axis_hires: Could not setup channel #1 (-5)[0m
[00:00:20.100,372] [1;31m<err> ads1220: config2 mismatch! 0x10 != 0x00[0m
[00:00:20.100,524] [1;31m<err> ads1220: config2 mismatch! 0x15 != 0x00[0m
[00:00:20.100,677] [1;31m<err> ads1220: config0 mismatch! 0x3C != 0x1C[0m
[00:00:20.100,677] [1;31m<err> analog_axis_hires: Could not setup channel #1 (-5)[0m
[00:00:20.108,428] [1;31m<err> ads1220: config2 mismatch! 0x10 != 0x00[0m
[00:00:20.108,551] [1;31m<err> ads1220: config2 mismatch! 0x15 != 0x00[0m
[00:00:20.108,703] [1;31m<err> ads1220: config0 mismatch! 0x3C != 0x1C[0m
[00:00:20.108,703] [1;31m<err> analog_axis_hires: Could not setup channel #1 (-5)[0m
[00:00:20.116,485] [1;31m<err> ads1220: config2 mismatch! 0x10 != 0x00[0m
[00:00:20.116,607] [1;31m<err> ads1220: config2 mismatch! 0x15 != 0x00[0m
[00:00:20.116,729] [1;31m<err> ads1220: config0 mismatch! 0x3C != 0x1C[0m
[00:00:20.116,760] [1;31m<err> analog_axis_hires: Could not setup channel #1 (-5)[0m
[00:00:20.124,450] [1;31m<err> ads1220: config2 mismatch! 0x10 != 0x00[0m
[00:00:20.124,603] [1;31m<err> ads1220: config2 mismatch! 0x15 != 0x00[0m
[00:00:20.124,755] [1;31m<err> ads1220: config0 mismatch! 0x3C != 0x1C[0m
[00:00:20.124,755] [1;31m<err> analog_axis_hires: Could not setup channel #1 (-5)[0m
[00:00:20.132,507] [1;31m<err> ads1220: config2 mismatch! 0x10 != 0x00[0m
[00:00:20.132,629] [1;31m<err> ads1220: config2 mismatch! 0x15 != 0x00[0m
[00:00:20.132,781] [1;31m<err> ads1220: config0 mismatch! 0x3C != 0x1C[0m
[00:00:20.132,781] [1;31m<err> analog_axis_hires: Could not setup channel #1 (-5)[0m
[00:00:20.140,563] [1;31m<err> ads1220: config2 mismatch! 0x10 != 0x00[0m
[00:00:20.140,686] [1;31m<err> ads1220: config2 mismatch! 0x15 != 0x00[0m
[00:00:20.140,808] [1;31m<err> ads1220: config0 mismatch! 0x3C != 0x1C[0m
[00:00:20.140,808] [1;31m<err> analog_axis_hires: Could not setup channel #1 (-5)[0m
[00:00:20.148,529] [1;31m<err> ads1220: config2 mismatch! 0x10 != 0x00[0m
[00:00:20.148,681] [1;31m<err> ads1220: config2 mismatch! 0x15 != 0x00[0m
[00:00:20.148,834] [1;31m<err> ads1220: config0 mismatch! 0x3C != 0x1C[0m
[00:00:20.148,834] [1;31m<err> analog_axis_hires: Could not setup channel #1 (-5)[0m
[00:00:20.156,585] [1;31m<err> ads1220: config2 mismatch! 0x10 != 0x00[0m
[00:00:20.156,707] [1;31m<err> ads1220: config2 mismatch! 0x15 != 0x00[0m
[00:00:20.156,860] [1;31m<err> ads1220: config0 mismatch! 0x3C != 0x1C[0m
[00:00:20.156,860] [1;31m<err> analog_axis_hires: Could not setup channel #1 (-5)[0m
[00:00:20.164,642] [1;31m<err> ads1220: config2 mismatch! 0x10 != 0x00[0m
[00:00:20.164,764] [1;31m<err> ads1220: config2 mismatch! 0x15 != 0x00[0m
[00:00:20.164,886] [1;31m<err> ads1220: config0 mismatch! 0x3C != 0x1C[0m
[00:00:20.164,886] [1;31m<err> analog_axis_hires: Could not setup channel #1 (-5)[0m
[00:00:20.172,607] [1;31m<err> ads1220: config2 mismatch! 0x10 != 0x00[0m
[00:00:20.172,760] [1;31m<err> ads1220: config2 mismatch! 0x15 != 0x00[0m
[00:00:20.172,912] [1;31m<err> ads1220: config0 mismatch! 0x3C != 0x1C[0m
[00:00:20.172,912] [1;31m<err> analog_axis_hires: Could not setup channel #1 (-5)[0m
[00:00:20.180,664] [1;31m<err> ads1220: config2 mismatch! 0x10 != 0x00[0m
[00:00:20.180,786] [1;31m<err> ads1220: config2 mismatch! 0x15 != 0x00[0m
[00:00:20.180,938] [1;31m<err> ads1220: config0 mismatch! 0x3C != 0x1C[0m
[00:00:20.180,938] [1;31m<err> analog_axis_hires: Could not setup channel #1 (-5)[0m
[00:00:20.188,720] [1;31m<err> ads1220: config2 mismatch! 0x10 != 0x00[0m
[00:00:20.188,842] [1;31m<err> ads1220: config2 mismatch! 0x15 != 0x00[0m
[00:00:20.188,964] [1;31m<err> ads1220: config0 mismatch! 0x3C != 0x1C[0m
[00:00:20.188,995] [1;31m<err> analog_axis_hires: Could not setup channel #1 (-5)[0m
[00:00:20.196,685] [1;31m<err> ads1220: config2 mismatch! 0x10 != 0x00[0m
[00:00:20.196,838] [1;31m<err> ads1220: config2 mismatch! 0x15 != 0x00[0m
[00:00:20.196,990] [1;31m<err> ads1220: config0 mismatch! 0x3C != 0x1C[0m
[00:00:20.196,990] [1;31m<err> analog_axis_hires: Could not setup channel #1 (-5)[0m
[00:00:20.204,742] [1;31m<err> ads1220: config2 mismatch! 0x10 != 0x00[0m
[00:00:20.204,864] [1;31m<err> ads1220: config2 mismatch! 0x15 != 0x00[0m
[00:00:20.205,017] [1;31m<err> ads1220: config0 mismatch! 0x3C != 0x1C[0m
[00:00:20.205,017] [1;31m<err> analog_axis_hires: Could not setup channel #1 (-5)[0m
[00:00:20.212,799] [1;31m<err> ads1220: config2 mismatch! 0x10 != 0x00[0m
[00:00:20.212,921] [1;31m<err> ads1220: config2 mismatch! 0x15 != 0x00[0m
[00:00:20.213,043] [1;31m<err> ads1220: config0 mismatch! 0x3C != 0x1C[0m
[00:00:20.213,073] [1;31m<err> analog_axis_hires: Could not setup channel #1 (-5)[0m
[00:00:20.220,764] [1;31m<err> ads1220: config2 mismatch! 0x10 != 0x00[0m
[00:00:20.220,916] [1;31m<err> ads1220: config2 mismatch! 0x15 != 0x00[0m
[00:00:20.221,069] [1;31m<err> ads1220: config0 mismatch! 0x3C != 0x1C[0m
[00:00:20.221,069] [1;31m<err> analog_axis_hires: Could not setup channel #1 (-5)[0m
[00:00:20.228,820] [1;31m<err> ads1220: config2 mismatch! 0x10 != 0x00[0m
[00:00:20.228,942] [1;31m<err> ads1220: config2 mismatch! 0x15 != 0x00[0m
[00:00:20.229,095] [1;31m<err> ads1220: config0 mismatch! 0x3C != 0x1C[0m
[00:00:20.229,095] [1;31m<err> analog_axis_hires: Could not setup channel #1 (-5)[0m
[00:00:20.236,846] [1;31m<err> ads1220: config2 mismatch! 0x10 != 0x00[0m
[00:00:20.236,999] [1;31m<err> ads1220: config2 mismatch! 0x15 != 0x00[0m
[00:00:20.237,121] [1;31m<err> ads1220: config0 mismatch! 0x3C != 0x1C[0m
[00:00:20.237,121] [1;31m<err> analog_axis_hires: Could not setup channel #1 (-5)[0m
[00:00:20.244,842] [1;31m<err> ads1220: config2 mismatch! 0x10 != 0x00[0m
[00:00:20.244,995] [1;31m<err> ads1220: config2 mismatch! 0x15 != 0x00[0m
[00:00:20.245,147] [1;31m<err> ads1220: config0 mismatch! 0x3C != 0x1C[0m
[00:00:20.245,147] [1;31m<err> analog_axis_hires: Could not setup channel #1 (-5)[0m
[00:00:20.252,899] [1;31m<err> ads1220: config2 mismatch! 0x10 != 0x00[0m
[00:00:20.253,021] [1;31m<err> ads1220: config2 mismatch! 0x15 != 0x00[0m
[00:00:20.253,173] [1;31m<err> ads1220: config0 mismatch! 0x3C != 0x1C[0m
[00:00:20.253,173] [1;31m<err> analog_axis_hires: Could not setup channel #1 (-5)[0m
[00:00:20.260,925] [1;31m<err> ads1220: config2 mismatch! 0x10 != 0x00[0m
[00:00:20.261,047] [1;31m<err> ads1220: config2 mismatch! 0x15 != 0x00[0m
[00:00:20.261,199] [1;31m<err> ads1220: config0 mismatch! 0x3C != 0x1C[0m
[00:00:20.261,199] [1;31m<err> analog_axis_hires: Could not setup channel #1 (-5)[0m
[00:00:20.268,920] [1;31m<err> ads1220: config2 mismatch! 0x10 != 0x00[0m
[00:00:20.269,073] [1;31m<err> ads1220: config2 mismatch! 0x15 != 0x00[0m
[00:00:20.269,226] [1;31m<err> ads1220: config0 mismatch! 0x3C != 0x1C[0m
[00:00:20.269,226] [1;31m<err> analog_axis_hires: Could not setup channel #1 (-5)[0m
[00:00:20.276,977] [1;31m<err> ads1220: config2 mismatch! 0x10 != 0x00[0m
[00:00:20.277,099] [1;31m<err> ads1220: config2 mismatch! 0x15 != 0x00[0m
[00:00:20.277,252] [1;31m<err> ads1220: config0 mismatch! 0x3C != 0x1C[0m
[00:00:20.277,252] [1;31m<err> analog_axis_hires: Could not setup channel #1 (-5)[0m
[00:00:20.285,034] [1;31m<err> ads1220: config2 mismatch! 0x10 != 0x00[0m
[00:00:20.285,156] [1;31m<err> ads1220: config2 mismatch! 0x15 != 0x00[0m
[00:00:20.285,308] [1;31m<err> ads1220: config0 mismatch! 0x3C != 0x1C[0m
[00:00:20.285,308] [1;31m<err> analog_axis_hires: Could not setup channel #1 (-5)[0m
[00:00:20.292,999] [1;31m<err> ads1220: config2 mismatch! 0x10 != 0x00[0m
[00:00:20.293,151] [1;31m<err> ads1220: config2 mismatch! 0x15 != 0x00[0m
[00:00:20.293,304] [1;31m<err> ads1220: config0 mismatch! 0x3C != 0x1C[0m
[00:00:20.293,304] [1;31m<err> analog_axis_hires: Could not setup channel #1 (-5)[0m
[00:00:20.301,055] [1;31m<err> ads1220: config2 mismatch! 0x10 != 0x00[0m
[00:00:20.301,177] [1;31m<err> ads1220: config2 mismatch! 0x15 != 0x00[0m
[00:00:20.301,330] [1;31m<err> ads1220: config0 mismatch! 0x3C != 0x1C[0m
[00:00:20.301,330] [1;31m<err> analog_axis_hires: Could not setup channel #1 (-5)[0m
[00:00:20.309,112] [1;31m<err> ads1220: config2 mismatch! 0x10 != 0x00[0m
[00:00:20.309,234] [1;31m<err> ads1220: config2 mismatch! 0x15 != 0x00[0m
[00:00:20.309,356] [1;31m<err> ads1220: config0 mismatch! 0x3C != 0x1C[0m
[00:00:20.309,387] [1;31m<err> analog_axis_hires: Could not setup channel #1 (-5)[0m
[00:00:20.317,077] [1;31m<err> ads1220: config2 mismatch! 0x10 != 0x00[0m
[00:00:20.317,230] [1;31m<err> ads1220: config2 mismatch! 0x15 != 0x00[0m
[00:00:20.317,382] [1;31m<err> ads1220: config0 mismatch! 0x3C != 0x1C[0m
[00:00:20.317,382] [1;31m<err> analog_axis_hires: Could not setup channel #1 (-5)[0m
[00:00:20.325,134] [1;31m<err> ads1220: config2 mismatch! 0x10 != 0x00[0m
[00:00:20.325,256] [1;31m<err> ads1220: config2 mismatch! 0x15 != 0x00[0m
[00:00:20.325,408] [1;31m<err> ads1220: config0 mismatch! 0x3C != 0x1C[0m
[00:00:20.325,408] [1;31m<err> analog_axis_hires: Could not setup channel #1 (-5)[0m
[00:00:20.333,190] [1;31m<err> ads1220: config2 mismatch! 0x10 != 0x00[0m
[00:00:20.333,312] [1;31m<err> ads1220: config2 mismatch! 0x15 != 0x00[0m
[00:00:20.333,435] [1;31m<err> ads1220: config0 mismatch! 0x3C != 0x1C[0m
[00:00:20.333,465] [1;31m<err> analog_axis_hires: Could not setup channel #1 (-5)[0m
[00:00:20.341,156] [1;31m<err> ads1220: config2 mismatch! 0x10 != 0x00[0m
[00:00:20.341,308] [1;31m<err> ads1220: config2 mismatch! 0x15 != 0x00[0m
[00:00:20.341,461] [1;31m<err> ads1220: config0 mismatch! 0x3C != 0x1C[0m
[00:00:20.341,461] [1;31m<err> analog_axis_hires: Could not setup channel #1 (-5)[0m
[00:00:20.349,212] [1;31m<err> ads1220: config2 mismatch! 0x10 != 0x00[0m
[00:00:20.349,334] [1;31m<err> ads1220: config2 mismatch! 0x15 != 0x00[0m
[00:00:20.349,487] [1;31m<err> ads1220: config0 mismatch! 0x3C != 0x1C[0m
[00:00:20.349,487] [1;31m<err> analog_axis_hires: Could not setup channel #1 (-5)[0m
[00:00:20.357,269] [1;31m<err> ads1220: config2 mismatch! 0x10 != 0x00[0m
[00:00:20.357,391] [1;31m<err> ads1220: config2 mismatch! 0x15 != 0x00[0m
[00:00:20.357,513] [1;31m<err> ads1220: config0 mismatch! 0x3C != 0x1C[0m
[00:00:20.357,543] [1;31m<err> analog_axis_hires: Could not setup channel #1 (-5)[0m
[00:00:20.365,234] [1;31m<err> ads1220: config2 mismatch! 0x10 != 0x00[0m
[00:00:20.365,386] [1;31m<err> ads1220: config2 mismatch! 0x15 != 0x00[0m
[00:00:20.365,539] [1;31m<err> ads1220: config0 mismatch! 0x3C != 0x1C[0m
[00:00:20.365,539] [1;31m<err> analog_axis_hires: Could not setup channel #1 (-5)[0m
[00:00:20.373,291] [1;31m<err> ads1220: config2 mismatch! 0x10 != 0x00[0m
[00:00:20.373,413] [1;31m<err> ads1220: config2 mismatch! 0x15 != 0x00[0m
[00:00:20.373,565] [1;31m<err> ads1220: config0 mismatch! 0x3C != 0x1C[0m
[00:00:20.373,565] [1;31m<err> analog_axis_hires: Could not setup channel #1 (-5)[0m
[00:00:20.381,317] [1;31m<err> ads1220: config2 mismatch! 0x10 != 0x00[0m
[00:00:20.381,439] [1;31m<err> ads1220: config2 mismatch! 0x15 != 0x00[0m
[00:00:20.381,561] [1;31m<err> ads1220: config0 mismatch! 0x3C != 0x1C[0m
[00:00:20.381,561] [1;31m<err> analog_axis_hires: Could not setup channel #1 (-5)[0m
[00:00:20.389,312] [1;31m<err> ads1220: config2 mismatch! 0x10 != 0x00[0m
[00:00:20.389,465] [1;31m<err> ads1220: config2 mismatch! 0x15 != 0x00[0m
[00:00:20.389,617] [1;31m<err> ads1220: config0 mismatch! 0x3C != 0x1C[0m
[00:00:20.389,617] [1;31m<err> analog_axis_hires: Could not setup channel #1 (-5)[0m
[00:00:20.397,369] [1;31m<err> ads1220: config2 mismatch! 0x10 != 0x00[0m
[00:00:20.397,491] [1;31m<err> ads1220: config2 mismatch! 0x15 != 0x00[0m
[00:00:20.397,644] [1;31m<err> ads1220: config0 mismatch! 0x3C != 0x1C[0m
[00:00:20.397,644] [1;31m<err> analog_axis_hires: Could not setup channel #1 (-5)[0m
[00:00:20.405,426] [1;31m<err> ads1220: config2 mismatch! 0x10 != 0x00[0m
[00:00:20.405,548] [1;31m<err> ads1220: config2 mismatch! 0x15 != 0x00[0m
[00:00:20.405,670] [1;31m<err> ads1220: config0 mismatch! 0x3C != 0x1C[0m
[00:00:20.405,670] [1;31m<err> analog_axis_hires: Could not setup channel #1 (-5)[0m
[00:00:20.413,391] [1;31m<err> ads1220: config2 mismatch! 0x10 != 0x00[0m
[00:00:20.413,543] [1;31m<err> ads1220: config2 mismatch! 0x15 != 0x00[0m
[00:00:20.413,696] [1;31m<err> ads1220: config0 mismatch! 0x3C != 0x1C[0m
[00:00:20.413,696] [1;31m<err> analog_axis_hires: Could not setup channel #1 (-5)[0m
[00:00:20.421,447] [1;31m<err> ads1220: config2 mismatch! 0x10 != 0x00[0m
[00:00:20.421,569] [1;31m<err> ads1220: config2 mismatch! 0x15 != 0x00[0m
[00:00:20.421,722] [1;31m<err> ads1220: config0 mismatch! 0x3C != 0x1C[0m
[00:00:20.421,722] [1;31m<err> analog_axis_hires: Could not setup channel #1 (-5)[0m
[00:00:20.429,504] [1;31m<err> ads1220: config2 mismatch! 0x10 != 0x00[0m
[00:00:20.429,626] [1;31m<err> ads1220: config2 mismatch! 0x15 != 0x00[0m
[00:00:20.429,748] [1;31m<err> ads1220: config0 mismatch! 0x3C != 0x1C[0m
[00:00:20.429,779] [1;31m<err> analog_axis_hires: Could not setup channel #1 (-5)[0m
[00:00:20.437,469] [1;31m<err> ads1220: config2 mismatch! 0x10 != 0x00[0m
[00:00:20.437,622] [1;31m<err> ads1220: config2 mismatch! 0x15 != 0x00[0m
[00:00:20.437,774] [1;31m<err> ads1220: config0 mismatch! 0x3C != 0x1C[0m
[00:00:20.437,774] [1;31m<err> analog_axis_hires: Could not setup channel #1 (-5)[0m
[00:00:20.445,526] [1;31m<err> ads1220: config2 mismatch! 0x10 != 0x00[0m
[00:00:20.445,648] [1;31m<err> ads1220: config2 mismatch! 0x15 != 0x00[0m
[00:00:20.445,800] [1;31m<err> ads1220: config0 mismatch! 0x3C != 0x1C[0m
[00:00:20.445,800] [1;31m<err> analog_axis_hires: Could not setup channel #1 (-5)[0m
[00:00:20.453,552] [1;31m<err> ads1220: config2 mismatch! 0x10 != 0x00[0m
[00:00:20.453,704] [1;31m<err> ads1220: config2 mismatch! 0x15 != 0x00[0m
[00:00:20.453,826] [1;31m<err> ads1220: config0 mismatch! 0x3C != 0x1C[0m
[00:00:20.453,826] [1;31m<err> analog_axis_hires: Could not setup channel #1 (-5)[0m
[00:00:20.461,547] [1;31m<err> ads1220: config2 mismatch! 0x10 != 0x00[0m
[00:00:20.461,700] [1;31m<err> ads1220: config2 mismatch! 0x15 != 0x00[0m
[00:00:20.461,853] [1;31m<err> ads1220: config0 mismatch! 0x3C != 0x1C[0m
[00:00:20.461,853] [1;31m<err> analog_axis_hires: Could not setup channel #1 (-5)[0m
[00:00:20.469,604] [1;31m<err> ads1220: config2 mismatch! 0x10 != 0x00[0m
[00:00:20.469,726] [1;31m<err> ads1220: config2 mismatch! 0x15 != 0x00[0m
[00:00:20.469,879] [1;31m<err> ads1220: config0 mismatch! 0x3C != 0x1C[0m
[00:00:20.469,879] [1;31m<err> analog_axis_hires: Could not setup channel #1 (-5)[0m
[00:00:20.477,630] [1;31m<err> ads1220: config2 mismatch! 0x10 != 0x00[0m
[00:00:20.477,752] [1;31m<err> ads1220: config2 mismatch! 0x15 != 0x00[0m
[00:00:20.477,905] [1;31m<err> ads1220: config0 mismatch! 0x3C != 0x1C[0m
[00:00:20.477,905] [1;31m<err> analog_axis_hires: Could not setup channel #1 (-5)[0m
[00:00:20.485,626] [1;31m<err> ads1220: config2 mismatch! 0x10 != 0x00[0m
[00:00:20.485,778] [1;31m<err> ads1220: config2 mismatch! 0x15 != 0x00[0m
[00:00:20.485,931] [1;31m<err> ads1220: config0 mismatch! 0x3C != 0x1C[0m
[00:00:20.485,931] [1;31m<err> analog_axis_hires: Could not setup channel #1 (-5)[0m
[00:00:20.493,682] [1;31m<err> ads1220: config2 mismatch! 0x10 != 0x00[0m
[00:00:20.493,804] [1;31m<err> ads1220: config2 mismatch! 0x15 != 0x00[0m
[00:00:20.493,957] [1;31m<err> ads1220: config0 mismatch! 0x3C != 0x1C[0m
[00:00:20.493,957] [1;31m<err> analog_axis_hires: Could not setup channel #1 (-5)[0m
[00:00:20.501,708] [1;31m<err> ads1220: config2 mismatch! 0x10 != 0x00[0m
[00:00:20.501,861] [1;31m<err> ads1220: config2 mismatch! 0x15 != 0x00[0m
[00:00:20.501,983] [1;31m<err> ads1220: config0 mismatch! 0x3C != 0x1C[0m
[00:00:20.501,983] [1;31m<err> analog_axis_hires: Could not setup channel #1 (-5)[0m
[00:00:20.509,704] [1;31m<err> ads1220: config2 mismatch! 0x10 != 0x00[0m
[00:00:20.509,857] [1;31m<err> ads1220: config2 mismatch! 0x15 != 0x00[0m
[00:00:20.510,009] [1;31m<err> ads1220: config0 mismatch! 0x3C != 0x1C[0m
[00:00:20.510,009] [1;31m<err> analog_axis_hires: Could not setup channel #1 (-5)[0m
[00:00:20.517,761] [1;31m<err> ads1220: config2 mismatch! 0x10 != 0x00[0m
[00:00:20.517,883] [1;31m<err> ads1220: config2 mismatch! 0x15 != 0x00[0m
[00:00:20.518,035] [1;31m<err> ads1220: config0 mismatch! 0x3C != 0x1C[0m
[00:00:20.518,035] [1;31m<err> analog_axis_hires: Could not setup channel #1 (-5)[0m
[00:00:20.525,787] [1;31m<err> ads1220: config2 mismatch! 0x10 != 0x00[0m
[00:00:20.525,909] [1;31m<err> ads1220: config2 mismatch! 0x15 != 0x00[0m
[00:00:20.526,062] [1;31m<err> ads1220: config0 mismatch! 0x3C != 0x1C[0m
[00:00:20.526,062] [1;31m<err> analog_axis_hires: Could not setup channel #1 (-5)[0m
[00:00:20.533,782] [1;31m<err> ads1220: config2 mismatch! 0x10 != 0x00[0m
[00:00:20.533,935] [1;31m<err> ads1220: config2 mismatch! 0x15 != 0x00[0m
[00:00:20.534,088] [1;31m<err> ads1220: config0 mismatch! 0x3C != 0x1C[0m
[00:00:20.534,088] [1;31m<err> analog_axis_hires: Could not setup channel #1 (-5)[0m
[00:00:20.541,839] [1;31m<err> ads1220: config2 mismatch! 0x10 != 0x00[0m
[00:00:20.541,961] [1;31m<err> ads1220: config2 mismatch! 0x15 != 0x00[0m
[00:00:20.542,114] [1;31m<err> ads1220: config0 mismatch! 0x3C != 0x1C[0m
[00:00:20.542,114] [1;31m<err> analog_axis_hires: Could not setup channel #1 (-5)[0m
[00:00:20.549,896] [1;31m<err> ads1220: config2 mismatch! 0x10 != 0x00[0m
[00:00:20.550,018] [1;31m<err> ads1220: config2 mismatch! 0x15 != 0x00[0m
[00:00:20.550,140] [1;31m<err> ads1220: config0 mismatch! 0x3C != 0x1C[0m
[00:00:20.550,170] [1;31m<err> analog_axis_hires: Could not setup channel #1 (-5)[0m
[00:00:20.557,861] [1;31m<err> ads1220: config2 mismatch! 0x10 != 0x00[0m
[00:00:20.558,013] [1;31m<err> ads1220: config2 mismatch! 0x15 != 0x00[0m
[00:00:20.558,166] [1;31m<err> ads1220: config0 mismatch! 0x3C != 0x1C[0m
[00:00:20.558,166] [1;31m<err> analog_axis_hires: Could not setup channel #1 (-5)[0m
[00:00:20.565,917] [1;31m<err> ads1220: config2 mismatch! 0x10 != 0x00[0m
[00:00:20.566,040] [1;31m<err> ads1220: config2 mismatch! 0x15 != 0x00[0m
[00:00:20.566,192] [1;31m<err> ads1220: config0 mismatch! 0x3C != 0x1C[0m
[00:00:20.566,192] [1;31m<err> analog_axis_hires: Could not setup channel #1 (-5)[0m
[00:00:20.573,974] [1;31m<err> ads1220: config2 mismatch! 0x10 != 0x00[0m
[00:00:20.574,096] [1;31m<err> ads1220: config2 mismatch! 0x15 != 0x00[0m
[00:00:20.574,249] [1;31m<err> ads1220: config0 mismatch! 0x3C != 0x1C[0m
[00:00:20.574,249] [1;31m<err> analog_axis_hires: Could not setup channel #1 (-5)[0m
[00:00:20.581,939] [1;31m<err> ads1220: config2 mismatch! 0x10 != 0x00[0m
[00:00:20.582,092] [1;31m<err> ads1220: config2 mismatch! 0x15 != 0x00[0m
[00:00:20.582,244] [1;31m<err> ads1220: config0 mismatch! 0x3C != 0x1C[0m
[00:00:20.582,244] [1;31m<err> analog_axis_hires: Could not setup channel #1 (-5)[0m
[00:00:20.589,996] [1;31m<err> ads1220: config2 mismatch! 0x10 != 0x00[0m
[00:00:20.590,118] [1;31m<err> ads1220: config2 mismatch! 0x15 != 0x00[0m
[00:00:20.590,270] [1;31m<err> ads1220: config0 mismatch! 0x3C != 0x1C[0m
[00:00:20.590,270] [1;31m<err> analog_axis_hires: Could not setup channel #1 (-5)[0m
[00:00:20.598,052] [1;31m<err> ads1220: config2 mismatch! 0x10 != 0x00[0m
[00:00:20.598,175] [1;31m<err> ads1220: config2 mismatch! 0x15 != 0x00[0m
[00:00:20.598,297] [1;31m<err> ads1220: config0 mismatch! 0x3C != 0x1C[0m
[00:00:20.598,327] [1;31m<err> analog_axis_hires: Could not setup channel #1 (-5)[0m
[00:00:20.606,018] [1;31m<err> ads1220: config2 mismatch! 0x10 != 0x00[0m
[00:00:20.606,170] [1;31m<err> ads1220: config2 mismatch! 0x15 != 0x00[0m
[00:00:20.606,323] [1;31m<err> ads1220: config0 mismatch! 0x3C != 0x1C[0m
[00:00:20.606,323] [1;31m<err> analog_axis_hires: Could not setup channel #1 (-5)[0m
[00:00:20.614,074] [1;31m<err> ads1220: config2 mismatch! 0x10 != 0x00[0m
[00:00:20.614,196] [1;31m<err> ads1220: config2 mismatch! 0x15 != 0x00[0m
[00:00:20.614,349] [1;31m<err> ads1220: config0 mismatch! 0x3C != 0x1C[0m
[00:00:20.614,349] [1;31m<err> analog_axis_hires: Could not setup channel #1 (-5)[0m
[00:00:20.622,131] [1;31m<err> ads1220: config2 mismatch! 0x10 != 0x00[0m
[00:00:20.622,253] [1;31m<err> ads1220: config2 mismatch! 0x15 != 0x00[0m
[00:00:20.622,375] [1;31m<err> ads1220: config0 mismatch! 0x3C != 0x1C[0m
[00:00:20.622,406] [1;31m<err> analog_axis_hires: Could not setup channel #1 (-5)[0m
[00:00:20.630,096] [1;31m<err> ads1220: config2 mismatch! 0x10 != 0x00[0m
[00:00:20.630,249] [1;31m<err> ads1220: config2 mismatch! 0x15 != 0x00[0m
[00:00:20.630,401] [1;31m<err> ads1220: config0 mismatch! 0x3C != 0x1C[0m
[00:00:20.630,401] [1;31m<err> analog_axis_hires: Could not setup channel #1 (-5)[0m
[00:00:20.638,153] [1;31m<err> ads1220: config2 mismatch! 0x10 != 0x00[0m
[00:00:20.638,275] [1;31m<err> ads1220: config2 mismatch! 0x15 != 0x00[0m
[00:00:20.638,427] [1;31m<err> ads1220: config0 mismatch! 0x3C != 0x1C[0m
[00:00:20.638,427] [1;31m<err> analog_axis_hires: Could not setup channel #1 (-5)[0m
[00:00:20.646,209] [1;31m<err> ads1220: config2 mismatch! 0x10 != 0x00[0m
[00:00:20.646,331] [1;31m<err> ads1220: config2 mismatch! 0x15 != 0x00[0m
[00:00:20.646,453] [1;31m<err> ads1220: config0 mismatch! 0x3C != 0x1C[0m
[00:00:20.646,484] [1;31m<err> analog_axis_hires: Could not setup channel #1 (-5)[0m
[00:00:20.654,174] [1;31m<err> ads1220: config2 mismatch! 0x10 != 0x00[0m
[00:00:20.654,327] [1;31m<err> ads1220: config2 mismatch! 0x15 != 0x00[0m
[00:00:20.654,479] [1;31m<err> ads1220: config0 mismatch! 0x3C != 0x1C[0m
[00:00:20.654,479] [1;31m<err> analog_axis_hires: Could not setup channel #1 (-5)[0m
[00:00:20.662,231] [1;31m<err> ads1220: config2 mismatch! 0x10 != 0x00[0m
[00:00:20.662,353] [1;31m<err> ads1220: config2 mismatch! 0x15 != 0x00[0m
[00:00:20.662,506] [1;31m<err> ads1220: config0 mismatch! 0x3C != 0x1C[0m
[00:00:20.662,506] [1;31m<err> analog_axis_hires: Could not setup channel #1 (-5)[0m
[00:00:20.670,288] [1;31m<err> ads1220: config2 mismatch! 0x10 != 0x00[0m
[00:00:20.670,410] [1;31m<err> ads1220: config2 mismatch! 0x15 != 0x00[0m
[00:00:20.670,532] [1;31m<err> ads1220: config0 mismatch! 0x3C != 0x1C[0m
[00:00:20.670,562] [1;31m<err> analog_axis_hires: Could not setup channel #1 (-5)[0m
[00:00:20.678,253] [1;31m<err> ads1220: config2 mismatch! 0x10 != 0x00[0m
[00:00:20.678,405] [1;31m<err> ads1220: config2 mismatch! 0x15 != 0x00[0m
[00:00:20.678,558] [1;31m<err> ads1220: config0 mismatch! 0x3C != 0x1C[0m
[00:00:20.678,558] [1;31m<err> analog_axis_hires: Could not setup channel #1 (-5)[0m
[00:00:20.686,309] [1;31m<err> ads1220: config2 mismatch! 0x10 != 0x00[0m
[00:00:20.686,431] [1;31m<err> ads1220: config2 mismatch! 0x15 != 0x00[0m
[00:00:20.686,584] [1;31m<err> ads1220: config0 mismatch! 0x3C != 0x1C[0m
[00:00:20.686,584] [1;31m<err> analog_axis_hires: Could not setup channel #1 (-5)[0m
[00:00:20.694,366] [1;31m<err> ads1220: config2 mismatch! 0x10 != 0x00[0m
[00:00:20.694,488] [1;31m<err> ads1220: config2 mismatch! 0x15 != 0x00[0m
[00:00:20.694,610] [1;31m<err> ads1220: config0 mismatch! 0x3C != 0x1C[0m
[00:00:20.694,610] [1;31m<err> analog_axis_hires: Could not setup channel #1 (-5)[0m
[00:00:20.702,331] [1;31m<err> ads1220: config2 mismatch! 0x10 != 0x00[0m
[00:00:20.702,484] [1;31m<err> ads1220: config2 mismatch! 0x15 != 0x00[0m
[00:00:20.702,636] [1;31m<err> ads1220: config0 mismatch! 0x3C != 0x1C[0m
[00:00:20.702,636] [1;31m<err> analog_axis_hires: Could not setup channel #1 (-5)[0m
[00:00:20.710,388] [1;31m<err> ads1220: config2 mismatch! 0x10 != 0x00[0m
[00:00:20.710,510] [1;31m<err> ads1220: config2 mismatch! 0x15 != 0x00[0m
[00:00:20.710,662] [1;31m<err> ads1220: config0 mismatch! 0x3C != 0x1C[0m
[00:00:20.710,662] [1;31m<err> analog_axis_hires: Could not setup channel #1 (-5)[0m
[00:00:20.718,444] [1;31m<err> ads1220: config2 mismatch! 0x10 != 0x00[0m
[00:00:20.718,566] [1;31m<err> ads1220: config2 mismatch! 0x15 != 0x00[0m
[00:00:20.718,688] [1;31m<err> ads1220: config0 mismatch! 0x3C != 0x1C[0m
[00:00:20.718,688] [1;31m<err> analog_axis_hires: Could not setup channel #1 (-5)[0m
[00:00:20.726,409] [1;31m<err> ads1220: config2 mismatch! 0x10 != 0x00[0m
[00:00:20.726,562] [1;31m<err> ads1220: config2 mismatch! 0x15 != 0x00[0m
[00:00:20.726,715] [1;31m<err> ads1220: config0 mismatch! 0x3C != 0x1C[0m
[00:00:20.726,715] [1;31m<err> analog_axis_hires: Could not setup channel #1 (-5)[0m
[00:00:20.734,466] [1;31m<err> ads1220: config2 mismatch! 0x10 != 0x00[0m
[00:00:20.734,588] [1;31m<err> ads1220: config2 mismatch! 0x15 != 0x00[0m
[00:00:20.734,741] [1;31m<err> ads1220: config0 mismatch! 0x3C != 0x1C[0m
[00:00:20.734,741] [1;31m<err> analog_axis_hires: Could not setup channel #1 (-5)[0m
[00:00:20.742,523] [1;31m<err> ads1220: config2 mismatch! 0x10 != 0x00[0m
[00:00:20.742,645] [1;31m<err> ads1220: config2 mismatch! 0x15 != 0x00[0m
[00:00:20.742,767] [1;31m<err> ads1220: config0 mismatch! 0x3C != 0x1C[0m
[00:00:20.742,797] [1;31m<err> analog_axis_hires: Could not setup channel #1 (-5)[0m
[00:00:20.750,488] [1;31m<err> ads1220: config2 mismatch! 0x10 != 0x00[0m
[00:00:20.750,640] [1;31m<err> ads1220: config2 mismatch! 0x15 != 0x00[0m
[00:00:20.750,793] [1;31m<err> ads1220: config0 mismatch! 0x3C != 0x1C[0m
[00:00:20.750,793] [1;31m<err> analog_axis_hires: Could not setup channel #1 (-5)[0m
[00:00:20.758,544] [1;31m<err> ads1220: config2 mismatch! 0x10 != 0x00[0m
[00:00:20.758,666] [1;31m<err> ads1220: config2 mismatch! 0x15 != 0x00[0m
[00:00:20.758,819] [1;31m<err> ads1220: config0 mismatch! 0x3C != 0x1C[0m
[00:00:20.758,819] [1;31m<err> analog_axis_hires: Could not setup channel #1 (-5)[0m
[00:00:20.766,601] [1;31m<err> ads1220: config2 mismatch! 0x10 != 0x00[0m
[00:00:20.766,723] [1;31m<err> ads1220: config2 mismatch! 0x15 != 0x00[0m
[00:00:20.766,845] [1;31m<err> ads1220: config0 mismatch! 0x3C != 0x1C[0m
[00:00:20.766,876] [1;31m<err> analog_axis_hires: Could not setup channel #1 (-5)[0m
[00:00:20.774,566] [1;31m<err> ads1220: config2 mismatch! 0x10 != 0x00[0m
[00:00:20.774,719] [1;31m<err> ads1220: config2 mismatch! 0x15 != 0x00[0m
[00:00:20.774,871] [1;31m<err> ads1220: config0 mismatch! 0x3C != 0x1C[0m
[00:00:20.774,871] [1;31m<err> analog_axis_hires: Could not setup channel #1 (-5)[0m
[00:00:20.782,623] [1;31m<err> ads1220: config2 mismatch! 0x10 != 0x00[0m
[00:00:20.782,745] [1;31m<err> ads1220: config2 mismatch! 0x15 != 0x00[0m
[00:00:20.782,897] [1;31m<err> ads1220: config0 mismatch! 0x3C != 0x1C[0m
[00:00:20.782,897] [1;31m<err> analog_axis_hires: Could not setup channel #1 (-5)[0m
[00:00:20.790,649] [1;31m<err> ads1220: config2 mismatch! 0x10 != 0x00[0m
[00:00:20.790,802] [1;31m<err> ads1220: config2 mismatch! 0x15 != 0x00[0m
[00:00:20.790,924] [1;31m<err> ads1220: config0 mismatch! 0x3C != 0x1C[0m
[00:00:20.790,924] [1;31m<err> analog_axis_hires: Could not setup channel #1 (-5)[0m
[00:00:20.798,706] [1;31m<err> ads1220: config2 mismatch! 0x10 != 0x00[0m
[00:00:20.798,858] [1;31m<err> ads1220: config2 mismatch! 0x15 != 0x00[0m
[00:00:20.798,980] [1;31m<err> ads1220: config0 mismatch! 0x3C != 0x1C[0m
[00:00:20.799,011] [1;31m<err> analog_axis_hires: Could not setup channel #1 (-5)[0m
[00:00:20.806,701] [1;31m<err> ads1220: config2 mismatch! 0x10 != 0x00[0m
[00:00:20.806,823] [1;31m<err> ads1220: config2 mismatch! 0x15 != 0x00[0m
[00:00:20.806,976] [1;31m<err> ads1220: config0 mismatch! 0x3C != 0x1C[0m
[00:00:20.806,976] [1;31m<err> analog_axis_hires: Could not setup channel #1 (-5)[0m
[00:00:20.814,758] [1;31m<err> ads1220: config2 mismatch! 0x10 != 0x00[0m
[00:00:20.814,880] [1;31m<err> ads1220: config2 mismatch! 0x15 != 0x00[0m
[00:00:20.815,032] [1;31m<err> ads1220: config0 mismatch! 0x3C != 0x1C[0m
[00:00:20.815,032] [1;31m<err> analog_axis_hires: Could not setup channel #1 (-5)[0m
[00:00:20.822,723] [1;31m<err> ads1220: config2 mismatch! 0x10 != 0x00[0m
[00:00:20.822,875] [1;31m<err> ads1220: config2 mismatch! 0x15 != 0x00[0m
[00:00:20.823,028] [1;31m<err> ads1220: config0 mismatch! 0x3C != 0x1C[0m
[00:00:20.823,028] [1;31m<err> analog_axis_hires: Could not setup channel #1 (-5)[0m
[00:00:20.830,780] [1;31m<err> ads1220: config2 mismatch! 0x10 != 0x00[0m
[00:00:20.830,902] [1;31m<err> ads1220: config2 mismatch! 0x15 != 0x00[0m
[00:00:20.831,054] [1;31m<err> ads1220: config0 mismatch! 0x3C != 0x1C[0m
[00:00:20.831,054] [1;31m<err> analog_axis_hires: Could not setup channel #1 (-5)[0m
[00:00:20.838,806] [1;31m<err> ads1220: config2 mismatch! 0x10 != 0x00[0m
[00:00:20.838,958] [1;31m<err> ads1220: config2 mismatch! 0x15 != 0x00[0m
[00:00:20.839,080] [1;31m<err> ads1220: config0 mismatch! 0x3C != 0x1C[0m
[00:00:20.839,080] [1;31m<err> analog_axis_hires: Could not setup channel #1 (-5)[0m
[00:00:20.846,801] [1;31m<err> ads1220: config2 mismatch! 0x10 != 0x00[0m
[00:00:20.846,954] [1;31m<err> ads1220: config2 mismatch! 0x15 != 0x00[0m
[00:00:20.847,106] [1;31m<err> ads1220: config0 mismatch! 0x3C != 0x1C[0m
[00:00:20.847,106] [1;31m<err> analog_axis_hires: Could not setup channel #1 (-5)[0m
[00:00:20.854,858] [1;31m<err> ads1220: config2 mismatch! 0x10 != 0x00[0m
[00:00:20.854,980] [1;31m<err> ads1220: config2 mismatch! 0x15 != 0x00[0m
[00:00:20.855,133] [1;31m<err> ads1220: config0 mismatch! 0x3C != 0x1C[0m
[00:00:20.855,133] [1;31m<err> analog_axis_hires: Could not setup channel #1 (-5)[0m
[00:00:20.862,915] [1;31m<err> ads1220: config2 mismatch! 0x10 != 0x00[0m
[00:00:20.863,037] [1;31m<err> ads1220: config2 mismatch! 0x15 != 0x00[0m
[00:00:20.863,159] [1;31m<err> ads1220: config0 mismatch! 0x3C != 0x1C[0m
[00:00:20.863,189] [1;31m<err> analog_axis_hires: Could not setup channel #1 (-5)[0m
[00:00:20.870,880] [1;31m<err> ads1220: config2 mismatch! 0x10 != 0x00[0m
[00:00:20.871,032] [1;31m<err> ads1220: config2 mismatch! 0x15 != 0x00[0m
[00:00:20.871,185] [1;31m<err> ads1220: config0 mismatch! 0x3C != 0x1C[0m
[00:00:20.871,185] [1;31m<err> analog_axis_hires: Could not setup channel #1 (-5)[0m
[00:00:20.878,936] [1;31m<err> ads1220: config2 mismatch! 0x10 != 0x00[0m
[00:00:20.879,058] [1;31m<err> ads1220: config2 mismatch! 0x15 != 0x00[0m
[00:00:20.879,211] [1;31m<err> ads1220: config0 mismatch! 0x3C != 0x1C[0m
[00:00:20.879,211] [1;31m<err> analog_axis_hires: Could not setup channel #1 (-5)[0m
[00:00:20.886,993] [1;31m<err> ads1220: config2 mismatch! 0x10 != 0x00[0m
[00:00:20.887,115] [1;31m<err> ads1220: config2 mismatch! 0x15 != 0x00[0m
[00:00:20.887,237] [1;31m<err> ads1220: config0 mismatch! 0x3C != 0x1C[0m
[00:00:20.887,268] [1;31m<err> analog_axis_hires: Could not setup channel #1 (-5)[0m
[00:00:20.894,958] [1;31m<err> ads1220: config2 mismatch! 0x10 != 0x00[0m
[00:00:20.895,111] [1;31m<err> ads1220: config2 mismatch! 0x15 != 0x00[0m
[00:00:20.895,263] [1;31m<err> ads1220: config0 mismatch! 0x3C != 0x1C[0m
[00:00:20.895,263] [1;31m<err> analog_axis_hires: Could not setup channel #1 (-5)[0m
[00:00:20.903,015] [1;31m<err> ads1220: config2 mismatch! 0x10 != 0x00[0m
[00:00:20.903,137] [1;31m<err> ads1220: config2 mismatch! 0x15 != 0x00[0m
[00:00:20.903,289] [1;31m<err> ads1220: config0 mismatch! 0x3C != 0x1C[0m
[00:00:20.903,289] [1;31m<err> analog_axis_hires: Could not setup channel #1 (-5)[0m
[00:00:20.911,071] [1;31m<err> ads1220: config2 mismatch! 0x10 != 0x00[0m
[00:00:20.911,193] [1;31m<err> ads1220: config2 mismatch! 0x15 != 0x00[0m
[00:00:20.911,315] [1;31m<err> ads1220: config0 mismatch! 0x3C != 0x1C[0m
[00:00:20.911,346] [1;31m<err> analog_axis_hires: Could not setup channel #1 (-5)[0m
[00:00:20.919,036] [1;31m<err> ads1220: config2 mismatch! 0x10 != 0x00[0m
[00:00:20.919,189] [1;31m<err> ads1220: config2 mismatch! 0x15 != 0x00[0m
[00:00:20.919,342] [1;31m<err> ads1220: config0 mismatch! 0x3C != 0x1C[0m
[00:00:20.919,342] [1;31m<err> analog_axis_hires: Could not setup channel #1 (-5)[0m
[00:00:20.927,093] [1;31m<err> ads1220: config2 mismatch! 0x10 != 0x00[0m
[00:00:20.927,215] [1;31m<err> ads1220: config2 mismatch! 0x15 != 0x00[0m
[00:00:20.927,368] [1;31m<err> ads1220: config0 mismatch! 0x3C != 0x1C[0m
[00:00:20.927,368] [1;31m<err> analog_axis_hires: Could not setup channel #1 (-5)[0m
[00:00:20.935,150] [1;31m<err> ads1220: config2 mismatch! 0x10 != 0x00[0m
[00:00:20.935,272] [1;31m<err> ads1220: config2 mismatch! 0x15 != 0x00[0m
[00:00:20.935,394] [1;31m<err> ads1220: config0 mismatch! 0x3C != 0x1C[0m
[00:00:20.935,424] [1;31m<err> analog_axis_hires: Could not setup channel #1 (-5)[0m
[00:00:20.943,115] [1;31m<err> ads1220: config2 mismatch! 0x10 != 0x00[0m
[00:00:20.943,267] [1;31m<err> ads1220: config2 mismatch! 0x15 != 0x00[0m
[00:00:20.943,420] [1;31m<err> ads1220: config0 mismatch! 0x3C != 0x1C[0m
[00:00:20.943,420] [1;31m<err> analog_axis_hires: Could not setup channel #1 (-5)[0m
[00:00:20.951,171] [1;31m<err> ads1220: config2 mismatch! 0x10 != 0x00[0m
[00:00:20.951,293] [1;31m<err> ads1220: config2 mismatch! 0x15 != 0x00[0m
[00:00:20.951,446] [1;31m<err> ads1220: config0 mismatch! 0x3C != 0x1C[0m
[00:00:20.951,446] [1;31m<err> analog_axis_hires: Could not setup channel #1 (-5)[0m
[00:00:20.959,228] [1;31m<err> ads1220: config2 mismatch! 0x10 != 0x00[0m
[00:00:20.959,350] [1;31m<err> ads1220: config2 mismatch! 0x15 != 0x00[0m
[00:00:20.959,472] [1;31m<err> ads1220: config0 mismatch! 0x3C != 0x1C[0m
[00:00:20.959,503] [1;31m<err> analog_axis_hires: Could not setup channel #1 (-5)[0m
[00:00:20.967,193] [1;31m<err> ads1220: config2 mismatch! 0x10 != 0x00[0m
[00:00:20.967,346] [1;31m<err> ads1220: config2 mismatch! 0x15 != 0x00[0m
[00:00:20.967,498] [1;31m<err> ads1220: config0 mismatch! 0x3C != 0x1C[0m
[00:00:20.967,498] [1;31m<err> analog_axis_hires: Could not setup channel #1 (-5)[0m
[00:00:20.975,250] [1;31m<err> ads1220: config2 mismatch! 0x10 != 0x00[0m
[00:00:20.975,372] [1;31m<err> ads1220: config2 mismatch! 0x15 != 0x00[0m
[00:00:20.975,524] [1;31m<err> ads1220: config0 mismatch! 0x3C != 0x1C[0m
[00:00:20.975,524] [1;31m<err> analog_axis_hires: Could not setup channel #1 (-5)[0m
[00:00:20.983,306] [1;31m<err> ads1220: config2 mismatch! 0x10 != 0x00[0m
[00:00:20.983,428] [1;31m<err> ads1220: config2 mismatch! 0x15 != 0x00[0m
[00:00:20.983,551] [1;31m<err> ads1220: config0 mismatch! 0x3C != 0x1C[0m
[00:00:20.983,551] [1;31m<err> analog_axis_hires: Could not setup channel #1 (-5)[0m
[00:00:20.991,271] [1;31m<err> ads1220: config2 mismatch! 0x10 != 0x00[0m
[00:00:20.991,424] [1;31m<err> ads1220: config2 mismatch! 0x15 != 0x00[0m
[00:00:20.991,577] [1;31m<err> ads1220: config0 mismatch! 0x3C != 0x1C[0m
[00:00:20.991,577] [1;31m<err> analog_axis_hires: Could not setup channel #1 (-5)[0m
[00:00:20.999,328] [1;31m<err> ads1220: config2 mismatch! 0x10 != 0x00[0m
[00:00:20.999,450] [1;31m<err> ads1220: config2 mismatch! 0x15 != 0x00[0m
[00:00:20.999,603] [1;31m<err> ads1220: config0 mismatch! 0x3C != 0x1C[0m
[00:00:20.999,603] [1;31m<err> analog_axis_hires: Could not setup channel #1 (-5)[0m
[00:00:21.007,385] [1;31m<err> ads1220: config2 mismatch! 0x10 != 0x00[0m
[00:00:21.007,507] [1;31m<err> ads1220: config2 mismatch! 0x15 != 0x00[0m
[00:00:21.007,629] [1;31m<err> ads1220: config0 mismatch! 0x3C != 0x1C[0m
[00:00:21.007,659] [1;31m<err> analog_axis_hires: Could not setup channel #1 (-5)[0m
[00:00:21.015,350] [1;31m<err> ads1220: config2 mismatch! 0x10 != 0x00[0m
[00:00:21.015,502] [1;31m<err> ads1220: config2 mismatch! 0x15 != 0x00[0m
[00:00:21.015,655] [1;31m<err> ads1220: config0 mismatch! 0x3C != 0x1C[0m
[00:00:21.015,655] [1;31m<err> analog_axis_hires: Could not setup channel #1 (-5)[0m
[00:00:21.023,406] [1;31m<err> ads1220: config2 mismatch! 0x10 != 0x00[0m
[00:00:21.023,529] [1;31m<err> ads1220: config2 mismatch! 0x15 != 0x00[0m
[00:00:21.023,681] [1;31m<err> ads1220: config0 mismatch! 0x3C != 0x1C[0m
[00:00:21.023,681] [1;31m<err> analog_axis_hires: Could not setup channel #1 (-5)[0m
[00:00:21.031,463] [1;31m<err> ads1220: config2 mismatch! 0x10 != 0x00[0m
[00:00:21.031,585] [1;31m<err> ads1220: config2 mismatch! 0x15 != 0x00[0m
[00:00:21.031,707] [1;31m<err> ads1220: config0 mismatch! 0x3C != 0x1C[0m
[00:00:21.031,738] [1;31m<err> analog_axis_hires: Could not setup channel #1 (-5)[0m
[00:00:21.039,428] [1;31m<err> ads1220: config2 mismatch! 0x10 != 0x00[0m
[00:00:21.039,581] [1;31m<err> ads1220: config2 mismatch! 0x15 != 0x00[0m
[00:00:21.039,733] [1;31m<err> ads1220: config0 mismatch! 0x3C != 0x1C[0m
[00:00:21.039,733] [1;31m<err> analog_axis_hires: Could not setup channel #1 (-5)[0m
[00:00:21.047,485] [1;31m<err> ads1220: config2 mismatch! 0x10 != 0x00[0m
[00:00:21.047,607] [1;31m<err> ads1220: config2 mismatch! 0x15 != 0x00[0m
[00:00:21.047,760] [1;31m<err> ads1220: config0 mismatch! 0x3C != 0x1C[0m
[00:00:21.047,760] [1;31m<err> analog_axis_hires: Could not setup channel #1 (-5)[0m
[00:00:21.055,541] [1;31m<err> ads1220: config2 mismatch! 0x10 != 0x00[0m
[00:00:21.055,664] [1;31m<err> ads1220: config2 mismatch! 0x15 != 0x00[0m
[00:00:21.055,786] [1;31m<err> ads1220: config0 mismatch! 0x3C != 0x1C[0m
[00:00:21.055,816] [1;31m<err> analog_axis_hires: Could not setup channel #1 (-5)[0m
[00:00:21.063,507] [1;31m<err> ads1220: config2 mismatch! 0x10 != 0x00[0m
[00:00:21.063,659] [1;31m<err> ads1220: config2 mismatch! 0x15 != 0x00[0m
[00:00:21.063,812] [1;31m<err> ads1220: config0 mismatch! 0x3C != 0x1C[0m
[00:00:21.063,812] [1;31m<err> analog_axis_hires: Could not setup channel #1 (-5)[0m
[00:00:21.071,563] [1;31m<err> ads1220: config2 mismatch! 0x10 != 0x00[0m
[00:00:21.071,685] [1;31m<err> ads1220: config2 mismatch! 0x15 != 0x00[0m
[00:00:21.071,838] [1;31m<err> ads1220: config0 mismatch! 0x3C != 0x1C[0m
[00:00:21.071,838] [1;31m<err> analog_axis_hires: Could not setup channel #1 (-5)[0m
[00:00:21.079,620] [1;31m<err> ads1220: config2 mismatch! 0x10 != 0x00[0m
[00:00:21.079,742] [1;31m<err> ads1220: config2 mismatch! 0x15 != 0x00[0m
[00:00:21.079,895] [1;31m<err> ads1220: config0 mismatch! 0x3C != 0x1C[0m
[00:00:21.079,895] [1;31m<err> analog_axis_hires: Could not setup channel #1 (-5)[0m
[00:00:21.087,585] [1;31m<err> ads1220: config2 mismatch! 0x10 != 0x00[0m
[00:00:21.087,738] [1;31m<err> ads1220: config2 mismatch! 0x15 != 0x00[0m
[00:00:21.087,890] [1;31m<err> ads1220: config0 mismatch! 0x3C != 0x1C[0m
[00:00:21.087,890] [1;31m<err> analog_axis_hires: Could not setup channel #1 (-5)[0m
[00:00:21.095,642] [1;31m<err> ads1220: config2 mismatch! 0x10 != 0x00[0m
[00:00:21.095,764] [1;31m<err> ads1220: config2 mismatch! 0x15 != 0x00[0m
[00:00:21.095,916] [1;31m<err> ads1220: config0 mismatch! 0x3C != 0x1C[0m
[00:00:21.095,916] [1;31m<err> analog_axis_hires: Could not setup channel #1 (-5)[0m
[00:00:21.103,698] [1;31m<err> ads1220: config2 mismatch! 0x10 != 0x00[0m
[00:00:21.103,820] [1;31m<err> ads1220: config2 mismatch! 0x15 != 0x00[0m
[00:00:21.103,942] [1;31m<err> ads1220: config0 mismatch! 0x3C != 0x1C[0m
[00:00:21.103,973] [1;31m<err> analog_axis_hires: Could not setup channel #1 (-5)[0m
[00:00:21.111,663] [1;31m<err> ads1220: config2 mismatch! 0x10 != 0x00[0m
[00:00:21.111,816] [1;31m<err> ads1220: config2 mismatch! 0x15 != 0x00[0m
[00:00:21.111,968] [1;31m<err> ads1220: config0 mismatch! 0x3C != 0x1C[0m
[00:00:21.111,968] [1;31m<err> analog_axis_hires: Could not setup channel #1 (-5)[0m
[00:00:21.119,720] [1;31m<err> ads1220: config2 mismatch! 0x10 != 0x00[0m
[00:00:21.119,842] [1;31m<err> ads1220: config2 mismatch! 0x15 != 0x00[0m
[00:00:21.119,995] [1;31m<err> ads1220: config0 mismatch! 0x3C != 0x1C[0m
[00:00:21.119,995] [1;31m<err> analog_axis_hires: Could not setup channel #1 (-5)[0m
[00:00:21.127,777] [1;31m<err> ads1220: config2 mismatch! 0x10 != 0x00[0m
[00:00:21.127,899] [1;31m<err> ads1220: config2 mismatch! 0x15 != 0x00[0m
[00:00:21.128,021] [1;31m<err> ads1220: config0 mismatch! 0x3C != 0x1C[0m
[00:00:21.128,051] [1;31m<err> analog_axis_hires: Could not setup channel #1 (-5)[0m
[00:00:21.135,742] [1;31m<err> ads1220: config2 mismatch! 0x10 != 0x00[0m
[00:00:21.135,894] [1;31m<err> ads1220: config2 mismatch! 0x15 != 0x00[0m
[00:00:21.136,047] [1;31m<err> ads1220: config0 mismatch! 0x3C != 0x1C[0m
[00:00:21.136,047] [1;31m<err> analog_axis_hires: Could not setup channel #1 (-5)[0m
[00:00:21.143,798] [1;31m<err> ads1220: config2 mismatch! 0x10 != 0x00[0m
[00:00:21.143,920] [1;31m<err> ads1220: config2 mismatch! 0x15 != 0x00[0m
[00:00:21.144,073] [1;31m<err> ads1220: config0 mismatch! 0x3C != 0x1C[0m
[00:00:21.144,073] [1;31m<err> analog_axis_hires: Could not setup channel #1 (-5)[0m
[00:00:21.151,824] [1;31m<err> ads1220: config2 mismatch! 0x10 != 0x00[0m
[00:00:21.151,977] [1;31m<err> ads1220: config2 mismatch! 0x15 != 0x00[0m
[00:00:21.152,099] [1;31m<err> ads1220: config0 mismatch! 0x3C != 0x1C[0m
[00:00:21.152,099] [1;31m<err> analog_axis_hires: Could not setup channel #1 (-5)[0m
[00:00:21.159,820] [1;31m<err> ads1220: config2 mismatch! 0x10 != 0x00[0m
[00:00:21.159,973] [1;31m<err> ads1220: config2 mismatch! 0x15 != 0x00[0m
[00:00:21.160,125] [1;31m<err> ads1220: config0 mismatch! 0x3C != 0x1C[0m
[00:00:21.160,125] [1;31m<err> analog_axis_hires: Could not setup channel #1 (-5)[0m
[00:00:21.167,877] [1;31m<err> ads1220: config2 mismatch! 0x10 != 0x00[0m
[00:00:21.167,999] [1;31m<err> ads1220: config2 mismatch! 0x15 != 0x00[0m
[00:00:21.168,151] [1;31m<err> ads1220: config0 mismatch! 0x3C != 0x1C[0m
[00:00:21.168,151] [1;31m<err> analog_axis_hires: Could not setup channel #1 (-5)[0m
[00:00:21.175,933] [1;31m<err> ads1220: config2 mismatch! 0x10 != 0x00[0m
[00:00:21.176,086] [1;31m<err> ads1220: config2 mismatch! 0x15 != 0x00[0m
[00:00:21.176,208] [1;31m<err> ads1220: config0 mismatch! 0x3C != 0x1C[0m
[00:00:21.176,208] [1;31m<err> analog_axis_hires: Could not setup channel #1 (-5)[0m
[00:00:21.183,898] [1;31m<err> ads1220: config2 mismatch! 0x10 != 0x00[0m
[00:00:21.184,051] [1;31m<err> ads1220: config2 mismatch! 0x15 != 0x00[0m
[00:00:21.184,204] [1;31m<err> ads1220: config0 mismatch! 0x3C != 0x1C[0m
[00:00:21.184,204] [1;31m<err> analog_axis_hires: Could not setup channel #1 (-5)[0m
[00:00:21.191,955] [1;31m<err> ads1220: config2 mismatch! 0x10 != 0x00[0m
[00:00:21.192,077] [1;31m<err> ads1220: config2 mismatch! 0x15 != 0x00[0m
[00:00:21.192,230] [1;31m<err> ads1220: config0 mismatch! 0x3C != 0x1C[0m
[00:00:21.192,230] [1;31m<err> analog_axis_hires: Could not setup channel #1 (-5)[0m
[00:00:21.200,012] [1;31m<err> ads1220: config2 mismatch! 0x10 != 0x00[0m
[00:00:21.200,134] [1;31m<err> ads1220: config2 mismatch! 0x15 != 0x00[0m
[00:00:21.200,256] [1;31m<err> ads1220: config0 mismatch! 0x3C != 0x1C[0m
[00:00:21.200,286] [1;31m<err> analog_axis_hires: Could not setup channel #1 (-5)[0m
[00:00:21.207,977] [1;31m<err> ads1220: config2 mismatch! 0x10 != 0x00[0m
[00:00:21.208,129] [1;31m<err> ads1220: config2 mismatch! 0x15 != 0x00[0m
[00:00:21.208,282] [1;31m<err> ads1220: config0 mismatch! 0x3C != 0x1C[0m
[00:00:21.208,282] [1;31m<err> analog_axis_hires: Could not setup channel #1 (-5)[0m
[00:00:21.216,033] [1;31m<err> ads1220: config2 mismatch! 0x10 != 0x00[0m
[00:00:21.216,156] [1;31m<err> ads1220: config2 mismatch! 0x15 != 0x00[0m
[00:00:21.216,308] [1;31m<err> ads1220: config0 mismatch! 0x3C != 0x1C[0m
[00:00:21.216,308] [1;31m<err> analog_axis_hires: Could not setup channel #1 (-5)[0m
[00:00:21.224,060] [1;31m<err> ads1220: config2 mismatch! 0x10 != 0x00[0m
[00:00:21.224,212] [1;31m<err> ads1220: config2 mismatch! 0x15 != 0x00[0m
[00:00:21.224,334] [1;31m<err> ads1220: config0 mismatch! 0x3C != 0x1C[0m
[00:00:21.224,334] [1;31m<err> analog_axis_hires: Could not setup channel #1 (-5)[0m
[00:00:21.232,055] [1;31m<err> ads1220: config2 mismatch! 0x10 != 0x00[0m
[00:00:21.232,208] [1;31m<err> ads1220: config2 mismatch! 0x15 != 0x00[0m
[00:00:21.232,360] [1;31m<err> ads1220: config0 mismatch! 0x3C != 0x1C[0m
[00:00:21.232,360] [1;31m<err> analog_axis_hires: Could not setup channel #1 (-5)[0m
[00:00:21.240,112] [1;31m<err> ads1220: config2 mismatch! 0x10 != 0x00[0m
[00:00:21.240,234] [1;31m<err> ads1220: config2 mismatch! 0x15 != 0x00[0m
[00:00:21.240,386] [1;31m<err> ads1220: config0 mismatch! 0x3C != 0x1C[0m
[00:00:21.240,386] [1;31m<err> analog_axis_hires: Could not setup channel #1 (-5)[0m
[00:00:21.248,168] [1;31m<err> ads1220: config2 mismatch! 0x10 != 0x00[0m
[00:00:21.248,291] [1;31m<err> ads1220: config2 mismatch! 0x15 != 0x00[0m
[00:00:21.248,413] [1;31m<err> ads1220: config0 mismatch! 0x3C != 0x1C[0m
[00:00:21.248,413] [1;31m<err> analog_axis_hires: Could not setup channel #1 (-5)[0m
[00:00:21.256,134] [1;31m<err> ads1220: config2 mismatch! 0x10 != 0x00[0m
[00:00:21.256,286] [1;31m<err> ads1220: config2 mismatch! 0x15 != 0x00[0m
[00:00:21.256,469] [1;31m<err> ads1220: config0 mismatch! 0x3C != 0x1C[0m
[00:00:21.256,500] [1;31m<err> analog_axis_hires: Could not setup channel #1 (-5)[0m
[00:00:21.264,190] [1;31m<err> ads1220: config2 mismatch! 0x10 != 0x00[0m
[00:00:21.264,312] [1;31m<err> ads1220: config2 mismatch! 0x15 != 0x00[0m
[00:00:21.264,465] [1;31m<err> ads1220: config0 mismatch! 0x3C != 0x1C[0m
[00:00:21.264,465] [1;31m<err> analog_axis_hires: Could not setup channel #1 (-5)[0m
[00:00:21.272,247] [1;31m<err> ads1220: config2 mismatch! 0x10 != 0x00[0m
[00:00:21.272,369] [1;31m<err> ads1220: config2 mismatch! 0x15 != 0x00[0m
[00:00:21.272,491] [1;31m<err> ads1220: config0 mismatch! 0x3C != 0x1C[0m
[00:00:21.272,491] [1;31m<err> analog_axis_hires: Could not setup channel #1 (-5)[0m
[00:00:21.280,212] [1;31m<err> ads1220: config2 mismatch! 0x10 != 0x00[0m
[00:00:21.280,364] [1;31m<err> ads1220: config2 mismatch! 0x15 != 0x00[0m
[00:00:21.280,517] [1;31m<err> ads1220: config0 mismatch! 0x3C != 0x1C[0m
[00:00:21.280,517] [1;31m<err> analog_axis_hires: Could not setup channel #1 (-5)[0m
[00:00:21.288,269] [1;31m<err> ads1220: config2 mismatch! 0x10 != 0x00[0m
[00:00:21.288,391] [1;31m<err> ads1220: config2 mismatch! 0x15 != 0x00[0m
[00:00:21.288,543] [1;31m<err> ads1220: config0 mismatch! 0x3C != 0x1C[0m
[00:00:21.288,543] [1;31m<err> analog_axis_hires: Could not setup channel #1 (-5)[0m
[00:00:21.296,325] [1;31m<err> ads1220: config2 mismatch! 0x10 != 0x00[0m
[00:00:21.296,447] [1;31m<err> ads1220: config2 mismatch! 0x15 != 0x00[0m
[00:00:21.296,569] [1;31m<err> ads1220: config0 mismatch! 0x3C != 0x1C[0m
[00:00:21.296,569] [1;31m<err> analog_axis_hires: Could not setup channel #1 (-5)[0m
[00:00:21.304,290] [1;31m<err> ads1220: config2 mismatch! 0x10 != 0x00[0m
[00:00:21.304,443] [1;31m<err> ads1220: config2 mismatch! 0x15 != 0x00[0m
[00:00:21.304,595] [1;31m<err> ads1220: config0 mismatch! 0x3C != 0x1C[0m
[00:00:21.304,595] [1;31m<err> analog_axis_hires: Could not setup channel #1 (-5)[0m
[00:00:21.312,347] [1;31m<err> ads1220: config2 mismatch! 0x10 != 0x00[0m
[00:00:21.312,469] [1;31m<err> ads1220: config2 mismatch! 0x15 != 0x00[0m
[00:00:21.312,622] [1;31m<err> ads1220: config0 mismatch! 0x3C != 0x1C[0m
[00:00:21.312,622] [1;31m<err> analog_axis_hires: Could not setup channel #1 (-5)[0m
[00:00:21.320,373] [1;31m<err> ads1220: config2 mismatch! 0x10 != 0x00[0m
[00:00:21.320,526] [1;31m<err> ads1220: config2 mismatch! 0x15 != 0x00[0m
[00:00:21.320,648] [1;31m<err> ads1220: config0 mismatch! 0x3C != 0x1C[0m
[00:00:21.320,648] [1;31m<err> analog_axis_hires: Could not setup channel #1 (-5)[0m
[00:00:21.328,369] [1;31m<err> ads1220: config2 mismatch! 0x10 != 0x00[0m
[00:00:21.328,521] [1;31m<err> ads1220: config2 mismatch! 0x15 != 0x00[0m
[00:00:21.328,674] [1;31m<err> ads1220: config0 mismatch! 0x3C != 0x1C[0m
[00:00:21.328,674] [1;31m<err> analog_axis_hires: Could not setup channel #1 (-5)[0m
[00:00:21.336,425] [1;31m<err> ads1220: config2 mismatch! 0x10 != 0x00[0m
[00:00:21.336,547] [1;31m<err> ads1220: config2 mismatch! 0x15 != 0x00[0m
[00:00:21.336,700] [1;31m<err> ads1220: config0 mismatch! 0x3C != 0x1C[0m
[00:00:21.336,700] [1;31m<err> analog_axis_hires: Could not setup channel #1 (-5)[0m
[00:00:21.344,482] [1;31m<err> ads1220: config2 mismatch! 0x10 != 0x00[0m
[00:00:21.344,604] [1;31m<err> ads1220: config2 mismatch! 0x15 != 0x00[0m
[00:00:21.344,726] [1;31m<err> ads1220: config0 mismatch! 0x3C != 0x1C[0m
[00:00:21.344,757] [1;31m<err> analog_axis_hires: Could not setup channel #1 (-5)[0m
[00:00:21.352,447] [1;31m<err> ads1220: config2 mismatch! 0x10 != 0x00[0m
[00:00:21.352,600] [1;31m<err> ads1220: config2 mismatch! 0x15 != 0x00[0m
[00:00:21.352,752] [1;31m<err> ads1220: config0 mismatch! 0x3C != 0x1C[0m
[00:00:21.352,752] [1;31m<err> analog_axis_hires: Could not setup channel #1 (-5)[0m
[00:00:21.360,504] [1;31m<err> ads1220: config2 mismatch! 0x10 != 0x00[0m
[00:00:21.360,626] [1;31m<err> ads1220: config2 mismatch! 0x15 != 0x00[0m
[00:00:21.360,778] [1;31m<err> ads1220: config0 mismatch! 0x3C != 0x1C[0m
[00:00:21.360,778] [1;31m<err> analog_axis_hires: Could not setup channel #1 (-5)[0m
[00:00:21.368,560] [1;31m<err> ads1220: config2 mismatch! 0x10 != 0x00[0m
[00:00:21.368,682] [1;31m<err> ads1220: config2 mismatch! 0x15 != 0x00[0m
[00:00:21.368,835] [1;31m<err> ads1220: config0 mismatch! 0x3C != 0x1C[0m
[00:00:21.368,835] [1;31m<err> analog_axis_hires: Could not setup channel #1 (-5)[0m
[00:00:21.376,525] [1;31m<err> ads1220: config2 mismatch! 0x10 != 0x00[0m
[00:00:21.376,678] [1;31m<err> ads1220: config2 mismatch! 0x15 != 0x00[0m
[00:00:21.376,831] [1;31m<err> ads1220: config0 mismatch! 0x3C != 0x1C[0m
[00:00:21.376,831] [1;31m<err> analog_axis_hires: Could not setup channel #1 (-5)[0m
[00:00:21.384,582] [1;31m<err> ads1220: config2 mismatch! 0x10 != 0x00[0m
[00:00:21.384,704] [1;31m<err> ads1220: config2 mismatch! 0x15 != 0x00[0m
[00:00:21.384,857] [1;31m<err> ads1220: config0 mismatch! 0x3C != 0x1C[0m
[00:00:21.384,857] [1;31m<err> analog_axis_hires: Could not setup channel #1 (-5)[0m
[00:00:21.392,639] [1;31m<err> ads1220: config2 mismatch! 0x10 != 0x00[0m
[00:00:21.392,761] [1;31m<err> ads1220: config2 mismatch! 0x15 != 0x00[0m
[00:00:21.392,913] [1;31m<err> ads1220: config0 mismatch! 0x3C != 0x1C[0m
[00:00:21.392,913] [1;31m<err> analog_axis_hires: Could not setup channel #1 (-5)[0m
[00:00:21.400,604] [1;31m<err> ads1220: config2 mismatch! 0x10 != 0x00[0m
[00:00:21.400,756] [1;31m<err> ads1220: config2 mismatch! 0x15 != 0x00[0m
[00:00:21.400,909] [1;31m<err> ads1220: config0 mismatch! 0x3C != 0x1C[0m
[00:00:21.400,909] [1;31m<err> analog_axis_hires: Could not setup channel #1 (-5)[0m
[00:00:21.408,660] [1;31m<err> ads1220: config2 mismatch! 0x10 != 0x00[0m
[00:00:21.408,782] [1;31m<err> ads1220: config2 mismatch! 0x15 != 0x00[0m
[00:00:21.408,935] [1;31m<err> ads1220: config0 mismatch! 0x3C != 0x1C[0m
[00:00:21.408,935] [1;31m<err> analog_axis_hires: Could not setup channel #1 (-5)[0m
[00:00:21.416,717] [1;31m<err> ads1220: config2 mismatch! 0x10 != 0x00[0m
[00:00:21.416,839] [1;31m<err> ads1220: config2 mismatch! 0x15 != 0x00[0m
[00:00:21.416,961] [1;31m<err> ads1220: config0 mismatch! 0x3C != 0x1C[0m
[00:00:21.416,992] [1;31m<err> analog_axis_hires: Could not setup channel #1 (-5)[0m
[00:00:21.424,682] [1;31m<err> ads1220: config2 mismatch! 0x10 != 0x00[0m
[00:00:21.424,835] [1;31m<err> ads1220: config2 mismatch! 0x15 != 0x00[0m
[00:00:21.424,987] [1;31m<err> ads1220: config0 mismatch! 0x3C
# end=2026-10-01T18:16:35.4695855+03:00
