# EXP02 capture  port=COM8  start=2026-10-01T18:20:10.7348444+03:00
41] [1;31m<err> ads1220: config2 mismatch! 0x10 != 0x00[0m
[0p channel #1 (-5)[0m
[0err> ads1220: config2 mismatch! 0x15 != 0x00[0m
[00:01:29.518,615] [1;31m<err> ads1220: config0 mismatch! 0x3C != 0x1C[0m
[00:01:29.518,615] [1;31m<err> analog_axis_hires: Could not setup channel #1 (-5)[0m
[00:01:29.526,336] [1;31m<err> ads1220: config2 mismatch! 0x10 != 0x00[0m
[00:01:29.526,489] [1;31m<err> ads1220: config2 mismatch! 0x15 != 0x00[0m
[00:01:29.526,641] [1;31m<err> ads1220: config0 mismatch! 0x3C != 0x1C[0m
[00:01:29.526,641] [1;31m<err> analog_axis_hires: Could not setup channel #1 (-5)[0m
[00:01:29.534,393] [1;31m<err> ads1220: config2 mismatch! 0x10 != 0x00[0m
[00:01:29.534,515] [1;31m<err> ads1220: config2 mismatch! 0x15 != 0x00[0m
[00:01:29.534,667] [1;31m<err> ads1220: config0 mismatch! 0x3C != 0x1C[0m
[00:01:29.534,698] [1;31m<err> analog_axis_hires: Could not setup channel #1 (-5)[0m
[00:01:29.542,358] [1;31m<err> ads1220: config2 mismatch! 0x10 != 0x00[0m
[00:01:29.542,480] [1;31m<err> ads1220: config2 mismatch! 0x15 != 0x00[0m
[00:01:29.542,633] [1;31m<err> ads1220: config0 mismatch! 0x3C != 0x1C[0m
[00:01:29.542,633] [1;31m<err> analog_axis_hires: Could not setup channel #1 (-5)[0m
[00:01:29.550,445] [1;31m<err> ads1220: config2 mismatch! 0x10 != 0x00[0m
[00:01:29.550,598] [1;31m<err> ads1220: config2 mismatch! 0x15 != 0x00[0m
[00:01:29.550,750] [1;31m<err> ads1220: config0 mismatch! 0x3C != 0x1C[0m
[00:01:29.550,750] [1;31m<err> analog_axis_hires: Could not setup channel #1 (-5)[0m
[00:01:29.558,471] [1;31m<err> ads1220: config2 mismatch! 0x10 != 0x00[0m
[00:01:29.558,593] [1;31m<err> ads1220: config2 mismatch! 0x15 != 0x00[0m
[00:01:29.558,746] [1;31m<err> ads1220: config0 mismatch! 0x3C != 0x1C[0m
[00:01:29.558,776] [1;31m<err> analog_axis_hires: Could not setup channel #1 (-5)[0m
[00:01:29.566,436] [1;31m<err> ads1220: config2 mismatch! 0x10 != 0x00[0m
[00:01:29.566,558] [1;31m<err> ads1220: config2 mismatch! 0x15 != 0x00[0m
[00:01:29.566,680] [1;31m<err> ads1220: config0 mismatch! 0x3C != 0x1C[0m
[00:01:29.566,711] [1;31m<err> analog_axis_hires: Could not setup channel #1 (-5)[0m
[00:01:29.574,523] [1;31m<err> ads1220: config2 mismatch! 0x10 != 0x00[0m
[00:01:29.574,676] [1;31m<err> ads1220: config2 mismatch! 0x15 != 0x00[0m
[00:01:29.574,829] [1;31m<err> ads1220: config0 mismatch! 0x3C != 0x1C[0m
[00:01:29.574,829] [1;31m<err> analog_axis_hires: Could not setup channel #1 (-5)[0m
[00:01:29.582,550] [1;31m<err> ads1220: config2 mismatch! 0x10 != 0x00[0m
[00:01:29.582,672] [1;31m<err> ads1220: config2 mismatch! 0x15 != 0x00[0m
[00:01:29.582,824] [1;31m<err> ads1220: config0 mismatch! 0x3C != 0x1C[0m
[00:01:29.582,855] [1;31m<err> analog_axis_hires: Could not setup channel #1 (-5)[0m
[00:01:29.590,515] [1;31m<err> ads1220: config2 mismatch! 0x10 != 0x00[0m
[00:01:29.590,637] [1;31m<err> ads1220: config2 mismatch! 0x15 != 0x00[0m
[00:01:29.590,759] [1;31m<err> ads1220: config0 mismatch! 0x3C != 0x1C[0m
[00:01:29.590,789] [1;31m<err> analog_axis_hires: Could not setup channel #1 (-5)[0m
[00:01:29.598,602] [1;31m<err> ads1220: config2 mismatch! 0x10 != 0x00[0m
[00:01:29.598,754] [1;31m<err> ads1220: config2 mismatch! 0x15 != 0x00[0m
[00:01:29.598,907] [1;31m<err> ads1220: config0 mismatch! 0x3C != 0x1C[0m
[00:01:29.598,907] [1;31m<err> analog_axis_hires: Could not setup channel #1 (-5)[0m
[00:01:29.606,628] [1;31m<err> ads1220: config2 mismatch! 0x10 != 0x00[0m
[00:01:29.606,750] [1;31m<err> ads1220: config2 mismatch! 0x15 != 0x00[0m
[00:01:29.606,903] [1;31m<err> ads1220: config0 mismatch! 0x3C != 0x1C[0m
[00:01:29.606,933] [1;31m<err> analog_axis_hires: Could not setup channel #1 (-5)[0m
[00:01:29.614,593] [1;31m<err> ads1220: config2 mismatch! 0x10 != 0x00[0m
[00:01:29.614,715] [1;31m<err> ads1220: config2 mismatch! 0x15 != 0x00[0m
[00:01:29.614,837] [1;31m<err> ads1220: config0 mismatch! 0x3C != 0x1C[0m
[00:01:29.614,868] [1;31m<err> analog_axis_hires: Could not setup channel #1 (-5)[0m
[00:01:29.622,680] [1;31m<err> ads1220: config2 mismatch! 0x10 != 0x00[0m
[00:01:29.622,833] [1;31m<err> ads1220: config2 mismatch! 0x15 != 0x00[0m
[00:01:29.622,985] [1;31m<err> ads1220: config0 mismatch! 0x3C != 0x1C[0m
[00:01:29.622,985] [1;31m<err> analog_axis_hires: Could not setup channel #1 (-5)[0m
[00:01:29.630,706] [1;31m<err> ads1220: config2 mismatch! 0x10 != 0x00[0m
[00:01:29.630,828] [1;31m<err> ads1220: config2 mismatch! 0x15 != 0x00[0m
[00:01:29.630,981] [1;31m<err> ads1220: config0 mismatch! 0x3C != 0x1C[0m
[00:01:29.631,011] [1;31m<err> analog_axis_hires: Could not setup channel #1 (-5)[0m
[00:01:29.638,671] [1;31m<err> ads1220: config2 mismatch! 0x10 != 0x00[0m
[00:01:29.638,793] [1;31m<err> ads1220: config2 mismatch! 0x15 != 0x00[0m
[00:01:29.638,946] [1;31m<err> ads1220: config0 mismatch! 0x3C != 0x1C[0m
[00:01:29.638,946] [1;31m<err> analog_axis_hires: Could not setup channel #1 (-5)[0m
[00:01:29.646,759] [1;31m<err> ads1220: config2 mismatch! 0x10 != 0x00[0m
[00:01:29.646,911] [1;31m<err> ads1220: config2 mismatch! 0x15 != 0x00[0m
[00:01:29.647,064] [1;31m<err> ads1220: config0 mismatch! 0x3C != 0x1C[0m
[00:01:29.647,064] [1;31m<err> analog_axis_hires: Could not setup channel #1 (-5)[0m
[00:01:29.654,785] [1;31m<err> ads1220: config2 mismatch! 0x10 != 0x00[0m
[00:01:29.654,907] [1;31m<err> ads1220: config2 mismatch! 0x15 != 0x00[0m
[00:01:29.655,059] [1;31m<err> ads1220: config0 mismatch! 0x3C != 0x1C[0m
[00:01:29.655,090] [1;31m<err> analog_axis_hires: Could not setup channel #1 (-5)[0m
[00:01:29.662,750] [1;31m<err> ads1220: config2 mismatch! 0x10 != 0x00[0m
[00:01:29.662,872] [1;31m<err> ads1220: config2 mismatch! 0x15 != 0x00[0m
[00:01:29.663,024] [1;31m<err> ads1220: config0 mismatch! 0x3C != 0x1C[0m
[00:01:29.663,024] [1;31m<err> analog_axis_hires: Could not setup channel #1 (-5)[0m
[00:01:29.670,837] [1;31m<err> ads1220: config2 mismatch! 0x10 != 0x00[0m
[00:01:29.670,989] [1;31m<err> ads1220: config2 mismatch! 0x15 != 0x00[0m
[00:01:29.671,142] [1;31m<err> ads1220: config0 mismatch! 0x3C != 0x1C[0m
[00:01:29.671,142] [1;31m<err> analog_axis_hires: Could not setup channel #1 (-5)[0m
[00:01:29.678,863] [1;31m<err> ads1220: config2 mismatch! 0x10 != 0x00[0m
[00:01:29.678,985] [1;31m<err> ads1220: config2 mismatch! 0x15 != 0x00[0m
[00:01:29.679,138] [1;31m<err> ads1220: config0 mismatch! 0x3C != 0x1C[0m
[00:01:29.679,168] [1;31m<err> analog_axis_hires: Could not setup channel #1 (-5)[0m
[00:01:29.686,828] [1;31m<err> ads1220: config2 mismatch! 0x10 != 0x00[0m
[00:01:29.686,950] [1;31m<err> ads1220: config2 mismatch! 0x15 != 0x00[0m
[00:01:29.687,103] [1;31m<err> ads1220: config0 mismatch! 0x3C != 0x1C[0m
[00:01:29.687,103] [1;31m<err> analog_axis_hires: Could not setup channel #1 (-5)[0m
[00:01:29.694,915] [1;31m<err> ads1220: config2 mismatch! 0x10 != 0x00[0m
[00:01:29.695,068] [1;31m<err> ads1220: config2 mismatch! 0x15 != 0x00[0m
[00:01:29.695,220] [1;31m<err> ads1220: config0 mismatch! 0x3C != 0x1C[0m
[00:01:29.695,220] [1;31m<err> analog_axis_hires: Could not setup channel #1 (-5)[0m
[00:01:29.702,941] [1;31m<err> ads1220: config2 mismatch! 0x10 != 0x00[0m
[00:01:29.703,063] [1;31m<err> ads1220: config2 mismatch! 0x15 != 0x00[0m
[00:01:29.703,216] [1;31m<err> ads1220: config0 mismatch! 0x3C != 0x1C[0m
[00:01:29.703,247] [1;31m<err> analog_axis_hires: Could not setup channel #1 (-5)[0m
[00:01:29.710,906] [1;31m<err> ads1220: config2 mismatch! 0x10 != 0x00[0m
[00:01:29.711,029] [1;31m<err> ads1220: config2 mismatch! 0x15 != 0x00[0m
[00:01:29.711,151] [1;31m<err> ads1220: config0 mismatch! 0x3C != 0x1C[0m
[00:01:29.711,181] [1;31m<err> analog_axis_hires: Could not setup channel #1 (-5)[0m
[00:01:29.718,994] [1;31m<err> ads1220: config2 mismatch! 0x10 != 0x00[0m
[00:01:29.719,146] [1;31m<err> ads1220: config2 mismatch! 0x15 != 0x00[0m
[00:01:29.719,299] [1;31m<err> ads1220: config0 mismatch! 0x3C != 0x1C[0m
[00:01:29.719,299] [1;31m<err> analog_axis_hires: Could not setup channel #1 (-5)[0m
[0xis_hires: Could not setup channel #1 (-5)[0m
[00:03:56.749,572] [1;31m<err> ads1220: config2 mismatch! 0x10 != 0x00[0m
[00:03:56.749,694] [1;31m<err> ads1220: config2 mismatch! 0x15 != 0x00[0m
[00:03:56.749,847] [1;31m<err> ads1220: config0 mismatch! 0x3C != 0x1C[0m
[00:03:56.749,877] [1;31m<err> analog_axis_hires: Could not setup channel #1 (-5)[0m
[00:03:56.758,087] [1;31m<err> ads1220: config2 mismatch! 0x10 != 0x00[0m
[00:03:56.758,453] [1;31m<err> ads1220: config2 mismatch! 0x15 != 0x00[0m
[00:03:56.758,605] [1;31m<err> ads1220: config0 mismatch! 0x3C != 0x1C[0m
[00:03:56.758,697] [1;31m<err> analog_axis_hires: Could not setup channel #1 (-5)[0m
[00:03:56.765,747] [1;31m<err> ads1220: config2 mismatch! 0x10 != 0x00[0m
[00:03:56.765,869] [1;31m<err> ads1220: config2 mismatch! 0x15 != 0x00[0m
[00:03:56.766,052] [1;31m<err> ads1220: config0 mismatch! 0x3C != 0x1C[0m
[00:03:56.766,052] [1;31m<err> analog_axis_hires: Could not setup channel #1 (-5)[0m
[00:03:56.773,773] [1;31m<err> ads1220: config2 mismatch! 0x10 != 0x00[0m
[00:03:56.773,925] [1;31m<err> ads1220: config2 mismatch! 0x15 != 0x00[0m
[00:03:56.774,078] [1;31m<err> ads1220: config0 mismatch! 0x3C != 0x1C[0m
[00:03:56.774,078] [1;31m<err> analog_axis_hires: Could not setup channel #1 (-5)[0m
[00:03:56.781,677] [1;31m<err> ads1220: config2 mismatch! 0x10 != 0x00[0m
[00:03:56.781,799] [1;31m<err> ads1220: config2 mismatch! 0x15 != 0x00[0m
[00:03:56.781,951] [1;31m<err> ads1220: config0 mismatch! 0x3C != 0x1C[0m
[00:03:56.781,982] [1;31m<err> analog_axis_hires: Could not setup channel #1 (-5)[0m
[00:03:56.789,764] [1;31m<err> ads1220: config2 mismatch! 0x10 != 0x00[0m
[00:03:56.789,886] [1;31m<err> ads1220: config2 mismatch! 0x15 != 0x00[0m
[00:03:56.790,039] [1;31m<err> ads1220: config0 mismatch! 0x3C != 0x1C[0m
[00:03:56.790,039] [1;31m<err> analog_axis_hires: Could not setup channel #1 (-5)[0m
[00:03:56.797,729] [1;31m<err> ads1220: config2 mismatch! 0x10 != 0x00[0m
[00:03:56.797,882] [1;31m<err> ads1220: config2 mismatch! 0x15 != 0x00[0m
[00:03:56.798,034] [1;31m<err> ads1220: config0 mismatch! 0x3C != 0x1C[0m
[00:03:56.798,034] [1;31m<err> analog_axis_hires: Could not setup channel #1 (-5)[0m
[00:03:56.805,755] [1;31m<err> ads1220: config2 mismatch! 0x10 != 0x00[0m
[00:03:56.805,877] [1;31m<err> ads1220: config2 mismatch! 0x15 != 0x00[0m
[00:03:56.806,030] [1;31m<err> ads1220: config0 mismatch! 0x3C != 0x1C[0m
[00:03:56.806,060] [1;31m<err> analog_axis_hires: Could not setup channel #1 (-5)[0m
[00:03:56.813,812] [1;31m<err> ads1220: config2 mismatch! 0x10 != 0x00[0m
[00:03:56.813,934] [1;31m<err> ads1220: config2 mismatch! 0x15 != 0x00[0m
[00:03:56.814,086] [1;31m<err> ads1220: config0 mismatch! 0x3C != 0x1C[0m
[00:03:56.814,086] [1;31m<err> analog_axis_hires: Could not setup channel #1 (-5)[0m
[00:03:56.821,777] [1;31m<err> ads1220: config2 mismatch! 0x10 != 0x00[0m
[00:03:56.821,929] [1;31m<err> ads1220: config2 mismatch! 0x15 != 0x00[0m
[00:03:56.822,082] [1;31m<err> ads1220: config0 mismatch! 0x3C != 0x1C[0m
[00:03:56.822,082] [1;31m<err> analog_axis_hires: Could not setup channel #1 (-5)[0m
[00:03:56.829,833] [1;31m<err> ads1220: config2 mismatch! 0x10 != 0x00[0m
[00:03:56.829,956] [1;31m<err> ads1220: config2 mismatch! 0x15 != 0x00[0m
[00:03:56.830,108] [1;31m<err> ads1220: config0 mismatch! 0x3C != 0x1C[0m
[00:03:56.830,139] [1;31m<err> analog_axis_hires: Could not setup channel #1 (-5)[0m
[00:03:56.837,890] [1;31m<err> ads1220: config2 mismatch! 0x10 != 0x00[0m
[00:03:56.838,012] [1;31m<err> ads1220: config2 mismatch! 0x15 != 0x00[0m
[00:03:56.838,134] [1;31m<err> ads1220: config0 mismatch! 0x3C != 0x1C[0m
[00:03:56.838,165] [1;31m<err> analog_axis_hires: Could not setup channel #1 (-5)[0m
[00:03:56.845,855] [1;31m<err> ads1220: config2 mismatch! 0x10 != 0x00[0m
[00:03:56.846,008] [1;31m<err> ads1220: config2 mismatch! 0x15 != 0x00[0m
[00:03:56.846,160] [1;31m<err> ads1220: config0 mismatch! 0x3C != 0x1C[0m
[00:03:56.846,160] [1;31m<err> analog_axis_hires: Could not setup channel #1 (-5)[0m
[00:03:56.853,912] [1;31m<err> ads1220: config2 mismatch! 0x10 != 0x00[0m
[00:03:56.854,034] [1;31m<err> ads1220: config2 mismatch! 0x15 != 0x00[0m
[00:03:56.854,187] [1;31m<err> ads1220: config0 mismatch! 0x3C != 0x1C[0m
[00:03:56.854,217] [1;31m<err> analog_axis_hires: Could not setup channel #1 (-5)[0m
[00:03:56.861,968] [1;31m<err> ads1220: config2 mismatch! 0x10 != 0x00[0m
[00:03:56.862,091] [1;31m<err> ads1220: config2 mismatch! 0x15 != 0x00[0m
[00:03:56.862,213] [1;31m<err> ads1220: config0 mismatch! 0x3C != 0x1C[0m
[00:03:56.862,243] [1;31m<err> analog_axis_hires: Could not setup channel #1 (-5)[0m
[00:03:56.869,934] [1;31m<err> ads1220: config2 mismatch! 0x10 != 0x00[0m
[00:03:56.870,086] [1;31m<err> ads1220: config2 mismatch! 0x15 != 0x00[0m
[00:03:56.870,239] [1;31m<err> ads1220: config0 mismatch! 0x3C != 0x1C[0m
[00:03:56.870,239] [1;31m<err> analog_axis_hires: Could not setup channel #1 (-5)[0m
[00:03:56.877,990] [1;31m<err> ads1220: config2 mismatch! 0x10 != 0x00[0m
[00:03:56.878,112] [1;31m<err> ads1220: config2 mismatch! 0x15 != 0x00[0m
[00:03:56.878,265] [1;31m<err> ads1220: config0 mismatch! 0x3C != 0x1C[0m
[00:03:56.878,295] [1;31m<err> analog_axis_hires: Could not setup channel #1 (-5)[0m
[00:03:56.886,047] [1;31m<err> ads1220: config2 mismatch! 0x10 != 0x00[0m
[00:03:56.886,169] [1;31m<err> ads1220: config2 mismatch! 0x15 != 0x00[0m
[00:03:56.886,291] [1;31m<err> ads1220: config0 mismatch! 0x3C != 0x1C[0m
[00:03:56.886,322] [1;31m<err> analog_axis_hires: Could not setup channel #1 (-5)[0m
[00:03:56.894,012] [1;31m<err> ads1220: config2 mismatch! 0x10 != 0x00[0m
[00:03:56.894,165] [1;31m<err> ads1220: config2 mismatch! 0x15 != 0x00[0m
[00:03:56.894,317] [1;31m<err> ads1220: config0 mismatch! 0x3C != 0x1C[0m
[00:03:56.894,317] [1;31m<err> analog_axis_hires: Could not setup channel #1 (-5)[0m
[00:03:56.902,069] [1;31m<err> ads1220: config2 mismatch! 0x10 != 0x00[0m
[00:03:56.902,191] [1;31m<err> ads1220: config2 mismatch! 0x15 != 0x00[0m
[00:03:56.902,343] [1;31m<err> ads1220: config0 mismatch! 0x3C != 0x1C[0m
[00:03:56.902,374] [1;31m<err> analog_axis_hires: Could not setup channel #1 (-5)[0m
[00:03:56.910,125] [1;31m<err> ads1220: config2 mismatch! 0x10 != 0x00[0m
[00:03:56.910,247] [1;31m<err> ads1220: config2 mismatch! 0x15 != 0x00[0m
[00:03:56.910,400] [1;31m<err> ads1220: config0 mismatch! 0x3C != 0x1C[0m
[00:03:56.910,400] [1;31m<err> analog_axis_hires: Could not setup channel #1 (-5)[0m
[00:03:56.918,090] [1;31m<err> ads1220: config2 mismatch! 0x10 != 0x00[0m
[00:03:56.918,243] [1;31m<err> ads1220: config2 mismatch! 0x15 != 0x00[0m
[00:03:56.918,395] [1;31m<err> ads1220: config0 mismatch! 0x3C != 0x1C[0m
[00:03:56.918,395] [1;31m<err> analog_axis_hires: Could not setup channel #1 (-5)[0m
[00:03:56.926,147] [1;31m<err> ads1220: config2 mismatch! 0x10 != 0x00[0m
[00:03:56.926,269] [1;31m<err> ads1220: config2 mismatch! 0x15 != 0x00[0m
[00:03:56.926,422] [1;31m<err> ads1220: config0 mismatch! 0x3C != 0x1C[0m
[00:03:56.926,452] [1;31m<err> analog_axis_hires: Could not setup channel #1 (-5)[0m
[00:03:56.934,173] [1;31m<err> ads1220: config2 mismatch! 0x10 != 0x00[0m
[00:03:56.934,326] [1;31m<err> ads1220: config2 mismatch! 0x15 != 0x00[0m
[00:03:56.934,448] [1;31m<err> ads1220: config0 mismatch! 0x3C != 0x1C[0m
[00:03:56.934,448] [1;31m<err> analog_axis_hires: Could not setup channel #1 (-5)[0m
[00:03:56.942,169] [1;31m<err> ads1220: config2 mismatch! 0x10 != 0x00[0m
[00:03:56.942,321] [1;31m<err> ads1220: config2 mismatch! 0x15 != 0x00[0m
[00:03:56.942,474] [1;31m<err> ads1220: config0 mismatch! 0x3C != 0x1C[0m
[00:03:56.942,474] [1;31m<err> analog_axis_hires: Could not setup channel #1 (-5)[0m
[00:03:56.950,225] [1;31m<err> ads1220: config2 mismatch! 0x10 != 0x00[0m
[00:03:56.950,347] [1;31m<err> ads1220: config2 mismatch! 0x15 != 0x00[0m
[00:03:56.950,500] [1;31m<err> ads1220: config0 mismatch! 0x3C != 0x1C[0m
[00:03:56.950,531] [1;31m<err> analog_axis_hires: Could not setup channel #1 (-5)[0m
[00:03:56.958,251] [1;31m<err> ads1220: config2 mismatch! 0x10 != 0x00[0m
[00:03:56.958,404] [1;31m<err> ads1220: config2 mismatch! 0x15 != 0x00[0m
[00:03:56.958,526] [1;31m<err> ads1220: config0 mismatch! 0x3C != 0x1C[0m
[00:03:56.958,526] [1;31m<err> analog_axis_hires: Could not setup channel #1 (-5)[0m
[00:03:56.966,247] [1;31m<err> ads1220: config2 mismatch! 0x10 != 0x00[0m
[00:03:56.966,400] [1;31m<err> ads1220: config2 mismatch! 0x15 != 0x00[0m
[00:03:56.966,552] [1;31m<err> ads1220: config0 mismatch! 0x3C != 0x1C[0m
[00:03:56.966,552] [1;31m<err> analog_axis_hires: Could not setup channel #1 (-5)[0m
[00:03:56.974,304] [1;31m<err> ads1220: config2 mismatch! 0x10 != 0x00[0m
[00:03:56.974,426] [1;31m<err> ads1220: config2 mismatch! 0x15 != 0x00[0m
[00:03:56.974,578] [1;31m<err> ads1220: config0 mismatch! 0x3C != 0x1C[0m
[00:03:56.974,609] [1;31m<err> analog_axis_hires: Could not setup channel #1 (-5)[0m
[00:03:56.982,360] [1;31m<err> ads1220: config2 mismatch! 0x10 != 0x00[0m
[00:03:56.982,482] [1;31m<err> ads1220: config2 mismatch! 0x15 != 0x00[0m
[00:03:56.982,635] [1;31m<err> ads1220: config0 mismatch! 0x3C != 0x1C[0m
[00:03:56.982,635] [1;31m<err> analog_axis_hires: Could not setup channel #1 (-5)[0m
[00:03:56.990,325] [1;31m<err> ads1220: config2 mismatch! 0x10 != 0x00[0m
[00:03:56.990,478] [1;31m<err> ads1220: config2 mismatch! 0x15 != 0x00[0m
[00:03:56.990,631] [1;31m<err> ads1220: config0 mismatch! 0x3C != 0x1C[0m
[00:03:56.990,631] [1;31m<err> analog_axis_hires: Could not setup channel #1 (-5)[0m
[00:03:56.998,382] [1;31m<err> ads1220: config2 mismatch! 0x10 != 0x00[0m
[00:03:56.998,504] [1;31m<err> ads1220: config2 mismatch! 0x15 != 0x00[0m
[00:03:56.998,657] [1;31m<err> ads1220: config0 mismatch! 0x3C != 0x1C[0m
[00:03:56.998,687] [1;31m<err> analog_axis_hires: Could not setup channel #1 (-5)[0m
[00:03:57.006,408] [1;31m<err> ads1220: config2 mismatch! 0x10 != 0x00[0m
[00:03:57.006,561] [1;31m<err> ads1220: config2 mismatch! 0x15 != 0x00[0m
[00:03:57.006,683] [1;31m<err> ads1220: config0 mismatch! 0x3C != 0x1C[0m
[00:03:57.006,683] [1;31m<err> analog_axis_hires: Could not setup channel #1 (-5)[0m
[00:03:57.014,404] [1;31m<err> ads1220: config2 mismatch! 0x10 != 0x00[0m
[00:03:57.014,556] [1;31m<err> ads1220: config2 mismatch! 0x15 != 0x00[0m
[00:03:57.014,709] [1;31m<err> ads1220: config0 mismatch! 0x3C != 0x1C[0m
[00:03:57.014,709] [1;31m<err> analog_axis_hires: Could not setup channel #1 (-5)[0m
[00:03:57.022,460] [1;31m<err> ads1220: config2 mismatch! 0x10 != 0x00[0m
[00:03:57.022,583] [1;31m<err> ads1220: config2 mismatch! 0x15 != 0x00[0m
[00:03:57.022,735] [1;31m<err> ads1220: config0 mismatch! 0x3C != 0x1C[0m
[00:03:57.022,766] [1;31m<err> analog_axis_hires: Could not setup channel #1 (-5)[0m
[00:03:57.030,487] [1;31m<err> ads1220: config2 mismatch! 0x10 != 0x00[0m
[00:03:57.030,639] [1;31m<err> ads1220: config2 mismatch! 0x15 != 0x00[0m
[00:03:57.030,761] [1;31m<err> ads1220: config0 mismatch! 0x3C != 0x1C[0m
[00:03:57.030,761] [1;31m<err> analog_axis_hires: Could not setup channel #1 (-5)[0m
[00:03:57.038,482] [1;31m<err> ads1220: config2 mismatch! 0x10 != 0x00[0m
[00:03:57.038,635] [1;31m<err> ads1220: config2 mismatch! 0x15 != 0x00[0m
[00:03:57.038,787] [1;31m<err> ads1220: config0 mismatch! 0x3C != 0x1C[0m
[00:03:57.038,787] [1;31m<err> analog_axis_hires: Could not setup channel #1 (-5)[0m
[00:03:57.046,539] [1;31m<err> ads1220: config2 mismatch! 0x10 != 0x00[0m
[00:03:57.046,661] [1;31m<err> ads1220: config2 mismatch! 0x15 != 0x00[0m
[00:03:57.046,813] [1;31m<err> ads1220: config0 mismatch! 0x3C != 0x1C[0m
[00:03:57.046,844] [1;31m<err> analog_axis_hires: Could not setup channel #1 (-5)[0m
[00:03:57.054,565] [1;31m<err> ads1220: config2 mismatch! 0x10 != 0x00[0m
[00:03:57.054,718] [1;31m<err> ads1220: config2 mismatch! 0x15 != 0x00[0m
[00:03:57.054,840] [1;31m<err> ads1220: config0 mismatch! 0x3C != 0x1C[0m
[00:03:57.054,840] [1;31m<err> analog_axis_hires: Could not setup channel #1 (-5)[0m
[00:03:57.062,622] [1;31m<err> ads1220: config2 mismatch! 0x10 != 0x00[0m
[00:03:57.062,774] [1;31m<err> ads1220: config2 mismatch! 0x15 != 0x00[0m
[00:03:57.062,927] [1;31m<err> ads1220: config0 mismatch! 0x3C != 0x1C[0m
[00:03:57.062,927] [1;31m<err> analog_axis_hires: Could not setup channel #1 (-5)[0m
[00:03:57.070,617] [1;31m<err> ads1220: config2 mismatch! 0x10 != 0x00[0m
[00:03:57.070,739] [1;31m<err> ads1220: config2 mismatch! 0x15 != 0x00[0m
[00:03:57.070,892] [1;31m<err> ads1220: config0 mismatch! 0x3C != 0x1C[0m
[00:03:57.070,892] [1;31m<err> analog_axis_hires: Could not setup channel #1 (-5)[0m
[00:03:57.078,674] [1;31m<err> ads1220: config2 mismatch! 0x10 != 0x00[0m
[00:03:57.078,826] [1;31m<err> ads1220: config2 mismatch! 0x15 != 0x00[0m
[00:03:57.078,948] [1;31m<err> ads1220: config0 mismatch! 0x3C != 0x1C[0m
[00:03:57.078,948] [1;31m<err> analog_axis_hires: Could not setup channel #1 (-5)[0m
[00:03:57.086,700] [1;31m<err> ads1220: config2 mismatch! 0x10 != 0x00[0m
[00:03:57.086,853] [1;31m<err> ads1220: config2 mismatch! 0x15 != 0x00[0m
[00:03:57.087,005] [1;31m<err> ads1220: config0 mismatch! 0x3C != 0x1C[0m
[00:03:57.087,005] [1;31m<err> analog_axis_hires: Could not setup channel #1 (-5)[0m
[00:03:57.094,696] [1;31m<err> ads1220: config2 mismatch! 0x10 != 0x00[0m
[00:03:57.094,818] [1;31m<err> ads1220: config2 mismatch! 0x15 != 0x00[0m
[00:03:57.094,970] [1;31m<err> ads1220: config0 mismatch! 0x3C != 0x1C[0m
[00:03:57.094,970] [1;31m<err> analog_axis_hires: Could not setup channel #1 (-5)[0m
[00:03:57.102,752] [1;31m<err> ads1220: config2 mismatch! 0x10 != 0x00[0m
[00:03:57.102,905] [1;31m<err> ads1220: config2 mismatch! 0x15 != 0x00[0m
[00:03:57.103,027] [1;31m<err> ads1220: config0 mismatch! 0x3C != 0x1C[0m
[00:03:57.103,027] [1;31m<err> analog_axis_hires: Could not setup channel #1 (-5)[0m
[00:03:57.110,717] [1;31m<err> ads1220: config2 mismatch! 0x10 != 0x00[0m
[00:03:57.110,870] [1;31m<err> ads1220: config2 mismatch! 0x15 != 0x00[0m
[00:03:57.111,022] [1;31m<err> ads1220: config0 mismatch! 0x3C != 0x1C[0m
[00:03:57.111,022] [1;31m<err> analog_axis_hires: Could not setup channel #1 (-5)[0m
[00:03:57.118,774] [1;31m<err> ads1220: config2 mismatch! 0x10 != 0x00[0m
[00:03:57.118,896] [1;31m<err> ads1220: config2 mismatch! 0x15 != 0x00[0m
[00:03:57.119,049] [1;31m<err> ads1220: config0 mismatch! 0x3C != 0x1C[0m
[00:03:57.119,049] [1;31m<err> analog_axis_hires: Could not setup channel #1 (-5)[0m
[00:03:57.126,831] [1;31m<err> ads1220: config2 mismatch! 0x10 != 0x00[0m
[00:03:57.126,953] [1;31m<err> ads1220: config2 mismatch! 0x15 != 0x00[0m
[00:03:57.127,075] [1;31m<err> ads1220: config0 mismatch! 0x3C != 0x1C[0m
[00:03:57.127,075] [1;31m<err> analog_axis_hires: Could not setup channel #1 (-5)[0m
[00:03:57.134,796] [1;31m<err> ads1220: config2 mismatch! 0x10 != 0x00[0m
[00:03:57.134,948] [1;31m<err> ads1220: config2 mismatch! 0x15 != 0x00[0m
[00:03:57.135,101] [1;31m<err> ads1220: config0 mismatch! 0x3C != 0x1C[0m
[00:03:57.135,101] [1;31m<err> analog_axis_hires: Could not setup channel #1 (-5)[0m
[00:03:57.142,852] [1;31m<err> ads1220: config2 mismatch! 0x10 != 0x00[0m
[00:03:57.142,974] [1;31m<err> ads1220: config2 mismatch! 0x15 != 0x00[0m
[00:03:57.143,127] [1;31m<err> ads1220: config0 mismatch! 0x3C != 0x1C[0m
[00:03:57.143,127] [1;31m<err> analog_axis_hires: Could not setup channel #1 (-5)[0m
[00:03:57.150,878] [1;31m<err> ads1220: config2 mismatch! 0x10 != 0x00[0m
[00:03:57.151,000] [1;31m<err> ads1220: config2 mismatch! 0x15 != 0x00[0m
[00:03:57.151,123] [1;31m<err> ads1220: config0 mismatch! 0x3C != 0x1C[0m
[00:03:57.151,153] [1;31m<err> analog_axis_hires: Could not setup channel #1 (-5)[0m
[00:03:57.158,874] [1;31m<err> ads1220: config2 mismatch! 0x10 != 0x00[0m
[00:03:57.159,027] [1;31m<err> ads1220: config2 mismatch! 0x15 != 0x00[0m
[00:03:57.159,179] [1;31m<err> ads1220: config0 mismatch! 0x3C != 0x1C[0m
[00:03:57.159,179] [1;31m<err> analog_axis_hires: Could not setup channel #1 (-5)[0m
[00:03:57.166,931] [1;31m<err> ads1220: config2 mismatch! 0x10 != 0x00[0m
[00:03:57.167,053] [1;31m<err> ads1220: config2 mismatch! 0x15 != 0x00[0m
[00:03:57.167,205] [1;31m<err> ads1220: config0 mismatch! 0x3C != 0x1C[0m
[00:03:57.167,205] [1;31m<err> analog_axis_hires: Could not setup channel #1 (-5)[0m
[00:03:57.174,987] [1;31m<err> ads1220: config2 mismatch! 0x10 != 0x00[0m
[00:03:57.175,109] [1;31m<err> ads1220: config2 mismatch! 0x15 != 0x00[0m
[00:03:57.175,231] [1;31m<err> ads1220: config0 mismatch! 0x3C != 0x1C[0m
[00:03:57.175,231] [1;31m<err> analog_axis_hires: Could not setup channel #1 (-5)[0m
[00:03:57.182,952] [1;31m<err> ads1220: config2 mismatch! 0x10 != 0x00[0m
[00:03:57.183,105] [1;31m<err> ads1220: config2 mismatch! 0x15 != 0x00[0m
[00:03:57.183,258] [1;31m<err> ads1220: config0 mismatch! 0x3C != 0x1C[0m
[00:03:57.183,258] [1;31m<err> analog_axis_hires: Could not setup channel #1 (-5)[0m
[00:03:57.191,009] [1;31m<err> ads1220: config2 mismatch! 0x10 != 0x00[0m
[00:03:57.191,131] [1;31m<err> ads1220: config2 mismatch! 0x15 != 0x00[0m
[00:03:57.191,284] [1;31m<err> ads1220: config0 mismatch! 0x3C != 0x1C[0m
[00:03:57.191,284] [1;31m<err> analog_axis_hires: Could not setup channel #1 (-5)[0m
[00:03:57.199,066] [1;31m<err> ads1220: config2 mismatch! 0x10 != 0x00[0m
[00:03:57.199,188] [1;31m<err> ads1220: config2 mismatch! 0x15 != 0x00[0m
[00:03:57.199,310] [1;31m<err> ads1220: config0 mismatch! 0x3C != 0x1C[0m
[00:03:57.199,310] [1;31m<err> analog_axis_hires: Could not setup channel #1 (-5)[0m
[00:03:57.207,031] [1;31m<err> ads1220: config2 mismatch! 0x10 != 0x00[0m
[00:03:57.207,183] [1;31m<err> ads1220: config2 mismatch! 0x15 != 0x00[0m
[00:03:57.207,336] [1;31m<err> ads1220: config0 mismatch! 0x3C != 0x1C[0m
[00:03:57.207,336] [1;31m<err> analog_axis_hires: Could not setup channel #1 (-5)[0m
[00:03:57.215,087] [1;31m<err> ads1220: config2 mismatch! 0x10 != 0x00[0m
[00:03:57.215,209] [1;31m<err> ads1220: config2 mismatch! 0x15 != 0x00[0m
[00:03:57.215,362] [1;31m<err> ads1220: config0 mismatch! 0x3C != 0x1C[0m
[00:03:57.215,362] [1;31m<err> analog_axis_hires: Could not setup channel #1 (-5)[0m
[00:03:57.223,144] [1;31m<err> ads1220: config2 mismatch! 0x10 != 0x00[0m
[00:03:57.223,266] [1;31m<err> ads1220: config2 mismatch! 0x15 != 0x00[0m
[00:03:57.223,388] [1;31m<err> ads1220: config0 mismatch! 0x3C != 0x1C[0m
[00:03:57.223,419] [1;31m<err> analog_axis_hires: Could not setup channel #1 (-5)[0m
[00:03:57.231,109] [1;31m<err> ads1220: config2 mismatch! 0x10 != 0x00[0m
[00:03:57.231,262] [1;31m<err> ads1220: config2 mismatch! 0x15 != 0x00[0m
[00:03:57.231,414] [1;31m<err> ads1220: config0 mismatch! 0x3C != 0x1C[0m
[00:03:57.231,414] [1;31m<err> analog_axis_hires: Could not setup channel #1 (-5)[0m
[00:03:57.239,166] [1;31m<err> ads1220: config2 mismatch! 0x10 != 0x00[0m
[00:03:57.239,288] [1;31m<err> ads1220: config2 mismatch! 0x15 != 0x00[0m
[00:03:57.239,440] [1;31m<err> ads1220: config0 mismatch! 0x3C != 0x1C[0m
[00:03:57.239,440] [1;31m<err> analog_axis_hires: Could not setup channel #1 (-5)[0m
[00:03:57.247,222] [1;31m<err> ads1220: config2 mismatch! 0x10 != 0x00[0m
[00:03:57.247,344] [1;31m<err> ads1220: config2 mismatch! 0x15 != 0x00[0m
[00:03:57.247,467] [1;31m<err> ads1220: config0 mismatch! 0x3C != 0x1C[0m
[00:03:57.247,497] [1;31m<err> analog_axis_hires: Could not setup channel #1 (-5)[0m
[00:03:57.255,187] [1;31m<err> ads1220: config2 mismatch! 0x10 != 0x00[0m
[00:03:57.255,340] [1;31m<err> ads1220: config2 mismatch! 0x15 != 0x00[0m
[00:03:57.255,493] [1;31m<err> ads1220: config0 mismatch! 0x3C != 0x1C[0m
[00:03:57.255,493] [1;31m<err> analog_axis_hires: Could not setup channel #1 (-5)[0m
[00:03:57.263,244] [1;31m<err> ads1220: config2 mismatch! 0x10 != 0x00[0m
[00:03:57.263,366] [1;31m<err> ads1220: config2 mismatch! 0x15 != 0x00[0m
[00:03:57.263,519] [1;31m<err> ads1220: config0 mismatch! 0x3C != 0x1C[0m
[00:03:57.263,549] [1;31m<err> analog_axis_hires: Could not setup channel #1 (-5)[0m
[00:03:57.271,301] [1;31m<err> ads1220: config2 mismatch! 0x10 != 0x00[0m
[00:03:57.271,423] [1;31m<err> ads1220: config2 mismatch! 0x15 != 0x00[0m
[00:03:57.271,575] [1;31m<err> ads1220: config0 mismatch! 0x3C != 0x1C[0m
[00:03:57.271,575] [1;31m<err> analog_axis_hires: Could not setup channel #1 (-5)[0m
[00:03:57.279,266] [1;31m<err> ads1220: config2 mismatch! 0x10 != 0x00[0m
[00:03:57.279,418] [1;31m<err> ads1220: config2 mismatch! 0x15 != 0x00[0m
[00:03:57.279,571] [1;31m<err> ads1220: config0 mismatch! 0x3C != 0x1C[0m
[00:03:57.279,571] [1;31m<err> analog_axis_hires: Could not setup channel #1 (-5)[0m
[00:03:57.287,322] [1;31m<err> ads1220: config2 mismatch! 0x10 != 0x00[0m
[00:03:57.287,445] [1;31m<err> ads1220: config2 mismatch! 0x15 != 0x00[0m
[00:03:57.287,597] [1;31m<err> ads1220: config0 mismatch! 0x3C != 0x1C[0m
[00:03:57.287,628] [1;31m<err> analog_axis_hires: Could not setup channel #1 (-5)[0m
[00:03:57.295,379] [1;31m<err> ads1220: config2 mismatch! 0x10 != 0x00[0m
[00:03:57.295,501] [1;31m<err> ads1220: config2 mismatch! 0x15 != 0x00[0m
[00:03:57.295,623] [1;31m<err> ads1220: config0 mismatch! 0x3C != 0x1C[0m
[00:03:57.295,654] [1;31m<err> analog_axis_hires: Could not setup channel #1 (-5)[0m
[00:03:57.303,344] [1;31m<err> ads1220: config2 mismatch! 0x10 != 0x00[0m
[00:03:57.303,497] [1;31m<err> ads1220: config2 mismatch! 0x15 != 0x00[0m
[00:03:57.303,649] [1;31m<err> ads1220: config0 mismatch! 0x3C != 0x1C[0m
[00:03:57.303,649] [1;31m<err> analog_axis_hires: Could not setup channel #1 (-5)[0m
[00:03:57.311,401] [1;31m<err> ads1220: config2 mismatch! 0x10 != 0x00[0m
[00:03:57.311,523] [1;31m<err> ads1220: config2 mismatch! 0x15 != 0x00[0m
[00:03:57.311,676] [1;31m<err> ads1220: config0 mismatch! 0x3C != 0x1C[0m
[00:03:57.311,706] [1;31m<err> analog_axis_hires: Could not setup channel #1 (-5)[0m
[00:03:57.319,458] [1;31m<err> ads1220: config2 mismatch! 0x10 != 0x00[0m
[00:03:57.319,580] [1;31m<err> ads1220: config2 mismatch! 0x15 != 0x00[0m
[00:03:57.319,702] [1;31m<err> ads1220: config0 mismatch! 0x3C != 0x1C[0m
[00:03:57.319,732] [1;31m<err> analog_axis_hires: Could not setup channel #1 (-5)[0m
[00:03:57.327,423] [1;31m<err> ads1220: config2 mismatch! 0x10 != 0x00[0m
[00:03:57.327,575] [1;31m<err> ads1220: config2 mismatch! 0x15 != 0x00[0m
[00:03:57.327,728] [1;31m<err> ads1220: config0 mismatch! 0x3C != 0x1C[0m
[00:03:57.327,728] [1;31m<err> analog_axis_hires: Could not setup channel #1 (-5)[0m
[00:03:57.335,479] [1;31m<err> ads1220: config2 mismatch! 0x10 != 0x00[0m
[00:03:57.335,601] [1;31m<err> ads1220: config2 mismatch! 0x15 != 0x00[0m
[00:03:57.335,754] [1;31m<err> ads1220: config0 mismatch! 0x3C != 0x1C[0m
[00:03:57.335,784] [1;31m<err> analog_axis_hires: Could not setup channel #1 (-5)[0m
[00:03:57.343,536] [1;31m<err> ads1220: config2 mismatch! 0x10 != 0x00[0m
[00:03:57.343,658] [1;31m<err> ads1220: config2 mismatch! 0x15 != 0x00[0m
[00:03:57.343,811] [1;31m<err> ads1220: config0 mismatch! 0x3C != 0x1C[0m
[00:03:57.343,811] [1;31m<err> analog_axis_hires: Could not setup channel #1 (-5)[0m
[00:03:57.351,501] [1;31m<err> ads1220: config2 mismatch! 0x10 != 0x00[0m
[00:03:57.351,654] [1;31m<err> ads1220: config2 mismatch! 0x15 != 0x00[0m
[00:03:57.351,806] [1;31m<err> ads1220: config0 mismatch! 0x3C != 0x1C[0m
[00:03:57.351,806] [1;31m<err> analog_axis_hires: Could not setup channel #1 (-5)[0m
[00:03:57.359,558] [1;31m<err> ads1220: config2 mismatch! 0x10 != 0x00[0m
[00:03:57.359,680] [1;31m<err> ads1220: config2 mismatch! 0x15 != 0x00[0m
[00:03:57.359,832] [1;31m<err> ads1220: config0 mismatch! 0x3C != 0x1C[0m
[00:03:57.359,863] [1;31m<err> analog_axis_hires: Could not setup channel #1 (-5)[0m
[00:03:57.367,614] [1;31m<err> ads1220: config2 mismatch! 0x10 != 0x00[0m
[00:03:57.367,736] [1;31m<err> ads1220: config2 mismatch! 0x15 != 0x00[0m
[00:03:57.367,858] [1;31m<err> ads1220: config0 mismatch! 0x3C != 0x1C[0m
[00:03:57.367,889] [1;31m<err> analog_axis_hires: Could not setup channel #1 (-5)[0m
[00:03:57.375,579] [1;31m<err> ads1220: config2 mismatch! 0x10 != 0x00[0m
[00:03:57.375,732] [1;31m<err> ads1220: config2 mismatch! 0x15 != 0x00[0m
[00:03:57.375,885] [1;31m<err> ads1220: config0 mismatch! 0x3C != 0x1C[0m
[00:03:57.375,885] [1;31m<err> analog_axis_hires: Could not setup channel #1 (-5)[0m
[00:03:57.383,636] [1;31m<err> ads1220: config2 mismatch! 0x10 != 0x00[0m
[00:03:57.383,758] [1;31m<err> ads1220: config2 mismatch! 0x15 != 0x00[0m
[00:03:57.383,911] [1;31m<err> ads1220: config0 mismatch! 0x3C != 0x1C[0m
[00:03:57.383,941] [1;31m<err> analog_axis_hires: Could not setup channel #1 (-5)[0m
[00:03:57.391,693] [1;31m<err> ads1220: config2 mismatch! 0x10 != 0x00[0m
[00:03:57.391,815] [1;31m<err> ads1220: config2 mismatch! 0x15 != 0x00[0m
[00:03:57.391,967] [1;31m<err> ads1220: config0 mismatch! 0x3C != 0x1C[0m
[00:03:57.391,967] [1;31m<err> analog_axis_hires: Could not setup channel #1 (-5)[0m
[00:03:57.399,658] [1;31m<err> ads1220: config2 mismatch! 0x10 != 0x00[0m
[00:03:57.399,810] [1;31m<err> ads1220: config2 mismatch! 0x15 != 0x00[0m
[00:03:57.399,963] [1;31m<err> ads1220: config0 mismatch! 0x3C != 0x1C[0m
[00:03:57.399,963] [1;31m<err> analog_axis_hires: Could not setup channel #1 (-5)[0m
[00:03:57.407,714] [1;31m<err> ads1220: config2 mismatch! 0x10 != 0x00[0m
[00:03:57.407,836] [1;31m<err> ads1220: config2 mismatch! 0x15 != 0x00[0m
[00:03:57.407,989] [1;31m<err> ads1220: config0 mismatch! 0x3C != 0x1C[0m
[00:03:57.408,020] [1;31m<err> analog_axis_hires: Could not setup channel #1 (-5)[0m
[00:03:57.415,771] [1;31m<err> ads1220: config2 mismatch! 0x10 != 0x00[0m
[00:03:57.415,893] [1;31m<err> ads1220: config2 mismatch! 0x15 != 0x00[0m
[00:03:57.416,046] [1;31m<err> ads1220: config0 mismatch! 0x3C != 0x1C[0m
[00:03:57.416,046] [1;31m<err> analog_axis_hires: Could not setup channel #1 (-5)[0m
[00:03:57.423,736] [1;31m<err> ads1220: config2 mismatch! 0x10 != 0x00[0m
[00:03:57.423,889] [1;31m<err> ads1220: config2 mismatch! 0x15 != 0x00[0m
[00:03:57.424,041] [1;31m<err> ads1220: config0 mismatch! 0x3C != 0x1C[0m
[00:03:57.424,041] [1;31m<err> analog_axis_hires: Could not setup channel #1 (-5)[0m
[00:03:57.431,793] [1;31m<err> ads1220: config2 mismatch! 0x10 != 0x00[0m
[00:03:57.431,915] [1;31m<err> ads1220: config2 mismatch! 0x15 != 0x00[0m
[00:03:57.432,067] [1;31m<err> ads1220: config0 mismatch! 0x3C != 0x1C[0m
[00:03:57.432,098] [1;31m<err> analog_axis_hires: Could not setup channel #1 (-5)[0m
[00:03:57.439,819] [1;31m<err> ads1220: config2 mismatch! 0x10 != 0x00[0m
[00:03:57.439,971] [1;31m<err> ads1220: config2 mismatch! 0x15 != 0x00[0m
[00:03:57.440,093] [1;31m<err> ads1220: config0 mismatch! 0x3C != 0x1C[0m
[00:03:57.440,093] [1;31m<err> analog_axis_hires: Could not setup channel #1 (-5)[0m
[00:03:57.447,875] [1;31m<err> ads1220: config2 mismatch! 0x10 != 0x00[0m
[00:03:57.448,028] [1;31m<err> ads1220: config2 mismatch! 0x15 != 0x00[0m
[00:03:57.448,181] [1;31m<err> ads1220: config0 mismatch! 0x3C != 0x1C[0m
[00:03:57.448,181] [1;31m<err> analog_axis_hires: Could not setup channel #1 (-5)[0m
[00:03:57.455,871] [1;31m<err> ads1220: config2 mismatch! 0x10 != 0x00[0m
[00:03:57.455,993] [1;31m<err> ads1220: config2 mismatch! 0x15 != 0x00[0m
[00:03:57.456,146] [1;31m<err> ads1220: config0 mismatch! 0x3C != 0x1C[0m
[00:03:57.456,176] [1;31m<err> analog_axis_hires: Could not setup channel #1 (-5)[0m
[00:03:57.463,928] [1;31m<err> ads1220: config2 mismatch! 0x10 != 0x00[0m
[00:03:57.464,050] [1;31m<err> ads1220: config2 mismatch! 0x15 != 0x00[0m
[00:03:57.464,202] [1;31m<err> ads1220: config0 mismatch! 0x3C != 0x1C[0m
[00:03:57.464,202] [1;31m<err> analog_axis_hires: Could not setup channel #1 (-5)[0m
[00:03:57.471,893] [1;31m<err> ads1220: config2 mismatch! 0x10 != 0x00[0m
[00:03:57.472,045] [1;31m<err> ads1220: config2 mismatch! 0x15 != 0x00[0m
[00:03:57.472,198] [1;31m<err> ads1220: config0 mismatch! 0x3C != 0x1C[0m
[00:03:57.472,198] [1;31m<err> analog_axis_hires: Could not setup channel #1 (-5)[0m
[00:03:57.479,949] [1;31m<err> ads1220: config2 mismatch! 0x10 != 0x00[0m
[00:03:57.480,072] [1;31m<err> ads1220: config2 mismatch! 0x15 != 0x00[0m
[00:03:57.480,224] [1;31m<err> ads1220: config0 mismatch! 0x3C != 0x1C[0m
[00:03:57.480,255] [1;31m<err> analog_axis_hires: Could not setup channel #1 (-5)[0m
[00:03:57.488,006] [1;31m<err> ads1220: config2 mismatch! 0x10 != 0x00[0m
[00:03:57.488,128] [1;31m<err> ads1220: config2 mismatch! 0x15 != 0x00[0m
[00:03:57.488,250] [1;31m<err> ads1220: config0 mismatch! 0x3C != 0x1C[0m
[00:03:57.488,281] [1;31m<err> analog_axis_hires: Could not setup channel #1 (-5)[0m
[00:03:57.495,971] [1;31m<err> ads1220: config2 mismatch! 0x10 != 0x00[0m
[00:03:57.496,124] [1;31m<err> ads1220: config2 mismatch! 0x15 != 0x00[0m
[00:03:57.496,276] [1;31m<err> ads1220: config0 mismatch! 0x3C != 0x1C[0m
[00:03:57.496,276] [1;31m<err> analog_axis_hires: Could not setup channel #1 (-5)[0m
[00:03:57.504,028] [1;31m<err> ads1220: config2 mismatch! 0x10 != 0x00[0m
[00:03:57.504,150] [1;31m<err> ads1220: config2 mismatch! 0x15 != 0x00[0m
[00:03:57.504,302] [1;31m<err> ads1220: config0 mismatch! 0x3C != 0x1C[0m
[00:03:57.504,333] [1;31m<err> analog_axis_hires: Could not setup channel #1 (-5)[0m
[00:03:57.512,084] [1;31m<err> ads1220: config2 mismatch! 0x10 != 0x00[0m
[00:03:57.512,207] [1;31m<err> ads1220: config2 mismatch! 0x15 != 0x00[0m
[00:03:57.512,329] [1;31m<err> ads1220: config0 mismatch! 0x3C != 0x1C[0m
[00:03:57.512,329] [1;31m<err> analog_axis_hires: Could not setup channel #1 (-5)[0m
[00:03:57.520,050] [1;31m<err> ads1220: config2 mismatch! 0x10 != 0x00[0m
[00:03:57.520,202] [1;31m<err> ads1220: config2 mismatch! 0x15 != 0x00[0m
[00:03:57.520,355] [1;31m<err> ads1220: config0 mismatch! 0x3C != 0x1C[0m
[00:03:57.520,355] [1;31m<err> analog_axis_hires: Could not setup channel #1 (-5)[0m
[00:03:57.528,106] [1;31m<err> ads1220: config2 mismatch! 0x10 != 0x00[0m
[00:03:57.528,228] [1;31m<err> ads1220: config2 mismatch! 0x15 != 0x00[0m
[00:03:57.528,381] [1;31m<err> ads1220: config0 mismatch! 0x3C != 0x1C[0m
[00:03:57.528,411] [1;31m<err> analog_axis_hires: Could not setup channel #1 (-5)[0m
[00:03:57.536,193] [1;31m<err> ads1220: config2 mismatch! 0x10 != 0x00[0m
[00:03:57.536,315] [1;31m<err> ads1220: config2 mismatch! 0x15 != 0x00[0m
[00:03:57.536,437] [1;31m<err> ads1220: config0 mismatch! 0x3C != 0x1C[0m
[00:03:57.536,437] [1;31m<err> analog_axis_hires: Could not setup channel #1 (-5)[0m
[00:03:57.544,158] [1;31m<err> ads1220: config2 mismatch! 0x10 != 0x00[0m
[00:03:57.544,281] [1;31m<err> ads1220: config2 mismatch! 0x15 != 0x00[0m
[00:03:57.544,433] [1;31m<err> ads1220: config0 mismatch! 0x3C != 0x1C[0m
[00:03:57.544,464] [1;31m<err> analog_axis_hires: Could not setup channel #1 (-5)[0m
[00:03:57.552,185] [1;31m<err> ads1220: config2 mismatch! 0x10 != 0x00[0m
[00:03:57.552,307] [1;31m<err> ads1220: config2 mismatch! 0x15 != 0x00[0m
[00:03:57.552,459] [1;31m<err> ads1220: config0 mismatch! 0x3C != 0x1C[0m
[00:03:57.552,490] [1;31m<err> analog_axis_hires: Could not setup channel #1 (-5)[0m
[00:03:57.560,241] [1;31m<err> ads1220: config2 mismatch! 0x10 != 0x00[0m
[00:03:57.560,363] [1;31m<err> ads1220: config2 mismatch! 0x15 != 0x00[0m
[00:03:57.560,485] [1;31m<err> ads1220: config0 mismatch! 0x3C != 0x1C[0m
[00:03:57.560,516] [1;31m<err> analog_axis_hires: Could not setup channel #1 (-5)[0m
[00:03:57.568,206] [1;31m<err> ads1220: config2 mismatch! 0x10 != 0x00[0m
[00:03:57.568,359] [1;31m<err> ads1220: config2 mismatch! 0x15 != 0x00[0m
[00:03:57.568,511] [1;31m<err> ads1220: config0 mismatch! 0x3C != 0x1C[0m
[00:03:57.568,511] [1;31m<err> analog_axis_hires: Could not setup channel #1 (-5)[0m
[00:03:57.576,263] [1;31m<err> ads1220: config2 mismatch! 0x10 != 0x00[0m
[00:03:57.576,385] [1;31m<err> ads1220: config2 mismatch! 0x15 != 0x00[0m
[00:03:57.576,538] [1;31m<err> ads1220: config0 mismatch! 0x3C != 0x1C[0m
[00:03:57.576,568] [1;31m<err> analog_axis_hires: Could not setup channel #1 (-5)[0m
[00:03:57.584,320] [1;31m<err> ads1220: config2 mismatch! 0x10 != 0x00[0m
[00:03:57.584,442] [1;31m<err> ads1220: config2 mismatch! 0x15 != 0x00[0m
[00:03:57.584,564] [1;31m<err> ads1220: config0 mismatch! 0x3C != 0x1C[0m
[00:03:57.584,594] [1;31m<err> analog_axis_hires: Could not setup channel #1 (-5)[0m
[00:03:57.592,285] [1;31m<err> ads1220: config2 mismatch! 0x10 != 0x00[0m
[00:03:57.592,437] [1;31m<err> ads1220: config2 mismatch! 0x15 != 0x00[0m
[00:03:57.592,590] [1;31m<err> ads1220: config0 mismatch! 0x3C != 0x1C[0m
[00:03:57.592,590] [1;31m<err> analog_axis_hires: Could not setup channel #1 (-5)[0m
[00:03:57.600,341] [1;31m<err> ads1220: config2 mismatch! 0x10 != 0x00[0m
[00:03:57.600,463] [1;31m<err> ads1220: config2 mismatch! 0x15 != 0x00[0m
[00:03:57.600,616] [1;31m<err> ads1220: config0 mismatch! 0x3C != 0x1C[0m
[00:03:57.600,646] [1;31m<err> analog_axis_hires: Could not setup channel #1 (-5)[0m
[00:03:57.608,398] [1;31m<err> ads1220: config2 mismatch! 0x10 != 0x00[0m
[00:03:57.608,520] [1;31m<err> ads1220: config2 mismatch! 0x15 != 0x00[0m
[00:03:57.608,642] [1;31m<err> ads1220: config0 mismatch! 0x3C != 0x1C[0m
[00:03:57.608,673] [1;31m<err> analog_axis_hires: Could not setup channel #1 (-5)[0m
[00:03:57.616,363] [1;31m<err> ads1220: config2 mismatch! 0x10 != 0x00[0m
[00:03:57.616,516] [1;31m<err> ads1220: config2 mismatch! 0x15 != 0x00[0m
[00:03:57.616,668] [1;31m<err> ads1220: config0 mismatch! 0x3C != 0x1C[0m
[00:03:57.616,668] [1;31m<err> analog_axis_hires: Could not setup channel #1 (-5)[0m
[00:03:57.624,420] [1;31m<err> ads1220: config2 mismatch! 0x10 != 0x00[0m
[00:03:57.624,542] [1;31m<err> ads1220: config2 mismatch! 0x15 != 0x00[0m
[00:03:57.624,694] [1;31m<err> ads1220: config0 mismatch! 0x3C != 0x1C[0m
[00:03:57.624,725] [1;31m<err> analog_axis_hires: Could not setup channel #1 (-5)[0m
[00:03:57.632,476] [1;31m<err> ads1220: config2 mismatch! 0x10 != 0x00[0m
[00:03:57.632,598] [1;31m<err> ads1220: config2 mismatch! 0x15 != 0x00[0m
[00:03:57.632,720] [1;31m<err> ads1220: config0 mismatch! 0x3C != 0x1C[0m
[00:03:57.632,751] [1;31m<err> analog_axis_hires: Could not setup channel #1 (-5)[0m
[00:03:57.640,441] [1;31m<err> ads1220: config2 mismatch! 0x10 != 0x00[0m
[00:03:57.640,594] [1;31m<err> ads1220: config2 mismatch! 0x15 != 0x00[0m
[00:03:57.640,747] [1;31m<err> ads1220: config0 mismatch! 0x3C != 0x1C[0m
[00:03:57.640,747] [1;31m<err> analog_axis_hires: Could not setup channel #1 (-5)[0m
[00:03:57.648,498] [1;31m<err> ads1220: config2 mismatch! 0x10 != 0x00[0m
[00:03:57.648,620] [1;31m<err> ads1220: config2 mismatch! 0x15 != 0x00[0m
[00:03:57.648,773] [1;31m<err> ads1220: config0 mismatch! 0x3C != 0x1C[0m
[00:03:57.648,803] [1;31m<err> analog_axis_hires: Could not setup channel #1 (-5)[0m
[00:03:57.656,555] [1;31m<err> ads1220: config2 mismatch! 0x10 != 0x00[0m
[00:03:57.656,677] [1;31m<err> ads1220: config2 mismatch! 0x15 != 0x00[0m
[00:03:57.656,799] [1;31m<err> ads1220: config0 mismatch! 0x3C != 0x1C[0m
[00:03:57.656,829] [1;31m<err> analog_axis_hires: Could not setup channel #1 (-5)[0m
[00:03:57.664,520] [1;31m<err> ads1220: config2 mismatch! 0x10 != 0x00[0m
[00:03:57.664,672] [1;31m<err> ads1220: config2 mismatch! 0x15 != 0x00[0m
[00:03:57.664,825] [1;31m<err> ads1220: config0 mismatch! 0x3C != 0x1C[0m
[00:03:57.664,825] [1;31m<err> analog_axis_hires: Could not setup channel #1 (-5)[0m
[00:03:57.672,576] [1;31m<err> ads1220: config2 mismatch! 0x10 != 0x00[0m
[00:03:57.672,698] [1;31m<err> ads1220: config2 mismatch! 0x15 != 0x00[0m
[00:03:57.672,851] [1;31m<err> ads1220: config0 mismatch! 0x3C != 0x1C[0m
[00:03:57.672,882] [1;31m<err> analog_axis_hires: Could not setup channel #1 (-5)[0m
[00:03:57.680,633] [1;31m<err> ads1220: config2 mismatch! 0x10 != 0x00[0m
[00:03:57.680,755] [1;31m<err> ads1220: config2 mismatch! 0x15 != 0x00[0m
[00:03:57.680,908] [1;31m<err> ads1220: config0 mismatch! 0x3C != 0x1C[0m
[00:03:57.680,908] [1;31m<err> analog_axis_hires: Could not setup channel #1 (-5)[0m
[00:03:57.688,598] [1;31m<err> ads1220: config2 mismatch! 0x10 != 0x00[0m
[00:03:57.688,751] [1;31m<err> ads1220: config2 mismatch! 0x15 != 0x00[0m
[00:03:57.688,903] [1;31m<err> ads1220: config0 mismatch! 0x3C != 0x1C[0m
[00:03:57.688,903] [1;31m<err> analog_axis_hires: Could not setup channel #1 (-5)[0m
[00:03:57.696,655] [1;31m<err> ads1220: config2 mismatch! 0x10 != 0x00[0m
[00:03:57.696,777] [1;31m<err> ads1220: config2 mismatch! 0x15 != 0x00[0m
[00:03:57.696,929] [1;31m<err> ads1220: config0 mismatch! 0x3C != 0x1C[0m
[00:03:57.696,960] [1;31m<err> analog_axis_hires: Could not setup channel #1 (-5)[0m
[00:03:57.704,681] [1;31m<err> ads1220: config2 mismatch! 0x10 != 0x00[0m
[00:03:57.704,803] [1;31m<err> ads1220: config2 mismatch! 0x15 != 0x00[0m
[00:03:57.704,956] [1;31m<err> ads1220: config0 mismatch! 0x3C != 0x1C[0m
[00:03:57.704,956] [1;31m<err> analog_axis_hires: Could not setup channel #1 (-5)[0m
[00:03:57.712,677] [1;31m<err> ads1220: config2 mismatch! 0x10 != 0x00[0m
[00:03:57.712,829] [1;31m<err> ads1220: config2 mismatch! 0x15 != 0x00[0m
[00:03:57.712,982] [1;31m<err> ads1220: config0 mismatch! 0x3C != 0x1C[0m
[00:03:57.712,982] [1;31m<err> analog_axis_hires: Could not setup channel #1 (-5)[0m
[00:03:57.720,733] [1;31m<err> ads1220: config2 mismatch! 0x10 != 0x00[0m
[00:03:57.720,855] [1;31m<err> ads1220: config2 mismatch! 0x15 != 0x00[0m
[00:03:57.721,008] [1;31m<err> ads1220: config0 mismatch! 0x3C != 0x1C[0m
[00:03:57.721,038] [1;31m<err> analog_axis_hires: Could not setup channel #1 (-5)[0m
[00:03:57.728,790] [1;31m<err> ads1220: config2 mismatch! 0x10 != 0x00[0m
[00:03:57.728,912] [1;31m<err> ads1220: config2 mismatch! 0x15 != 0x00[0m
[00:03:57.729,064] [1;31m<err> ads1220: config0 mismatch! 0x3C != 0x1C[0m
[00:03:57.729,064] [1;31m<err> analog_axis_hires: Could not setup channel #1 (-5)[0m
[00:03:57.736,755] [1;31m<err> ads1220: config2 mismatch! 0x10 != 0x00[0m
[00:03:57.736,907] [1;31m<err> ads1220: config2 mismatch! 0x15 != 0x00[0m
[00:03:57.737,060] [1;31m<err> ads1220: config0 mismatch! 0x3C != 0x1C[0m
[00:03:57.737,060] [1;31m<err> analog_axis_hires: Could not setup channel #1 (-5)[0m
[00:03:57.744,812] [1;31m<err> ads1220: config2 mismatch! 0x10 != 0x00[0m
[00:03:57.744,934] [1;31m<err> ads1220: config2 mismatch! 0x15 != 0x00[0m
[00:03:57.745,086] [1;31m<err> ads1220: config0 mismatch! 0x3C != 0x1C[0m
[00:03:57.745,117] [1;31m<err> analog_axis_hires: Could not setup channel #1 (-5)[0m
[00:03:57.752,838] [1;31m<err> ads1220: config2 mismatch! 0x10 != 0x00[0m
[00:03:57.752,990] [1;31m<err> ads1220: config2 mismatch! 0x15 != 0x00[0m
[00:03:57.753,112] [1;31m<err> ads1220: config0 mismatch! 0x3C != 0x1C[0m
[00:03:57.753,112] [1;31m<err> analog_axis_hires: Could not setup channel #1 (-5)[0m
[00:03:57.760,894] [1;31m<err> ads1220: config2 mismatch! 0x10 != 0x00[0m
[00:03:57.761,047] [1;31m<err> ads1220: config2 mismatch! 0x15 != 0x00[0m
[00:03:57.761,199] [1;31m<err> ads1220: config0 mismatch! 0x3C != 0x1C[0m
[00:03:57.761,199] [1;31m<err> analog_axis_hires: Could not setup channel #1 (-5)[0m
[00:03:57.768,890] [1;31m<err> ads1220: config2 mismatch! 0x10 != 0x00[0m
[00:03:57.769,012] [1;31m<err> ads1220: config2 mismatch! 0x15 != 0x00[0m
[00:03:57.769,165] [1;31m<err> ads1220: config0 mismatch! 0x3C != 0x1C[0m
[00:03:57.769,195] [1;31m<err> analog_axis_hires: Could not setup channel #1 (-5)[0m
[00:03:57.776,947] [1;31m<err> ads1220: config2 mismatch! 0x10 != 0x00[0m
[00:03:57.777,069] [1;31m<err> ads1220: config2 mismatch! 0x15 != 0x00[0m
[00:03:57.777,221] [1;31m<err> ads1220: config0 mismatch! 0x3C != 0x1C[0m
[00:03:57.777,221] [1;31m<err> analog_axis_hires: Could not setup channel #1 (-5)[0m
[00:03:57.784,912] [1;31m<err> ads1220: config2 mismatch! 0x10 != 0x00[0m
[00:03:57.785,064] [1;31m<err> ads1220: config2 mismatch! 0x15 != 0x00[0m
[00:03:57.785,217] [1;31m<err> ads1220: config0 mismatch! 0x3C != 0x1C[0m
[00:03:57.785,217] [1;31m<err> analog_axis_hires: Could not setup channel #1 (-5)[0m
[00:03:57.792,968] [1;31m<err> ads1220: config2 mismatch! 0x10 != 0x00[0m
[00:03:57.793,090] [1;31m<err> ads1220: config2 mismatch! 0x15 != 0x00[0m
[00:03:57.793,243] [1;31m<err> ads1220: config0 mismatch! 0x3C != 0x1C[0m
[00:03:57.793,273] [1;31m<err> analog_axis_hires: Could not setup channel #1 (-5)[0m
[00:03:57.800,994] [1;31m<err> ads1220: config2 mismatch! 0x10 != 0x00[0m
[00:03:57.801,147] [1;31m<err> ads1220: config2 mismatch! 0x15 != 0x00[0m
[00:03:57.801,269] [1;31m<err> ads1220: config0 mismatch! 0x3C != 0x1C[0m
[00:03:57.801,269] [1;31m<err> analog_axis_hires: Could not setup channel #1 (-5)[0m
[00:03:57.808,990] [1;31m<err> ads1220: config2 mismatch! 0x10 != 0x00[0m
[00:03:57.809,143] [1;31m<err> ads1220: config2 mismatch! 0x15 != 0x00[0m
[00:03:57.809,295] [1;31m<err> ads1220: config0 mismatch! 0x3C != 0x1C[0m
[00:03:57.809,295] [1;31m<err> analog_axis_hires: Could not setup channel #1 (-5)[0m
[00:03:57.817,047] [1;31m<err> ads1220: config2 mismatch! 0x10 != 0x00[0m
[00:03:57.817,169] [1;31m<err> ads1220: config2 mismatch! 0x15 != 0x00[0m
[00:03:57.817,321] [1;31m<err> ads1220: config0 mismatch! 0x3C != 0x1C[0m
[00:03:57.817,352] [1;31m<err> analog_axis_hires: Could not setup channel #1 (-5)[0m
[00:03:57.825,103] [1;31m<err> ads1220: config2 mismatch! 0x10 != 0x00[0m
[00:03:57.825,225] [1;31m<err> ads1220: config2 mismatch! 0x15 != 0x00[0m
[00:03:57.825,347] [1;31m<err> ads1220: config0 mismatch! 0x3C != 0x1C[0m
[00:03:57.825,347] [1;31m<err> analog_axis_hires: Could not setup channel #1 (-5)[0m
[00:03:57.833,068] [1;31m<err> ads1220: config2 mismatch! 0x10 != 0x00[0m
[00:03:57.833,221] [1;31m<err> ads1220: config2 mismatch! 0x15 != 0x00[0m
[00:03:57.833,374] [1;31m<err> ads1220: config0 mismatch! 0x3C != 0x1C[0m
[00:03:57.833,374] [1;31m<err> analog_axis_hires: Could not setup channel #1 (-5)[0m
[00:03:57.841,125] [1;31m<err> ads1220: config2 mismatch! 0x10 != 0x00[0m
[00:03:57.841,247] [1;31m<err> ads1220: config2 mismatch! 0x15 != 0x00[0m
[00:03:57.841,400] [1;31m<err> ads1220: config0 mismatch! 0x3C != 0x1C[0m
[00:03:57.841,430] [1;31m<err> analog_axis_hires: Could not setup channel #1 (-5)[0m
[00:03:57.849,182] [1;31m<err> ads1220: config2 mismatch! 0x10 != 0x00[0m
[00:03:57.849,304] [1;31m<err> ads1220: config2 mismatch! 0x15 != 0x00[0m
[00:03:57.849,426] [1;31m<err> ads1220: config0 mismatch! 0x3C != 0x1C[0m
[00:03:57.849,456] [1;31m<err> analog_axis_hires: Could not setup channel #1 (-5)[0m
[00:03:57.857,147] [1;31m<err> ads1220: config2 mismatch! 0x10 != 0x00[0m
[00:03:57.857,299] [1;31m<err> ads1220: config2 mismatch! 0x15 != 0x00[0m
[00:03:57.857,452] [1;31m<err> ads1220: config0 mismatch! 0x3C != 0x1C[0m
[00:03:57.857,452] [1;31m<err> analog_axis_hires: Could not setup channel #1 (-5)[0m
[00:03:57.865,203] [1;31m<err> ads1220: config2 mismatch! 0x10 != 0x00[0m
[00:03:57.865,325] [1;31m<err> ads1220: config2 mismatch! 0x15 != 0x00[0m
[00:03:57.865,478] [1;31m<err> ads1220: config0 mismatch! 0x3C != 0x1C[0m
[00:03:57.865,509] [1;31m<err> analog_axis_hires: Could not setup channel #1 (-5)[0m
[00:03:57.873,260] [1;31m<err> ads1220: config2 mismatch! 0x10 != 0x00[0m
[00:03:57.873,382] [1;31m<err> ads1220: config2 mismatch! 0x15 != 0x00[0m
[00:03:57.873,504] [1;31m<err> ads1220: config0 mismatch! 0x3C != 0x1C[0m
[00:03:57.873,535] [1;31m<err> analog_axis_hires: Could not setup channel #1 (-5)[0m
[00:03:57.881,225] [1;31m<err> ads1220: config2 mismatch! 0x10 != 0x00[0m
[00:03:57.881,378] [1;31m<err> ads1220: config2 mismatch! 0x15 != 0x00[0m
[00:03:57.881,530] [1;31m<err> ads1220: config0 mismatch! 0x3C != 0x1C[0m
[00:03:57.881,530] [1;31m<err> analog_axis_hires: Could not setup channel #1 (-5)[0m
[00:03:57.889,282] [1;31m<err> ads1220: config2 mismatch! 0x10 != 0x00[0m
[00:03:57.889,404] [1;31m<err> ads1220: config2 mismatch! 0x15 != 0x00[0m
[00:03:57.889,556] [1;31m<err> ads1220: config0 mismatch! 0x3C != 0x1C[0m
[00:03:57.889,587] [1;31m<err> analog_axis_hires: Could not setup channel #1 (-5)[0m
[00:03:57.897,338] [1;31m<err> ads1220: config2 mismatch! 0x10 != 0x00[0m
[00:03:57.897,460] [1;31m<err> ads1220: config2 mismatch! 0x15 != 0x00[0m
[00:03:57.897,583] [1;31m<err> ads1220: config0 mismatch! 0x3C != 0x1C[0m
[00:03:57.897,583] [1;31m<err> analog_axis_hires: Could not setup channel #1 (-5)[0m
[00:03:57.905,303] [1;31m<err> ads1220: config2 mismatch! 0x10 != 0x00[0m
[00:03:57.905,456] [1;31m<err> ads1220: config2 mismatch! 0x15 != 0x00[0m
[00:03:57.905,609] [1;31m<err> ads1220: config0 mismatch! 0x3C != 0x1C[0m
[00:03:57.905,609] [1;31m<err> analog_axis_hires: Could not setup channel #1 (-5)[0m
[00:03:57.913,360] [1;31m<err> ads1220: config2 mismatch! 0x10 != 0x00[0m
[00:03:57.913,482] [1;31m<err> ads1220: config2 mismatch! 0x15 != 0x00[0m
[00:03:57.913,635] [1;31m<err> ads1220: config0 mismatch! 0x3C != 0x1C[0m
[00:03:57.913,665] [1;31m<err> analog_axis_hires: Could not setup channel #1 (-5)[0m
[00:03:57.921,417] [1;31m<err> ads1220: config2 mismatch! 0x10 != 0x00[0m
[00:03:57.921,539] [1;31m<err> ads1220: config2 mismatch! 0x15 != 0x00[0m
[00:03:57.921,661] [1;31m<err> ads1220: config0 mismatch! 0x3C != 0x1C[0m
[00:03:57.921,691] [1;31m<err> analog_axis_hires: Could not setup channel #1 (-5)[0m
[00:03:57.929,382] [1;31m<err> ads1220: config2 mismatch! 0x10 != 0x00[0m
[00:03:57.929,534] [1;31m<err> ads1220: config2 mismatch! 0x15 != 0x00[0m
[00:03:57.929,687] [1;31m<err> ads1220: config0 mismatch! 0x3C != 0x1C[0m
[00:03:57.929,687] [1;31m<err> analog_axis_hires: Could not setup channel #1 (-5)[0m
[00:03:57.937,438] [1;31m<err> ads1220: config2 mismatch! 0x10 != 0x00[0m
[00:03:57.937,561] [1;31m<err> ads1220: config2 mismatch! 0x15 != 0x00[0m
[00:03:57.937,713] [1;31m<err> ads1220: config0 mismatch! 0x3C != 0x1C[0m
[00:03:57.937,744] [1;31m<err> analog_axis_hires: Could not setup channel #1 (-5)[0m
[00:03:57.945,465] [1;31m<err> ads1220: config2 mismatch! 0x10 != 0x00[0m
[00:03:57.945,617] [1;31m<err> ads1220: config2 mismatch! 0x15 != 0x00[0m
[00:03:57.945,739] [1;31m<err> ads1220: config0 mismatch! 0x3C != 0x1C[0m
[00:03:57.945,739] [1;31m<err> analog_axis_hires: Could not setup channel #1 (-5)[0m
[00:03:57.953,460] [1;31m<err> ads1220: config2 mismatch! 0x10 != 0x00[0m
[00:03:57.953,613] [1;31m<err> ads1220: config2 mismatch! 0x15 != 0x00[0m
[00:03:57.953,765] [1;31m<err> ads1220: config0 mismatch! 0x3C != 0x1C[0m
[00:03:57.953,765] [1;31m<err> analog_axis_hires: Could not setup channel #1 (-5)[0m
[00:03:57.961,517] [1;31m<err> ads1220: config2 mismatch! 0x10 != 0x00[0m
[00:03:57.961,639] [1;31m<err> ads1220: config2 mismatch! 0x15 != 0x00[0m
[00:03:57.961,791] [1;31m<err> ads1220: config0 mismatch! 0x3C != 0x1C[0m
[00:03:57.961,822] [1;31m<err> analog_axis_hires: Could not setup channel #1 (-5)[0m
[00:03:57.969,573] [1;31m<err> ads1220: config2 mismatch! 0x10 != 0x00[0m
[00:03:57.969,696] [1;31m<err> ads1220: config2 mismatch! 0x15 != 0x00[0m
[00:03:57.969,818] [1;31m<err> ads1220: config0 mismatch! 0x3C != 0x1C[0m
[00:03:57.969,848] [1;31m<err> analog_axis_hires: Could not setup channel #1 (-5)[0m
[00:03:57.977,539] [1;31m<err> ads1220: config2 mismatch! 0x10 != 0x00[0m
[00:03:57.977,691] [1;31m<err> ads1220: config2 mismatch! 0x15 != 0x00[0m
[00:03:57.977,844] [1;31m<err> ads1220: config0 mismatch! 0x3C != 0x1C[0m
[00:03:57.977,844] [1;31m<err> analog_axis_hires: Could not setup channel #1 (-5)[0m
[00:03:57.985,595] [1;31m<err> ads1220: config2 mismatch! 0x10 != 0x00[0m
[00:03:57.985,717] [1;31m<err> ads1220: config2 mismatch! 0x15 != 0x00[0m
[00:03:57.985,870] [1;31m<err> ads1220: config0 mismatch! 0x3C != 0x1C[0m
[00:03:57.985,900] [1;31m<err> analog_axis_hires: Could not setup channel #1 (-5)[0m
[00:03:57.993,652] [1;31m<err> ads1220: config2 mismatch! 0x10 != 0x00[0m
[00:03:57.993,774] [1;31m<err> ads1220: config2 mismatch! 0x15 != 0x00[0m
[00:03:57.993,896] [1;31m<err> ads1220: config0 mismatch! 0x3C != 0x1C[0m
[00:03:57.993,927] [1;31m<err> analog_axis_hires: Could not setup channel #1 (-5)[0m
[00:03:58.001,617] [1;31m<err> ads1220: config2 mismatch! 0x10 != 0x00[0m
[00:03:58.001,770] [1;31m<err> ads1220: config2 mismatch! 0x15 != 0x00[0m
[00:03:58.001,922] [1;31m<err> ads1220: config0 mismatch! 0x3C != 0x1C[0m
[00:03:58.001,922] [1;31m<err> analog_axis_hires: Could not setup channel #1 (-5)[0m
[00:03:58.009,674] [1;31m<err> ads1220: config2 mismatch! 0x10 != 0x00[0m
[00:03:58.009,796] [1;31m<err> ads1220: config2 mismatch! 0x15 != 0x00[0m
[00:03:58.009,948] [1;31m<err> ads1220: config0 mismatch! 0x3C != 0x1C[0m
[00:03:58.009,979] [1;31m<err> analog_axis_hires: Could not setup channel #1 (-5)[0m
[00:03:58.017,730] [1;31m<err> ads1220: config2 mismatch! 0x10 != 0x00[0m
[00:03:58.017,852] [1;31m<err> ads1220: config2 mismatch! 0x15 != 0x00[0m
[00:03:58.017,974] [1;31m<err> ads1220: config0 mismatch! 0x3C != 0x1C[0m
[00:03:58.018,005] [1;31m<err> analog_axis_hires: Could not setup channel #1 (-5)[0m
[00:03:58.025,695] [1;31m<err> ads1220: config2 mismatch! 0x10 != 0x00[0m
[00:03:58.025,848] [1;31m<err> ads1220: config2 mismatch! 0x15 != 0x00[0m
[00:03:58.026,000] [1;31m<err> ads1220: config0 mismatch! 0x3C != 0x1C[0m
[00:03:58.026,000] [1;31m<err> analog_axis_hires: Could not setup channel #1 (-5)[0m
[00:03:58.033,752] [1;31m<err> ads1220: config2 mismatch! 0x10 != 0x00[0m
[00:03:58.033,874] [1;31m<err> ads1220: config2 mismatch! 0x15 != 0x00[0m
[00:03:58.034,027] [1;31m<err> ads1220: config0 mismatch! 0x3C != 0x1C[0m
[00:03:58.034,057] [1;31m<err> analog_axis_hires: Could not setup channel #1 (-5)[0m
[00:03:58.041,809] [1;31m<err> ads1220: config2 mismatch! 0x10 != 0x00[0m
[00:03:58.041,931] [1;31m<err> ads1220: config2 mismatch! 0x15 != 0x00[0m
[00:03:58.042,083] [1;31m<err> ads1220: config0 mismatch! 0x3C != 0x1C[0m
[00:03:58.042,083] [1;31m<err> analog_axis_hires: Could not setup channel #1 (-5)[0m
[00:03:58.049,774] [1;31m<err> ads1220: config2 mismatch! 0x10 != 0x00[0m
[00:03:58.049,926] [1;31m<err> ads1220: config2 mismatch! 0x15 != 0x00[0m
[00:03:58.050,079] [1;31m<err> ads1220: config0 mismatch! 0x3C != 0x1C[0m
[00:03:58.050,079] [1;31m<err> analog_axis_hires: Could not setup channel #1 (-5)[0m
[00:03:58.057,830] [1;31m<err> ads1220: config2 mismatch! 0x10 != 0x00[0m
[00:03:58.057,952] [1;31m<err> ads1220: config2 mismatch! 0x15 != 0x00[0m
[00:03:58.058,105] [1;31m<err> ads1220: config0 mismatch! 0x3C != 0x1C[0m
[00:03:58.058,105] [1;31m<err> analog_axis_hires: Could not setup channel #1 (-5)[0m
[00:03:58.065,887] [1;31m<err> ads1220: config2 mismatch! 0x10 != 0x00[0m
[00:03:58.066,009] [1;31m<err> ads1220: config2 mismatch! 0x15 != 0x00[0m
[00:03:58.066,131] [1;31m<err> ads1220: config0 mismatch! 0x3C != 0x1C[0m
[00:03:58.066,131] [1;31m<err> analog_axis_hires: Could not setup channel #1 (-5)[0m
[00:03:58.073,852] [1;31m<err> ads1220: config2 mismatch! 0x10 != 0x00[0m
[00:03:58.074,005] [1;31m<err> ads1220: config2 mismatch! 0x15 != 0x00[0m
[00:03:58.074,157] [1;31m<err> ads1220: config0 mismatch! 0x3C != 0x1C[0m
[00:03:58.074,157] [1;31m<err> analog_axis_hires: Could not setup channel #1 (-5)[0m
[00:03:58.081,909] [1;31m<err> ads1220: config2 mismatch! 0x10 != 0x00[0m
[00:03:58.082,031] [1;31m<err> ads1220: config2 mismatch! 0x15 != 0x00[0m
[00:03:58.082,183] [1;31m<err> ads1220: config0 mismatch! 0x3C != 0x1C[0m
[00:03:58.082,183] [1;31m<err> analog_axis_hires: Could not setup channel #1 (-5)[0m
[00:03:58.089,935] [1;31m<err> ads1220: config2 mismatch! 0x10 != 0x00[0m
[00:03:58.090,057] [1;31m<err> ads1220: config2 mismatch! 0x15 != 0x00[0m
[00:03:58.090,179] [1;31m<err> ads1220: config0 mismatch! 0x3C != 0x1C[0m
[00:03:58.090,179] [1;31m<err> analog_axis_hires: Could not setup channel #1 (-5)[0m
[00:03:58.097,930] [1;31m<err> ads1220: config2 mismatch! 0x10 != 0x00[0m
[00:03:58.098,083] [1;31m<err> ads1220: config2 mismatch! 0x15 != 0x00[0m
[00:03:58.098,236] [1;31m<err> ads1220: config0 mismatch! 0x3C != 0x1C[0m
[00:03:58.098,236] [1;31m<err> analog_axis_hires: Could not setup channel #1 (-5)[0m
[00:03:58.105,987] [1;31m<err> ads1220: config2 mismatch! 0x10 != 0x00[0m
[00:03:58.106,109] [1;31m<err> ads1220: config2 mismatch! 0x15 != 0x00[0m
[00:03:58.106,262] [1;31m<err> ads1220: config0 mismatch! 0x3C != 0x1C[0m
[00:03:58.106,262] [1;31m<err> analog_axis_hires: Could not setup channel #1 (-5)[0m
[00:03:58.114,044] [1;31m<err> ads1220: config2 mismatch! 0x10 != 0x00[0m
[00:03:58.114,166] [1;31m<err> ads1220: config2 mismatch! 0x15 != 0x00[0m
[00:03:58.114,288] [1;31m<err> ads1220: config0 mismatch! 0x3C != 0x1C[0m
[00:03:58.114,318] [1;31m<err> analog_axis_hires: Could not setup channel #1 (-5)[0m
[00:03:58.122,070] [1;31m<err> ads1220: config2 mismatch! 0x10 != 0x00[0m
[00:03:58.122,222] [1;31m<err> ads1220: config2 mismatch! 0x15 != 0x00[0m
[00:03:58.122,344] [1;31m<err> ads1220: config0 mismatch! 0x3C != 0x1C[0m
[00:03:58.122,344] [1;31m<err> analog_axis_hires: Could not setup channel #1 (-5)[0m
[00:03:58.130,065] [1;31m<err> ads1220: config2 mismatch! 0x10 != 0x00[0m
[00:03:58.130,187] [1;31m<err> ads1220: config2 mismatch! 0x15 != 0x00[0m
[00:03:58.130,340] [1;31m<err> ads1220: config0 mismatch! 0x3C != 0x1C[0m
[00:03:58.130,340] [1;31m<err> analog_axis_hires: Could not setup channel #1 (-5)[0m
[00:03:58.138,122] [1;31m<err> ads1220: config2 mismatch! 0x10 != 0x00[0m
[00:03:58.138,244] [1;31m<err> ads1220: config2 mismatch! 0x15 != 0x00[0m
[00:03:58.138,366] [1;31m<err> ads1220: config0 mismatch! 0x3C != 0x1C[0m
[00:03:58.138,397] [1;31m<err> analog_axis_hires: Could not setup channel #1 (-5)[0m
[00:03:58.146,148] [1;31m<err> ads1220: config2 mismatch! 0x10 != 0x00[0m
[00:03:58.146,301] [1;31m<err> ads1220: config2 mismatch! 0x15 != 0x00[0m
[00:03:58.146,423] [1;31m<err> ads1220: config0 mismatch! 0x3C != 0x1C[0m
[00:03:58.146,453] [1;31m<err> analog_axis_hires: Could not setup channel #1 (-5)[0m
[00:03:58.154,144] [1;31m<err> ads1220: config2 mismatch! 0x10 != 0x00[0m
[00:03:58.154,266] [1;31m<err> ads1220: config2 mismatch! 0x15 != 0x00[0m
[00:03:58.154,418] [1;31m<err> ads1220: config0 mismatch! 0x3C != 0x1C[0m
[00:03:58.154,418] [1;31m<err> analog_axis_hires: Could not setup channel #1 (-5)[0m
[00:03:58.162,200] [1;31m<err> ads1220: config2 mismatch! 0x10 != 0x00[0m
[00:03:58.162,353] [1;31m<err> ads1220: config2 mismatch! 0x15 != 0x00[0m
[00:03:58.162,475] [1;31m<err> ads1220: config0 mismatch! 0x3C != 0x1C[0m
[00:03:58.162,475] [1;31m<err> analog_axis_hires: Could not setup channel #1 (-5)[0m
[00:03:58.170,166] [1;31m<err> ads1220: config2 mismatch! 0x10 != 0x00[0m
[00:03:58.170,318] [1;31m<err> ads1220: config2 mismatch! 0x15 != 0x00[0m
[00:03:58.170,471] [1;31m<err> ads1220: config0 mismatch! 0x3C != 0x1C[0m
[00:03:58.170,471] [1;31m<err> analog_axis_hires: Could not setup channel #1 (-5)[0m
[00:03:58.178,222] [1;31m<err> ads1220: config2 mismatch! 0x10 != 0x00[0m
[00:03:58.178,344] [1;31m<err> ads1220: config2 mismatch! 0x15 != 0x00[0m
[00:03:58.178,497] [1;31m<err> ads1220: config0 mismatch! 0x3C != 0x1C[0m
[00:03:58.178,497] [1;31m<err> analog_axis_hires: Could not setup channel #1 (-5)[0m
[00:03:58.186,279] [1;31m<err> ads1220: config2 mismatch! 0x10 != 0x00[0m
[00:03:58.186,401] [1;31m<err> ads1220: config2 mismatch! 0x15 != 0x00[0m
[00:03:58.186,523] [1;31m<err> ads1220: config0 mismatch! 0x3C != 0x1C[0m
[00:03:58.186,523] [1;31m<err> analog_axis_hires: Could not setup channel #1 (-5)[0m
[00:03:58.194,244] [1;31m<err> ads1220: config2 mismatch! 0x10 != 0x00[0m
[00:03:58.194,396] [1;31m<err> ads1220: config2 mismatch! 0x15 != 0x00[0m
[00:03:58.194,549] [1;31m<err> ads1220: config0 mismatch! 0x3C != 0x1C[0m
[00:03:58.194,549] [1;31m<err> analog_axis_hires: Could not setup channel #1 (-5)[0m
[00:03:58.202,301] [1;31m<err> ads1220: config2 mismatch! 0x10 != 0x00[0m
[00:03:58.202,423] [1;31m<err> ads1220: config2 mismatch! 0x15 != 0x00[0m
[00:03:58.202,575] [1;31m<err> ads1220: config0 mismatch! 0x3C != 0x1C[0m
[00:03:58.202,575] [1;31m<err> analog_axis_hires: Could not setup channel #1 (-5)[0m
[00:03:58.210,357] [1;31m<err> ads1220: config2 mismatch! 0x10 != 0x00[0m
[00:03:58.210,479] [1;31m<err> ads1220: config2 mismatch! 0x15 != 0x00[0m
[00:03:58.210,601] [1;31m<err> ads1220: config0 mismatch! 0x3C != 0x1C[0m
[00:03:58.210,601] [1;31m<err> analog_axis_hires: Could not setup channel #1 (-5)[0m
[00:03:58.218,322] [1;31m<err> ads1220: config2 mismatch! 0x10 != 0x00[0m
[00:03:58.218,475] [1;31m<err> ads1220: config2 mismatch! 0x15 != 0x00[0m
[00:03:58.218,627] [1;31m<err> ads1220: config0 mismatch! 0x3C != 0x1C[0m
[00:03:58.218,627] [1;31m<err> analog_axis_hires: Could not setup channel #1 (-5)[0m
[00:03:58.226,379] [1;31m<err> ads1220: config2 mismatch! 0x10 != 0x00[0m
[00:03:58.226,501] [1;31m<err> ads1220: config2 mismatch! 0x15 != 0x00[0m
[00:03:58.226,654] [1;31m<err> ads1220: config0 mismatch! 0x3C != 0x1C[0m
[00:03:58.226,654] [1;31m<err> analog_axis_hires: Could not setup channel #1 (-5)[0m
[00:03:58.234,436] [1;31m<err> ads1220: config2 mismatch! 0x10 != 0x00[0m
[00:03:58.234,558] [1;31m<err> ads1220: config2 mismatch! 0x15 != 0x00[0m
[00:03:58.234,680] [1;31m<err> ads1220: config0 mismatch! 0x3C != 0x1C[0m
[00:03:58.234,680] [1;31m<err> analog_axis_hires: Could not setup channel #1 (-5)[0m
[00:03:58.242,401] [1;31m<err> ads1220: config2 mismatch! 0x10 != 0x00[0m
[00:03:58.242,553] [1;31m<err> ads1220: config2 mismatch! 0x15 != 0x00[0m
[00:03:58.242,706] [1;31m<err> ads1220: config0 mismatch! 0x3C != 0x1C[0m
[00:03:58.242,706] [1;31m<err> analog_axis_hires: Could not setup channel #1 (-5)[0m
[00:03:58.250,457] [1;31m<err> ads1220: config2 mismatch! 0x10 != 0x00[0m
[00:03:58.250,579] [1;31m<err> ads1220: config2 mismatch! 0x15 != 0x00[0m
[00:03:58.250,732] [1;31m<err> ads1220: config0 mismatch! 0x3C != 0x1C[0m
[00:03:58.250,732] [1;31m<err> analog_axis_hires: Could not setup channel #1 (-5)[0m
[00:03:58.258,483] [1;31m<err> ads1220: config2 mismatch! 0x10 != 0x00[0m
[00:03:58.258,636] [1;31m<err> ads1220: config2 mismatch! 0x15 != 0x00[0m
[00:03:58.258,758] [1;31m<err> ads1220: config0 mismatch! 0x3C != 0x1C[0m
[00:03:58.258,758] [1;31m<err> analog_axis_hires: Could not setup channel #1 (-5)[0m
[00:03:58.266,479] [1;31m<err> ads1220: config2 mismatch! 0x10 != 0x00[0m
[00:03:58.266,632] [1;31m<err> ads1220: config2 mismatch! 0x15 != 0x00[0m
[00:03:58.266,784] [1;31m<err> ads1220: config0 mismatch! 0x3C != 0x1C[0m
[00:03:58.266,784] [1;31m<err> analog_axis_hires: Could not setup channel #1 (-5)[0m
[00:03:58.274,536] [1;31m<err> ads1220: config2 mismatch! 0x10 != 0x00[0m
[00:03:58.274,658] [1;31m<err> ads1220: config2 mismatch! 0x15 != 0x00[0m
[00:03:58.274,810] [1;31m<err> ads1220: config0 mismatch! 0x3C != 0x1C[0m
[00:03:58.274,841] [1;31m<err> analog_axis_hires: Could not setup channel #1 (-5)[0m
[00:03:58.282,562] [1;31m<err> ads1220: config2 mismatch! 0x10 != 0x00[0m
[00:03:58.282,714] [1;31m<err> ads1220: config2 mismatch! 0x15 != 0x00[0m
[00:03:58.282,836] [1;31m<err> ads1220: config0 mismatch! 0x3C != 0x1C[0m
[00:03:58.282,836] [1;31m<err> analog_axis_hires: Could not setup channel #1 (-5)[0m
[00:03:58.290,557] [1;31m<err> ads1220: config2 mismatch! 0x10 != 0x00[0m
[00:03:58.290,710] [1;31m<err> ads1220: config2 mismatch! 0x15 != 0x00[0m
[00:03:58.290,863] [1;31m<err> ads1220: config0 mismatch! 0x3C != 0x1C[0m
[00:03:58.290,863] [1;31m<err> analog_axis_hires: Could not setup channel #1 (-5)[0m
[00:03:58.298,614] [1;31m<err> ads1220: config2 mismatch! 0x10 != 0x00[0m
[00:03:58.298,736] [1;31m<err> ads1220: config2 mismatch! 0x15 != 0x00[0m
[00:03:58.298,889] [1;31m<err> ads1220: config0 mismatch! 0x3C != 0x1C[0m
[00:03:58.298,919] [1;31m<err> analog_axis_hires: Could not setup channel #1 (-5)[0m
[00:03:58.306,640] [1;31m<err> ads1220: config2 mismatch! 0x10 != 0x00[0m
[00:03:58.306,793] [1;31m<err> ads1220: config2 mismatch! 0x15 != 0x00[0m
[00:03:58.306,915] [1;31m<err> ads1220: config0 mismatch! 0x3C != 0x1C[0m
[00:03:58.306,915] [1;31m<err> analog_axis_hires: Could not setup channel #1 (-5)[0m
[00:03:58.314,636] [1;31m<err> ads1220: config2 mismatch! 0x10 != 0x00[0m
[00:03:58.314,788] [1;31m<err> ads1220: config2 mismatch! 0x15 != 0x00[0m
[00:03:58.314,941] [1;31m<err> ads1220: config0 mismatch! 0x3C != 0x1C[0m
[00:03:58.314,941] [1;31m<err> analog_axis_hires: Could not setup channel #1 (-5)[0m
[00:03:58.322,692] [1;31m<err> ads1220: config2 mismatch! 0x10 != 0x00[0m
[00:03:58.322,814] [1;31m<err> ads1220: config2 mismatch! 0x15 != 0x00[0m
[00:03:58.322,967] [1;31m<err> ads1220: config0 mismatch! 0x3C != 0x1C[0m
[00:03:58.322,998] [1;31m<err> analog_axis_hires: Could not setup channel #1 (-5)[0m
[00:03:58.330,749] [1;31m<err> ads1220: config2 mismatch! 0x10 != 0x00[0m
[00:03:58.330,871] [1;31m<err> ads1220: config2 mismatch! 0x15 != 0x00[0m
[00:03:58.330,993] [1;31m<err> ads1220: config0 mismatch! 0x3C != 0x1C[0m
[00:03:58.331,024] [1;31m<err> analog_axis_hires: Could not setup channel #1 (-5)[0m
[00:03:58.338,714] [1;31m<err> ads1220: config2 mismatch! 0x10 != 0x00[0m
[00:03:58.338,867] [1;31m<err> ads1220: config2 mismatch! 0x15 != 0x00[0m
[00:03:58.339,019] [1;31m<err> ads1220: config0 mismatch! 0x3C != 0x1C[0m
[00:03:58.339,019] [1;31m<err> analog_axis_hires: Could not setup channel #1 (-5)[0m
[00:03:58.346,771] [1;31m<err> ads1220: config2 mismatch! 0x10 != 0x00[0m
[00:03:58.346,893] [1;31m<err> ads1220: config2 mismatch! 0x15 != 0x00[0m
[00:03:58.347,045] [1;31m<err> ads1220: config0 mismatch! 0x3C != 0x1C[0m
[00:03:58.347,076] [1;31m<err> analog_axis_hires: Could not setup channel #1 (-5)[0m
[00:03:58.354,949] [1;31m<err> ads1220: config2 mismatch! 0x10 != 0x00[0m
[00:03:58.355,102] [1;31m<err> ads1220: config2 mismatch! 0x15 != 0x00[0m
[00:03:58.355,224] [1;31m<err> ads1220: config0 mismatch! 0x3C != 0x1C[0m
[00:03:58.355,224] [1;31m<err> analog_axis_hires: Could not setup channel #1 (-5)[0m
[00:03:58.362,915] [1;31m<err> ads1220: config2 mismatch! 0x10 != 0x00[0m
[00:03:58.363,037] [1;31m<err> ads1220: config2 mismatch! 0x15 != 0x00[0m
[00:03:58.363,189] [1;31m<err> ads1220: config0 mismatch! 0x3C != 0x1C[0m
[00:03:58.363,220] [1;31m<err> analog_axis_hires: Could not setup channel #1 (-5)[0m
[00:03:58.370,849] [1;31m<err> ads1220: config2 mismatch! 0x10 != 0x00[0m
[00:03:58.370,971] [1;31m<err> ads1220: config2 mismatch! 0x15 != 0x00[0m
[00:03:58.371,124] [1;31m<err> ads1220: config0 mismatch! 0x3C != 0x1C[0m
[00:03:58.371,154] [1;31m<err> analog_axis_hires: Could not setup channel #1 (-5)[0m
[00:03:58.378,936] [1;31m<err> ads1220: config2 mismatch! 0x10 != 0x00[0m
[00:03:58.379,058] [1;31m<err> ads1220: config2 mismatch! 0x15 != 0x00[0m
[00:03:58.379,180] [1;31m<err> ads1220: config0 mismatch! 0x3C != 0x1C[0m
[00:03:58.379,180] [1;31m<err> analog_axis_hires: Could not setup channel #1 (-5)[0m
[00:03:58.386,901] [1;31m<err> ads1220: config2 mismatch! 0x10 != 0x00[0m
[00:03:58.387,023] [1;31m<err> ads1220: config2 mismatch! 0x15 != 0x00[0m
[00:03:58.387,176] [1;31m<err> ads1220: config0 mismatch! 0x3C != 0x1C[0m
[00:03:58.387,207] [1;31m<err> analog_axis_hires: Could not setup channel #1 (-5)[0m
[00:03:58.394,927] [1;31m<err> ads1220: config2 mismatch! 0x10 != 0x00[0m
[00:03:58.395,050] [1;31m<err> ads1220: config2 mismatch! 0x15 != 0x00[0m
[00:03:58.395,202] [1;31m<err> ads1220: config0 mismatch! 0x3C != 0x1C[0m
[00:03:58.395,233] [1;31m<err> analog_axis_hires: Could not setup channel #1 (-5)[0m
[00:03:58.402,984] [1;31m<err> ads1220: config2 mismatch! 0x10 != 0x00[0m
[00:03:58.403,106] [1;31m<err> ads1220: config2 mismatch! 0x15 != 0x00[0m
[00:03:58.403,228] [1;31m<err> ads1220: config0 mismatch! 0x3C != 0x1C[0m
[00:03:58.403,259] [1;31m<err> analog_axis_hires: Could not setup channel #1 (-5)[0m
[00:03:58.410,949] [1;31m<err> ads1220: config2 mismatch! 0x10 != 0x00[0m
[00:03:58.411,102] [1;31m<err> ads1220: config2 mismatch! 0x15 != 0x00[0m
[00:03:58.411,254] [1;31m<err> ads1220: config0 mismatch! 0x3C != 0x1C[0m
[00:03:58.411,254] [1;31m<err> analog_axis_hires: Could not setup channel #1 (-5)[0m
[00:03:58.419,006] [1;31m<err> ads1220: config2 mismatch! 0x10 != 0x00[0m
[00:03:58.419,128] [1;31m<err> ads1220: config2 mismatch! 0x15 != 0x00[0m
[00:03:58.419,281] [1;31m<err> ads1220: config0 mismatch! 0x3C != 0x1C[0m
[00:03:58.419,311] [1;31m<err> analog_axis_hires: Could not setup channel #1 (-5)[0m
[00:03:58.427,062] [1;31m<err> ads1220: config2 mismatch! 0x10 != 0x00[0m
[00:03:58.427,185] [1;31m<err> ads1220: config2 mismatch! 0x15 != 0x00[0m
[00:03:58.427,307] [1;31m<err> ads1220: config0 mismatch! 0x3C != 0x1C[0m
[00:03:58.427,337] [1;31m<err> analog_axis_hires: Could not setup channel #1 (-5)[0m
[00:03:58.435,028] [1;31m<err> ads1220: config2 mismatch! 0x10 != 0x00[0m
[00:03:58.435,180] [1;31m<err> ads1220: config2 mismatch! 0x15 != 0x00[0m
[00:03:58.435,333] [1;31m<err> ads1220: config0 mismatch! 0x3C != 0x1C[0m
[00:03:58.435,333] [1;31m<err> analog_axis_hires: Could not setup channel #1 (-5)[0m
[00:03:58.443,084] [1;31m<err> ads1220: config2 mismatch! 0x10 != 0x00[0m
[00:03:58.443,206] [1;31m<err> ads1220: config2 mismatch! 0x15 != 0x00[0m
[00:03:58.443,359] [1;31m<err> ads1220: config0 mismatch! 0x3C != 0x1C[0m
[00:03:58.443,389] [1;31m<err> analog_axis_hires: Could not setup channel #1 (-5)[0m
[00:03:58.451,141] [1;31m<err> ads1220: config2 mismatch! 0x10 != 0x00[0m
[00:03:58.451,263] [1;31m<err> ads1220: config2 mismatch! 0x15 != 0x00[0m
[00:03:58.451,385] [1;31m<err> ads1220: config0 mismatch! 0x3C != 0x1C[0m
[00:03:58.451,385] [1;31m<err> analog_axis_hires: Could not setup channel #1 (-5)[0m
[00:03:58.459,106] [1;31m<err> ads1220: config2 mismatch! 0x10 != 0x00[0m
[00:03:58.459,259] [1;31m<err> ads1220: config2 mismatch! 0x15 != 0x00[0m
[00:03:58.459,411] [1;31m<err> ads1220: config0 mismatch! 0x3C != 0x1C[0m
[00:03:58.459,411] [1;31m<err> analog_axis_hires: Could not setup channel #1 (-5)[0m
[00:03:58.467,163] [1;31m<err> ads1220: config2 mismatch! 0x10 != 0x00[0m
[00:03:58.467,285] [1;31m<err> ads1220: config2 mismatch! 0x15 != 0x00[0m
[00:03:58.467,437] [1;31m<err> ads1220: config0 mismatch! 0x3C != 0x1C[0m
[00:03:58.467,468] [1;31m<err> analog_axis_hires: Could not setup channel #1 (-5)[0m
[00:03:58.475,219] [1;31m<err> ads1220: config2 mismatch! 0x10 != 0x00[0m
[00:03:58.475,341] [1;31m<err> ads1220: config2 mismatch! 0x15 != 0x00[0m
[00:03:58.475,463] [1;31m<err> ads1220: config0 mismatch! 0x3C != 0x1C[0m
[00:03:58.475,494] [1;31m<err> analog_axis_hires: Could not setup channel #1 (-5)[0m
[00:03:58.483,184] [1;31m<err> ads1220: config2 mismatch! 0x10 != 0x00[0m
[00:03:58.483,337] [1;31m<err> ads1220: config2 mismatch! 0x15 != 0x00[0m
[00:03:58.483,489] [1;31m<err> ads1220: config0 mismatch! 0x3C != 0x1C[0m
[00:03:58.483,489] [1;31m<err> analog_axis_hires: Could not setup channel #1 (-5)[0m
[00:03:58.491,241] [1;31m<err> ads1220: config2 mismatch! 0x10 != 0x00[0m
[00:03:58.491,363] [1;31m<err> ads1220: config2 mismatch! 0x15 != 0x00[0m
[00:03:58.491,516] [1;31m<err> ads1220: config0 mismatch! 0x3C != 0x1C[0m
[00:03:58.491,546] [1;31m<err> analog_axis_hires: Could not setup channel #1 (-5)[0m
[00:03:58.499,267] [1;31m<err> ads1220: config2 mismatch! 0x10 != 0x00[0m
[00:03:58.499,420] [1;31m<err> ads1220: config2 mismatch! 0x15 != 0x00[0m
[00:03:58.499,542] [1;31m<err> ads1220: config0 mismatch! 0x3C != 0x1C[0m
[00:03:58.499,542] [1;31m<err> analog_axis_hires: Could not setup channel #1 (-5)[0m
[00:03:58.507,263] [1;31m<err> ads1220: config2 mismatch! 0x10 != 0x00[0m
[00:03:58.507,415] [1;31m<err> ads1220: config2 mismatch! 0x15 != 0x00[0m
[00:03:58.507,568] [1;31m<err> ads1220: config0 mismatch! 0x3C != 0x1C[0m
[00:03:58.507,568] [1;31m<err> analog_axis_hires: Could not setup channel #1 (-5)[0m
[00:03:58.515,319] [1;31m<err> ads1220: config2 mismatch! 0x10 != 0x00[0m
[00:03:58.515,441] [1;31m<err> ads1220: config2 mismatch! 0x15 != 0x00[0m
[00:03:58.515,594] [1;31m<err> ads1220: config0 mismatch! 0x3C != 0x1C[0m
[00:03:58.515,625] [1;31m<err> analog_axis_hires: Could not setup channel #1 (-5)[0m
[00:03:58.523,376] [1;31m<err> ads1220: config2 mismatch! 0x10 != 0x00[0m
[00:03:58.523,498] [1;31m<err> ads1220: config2 mismatch! 0x15 != 0x00[0m
[00:03:58.523,620] [1;31m<err> ads1220: config0 mismatch! 0x3C != 0x1C[0m
[00:03:58.523,620] [1;31m<err> analog_axis_hires: Could not setup channel #1 (-5)[0m
[00:03:58.531,341] [1;31m<err> ads1220: config2 mismatch! 0x10 != 0x00[0m
[00:03:58.531,494] [1;31m<err> ads1220: config2 mismatch! 0x15 != 0x00[0m
[00:03:58.531,646] [1;31m<err> ads1220: config0 mismatch! 0x3C != 0x1C[0m
[00:03:58.531,646] [1;31m<err> analog_axis_hires: Could not setup channel #1 (-5)[0m
[00:03:58.539,398] [1;31m<err> ads1220: config2 mismatch! 0x10 != 0x00[0m
[00:03:58.539,520] [1;31m<err> ads1220: config2 mismatch! 0x15 != 0x00[0m
[00:03:58.539,672] [1;31m<err> ads1220: config0 mismatch! 0x3C != 0x1C[0m
[00:03:58.539,703] [1;31m<err> analog_axis_hires: Could not setup channel #1 (-5)[0m
[00:03:58.547,424] [1;31m<err> ads1220: config2 mismatch! 0x10 != 0x00[0m
[00:03:58.547,576] [1;31m<err> ads1220: config2 mismatch! 0x15 != 0x00[0m
[00:03:58.547,698] [1;31m<err> ads1220: config0 mismatch! 0x3C != 0x1C[0m
[00:03:58.547,698] [1;31m<err> analog_axis_hires: Could not setup channel #1 (-5)[0m
[00:03:58.555,419] [1;31m<err> ads1220: config2 mismatch! 0x10 != 0x00[0m
[00:03:58.555,572] [1;31m<err> ads1220: config2 mismatch! 0x15 != 0x00[0m
[00:03:58.555,725] [1;31m<err> ads1220: config0 mismatch! 0x3C != 0x1C[0m
[00:03:58.555,725] [1;31m<err> analog_axis_hires: Could not setup channel #1 (-5)[0m
[00:03:58.563,476] [1;31m<err> ads1220: config2 mismatch! 0x10 != 0x00[0m
[00:03:58.563,598] [1;31m<err> ads1220: config2 mismatch! 0x15 != 0x00[0m
[00:03:58.563,751] [1;31m<err> ads1220: config0 mismatch! 0x3C != 0x1C[0m
[00:03:58.563,781] [1;31m<err> analog_axis_hires: Could not setup channel #1 (-5)[0m
[00:03:58.571,502] [1;31m<err> ads1220: config2 mismatch! 0x10 != 0x00[0m
[00:03:58.571,655] [1;31m<err> ads1220: config2 mismatch! 0x15 != 0x00[0m
[00:03:58.571,777] [1;31m<err> ads1220: config0 mismatch! 0x3C != 0x1C[0m
[00:03:58.571,777] [1;31m<err> analog_axis_hires: Could not setup channel #1 (-5)[0m
[00:03:58.579,498] [1;31m<err> ads1220: config2 mismatch! 0x10 != 0x00[0m
[00:03:58.579,650] [1;31m<err> ads1220: config2 mismatch! 0x15 != 0x00[0m
[00:03:58.579,803] [1;31m<err> ads1220: config0 mismatch! 0x3C != 0x1C[0m
[00:03:58.579,803] [1;31m<err> analog_axis_hires: Could not setup channel #1 (-5)[0m
[00:03:58.587,554] [1;31m<err> ads1220: config2 mismatch! 0x10 != 0x00[0m
[00:03:58.587,677] [1;31m<err> ads1220: config2 mismatch! 0x15 != 0x00[0m
[00:03:58.587,829] [1;31m<err> ads1220: config0 mismatch! 0x3C != 0x1C[0m
[00:03:58.587,860] [1;31m<err> analog_axis_hires: Could not setup channel #1 (-5)[0m
[00:03:58.595,581] [1;31m<err> ads1220: config2 mismatch! 0x10 != 0x00[0m
[00:03:58.595,733] [1;31m<err> ads1220: config2 mismatch! 0x15 != 0x00[0m
[00:03:58.595,855] [1;31m<err> ads1220: config0 mismatch! 0x3C != 0x1C[0m
[00:03:58.595,855] [1;31m<err> analog_axis_hires: Could not setup channel #1 (-5)[0m
[00:03:58.603,576] [1;31m<err> ads1220: config2 mismatch! 0x10 != 0x00[0m
[00:03:58.603,729] [1;31m<err> ads1220: config2 mismatch! 0x15 != 0x00[0m
[00:03:58.603,881] [1;31m<err> ads1220: config0 mismatch! 0x3C != 0x1C[0m
[00:03:58.603,881] [1;31m<err> analog_axis_hires: Could not setup channel #1 (-5)[0m
[00:03:58.611,633] [1;31m<err> ads1220: config2 mismatch! 0x10 != 0x00[0m
[00:03:58.611,755] [1;31m<err> ads1220: config2 mismatch! 0x15 != 0x00[0m
[00:03:58.611,907] [1;31m<err> ads1220: config0 mismatch! 0x3C != 0x1C[0m
[00:03:58.611,938] [1;31m<err> analog_axis_hires: Could not setup channel #1 (-5)[0m
[00:03:58.619,689] [1;31m<err> ads1220: config2 mismatch! 0x10 != 0x00[0m
[00:03:58.619,812] [1;31m<err> ads1220: config2 mismatch! 0x15 != 0x00[0m
[00:03:58.619,964] [1;31m<err> ads1220: config0 mismatch! 0x3C != 0x1C[0m
[00:03:58.619,964] [1;31m<err> analog_axis_hires: Could not setup channel #1 (-5)[0m
[00:03:58.627,655] [1;31m<err> ads1220: config2 mismatch! 0x10 != 0x00[0m
[00:03:58.627,807] [1;31m<err> ads1220: config2 mismatch! 0x15 != 0x00[0m
[00:03:58.627,960] [1;31m<err> ads1220: config0 mismatch! 0x3C != 0x1C[0m
[00:03:58.627,960] [1;31m<err> analog_axis_hires: Could not setup channel #1 (-5)[0m
[00:03:58.635,711] [1;31m<err> ads1220: config2 mismatch! 0x10 != 0x00[0m
[00:03:58.635,833] [1;31m<err> ads1220: config2 mismatch! 0x15 != 0x00[0m
[00:03:58.635,986] [1;31m<err> ads1220: config0 mismatch! 0x3C != 0x1C[0m
[00:03:58.636,016] [1;31m<err> analog_axis_hires: Could not setup channel #1 (-5)[0m
[00:03:58.643,768] [1;31m<err> ads1220: config2 mismatch! 0x10 != 0x00[0m
[00:03:58.643,890] [1;31m<err> ads1220: config2 mismatch! 0x15 != 0x00[0m
[00:03:58.644,012] [1;31m<err> ads1220: config0 mismatch! 0x3C != 0x1C[0m
[00:03:58.644,042] [1;31m<err> analog_axis_hires: Could not setup channel #1 (-5)[0m
[00:03:58.651,733] [1;31m<err> ads1220: config2 mismatch! 0x10 != 0x00[0m
[00:03:58.651,885] [1;31m<err> ads1220: config2 mismatch! 0x15 != 0x00[0m
[00:03:58.652,038] [1;31m<err> ads1220: config0 mismatch! 0x3C != 0x1C[0m
[00:03:58.652,038] [1;31m<err> analog_axis_hires: Could not setup channel #1 (-5)[0m
[00:03:58.659,790] [1;31m<err> ads1220: config2 mismatch! 0x10 != 0x00[0m
[00:03:58.659,912] [1;31m<err> ads1220: config2 mismatch! 0x15 != 0x00[0m
[00:03:58.660,064] [1;31m<err> ads1220: config0 mismatch! 0x3C != 0x1C[0m
[00:03:58.660,095] [1;31m<err> analog_axis_hires: Could not setup channel #1 (-5)[0m
[00:03:58.667,846] [1;31m<err> ads1220: config2 mismatch! 0x10 != 0x00[0m
[00:03:58.667,968] [1;31m<err> ads1220: config2 mismatch! 0x15 != 0x00[0m
[00:03:58.668,090] [1;31m<err> ads1220: config0 mismatch! 0x3C != 0x1C[0m
[00:03:58.668,121] [1;31m<err> analog_axis_hires: Could not setup channel #1 (-5)[0m
[00:03:58.675,811] [1;31m<err> ads1220: config2 mismatch! 0x10 != 0x00[0m
[00:03:58.675,964] [1;31m<err> ads1220: config2 mismatch! 0x15 != 0x00[0m
[00:03:58.676,116] [1;31m<err> ads1220: config0 mismatch! 0x3C != 0x1C[0m
[00:03:58.676,116] [1;31m<err> analog_axis_hires: Could not setup channel #1 (-5)[0m
[00:03:58.683,868] [1;31m<err> ads1220: config2 mismatch! 0x10 != 0x00[0m
[00:03:58.683,990] [1;31m<err> ads1220: config2 mismatch! 0x15 != 0x00[0m
[00:03:58.684,143] [1;31m<err> ads1220: config0 mismatch! 0x3C != 0x1C[0m
[00:03:58.684,173] [1;31m<err> analog_axis_hires: Could not setup channel #1 (-5)[0m
[00:03:58.691,925] [1;31m<err> ads1220: config2 mismatch! 0x10 != 0x00[0m
[00:03:58.692,047] [1;31m<err> ads1220: config2 mismatch! 0x15 != 0x00[0m
[00:03:58.692,169] [1;31m<err> ads1220: config0 mismatch! 0x3C != 0x1C[0m
[00:03:58.692,199] [1;31m<err> analog_axis_hires: Could not setup channel #1 (-5)[0m
[00:03:58.699,890] [1;31m<err> ads1220: config2 mismatch! 0x10 != 0x00[0m
[00:03:58.700,042] [1;31m<err> ads1220: config2 mismatch! 0x15 != 0x00[0m
[00:03:58.700,195] [1;31m<err> ads1220: config0 mismatch! 0x3C != 0x1C[0m
[00:03:58.700,195] [1;31m<err> analog_axis_hires: Could not setup channel #1 (-5)[0m
[00:03:58.707,946] [1;31m<err> ads1220: config2 mismatch! 0x10 != 0x00[0m
[00:03:58.708,068] [1;31m<err> ads1220: config2 mismatch! 0x15 != 0x00[0m
[00:03:58.708,221] [1;31m<err> ads1220: config0 mismatch! 0x3C != 0x1C[0m
[00:03:58.708,251] [1;31m<err> analog_axis_hires: Could not setup channel #1 (-5)[0m
[00:03:58.716,003] [1;31m<err> ads1220: config2 mismatch! 0x10 != 0x00[0m
[00:03:58.716,125] [1;31m<err> ads1220: config2 mismatch! 0x15 != 0x00[0m
[00:03:58.716,247] [1;31m<err> ads1220: config0 mismatch! 0x3C != 0x1C[0m
[00:03:58.716,278] [1;31m<err> analog_axis_hires: Could not setup channel #1 (-5)[0m
[00:03:58.723,968] [1;31m<err> ads1220: config2 mismatch! 0x10 != 0x00[0m
[00:03:58.724,121] [1;31m<err> ads1220: config2 mismatch! 0x15 != 0x00[0m
[00:03:58.724,273] [1;31m<err> ads1220: config0 mismatch! 0x3C != 0x1C[0m
[00:03:58.724,273] [1;31m<err> analog_axis_hires: Could not setup channel #1 (-5)[0m
[00:03:58.732,025] [1;31m<err> ads1220: config2 mismatch! 0x10 != 0x00[0m
[00:03:58.732,147] [1;31m<err> ads1220: config2 mismatch! 0x15 != 0x00[0m
[00:03:58.732,299] [1;31m<err> ads1220: config0 mismatch! 0x3C != 0x1C[0m
[00:03:58.732,330] [1;31m<err> analog_axis_hires: Could not setup channel #1 (-5)[0m
[00:03:58.740,081] [1;31m<err> ads1220: config2 mismatch! 0x10 != 0x00[0m
[00:03:58.740,203] [1;31m<err> ads1220: config2 mismatch! 0x15 != 0x00[0m
[00:03:58.740,325] [1;31m<err> ads1220: config0 mismatch! 0x3C != 0x1C[0m
[00:03:58.740,356] [1;31m<err> analog_axis_hires: Could not setup channel #1 (-5)[0m
[00:03:58.748,046] [1;31m<err> ads1220: config2 mismatch! 0x10 != 0x00[0m
[00:03:58.748,199] [1;31m<err> ads1220: config2 mismatch! 0x15 != 0x00[0m
[00:03:58.748,352] [1;31m<err> ads1220: config0 mismatch! 0x3C != 0x1C[0m
[00:03:58.748,352] [1;31m<err> analog_axis_hires: Could not setup channel #1 (-5)[0m
[00:03:58.756,103] [1;31m<err> ads1220: config2 mismatch! 0x10 != 0x00[0m
[00:03:58.756,225] [1;31m<err> ads1220: config2 mismatch! 0x15 != 0x00[0m
[00:03:58.756,378] [1;31m<err> ads1220: config0 mismatch! 0x3C != 0x1C[0m
[00:03:58.756,408] [1;31m<err> analog_axis_hires: Could not setup channel #1 (-5)[0m
[00:03:58.764,129] [1;31m<err> ads1220: config2 mismatch! 0x10 != 0x00[0m
[00:03:58.764,251] [1;31m<err> ads1220: config2 mismatch! 0x15 != 0x00[0m
[00:03:58.764,373] [1;31m<err> ads1220: config0 mismatch! 0x3C != 0x1C[0m
[00:03:58.764,404] [1;31m<err> analog_axis_hires: Could not setup channel #1 (-5)[0m
[00:03:58.772,125] [1;31m<err> ads1220: config2 mismatch! 0x10 != 0x00[0m
[00:03:58.772,277] [1;31m<err> ads1220: config2 mismatch! 0x15 != 0x00[0m
[00:03:58.772,430] [1;31m<err> ads1220: config0 mismatch! 0x3C != 0x1C[0m
[00:03:58.772,430] [1;31m<err> analog_axis_hires: Could not setup channel #1 (-5)[0m
[00:03:58.780,181] [1;31m<err> ads1220: config2 mismatch! 0x10 != 0x00[0m
[00:03:58.780,303] [1;31m<err> ads1220: config2 mismatch! 0x15 != 0x00[0m
[00:03:58.780,456] [1;31m<err> ads1220: config0 mismatch! 0x3C != 0x1C[0m
[00:03:58.780,487] [1;31m<err> analog_axis_hires: Could not setup channel #1 (-5)[0m
[00:03:58.788,208] [1;31m<err> ads1220: config2 mismatch! 0x10 != 0x00[0m
[00:03:58.788,360] [1;31m<err> ads1220: config2 mismatch! 0x15 != 0x00[0m
[00:03:58.788,482] [1;31m<err> ads1220: config0 mismatch! 0x3C != 0x1C[0m
[00:03:58.788,482] [1;31m<err> analog_axis_hires: Could not setup channel #1 (-5)[0m
[00:03:58.796,203] [1;31m<err> ads1220: config2 mismatch! 0x10 != 0x00[0m
[00:03:58.796,356] [1;31m<err> ads1220: config2 mismatch! 0x15 != 0x00[0m
[00:03:58.796,508] [1;31m<err> ads1220: config0 mismatch! 0x3C != 0x1C[0m
[00:03:58.796,508] [1;31m<err> analog_axis_hires: Could not setup channel #1 (-5)[0m
[00:03:58.804,260] [1;31m<err> ads1220: config2 mismatch! 0x10 != 0x00[0m
[00:03:58.804,382] [1;31m<err> ads1220: config2 mismatch! 0x15 != 0x00[0m
[00:03:58.804,534] [1;31m<err> ads1220: config0 mismatch! 0x3C != 0x1C[0m
[00:03:58.804,565] [1;31m<err> analog_axis_hires: Could not setup channel #1 (-5)[0m
[00:03:58.812,316] [1;31m<err> ads1220: config2 mismatch! 0x10 != 0x00[0m
[00:03:58.812,438] [1;31m<err> ads1220: config2 mismatch! 0x15 != 0x00[0m
[00:03:58.812,561] [1;31m<err> ads1220: config0 mismatch! 0x3C != 0x1C[0m
[00:03:58.812,561] [1;31m<err> analog_axis_hires: Could not setup channel #1 (-5)[0m
[00:03:58.820,281] [1;31m<err> ads1220: config2 mismatch! 0x10 != 0x00[0m
[00:03:58.820,434] [1;31m<err> ads1220: config2 mismatch! 0x15 != 0x00[0m
[00:03:58.820,587] [1;31m<err> ads1220: config0 mismatch! 0x3C != 0x1C[0m
[00:03:58.820,587] [1;31m<err> analog_axis_hires: Could not setup channel #1 (-5)[0m
[00:03:58.828,338] [1;31m<err> ads1220: config2 mismatch! 0x10 != 0x00[0m
[00:03:58.828,460] [1;31m<err> ads1220: config2 mismatch! 0x15 != 0x00[0m
[00:03:58.828,613] [1;31m<err> ads1220: config0 mismatch! 0x3C != 0x1C[0m
[00:03:58.828,643] [1;31m<err> analog_axis_hires: Could not setup channel #1 (-5)[0m
[00:03:58.836,364] [1;31m<err> ads1220: config2 mismatch! 0x10 != 0x00[0m
[00:03:58.836,486] [1;31m<err> ads1220: config2 mismatch! 0x15 != 0x00[0m
[00:03:58.836,639] [1;31m<err> ads1220: config0 mismatch! 0x3C != 0x1C[0m
[00:03:58.836,639] [1;31m<err> analog_axis_hires: Could not setup channel #1 (-5)[0m
[00:03:58.844,360] [1;31m<err> ads1220: config2 mismatch! 0x10 != 0x00[0m
[00:03:58.844,512] [1;31m<err> ads1220: config2 mismatch! 0x15 != 0x00[0m
[00:03:58.844,665] [1;31m<err> ads1220: config0 mismatch! 0x3C != 0x1C[0m
[00:03:58.844,665] [1;31m<err> analog_axis_hires: Could not setup channel #1 (-5)[0m
[00:03:58.852,416] [1;31m<err> ads1220: config2 mismatch! 0x10 != 0x00[0m
[00:03:58.852,539] [1;31m<err> ads1220: config2 mismatch! 0x15 != 0x00[0m
[00:03:58.852,691] [1;31m<err> ads1220: config0 mismatch! 0x3C != 0x1C[0m
[00:03:58.852,722] [1;31m<err> analog_axis_hires: Could not setup channel #1 (-5)[0m
[00:03:58.860,443] [1;31m<err> ads1220: config2 mismatch! 0x10 != 0x00[0m
[00:03:58.860,595] [1;31m<err> ads1220: config2 mismatch! 0x15 != 0x00[0m
[00:03:58.860,717] [1;31m<err> ads1220: config0 mismatch! 0x3C != 0x1C[0m
[00:03:58.860,717] [1;31m<err> analog_axis_hires: Could not setup channel #1 (-5)[0m
[00:03:58.868,438] [1;31m<err> ads1220: config2 mismatch! 0x10 != 0x00[0m
[00:03:58.868,591] [1;31m<err> ads1220: config2 mismatch! 0x15 != 0x00[0m
[00:03:58.868,743] [1;31m<err> ads1220: config0 mismatch! 0x3C != 0x1C[0m
[00:03:58.868,743] [1;31m<err> analog_axis_hires: Could not setup channel #1 (-5)[0m
[00:03:58.876,495] [1;31m<err> ads1220: config2 mismatch! 0x10 != 0x00[0m
[00:03:58.876,617] [1;31m<err> ads1220: config2 mismatch! 0x15 != 0x00[0m
[00:03:58.876,770] [1;31m<err> ads1220: config0 mismatch! 0x3C != 0x1C[0m
[00:03:58.876,800] [1;31m<err> analog_axis_hires: Could not setup channel #1 (-5)[0m
[00:03:58.884,552] [1;31m<err> ads1220: config2 mismatch! 0x10 != 0x00[0m
[00:03:58.884,674] [1;31m<err> ads1220: config2 mismatch! 0x15 != 0x00[0m
[00:03:58.884,796] [1;31m<err> ads1220: config0 mismatch! 0x3C != 0x1C[0m
[00:03:58.884,826] [1;31m<err> analog_axis_hires: Could not setup channel #1 (-5)[0m
[00:03:58.892,517] [1;31m<err> ads1220: config2 mismatch! 0x10 != 0x00[0m
[00:03:58.892,669] [1;31m<err> ads1220: config2 mismatch! 0x15 != 0x00[0m
[00:03:58.892,822] [1;31m<err> ads1220: config0 mismatch! 0x3C != 0x1C[0m
[00:03:58.892,822] [1;31m<err> analog_axis_hires: Could not setup channel #1 (-5)[0m
[00:03:58.900,573] [1;31m<err> ads1220: config2 mismatch! 0x10 != 0x00[0m
[00:03:58.900,695] [1;31m<err> ads1220: config2 mismatch! 0x15 != 0x00[0m
[00:03:58.900,848] [1;31m<err> ads1220: config0 mismatch! 0x3C != 0x1C[0m
[00:03:58.900,878] [1;31m<err> analog_axis_hires: Could not setup channel #1 (-5)[0m
[00:03:58.908,630] [1;31m<err> ads1220: config2 mismatch! 0x10 != 0x00[0m
[00:03:58.908,752] [1;31m<err> ads1220: config2 mismatch! 0x15 != 0x00[0m
[00:03:58.908,905] [1;31m<err> ads1220: config0 mismatch! 0x3C != 0x1C[0m
[00:03:58.908,905] [1;31m<err> analog_axis_hires: Could not setup channel #1 (-5)[0m
[00:03:58.916,595] [1;31m<err> ads1220: config2 mismatch! 0x10 != 0x00[0m
[00:03:58.916,748] [1;31m<err> ads1220: config2 mismatch! 0x15 != 0x00[0m
[00:03:58.916,900] [1;31m<err> ads1220: config0 mismatch! 0x3C != 0x1C[0m
[00:03:58.916,900] [1;31m<err> analog_axis_hires: Could not setup channel #1 (-5)[0m
[00:03:58.924,652] [1;31m<err> ads1220: config2 mismatch! 0x10 != 0x00[0m
[00:03:58.924,774] [1;31m<err> ads1220: config2 mismatch! 0x15 != 0x00[0m
[00:03:58.924,926] [1;31m<err> ads1220: config0 mismatch! 0x3C != 0x1C[0m
[00:03:58.924,957] [1;31m<err> analog_axis_hires: Could not setup channel #1 (-5)[0m
[00:03:58.932,708] [1;31m<err> ads1220: config2 mismatch! 0x10 != 0x00[0m
[00:03:58.932,830] [1;31m<err> ads1220: config2 mismatch! 0x15 != 0x00[0m
[00:03:58.932,952] [1;31m<err> ads1220: config0 mismatch! 0x3C != 0x1C[0m
[00:03:58.932,983] [1;31m<err> analog_axis_hires: Could not setup channel #1 (-5)[0m
[00:03:58.940,673] [1;31m<err> ads1220: config2 mismatch! 0x10 != 0x00[0m
[00:03:58.940,826] [1;31m<err> ads1220: config2 mismatch! 0x15 != 0x00[0m
[00:03:58.940,979] [1;31m<err> ads1220: config0 mismatch! 0x3C != 0x1C[0m
[00:03:58.940,979] [1;31m<err> analog_axis_hires: Could not setup channel #1 (-5)[0m
[00:03:58.948,730] [1;31m<err> ads1220: config2 mismatch! 0x10 != 0x00[0m
[00:03:58.948,852] [1;31m<err> ads1220: config2 mismatch! 0x15 != 0x00[0m
[00:03:58.949,005] [1;31m<err> ads1220: config0 mismatch! 0x3C != 0x1C[0m
[00:03:58.949,035] [1;31m<err> analog_axis_hires: Could not setup channel #1 (-5)[0m
[00:03:58.956,787] [1;31m<err> ads1220: config2 mismatch! 0x10 != 0x00[0m
[00:03:58.956,909] [1;31m<err> ads1220: config2 mismatch! 0x15 != 0x00[0m
[00:03:58.957,031] [1;31m<err> ads1220: config0 mismatch! 0x3C != 0x1C[0m
[00:03:58.957,031] [1;31m<err> analog_axis_hires: Could not setup channel #1 (-5)[0m
[00:03:58.964,752] [1;31m<err> ads1220: config2 mismatch! 0x10 != 0x00[0m
[00:03:58.964,904] [1;31m<err> ads1220: config2 mismatch! 0x15 != 0x00[0m
[00:03:58.965,057] [1;31m<err> ads1220: config0 mismatch! 0x3C != 0x1C[0m
[00:03:58.965,057] [1;31m<err> analog_axis_hires: Could not setup channel #1 (-5)[0m
[00:03:58.972,808] [1;31m<err> ads1220: config2 mismatch! 0x10 != 0x00[0m
[00:03:58.972,930] [1;31m<err> ads1220: config2 mismatch! 0x15 != 0x00[0m
[00:03:58.973,083] [1;31m<err> ads1220: config0 mismatch! 0x3C != 0x1C[0m
[00:03:58.973,114] [1;31m<err> analog_axis_hires: Could not setup channel #1 (-5)[0m
[00:03:58.980,895] [1;31m<err> ads1220: config2 mismatch! 0x10 != 0x00[0m
[00:03:58.981,018] [1;31m<err> ads1220: config2 mismatch! 0x15 != 0x00[0m
[00:03:58.981,170] [1;31m<err> ads1220: config0 mismatch! 0x3C != 0x1C[0m
[00:03:58.981,170] [1;31m<err> analog_axis_hires: Could not setup channel #1 (-5)[0m
[00:03:58.988,830] [1;31m<err> ads1220: config2 mismatch! 0x10 != 0x00[0m
[00:03:58.988,983] [1;31m<err> ads1220: config2 mismatch! 0x15 != 0x00[0m
[00:03:58.989,135] [1;31m<err> ads1220: config0 mismatch! 0x3C != 0x1C[0m
[00:03:58.989,135] [1;31m<err> analog_axis_hires: Could not setup channel #1 (-5)[0m
[00:03:58.996,887] [1;31m<err> ads1220: config2 mismatch! 0x10 != 0x00[0m
[00:03:58.997,009] [1;31m<err> ads1220: config2 mismatch! 0x15 != 0x00[0m
[00:03:58.997,161] [1;31m<err> ads1220: config0 mismatch! 0x3C != 0x1C[0m
[00:03:58.997,192] [1;31m<err> analog_axis_hires: Could not setup channel #1 (-5)[0m
[00:03:59.004,943] [1;31m<err> ads1220: config2 mismatch! 0x10 != 0x00[0m
[00:03:59.005,065] [1;31m<err> ads1220: config2 mismatch! 0x15 != 0x00[0m
[00:03:59.005,187] [1;31m<err> ads1220: config0 mismatch! 0x3C != 0x1C[0m
[00:03:59.005,187] [1;31m<err> analog_axis_hires: Could not setup channel #1 (-5)[0m
[00:03:59.012,908] [1;31m<err> ads1220: config2 mismatch! 0x10 != 0x00[0m
[00:03:59.013,061] [1;31m<err> ads1220: config2 mismatch! 0x15 != 0x00[0m
[00:03:59.013,214] [1;31m<err> ads1220: config0 mismatch! 0x3C != 0x1C[0m
[00:03:59.013,214] [1;31m<err> analog_axis_hires: Could not setup channel #1 (-5)[0m
[00:03:59.020,965] [1;31m<err> ads1220: config2 mismatch! 0x10 != 0x00[0m
[00:03:59.021,087] [1;31m<err> ads1220: config2 mismatch! 0x15 != 0x00[0m
[00:03:59.021,240] [1;31m<err> ads1220: config0 mismatch! 0x3C != 0x1C[0m
[00:03:59.021,270] [1;31m<err> analog_axis_hires: Could not setup channel #1 (-5)[0m
[00:03:59.029,022] [1;31m<err> ads1220: config2 mismatch! 0x10 != 0x00[0m
[00:03:59.029,144] [1;31m<err> ads1220: config2 mismatch! 0x15 != 0x00[0m
[00:03:59.029,266] [1;31m<err> ads1220: config0 mismatch! 0x3C != 0x1C[0m
[00:03:59.029,296] [1;31m<err> analog_axis_hires: Could not setup channel #1 (-5)[0m
[00:03:59.036,987] [1;31m<err> ads1220: config2 mismatch! 0x10 != 0x00[0m
[00:03:59.037,139] [1;31m<err> ads1220: config2 mismatch! 0x15 != 0x00[0m
[00:03:59.037,292] [1;31m<err> ads1220: config0 mismatch! 0x3C != 0x1C[0m
[00:03:59.037,292] [1;31m<err> analog_axis_hires: Could not setup channel #1 (-5)[0m
[00:03:59.045,043] [1;31m<err> ads1220: config2 mismatch! 0x10 != 0x00[0m
[00:03:59.045,166] [1;31m<err> ads1220: config2 mismatch! 0x15 != 0x00[0m
[00:03:59.045,318] [1;31m<err> ads1220: config0 mismatch! 0x3C != 0x1C[0m
[00:03:59.045,349] [1;31m<err> analog_axis_hires: Could not setup channel #1 (-5)[0m
[00:03:59.053,100] [1;31m<err> ads1220: config2 mismatch! 0x10 != 0x00[0m
[00:03:59.053,222] [1;31m<err> ads1220: config2 mismatch! 0x15 != 0x00[0m
[00:03:59.053,344] [1;31m<err> ads1220: config0 mismatch! 0x3C != 0x1C[0m
[00:03:59.053,375] [1;31m<err> analog_axis_hires: Could not setup channel #1 (-5)[0m
[00:03:59.061,065] [1;31m<err> ads1220: config2 mismatch! 0x10 != 0x00[0m
[00:03:59.061,218] [1;31m<err> ads1220: config2 mismatch! 0x15 != 0x00[0m
[00:03:59.061,370] [1;31m<err> ads1220: config0 mismatch! 0x3C != 0x1C[0m
[00:03:59.061,370] [1;31m<err> analog_axis_hires: Could not setup channel #1 (-5)[0m
[00:03:59.069,122] [1;31m<err> ads1220: config2 mismatch! 0x10 != 0x00[0m
[00:03:59.069,244] [1;31m<err> ads1220: config2 mismatch! 0x15 != 0x00[0m
[00:03:59.069,396] [1;31m<err> ads1220: config0 mismatch! 0x3C != 0x1C[0m
[00:03:59.069,396] [1;31m<err> analog_axis_hires: Could not setup channel #1 (-5)[0m
[00:03:59.077,148] [1;31m<err> ads1220: config2 mismatch! 0x10 != 0x00[0m
[00:03:59.077,301] [1;31m<err> ads1220: config2 mismatch! 0x15 != 0x00[0m
[00:03:59.077,423] [1;31m<err> ads1220: config0 mismatch! 0x3C != 0x1C[0m
[00:03:59.077,423] [1;31m<err> analog_axis_hires: Could not setup channel #1 (-5)[0m
[00:03:59.085,144] [1;31m<err> ads1220: config2 mismatch! 0x10 != 0x00[0m
[00:03:59.085,296] [1;31m<err> ads1220: config2 mismatch! 0x15 != 0x00[0m
[00:03:59.085,449] [1;31m<err> ads1220: config0 mismatch! 0x3C != 0x1C[0m
[00:03:59.085,449] [1;31m<err> analog_axis_hires: Could not setup channel #1 (-5)[0m
[00:03:59.093,200] [1;31m<err> ads1220: config2 mismatch! 0x10 != 0x00[0m
[00:03:59.093,322] [1;31m<err> ads1220: config2 mismatch! 0x15 != 0x00[0m
[00:03:59.093,475] [1;31m<err> ads1220: config0 mismatch! 0x3C != 0x1C[0m
[00:03:59.093,475] [1;31m<err> analog_axis_hires: Could not setup channel #1 (-5)[0m
[00:03:59.101,226] [1;31m<err> ads1220: config2 mismatch! 0x10 != 0x00[0m
[00:03:59.101,379] [1;31m<err> ads1220: config2 mismatch! 0x15 != 0x00[0m
[00:03:59.101,501] [1;31m<err> ads1220: config0 mismatch! 0x3C != 0x1C[0m
[00:03:59.101,501] [1;31m<err> analog_axis_hires: Could not setup channel #1 (-5)[0m
[00:03:59.109,222] [1;31m<err> ads1220: config2 mismatch! 0x10 != 0x00[0m
[00:03:59.109,375] [1;31m<err> ads1220: config2 mismatch! 0x15 != 0x00[0m
[00:03:59.109,527] [1;31m<err> ads1220: config0 mismatch! 0x3C != 0x1C[0m
[00:03:59.109,527] [1;31m<err> analog_axis_hires: Could not setup channel #1 (-5)[0m
[00:03:59.117,279] [1;31m<err> ads1220: config2 mismatch! 0x10 != 0x00[0m
[00:03:59.117,401] [1;31m<err> ads1220: config2 mismatch! 0x15 != 0x00[0m
[00:03:59.117,553] [1;31m<err> ads1220: config0 mismatch! 0x3C != 0x1C[0m
[00:03:59.117,553] [1;31m<err> analog_axis_hires: Could not setup channel #1 (-5)[0m
[00:03:59.125,305] [1;31m<err> ads1220: config2 mismatch! 0x10 != 0x00[0m
[00:03:59.125,457] [1;31m<err> ads1220: config2 mismatch! 0x15 != 0x00[0m
[00:03:59.125,579] [1;31m<err> ads1220: config0 mismatch! 0x3C != 0x1C[0m
[00:03:59.125,579] [1;31m<err> analog_axis_hires: Could not setup channel #1 (-5)[0m
[00:03:59.133,300] [1;31m<err> ads1220: config2 mismatch! 0x10 != 0x00[0m
[00:03:59.133,453] [1;31m<err> ads1220: config2 mismatch! 0x15 != 0x00[0m
[00:03:59.133,605] [1;31m<err> ads1220: config0 mismatch! 0x3C != 0x1C[0m
[00:03:59.133,605] [1;31m<err> analog_axis_hires: Could not setup channel #1 (-5)[0m
[00:03:59.141,357] [1;31m<err> ads1220: config2 mismatch! 0x10 != 0x00[0m
[00:03:59.141,479] [1;31m<err> ads1220: config2 mismatch! 0x15 != 0x00[0m
[00:03:59.141,632] [1;31m<err> ads1220: config0 mismatch! 0x3C != 0x1C[0m
[00:03:59.141,632] [1;31m<err> analog_axis_hires: Could not setup channel #1 (-5)[0m
[00:03:59.149,383] [1;31m<err> ads1220: config2 mismatch! 0x10 != 0x00[0m
[00:03:59.149,505] [1;31m<err> ads1220: config2 mismatch! 0x15 != 0x00[0m
[00:03:59.149,658] [1;31m<err> ads1220: config0 mismatch! 0x3C != 0x1C[0m
[00:03:59.149,658] [1;31m<err> analog_axis_hires: Could not setup channel #1 (-5)[0m
[00:03:59.157,379] [1;31m<err> ads1220: config2 mismatch! 0x10 != 0x00[0m
[00:03:59.157,531] [1;31m<err> ads1220: config2 mismatch! 0x15 != 0x00[0m
[00:03:59.157,684] [1;31m<err> ads1220: config0 mismatch! 0x3C != 0x1C[0m
[00:03:59.157,684] [1;31m<err> analog_axis_hires: Could not setup channel #1 (-5)[0m
[00:03:59.165,435] [1;31m<err> ads1220: config2 mismatch! 0x10 != 0x00[0m
[00:03:59.165,557] [1;31m<err> ads1220: config2 mismatch! 0x15 != 0x00[0m
[00:03:59.165,710] [1;31m<err> ads1220: config0 mismatch! 0x3C != 0x1C[0m
[00:03:59.165,710] [1;31m<err> analog_axis_hires: Could not setup channel #1 (-5)[0m
[00:03:59.173,492] [1;31m<err> ads1220: config2 mismatch! 0x10 != 0x00[0m
[00:03:59.173,614] [1;31m<err> ads1220: config2 mismatch! 0x15 != 0x00[0m
[00:03:59.173,736] [1;31m<err> ads1220: config0 mismatch! 0x3C != 0x1C[0m
[00:03:59.173,767] [1;31m<err> analog_axis_hires: Could not setup channel #1 (-5)[0m
[00:03:59.181,457] [1;31m<err> ads1220: config2 mismatch! 0x10 != 0x00[0m
[00:03:59.181,610] [1;31m<err> ads1220: config2 mismatch! 0x15 != 0x00[0m
[00:03:59.181,762] [1;31m<err> ads1220: config0 mismatch! 0x3C != 0x1C[0m
[00:03:59.181,762] [1;31m<err> analog_axis_hires: Could not setup channel #1 (-5)[0m
[00:03:59.189,514] [1;31m<err> ads1220: config2 mismatch! 0x10 != 0x00[0m
[00:03:59.189,636] [1;31m<err> ads1220: config2 mismatch! 0x15 != 0x00[0m
[00:03:59.189,788] [1;31m<err> ads1220: config0 mismatch! 0x3C != 0x1C[0m
[00:03:59.189,788] [1;31m<err> analog_axis_hires: Could not setup channel #1 (-5)[0m
[00:03:59.197,570] [1;31m<err> ads1220: config2 mismatch! 0x10 != 0x00[0m
[00:03:59.197,692] [1;31m<err> ads1220: config2 mismatch! 0x15 != 0x00[0m
[00:03:59.197,814] [1;31m<err> ads1220: config0 mismatch! 0x3C != 0x1C[0m
[00:03:59.197,814] [1;31m<err> analog_axis_hires: Could not setup channel #1 (-5)[0m
[00:03:59.205,535] [1;31m<err> ads1220: config2 mismatch! 0x10 != 0x00[0m
[00:03:59.205,688] [1;31m<err> ads1220: config2 mismatch! 0x15 != 0x00[0m
[00:03:59.205,841] [1;31m<err> ads1220: config0 mismatch! 0x3C != 0x1C[0m
[00:03:59.205,841] [1;31m<err> analog_axis_hires: Could not setup channel #1 (-5)[0m
[00:03:59.213,592] [1;31m<err> ads1220: config2 mismatch! 0x10 != 0x00[0m
[00:03:59.213,714] [1;31m<err> ads1220: config2 mismatch! 0x15 != 0x00[0m
[00:03:59.213,867] [1;31m<err> ads1220: config0 mismatch! 0x3C != 0x1C[0m
[00:03:59.213,867] [1;31m<err> analog_axis_hires: Could not setup channel #1 (-5)[0m
[00:03:59.221,649] [1;31m<err> ads1220: config2 mismatch! 0x10 != 0x00[0m
[00:03:59.221,771] [1;31m<err> ads1220: config2 mismatch! 0x15 != 0x00[0m
[00:03:59.221,893] [1;31m<err> ads1220: config0 mismatch! 0x3C != 0x1C[0m
[00:03:59.221,923] [1;31m<err> analog_axis_hires: Could not setup channel #1 (-5)[0m
[00:03:59.229,614] [1;31m<err> ads1220: config2 mismatch! 0x10 != 0x00[0m
[00:03:59.229,766] [1;31m<err> ads1220: config2 mismatch! 0x15 != 0x00[0m
[00:03:59.229,919] [1;31m<err> ads1220: config0 mismatch! 0x3C != 0x1C[0m
[00:03:59.229,919] [1;31m<err> analog_axis_hires: Could not setup channel #1 (-5)[0m
[00:03:59.237,670] [1;31m<err> ads1220: config2 mismatch! 0x10 != 0x00[0m
[00:03:59.237,792] [1;31m<err> ads1220: config2 mismatch! 0x15 != 0x00[0m
[00:03:59.237,945] [1;31m<err> ads1220: config0 mismatch! 0x3C != 0x1C[0m
[00:03:59.237,945] [1;31m<err> analog_axis_hires: Could not setup channel #1 (-5)[0m
[00:03:59.245,727] [1;31m<err> ads1220: config2 mismatch! 0x10 != 0x00[0m
[00:03:59.245,849] [1;31m<err> ads1220: config2 mismatch! 0x15 != 0x00[0m
[00:03:59.245,971] [1;31m<err> ads1220: config0 mismatch! 0x3C != 0x1C[0m
[00:03:59.246,002] [1;31m<err> analog_axis_hires: Could not setup channel #1 (-5)[0m
[00:03:59.253,692] [1;31m<err> ads1220: config2 mismatch! 0x10 != 0x00[0m
[00:03:59.253,845] [1;31m<err> ads1220: config2 mismatch! 0x15 != 0x00[0m
[00:03:59.253,997] [1;31m<err> ads1220: config0 mismatch! 0x3C != 0x1C[0m
[00:03:59.253,997] [1;31m<err> analog_axis_hires: Could not setup channel #1 (-5)[0m
[00:03:59.261,749] [1;31m<err> ads1220: config2 mismatch! 0x10 != 0x00[0m
[00:03:59.261,871] [1;31m<err> ads1220: config2 mismatch! 0x15 != 0x00[0m
[00:03:59.262,023] [1;31m<err> ads1220: config0 mismatch! 0x3C != 0x1C[0m
[00:03:59.262,054] [1;31m<err> analog_axis_hires: Could not setup channel #1 (-5)[0m
[00:03:59.269,805] [1;31m<err> ads1220: config2 mismatch! 0x10 != 0x00[0m
[00:03:59.269,927] [1;31m<err> ads1220: config2 mismatch! 0x15 != 0x00[0m
[00:03:59.270,050] [1;31m<err> ads1220: config0 mismatch! 0x3C != 0x1C[0m
[00:03:59.270,050] [1;31m<err> analog_axis_hires: Could not setup channel #1 (-5)[0m
[00:03:59.277,770] [1;31m<err> ads1220: config2 mismatch! 0x10 != 0x00[0m
[00:03:59.277,923] [1;31m<err> ads1220: config2 mismatch! 0x15 != 0x00[0m
[00:03:59.278,076] [1;31m<err> ads1220: config0 mismatch! 0x3C != 0x1C[0m
[00:03:59.278,076] [1;31m<err> analog_axis_hires: Could not setup channel #1 (-5)[0m
[00:03:59.285,827] [1;31m<err> ads1220: config2 mismatch! 0x10 != 0x00[0m
[00:03:59.285,949] [1;31m<err> ads1220: config2 mismatch! 0x15 != 0x00[0m
[00:03:59.286,102] [1;31m<err> ads1220: config0 mismatch! 0x3C != 0x1C[0m
[00:03:59.286,132] [1;31m<err> analog_axis_hires: Could not setup channel #1 (-5)[0m
[00:03:59.293,884] [1;31m<err> ads1220: config2 mismatch! 0x10 != 0x00[0m
[00:03:59.294,006] [1;31m<err> ads1220: config2 mismatch! 0x15 != 0x00[0m
[00:03:59.294,128] [1;31m<err> ads1220: config0 mismatch! 0x3C != 0x1C[0m
[00:03:59.294,158] [1;31m<err> analog_axis_hires: Could not setup channel #1 (-5)[0m
[00:03:59.301,849] [1;31m<err> ads1220: config2 mismatch! 0x10 != 0x00[0m
[00:03:59.302,001] [1;31m<err> ads1220: config2 mismatch! 0x15 != 0x00[0m
[00:03:59.302,154] [1;31m<err> ads1220: config0 mismatch! 0x3C != 0x1C[0m
[00:03:59.302,154] [1;31m<err> analog_axis_hires: Could not setup channel #1 (-5)[0m
[00:03:59.309,906] [1;31m<err> ads1220: config2 mismatch! 0x10 != 0x00[0m
[00:03:59.310,028] [1;31m<err> ads1220: config2 mismatch! 0x15 != 0x00[0m
[00:03:59.310,180] [1;31m<err> ads1220: config0 mismatch! 0x3C != 0x1C[0m
[00:03:59.310,211] [1;31m<err> analog_axis_hires: Could not setup channel #1 (-5)[0m
[00:03:59.317,962] [1;31m<err> ads1220: config2 mismatch! 0x10 != 0x00[0m
[00:03:59.318,084] [1;31m<err> ads1220: config2 mismatch! 0x15 != 0x00[0m
[00:03:59.318,206] [1;31m<err> ads1220: config0 mismatch! 0x3C != 0x1C[0m
[00:03:59.318,237] [1;31m<err> analog_axis_hires: Could not setup channel #1 (-5)[0m
[00:03:59.325,927] [1;31m<err> ads1220: config2 mismatch! 0x10 != 0x00[0m
[00:03:59.326,080] [1;31m<err> ads1220: config2 mismatch! 0x15 != 0x00[0m
[00:03:59.326,232] [1;31m<err> ads1220: config0 mismatch! 0x3C != 0x1C[0m
[00:03:59.326,232] [1;31m<err> analog_axis_hires: Could not setup channel #1 (-5)[0m
[00:03:59.333,984] [1;31m<err> ads1220: config2 mismatch! 0x10 != 0x00[0m
[00:03:59.334,106] [1;31m<err> ads1220: config2 mismatch! 0x15 != 0x00[0m
[00:03:59.334,259] [1;31m<err> ads1220: config0 mismatch! 0x3C != 0x1C[0m
[00:03:59.334,289] [1;31m<err> analog_axis_hires: Could not setup channel #1 (-5)[0m
[00:03:59.342,041] [1;31m<err> ads1220: config2 mismatch! 0x10 != 0x00[0m
[00:03:59.342,163] [1;31m<err> ads1220: config2 mismatch! 0x15 != 0x00[0m
[00:03:59.342,285] [1;31m<err> ads1220: config0 mismatch! 0x3C != 0x1C[0m
[00:03:59.342,315] [1;31m<err> analog_axis_hires: Could not setup channel #1 (-5)[0m
[00:03:59.350,006] [1;31m<err> ads1220: config2 mismatch! 0x10 != 0x00[0m
[00:03:59.350,158] [1;31m<err> ads1220: config2 mismatch! 0x15 != 0x00[0m
[00:03:59.350,311] [1;31m<err> ads1220: config0 mismatch! 0x3C != 0x1C[0m
[00:03:59.350,311] [1;31m<err> analog_axis_hires: Could not setup channel #1 (-5)[0m
[00:03:59.358,062] [1;31m<err> ads1220: config2 mismatch! 0x10 != 0x00[0m
[00:03:59.358,184] [1;31m<err> ads1220: config2 mismatch! 0x15 != 0x00[0m
[00:03:59.358,337] [1;31m<err> ads1220: config0 mismatch! 0x3C != 0x1C[0m
[00:03:59.358,367] [1;31m<err> analog_axis_hires: Could not setup channel #1 (-5)[0m
[00:03:59.366,119] [1;31m<err> ads1220: config2 mismatch! 0x10 != 0x00[0m
[00:03:59.366,241] [1;31m<err> ads1220: config2 mismatch! 0x15 != 0x00[0m
[00:03:59.366,363] [1;31m<err> ads1220: config0 mismatch! 0x3C != 0x1C[0m
[00:03:59.366,394] [1;31m<err> analog_axis_hires: Could not setup channel #1 (-5)[0m
[00:03:59.374,114] [1;31m<err> ads1220: config2 mismatch! 0x10 != 0x00[0m
[00:03:59.374,267] [1;31m<err> ads1220: config2 mismatch! 0x15 != 0x00[0m
[00:03:59.374,420] [1;31m<err> ads1220: config0 mismatch! 0x3C != 0x1C[0m
[00:03:59.374,420] [1;31m<err> analog_axis_hires: Could not setup channel #1 (-5)[0m
[00:03:59.382,141] [1;31m<err> ads1220: config2 mismatch! 0x10 != 0x00[0m
[00:03:59.382,263] [1;31m<err> ads1220: config2 mismatch! 0x15 != 0x00[0m
[00:03:59.382,415] [1;31m<err> ads1220: config0 mismatch! 0x3C != 0x1C[0m
[00:03:59.382,446] [1;31m<err> analog_axis_hires: Could not setup channel #1 (-5)[0m
[00:03:59.390,228] [1;31m<err> ads1220: config2 mismatch! 0x10 != 0x00[0m
[00:03:59.390,350] [1;31m<err> ads1220: config2 mismatch! 0x15 != 0x00[0m
[00:03:59.390,502] [1;31m<err> ads1220: config0 mismatch! 0x3C != 0x1C[0m
[00:03:59.390,502] [1;31m<err> analog_axis_hires: Could not setup channel #1 (-5)[0m
[00:03:59.398,223] [1;31m<err> ads1220: config2 mismatch! 0x10 != 0x00[0m
[00:03:59.398,376] [1;31m<err> ads1220: config2 mismatch! 0x15 != 0x00[0m
[00:03:59.398,529] [1;31m<err> ads1220: config0 mismatch! 0x3C != 0x1C[0m
[00:03:59.398,529] [1;31m<err> analog_axis_hires: Could not setup channel #1 (-5)[0m
[00:03:59.406,219] [1;31m<err> ads1220: config2 mismatch! 0x10 != 0x00[0m
[00:03:59.406,341] [1;31m<err> ads1220: config2 mismatch! 0x15 != 0x00[0m
[00:03:59.406,494] [1;31m<err> ads1220: config0 mismatch! 0x3C != 0x1C[0m
[00:03:59.406,524] [1;31m<err> analog_axis_hires: Could not setup channel #1 (-5)[0m
[00:03:59.414,276] [1;31m<err> ads1220: config2 mismatch! 0x10 != 0x00[0m
[00:03:59.414,428] [1;31m<err> ads1220: config2 mismatch! 0x15 != 0x00[0m
[00:03:59.414,550] [1;31m<err> ads1220: config0 mismatch! 0x3C != 0x1C[0m
[00:03:59.414,550] [1;31m<err> analog_axis_hires: Could not setup channel #1 (-5)[0m
[00:03:59.422,241] [1;31m<err> ads1220: config2 mismatch! 0x10 != 0x00[0m
[00:03:59.422,393] [1;31m<err> ads1220: config2 mismatch! 0x15 != 0x00[0m
[00:03:59.422,546] [1;31m<err> ads1220: config0 mismatch! 0x3C != 0x1C[0m
[00:03:59.422,546] [1;31m<err> analog_axis_hires: Could not setup channel #1 (-5)[0m
[00:03:59.430,297] [1;31m<err> ads1220: config2 mismatch! 0x10 != 0x00[0m
[00:03:59.430,419] [1;31m<err> ads1220: config2 mismatch! 0x15 != 0x00[0m
[00:03:59.430,572] [1;31m<err> ads1220: config0 mismatch! 0x3C != 0x1C[0m
[00:03:59.430,603] [1;31m<err> analog_axis_hires: Could not setup channel #1 (-5)[0m
[00:03:59.438,354] [1;31m<err> ads1220: config2 mismatch! 0x10 != 0x00[0m
[00:03:59.438,476] [1;31m<err> ads1220: config2 mismatch! 0x15 != 0x00[0m
[00:03:59.438,598] [1;31m<err> ads1220: config0 mismatch! 0x3C != 0x1C[0m
[00:03:59.438,598] [1;31m<err> analog_axis_hires: Could not setup channel #1 (-5)[0m
[00:03:59.446,319] [1;31m<err> ads1220: config2 mismatch! 0x10 != 0x00[0m
[00:03:59.446,472] [1;31m<err> ads1220: config2 mismatch! 0x15 != 0x00[0m
[00:03:59.446,624] [1;31m<err> ads1220: config0 mismatch! 0x3C != 0x1C[0m
[00:03:59.446,624] [1;31m<err> analog_axis_hires: Could not setup channel #1 (-5)[0m
[00:03:59.454,376] [1;31m<err> ads1220: config2 mismatch! 0x10 != 0x00[0m
[00:03:59.454,498] [1;31m<err> ads1220: config2 mismatch! 0x15 != 0x00[0m
[00:03:59.454,650] [1;31m<err> ads1220: config0 mismatch! 0x3C != 0x1C[0m
[00:03:59.454,681] [1;31m<err> analog_axis_hires: Could not setup channel #1 (-5)[0m
[00:03:59.462,402] [1;31m<err> ads1220: config2 mismatch! 0x10 != 0x00[0m
[00:03:59.462,524] [1;31m<err> ads1220: config2 mismatch! 0x15 != 0x00[0m
[00:03:59.462,677] [1;31m<err> ads1220: config0 mismatch! 0x3C != 0x1C[0m
[00:03:59.462,677] [1;31m<err> analog_axis_hires: Could not setup channel #1 (-5)[0m
[00:03:59.470,397] [1;31m<err> ads1220: config2 mismatch! 0x10 != 0x00[0m
[00:03:59.470,550] [1;31m<err> ads1220: config2 mismatch! 0x15 != 0x00[0m
[00:03:59.470,703] [1;31m<err> ads1220: config0 mismatch! 0x3C != 0x1C[0m
[00:03:59.470,703] [1;31m<err> analog_axis_hires: Could not setup channel #1 (-5)[0m
[00:03:59.478,454] [1;31m<err> ads1220: config2 mismatch! 0x10 != 0x00[0m
[00:03:59.478,576] [1;31m<err> ads1220: config2 mismatch! 0x15 != 0x00[0m
[00:03:59.478,729] [1;31m<err> ads1220: config0 mismatch! 0x3C != 0x1C[0m
[00:03:59.478,759] [1;31m<err> analog_axis_hires: Could not setup channel #1 (-5)[0m
[00:03:59.486,480] [1;31m<err> ads1220: config2 mismatch! 0x10 != 0x00[0m
[00:03:59.486,602] [1;31m<err> ads1220: config2 mismatch! 0x15 != 0x00[0m
[00:03:59.486,755] [1;31m<err> ads1220: config0 mismatch! 0x3C != 0x1C[0m
[00:03:59.486,755] [1;31m<err> analog_axis_hires: Could not setup channel #1 (-5)[0m
[00:03:59.494,476] [1;31m<err> ads1220: config2 mismatch! 0x10 != 0x00[0m
[00:03:59.494,628] [1;31m<err> ads1220: config2 mismatch! 0x15 != 0x00[0m
[00:03:59.494,781] [1;31m<err> ads1220: config0 mismatch! 0x3C != 0x1C[0m
[00:03:59.494,781] [1;31m<err> analog_axis_hires: Could not setup channel #1 (-5)[0m
[00:03:59.502,532] [1;31m<err> ads1220: config2 mismatch! 0x10 != 0x00[0m
[00:03:59.502,655] [1;31m<err> ads1220: config2 mismatch! 0x15 != 0x00[0m
[00:03:59.502,807] [1;31m<err> ads1220: config0 mismatch! 0x3C != 0x1C[0m
[00:03:59.502,838] [1;31m<err> analog_axis_hires: Could not setup channel #1 (-5)[0m
[00:03:59.510,589] [1;31m<err> ads1220: config2 mismatch! 0x10 != 0x00[0m
[00:03:59.510,711] [1;31m<err> ads1220: config2 mismatch! 0x15 != 0x00[0m
[00:03:59.510,833] [1;31m<err> ads1220: config0 mismatch! 0x3C != 0x1C[0m
[00:03:59.510,864] [1;31m<err> analog_axis_hires: Could not setup channel #1 (-5)[0m
[00:03:59.518,554] [1;31m<err> ads1220: config2 mismatch! 0x10 != 0x00[0m
[00:03:59.518,707] [1;31m<err> ads1220: config2 mismatch! 0x15 != 0x00[0m
[00:03:59.518,859] [1;31m<err> ads1220: config0 mismatch! 0x3C != 0x1C[0m
[00:03:59.518,859] [1;31m<err> analog_axis_hires: Could not setup channel #1 (-5)[0m
[00:03:59.526,611] [1;31m<err> ads1220: config2 mismatch! 0x10 != 0x00[0m
[00:03:59.526,733] [1;31m<err> ads1220: config2 mismatch! 0x15 != 0x00[0m
[00:03:59.526,885] [1;31m<err> ads1220: config0 mismatch! 0x3C != 0x1C[0m
[00:03:59.526,916] [1;31m<err> analog_axis_hires: Could not setup channel #1 (-5)[0m
[00:03:59.534,667] [1;31m<err> ads1220: config2 mismatch! 0x10 != 0x00[0m
[00:03:59.534,790] [1;31m<err> ads1220: config2 mismatch! 0x15 != 0x00[0m
[00:03:59.534,912] [1;31m<err> ads1220: config0 mismatch! 0x3C != 0x1C[0m
[00:03:59.534,942] [1;31m<err> analog_axis_hires: Could not setup channel #1 (-5)[0m
[00:03:59.542,633] [1;31m<err> ads1220: config2 mismatch! 0x10 != 0x00[0m
[00:03:59.542,785] [1;31m<err> ads1220: config2 mismatch! 0x15 != 0x00[0m
[00:03:59.542,938] [1;31m<err> ads1220: config0 mismatch! 0x3C != 0x1C[0m
[00:03:59.542,938] [1;31m<err> analog_axis_hires: Could not setup channel #1 (-5)[0m
[00:03:59.550,689] [1;31m<err> ads1220: config2 mismatch! 0x10 != 0x00[0m
[00:03:59.550,811] [1;31m<err> ads1220: config2 mismatch! 0x15 != 0x00[0m
[00:03:59.550,964] [1;31m<err> ads1220: config0 mismatch! 0x3C != 0x1C[0m
[00:03:59.550,994] [1;31m<err> analog_axis_hires: Could not setup channel #1 (-5)[0m
[00:03:59.558,715] [1;31m<err> ads1220: config2 mismatch! 0x10 != 0x00[0m
[00:03:59.558,837] [1;31m<err> ads1220: config2 mismatch! 0x15 != 0x00[0m
[00:03:59.558,990] [1;31m<err> ads1220: config0 mismatch! 0x3C != 0x1C[0m
[00:03:59.558,990] [1;31m<err> analog_axis_hires: Could not setup channel #1 (-5)[0m
[00:03:59.566,711] [1;31m<err> ads1220: config2 mismatch! 0x10 != 0x00[0m
[00:03:59.566,864] [1;31m<err> ads1220: config2 mismatch! 0x15 != 0x00[0m
[00:03:59.567,016] [1;31m<err> ads1220: config0 mismatch! 0x3C != 0x1C[0m
[00:03:59.567,016] [1;31m<err> analog_axis_hires: Could not setup channel #1 (-5)[0m
[00:03:59.574,768] [1;31m<err> ads1220: config2 mismatch! 0x10 != 0x00[0m
[00:03:59.574,890] [1;31m<err> ads1220: config2 mismatch! 0x15 != 0x00[0m
[00:03:59.575,042] [1;31m<err> ads1220: config0 mismatch! 0x3C != 0x1C[0m
[00:03:59.575,073] [1;31m<err> analog_axis_hires: Could not setup channel #1 (-5)[0m
[00:03:59.582,824] [1;31m<err> ads1220: config2 mismatch! 0x10 != 0x00[0m
[00:03:59.582,977] [1;31m<err> ads1220: config2 mismatch! 0x15 != 0x00[0m
[00:03:59.583,099] [1;31m<err> ads1220: config0 mismatch! 0x3C != 0x1C[0m
[00:03:59.583,099] [1;31m<err> analog_axis_hires: Could not setup channel #1 (-5)[0m
[00:03:59.590,850] [1;31m<err> ads1220: config2 mismatch! 0x10 != 0x00[0m
[00:03:59.591,003] [1;31m<err> ads1220: config2 mismatch! 0x15 != 0x00[0m
[00:03:59.591,156] [1;31m<err> ads1220: config0 mismatch! 0x3C != 0x1C[0m
[00:03:59.591,156] [1;31m<err> analog_axis_hires: Could not setup channel #1 (-5)[0m
[00:03:59.598,846] [1;31m<err> ads1220: config2 mismatch! 0x10 != 0x00[0m
[00:03:59.598,968] [1;31m<err> ads1220: config2 mismatch! 0x15 != 0x00[0m
[00:03:59.599,121] [1;31m<err> ads1220: config0 mismatch! 0x3C != 0x1C[0m
[00:03:59.599,151] [1;31m<err> analog_axis_hires: Could not setup channel #1 (-5)[0m
[00:03:59.606,903] [1;31m<err> ads1220: config2 mismatch! 0x10 != 0x00[0m
[00:03:59.607,025] [1;31m<err> ads1220: config2 mismatch! 0x15 != 0x00[0m
[00:03:59.607,147] [1;31m<err> ads1220: config0 mismatch! 0x3C != 0x1C[0m
[00:03:59.607,177] [1;31m<err> analog_axis_hires: Could not setup channel #1 (-5)[0m
[00:03:59.614,868] [1;31m<err> ads1220: config2 mismatch! 0x10 != 0x00[0m
[00:03:59.615,020] [1;31m<err> ads1220: config2 mismatch! 0x15 != 0x00[0m
[00:03:59.615,173] [1;31m<err> ads1220: config0 mismatch! 0x3C != 0x1C[0m
[00:03:59.615,173] [1;31m<err> analog_axis_hires: Could not setup channel #1 (-5)[0m
[00:03:59.622,924] [1;31m<err> ads1220: config2 mismatch! 0x10 != 0x00[0m
[00:03:59.623,046] [1;31m<err> ads1220: config2 mismatch! 0x15 != 0x00[0m
[00:03:59.623,199] [1;31m<err> ads1220: config0 mismatch! 0x3C != 0x1C[0m
[00:03:59.623,229] [1;31m<err> analog_axis_hires: Could not setup channel #1 (-5)[0m
[00:03:59.630,981] [1;31m<err> ads1220: config2 mismatch! 0x10 != 0x00[0m
[00:03:59.631,103] [1;31m<err> ads1220: config2 mismatch! 0x15 != 0x00[0m
[00:03:59.631,225] [1;31m<err> ads1220: config0 mismatch! 0x3C != 0x1C[0m
[00:03:59.631,225] [1;31m<err> analog_axis_hires: Could not setup channel #1 (-5)[0m
[00:03:59.638,946] [1;31m<err> ads1220: config2 mismatch! 0x10 != 0x00[0m
[00:03:59.639,099] [1;31m<err> ads1220: config2 mismatch! 0x15 != 0x00[0m
[00:03:59.639,251] [1;31m<err> ads1220: config0 mismatch! 0x3C != 0x1C[0m
[00:03:59.639,251] [1;31m<err> analog_axis_hires: Could not setup channel #1 (-5)[0m
[00:03:59.647,003] [1;31m<err> ads1220: config2 mismatch! 0x10 != 0x00[0m
[00:03:59.647,125] [1;31m<err> ads1220: config2 mismatch! 0x15 != 0x00[0m
[00:03:59.647,277] [1;31m<err> ads1220: config0 mismatch! 0x3C != 0x1C[0m
[00:03:59.647,308] [1;31m<err> analog_axis_hires: Could not setup channel #1 (-5)[0m
[00:03:59.655,059] [1;31m<err> ads1220: config2 mismatch! 0x10 != 0x00[0m
[00:03:59.655,181] [1;31m<err> ads1220: config2 mismatch! 0x15 != 0x00[0m
[00:03:59.655,303] [1;31m<err> ads1220: config0 mismatch! 0x3C != 0x1C[0m
[00:03:59.655,303] [1;31m<err> analog_axis_hires: Could not setup channel #1 (-5)[0m
[00:03:59.663,024] [1;31m<err> ads1220: config2 mismatch! 0x10 != 0x00[0m
[00:03:59.663,177] [1;31m<err> ads1220: config2 mismatch! 0x15 != 0x00[0m
[00:03:59.663,330] [1;31m<err> ads1220: config0 mismatch! 0x3C != 0x1C[0m
[00:03:59.663,330] [1;31m<err> analog_axis_hires: Could not setup channel #1 (-5)[0m
[00:03:59.671,081] [1;31m<err> ads1220: config2 mismatch! 0x10 != 0x00[0m
[00:03:59.671,203] [1;31m<err> ads1220: config2 mismatch! 0x15 != 0x00[0m
[00:03:59.671,356] [1;31m<err> ads1220: config0 mismatch! 0x3C != 0x1C[0m
[00:03:59.671,386] [1;31m<err> analog_axis_hires: Could not setup channel #1 (-5)[0m
[00:03:59.679,107] [1;31m<err> ads1220: config2 mismatch! 0x10 != 0x00[0m
[00:03:59.679,229] [1;31m<err> ads1220: config2 mismatch! 0x15 != 0x00[0m
[00:03:59.679,382] [1;31m<err> ads1220: config0 mismatch! 0x3C != 0x1C[0m
[00:03:59.679,382] [1;31m<err> analog_axis_hires: Could not setup channel #1 (-5)[0m
[00:03:59.687,133] [1;31m<err> ads1220: config2 mismatch! 0x10 != 0x00[0m
[00:03:59.687,255] [1;31m<err> ads1220: config2 mismatch! 0x15 != 0x00[0m
[00:03:59.687,408] [1;31m<err> ads1220: config0 mismatch! 0x3C != 0x1C[0m
[00:03:59.687,438] [1;31m<err> analog_axis_hires: Could not setup channel #1 (-5)[0m
[00:03:59.695,159] [1;31m<err> ads1220: config2 mismatch! 0x10 != 0x00[0m
[00:03:59.695,281] [1;31m<err> ads1220: config2 mismatch! 0x15 != 0x00[0m
[00:03:59.695,434] [1;31m<err> ads1220: config0 mismatch! 0x3C != 0x1C[0m
[00:03:59.695,465] [1;31m<err> analog_axis_hires: Could not setup channel #1 (-5)[0m
[00:03:59.703,186] [1;31m<err> ads1220: config2 mismatch! 0x10 != 0x00[0m
[00:03:59.703,308] [1;31m<err> ads1220: config2 mismatch! 0x15 != 0x00[0m
[00:03:59.703,460] [1;31m<err> ads1220: config0 mismatch! 0x3C != 0x1C[0m
[00:03:59.703,460] [1;31m<err> analog_axis_hires: Could not setup channel #1 (-5)[0m
[00:03:59.711,181] [1;31m<err> ads1220: config2 mismatch! 0x10 != 0x00[0m
[00:03:59.711,334] [1;31m<err> ads1220: config2 mismatch! 0x15 != 0x00[0m
[00:03:59.711,486] [1;31m<err> ads1220: config0 mismatch! 0x3C != 0x1C[0m
[00:03:59.711,486] [1;31m<err> analog_axis_hires: Could not setup channel #1 (-5)[0m
[00:03:59.719,238] [1;31m<err> ads1220: config2 mismatch! 0x10 != 0x00[0m
[00:03:59.719,360] [1;31m<err> ads1220: config2 mismatch! 0x15 != 0x00[0m
[00:03:59.719,512] [1;31m<err> ads1220: config0 mismatch! 0x3C != 0x1C[0m
[00:03:59.719,543] [1;31m<err> analog_axis_hires: Could not setup channel #1 (-5)[0m
[00:03:59.727,294] [1;31m<err> ads1220: config2 mismatch! 0x10 != 0x00[0m
[00:03:59.727,416] [1;31m<err> ads1220: config2 mismatch! 0x15 != 0x00[0m
[00:03:59.727,569] [1;31m<err> ads1220: config0 mismatch! 0x3C != 0x1C[0m
[00:03:59.727,569] [1;31m<err> analog_axis_hires: Could not setup channel #1 (-5)[0m
[00:03:59.735,260] [1;31m<err> ads1220: config2 mismatch! 0x10 != 0x00[0m
[00:03:59.735,412] [1;31m<err> ads1220: config2 mismatch! 0x15 != 0x00[0m
[00:03:59.735,565] [1;31m<err> ads1220: config0 mismatch! 0x3C != 0x1C[0m
[00:03:59.735,565] [1;31m<err> analog_axis_hires: Could not setup channel #1 (-5)[0m
[00:03:59.743,316] [1;31m<err> ads1220: config2 mismatch! 0x10 != 0x00[0m
[00:03:59.743,438] [1;31m<err> ads1220: config2 mismatch! 0x15 != 0x00[0m
[00:03:59.743,591] [1;31m<err> ads1220: config0 mismatch! 0x3C != 0x1C[0m
[00:03:59.743,621] [1;31m<err> analog_axis_hires: Could not setup channel #1 (-5)[0m
[00:03:59.751,373] [1;31m<err> ads1220: config2 mismatch! 0x10 != 0x00[0m
[00:03:59.751,495] [1;31m<err> ads1220: config2 mismatch! 0x15 != 0x00[0m
[00:03:59.751,617] [1;31m<err> ads1220: config0 mismatch! 0x3C != 0x1C[0m
[00:03:59.751,647] [1;31m<err> analog_axis_hires: Could not setup channel #1 (-5)[0m
[00:03:59.759,338] [1;31m<err> ads1220: config2 mismatch! 0x10 != 0x00[0m
[00:03:59.759,490] [1;31m<err> ads1220: config2 mismatch! 0x15 != 0x00[0m
[00:03:59.759,643] [1;31m<err> ads1220: config0 mismatch! 0x3C != 0x1C[0m
[00:03:59.759,643] [1;31m<err> analog_axis_hires: Could not setup channel #1 (-5)[0m
[00:03:59.767,395] [1;31m<err> ads1220: config2 mismatch! 0x10 != 0x00[0m
[00:03:59.767,517] [1;31m<err> ads1220: config2 mismatch! 0x15 != 0x00[0m
[00:03:59.767,669] [1;31m<err> ads1220: config0 mismatch! 0x3C != 0x1C[0m
[00:03:59.767,700] [1;31m<err> analog_axis_hires: Could not setup channel #1 (-5)[0m
[00:03:59.775,421] [1;31m<err> ads1220: config2 mismatch! 0x10 != 0x00[0m
[00:03:59.775,543] [1;31m<err> ads1220: config2 mismatch! 0x15 != 0x00[0m
[00:03:59.775,695] [1;31m<err> ads1220: config0 mismatch! 0x3C != 0x1C[0m
[00:03:59.775,695] [1;31m<err> analog_axis_hires: Could not setup channel #1 (-5)[0m
[00:03:59.783,416] [1;31m<err> ads1220: config2 mismatch! 0x10 != 0x00[0m
[00:03:59.783,569] [1;31m<err> ads1220: config2 mismatch! 0x15 != 0x00[0m
[00:03:59.783,721] [1;31m<err> ads1220: config0 mismatch! 0x3C != 0x1C[0m
[00:03:59.783,721] [1;31m<err> analog_axis_hires: Could not setup channel #1 (-5)[0m
[00:03:59.791,473] [1;31m<err> ads1220: config2 mismatch! 0x10 != 0x00[0m
[00:03:59.791,595] [1;31m<err> ads1220: config2 mismatch! 0x15 != 0x00[0m
[00:03:59.791,748] [1;31m<err> ads1220: config0 mismatch! 0x3C != 0x1C[0m
[00:03:59.791,778] [1;31m<err> analog_axis_hires: Could not setup channel #1 (-5)[0m
[00:03:59.799,530] [1;31m<err> ads1220: config2 mismatch! 0x10 != 0x00[0m
[00:03:59.799,652] [1;31m<err> ads1220: config2 mismatch! 0x15 != 0x00[0m
[00:03:59.799,774] [1;31m<err> ads1220: config0 mismatch! 0x3C != 0x1C[0m
[00:03:59.799,804] [1;31m<err> analog_axis_hires: Could not setup channel #1 (-5)[0m
[00:03:59.807,495] [1;31m<err> ads1220: config2 mismatch! 0x10 != 0x00[0m
[00:03:59.807,647] [1;31m<err> ads1220: config2 mismatch! 0x15 != 0x00[0m
[00:03:59.807,800] [1;31m<err> ads1220: config0 mismatch! 0x3C != 0x1C[0m
[00:03:59.807,800] [1;31m<err> analog_axis_hires: Could not setup channel #1 (-5)[0m
[00:03:59.815,551] [1;31m<err> ads1220: config2 mismatch! 0x10 != 0x00[0m
[00:03:59.815,673] [1;31m<err> ads1220: config2 mismatch! 0x15 != 0x00[0m
[00:03:59.815,826] [1;31m<err> ads1220: config0 mismatch! 0x3C != 0x1C[0m
[00:03:59.815,856] [1;31m<err> analog_axis_hires: Could not setup channel #1 (-5)[0m
[00:03:59.823,608] [1;31m<err> ads1220: config2 mismatch! 0x10 != 0x00[0m
[00:03:59.823,730] [1;31m<err> ads1220: config2 mismatch! 0x15 != 0x00[0m
[00:03:59.823,852] [1;31m<err> ads1220: config0 mismatch! 0x3C != 0x1C[0m
[00:03:59.823,852] [1;31m<err> analog_axis_hires: Could not setup channel #1 (-5)[0m

### sent: spi conf spi@40023000 1000000 h
[00:03:59.831,573] [1;31m<err> ads1220: config2 mismatch! 0x10 != 0x00[0m
[00:03:59.831,726] [1;31m<err> ads1220: config2 mismatch! 0x15 != 0x00[0m
[00:03:59.831,878] [1;31m<err> ads1220: config0 mismatch! 0x3C != 0x1C[0m
[00:03:59.831,878] [1;31m<err> analog_axis_hires: Could not setup channel #1 (-5)[0m
[00:03:59.839,630] [1;31m<err> ads1220: config2 mismatch! 0x10 != 0x00[0m
[00:03:59.839,752] [1;31m<err> ads1220: config2 mismatch! 0x15 != 0x00[0m
[00:03:59.839,904] [1;31m<err> ads1220: config0 mismatch! 0x3C != 0x1C[0m
[00:03:59.839,935] [1;31m<err> analog_axis_hires: Could not setup channel #1 (-5)[0m
[00:03:59.847,686] [1;31m<err> ads1220: config2 mismatch! 0x10 != 0x00[0m
[00:03:59.847,808] [1;31m<err> ads1220: config2 mismatch! 0x15 != 0x00[0m
[00:03:59.847,930] [1;31m<err> ads1220: config0 mismatch! 0x3C != 0x1C[0m
[00:03:59.847,961] [1;31m<err> analog_axis_hires: Could not setup channel #1 (-5)[0m
spi conf spi@40023000 1000000 h
[1;32muart:~$ [m[00:03:59.855,651] [1;31m<err> ads1220: config2 mismatch! 0x10 != 0x00[0m
[00:03:59.855,804] [1;31m<err> ads1220: config2 mismatch! 0x15 != 0x00[0m
[00:03:59.855,957] [1;31m<err> ads1220: config0 mismatch! 0x3C != 0x1C[0m
[00:03:59.855,957] [1;31m<err> analog_axis_hires: Could not setup channel #1 (-5)[0m
[00:03:59.863,861] [1;31m<err> ads1220: config2 mismatch! 0x10 != 0x00[0m
[00:03:59.863,983] [1;31m<err> ads1220: config2 mismatch! 0x15 != 0x00[0m
[00:03:59.864,135] [1;31m<err> ads1220: config0 mismatch! 0x3C != 0x1C[0m
[00:03:59.864,135] [1;31m<err> analog_axis_hires: Could not setup channel #1 (-5)[0m
[00:03:59.871,948] [1;31m<err> ads1220: config2 mismatch! 0x10 != 0x00[0m
[00:03:59.872,070] [1;31m<err> ads1220: config2 mismatch! 0x15 != 0x00[0m
[00:03:59.872,222] [1;31m<err> ads1220: config0 mismatch! 0x3C != 0x1C[0m
[00:03:59.872,222] [1;31m<err> analog_axis_hires: Could not setup channel #1 (-5)[0m
[00:03:59.879,699] [1;31m<err> ads1220: config2 mismatch! 0x10 != 0x00[0m
[00:03:59.879,821] [1;31m<err> ads1220: config2 mismatch! 0x15 != 0x00[0m
[00:03:59.879,974] [1;31m<err> ads1220: config0 mismatch! 0x3C != 0x1C[0m
[00:03:59.879,974] [1;31m<err> analog_axis_hires: Could not setup channel #1 (-5)[0m
[00:03:59.887,756] [1;31m<err> ads1220: config2 mismatch! 0x10 != 0x00[0m
[00:03:59.887,908] [1;31m<err> ads1220: config2 mismatch! 0x15 != 0x00[0m
[00:03:59.888,061] [1;31m<err> ads1220: config0 mismatch! 0x3C != 0x1C[0m
[00:03:59.888,061] [1;31m<err> analog_axis_hires: Could not setup channel #1 (-5)[0m
[00:03:59.895,812] [1;31m<err> ads1220: config2 mismatch! 0x10 != 0x00[0m
[00:03:59.895,935] [1;31m<err> ads1220: config2 mismatch! 0x15 != 0x00[0m
[00:03:59.896,087] [1;31m<err> ads1220: config0 mismatch! 0x3C != 0x1C[0m
[00:03:59.896,118] [1;31m<err> analog_axis_hires: Could not setup channel #1 (-5)[0m
[00:03:59.903,869] [1;31m<err> ads1220: config2 mismatch! 0x10 != 0x00[0m
[00:03:59.903,991] [1;31m<err> ads1220: config2 mismatch! 0x15 != 0x00[0m
[00:03:59.904,144] [1;31m<err> ads1220: config0 mismatch! 0x3C != 0x1C[0m
[00:03:59.904,144] [1;31m<err> analog_axis_hires: Could not setup channel #1 (-5)[0m
[00:03:59.911,834] [1;31m<err> ads1220: config2 mismatch! 0x10 != 0x00[0m
[00:03:59.911,987] [1;31m<err> ads1220: config2 mismatch! 0x15 != 0x00[0m
[00:03:59.912,139] [1;31m<err> ads1220: config0 mismatch! 0x3C != 0x1C[0m
[00:03:59.912,139] [1;31m<err> analog_axis_hires: Could not setup channel #1 (-5)[0m
[00:03:59.919,891] [1;31m<err> ads1220: config2 mismatch! 0x10 != 0x00[0m
[00:03:59.920,013] [1;31m<err> ads1220: config2 mismatch! 0x15 != 0x00[0m
[00:03:59.920,166] [1;31m<err> ads1220: config0 mismatch! 0x3C != 0x1C[0m
[00:03:59.920,196] [1;31m<err> analog_axis_hires: Could not setup channel #1 (-5)[0m
[00:03:59.927,947] [1;31m<err> ads1220: config2 mismatch! 0x10 != 0x00[0m
[00:03:59.928,070] [1;31m<err> ads1220: config2 mismatch! 0x15 != 0x00[0m
[00:03:59.928,222] [1;31m<err> ads1220: config0 mismatch! 0x3C != 0x1C[0m
[00:03:59.928,222] [1;31m<err> analog_axis_hires: Could not setup channel #1 (-5)[0m
[00:03:59.935,913] [1;31m<err> ads1220: config2 mismatch! 0x10 != 0x00[0m
[00:03:59.936,065] [1;31m<err> ads1220: config2 mismatch! 0x15 != 0x00[0m
[00:03:59.936,218] [1;31m<err> ads1220: config0 mismatch! 0x3C != 0x1C[0m
[00:03:59.936,218] [1;31m<err> analog_axis_hires: Could not setup channel #1 (-5)[0m
[00:03:59.943,969] [1;31m<err> ads1220: config2 mismatch! 0x10 != 0x00[0m
[00:03:59.944,091] [1;31m<err> ads1220: config2 mismatch! 0x15 != 0x00[0m
[00:03:59.944,244] [1;31m<err> ads1220: config0 mismatch! 0x3C != 0x1C[0m
[00:03:59.944,274] [1;31m<err> analog_axis_hires: Could not setup channel #1 (-5)[0m
[00:03:59.951,995] [1;31m<err> ads1220: config2 mismatch! 0x10 != 0x00[0m
[00:03:59.952,148] [1;31m<err> ads1220: config2 mismatch! 0x15 != 0x00[0m
[00:03:59.952,270] [1;31m<err> ads1220: config0 mismatch! 0x3C != 0x1C[0m
[00:03:59.952,270] [1;31m<err> analog_axis_hires: Could not setup channel #1 (-5)[0m
[00:03:59.959,991] [1;31m<err> ads1220: config2 mismatch! 0x10 != 0x00[0m
[00:03:59.960,144] [1;31m<err> ads1220: config2 mismatch! 0x15 != 0x00[0m
[00:03:59.960,296] [1;31m<err> ads1220: config0 mismatch! 0x3C != 0x1C[0m
[00:03:59.960,296] [1;31m<err> analog_axis_hires: Could not setup channel #1 (-5)[0m
[00:03:59.968,048] [1;31m<err> ads1220: config2 mismatch! 0x10 != 0x00[0m
[00:03:59.968,170] [1;31m<err> ads1220: config2 mismatch! 0x15 != 0x00[0m
[00:03:59.968,322] [1;31m<err> ads1220: config0 mismatch! 0x3C != 0x1C[0m
[00:03:59.968,353] [1;31m<err> analog_axis_hires: Could not setup channel #1 (-5)[0m
[00:03:59.976,074] [1;31m<err> ads1220: config2 mismatch! 0x10 != 0x00[0m
[00:03:59.976,226] [1;31m<err> ads1220: config2 mismatch! 0x15 != 0x00[0m
[00:03:59.976,348] [1;31m<err> ads1220: config0 mismatch! 0x3C != 0x1C[0m
[00:03:59.976,348] [1;31m<err> analog_axis_hires: Could not setup channel #1 (-5)[0m
[00:03:59.984,069] [1;31m<err> ads1220: config2 mismatch! 0x10 != 0x00[0m
[00:03:59.984,222] [1;31m<err> ads1220: config2 mismatch! 0x15 != 0x00[0m
[00:03:59.984,375] [1;31m<err> ads1220: config0 mismatch! 0x3C != 0x1C[0m
[00:03:59.984,375] [1;31m<err> analog_axis_hires: Could not setup channel #1 (-5)[0m
[00:03:59.992,126] [1;31m<err> ads1220: config2 mismatch! 0x10 != 0x00[0m
[00:03:59.992,248] [1;31m<err> ads1220: config2 mismatch! 0x15 != 0x00[0m
[00:03:59.992,401] [1;31m<err> ads1220: config0 mismatch! 0x3C != 0x1C[0m
[00:03:59.992,431] [1;31m<err> analog_axis_hires: Could not setup channel #1 (-5)[0m
[00:04:00.000,183] [1;31m<err> ads1220: config2 mismatch! 0x10 != 0x00[0m
[00:04:00.000,305] [1;31m<err> ads1220: config2 mismatch! 0x15 != 0x00[0m
[00:04:00.000,427] [1;31m<err> ads1220: config0 mismatch! 0x3C != 0x1C[0m
[00:04:00.000,457] [1;31m<err> analog_axis_hires: Could not setup channel #1 (-5)[0m
[00:04:00.008,148] [1;31m<err> ads1220: config2 mismatch! 0x10 != 0x00[0m
[00:04:00.008,300] [1;31m<err> ads1220: config2 mismatch! 0x15 != 0x00[0m
[00:04:00.008,453] [1;31m<err> ads1220: config0 mismatch! 0x3C != 0x1C[0m
[00:04:00.008,453] [1;31m<err> analog_axis_hires: Could not setup channel #1 (-5)[0m
[00:04:00.016,204] [1;31m<err> ads1220: config2 mismatch! 0x10 != 0x00[0m
[00:04:00.016,326] [1;31m<err> ads1220: config2 mismatch! 0x15 != 0x00[0m
[00:04:00.016,479] [1;31m<err> ads1220: config0 mismatch! 0x3C != 0x1C[0m
[00:04:00.016,510] [1;31m<err> analog_axis_hires: Could not setup channel #1 (-5)[0m
[00:04:00.024,261] [1;31m<err> ads1220: config2 mismatch! 0x10 != 0x00[0m
[00:04:00.024,383] [1;31m<err> ads1220: config2 mismatch! 0x15 != 0x00[0m
[00:04:00.024,536] [1;31m<err> ads1220: config0 mismatch! 0x3C != 0x1C[0m
[00:04:00.024,536] [1;31m<err> analog_axis_hires: Could not setup channel #1 (-5)[0m
[00:04:00.032,226] [1;31m<err> ads1220: config2 mismatch! 0x10 != 0x00[0m
[00:04:00.032,379] [1;31m<err> ads1220: config2 mismatch! 0x15 != 0x00[0m
[00:04:00.032,531] [1;31m<err> ads1220: config0 mismatch! 0x3C != 0x1C[0m
[00:04:00.032,531] [1;31m<err> analog_axis_hires: Could not setup channel #1 (-5)[0m
[00:04:00.040,283] [1;31m<err> ads1220: config2 mismatch! 0x10 != 0x00[0m
[00:04:00.040,405] [1;31m<err> ads1220: config2 mismatch! 0x15 != 0x00[0m
[00:04:00.040,557] [1;31m<err> ads1220: config0 mismatch! 0x3C != 0x1C[0m
[00:04:00.040,588] [1;31m<err> analog_axis_hires: Could not setup channel #1 (-5)[0m
[00:04:00.048,339] [1;31m<err> ads1220: config2 mismatch! 0x10 != 0x00[0m
[00:04:00.048,461] [1;31m<err> ads1220: config2 mismatch! 0x15 != 0x00[0m
[00:04:00.048,614] [1;31m<err> ads1220: config0 mismatch! 0x3C != 0x1C[0m
[00:04:00.048,614] [1;31m<err> analog_axis_hires: Could not setup channel #1 (-5)[0m
[00:04:00.056,304] [1;31m<err> ads1220: config2 mismatch! 0x10 != 0x00[0m
[00:04:00.056,457] [1;31m<err> ads1220: config2 mismatch! 0x15 != 0x00[0m
[00:04:00.056,610] [1;31m<err> ads1220: config0 mismatch! 0x3C != 0x1C[0m
[00:04:00.056,610] [1;31m<err> analog_axis_hires: Could not setup channel #1 (-5)[0m
[00:04:00.064,361] [1;31m<err> ads1220: config2 mismatch! 0x10 != 0x00[0m
[00:04:00.064,483] [1;31m<err> ads1220: config2 mismatch! 0x15 != 0x00[0m
[00:04:00.064,636] [1;31m<err> ads1220: config0 mismatch! 0x3C != 0x1C[0m
[00:04:00.064,636] [1;31m<err> analog_axis_hires: Could not setup channel #1 (-5)[0m
[00:04:00.072,418] [1;31m<err> ads1220: config2 mismatch! 0x10 != 0x00[0m
[00:04:00.072,540] [1;31m<err> ads1220: config2 mismatch! 0x15 != 0x00[0m
[00:04:00.072,662] [1;31m<err> ads1220: config0 mismatch! 0x3C != 0x1C[0m
[00:04:00.072,692] [1;31m<err> analog_axis_hires: Could not setup channel #1 (-5)[0m
[00:04:00.080,383] [1;31m<err> ads1220: config2 mismatch! 0x10 != 0x00[0m
[00:04:00.080,535] [1;31m<err> ads1220: config2 mismatch! 0x15 != 0x00[0m
[00:04:00.080,688] [1;31m<err> ads1220: config0 mismatch! 0x3C != 0x1C[0m
[00:04:00.080,688] [1;31m<err> analog_axis_hires: Could not setup channel #1 (-5)[0m
[00:04:00.088,439] [1;31m<err> ads1220: config2 mismatch! 0x10 != 0x00[0m
[00:04:00.088,562] [1;31m<err> ads1220: config2 mismatch! 0x15 != 0x00[0m
[00:04:00.088,714] [1;31m<err> ads1220: config0 mismatch! 0x3C != 0x1C[0m
[00:04:00.088,714] [1;31m<err> analog_axis_hires: Could not setup channel #1 (-5)[0m
[00:04:00.096,496] [1;31m<err> ads1220: config2 mismatch! 0x10 != 0x00[0m
[00:04:00.096,618] [1;31m<err> ads1220: config2 mismatch! 0x15 != 0x00[0m
[00:04:00.096,740] [1;31m<err> ads1220: config0 mismatch! 0x3C != 0x1C[0m
[00:04:00.096,740] [1;31m<err> analog_axis_hires: Could not setup channel #1 (-5)[0m
[00:04:00.104,461] [1;31m<err> ads1220: config2 mismatch! 0x10 != 0x00[0m
[00:04:00.104,614] [1;31m<err> ads1220: config2 mismatch! 0x15 != 0x00[0m
[00:04:00.104,766] [1;31m<err> ads1220: config0 mismatch! 0x3C != 0x1C[0m
[00:04:00.104,766] [1;31m<err> analog_axis_hires: Could not setup channel #1 (-5)[0m
[00:04:00.112,518] [1;31m<err> ads1220: config2 mismatch! 0x10 != 0x00[0m
[00:04:00.112,640] [1;31m<err> ads1220: config2 mismatch! 0x15 != 0x00[0m
[00:04:00.112,792] [1;31m<err> ads1220: config0 mismatch! 0x3C != 0x1C[0m
[00:04:00.112,792] [1;31m<err> analog_axis_hires: Could not setup channel #1 (-5)[0m
[00:04:00.120,574] [1;31m<err> ads1220: config2 mismatch! 0x10 != 0x00[0m
[00:04:00.120,697] [1;31m<err> ads1220: config2 mismatch! 0x15 != 0x00[0m
[00:04:00.120,819] [1;31m<err> ads1220: config0 mismatch! 0x3C != 0x1C[0m
[00:04:00.120,819] [1;31m<err> analog_axis_hires: Could not setup channel #1 (-5)[0m
[00:04:00.128,540] [1;31m<err> ads1220: config2 mismatch! 0x10 != 0x00[0m
[00:04:00.128,692] [1;31m<err> ads1220: config2 mismatch! 0x15 != 0x00[0m
[00:04:00.128,845] [1;31m<err> ads1220: config0 mismatch! 0x3C != 0x1C[0m
[00:04:00.128,845] [1;31m<err> analog_axis_hires: Could not setup channel #1 (-5)[0m
[00:04:00.136,596] [1;31m<err> ads1220: config2 mismatch! 0x10 != 0x00[0m
[00:04:00.136,718] [1;31m<err> ads1220: config2 mismatch! 0x15 != 0x00[0m
[00:04:00.136,871] [1;31m<err> ads1220: config0 mismatch! 0x3C != 0x1C[0m
[00:04:00.136,871] [1;31m<err> analog_axis_hires: Could not setup channel #1 (-5)[0m
[00:04:00.144,653] [1;31m<err> ads1220: config2 mismatch! 0x10 != 0x00[0m
[00:04:00.144,775] [1;31m<err> ads1220: config2 mismatch! 0x15 != 0x00[0m
[00:04:00.144,897] [1;31m<err> ads1220: config0 mismatch! 0x3C != 0x1C[0m
[00:04:00.144,927] [1;31m<err> analog_axis_hires: Could not setup channel #1 (-5)[0m
[00:04:00.152,618] [1;31m<err> ads1220: config2 mismatch! 0x10 != 0x00[0m
[00:04:00.152,770] [1;31m<err> ads1220: config2 mismatch! 0x15 != 0x00[0m
[00:04:00.152,923] [1;31m<err> ads1220: config0 mismatch! 0x3C != 0x1C[0m
[00:04:00.152,923] [1;31m<err> analog_axis_hires: Could not setup channel #1 (-5)[0m
[00:04:00.160,675] [1;31m<err> ads1220: config2 mismatch! 0x10 != 0x00[0m
[00:04:00.160,797] [1;31m<err> ads1220: config2 mismatch! 0x15 != 0x00[0m
[00:04:00.160,949] [1;31m<err> ads1220: config0 mismatch! 0x3C != 0x1C[0m
[00:04:00.160,949] [1;31m<err> analog_axis_hires: Could not setup channel #1 (-5)[0m
[00:04:00.168,731] [1;31m<err> ads1220: config2 mismatch! 0x10 != 0x00[0m
[00:04:00.168,853] [1;31m<err> ads1220: config2 mismatch! 0x15 != 0x00[0m
[00:04:00.168,975] [1;31m<err> ads1220: config0 mismatch! 0x3C != 0x1C[0m
[00:04:00.168,975] [1;31m<err> analog_axis_hires: Could not setup channel #1 (-5)[0m
[00:04:00.176,696] [1;31m<err> ads1220: config2 mismatch! 0x10 != 0x00[0m
[00:04:00.176,849] [1;31m<err> ads1220: config2 mismatch! 0x15 != 0x00[0m
[00:04:00.177,001] [1;31m<err> ads1220: config0 mismatch! 0x3C != 0x1C[0m
[00:04:00.177,001] [1;31m<err> analog_axis_hires: Could not setup channel #1 (-5)[0m
[00:04:00.184,753] [1;31m<err> ads1220: config2 mismatch! 0x10 != 0x00[0m
[00:04:00.184,875] [1;31m<err> ads1220: config2 mismatch! 0x15 != 0x00[0m
[00:04:00.185,028] [1;31m<err> ads1220: config0 mismatch! 0x3C != 0x1C[0m
[00:04:00.185,028] [1;31m<err> analog_axis_hires: Could not setup channel #1 (-5)[0m
[00:04:00.192,810] [1;31m<err> ads1220: config2 mismatch! 0x10 != 0x00[0m
[00:04:00.192,932] [1;31m<err> ads1220: config2 mismatch! 0x15 != 0x00[0m
[00:04:00.193,054] [1;31m<err> ads1220: config0 mismatch! 0x3C != 0x1C[0m
[00:04:00.193,054] [1;31m<err> analog_axis_hires: Could not setup channel #1 (-5)[0m
[00:04:00.200,775] [1;31m<err> ads1220: config2 mismatch! 0x10 != 0x00[0m
[00:04:00.200,927] [1;31m<err> ads1220: config2 mismatch! 0x15 != 0x00[0m
[00:04:00.201,080] [1;31m<err> ads1220: config0 mismatch! 0x3C != 0x1C[0m
[00:04:00.201,080] [1;31m<err> analog_axis_hires: Could not setup channel #1 (-5)[0m
[00:04:00.208,831] [1;31m<err> ads1220: config2 mismatch! 0x10 != 0x00[0m
[00:04:00.208,953] [1;31m<err> ads1220: config2 mismatch! 0x15 != 0x00[0m
[00:04:00.209,106] [1;31m<err> ads1220: config0 mismatch! 0x3C != 0x1C[0m
[00:04:00.209,106] [1;31m<err> analog_axis_hires: Could not setup channel #1 (-5)[0m
[00:04:00.216,888] [1;31m<err> ads1220: config2 mismatch! 0x10 != 0x00[0m
[00:04:00.217,010] [1;31m<err> ads1220: config2 mismatch! 0x15 != 0x00[0m
[00:04:00.217,163] [1;31m<err> ads1220: config0 mismatch! 0x3C != 0x1C[0m
[00:04:00.217,163] [1;31m<err> analog_axis_hires: Could not setup channel #1 (-5)[0m
[00:04:00.224,853] [1;31m<err> ads1220: config2 mismatch! 0x10 != 0x00[0m
[00:04:00.225,006] [1;31m<err> ads1220: config2 mismatch! 0x15 != 0x00[0m
[00:04:00.225,158] [1;31m<err> ads1220: config0 mismatch! 0x3C != 0x1C[0m
[00:04:00.225,158] [1;31m<err> analog_axis_hires: Could not setup channel #1 (-5)[0m
[00:04:00.232,910] [1;31m<err> ads1220: config2 mismatch! 0x10 != 0x00[0m
[00:04:00.233,032] [1;31m<err> ads1220: config2 mismatch! 0x15 != 0x00[0m
[00:04:00.233,184] [1;31m<err> ads1220: config0 mismatch! 0x3C != 0x1C[0m
[00:04:00.233,184] [1;31m<err> analog_axis_hires: Could not setup channel #1 (-5)[0m
[00:04:00.240,966] [1;31m<err> ads1220: config2 mismatch! 0x10 != 0x00[0m
[00:04:00.241,088] [1;31m<err> ads1220: config2 mismatch! 0x15 != 0x00[0m
[00:04:00.241,241] [1;31m<err> ads1220: config0 mismatch! 0x3C != 0x1C[0m
[00:04:00.241,241] [1;31m<err> analog_axis_hires: Could not setup channel #1 (-5)[0m
[00:04:00.248,931] [1;31m<err> ads1220: config2 mismatch! 0x10 != 0x00[0m
[00:04:00.249,084] [1;31m<err> ads1220: config2 mismatch! 0x15 != 0x00[0m
[00:04:00.249,237] [1;31m<err> ads1220: config0 mismatch! 0x3C != 0x1C[0m
[00:04:00.249,237] [1;31m<err> analog_axis_hires: Could not setup channel #1 (-5)[0m
[00:04:00.256,988] [1;31m<err> ads1220: config2 mismatch! 0x10 != 0x00[0m
[00:04:00.257,110] [1;31m<err> ads1220: config2 mismatch! 0x15 != 0x00[0m
[00:04:00.257,263] [1;31m<err> ads1220: config0 mismatch! 0x3C != 0x1C[0m
[00:04:00.257,293] [1;31m<err> analog_axis_hires: Could not setup channel #1 (-5)[0m
[00:04:00.265,014] [1;31m<err> ads1220: config2 mismatch! 0x10 != 0x00[0m
[00:04:00.265,136] [1;31m<err> ads1220: config2 mismatch! 0x15 != 0x00[0m
[00:04:00.265,258] [1;31m<err> ads1220: config0 mismatch! 0x3C != 0x1C[0m
[00:04:00.265,258] [1;31m<err> analog_axis_hires: Could not setup channel #1 (-5)[0m
[00:04:00.273,071] [1;31m<err> ads1220: config2 mismatch! 0x10 != 0x00[0m
[00:04:00.273,223] [1;31m<err> ads1220: config2 mismatch! 0x15 != 0x00[0m
[00:04:00.273,376] [1;31m<err> ads1220: config0 mismatch! 0x3C != 0x1C[0m
[00:04:00.273,376] [1;31m<err> analog_axis_hires: Could not setup channel #1 (-5)[0m
[00:04:00.281,066] [1;31m<err> ads1220: config2 mismatch! 0x10 != 0x00[0m
[00:04:00.281,188] [1;31m<err> ads1220: config2 mismatch! 0x15 != 0x00[0m
[00:04:00.281,341] [1;31m<err> ads1220: config0 mismatch! 0x3C != 0x1C[0m
[00:04:00.281,372] [1;31m<err> analog_axis_hires: Could not setup channel #1 (-5)[0m
[00:04:00.289,123] [1;31m<err> ads1220: config2 mismatch! 0x10 != 0x00[0m
[00:04:00.289,245] [1;31m<err> ads1220: config2 mismatch! 0x15 != 0x00[0m
[00:04:00.289,398] [1;31m<err> ads1220: config0 mismatch! 0x3C != 0x1C[0m
[00:04:00.289,398] [1;31m<err> analog_axis_hires: Could not setup channel #1 (-5)[0m
[00:04:00.297,088] [1;31m<err> ads1220: config2 mismatch! 0x10 != 0x00[0m
[00:04:00.297,241] [1;31m<err> ads1220: config2 mismatch! 0x15 != 0x00[0m
[00:04:00.297,393] [1;31m<err> ads1220: config0 mismatch! 0x3C != 0x1C[0m
[00:04:00.297,393] [1;31m<err> analog_axis_hires: Could not setup channel #1 (-5)[0m
[00:04:00.305,145] [1;31m<err> ads1220: config2 mismatch! 0x10 != 0x00[0m
[00:04:00.305,267] [1;31m<err> ads1220: config2 mismatch! 0x15 != 0x00[0m
[00:04:00.305,419] [1;31m<err> ads1220: config0 mismatch! 0x3C != 0x1C[0m
[00:04:00.305,450] [1;31m<err> analog_axis_hires: Could not setup channel #1 (-5)[0m
[00:04:00.313,201] [1;31m<err> ads1220: config2 mismatch! 0x10 != 0x00[0m
[00:04:00.313,323] [1;31m<err> ads1220: config2 mismatch! 0x15 != 0x00[0m
[00:04:00.313,446] [1;31m<err> ads1220: config0 mismatch! 0x3C != 0x1C[0m
[00:04:00.313,476] [1;31m<err> analog_axis_hires: Could not setup channel #1 (-5)[0m
[00:04:00.321,166] [1;31m<err> ads1220: config2 mismatch! 0x10 != 0x00[0m
[00:04:00.321,319] [1;31m<err> ads1220: config2 mismatch! 0x15 != 0x00[0m
[00:04:00.321,472] [1;31m<err> ads1220: config0 mismatch! 0x3C != 0x1C[0m
[00:04:00.321,472] [1;31m<err> analog_axis_hires: Could not setup channel #1 (-5)[0m
[00:04:00.329,223] [1;31m<err> ads1220: config2 mismatch! 0x10 != 0x00[0m
[00:04:00.329,345] [1;31m<err> ads1220: config2 mismatch! 0x15 != 0x00[0m
[00:04:00.329,498] [1;31m<err> ads1220: config0 mismatch! 0x3C != 0x1C[0m
[00:04:00.329,528] [1;31m<err> analog_axis_hires: Could not setup channel #1 (-5)[0m
[00:04:00.337,280] [1;31m<err> ads1220: config2 mismatch! 0x10 != 0x00[0m
[00:04:00.337,402] [1;31m<err> ads1220: config2 mismatch! 0x15 != 0x00[0m
[00:04:00.337,524] [1;31m<err> ads1220: config0 mismatch! 0x3C != 0x1C[0m
[00:04:00.337,554] [1;31m<err> analog_axis_hires: Could not setup channel #1 (-5)[0m
[00:04:00.345,275] [1;31m<err> ads1220: config2 mismatch! 0x10 != 0x00[0m
[00:04:00.345,428] [1;31m<err> ads1220: config2 mismatch! 0x15 != 0x00[0m
[00:04:00.345,581] [1;31m<err> ads1220: config0 mismatch! 0x3C != 0x1C[0m
[00:04:00.345,581] [1;31m<err> analog_axis_hires: Could not setup channel #1 (-5)[0m
[00:04:00.353,302] [1;31m<err> ads1220: config2 mismatch! 0x10 != 0x00[0m
[00:04:00.353,424] [1;31m<err> ads1220: config2 mismatch! 0x15 != 0x00[0m
[00:04:00.353,576] [1;31m<err> ads1220: config0 mismatch! 0x3C != 0x1C[0m
[00:04:00.353,607] [1;31m<err> analog_axis_hires: Could not setup channel #1 (-5)[0m
[00:04:00.361,358] [1;31m<err> ads1220: config2 mismatch! 0x10 != 0x00[0m
[00:04:00.361,480] [1;31m<err> ads1220: config2 mismatch! 0x15 != 0x00[0m
[00:04:00.361,633] [1;31m<err> ads1220: config0 mismatch! 0x3C != 0x1C[0m
[00:04:00.361,633] [1;31m<err> analog_axis_hires: Could not setup channel #1 (-5)[0m
[00:04:00.369,384] [1;31m<err> ads1220: config2 mismatch! 0x10 != 0x00[0m
[00:04:00.369,506] [1;31m<err> ads1220: config2 mismatch! 0x15 != 0x00[0m
[00:04:00.369,659] [1;31m<err> ads1220: config0 mismatch! 0x3C != 0x1C[0m
[00:04:00.369,689] [1;31m<err> analog_axis_hires: Could not setup channel #1 (-5)[0m
[00:04:00.377,380] [1;31m<err> ads1220: config2 mismatch! 0x10 != 0x00[0m
[00:04:00.377,502] [1;31m<err> ads1220: config2 mismatch! 0x15 != 0x00[0m
[00:04:00.377,655] [1;31m<err> ads1220: config0 mismatch! 0x3C != 0x1C[0m
[00:04:00.377,685] [1;31m<err> analog_axis_hires: Could not setup channel #1 (-5)[0m
[00:04:00.385,437] [1;31m<err> ads1220: config2 mismatch! 0x10 != 0x00[0m
[00:04:00.385,559] [1;31m<err> ads1220: config2 mismatch! 0x15 != 0x00[0m
[00:04:00.385,711] [1;31m<err> ads1220: config0 mismatch! 0x3C != 0x1C[0m
[00:04:00.385,711] [1;31m<err> analog_axis_hires: Could not setup channel #1 (-5)[0m
[00:04:00.393,463] [1;31m<err> ads1220: config2 mismatch! 0x10 != 0x00[0m
[00:04:00.393,615] [1;31m<err> ads1220: config2 mismatch! 0x15 != 0x00[0m
[00:04:00.393,768] [1;31m<err> ads1220: config0 mismatch! 0x3C != 0x1C[0m
[00:04:00.393,768] [1;31m<err> analog_axis_hires: Could not setup channel #1 (-5)[0m
[00:04:00.401,458] [1;31m<err> ads1220: config2 mismatch! 0x10 != 0x00[0m
[00:04:00.401,580] [1;31m<err> ads1220: config2 mismatch! 0x15 != 0x00[0m
[00:04:00.401,733] [1;31m<err> ads1220: config0 mismatch! 0x3C != 0x1C[0m
[00:04:00.401,763] [1;31m<err> analog_axis_hires: Could not setup channel #1 (-5)[0m
[00:04:00.409,515] [1;31m<err> ads1220: config2 mismatch! 0x10 != 0x00[0m
[00:04:00.409,667] [1;31m<err> ads1220: config2 mismatch! 0x15 != 0x00[0m
[00:04:00.409,790] [1;31m<err> ads1220: config0 mismatch! 0x3C != 0x1C[0m
[00:04:00.409,790] [1;31m<err> analog_axis_hires: Could not setup channel #1 (-5)[0m
[00:04:00.417,541] [1;31m<err> ads1220: config2 mismatch! 0x10 != 0x00[0m
[00:04:00.417,694] [1;31m<err> ads1220: config2 mismatch! 0x15 != 0x00[0m
[00:04:00.417,846] [1;31m<err> ads1220: config0 mismatch! 0x3C != 0x1C[0m
[00:04:00.417,846] [1;31m<err> analog_axis_hires: Could not setup channel #1 (-5)[0m
[00:04:00.425,537] [1;31m<err> ads1220: config2 mismatch! 0x10 != 0x00[0m
[00:04:00.425,659] [1;31m<err> ads1220: config2 mismatch! 0x15 != 0x00[0m
[00:04:00.425,811] [1;31m<err> ads1220: config0 mismatch! 0x3C != 0x1C[0m
[00:04:00.425,842] [1;31m<err> analog_axis_hires: Could not setup channel #1 (-5)[0m
[00:04:00.433,593] [1;31m<err> ads1220: config2 mismatch! 0x10 != 0x00[0m
[00:04:00.433,746] [1;31m<err> ads1220: config2 mismatch! 0x15 != 0x00[0m
[00:04:00.433,868] [1;31m<err> ads1220: config0 mismatch! 0x3C != 0x1C[0m
[00:04:00.433,868] [1;31m<err> analog_axis_hires: Could not setup channel #1 (-5)[0m
[00:04:00.441,558] [1;31m<err> ads1220: config2 mismatch! 0x10 != 0x00[0m
[00:04:00.441,711] [1;31m<err> ads1220: config2 mismatch! 0x15 != 0x00[0m
[00:04:00.441,864] [1;31m<err> ads1220: config0 mismatch! 0x3C != 0x1C[0m
[00:04:00.441,864] [1;31m<err> analog_axis_hires: Could not setup channel #1 (-5)[0m
[00:04:00.449,615] [1;31m<err> ads1220: config2 mismatch! 0x10 != 0x00[0m
[00:04:00.449,737] [1;31m<err> ads1220: config2 mismatch! 0x15 != 0x00[0m
[00:04:00.449,890] [1;31m<err> ads1220: config0 mismatch! 0x3C != 0x1C[0m
[00:04:00.449,920] [1;31m<err> analog_axis_hires: Could not setup channel #1 (-5)[0m
[00:04:00.457,672] [1;31m<err> ads1220: config2 mismatch! 0x10 != 0x00[0m
[00:04:00.457,794] [1;31m<err> ads1220: config2 mismatch! 0x15 != 0x00[0m
[00:04:00.457,916] [1;31m<err> ads1220: config0 mismatch! 0x3C != 0x1C[0m
[00:04:00.457,916] [1;31m<err> analog_axis_hires: Could not setup channel #1 (-5)[0m
[00:04:00.465,698] [1;31m<err> ads1220: config2 mismatch! 0x10 != 0x00[0m
[00:04:00.465,850] [1;31m<err> ads1220: config2 mismatch! 0x15 != 0x00[0m
[00:04:00.466,003] [1;31m<err> ads1220: config0 mismatch! 0x3C != 0x1C[0m
[00:04:00.466,003] [1;31m<err> analog_axis_hires: Could not setup channel #1 (-5)[0m
[00:04:00.473,693] [1;31m<err> ads1220: config2 mismatch! 0x10 != 0x00[0m
[00:04:00.473,815] [1;31m<err> ads1220: config2 mismatch! 0x15 != 0x00[0m
[00:04:00.473,968] [1;31m<err> ads1220: config0 mismatch! 0x3C != 0x1C[0m
[00:04:00.473,999] [1;31m<err> analog_axis_hires: Could not setup channel #1 (-5)[0m
[00:04:00.481,750] [1;31m<err> ads1220: config2 mismatch! 0x10 != 0x00[0m
[00:04:00.481,872] [1;31m<err> ads1220: config2 mismatch! 0x15 != 0x00[0m
[00:04:00.482,025] [1;31m<err> ads1220: config0 mismatch! 0x3C != 0x1C[0m
[00:04:00.482,025] [1;31m<err> analog_axis_hires: Could not setup channel #1 (-5)[0m
[00:04:00.489,715] [1;31m<err> ads1220: config2 mismatch! 0x10 != 0x00[0m
[00:04:00.489,868] [1;31m<err> ads1220: config2 mismatch! 0x15 != 0x00[0m
[00:04:00.490,020] [1;31m<err> ads1220: config0 mismatch! 0x3C != 0x1C[0m
[00:04:00.490,020] [1;31m<err> analog_axis_hires: Could not setup channel #1 (-5)[0m
[00:04:00.497,772] [1;31m<err> ads1220: config2 mismatch! 0x10 != 0x00[0m
[00:04:00.497,894] [1;31m<err> ads1220: config2 mismatch! 0x15 != 0x00[0m
[00:04:00.498,046] [1;31m<err> ads1220: config0 mismatch! 0x3C != 0x1C[0m
[00:04:00.498,077] [1;31m<err> analog_axis_hires: Could not setup channel #1 (-5)[0m
[00:04:00.505,828] [1;31m<err> ads1220: config2 mismatch! 0x10 != 0x00[0m
[00:04:00.505,950] [1;31m<err> ads1220: config2 mismatch! 0x15 != 0x00[0m
[00:04:00.506,072] [1;31m<err> ads1220: config0 mismatch! 0x3C != 0x1C[0m
[00:04:00.506,072] [1;31m<err> analog_axis_hires: Could not setup channel #1 (-5)[0m
[00:04:00.513,793] [1;31m<err> ads1220: config2 mismatch! 0x10 != 0x00[0m
[00:04:00.513,946] [1;31m<err> ads1220: config2 mismatch! 0x15 != 0x00[0m
[00:04:00.514,099] [1;31m<err> ads1220: config0 mismatch! 0x3C != 0x1C[0m
[00:04:00.514,099] [1;31m<err> analog_axis_hires: Could not setup channel #1 (-5)[0m
[00:04:00.521,850] [1;31m<err> ads1220: config2 mismatch! 0x10 != 0x00[0m
[00:04:00.521,972] [1;31m<err> ads1220: config2 mismatch! 0x15 != 0x00[0m
[00:04:00.522,125] [1;31m<err> ads1220: config0 mismatch! 0x3C != 0x1C[0m
[00:04:00.522,155] [1;31m<err> analog_axis_hires: Could not setup channel #1 (-5)[0m
[00:04:00.529,907] [1;31m<err> ads1220: config2 mismatch! 0x10 != 0x00[0m
[00:04:00.530,029] [1;31m<err> ads1220: config2 mismatch! 0x15 != 0x00[0m
[00:04:00.530,181] [1;31m<err> ads1220: config0 mismatch! 0x3C != 0x1C[0m
[00:04:00.530,181] [1;31m<err> analog_axis_hires: Could not setup channel #1 (-5)[0m
[00:04:00.537,933] [1;31m<err> ads1220: config2 mismatch! 0x10 != 0x00[0m
[00:04:00.538,085] [1;31m<err> ads1220: config2 mismatch! 0x15 != 0x00[0m
[00:04:00.538,238] [1;31m<err> ads1220: config0 mismatch! 0x3C != 0x1C[0m
[00:04:00.538,238] [1;31m<err> analog_axis_hires: Could not setup channel #1 (-5)[0m
[00:04:00.545,928] [1;31m<err> ads1220: config2 mismatch! 0x10 != 0x00[0m
[00:04:00.546,051] [1;31m<err> ads1220: config2 mismatch! 0x15 != 0x00[0m
[00:04:00.546,203] [1;31m<err> ads1220: config0 mismatch! 0x3C != 0x1C[0m
[00:04:00.546,234] [1;31m<err> analog_axis_hires: Could not setup channel #1 (-5)[0m
[00:04:00.553,985] [1;31m<err> ads1220: config2 mismatch! 0x10 != 0x00[0m
[00:04:00.554,138] [1;31m<err> ads1220: config2 mismatch! 0x15 != 0x00[0m
[00:04:00.554,260] [1;31m<err> ads1220: config0 mismatch! 0x3C != 0x1C[0m
[00:04:00.554,260] [1;31m<err> analog_axis_hires: Could not setup channel #1 (-5)[0m
[00:04:00.561,950] [1;31m<err> ads1220: config2 mismatch! 0x10 != 0x00[0m
[00:04:00.562,103] [1;31m<err> ads1220: config2 mismatch! 0x15 != 0x00[0m
[00:04:00.562,255] [1;31m<err> ads1220: config0 mismatch! 0x3C != 0x1C[0m
[00:04:00.562,255] [1;31m<err> analog_axis_hires: Could not setup channel #1 (-5)[0m
[00:04:00.570,007] [1;31m<err> ads1220: config2 mismatch! 0x10 != 0x00[0m
[00:04:00.570,129] [1;31m<err> ads1220: config2 mismatch! 0x15 != 0x00[0m
[00:04:00.570,281] [1;31m<err> ads1220: config0 mismatch! 0x3C != 0x1C[0m
[00:04:00.570,312] [1;31m<err> analog_axis_hires: Could not setup channel #1 (-5)[0m
[00:04:00.578,063] [1;31m<err> ads1220: config2 mismatch! 0x10 != 0x00[0m
[00:04:00.578,186] [1;31m<err> ads1220: config2 mismatch! 0x15 != 0x00[0m
[00:04:00.578,338] [1;31m<err> ads1220: config0 mismatch! 0x3C != 0x1C[0m
[00:04:00.578,338] [1;31m<err> analog_axis_hires: Could not setup channel #1 (-5)[0m
[00:04:00.586,029] [1;31m<err> ads1220: config2 mismatch! 0x10 != 0x00[0m
[00:04:00.586,181] [1;31m<err> ads1220: config2 mismatch! 0x15 != 0x00[0m
[00:04:00.586,334] [1;31m<err> ads1220: config0 mismatch! 0x3C != 0x1C[0m
[00:04:00.586,334] [1;31m<err> analog_axis_hires: Could not setup channel #1 (-5)[0m
[00:04:00.594,085] [1;31m<err> ads1220: config2 mismatch! 0x10 != 0x00[0m
[00:04:00.594,207] [1;31m<err> ads1220: config2 mismatch! 0x15 != 0x00[0m
[00:04:00.594,360] [1;31m<err> ads1220: config0 mismatch! 0x3C != 0x1C[0m
[00:04:00.594,390] [1;31m<err> analog_axis_hires: Could not setup channel #1 (-5)[0m
[00:04:00.602,111] [1;31m<err> ads1220: config2 mismatch! 0x10 != 0x00[0m
[00:04:00.602,233] [1;31m<err> ads1220: config2 mismatch! 0x15 != 0x00[0m
[00:04:00.602,386] [1;31m<err> ads1220: config0 mismatch! 0x3C != 0x1C[0m
[00:04:00.602,386] [1;31m<err> analog_axis_hires: Could not setup channel #1 (-5)[0m
[00:04:00.610,168] [1;31m<err> ads1220: config2 mismatch! 0x10 != 0x00[0m
[00:04:00.610,321] [1;31m<err> ads1220: config2 mismatch! 0x15 != 0x00[0m
[00:04:00.610,473] [1;31m<err> ads1220: config0 mismatch! 0x3C != 0x1C[0m
[00:04:00.610,473] [1;31m<err> analog_axis_hires: Could not setup channel #1 (-5)[0m
[00:04:00.618,164] [1;31m<err> ads1220: config2 mismatch! 0x10 != 0x00[0m
[00:04:00.618,286] [1;31m<err> ads1220: config2 mismatch! 0x15 != 0x00[0m
[00:04:00.618,438] [1;31m<err> ads1220: config0 mismatch! 0x3C != 0x1C[0m
[00:04:00.618,469] [1;31m<err> analog_axis_hires: Could not setup channel #1 (-5)[0m
[00:04:00.626,220] [1;31m<err> ads1220: config2 mismatch! 0x10 != 0x00[0m
[00:04:00.626,342] [1;31m<err> ads1220: config2 mismatch! 0x15 != 0x00[0m
[00:04:00.626,495] [1;31m<err> ads1220: config0 mismatch! 0x3C != 0x1C[0m
[00:04:00.626,495] [1;31m<err> analog_axis_hires: Could not setup channel #1 (-5)[0m
[00:04:00.634,246] [1;31m<err> ads1220: config2 mismatch! 0x10 != 0x00[0m
[00:04:00.634,399] [1;31m<err> ads1220: config2 mismatch! 0x15 != 0x00[0m
[00:04:00.634,552] [1;31m<err> ads1220: config0 mismatch! 0x3C != 0x1C[0m
[00:04:00.634,552] [1;31m<err> analog_axis_hires: Could not setup channel #1 (-5)[0m
[00:04:00.642,242] [1;31m<err> ads1220: config2 mismatch! 0x10 != 0x00[0m
[00:04:00.642,364] [1;31m<err> ads1220: config2 mismatch! 0x15 != 0x00[0m
[00:04:00.642,517] [1;31m<err> ads1220: config0 mismatch! 0x3C != 0x1C[0m
[00:04:00.642,547] [1;31m<err> analog_axis_hires: Could not setup channel #1 (-5)[0m
[00:04:00.650,329] [1;31m<err> ads1220: config2 mismatch! 0x10 != 0x00[0m
[00:04:00.650,451] [1;31m<err> ads1220: config2 mismatch! 0x15 != 0x00[0m
[00:04:00.650,573] [1;31m<err> ads1220: config0 mismatch! 0x3C != 0x1C[0m
[00:04:00.650,604] [1;31m<err> analog_axis_hires: Could not setup channel #1 (-5)[0m
[00:04:00.658,294] [1;31m<err> ads1220: config2 mismatch! 0x10 != 0x00[0m
[00:04:00.658,447] [1;31m<err> ads1220: config2 mismatch! 0x15 != 0x00[0m
[00:04:00.658,599] [1;31m<err> ads1220: config0 mismatch! 0x3C != 0x1C[0m
[00:04:00.658,599] [1;31m<err> analog_axis_hires: Could not setup channel #1 (-5)[0m
[00:04:00.666,320] [1;31m<err> ads1220: config2 mismatch! 0x10 != 0x00[0m
[00:04:00.666,442] [1;31m<err> ads1220: config2 mismatch! 0x15 != 0x00[0m
[00:04:00.666,595] [1;31m<err> ads1220: config0 mismatch! 0x3C != 0x1C[0m
[00:04:00.666,625] [1;31m<err> analog_axis_hires: Could not setup channel #1 (-5)[0m
[00:04:00.674,377] [1;31m<err> ads1220: config2 mismatch! 0x10 != 0x00[0m
[00:04:00.674,499] [1;31m<err> ads1220: config2 mismatch! 0x15 != 0x00[0m
[00:04:00.674,621] [1;31m<err> ads1220: config0 mismatch! 0x3C != 0x1C[0m
[00:04:00.674,652] [1;31m<err> analog_axis_hires: Could not setup channel #1 (-5)[0m
[00:04:00.682,373] [1;31m<err> ads1220: config2 mismatch! 0x10 != 0x00[0m
[00:04:00.682,525] [1;31m<err> ads1220: config2 mismatch! 0x15 != 0x00[0m
[00:04:00.682,678] [1;31m<err> ads1220: config0 mismatch! 0x3C != 0x1C[0m
[00:04:00.682,678] [1;31m<err> analog_axis_hires: Could not setup channel #1 (-5)[0m
[00:04:00.690,399] [1;31m<err> ads1220: config2 mismatch! 0x10 != 0x00[0m
[00:04:00.690,521] [1;31m<err> ads1220: config2 mismatch! 0x15 != 0x00[0m
[00:04:00.690,673] [1;31m<err> ads1220: config0 mismatch! 0x3C != 0x1C[0m
[00:04:00.690,704] [1;31m<err> analog_axis_hires: Could not setup channel #1 (-5)[0m
[00:04:00.698,455] [1;31m<err> ads1220: config2 mismatch! 0x10 != 0x00[0m
[00:04:00.698,577] [1;31m<err> ads1220: config2 mismatch! 0x15 != 0x00[0m
[00:04:00.698,730] [1;31m<err> ads1220: config0 mismatch! 0x3C != 0x1C[0m
[00:04:00.698,730] [1;31m<err> analog_axis_hires: Could not setup channel #1 (-5)[0m
[00:04:00.706,420] [1;31m<err> ads1220: config2 mismatch! 0x10 != 0x00[0m
[00:04:00.706,573] [1;31m<err> ads1220: config2 mismatch! 0x15 != 0x00[0m
[00:04:00.706,726] [1;31m<err> ads1220: config0 mismatch! 0x3C != 0x1C[0m
[00:04:00.706,726] [1;31m<err> analog_axis_hires: Could not setup channel #1 (-5)[0m
[00:04:00.714,477] [1;31m<err> ads1220: config2 mismatch! 0x10 != 0x00[0m
[00:04:00.714,599] [1;31m<err> ads1220: config2 mismatch! 0x15 != 0x00[0m
[00:04:00.714,752] [1;31m<err> ads1220: config0 mismatch! 0x3C != 0x1C[0m
[00:04:00.714,782] [1;31m<err> analog_axis_hires: Could not setup channel #1 (-5)[0m
[00:04:00.722,534] [1;31m<err> ads1220: config2 mismatch! 0x10 != 0x00[0m
[00:04:00.722,656] [1;31m<err> ads1220: config2 mismatch! 0x15 != 0x00[0m
[00:04:00.722,778] [1;31m<err> ads1220: config0 mismatch! 0x3C != 0x1C[0m
[00:04:00.722,778] [1;31m<err> analog_axis_hires: Could not setup channel #1 (-5)[0m
[00:04:00.730,499] [1;31m<err> ads1220: config2 mismatch! 0x10 != 0x00[0m
[00:04:00.730,651] [1;31m<err> ads1220: config2 mismatch! 0x15 != 0x00[0m
[00:04:00.730,804] [1;31m<err> ads1220: config0 mismatch! 0x3C != 0x1C[0m
[00:04:00.730,804] [1;31m<err> analog_axis_hires: Could not setup channel #1 (-5)[0m
[00:04:00.738,555] [1;31m<err> ads1220: config2 mismatch! 0x10 != 0x00[0m
[00:04:00.738,677] [1;31m<err> ads1220: config2 mismatch! 0x15 != 0x00[0m
[00:04:00.738,830] [1;31m<err> ads1220: config0 mismatch! 0x3C != 0x1C[0m
[00:04:00.738,861] [1;31m<err> analog_axis_hires: Could not setup channel #1 (-5)[0m
[00:04:00.746,612] [1;31m<err> ads1220: config2 mismatch! 0x10 != 0x00[0m
[00:04:00.746,734] [1;31m<err> ads1220: config2 mismatch! 0x15 != 0x00[0m
[00:04:00.746,856] [1;31m<err> ads1220: config0 mismatch! 0x3C != 0x1C[0m
[00:04:00.746,856] [1;31m<err> analog_axis_hires: Could not setup channel #1 (-5)[0m
[00:04:00.754,577] [1;31m<err> ads1220: config2 mismatch! 0x10 != 0x00[0m
[00:04:00.754,730] [1;31m<err> ads1220: config2 mismatch! 0x15 != 0x00[0m
[00:04:00.754,882] [1;31m<err> ads1220: config0 mismatch! 0x3C != 0x1C[0m
[00:04:00.754,882] [1;31m<err> analog_axis_hires: Could not setup channel #1 (-5)[0m
[00:04:00.762,634] [1;31m<err> ads1220: config2 mismatch! 0x10 != 0x00[0m
[00:04:00.762,756] [1;31m<err> ads1220: config2 mismatch! 0x15 != 0x00[0m
[00:04:00.762,908] [1;31m<err> ads1220: config0 mismatch! 0x3C != 0x1C[0m
[00:04:00.762,939] [1;31m<err> analog_axis_hires: Could not setup channel #1 (-5)[0m
[00:04:00.770,690] [1;31m<err> ads1220: config2 mismatch! 0x10 != 0x00[0m
[00:04:00.770,812] [1;31m<err> ads1220: config2 mismatch! 0x15 != 0x00[0m
[00:04:00.770,935] [1;31m<err> ads1220: config0 mismatch! 0x3C != 0x1C[0m
[00:04:00.770,935] [1;31m<err> analog_axis_hires: Could not setup channel #1 (-5)[0m
[00:04:00.778,717] [1;31m<err> ads1220: config2 mismatch! 0x10 != 0x00[0m
[00:04:00.778,869] [1;31m<err> ads1220: config2 mismatch! 0x15 != 0x00[0m
[00:04:00.779,022] [1;31m<err> ads1220: config0 mismatch! 0x3C != 0x1C[0m
[00:04:00.779,022] [1;31m<err> analog_axis_hires: Could not setup channel #1 (-5)[0m
[00:04:00.786,712] [1;31m<err> ads1220: config2 mismatch! 0x10 != 0x00[0m
[00:04:00.786,834] [1;31m<err> ads1220: config2 mismatch! 0x15 != 0x00[0m
[00:04:00.786,987] [1;31m<err> ads1220: config0 mismatch! 0x3C != 0x1C[0m
[00:04:00.787,017] [1;31m<err> analog_axis_hires: Could not setup channel #1 (-5)[0m
[00:04:00.794,769] [1;31m<err> ads1220: config2 mismatch! 0x10 != 0x00[0m
[00:04:00.794,891] [1;31m<err> ads1220: config2 mismatch! 0x15 != 0x00[0m
[00:04:00.795,043] [1;31m<err> ads1220: config0 mismatch! 0x3C != 0x1C[0m
[00:04:00.795,043] [1;31m<err> analog_axis_hires: Could not setup channel #1 (-5)[0m
[00:04:00.802,764] [1;31m<err> ads1220: config2 mismatch! 0x10 != 0x00[0m
[00:04:00.802,917] [1;31m<err> ads1220: config2 mismatch! 0x15 != 0x00[0m
[00:04:00.803,070] [1;31m<err> ads1220: config0 mismatch! 0x3C != 0x1C[0m
[00:04:00.803,070] [1;31m<err> analog_axis_hires: Could not setup channel #1 (-5)[0m
[00:04:00.810,791] [1;31m<err> ads1220: config2 mismatch! 0x10 != 0x00[0m
[00:04:00.810,913] [1;31m<err> ads1220: config2 mismatch! 0x15 != 0x00[0m
[00:04:00.811,065] [1;31m<err> ads1220: config0 mismatch! 0x3C != 0x1C[0m
[00:04:00.811,096] [1;31m<err> analog_axis_hires: Could not setup channel #1 (-5)[0m
[00:04:00.818,847] [1;31m<err> ads1220: config2 mismatch! 0x10 != 0x00[0m
[00:04:00.818,969] [1;31m<err> ads1220: config2 mismatch! 0x15 != 0x00[0m
[00:04:00.819,122] [1;31m<err> ads1220: config0 mismatch! 0x3C != 0x1C[0m
[00:04:00.819,122] [1;31m<err> analog_axis_hires: Could not setup channel #1 (-5)[0m
[00:04:00.826,812] [1;31m<err> ads1220: config2 mismatch! 0x10 != 0x00[0m
[00:04:00.826,965] [1;31m<err> ads1220: config2 mismatch! 0x15 != 0x00[0m
[00:04:00.827,117] [1;31m<err> ads1220: config0 mismatch! 0x3C != 0x1C[0m
[00:04:00.827,117] [1;31m<err> analog_axis_hires: Could not setup channel #1 (-5)[0m
[00:04:00.834,869] [1;31m<err> ads1220: config2 mismatch! 0x10 != 0x00[0m
[00:04:00.834,991] [1;31m<err> ads1220: config2 mismatch! 0x15 != 0x00[0m
[00:04:00.835,144] [1;31m<err> ads1220: config0 mismatch! 0x3C != 0x1C[0m
[00:04:00.835,174] [1;31m<err> analog_axis_hires: Could not setup channel #1 (-5)[0m
[00:04:00.842,926] [1;31m<err> ads1220: config2 mismatch! 0x10 != 0x00[0m
[00:04:00.843,048] [1;31m<err> ads1220: config2 mismatch! 0x15 != 0x00[0m
[00:04:00.843,170] [1;31m<err> ads1220: config0 mismatch! 0x3C != 0x1C[0m
[00:04:00.843,200] [1;31m<err> analog_axis_hires: Could not setup channel #1 (-5)[0m
[00:04:00.850,891] [1;31m<err> ads1220: config2 mismatch! 0x10 != 0x00[0m
[00:04:00.851,043] [1;31m<err> ads1220: config2 mismatch! 0x15 != 0x00[0m
[00:04:00.851,196] [1;31m<err> ads1220: config0 mismatch! 0x3C != 0x1C[0m
[00:04:00.851,196] [1;31m<err> analog_axis_hires: Could not setup channel #1 (-5)[0m
[00:04:00.858,947] [1;31m<err> ads1220: config2 mismatch! 0x10 != 0x00[0m
[00:04:00.859,069] [1;31m<err> ads1220: config2 mismatch! 0x15 != 0x00[0m
[00:04:00.859,222] [1;31m<err> ads1220: config0 mismatch! 0x3C != 0x1C[0m
[00:04:00.859,252] [1;31m<err> analog_axis_hires: Could not setup channel #1 (-5)[0m
[00:04:00.867,004] [1;31m<err> ads1220: config2 mismatch! 0x10 != 0x00[0m
[00:04:00.867,126] [1;31m<err> ads1220: config2 mismatch! 0x15 != 0x00[0m
[00:04:00.867,248] [1;31m<err> ads1220: config0 mismatch! 0x3C != 0x1C[0m
[00:04:00.867,279] [1;31m<err> analog_axis_hires: Could not setup channel #1 (-5)[0m
[00:04:00.874,969] [1;31m<err> ads1220: config2 mismatch! 0x10 != 0x00[0m
[00:04:00.875,122] [1;31m<err> ads1220: config2 mismatch! 0x15 != 0x00[0m
[00:04:00.875,274] [1;31m<err> ads1220: config0 mismatch! 0x3C != 0x1C[0m
[00:04:00.875,274] [1;31m<err> analog_axis_hires: Could not setup channel #1 (-5)[0m
[00:04:00.883,026] [1;31m<err> ads1220: config2 mismatch! 0x10 != 0x00[0m
[00:04:00.883,148] [1;31m<err> ads1220: config2 mismatch! 0x15 != 0x00[0m
[00:04:00.883,300] [1;31m<err> ads1220: config0 mismatch! 0x3C != 0x1C[0m
[00:04:00.883,331] [1;31m<err> analog_axis_hires: Could not setup channel #1 (-5)[0m
[00:04:00.891,082] [1;31m<err> ads1220: config2 mismatch! 0x10 != 0x00[0m
[00:04:00.891,204] [1;31m<err> ads1220: config2 mismatch! 0x15 != 0x00[0m
[00:04:00.891,326] [1;31m<err> ads1220: config0 mismatch! 0x3C != 0x1C[0m
[00:04:00.891,357] [1;31m<err> analog_axis_hires: Could not setup channel #1 (-5)[0m
[00:04:00.899,047] [1;31m<err> ads1220: config2 mismatch! 0x10 != 0x00[0m
[00:04:00.899,200] [1;31m<err> ads1220: config2 mismatch! 0x15 != 0x00[0m
[00:04:00.899,353] [1;31m<err> ads1220: config0 mismatch! 0x3C != 0x1C[0m
[00:04:00.899,353] [1;31m<err> analog_axis_hires: Could not setup channel #1 (-5)[0m
[00:04:00.907,104] [1;31m<err> ads1220: config2 mismatch! 0x10 != 0x00[0m
[00:04:00.907,226] [1;31m<err> ads1220: config2 mismatch! 0x15 != 0x00[0m
[00:04:00.907,379] [1;31m<err> ads1220: config0 mismatch! 0x3C != 0x1C[0m
[00:04:00.907,409] [1;31m<err> analog_axis_hires: Could not setup channel #1 (-5)[0m
[00:04:00.915,161] [1;31m<err> ads1220: config2 mismatch! 0x10 != 0x00[0m
[00:04:00.915,283] [1;31m<err> ads1220: config2 mismatch! 0x15 != 0x00[0m
[00:04:00.915,405] [1;31m<err> ads1220: config0 mismatch! 0x3C != 0x1C[0m
[00:04:00.915,435] [1;31m<err> analog_axis_hires: Could not setup channel #1 (-5)[0m
[00:04:00.923,126] [1;31m<err> ads1220: config2 mismatch! 0x10 != 0x00[0m
[00:04:00.923,278] [1;31m<err> ads1220: config2 mismatch! 0x15 != 0x00[0m
[00:04:00.923,431] [1;31m<err> ads1220: config0 mismatch! 0x3C != 0x1C[0m
[00:04:00.923,431] [1;31m<err> analog_axis_hires: Could not setup channel #1 (-5)[0m
[00:04:00.931,182] [1;31m<err> ads1220: config2 mismatch! 0x10 != 0x00[0m
[00:04:00.931,304] [1;31m<err> ads1220: config2 mismatch! 0x15 != 0x00[0m
[00:04:00.931,457] [1;31m<err> ads1220: config0 mismatch! 0x3C != 0x1C[0m
[00:04:00.931,488] [1;31m<err> analog_axis_hires: Could not setup channel #1 (-5)[0m
[00:04:00.939,239] [1;31m<err> ads1220: config2 mismatch! 0x10 != 0x00[0m
[00:04:00.939,361] [1;31m<err> ads1220: config2 mismatch! 0x15 != 0x00[0m
[00:04:00.939,483] [1;31m<err> ads1220: config0 mismatch! 0x3C != 0x1C[0m
[00:04:00.939,514] [1;31m<err> analog_axis_hires: Could not setup channel #1 (-5)[0m
[00:04:00.947,204] [1;31m<err> ads1220: config2 mismatch! 0x10 != 0x00[0m
[00:04:00.947,357] [1;31m<err> ads1220: config2 mismatch! 0x15 != 0x00[0m
[00:04:00.947,509] [1;31m<err> ads1220: config0 mismatch! 0x3C != 0x1C[0m
[00:04:00.947,509] [1;31m<err> analog_axis_hires: Could not setup channel #1 (-5)[0m
[00:04:00.955,261] [1;31m<err> ads1220: config2 mismatch! 0x10 != 0x00[0m
[00:04:00.955,383] [1;31m<err> ads1220: config2 mismatch! 0x15 != 0x00[0m
[00:04:00.955,535] [1;31m<err> ads1220: config0 mismatch! 0x3C != 0x1C[0m
[00:04:00.955,566] [1;31m<err> analog_axis_hires: Could not setup channel #1 (-5)[0m
[00:04:00.963,317] [1;31m<err> ads1220: config2 mismatch! 0x10 != 0x00[0m
[00:04:00.963,439] [1;31m<err> ads1220: config2 mismatch! 0x15 != 0x00[0m
[00:04:00.963,562] [1;31m<err> ads1220: config0 mismatch! 0x3C != 0x1C[0m
[00:04:00.963,562] [1;31m<err> analog_axis_hires: Could not setup channel #1 (-5)[0m
[00:04:00.971,313] [1;31m<err> ads1220: config2 mismatch! 0x10 != 0x00[0m
[00:04:00.971,466] [1;31m<err> ads1220: config2 mismatch! 0x15 != 0x00[0m
[00:04:00.971,618] [1;31m<err> ads1220: config0 mismatch! 0x3C != 0x1C[0m
[00:04:00.971,618] [1;31m<err> analog_axis_hires: Could not setup channel #1 (-5)[0m
[00:04:00.979,339] [1;31m<err> ads1220: config2 mismatch! 0x10 != 0x00[0m
[00:04:00.979,461] [1;31m<err> ads1220: config2 mismatch! 0x15 != 0x00[0m
[00:04:00.979,614] [1;31m<err> ads1220: config0 mismatch! 0x3C != 0x1C[0m
[00:04:00.979,644] [1;31m<err> analog_axis_hires: Could not setup channel #1 (-5)[0m
[00:04:00.987,396] [1;31m<err> ads1220: config2 mismatch! 0x10 != 0x00[0m
[00:04:00.987,518] [1;31m<err> ads1220: config2 mismatch! 0x15 != 0x00[0m
[00:04:00.987,640] [1;31m<err> ads1220: config0 mismatch! 0x3C != 0x1C[0m
[00:04:00.987,670] [1;31m<err> analog_axis_hires: Could not setup channel #1 (-5)[0m
[00:04:00.995,361] [1;31m<err> ads1220: config2 mismatch! 0x10 != 0x00[0m
[00:04:00.995,513] [1;31m<err> ads1220: config2 mismatch! 0x15 != 0x00[0m
[00:04:00.995,666] [1;31m<err> ads1220: config0 mismatch! 0x3C != 0x1C[0m
[00:04:00.995,666] [1;31m<err> analog_axis_hires: Could not setup channel #1 (-5)[0m
[00:04:01.003,417] [1;31m<err> ads1220: config2 mismatch! 0x10 != 0x00[0m
[00:04:01.003,540] [1;31m<err> ads1220: config2 mismatch! 0x15 != 0x00[0m
[00:04:01.003,692] [1;31m<err> ads1220: config0 mismatch! 0x3C != 0x1C[0m
[00:04:01.003,723] [1;31m<err> analog_axis_hires: Could not setup channel #1 (-5)[0m
[00:04:01.011,444] [1;31m<err> ads1220: config2 mismatch! 0x10 != 0x00[0m
[00:04:01.011,596] [1;31m<err> ads1220: config2 mismatch! 0x15 != 0x00[0m
[00:04:01.011,718] [1;31m<err> ads1220: config0 mismatch! 0x3C != 0x1C[0m
[00:04:01.011,718] [1;31m<err> analog_axis_hires: Could not setup channel #1 (-5)[0m
[00:04:01.019,439] [1;31m<err> ads1220: config2 mismatch! 0x10 != 0x00[0m
[00:04:01.019,592] [1;31m<err> ads1220: config2 mismatch! 0x15 != 0x00[0m
[00:04:01.019,744] [1;31m<err> ads1220: config0 mismatch! 0x3C != 0x1C[0m
[00:04:01.019,744] [1;31m<err> analog_axis_hires: Could not setup channel #1 (-5)[0m
[00:04:01.027,496] [1;31m<err> ads1220: config2 mismatch! 0x10 != 0x00[0m
[00:04:01.027,618] [1;31m<err> ads1220: config2 mismatch! 0x15 != 0x00[0m
[00:04:01.027,770] [1;31m<err> ads1220: config0 mismatch! 0x3C != 0x1C[0m
[00:04:01.027,801] [1;31m<err> analog_axis_hires: Could not setup channel #1 (-5)[0m
[00:04:01.035,552] [1;31m<err> ads1220: config2 mismatch! 0x10 != 0x00[0m
[00:04:01.035,675] [1;31m<err> ads1220: config2 mismatch! 0x15 != 0x00[0m
[00:04:01.035,797] [1;31m<err> ads1220: config0 mismatch! 0x3C != 0x1C[0m
[00:04:01.035,797] [1;31m<err> analog_axis_hires: Could not setup channel #1 (-5)[0m
[00:04:01.043,518] [1;31m<err> ads1220: config2 mismatch! 0x10 != 0x00[0m
[00:04:01.043,670] [1;31m<err> ads1220: config2 mismatch! 0x15 != 0x00[0m
[00:04:01.043,823] [1;31m<err> ads1220: config0 mismatch! 0x3C != 0x1C[0m
[00:04:01.043,823] [1;31m<err> analog_axis_hires: Could not setup channel #1 (-5)[0m
[00:04:01.051,574] [1;31m<err> ads1220: config2 mismatch! 0x10 != 0x00[0m
[00:04:01.051,696] [1;31m<err> ads1220: config2 mismatch! 0x15 != 0x00[0m
[00:04:01.051,849] [1;31m<err> ads1220: config0 mismatch! 0x3C != 0x1C[0m
[00:04:01.051,879] [1;31m<err> analog_axis_hires: Could not setup channel #1 (-5)[0m
[00:04:01.059,600] [1;31m<err> ads1220: config2 mismatch! 0x10 != 0x00[0m
[00:04:01.059,753] [1;31m<err> ads1220: config2 mismatch! 0x15 != 0x00[0m
[00:04:01.059,875] [1;31m<err> ads1220: config0 mismatch! 0x3C != 0x1C[0m
[00:04:01.059,875] [1;31m<err> analog_axis_hires: Could not setup channel #1 (-5)[0m
[00:04:01.067,596] [1;31m<err> ads1220: config2 mismatch! 0x10 != 0x00[0m
[00:04:01.067,749] [1;31m<err> ads1220: config2 mismatch! 0x15 != 0x00[0m
[00:04:01.067,901] [1;31m<err> ads1220: config0 mismatch! 0x3C != 0x1C[0m
[00:04:01.067,901] [1;31m<err> analog_axis_hires: Could not setup channel #1 (-5)[0m
[00:04:01.075,653] [1;31m<err> ads1220: config2 mismatch! 0x10 != 0x00[0m
[00:04:01.075,775] [1;31m<err> ads1220: config2 mismatch! 0x15 != 0x00[0m
[00:04:01.075,927] [1;31m<err> ads1220: config0 mismatch! 0x3C != 0x1C[0m
[00:04:01.075,927] [1;31m<err> analog_axis_hires: Could not setup channel #1 (-5)[0m
[00:04:01.083,679] [1;31m<err> ads1220: config2 mismatch! 0x10 != 0x00[0m
[00:04:01.083,831] [1;31m<err> ads1220: config2 mismatch! 0x15 != 0x00[0m
[00:04:01.083,953] [1;31m<err> ads1220: config0 mismatch! 0x3C != 0x1C[0m
[00:04:01.083,953] [1;31m<err> analog_axis_hires: Could not setup channel #1 (-5)[0m
[00:04:01.091,674] [1;31m<err> ads1220: config2 mismatch! 0x10 != 0x00[0m
[00:04:01.091,827] [1;31m<err> ads1220: config2 mismatch! 0x15 != 0x00[0m
[00:04:01.091,979] [1;31m<err> ads1220: config0 mismatch! 0x3C != 0x1C[0m
[00:04:01.091,979] [1;31m<err> analog_axis_hires: Could not setup channel #1 (-5)[0m
[00:04:01.099,731] [1;31m<err> ads1220: config2 mismatch! 0x10 != 0x00[0m
[00:04:01.099,853] [1;31m<err> ads1220: config2 mismatch! 0x15 != 0x00[0m
[00:04:01.100,006] [1;31m<err> ads1220: config0 mismatch! 0x3C != 0x1C[0m
[00:04:01.100,006] [1;31m<err> analog_axis_hires: Could not setup channel #1 (-5)[0m
[00:04:01.107,757] [1;31m<err> ads1220: config2 mismatch! 0x10 != 0x00[0m
[00:04:01.107,879] [1;31m<err> ads1220: config2 mismatch! 0x15 != 0x00[0m
[00:04:01.108,032] [1;31m<err> ads1220: config0 mismatch! 0x3C != 0x1C[0m
[00:04:01.108,032] [1;31m<err> analog_axis_hires: Could not setup channel #1 (-5)[0m
[00:04:01.115,753] [1;31m<err> ads1220: config2 mismatch! 0x10 != 0x00[0m
[00:04:01.115,905] [1;31m<err> ads1220: config2 mismatch! 0x15 != 0x00[0m
[00:04:01.116,058] [1;31m<err> ads1220: config0 mismatch! 0x3C != 0x1C[0m
[00:04:01.116,058] [1;31m<err> analog_axis_hires: Could not setup channel #1 (-5)[0m
[00:04:01.123,809] [1;31m<err> ads1220: config2 mismatch! 0x10 != 0x00[0m
[00:04:01.123,931] [1;31m<err> ads1220: config2 mismatch! 0x15 != 0x00[0m
[00:04:01.124,084] [1;31m<err> ads1220: config0 mismatch! 0x3C != 0x1C[0m
[00:04:01.124,084] [1;31m<err> analog_axis_hires: Could not setup channel #1 (-5)[0m
[00:04:01.131,866] [1;31m<err> ads1220: config2 mismatch! 0x10 != 0x00[0m
[00:04:01.131,988] [1;31m<err> ads1220: config2 mismatch! 0x15 != 0x00[0m
[00:04:01.132,110] [1;31m<err> ads1220: config0 mismatch! 0x3C != 0x1C[0m
[00:04:01.132,141] [1;31m<err> analog_axis_hires: Could not setup channel #1 (-5)[0m
[00:04:01.139,831] [1;31m<err> ads1220: config2 mismatch! 0x10 != 0x00[0m
[00:04:01.139,984] [1;31m<err> ads1220: config2 mismatch! 0x15 != 0x00[0m
[00:04:01.140,136] [1;31m<err> ads1220: config0 mismatch! 0x3C != 0x1C[0m
[00:04:01.140,136] [1;31m<err> analog_axis_hires: Could not setup channel #1 (-5)[0m
[00:04:01.147,888] [1;31m<err> ads1220: config2 mismatch! 0x10 != 0x00[0m
[00:04:01.148,010] [1;31m<err> ads1220: config2 mismatch! 0x15 != 0x00[0m
[00:04:01.148,162] [1;31m<err> ads1220: config0 mismatch! 0x3C != 0x1C[0m
[00:04:01.148,162] [1;31m<err> analog_axis_hires: Could not setup channel #1 (-5)[0m
[00:04:01.155,944] [1;31m<err> ads1220: config2 mismatch! 0x10 != 0x00[0m
[00:04:01.156,066] [1;31m<err> ads1220: config2 mismatch! 0x15 != 0x00[0m
[00:04:01.156,188] [1;31m<err> ads1220: config0 mismatch! 0x3C != 0x1C[0m
[00:04:01.156,219] [1;31m<err> analog_axis_hires: Could not setup channel #1 (-5)[0m
[00:04:01.163,909] [1;31m<err> ads1220: config2 mismatch! 0x10 != 0x00[0m
[00:04:01.164,062] [1;31m<err> ads1220: config2 mismatch! 0x15 != 0x00[0m
[00:04:01.164,215] [1;31m<err> ads1220: config0 mismatch! 0x3C != 0x1C[0m
[00:04:01.164,215] [1;31m<err> analog_axis_hires: Could not setup channel #1 (-5)[0m
[00:04:01.171,966] [1;31m<err> ads1220: config2 mismatch! 0x10 != 0x00[0m
[00:04:01.172,088] [1;31m<err> ads1220: config2 mismatch! 0x15 != 0x00[0m
[00:04:01.172,241] [1;31m<err> ads1220: config0 mismatch! 0x3C != 0x1C[0m
[00:04:01.172,241] [1;31m<err> analog_axis_hires: Could not setup channel #1 (-5)[0m
[00:04:01.180,023] [1;31m<err> ads1220: config2 mismatch! 0x10 != 0x00[0m
[00:04:01.180,145] [1;31m<err> ads1220: config2 mismatch! 0x15 != 0x00[0m
[00:04:01.180,267] [1;31m<err> ads1220: config0 mismatch! 0x3C != 0x1C[0m
[00:04:01.180,297] [1;31m<err> analog_axis_hires: Could not setup channel #1 (-5)[0m
[00:04:01.187,988] [1;31m<err> ads1220: config2 mismatch! 0x10 != 0x00[0m
[00:04:01.188,140] [1;31m<err> ads1220: config2 mismatch! 0x15 != 0x00[0m
[00:04:01.188,293] [1;31m<err> ads1220: config0 mismatch! 0x3C != 0x1C[0m
[00:04:01.188,293] [1;31m<err> analog_axis_hires: Could not setup channel #1 (-5)[0m
[00:04:01.196,044] [1;31m<err> ads1220: config2 mismatch! 0x10 != 0x00[0m
[00:04:01.196,166] [1;31m<err> ads1220: config2 mismatch! 0x15 != 0x00[0m
[00:04:01.196,319] [1;31m<err> ads1220: config0 mismatch! 0x3C != 0x1C[0m
[00:04:01.196,319] [1;31m<err> analog_axis_hires: Could not setup channel #1 (-5)[0m
[00:04:01.204,071] [1;31m<err> ads1220: config2 mismatch! 0x10 != 0x00[0m
[00:04:01.204,193] [1;31m<err> ads1220: config2 mismatch! 0x15 != 0x00[0m
[00:04:01.204,315] [1;31m<err> ads1220: config0 mismatch! 0x3C != 0x1C[0m
[00:04:01.204,345] [1;31m<err> analog_axis_hires: Could not setup channel #1 (-5)[0m
[00:04:01.212,066] [1;31m<err> ads1220: config2 mismatch! 0x10 != 0x00[0m
[00:04:01.212,219] [1;31m<err> ads1220: config2 mismatch! 0x15 != 0x00[0m
[00:04:01.212,371] [1;31m<err> ads1220: config0 mismatch! 0x3C != 0x1C[0m
[00:04:01.212,371] [1;31m<err> analog_axis_hires: Could not setup channel #1 (-5)[0m
[00:04:01.220,123] [1;31m<err> ads1220: config2 mismatch! 0x10 != 0x00[0m
[00:04:01.220,245] [1;31m<err> ads1220: config2 mismatch! 0x15 != 0x00[0m
[00:04:01.220,397] [1;31m<err> ads1220: config0 mismatch! 0x3C != 0x1C[0m
[00:04:01.220,397] [1;31m<err> analog_axis_hires: Could not setup channel #1 (-5)[0m
[00:04:01.228,179] [1;31m<err> ads1220: config2 mismatch! 0x10 != 0x00[0m
[00:04:01.228,302] [1;31m<err> ads1220: config2 mismatch! 0x15 != 0x00[0m
[00:04:01.228,424] [1;31m<err> ads1220: config0 mismatch! 0x3C != 0x1C[0m
[00:04:01.228,454] [1;31m<err> analog_axis_hires: Could not setup channel #1 (-5)[0m
[00:04:01.236,145] [1;31m<err> ads1220: config2 mismatch! 0x10 != 0x00[0m
[00:04:01.236,297] [1;31m<err> ads1220: config2 mismatch! 0x15 != 0x00[0m
[00:04:01.236,450] [1;31m<err> ads1220: config0 mismatch! 0x3C != 0x1C[0m
[00:04:01.236,450] [1;31m<err> analog_axis_hires: Could not setup channel #1 (-5)[0m
[00:04:01.244,201] [1;31m<err> ads1220: config2 mismatch! 0x10 != 0x00[0m
[00:04:01.244,323] [1;31m<err> ads1220: config2 mismatch! 0x15 != 0x00[0m
[00:04:01.244,476] [1;31m<err> ads1220: config0 mismatch! 0x3C != 0x1C[0m
[00:04:01.244,476] [1;31m<err> analog_axis_hires: Could not setup channel #1 (-5)[0m
[00:04:01.252,258] [1;31m<err> ads1220: config2 mismatch! 0x10 != 0x00[0m
[00:04:01.252,380] [1;31m<err> ads1220: config2 mismatch! 0x15 != 0x00[0m
[00:04:01.252,502] [1;31m<err> ads1220: config0 mismatch! 0x3C != 0x1C[0m
[00:04:01.252,502] [1;31m<err> analog_axis_hires: Could not setup channel #1 (-5)[0m
[00:04:01.260,223] [1;31m<err> ads1220: config2 mismatch! 0x10 != 0x00[0m
[00:04:01.260,375] [1;31m<err> ads1220: config2 mismatch! 0x15 != 0x00[0m
[00:04:01.260,528] [1;31m<err> ads1220: config0 mismatch! 0x3C != 0x1C[0m
[00:04:01.260,528] [1;31m<err> analog_axis_hires: Could not setup channel #1 (-5)[0m
[00:04:01.268,280] [1;31m<err> ads1220: config2 mismatch! 0x10 != 0x00[0m
[00:04:01.268,402] [1;31m<err> ads1220: config2 mismatch! 0x15 != 0x00[0m
[00:04:01.268,554] [1;31m<err> ads1220: config0 mismatch! 0x3C != 0x1C[0m
[00:04:01.268,585] [1;31m<err> analog_axis_hires: Could not setup channel #1 (-5)[0m
[00:04:01.276,336] [1;31m<err> ads1220: config2 mismatch! 0x10 != 0x00[0m
[00:04:01.276,458] [1;31m<err> ads1220: config2 mismatch! 0x15 != 0x00[0m
[00:04:01.276,580] [1;31m<err> ads1220: config0 mismatch! 0x3C != 0x1C[0m
[00:04:01.276,611] [1;31m<err> analog_axis_hires: Could not setup channel #1 (-5)[0m
[00:04:01.284,301] [1;31m<err> ads1220: config2 mismatch! 0x10 != 0x00[0m
[00:04:01.284,454] [1;31m<err> ads1220: config2 mismatch! 0x15 != 0x00[0m
[00:04:01.284,606] [1;31m<err> ads1220: config0 mismatch! 0x3C != 0x1C[0m
[00:04:01.284,606] [1;31m<err> analog_axis_hires: Could not setup channel #1 (-5)[0m
[00:04:01.292,358] [1;31m<err> ads1220: config2 mismatch! 0x10 != 0x00[0m
[00:04:01.292,480] [1;31m<err> ads1220: config2 mismatch! 0x15 != 0x00[0m
[00:04:01.292,633] [1;31m<err> ads1220: config0 mismatch! 0x3C != 0x1C[0m
[00:04:01.292,663] [1;31m<err> analog_axis_hires: Could not setup channel #1 (-5)[0m
[00:04:01.300,415] [1;31m<err> ads1220: config2 mismatch! 0x10 != 0x00[0m
[00:04:01.300,537] [1;31m<err> ads1220: config2 mismatch! 0x15 != 0x00[0m
[00:04:01.300,659] [1;31m<err> ads1220: config0 mismatch! 0x3C != 0x1C[0m
[00:04:01.300,659] [1;31m<err> analog_axis_hires: Could not setup channel #1 (-5)[0m
[00:04:01.308,441] [1;31m<err> ads1220: config2 mismatch! 0x10 != 0x00[0m
[00:04:01.308,593] [1;31m<err> ads1220: config2 mismatch! 0x15 != 0x00[0m
[00:04:01.308,746] [1;31m<err> ads1220: config0 mismatch! 0x3C != 0x1C[0m
[00:04:01.308,746] [1;31m<err> analog_axis_hires: Could not setup channel #1 (-5)[0m
[00:04:01.316,436] [1;31m<err> ads1220: config2 mismatch! 0x10 != 0x00[0m
[00:04:01.316,558] [1;31m<err> ads1220: config2 mismatch! 0x15 != 0x00[0m
[00:04:01.316,711] [1;31m<err> ads1220: config0 mismatch! 0x3C != 0x1C[0m
[00:04:01.316,741] [1;31m<err> analog_axis_hires: Could not setup channel #1 (-5)[0m
[00:04:01.324,493] [1;31m<err> ads1220: config2 mismatch! 0x10 != 0x00[0m
[00:04:01.324,615] [1;31m<err> ads1220: config2 mismatch! 0x15 != 0x00[0m
[00:04:01.324,768] [1;31m<err> ads1220: config0 mismatch! 0x3C != 0x1C[0m
[00:04:01.324,768] [1;31m<err> analog_axis_hires: Could not setup channel #1 (-5)[0m
[00:04:01.332,489] [1;31m<err> ads1220: config2 mismatch! 0x10 != 0x00[0m
[00:04:01.332,641] [1;31m<err> ads1220: config2 mismatch! 0x15 != 0x00[0m
[00:04:01.332,794] [1;31m<err> ads1220: config0 mismatch! 0x3C != 0x1C[0m
[00:04:01.332,794] [1;31m<err> analog_axis_hires: Could not setup channel #1 (-5)[0m
[00:04:01.340,515] [1;31m<err> ads1220: config2 mismatch! 0x10 != 0x00[0m
[00:04:01.340,637] [1;31m<err> ads1220: config2 mismatch! 0x15 != 0x00[0m
[00:04:01.340,789] [1;31m<err> ads1220: config0 mismatch! 0x3C != 0x1C[0m
[00:04:01.340,820] [1;31m<err> analog_axis_hires: Could not setup channel #1 (-5)[0m
[00:04:01.348,541] [1;31m<err> ads1220: config2 mismatch! 0x10 != 0x00[0m
[00:04:01.348,693] [1;31m<err> ads1220: config2 mismatch! 0x15 != 0x00[0m
[00:04:01.348,815] [1;31m<err> ads1220: config0 mismatch! 0x3C != 0x1C[0m
[00:04:01.348,815] [1;31m<err> analog_axis_hires: Could not setup channel #1 (-5)[0m
[00:04:01.356,536] [1;31m<err> ads1220: config2 mismatch! 0x10 != 0x00[0m
[00:04:01.356,689] [1;31m<err> ads1220: config2 mismatch! 0x15 != 0x00[0m
[00:04:01.356,842] [1;31m<err> ads1220: config0 mismatch! 0x3C != 0x1C[0m
[00:04:01.356,842] [1;31m<err> analog_axis_hires: Could not setup channel #1 (-5)[0m
[00:04:01.364,593] [1;31m<err> ads1220: config2 mismatch! 0x10 != 0x00[0m
[00:04:01.364,715] [1;31m<err> ads1220: config2 mismatch! 0x15 != 0x00[0m
[00:04:01.364,868] [1;31m<err> ads1220: config0 mismatch! 0x3C != 0x1C[0m
[00:04:01.364,898] [1;31m<err> analog_axis_hires: Could not setup channel #1 (-5)[0m
[00:04:01.372,619] [1;31m<err> ads1220: config2 mismatch! 0x10 != 0x00[0m
[00:04:01.372,772] [1;31m<err> ads1220: config2 mismatch! 0x15 != 0x00[0m
[00:04:01.372,894] [1;31m<err> ads1220: config0 mismatch! 0x3C != 0x1C[0m
[00:04:01.372,894] [1;31m<err> analog_axis_hires: Could not setup channel #1 (-5)[0m
[00:04:01.380,615] [1;31m<err> ads1220: config2 mismatch! 0x10 != 0x00[0m
[00:04:01.380,767] [1;31m<err> ads1220: config2 mismatch! 0x15 != 0x00[0m
[00:04:01.380,920] [1;31m<err> ads1220: config0 mismatch! 0x3C != 0x1C[0m
[00:04:01.380,920] [1;31m<err> analog_axis_hires: Could not setup channel #1 (-5)[0m
[00:04:01.388,671] [1;31m<err> ads1220: config2 mismatch! 0x10 != 0x00[0m
[00:04:01.388,793] [1;31m<err> ads1220: config2 mismatch! 0x15 != 0x00[0m
[00:04:01.388,946] [1;31m<err> ads1220: config0 mismatch! 0x3C != 0x1C[0m
[00:04:01.388,977] [1;31m<err> analog_axis_hires: Could not setup channel #1 (-5)[0m
[00:04:01.396,728] [1;31m<err> ads1220: config2 mismatch! 0x10 != 0x00[0m
[00:04:01.396,850] [1;31m<err> ads1220: config2 mismatch! 0x15 != 0x00[0m
[00:04:01.397,003] [1;31m<err> ads1220: config0 mismatch! 0x3C != 0x1C[0m
[00:04:01.397,003] [1;31m<err> analog_axis_hires: Could not setup channel #1 (-5)[0m
[00:04:01.404,693] [1;31m<err> ads1220: config2 mismatch! 0x10 != 0x00[0m
[00:04:01.404,846] [1;31m<err> ads1220: config2 mismatch! 0x15 != 0x00[0m
[00:04:01.404,998] [1;31m<err> ads1220: config0 mismatch! 0x3C != 0x1C[0m
[00:04:01.404,998] [1;31m<err> analog_axis_hires: Could not setup channel #1 (-5)[0m
[00:04:01.412,750] [1;31m<err> ads1220: config2 mismatch! 0x10 != 0x00[0m
[00:04:01.412,872] [1;31m<err> ads1220: config2 mismatch! 0x15 != 0x00[0m
[00:04:01.413,024] [1;31m<err> ads1220: config0 mismatch! 0x3C != 0x1C[0m
[00:04:01.413,055] [1;31m<err> analog_axis_hires: Could not setup channel #1 (-5)[0m
[00:04:01.420,806] [1;31m<err> ads1220: config2 mismatch! 0x10 != 0x00[0m
[00:04:01.420,928] [1;31m<err> ads1220: config2 mismatch! 0x15 != 0x00[0m
[00:04:01.421,051] [1;31m<err> ads1220: config0 mismatch! 0x3C != 0x1C[0m
[00:04:01.421,081] [1;31m<err> analog_axis_hires: Could not setup channel #1 (-5)[0m
[00:04:01.428,771] [1;31m<err> ads1220: config2 mismatch! 0x10 != 0x00[0m
[00:04:01.428,924] [1;31m<err> ads1220: config2 mismatch! 0x15 != 0x00[0m
[00:04:01.429,077] [1;31m<err> ads1220: config0 mismatch! 0x3C != 0x1C[0m
[00:04:01.429,077] [1;31m<err> analog_axis_hires: Could not setup channel #1 (-5)[0m
[00:04:01.436,828] [1;31m<err> ads1220: config2 mismatch! 0x10 != 0x00[0m
[00:04:01.436,950] [1;31m<err> ads1220: config2 mismatch! 0x15 != 0x00[0m
[00:04:01.437,103] [1;31m<err> ads1220: config0 mismatch! 0x3C != 0x1C[0m
[00:04:01.437,133] [1;31m<err> analog_axis_hires: Could not setup channel #1 (-5)[0m
[00:04:01.444,885] [1;31m<err> ads1220: config2 mismatch! 0x10 != 0x00[0m
[00:04:01.445,037] [1;31m<err> ads1220: config2 mismatch! 0x15 != 0x00[0m
[00:04:01.445,159] [1;31m<err> ads1220: config0 mismatch! 0x3C != 0x1C[0m
[00:04:01.445,159] [1;31m<err> analog_axis_hires: Could not setup channel #1 (-5)[0m
[00:04:01.452,850] [1;31m<err> ads1220: config2 mismatch! 0x10 != 0x00[0m
[00:04:01.453,002] [1;31m<err> ads1220: config2 mismatch! 0x15 != 0x00[0m
[00:04:01.453,155] [1;31m<err> ads1220: config0 mismatch! 0x3C != 0x1C[0m
[00:04:01.453,155] [1;31m<err> analog_axis_hires: Could not setup channel #1 (-5)[0m
[00:04:01.460,906] [1;31m<err> ads1220: config2 mismatch! 0x10 != 0x00[0m
[00:04:01.461,029] [1;31m<err> ads1220: config2 mismatch! 0x15 != 0x00[0m
[00:04:01.461,181] [1;31m<err> ads1220: config0 mismatch! 0x3C != 0x1C[0m
[00:04:01.461,212] [1;31m<err> analog_axis_hires: Could not setup channel #1 (-5)[0m
[00:04:01.468,933] [1;31m<err> ads1220: config2 mismatch! 0x10 != 0x00[0m
[00:04:01.469,055] [1;31m<err> ads1220: config2 mismatch! 0x15 != 0x00[0m
[00:04:01.469,207] [1;31m<err> ads1220: config0 mismatch! 0x3C != 0x1C[0m
[00:04:01.469,207] [1;31m<err> analog_axis_hires: Could not setup channel #1 (-5)[0m
[00:04:01.476,989] [1;31m<err> ads1220: config2 mismatch! 0x10 != 0x00[0m
[00:04:01.477,142] [1;31m<err> ads1220: config2 mismatch! 0x15 != 0x00[0m
[00:04:01.477,294] [1;31m<err> ads1220: config0 mismatch! 0x3C != 0x1C[0m
[00:04:01.477,294] [1;31m<err> analog_axis_hires: Could not setup channel #1 (-5)[0m
[00:04:01.484,985] [1;31m<err> ads1220: config2 mismatch! 0x10 != 0x00[0m
[00:04:01.485,107] [1;31m<err> ads1220: config2 mismatch! 0x15 != 0x00[0m
[00:04:01.485,260] [1;31m<err> ads1220: config0 mismatch! 0x3C != 0x1C[0m
[00:04:01.485,290] [1;31m<err> analog_axis_hires: Could not setup channel #1 (-5)[0m
[00:04:01.493,041] [1;31m<err> ads1220: config2 mismatch! 0x10 != 0x00[0m
[00:04:01.493,164] [1;31m<err> ads1220: config2 mismatch! 0x15 != 0x00[0m
[00:04:01.493,316] [1;31m<err> ads1220: config0 mismatch! 0x3C != 0x1C[0m
[00:04:01.493,316] [1;31m<err> analog_axis_hires: Could not setup channel #1 (-5)[0m
[00:04:01.501,007] [1;31m<err> ads1220: config2 mismatch! 0x10 != 0x00[0m
[00:04:01.501,159] [1;31m<err> ads1220: config2 mismatch! 0x15 != 0x00[0m
[00:04:01.501,312] [1;31m<err> ads1220: config0 mismatch! 0x3C != 0x1C[0m
[00:04:01.501,312] [1;31m<err> analog_axis_hires: Could not setup channel #1 (-5)[0m
[00:04:01.509,063] [1;31m<err> ads1220: config2 mismatch! 0x10 != 0x00[0m
[00:04:01.509,185] [1;31m<err> ads1220: config2 mismatch! 0x15 != 0x00[0m
[00:04:01.509,338] [1;31m<err> ads1220: config0 mismatch! 0x3C != 0x1C[0m
[00:04:01.509,368] [1;31m<err> analog_axis_hires: Could not setup channel #1 (-5)[0m
[00:04:01.517,089] [1;31m<err> ads1220: config2 mismatch! 0x10 != 0x00[0m
[00:04:01.517,211] [1;31m<err> ads1220: config2 mismatch! 0x15 != 0x00[0m
[00:04:01.517,333] [1;31m<err> ads1220: config0 mismatch! 0x3C != 0x1C[0m
[00:04:01.517,364] [1;31m<err> analog_axis_hires: Could not setup channel #1 (-5)[0m
[00:04:01.525,085] [1;31m<err> ads1220: config2 mismatch! 0x10 != 0x00[0m
[00:04:01.525,238] [1;31m<err> ads1220: config2 mismatch! 0x15 != 0x00[0m
[00:04:01.525,390] [1;31m<err> ads1220: config0 mismatch! 0x3C != 0x1C[0m
[00:04:01.525,390] [1;31m<err> analog_axis_hires: Could not setup channel #1 (-5)[0m
[00:04:01.533,142] [1;31m<err> ads1220: config2 mismatch! 0x10 != 0x00[0m
[00:04:01.533,264] [1;31m<err> ads1220: config2 mismatch! 0x15 != 0x00[0m
[00:04:01.533,416] [1;31m<err> ads1220: config0 mismatch! 0x3C != 0x1C[0m
[00:04:01.533,447] [1;31m<err> analog_axis_hires: Could not setup channel #1 (-5)[0m
[00:04:01.541,198] [1;31m<err> ads1220: config2 mismatch! 0x10 != 0x00[0m
[00:04:01.541,320] [1;31m<err> ads1220: config2 mismatch! 0x15 != 0x00[0m
[00:04:01.541,442] [1;31m<err> ads1220: config0 mismatch! 0x3C != 0x1C[0m
[00:04:01.541,473] [1;31m<err> analog_axis_hires: Could not setup channel #1 (-5)[0m
[00:04:01.549,163] [1;31m<err> ads1220: config2 mismatch! 0x10 != 0x00[0m
[00:04:01.549,316] [1;31m<err> ads1220: config2 mismatch! 0x15 != 0x00[0m
[00:04:01.549,468] [1;31m<err> ads1220: config0 mismatch! 0x3C != 0x1C[0m
[00:04:01.549,468] [1;31m<err> analog_axis_hires: Could not setup channel #1 (-5)[0m
[00:04:01.557,220] [1;31m<err> ads1220: config2 mismatch! 0x10 != 0x00[0m
[00:04:01.557,342] [1;31m<err> ads1220: config2 mismatch! 0x15 != 0x00[0m
[00:04:01.557,495] [1;31m<err> ads1220: config0 mismatch! 0x3C != 0x1C[0m
[00:04:01.557,525] [1;31m<err> analog_axis_hires: Could not setup channel #1 (-5)[0m
[00:04:01.565,277] [1;31m<err> ads1220: config2 mismatch! 0x10 != 0x00[0m
[00:04:01.565,399] [1;31m<err> ads1220: config2 mismatch! 0x15 != 0x00[0m
[00:04:01.565,521] [1;31m<err> ads1220: config0 mismatch! 0x3C != 0x1C[0m
[00:04:01.565,551] [1;31m<err> analog_axis_hires: Could not setup channel #1 (-5)[0m
[00:04:01.573,242] [1;31m<err> ads1220: config2 mismatch! 0x10 != 0x00[0m
[00:04:01.573,394] [1;31m<err> ads1220: config2 mismatch! 0x15 != 0x00[0m
[00:04:01.573,547] [1;31m<err> ads1220: config0 mismatch! 0x3C != 0x1C[0m
[00:04:01.573,547] [1;31m<err> analog_axis_hires: Could not setup channel #1 (-5)[0m
[00:04:01.581,298] [1;31m<err> ads1220: config2 mismatch! 0x10 != 0x00[0m
[00:04:01.581,420] [1;31m<err> ads1220: config2 mismatch! 0x15 != 0x00[0m
[00:04:01.581,573] [1;31m<err> ads1220: config0 mismatch! 0x3C != 0x1C[0m
[00:04:01.581,604] [1;31m<err> analog_axis_hires: Could not setup channel #1 (-5)[0m
[00:04:01.589,355] [1;31m<err> ads1220: config2 mismatch! 0x10 != 0x00[0m
[00:04:01.589,477] [1;31m<err> ads1220: config2 mismatch! 0x15 != 0x00[0m
[00:04:01.589,599] [1;31m<err> ads1220: config0 mismatch! 0x3C != 0x1C[0m
[00:04:01.589,599] [1;31m<err> analog_axis_hires: Could not setup channel #1 (-5)[0m
[00:04:01.597,351] [1;31m<err> ads1220: config2 mismatch! 0x10 != 0x00[0m
[00:04:01.597,503] [1;31m<err> ads1220: config2 mismatch! 0x15 != 0x00[0m
[00:04:01.597,656] [1;31m<err> ads1220: config0 mismatch! 0x3C != 0x1C[0m
[00:04:01.597,656] [1;31m<err> analog_axis_hires: Could not setup channel #1 (-5)[0m
[00:04:01.605,377] [1;31m<err> ads1220: config2 mismatch! 0x10 != 0x00[0m
[00:04:01.605,499] [1;31m<err> ads1220: config2 mismatch! 0x15 != 0x00[0m
[00:04:01.605,651] [1;31m<err> ads1220: config0 mismatch! 0x3C != 0x1C[0m
[00:04:01.605,682] [1;31m<err> analog_axis_hires: Could not setup channel #1 (-5)[0m
[00:04:01.613,433] [1;31m<err> ads1220: config2 mismatch! 0x10 != 0x00[0m
[00:04:01.613,555] [1;31m<err> ads1220: config2 mismatch! 0x15 != 0x00[0m
[00:04:01.613,677] [1;31m<err> ads1220: config0 mismatch! 0x3C != 0x1C[0m
[00:04:01.613,677] [1;31m<err> analog_axis_hires: Could not setup channel #1 (-5)[0m
[00:04:01.621,459] [1;31m<err> ads1220: config2 mismatch! 0x10 != 0x00[0m
[00:04:01.621,612] [1;31m<err> ads1220: config2 mismatch! 0x15 != 0x00[0m
[00:04:01.621,765] [1;31m<err> ads1220: config0 mismatch! 0x3C != 0x1C[0m
[00:04:01.621,765] [1;31m<err> analog_axis_hires: Could not setup channel #1 (-5)[0m
[00:04:01.629,455] [1;31m<err> ads1220: config2 mismatch! 0x10 != 0x00[0m
[00:04:01.629,577] [1;31m<err> ads1220: config2 mismatch! 0x15 != 0x00[0m
[00:04:01.629,730] [1;31m<err> ads1220: config0 mismatch! 0x3C != 0x1C[0m
[00:04:01.629,760] [1;31m<err> analog_axis_hires: Could not setup channel #1 (-5)[0m
[00:04:01.637,512] [1;31m<err> ads1220: config2 mismatch! 0x10 != 0x00[0m
[00:04:01.637,664] [1;31m<err> ads1220: config2 mismatch! 0x15 != 0x00[0m
[00:04:01.637,786] [1;31m<err> ads1220: config0 mismatch! 0x3C != 0x1C[0m
[00:04:01.637,786] [1;31m<err> analog_axis_hires: Could not setup channel #1 (-5)[0m
[00:04:01.645,507] [1;31m<err> ads1220: config2 mismatch! 0x10 != 0x00[0m
[00:04:01.645,629] [1;31m<err> ads1220: config2 mismatch! 0x15 != 0x00[0m
[00:04:01.645,782] [1;31m<err> ads1220: config0 mismatch! 0x3C != 0x1C[0m
[00:04:01.645,812] [1;31m<err> analog_axis_hires: Could not setup channel #1 (-5)[0m
[00:04:01.653,533] [1;31m<err> ads1220: config2 mismatch! 0x10 != 0x00[0m
[00:04:01.653,656] [1;31m<err> ads1220: config2 mismatch! 0x15 != 0x00[0m
[00:04:01.653,808] [1;31m<err> ads1220: config0 mismatch! 0x3C != 0x1C[0m
[00:04:01.653,839] [1;31m<err> analog_axis_hires: Could not setup channel #1 (-5)[0m
[00:04:01.661,590] [1;31m<err> ads1220: config2 mismatch! 0x10 != 0x00[0m
[00:04:01.661,712] [1;31m<err> ads1220: config2 mismatch! 0x15 != 0x00[0m
[00:04:01.661,865] [1;31m<err> ads1220: config0 mismatch! 0x3C != 0x1C[0m
[00:04:01.661,865] [1;31m<err> analog_axis_hires: Could not setup channel #1 (-5)[0m
[00:04:01.669,555] [1;31m<err> ads1220: config2 mismatch! 0x10 != 0x00[0m
[00:04:01.669,708] [1;31m<err> ads1220: config2 mismatch! 0x15 != 0x00[0m
[00:04:01.669,860] [1;31m<err> ads1220: config0 mismatch! 0x3C != 0x1C[0m
[00:04:01.669,860] [1;31m<err> analog_axis_hires: Could not setup channel #1 (-5)[0m
[00:04:01.677,612] [1;31m<err> ads1220: config2 mismatch! 0x10 != 0x00[0m
[00:04:01.677,734] [1;31m<err> ads1220: config2 mismatch! 0x15 != 0x00[0m
[00:04:01.677,886] [1;31m<err> ads1220: config0 mismatch! 0x3C != 0x1C[0m
[00:04:01.677,917] [1;31m<err> analog_axis_hires: Could not setup channel #1 (-5)[0m
[00:04:01.685,668] [1;31m<err> ads1220: config2 mismatch! 0x10 != 0x00[0m
[00:04:01.685,791] [1;31m<err> ads1220: config2 mismatch! 0x15 != 0x00[0m
[00:04:01.685,943] [1;31m<err> ads1220: config0 mismatch! 0x3C != 0x1C[0m
[00:04:01.685,943] [1;31m<err> analog_axis_hires: Could not setup channel #1 (-5)[0m
[00:04:01.693,634] [1;31m<err> ads1220: config2 mismatch! 0x10 != 0x00[0m
[00:04:01.693,786] [1;31m<err> ads1220: config2 mismatch! 0x15 != 0x00[0m
[00:04:01.693,939] [1;31m<err> ads1220: config0 mismatch! 0x3C != 0x1C[0m
[00:04:01.693,939] [1;31m<err> analog_axis_hires: Could not setup channel #1 (-5)[0m
[00:04:01.701,690] [1;31m<err> ads1220: config2 mismatch! 0x10 != 0x00[0m
[00:04:01.701,812] [1;31m<err> ads1220: config2 mismatch! 0x15 != 0x00[0m
[00:04:01.701,965] [1;31m<err> ads1220: config0 mismatch! 0x3C != 0x1C[0m
[00:04:01.701,995] [1;31m<err> analog_axis_hires: Could not setup channel #1 (-5)[0m
[00:04:01.709,747] [1;31m<err> ads1220: config2 mismatch! 0x10 != 0x00[0m
[00:04:01.709,869] [1;31m<err> ads1220: config2 mismatch! 0x15 != 0x00[0m
[00:04:01.709,991] [1;31m<err> ads1220: config0 mismatch! 0x3C != 0x1C[0m
[00:04:01.710,021] [1;31m<err> analog_axis_hires: Could not setup channel #1 (-5)[0m
[00:04:01.717,712] [1;31m<err> ads1220: config2 mismatch! 0x10 != 0x00[0m
[00:04:01.717,864] [1;31m<err> ads1220: config2 mismatch! 0x15 != 0x00[0m
[00:04:01.718,017] [1;31m<err> ads1220: config0 mismatch! 0x3C != 0x1C[0m
[00:04:01.718,017] [1;31m<err> analog_axis_hires: Could not setup channel #1 (-5)[0m
[00:04:01.725,769] [1;31m<err> ads1220: config2 mismatch! 0x10 != 0x00[0m
[00:04:01.725,891] [1;31m<err> ads1220: config2 mismatch! 0x15 != 0x00[0m
[00:04:01.726,043] [1;31m<err> ads1220: config0 mismatch! 0x3C != 0x1C[0m
[00:04:01.726,074] [1;31m<err> analog_axis_hires: Could not setup channel #1 (-5)[0m
[00:04:01.733,825] [1;31m<err> ads1220: config2 mismatch! 0x10 != 0x00[0m
[00:04:01.733,947] [1;31m<err> ads1220: config2 mismatch! 0x15 != 0x00[0m
[00:04:01.734,069] [1;31m<err> ads1220: config0 mismatch! 0x3C != 0x1C[0m
[00:04:01.734,100] [1;31m<err> analog_axis_hires: Could not setup channel #1 (-5)[0m
[00:04:01.741,790] [1;31m<err> ads1220: config2 mismatch! 0x10 != 0x00[0m
[00:04:01.741,943] [1;31m<err> ads1220: config2 mismatch! 0x15 != 0x00[0m
[00:04:01.742,095] [1;31m<err> ads1220: config0 mismatch! 0x3C != 0x1C[0m
[00:04:01.742,095] [1;31m<err> analog_axis_hires: Could not setup channel #1 (-5)[0m
[00:04:01.749,847] [1;31m<err> ads1220: config2 mismatch! 0x10 != 0x00[0m
[00:04:01.749,969] [1;31m<err> ads1220: config2 mismatch! 0x15 != 0x00[0m
[00:04:01.750,122] [1;31m<err> ads1220: config0 mismatch! 0x3C != 0x1C[0m
[00:04:01.750,152] [1;31m<err> analog_axis_hires: Could not setup channel #1 (-5)[0m
[00:04:01.757,873] [1;31m<err> ads1220: config2 mismatch! 0x10 != 0x00[0m
[00:04:01.757,995] [1;31m<err> ads1220: config2 mismatch! 0x15 != 0x00[0m
[00:04:01.758,117] [1;31m<err> ads1220: config0 mismatch! 0x3C != 0x1C[0m
[00:04:01.758,148] [1;31m<err> analog_axis_hires: Could not setup channel #1 (-5)[0m
[00:04:01.765,869] [1;31m<err> ads1220: config2 mismatch! 0x10 != 0x00[0m
[00:04:01.766,021] [1;31m<err> ads1220: config2 mismatch! 0x15 != 0x00[0m
[00:04:01.766,174] [1;31m<err> ads1220: config0 mismatch! 0x3C != 0x1C[0m
[00:04:01.766,174] [1;31m<err> analog_axis_hires: Could not setup channel #1 (-5)[0m
[00:04:01.773,925] [1;31m<err> ads1220: config2 mismatch! 0x10 != 0x00[0m
[00:04:01.774,047] [1;31m<err> ads1220: config2 mismatch! 0x15 != 0x00[0m
[00:04:01.774,200] [1;31m<err> ads1220: config0 mismatch! 0x3C != 0x1C[0m
[00:04:01.774,230] [1;31m<err> analog_axis_hires: Could not setup channel #1 (-5)[0m
[00:04:01.781,982] [1;31m<err> ads1220: config2 mismatch! 0x10 != 0x00[0m
[00:04:01.782,104] [1;31m<err> ads1220: config2 mismatch! 0x15 != 0x00[0m
[00:04:01.782,226] [1;31m<err> ads1220: config0 mismatch! 0x3C != 0x1C[0m
[00:04:01.782,257] [1;31m<err> analog_axis_hires: Could not setup channel #1 (-5)[0m
[00:04:01.789,947] [1;31m<err> ads1220: config2 mismatch! 0x10 != 0x00[0m
[00:04:01.790,100] [1;31m<err> ads1220: config2 mismatch! 0x15 != 0x00[0m
[00:04:01.790,252] [1;31m<err> ads1220: config0 mismatch! 0x3C != 0x1C[0m
[00:04:01.790,252] [1;31m<err> analog_axis_hires: Could not setup channel #1 (-5)[0m
[00:04:01.798,004] [1;31m<err> ads1220: config2 mismatch! 0x10 != 0x00[0m
[00:04:01.798,126] [1;31m<err> ads1220: config2 mismatch! 0x15 != 0x00[0m
[00:04:01.798,278] [1;31m<err> ads1220: config0 mismatch! 0x3C != 0x1C[0m
[00:04:01.798,309] [1;31m<err> analog_axis_hires: Could not setup channel #1 (-5)[0m
[00:04:01.806,060] [1;31m<err> ads1220: config2 mismatch! 0x10 != 0x00[0m
[00:04:01.806,182] [1;31m<err> ads1220: config2 mismatch! 0x15 != 0x00[0m
[00:04:01.806,304] [1;31m<err> ads1220: config0 mismatch! 0x3C != 0x1C[0m
[00:04:01.806,335] [1;31m<err> analog_axis_hires: Could not setup channel #1 (-5)[0m
[00:04:01.814,025] [1;31m<err> ads1220: config2 mismatch! 0x10 != 0x00[0m
[00:04:01.814,178] [1;31m<err> ads1220: config2 mismatch! 0x15 != 0x00[0m
[00:04:01.814,331] [1;31m<err> ads1220: config0 mismatch! 0x3C != 0x1C[0m
[00:04:01.814,331] [1;31m<err> analog_axis_hires: Could not setup channel #1 (-5)[0m
[00:04:01.822,082] [1;31m<err> ads1220: config2 mismatch! 0x10 != 0x00[0m
[00:04:01.822,204] [1;31m<err> ads1220: config2 mismatch! 0x15 != 0x00[0m
[00:04:01.822,357] [1;31m<err> ads1220: config0 mismatch! 0x3C != 0x1C[0m
[00:04:01.822,387] [1;31m<err> analog_axis_hires: Could not setup channel #1 (-5)[0m
[00:04:01.830,139] [1;31m<err> ads1220: config2 mismatch! 0x10 != 0x00[0m
[00:04:01.830,261] [1;31m<err> ads1220: config2 mismatch! 0x15 != 0x00[0m
[00:04:01.830,383] [1;31m<err> ads1220: config0 mismatch! 0x3C != 0x1C[0m
[00:04:01.830,413] [1;31m<err> analog_axis_hires: Could not setup channel #1 (-5)[0m
[00:04:01.838,104] [1;31m<err> ads1220: config2 mismatch! 0x10 != 0x00[0m
[00:04:01.838,256] [1;31m<err> ads1220: config2 mismatch! 0x15 != 0x00[0m
[00:04:01.838,409] [1;31m<err> ads1220: config0 mismatch! 0x3C != 0x1C[0m
[00:04:01.838,409] [1;31m<err> analog_axis_hires: Could not setup channel #1 (-5)[0m
[00:04:01.846,160] [1;31m<err> ads1220: config2 mismatch! 0x10 != 0x00[0m
[00:04:01.846,282] [1;31m<err> ads1220: config2 mismatch! 0x15 != 0x00[0m
[00:04:01.846,435] [1;31m<err> ads1220: config0 mismatch! 0x3C != 0x1C[0m
[00:04:01.846,466] [1;31m<err> analog_axis_hires: Could not setup channel #1 (-5)[0m
[00:04:01.854,187] [1;31m<err> ads1220: config2 mismatch! 0x10 != 0x00[0m
[00:04:01.854,309] [1;31m<err> ads1220: config2 mismatch! 0x15 != 0x00[0m
[00:04:01.854,431] [1;31m<err> ads1220: config0 mismatch! 0x3C != 0x1C[0m
[00:04:01.854,461] [1;31m<err> analog_axis_hires: Could not setup channel #1 (-5)[0m
[00:04:01.862,182] [1;31m<err> ads1220: config2 mismatch! 0x10 != 0x00[0m
[00:04:01.862,335] [1;31m<err> ads1220: config2 mismatch! 0x15 != 0x00[0m
[00:04:01.862,487] [1;31m<err> ads1220: config0 mismatch! 0x3C != 0x1C[0m
[00:04:01.862,487] [1;31m<err> analog_axis_hires: Could not setup channel #1 (-5)[0m
[00:04:01.870,239] [1;31m<err> ads1220: config2 mismatch! 0x10 != 0x00[0m
[00:04:01.870,361] [1;31m<err> ads1220: config2 mismatch! 0x15 != 0x00[0m
[00:04:01.870,513] [1;31m<err> ads1220: config0 mismatch! 0x3C != 0x1C[0m
[00:04:01.870,544] [1;31m<err> analog_axis_hires: Could not setup channel #1 (-5)[0m
[00:04:01.878,295] [1;31m<err> ads1220: config2 mismatch! 0x10 != 0x00[0m
[00:04:01.878,417] [1;31m<err> ads1220: config2 mismatch! 0x15 != 0x00[0m
[00:04:01.878,540] [1;31m<err> ads1220: config0 mismatch! 0x3C != 0x1C[0m
[00:04:01.878,570] [1;31m<err> analog_axis_hires: Could not setup channel #1 (-5)[0m
[00:04:01.886,260] [1;31m<err> ads1220: config2 mismatch! 0x10 != 0x00[0m
[00:04:01.886,413] [1;31m<err> ads1220: config2 mismatch! 0x15 != 0x00[0m
[00:04:01.886,566] [1;31m<err> ads1220: config0 mismatch! 0x3C != 0x1C[0m
[00:04:01.886,566] [1;31m<err> analog_axis_hires: Could not setup channel #1 (-5)[0m
[00:04:01.894,317] [1;31m<err> ads1220: config2 mismatch! 0x10 != 0x00[0m
[00:04:01.894,439] [1;31m<err> ads1220: config2 mismatch! 0x15 != 0x00[0m
[00:04:01.894,592] [1;31m<err> ads1220: config0 mismatch! 0x3C != 0x1C[0m
[00:04:01.894,622] [1;31m<err> analog_axis_hires: Could not setup channel #1 (-5)[0m
[00:04:01.902,343] [1;31m<err> ads1220: config2 mismatch! 0x10 != 0x00[0m
[00:04:01.902,496] [1;31m<err> ads1220: config2 mismatch! 0x15 != 0x00[0m
[00:04:01.902,618] [1;31m<err> ads1220: config0 mismatch! 0x3C != 0x1C[0m
[00:04:01.902,618] [1;31m<err> analog_axis_hires: Could not setup channel #1 (-5)[0m
[00:04:01.910,369] [1;31m<err> ads1220: config2 mismatch! 0x10 != 0x00[0m
[00:04:01.910,491] [1;31m<err> ads1220: config2 mismatch! 0x15 != 0x00[0m
[00:04:01.910,644] [1;31m<err> ads1220: config0 mismatch! 0x3C != 0x1C[0m
[00:04:01.910,675] [1;31m<err> analog_axis_hires: Could not setup channel #1 (-5)[0m
[00:04:01.918,395] [1;31m<err> ads1220: config2 mismatch! 0x10 != 0x00[0m
[00:04:01.918,518] [1;31m<err> ads1220: config2 mismatch! 0x15 != 0x00[0m
[00:04:01.918,670] [1;31m<err> ads1220: config0 mismatch! 0x3C != 0x1C[0m
[00:04:01.918,701] [1;31m<err> analog_axis_hires: Could not setup channel #1 (-5)[0m
[00:04:01.926,452] [1;31m<err> ads1220: config2 mismatch! 0x10 != 0x00[0m
[00:04:01.926,574] [1;31m<err> ads1220: config2 mismatch! 0x15 != 0x00[0m
[00:04:01.926,696] [1;31m<err> ads1220: config0 mismatch! 0x3C != 0x1C[0m
[00:04:01.926,696] [1;31m<err> analog_axis_hires: Could not setup channel #1 (-5)[0m
[00:04:01.934,448] [1;31m<err> ads1220: config2 mismatch! 0x10 != 0x00[0m
[00:04:01.934,570] [1;31m<err> ads1220: config2 mismatch! 0x15 != 0x00[0m
[00:04:01.934,722] [1;31m<err> ads1220: config0 mismatch! 0x3C != 0x1C[0m
[00:04:01.934,753] [1;31m<err> analog_axis_hires: Could not setup channel #1 (-5)[0m
[00:04:01.942,474] [1;31m<err> ads1220: config2 mismatch! 0x10 != 0x00[0m
[00:04:01.942,596] [1;31m<err> ads1220: config2 mismatch! 0x15 != 0x00[0m
[00:04:01.942,749] [1;31m<err> ads1220: config0 mismatch! 0x3C != 0x1C[0m
[00:04:01.942,779] [1;31m<err> analog_axis_hires: Could not setup channel #1 (-5)[0m
[00:04:01.950,531] [1;31m<err> ads1220: config2 mismatch! 0x10 != 0x00[0m
[00:04:01.950,653] [1;31m<err> ads1220: config2 mismatch! 0x15 != 0x00[0m
[00:04:01.950,775] [1;31m<err> ads1220: config0 mismatch! 0x3C != 0x1C[0m
[00:04:01.950,775] [1;31m<err> analog_axis_hires: Could not setup channel #1 (-5)[0m
[00:04:01.958,496] [1;31m<err> ads1220: config2 mismatch! 0x10 != 0x00[0m
[00:04:01.958,648] [1;31m<err> ads1220: config2 mismatch! 0x15 != 0x00[0m
[00:04:01.958,801] [1;31m<err> ads1220: config0 mismatch! 0x3C != 0x1C[0m
[00:04:01.958,801] [1;31m<err> analog_axis_hires: Could not setup channel #1 (-5)[0m
[00:04:01.966,552] [1;31m<err> ads1220: config2 mismatch! 0x10 != 0x00[0m
[00:04:01.966,674] [1;31m<err> ads1220: config2 mismatch! 0x15 != 0x00[0m
[00:04:01.966,827] [1;31m<err> ads1220: config0 mismatch! 0x3C != 0x1C[0m
[00:04:01.966,857] [1;31m<err> analog_axis_hires: Could not setup channel #1 (-5)[0m
[00:04:01.974,578] [1;31m<err> ads1220: config2 mismatch! 0x10 != 0x00[0m
[00:04:01.974,731] [1;31m<err> ads1220: config2 mismatch! 0x15 != 0x00[0m
[00:04:01.974,853] [1;31m<err> ads1220: config0 mismatch! 0x3C != 0x1C[0m
[00:04:01.974,853] [1;31m<err> analog_axis_hires: Could not setup channel #1 (-5)[0m
[00:04:01.982,574] [1;31m<err> ads1220: config2 mismatch! 0x10 != 0x00[0m
[00:04:01.982,727] [1;31m<err> ads1220: config2 mismatch! 0x15 != 0x00[0m
[00:04:01.982,879] [1;31m<err> ads1220: config0 mismatch! 0x3C != 0x1C[0m
[00:04:01.982,879] [1;31m<err> analog_axis_hires: Could not setup channel #1 (-5)[0m
[00:04:01.990,631] [1;31m<err> ads1220: config2 mismatch! 0x10 != 0x00[0m
[00:04:01.990,753] [1;31m<err> ads1220: config2 mismatch! 0x15 != 0x00[0m
[00:04:01.990,905] [1;31m<err> ads1220: config0 mismatch! 0x3C != 0x1C[0m
[00:04:01.990,936] [1;31m<err> analog_axis_hires: Could not setup channel #1 (-5)[0m
[00:04:01.998,657] [1;31m<err> ads1220: config2 mismatch! 0x10 != 0x00[0m
[00:04:01.998,809] [1;31m<err> ads1220: config2 mismatch! 0x15 != 0x00[0m
[00:04:01.998,931] [1;31m<err> ads1220: config0 mismatch! 0x3C != 0x1C[0m
[00:04:01.998,931] [1;31m<err> analog_axis_hires: Could not setup channel #1 (-5)[0m
[00:04:02.006,652] [1;31m<err> ads1220: config2 mismatch! 0x10 != 0x00[0m
[00:04:02.006,805] [1;31m<err> ads1220: config2 mismatch! 0x15 != 0x00[0m
[00:04:02.006,958] [1;31m<err> ads1220: config0 mismatch! 0x3C != 0x1C[0m
[00:04:02.006,958] [1;31m<err> analog_axis_hires: Could not setup channel #1 (-5)[0m
[00:04:02.014,709] [1;31m<err> ads1220: config2 mismatch! 0x10 != 0x00[0m
[00:04:02.014,831] [1;31m<err> ads1220: config2 mismatch! 0x15 != 0x00[0m
[00:04:02.014,984] [1;31m<err> ads1220: config0 mismatch! 0x3C != 0x1C[0m
[00:04:02.015,014] [1;31m<err> analog_axis_hires: Could not setup channel #1 (-5)[0m
[00:04:02.022,766] [1;31m<err> ads1220: config2 mismatch! 0x10 != 0x00[0m
[00:04:02.022,888] [1;31m<err> ads1220: config2 mismatch! 0x15 != 0x00[0m
[00:04:02.023,010] [1;31m<err> ads1220: config0 mismatch! 0x3C != 0x1C[0m
[00:04:02.023,040] [1;31m<err> analog_axis_hires: Could not setup channel #1 (-5)[0m
[00:04:02.030,731] [1;31m<err> ads1220: config2 mismatch! 0x10 != 0x00[0m
[00:04:02.030,883] [1;31m<err> ads1220: config2 mismatch! 0x15 != 0x00[0m
[00:04:02.031,036] [1;31m<err> ads1220: config0 mismatch! 0x3C != 0x1C[0m
[00:04:02.031,036] [1;31m<err> analog_axis_hires: Could not setup channel #1 (-5)[0m
[00:04:02.038,787] [1;31m<err> ads1220: config2 mismatch! 0x10 != 0x00[0m
[00:04:02.038,909] [1;31m<err> ads1220: config2 mismatch! 0x15 != 0x00[0m
[00:04:02.039,062] [1;31m<err> ads1220: config0 mismatch! 0x3C != 0x1C[0m
[00:04:02.039,093] [1;31m<err> analog_axis_hires: Could not setup channel #1 (-5)[0m
[00:04:02.046,844] [1;31m<err> ads1220: config2 mismatch! 0x10 != 0x00[0m
[00:04:02.046,966] [1;31m<err> ads1220: config2 mismatch! 0x15 != 0x00[0m
[00:04:02.047,088] [1;31m<err> ads1220: config0 mismatch! 0x3C != 0x1C[0m
[00:04:02.047,119] [1;31m<err> analog_axis_hires: Could not setup channel #1 (-5)[0m
[00:04:02.054,809] [1;31m<err> ads1220: config2 mismatch! 0x10 != 0x00[0m
[00:04:02.054,962] [1;31m<err> ads1220: config2 mismatch! 0x15 != 0x00[0m
[00:04:02.055,114] [1;31m<err> ads1220: config0 mismatch! 0x3C != 0x1C[0m
[00:04:02.055,114] [1;31m<err> analog_axis_hires: Could not setup channel #1 (-5)[0m
[00:04:02.062,866] [1;31m<err> ads1220: config2 mismatch! 0x10 != 0x00[0m
[00:04:02.062,988] [1;31m<err> ads1220: config2 mismatch! 0x15 != 0x00[0m
[00:04:02.063,140] [1;31m<err> ads1220: config0 mismatch! 0x3C != 0x1C[0m
[00:04:02.063,140] [1;31m<err> analog_axis_hires: Could not setup channel #1 (-5)[0m
[00:04:02.070,953] [1;31m<err> ads1220: config2 mismatch! 0x10 != 0x00[0m
[00:04:02.071,075] [1;31m<err> ads1220: config2 mismatch! 0x15 != 0x00[0m
[00:04:02.071,228] [1;31m<err> ads1220: config0 mismatch! 0x3C != 0x1C[0m
[00:04:02.071,228] [1;31m<err> analog_axis_hires: Could not setup channel #1 (-5)[0m
[00:04:02.078,887] [1;31m<err> ads1220: config2 mismatch! 0x10 != 0x00[0m
[00:04:02.079,040] [1;31m<err> ads1220: config2 mismatch! 0x15 != 0x00[0m
[00:04:02.079,193] [1;31m<err> ads1220: config0 mismatch! 0x3C != 0x1C[0m
[00:04:02.079,193] [1;31m<err> analog_axis_hires: Could not setup channel #1 (-5)[0m
[00:04:02.086,944] [1;31m<err> ads1220: config2 mismatch! 0x10 != 0x00[0m
[00:04:02.087,066] [1;31m<err> ads1220: config2 mismatch! 0x15 != 0x00[0m
[00:04:02.087,219] [1;31m<err> ads1220: config0 mismatch! 0x3C != 0x1C[0m
[00:04:02.087,219] [1;31m<err> analog_axis_hires: Could not setup channel #1 (-5)[0m
[00:04:02.095,001] [1;31m<err> ads1220: config2 mismatch! 0x10 != 0x00[0m
[00:04:02.095,153] [1;31m<err> ads1220: config2 mismatch! 0x15 != 0x00[0m
[00:04:02.095,275] [1;31m<err> ads1220: config0 mismatch! 0x3C != 0x1C[0m
[00:04:02.095,275] [1;31m<err> analog_axis_hires: Could not setup channel #1 (-5)[0m
[00:04:02.102,966] [1;31m<err> ads1220: config2 mismatch! 0x10 != 0x00[0m
[00:04:02.103,118] [1;31m<err> ads1220: config2 mismatch! 0x15 != 0x00[0m
[00:04:02.103,271] [1;31m<err> ads1220: config0 mismatch! 0x3C != 0x1C[0m
[00:04:02.103,271] [1;31m<err> analog_axis_hires: Could not setup channel #1 (-5)[0m
[00:04:02.111,022] [1;31m<err> ads1220: config2 mismatch! 0x10 != 0x00[0m
[00:04:02.111,145] [1;31m<err> ads1220: config2 mismatch! 0x15 != 0x00[0m
[00:04:02.111,297] [1;31m<err> ads1220: config0 mismatch! 0x3C != 0x1C[0m
[00:04:02.111,297] [1;31m<err> analog_axis_hires: Could not setup channel #1 (-5)[0m
[00:04:02.119,079] [1;31m<err> ads1220: config2 mismatch! 0x10 != 0x00[0m
[00:04:02.119,201] [1;31m<err> ads1220: config2 mismatch! 0x15 != 0x00[0m
[00:04:02.119,323] [1;31m<err> ads1220: config0 mismatch! 0x3C != 0x1C[0m
[00:04:02.119,354] [1;31m<err> analog_axis_hires: Could not setup channel #1 (-5)[0m
[00:04:02.127,044] [1;31m<err> ads1220: config2 mismatch! 0x10 != 0x00[0m
[00:04:02.127,197] [1;31m<err> ads1220: config2 mismatch! 0x15 != 0x00[0m
[00:04:02.127,349] [1;31m<err> ads1220: config0 mismatch! 0x3C != 0x1C[0m
[00:04:02.127,349] [1;31m<err> analog_axis_hires: Could not setup channel #1 (-5)[0m
[00:04:02.135,101] [1;31m<err> ads1220: config2 mismatch! 0x10 != 0x00[0m
[00:04:02.135,223] [1;31m<err> ads1220: config2 mismatch! 0x15 != 0x00[0m
[00:04:02.135,375] [1;31m<err> ads1220: config0 mismatch! 0x3C != 0x1C[0m
[00:04:02.135,375] [1;31m<err> analog_axis_hires: Could not setup channel #1 (-5)[0m
[00:04:02.143,127] [1;31m<err> ads1220: config2 mismatch! 0x10 != 0x00[0m
[00:04:02.143,249] [1;31m<err> ads1220: config2 mismatch! 0x15 != 0x00[0m
[00:04:02.143,371] [1;31m<err> ads1220: config0 mismatch! 0x3C != 0x1C[0m
[00:04:02.143,402] [1;31m<err> analog_axis_hires: Could not setup channel #1 (-5)[0m
[00:04:02.151,123] [1;31m<err> ads1220: config2 mismatch! 0x10 != 0x00[0m
[00:04:02.151,275] [1;31m<err> ads1220: config2 mismatch! 0x15 != 0x00[0m
[00:04:02.151,428] [1;31m<err> ads1220: config0 mismatch! 0x3C != 0x1C[0m
[00:04:02.151,428] [1;31m<err> analog_axis_hires: Could not setup channel #1 (-5)[0m
[00:04:02.159,179] [1;31m<err> ads1220: config2 mismatch! 0x10 != 0x00[0m
[00:04:02.159,301] [1;31m<err> ads1220: config2 mismatch! 0x15 != 0x00[0m
[00:04:02.159,454] [1;31m<err> ads1220: config0 mismatch! 0x3C != 0x1C[0m
[00:04:02.159,454] [1;31m<err> analog_axis_hires: Could not setup channel #1 (-5)[0m
[00:04:02.167,236] [1;31m<err> ads1220: config2 mismatch! 0x10 != 0x00[0m
[00:04:02.167,358] [1;31m<err> ads1220: config2 mismatch! 0x15 != 0x00[0m
[00:04:02.167,480] [1;31m<err> ads1220: config0 mismatch! 0x3C != 0x1C[0m
[00:04:02.167,480] [1;31m<err> analog_axis_hires: Could not setup channel #1 (-5)[0m
[00:04:02.175,201] [1;31m<err> ads1220: config2 mismatch! 0x10 != 0x00[0m
[00:04:02.175,354] [1;31m<err> ads1220: config2 mismatch! 0x15 != 0x00[0m
[00:04:02.175,506] [1;31m<err> ads1220: config0 mismatch! 0x3C != 0x1C[0m
[00:04:02.175,506] [1;31m<err> analog_axis_hires: Could not setup channel #1 (-5)[0m
[00:04:02.183,258] [1;31m<err> ads1220: config2 mismatch! 0x10 != 0x00[0m
[00:04:02.183,380] [1;31m<err> ads1220: config2 mismatch! 0x15 != 0x00[0m
[00:04:02.183,532] [1;31m<err> ads1220: config0 mismatch! 0x3C != 0x1C[0m
[00:04:02.183,532] [1;31m<err> analog_axis_hires: Could not setup channel #1 (-5)[0m
[00:04:02.191,284] [1;31m<err> ads1220: config2 mismatch! 0x10 != 0x00[0m
[00:04:02.191,436] [1;31m<err> ads1220: config2 mismatch! 0x15 != 0x00[0m
[00:04:02.191,558] [1;31m<err> ads1220: config0 mismatch! 0x3C != 0x1C[0m
[00:04:02.191,558] [1;31m<err> analog_axis_hires: Could not setup channel #1 (-5)[0m
[00:04:02.199,279] [1;31m<err> ads1220: config2 mismatch! 0x10 != 0x00[0m
[00:04:02.199,432] [1;31m<err> ads1220: config2 mismatch! 0x15 != 0x00[0m
[00:04:02.199,584] [1;31m<err> ads1220: config0 mismatch! 0x3C != 0x1C[0m
[00:04:02.199,584] [1;31m<err> analog_axis_hires: Could not setup channel #1 (-5)[0m
[00:04:02.207,336] [1;31m<err> ads1220: config2 mismatch! 0x10 != 0x00[0m
[00:04:02.207,458] [1;31m<err> ads1220: config2 mismatch! 0x15 != 0x00[0m
[00:04:02.207,611] [1;31m<err> ads1220: config0 mismatch! 0x3C != 0x1C[0m
[00:04:02.207,611] [1;31m<err> analog_axis_hires: Could not setup channel #1 (-5)[0m
[00:04:02.215,393] [1;31m<err> ads1220: config2 mismatch! 0x10 != 0x00[0m
[00:04:02.215,515] [1;31m<err> ads1220: config2 mismatch! 0x15 != 0x00[0m
[00:04:02.215,667] [1;31m<err> ads1220: config0 mismatch! 0x3C != 0x1C[0m
[00:04:02.215,667] [1;31m<err> analog_axis_hires: Could not setup channel #1 (-5)[0m
[00:04:02.223,388] [1;31m<err> ads1220: config2 mismatch! 0x10 != 0x00[0m
[00:04:02.223,510] [1;31m<err> ads1220: config2 mismatch! 0x15 != 0x00[0m
[00:04:02.223,663] [1;31m<err> ads1220: config0 mismatch! 0x3C != 0x1C[0m
[00:04:02.223,663] [1;31m<err> analog_axis_hires: Could not setup channel #1 (-5)[0m
[00:04:02.231,414] [1;31m<err> ads1220: config2 mismatch! 0x10 != 0x00[0m
[00:04:02.231,536] [1;31m<err> ads1220: config2 mismatch! 0x15 != 0x00[0m
[00:04:02.231,689] [1;31m<err> ads1220: config0 mismatch! 0x3C != 0x1C[0m
[00:04:02.231,689] [1;31m<err> analog_axis_hires: Could not setup channel #1 (-5)[0m
[00:04:02.239,471] [1;31m<err> ads1220: config2 mismatch! 0x10 != 0x00[0m
[00:04:02.239,593] [1;31m<err> ads1220: config2 mismatch! 0x15 != 0x00[0m
[00:04:02.239,715] [1;31m<err> ads1220: config0 mismatch! 0x3C != 0x1C[0m
[00:04:02.239,746] [1;31m<err> analog_axis_hires: Could not setup channel #1 (-5)[0m
[00:04:02.247,436] [1;31m<err> ads1220: config2 mismatch! 0x10 != 0x00[0m
[00:04:02.247,589] [1;31m<err> ads1220: config2 mismatch! 0x15 != 0x00[0m
[00:04:02.247,741] [1;31m<err> ads1220: config0 mismatch! 0x3C != 0x1C[0m
[00:04:02.247,741] [1;31m<err> analog_axis_hires: Could not setup channel #1 (-5)[0m
[00:04:02.255,493] [1;31m<err> ads1220: config2 mismatch! 0x10 != 0x00[0m
[00:04:02.255,615] [1;31m<err> ads1220: config2 mismatch! 0x15 != 0x00[0m
[00:04:02.255,767] [1;31m<err> ads1220: config0 mismatch! 0x3C != 0x1C[0m
[00:04:02.255,767] [1;31m<err> analog_axis_hires: Could not setup channel #1 (-5)[0m
[00:04:02.263,549] [1;31m<err> ads1220: config2 mismatch! 0x10 != 0x00[0m
[00:04:02.263,671] [1;31m<err> ads1220: config2 mismatch! 0x15 != 0x00[0m
[00:04:02.263,793] [1;31m<err> ads1220: config0 mismatch! 0x3C != 0x1C[0m
[00:04:02.263,824] [1;31m<err> analog_axis_hires: Could not setup channel #1 (-5)[0m
[00:04:02.271,545] [1;31m<err> ads1220: config2 mismatch! 0x10 != 0x00[0m
[00:04:02.271,667] [1;31m<err> ads1220: config2 mismatch! 0x15 != 0x00[0m
[00:04:02.271,820] [1;31m<err> ads1220: config0 mismatch! 0x3C != 0x1C[0m
[00:04:02.271,850] [1;31m<err> analog_axis_hires: Could not setup channel #1 (-5)[0m
[00:04:02.279,571] [1;31m<err> ads1220: config2 mismatch! 0x10 != 0x00[0m
[00:04:02.279,693] [1;31m<err> ads1220: config2 mismatch! 0x15 != 0x00[0m
[00:04:02.279,846] [1;31m<err> ads1220: config0 mismatch! 0x3C != 0x1C[0m
[00:04:02.279,876] [1;31m<err> analog_axis_hires: Could not setup channel #1 (-5)[0m
[00:04:02.287,628] [1;31m<err> ads1220: config2 mismatch! 0x10 != 0x00[0m
[00:04:02.287,750] [1;31m<err> ads1220: config2 mismatch! 0x15 != 0x00[0m
[00:04:02.287,872] [1;31m<err> ads1220: config0 mismatch! 0x3C != 0x1C[0m
[00:04:02.287,902] [1;31m<err> analog_axis_hires: Could not setup channel #1 (-5)[0m
[00:04:02.295,593] [1;31m<err> ads1220: config2 mismatch! 0x10 != 0x00[0m
[00:04:02.295,745] [1;31m<err> ads1220: config2 mismatch! 0x15 != 0x00[0m
[00:04:02.295,898] [1;31m<err> ads1220: config0 mismatch! 0x3C != 0x1C[0m
[00:04:02.295,898] [1;31m<err> analog_axis_hires: Could not setup channel #1 (-5)[0m
[00:04:02.303,649] [1;31m<err> ads1220: config2 mismatch! 0x10 != 0x00[0m
[00:04:02.303,771] [1;31m<err> ads1220: config2 mismatch! 0x15 != 0x00[0m
[00:04:02.303,924] [1;31m<err> ads1220: config0 mismatch! 0x3C != 0x1C[0m
[00:04:02.303,955] [1;31m<err> analog_axis_hires: Could not setup channel #1 (-5)[0m
[00:04:02.311,706] [1;31m<err> ads1220: config2 mismatch! 0x10 != 0x00[0m
[00:04:02.311,828] [1;31m<err> ads1220: config2 mismatch! 0x15 != 0x00[0m
[00:04:02.311,950] [1;31m<err> ads1220: config0 mismatch! 0x3C != 0x1C[0m
[00:04:02.311,981] [1;31m<err> analog_axis_hires: Could not setup channel #1 (-5)[0m
[00:04:02.319,671] [1;31m<err> ads1220: config2 mismatch! 0x10 != 0x00[0m
[00:04:02.319,824] [1;31m<err> ads1220: config2 mismatch! 0x15 != 0x00[0m
[00:04:02.319,976] [1;31m<err> ads1220: config0 mismatch! 0x3C != 0x1C[0m
[00:04:02.319,976] [1;31m<err> analog_axis_hires: Could not setup channel #1 (-5)[0m
[00:04:02.327,728] [1;31m<err> ads1220: config2 mismatch! 0x10 != 0x00[0m
[00:04:02.327,850] [1;31m<err> ads1220: config2 mismatch! 0x15 != 0x00[0m
[00:04:02.328,002] [1;31m<err> ads1220: config0 mismatch! 0x3C != 0x1C[0m
[00:04:02.328,033] [1;31m<err> analog_axis_hires: Could not setup channel #1 (-5)[0m
[00:04:02.335,784] [1;31m<err> ads1220: config2 mismatch! 0x10 != 0x00[0m
[00:04:02.335,906] [1;31m<err> ads1220: config2 mismatch! 0x15 != 0x00[0m
[00:04:02.336,029] [1;31m<err> ads1220: config0 mismatch! 0x3C != 0x1C[0m
[00:04:02.336,059] [1;31m<err> analog_axis_hires: Could not setup channel #1 (-5)[0m
[00:04:02.343,750] [1;31m<err> ads1220: config2 mismatch! 0x10 != 0x00[0m
[00:04:02.343,902] [1;31m<err> ads1220: config2 mismatch! 0x15 != 0x00[0m
[00:04:02.344,055] [1;31m<err> ads1220: config0 mismatch! 0x3C != 0x1C[0m
[00:04:02.344,055] [1;31m<err> analog_axis_hires: Could not setup channel #1 (-5)[0m
[00:04:02.351,806] [1;31m<err> ads1220: config2 mismatch! 0x10 != 0x00[0m
[00:04:02.351,928] [1;31m<err> ads1220: config2 mismatch! 0x15 != 0x00[0m
[00:04:02.352,081] [1;31m<err> ads1220: config0 mismatch! 0x3C != 0x1C[0m
[00:04:02.352,111] [1;31m<err> analog_axis_hires: Could not setup channel #1 (-5)[0m
[00:04:02.359,863] [1;31m<err> ads1220: config2 mismatch! 0x10 != 0x00[0m
[00:04:02.359,985] [1;31m<err> ads1220: config2 mismatch! 0x15 != 0x00[0m
[00:04:02.360,107] [1;31m<err> ads1220: config0 mismatch! 0x3C != 0x1C[0m
[00:04:02.360,137] [1;31m<err> analog_axis_hires: Could not setup channel #1 (-5)[0m
[00:04:02.367,828] [1;31m<err> ads1220: config2 mismatch! 0x10 != 0x00[0m
[00:04:02.367,980] [1;31m<err> ads1220: config2 mismatch! 0x15 != 0x00[0m
[00:04:02.368,133] [1;31m<err> ads1220: config0 mismatch! 0x3C != 0x1C[0m
[00:04:02.368,133] [1;31m<err> analog_axis_hires: Could not setup channel #1 (-5)[0m
[00:04:02.375,885] [1;31m<err> ads1220: config2 mismatch! 0x10 != 0x00[0m
[00:04:02.376,007] [1;31m<err> ads1220: config2 mismatch! 0x15 != 0x00[0m
[00:04:02.376,159] [1;31m<err> ads1220: config0 mismatch! 0x3C != 0x1C[0m
[00:04:02.376,190] [1;31m<err> analog_axis_hires: Could not setup channel #1 (-5)[0m
[00:04:02.383,941] [1;31m<err> ads1220: config2 mismatch! 0x10 != 0x00[0m
[00:04:02.384,063] [1;31m<err> ads1220: config2 mismatch! 0x15 != 0x00[0m
[00:04:02.384,216] [1;31m<err> ads1220: config0 mismatch! 0x3C != 0x1C[0m
[00:04:02.384,216] [1;31m<err> analog_axis_hires: Could not setup channel #1 (-5)[0m
[00:04:02.391,906] [1;31m<err> ads1220: config2 mismatch! 0x10 != 0x00[0m
[00:04:02.392,059] [1;31m<err> ads1220: config2 mismatch! 0x15 != 0x00[0m
[00:04:02.392,211] [1;31m<err> ads1220: config0 mismatch! 0x3C != 0x1C[0m
[00:04:02.392,211] [1;31m<err> analog_axis_hires: Could not setup channel #1 (-5)[0m
[00:04:02.399,963] [1;31m<err> ads1220: config2 mismatch! 0x10 != 0x00[0m
[00:04:02.400,085] [1;31m<err> ads1220: config2 mismatch! 0x15 != 0x00[0m
[00:04:02.400,238] [1;31m<err> ads1220: config0 mismatch! 0x3C != 0x1C[0m
[00:04:02.400,268] [1;31m<err> analog_axis_hires: Could not setup channel #1 (-5)[0m
[00:04:02.407,989] [1;31m<err> ads1220: config2 mismatch! 0x10 != 0x00[0m
[00:04:02.408,142] [1;31m<err> ads1220: config2 mismatch! 0x15 != 0x00[0m
[00:04:02.408,264] [1;31m<err> ads1220: config0 mismatch! 0x3C != 0x1C[0m
[00:04:02.408,264] [1;31m<err> analog_axis_hires: Could not setup channel #1 (-5)[0m
[00:04:02.415,985] [1;31m<err> ads1220: config2 mismatch! 0x10 != 0x00[0m
[00:04:02.416,137] [1;31m<err> ads1220: config2 mismatch! 0x15 != 0x00[0m
[00:04:02.416,290] [1;31m<err> ads1220: config0 mismatch! 0x3C != 0x1C[0m
[00:04:02.416,290] [1;31m<err> analog_axis_hires: Could not setup channel #1 (-5)[0m
[00:04:02.424,041] [1;31m<err> ads1220: config2 mismatch! 0x10 != 0x00[0m
[00:04:02.424,163] [1;31m<err> ads1220: config2 mismatch! 0x15 != 0x00[0m
[00:04:02.424,316] [1;31m<err> ads1220: config0 mismatch! 0x3C != 0x1C[0m
[00:04:02.424,346] [1;31m<err> analog_axis_hires: Could not setup channel #1 (-5)[0m
[00:04:02.432,067] [1;31m<err> ads1220: config2 mismatch! 0x10 != 0x00[0m
[00:04:02.432,220] [1;31m<err> ads1220: config2 mismatch! 0x15 != 0x00[0m
[00:04:02.432,342] [1;31m<err> ads1220: config0 mismatch! 0x3C != 0x1C[0m
[00:04:02.432,342] [1;31m<err> analog_axis_hires: Could not setup channel #1 (-5)[0m
[00:04:02.440,063] [1;31m<err> ads1220: config2 mismatch! 0x10 != 0x00[0m
[00:04:02.440,216] [1;31m<err> ads1220: config2 mismatch! 0x15 != 0x00[0m
[00:04:02.440,368] [1;31m<err> ads1220: config0 mismatch! 0x3C != 0x1C[0m
[00:04:02.440,368] [1;31m<err> analog_axis_hires: Could not setup channel #1 (-5)[0m
[00:04:02.448,120] [1;31m<err> ads1220: config2 mismatch! 0x10 != 0x00[0m
[00:04:02.448,242] [1;31m<err> ads1220: config2 mismatch! 0x15 != 0x00[0m
[00:04:02.448,394] [1;31m<err> ads1220: config0 mismatch! 0x3C != 0x1C[0m
[00:04:02.448,425] [1;31m<err> analog_axis_hires: Could not setup channel #1 (-5)[0m
[00:04:02.456,146] [1;31m<err> ads1220: config2 mismatch! 0x10 != 0x00[0m
[00:04:02.456,298] [1;31m<err> ads1220: config2 mismatch! 0x15 != 0x00[0m
[00:04:02.456,420] [1;31m<err> ads1220: config0 mismatch! 0x3C != 0x1C[0m
[00:04:02.456,420] [1;31m<err> analog_axis_hires: Could not setup channel #1 (-5)[0m
[00:04:02.464,202] [1;31m<err> ads1220: config2 mismatch! 0x10 != 0x00[0m
[00:04:02.464,355] [1;31m<err> ads1220: config2 mismatch! 0x15 != 0x00[0m
[00:04:02.464,508] [1;31m<err> ads1220: config0 mismatch! 0x3C != 0x1C[0m
[00:04:02.464,508] [1;31m<err> analog_axis_hires: Could not setup channel #1 (-5)[0m
[00:04:02.472,198] [1;31m<err> ads1220: config2 mismatch! 0x10 != 0x00[0m
[00:04:02.472,320] [1;31m<err> ads1220: config2 mismatch! 0x15 != 0x00[0m
[00:04:02.472,473] [1;31m<err> ads1220: config0 mismatch! 0x3C != 0x1C[0m
[00:04:02.472,503] [1;31m<err> analog_axis_hires: Could not setup channel #1 (-5)[0m
[00:04:02.480,224] [1;31m<err> ads1220: config2 mismatch! 0x10 != 0x00[0m
[00:04:02.480,346] [1;31m<err> ads1220: config2 mismatch! 0x15 != 0x00[0m
[00:04:02.480,499] [1;31m<err> ads1220: config0 mismatch! 0x3C != 0x1C[0m
[00:04:02.480,499] [1;31m<err> analog_axis_hires: Could not setup channel #1 (-5)[0m
[00:04:02.488,220] [1;31m<err> ads1220: config2 mismatch! 0x10 != 0x00[0m
[00:04:02.488,372] [1;31m<err> ads1220: config2 mismatch! 0x15 != 0x00[0m
[00:04:02.488,525] [1;31m<err> ads1220: config0 mismatch! 0x3C != 0x1C[0m
[00:04:02.488,525] [1;31m<err> analog_axis_hires: Could not setup channel #1 (-5)[0m
[00:04:02.496,276] [1;31m<err> ads1220: config2 mismatch! 0x10 != 0x00[0m
[00:04:02.496,398] [1;31m<err> ads1220: config2 mismatch! 0x15 != 0x00[0m
[00:04:02.496,551] [1;31m<err> ads1220: config0 mismatch! 0x3C != 0x1C[0m
[00:04:02.496,582] [1;31m<err> analog_axis_hires: Could not setup channel #1 (-5)[0m
[00:04:02.504,333] [1;31m<err> ads1220: config2 mismatch! 0x10 != 0x00[0m
[00:04:02.504,455] [1;31m<err> ads1220: config2 mismatch! 0x15 != 0x00[0m
[00:04:02.504,577] [1;31m<err> ads1220: config0 mismatch! 0x3C != 0x1C[0m
[00:04:02.504,608] [1;31m<err> analog_axis_hires: Could not setup channel #1 (-5)[0m
[00:04:02.512,298] [1;31m<err> ads1220: config2 mismatch! 0x10 != 0x00[0m
[00:04:02.512,451] [1;31m<err> ads1220: config2 mismatch! 0x15 != 0x00[0m
[00:04:02.512,603] [1;31m<err> ads1220: config0 mismatch! 0x3C != 0x1C[0m
[00:04:02.512,603] [1;31m<err> analog_axis_hires: Could not setup channel #1 (-5)[0m
[00:04:02.520,355] [1;31m<err> ads1220: config2 mismatch! 0x10 != 0x00[0m
[00:04:02.520,477] [1;31m<err> ads1220: config2 mismatch! 0x15 != 0x00[0m
[00:04:02.520,629] [1;31m<err> ads1220: config0 mismatch! 0x3C != 0x1C[0m
[00:04:02.520,660] [1;31m<err> analog_axis_hires: Could not setup channel #1 (-5)[0m
[00:04:02.528,411] [1;31m<err> ads1220: config2 mismatch! 0x10 != 0x00[0m
[00:04:02.528,533] [1;31m<err> ads1220: config2 mismatch! 0x15 != 0x00[0m
[00:04:02.528,656] [1;31m<err> ads1220: config0 mismatch! 0x3C != 0x1C[0m
[00:04:02.528,686] [1;31m<err> analog_axis_hires: Could not setup channel #1 (-5)[0m
[00:04:02.536,376] [1;31m<err> ads1220: config2 mismatch! 0x10 != 0x00[0m
[00:04:02.536,529] [1;31m<err> ads1220: config2 mismatch! 0x15 != 0x00[0m
[00:04:02.536,682] [1;31m<err> ads1220: config0 mismatch! 0x3C != 0x1C[0m
[00:04:02.536,682] [1;31m<err> analog_axis_hires: Could not setup channel #1 (-5)[0m
[00:04:02.544,433] [1;31m<err> ads1220: config2 mismatch! 0x10 != 0x00[0m
[00:04:02.544,555] [1;31m<err> ads1220: config2 mismatch! 0x15 != 0x00[0m
[00:04:02.544,708] [1;31m<err> ads1220: config0 mismatch! 0x3C != 0x1C[0m
[00:04:02.544,738] [1;31m<err> analog_axis_hires: Could not setup channel #1 (-5)[0m
[00:04:02.552,490] [1;31m<err> ads1220: config2 mismatch! 0x10 != 0x00[0m
[00:04:02.552,612] [1;31m<err> ads1220: config2 mismatch! 0x15 != 0x00[0m
[00:04:02.552,734] [1;31m<err> ads1220: config0 mismatch! 0x3C != 0x1C[0m
[00:04:02.552,764] [1;31m<err> analog_axis_hires: Could not setup channel #1 (-5)[0m
[00:04:02.560,485] [1;31m<err> ads1220: config2 mismatch! 0x10 != 0x00[0m
[00:04:02.560,607] [1;31m<err> ads1220: config2 mismatch! 0x15 != 0x00[0m
[00:04:02.560,760] [1;31m<err> ads1220: config0 mismatch! 0x3C != 0x1C[0m
[00:04:02.560,791] [1;31m<err> analog_axis_hires: Could not setup channel #1 (-5)[0m
[00:04:02.568,511] [1;31m<err> ads1220: config2 mismatch! 0x10 != 0x00[0m
[00:04:02.568,634] [1;31m<err> ads1220: config2 mismatch! 0x15 != 0x00[0m
[00:04:02.568,786] [1;31m<err> ads1220: config0 mismatch! 0x3C != 0x1C[0m
[00:04:02.568,817] [1;31m<err> analog_axis_hires: Could not setup channel #1 (-5)[0m
[00:04:02.576,568] [1;31m<err> ads1220: config2 mismatch! 0x10 != 0x00[0m
[00:04:02.576,690] [1;31m<err> ads1220: config2 mismatch! 0x15 != 0x00[0m
[00:04:02.576,812] [1;31m<err> ads1220: config0 mismatch! 0x3C != 0x1C[0m
[00:04:02.576,843] [1;31m<err> analog_axis_hires: Could not setup channel #1 (-5)[0m
[00:04:02.584,533] [1;31m<err> ads1220: config2 mismatch! 0x10 != 0x00[0m
[00:04:02.584,686] [1;31m<err> ads1220: config2 mismatch! 0x15 != 0x00[0m
[00:04:02.584,838] [1;31m<err> ads1220: config0 mismatch! 0x3C != 0x1C[0m
[00:04:02.584,838] [1;31m<err> analog_axis_hires: Could not setup channel #1 (-5)[0m
[00:04:02.592,590] [1;31m<err> ads1220: config2 mismatch! 0x10 != 0x00[0m
[00:04:02.592,712] [1;31m<err> ads1220: config2 mismatch! 0x15 != 0x00[0m
[00:04:02.592,864] [1;31m<err> ads1220: config0 mismatch! 0x3C != 0x1C[0m
[00:04:02.592,895] [1;31m<err> analog_axis_hires: Could not setup channel #1 (-5)[0m
[00:04:02.600,646] [1;31m<err> ads1220: config2 mismatch! 0x10 != 0x00[0m
[00:04:02.600,769] [1;31m<err> ads1220: config2 mismatch! 0x15 != 0x00[0m
[00:04:02.600,891] [1;31m<err> ads1220: config0 mismatch! 0x3C != 0x1C[0m
[00:04:02.600,921] [1;31m<err> analog_axis_hires: Could not setup channel #1 (-5)[0m
[00:04:02.608,612] [1;31m<err> ads1220: config2 mismatch! 0x10 != 0x00[0m
[00:04:02.608,764] [1;31m<err> ads1220: config2 mismatch! 0x15 != 0x00[0m
[00:04:02.608,917] [1;31m<err> ads1220: config0 mismatch! 0x3C != 0x1C[0m
[00:04:02.608,917] [1;31m<err> analog_axis_hires: Could not setup channel #1 (-5)[0m
[00:04:02.616,668] [1;31m<err> ads1220: config2 mismatch! 0x10 != 0x00[0m
[00:04:02.616,790] [1;31m<err> ads1220: config2 mismatch! 0x15 != 0x00[0m
[00:04:02.616,943] [1;31m<err> ads1220: config0 mismatch! 0x3C != 0x1C[0m
[00:04:02.616,973] [1;31m<err> analog_axis_hires: Could not setup channel #1 (-5)[0m
[00:04:02.624,694] [1;31m<err> ads1220: config2 mismatch! 0x10 != 0x00[0m
[00:04:02.624,816] [1;31m<err> ads1220: config2 mismatch! 0x15 != 0x00[0m
[00:04:02.624,938] [1;31m<err> ads1220: config0 mismatch! 0x3C != 0x1C[0m
[00:04:02.624,969] [1;31m<err> analog_axis_hires: Could not setup channel #1 (-5)[0m
[00:04:02.632,690] [1;31m<err> ads1220: config2 mismatch! 0x10 != 0x00[0m
[00:04:02.632,843] [1;31m<err> ads1220: config2 mismatch! 0x15 != 0x00[0m
[00:04:02.632,995] [1;31m<err> ads1220: config0 mismatch! 0x3C != 0x1C[0m
[00:04:02.632,995] [1;31m<err> analog_axis_hires: Could not setup channel #1 (-5)[0m
[00:04:02.640,747] [1;31m<err> ads1220: config2 mismatch! 0x10 != 0x00[0m
[00:04:02.640,869] [1;31m<err> ads1220: config2 mismatch! 0x15 != 0x00[0m
[00:04:02.641,021] [1;31m<err> ads1220: config0 mismatch! 0x3C != 0x1C[0m
[00:04:02.641,052] [1;31m<err> analog_axis_hires: Could not setup channel #1 (-5)[0m
[00:04:02.648,803] [1;31m<err> ads1220: config2 mismatch! 0x10 != 0x00[0m
[00:04:02.648,925] [1;31m<err> ads1220: config2 mismatch! 0x15 != 0x00[0m
[00:04:02.649,047] [1;31m<err> ads1220: config0 mismatch! 0x3C != 0x1C[0m
[00:04:02.649,078] [1;31m<err> analog_axis_hires: Could not setup channel #1 (-5)[0m
[00:04:02.656,768] [1;31m<err> ads1220: config2 mismatch! 0x10 != 0x00[0m
[00:04:02.656,921] [1;31m<err> ads1220: config2 mismatch! 0x15 != 0x00[0m
[00:04:02.657,073] [1;31m<err> ads1220: config0 mismatch! 0x3C != 0x1C[0m
[00:04:02.657,073] [1;31m<err> analog_axis_hires: Could not setup channel #1 (-5)[0m
[00:04:02.664,825] [1;31m<err> ads1220: config2 mismatch! 0x10 != 0x00[0m
[00:04:02.664,947] [1;31m<err> ads1220: config2 mismatch! 0x15 != 0x00[0m
[00:04:02.665,100] [1;31m<err> ads1220: config0 mismatch! 0x3C != 0x1C[0m
[00:04:02.665,130] [1;31m<err> analog_axis_hires: Could not setup channel #1 (-5)[0m
[00:04:02.672,882] [1;31m<err> ads1220: config2 mismatch! 0x10 != 0x00[0m
[00:04:02.673,004] [1;31m<err> ads1220: config2 mismatch! 0x15 != 0x00[0m
[00:04:02.673,126] [1;31m<err> ads1220: config0 mismatch! 0x3C != 0x1C[0m
[00:04:02.673,126] [1;31m<err> analog_axis_hires: Could not setup channel #1 (-5)[0m
[00:04:02.680,908] [1;31m<err> ads1220: config2 mismatch! 0x10 != 0x00[0m
[00:04:02.681,060] [1;31m<err> ads1220: config2 mismatch! 0x15 != 0x00[0m
[00:04:02.681,213] [1;31m<err> ads1220: config0 mismatch! 0x3C != 0x1C[0m
[00:04:02.681,213] [1;31m<err> analog_axis_hires: Could not setup channel #1 (-5)[0m
[00:04:02.688,903] [1;31m<err> ads1220: config2 mismatch! 0x10 != 0x00[0m
[00:04:02.689,025] [1;31m<err> ads1220: config2 mismatch! 0x15 != 0x00[0m
[00:04:02.689,178] [1;31m<err> ads1220: config0 mismatch! 0x3C != 0x1C[0m
[00:04:02.689,208] [1;31m<err> analog_axis_hires: Could not setup channel #1 (-5)[0m
[00:04:02.696,960] [1;31m<err> ads1220: config2 mismatch! 0x10 != 0x00[0m
[00:04:02.697,082] [1;31m<err> ads1220: config2 mismatch! 0x15 != 0x00[0m
[00:04:02.697,235] [1;31m<err> ads1220: config0 mismatch! 0x3C != 0x1C[0m
[00:04:02.697,235] [1;31m<err> analog_axis_hires: Could not setup channel #1 (-5)[0m
[00:04:02.704,986] [1;31m<err> ads1220: config2 mismatch! 0x10 != 0x00[0m
[00:04:02.705,139] [1;31m<err> ads1220: config2 mismatch! 0x15 != 0x00[0m
[00:04:02.705,291] [1;31m<err> ads1220: config0 mismatch! 0x3C != 0x1C[0m
[00:04:02.705,291] [1;31m<err> analog_axis_hires: Could not setup channel #1 (-5)[0m
[00:04:02.712,982] [1;31m<err> ads1220: config2 mismatch! 0x10 != 0x00[0m
[00:04:02.713,104] [1;31m<err> ads1220: config2 mismatch! 0x15 != 0x00[0m
[00:04:02.713,256] [1;31m<err> ads1220: config0 mismatch! 0x3C != 0x1C[0m
[00:04:02.713,287] [1;31m<err> analog_axis_hires: Could not setup channel #1 (-5)[0m
[00:04:02.721,038] [1;31m<err> ads1220: config2 mismatch! 0x10 != 0x00[0m
[00:04:02.721,160] [1;31m<err> ads1220: config2 mismatch! 0x15 != 0x00[0m
[00:04:02.721,313] [1;31m<err> ads1220: config0 mismatch! 0x3C != 0x1C[0m
[00:04:02.721,313] [1;31m<err> analog_axis_hires: Could not setup channel #1 (-5)[0m
[00:04:02.729,003] [1;31m<err> ads1220: config2 mismatch! 0x10 != 0x00[0m
[00:04:02.729,156] [1;31m<err> ads1220: config2 mismatch! 0x15 != 0x00[0m
[00:04:02.729,309] [1;31m<err> ads1220: config0 mismatch! 0x3C != 0x1C[0m
[00:04:02.729,309] [1;31m<err> analog_axis_hires: Could not setup channel #1 (-5)[0m
[00:04:02.737,060] [1;31m<err> ads1220: config2 mismatch! 0x10 != 0x00[0m
[00:04:02.737,182] [1;31m<err> ads1220: config2 mismatch! 0x15 != 0x00[0m
[00:04:02.737,335] [1;31m<err> ads1220: config0 mismatch! 0x3C != 0x1C[0m
[00:04:02.737,365] [1;31m<err> analog_axis_hires: Could not setup channel #1 (-5)[0m
[00:04:02.745,086] [1;31m<err> ads1220: config2 mismatch! 0x10 != 0x00[0m
[00:04:02.745,239] [1;31m<err> ads1220: config2 mismatch! 0x15 != 0x00[0m
[00:04:02.745,361] [1;31m<err> ads1220: config0 mismatch! 0x3C != 0x1C[0m
[00:04:02.745,361] [1;31m<err> analog_axis_hires: Could not setup channel #1 (-5)[0m
[00:04:02.753,082] [1;31m<err> ads1220: config2 mismatch! 0x10 != 0x00[0m
[00:04:02.753,234] [1;31m<err> ads1220: config2 mismatch! 0x15 != 0x00[0m
[00:04:02.753,387] [1;31m<err> ads1220: config0 mismatch! 0x3C != 0x1C[0m
[00:04:02.753,387] [1;31m<err> analog_axis_hires: Could not setup channel #1 (-5)[0m
[00:04:02.761,138] [1;31m<err> ads1220: config2 mismatch! 0x10 != 0x00[0m
[00:04:02.761,260] [1;31m<err> ads1220: config2 mismatch! 0x15 != 0x00[0m
[00:04:02.761,413] [1;31m<err> ads1220: config0 mismatch! 0x3C != 0x1C[0m
[00:04:02.761,444] [1;31m<err> analog_axis_hires: Could not setup channel #1 (-5)[0m
[00:04:02.769,165] [1;31m<err> ads1220: config2 mismatch! 0x10 != 0x00[0m
[00:04:02.769,317] [1;31m<err> ads1220: config2 mismatch! 0x15 != 0x00[0m
[00:04:02.769,439] [1;31m<err> ads1220: config0 mismatch! 0x3C != 0x1C[0m
[00:04:02.769,439] [1;31m<err> analog_axis_hires: Could not setup channel #1 (-5)[0m
[00:04:02.777,160] [1;31m<err> ads1220: config2 mismatch! 0x10 != 0x00[0m
[00:04:02.777,313] [1;31m<err> ads1220: config2 mismatch! 0x15 != 0x00[0m
[00:04:02.777,465] [1;31m<err> ads1220: config0 mismatch! 0x3C != 0x1C[0m
[00:04:02.777,465] [1;31m<err> analog_axis_hires: Could not setup channel #1 (-5)[0m
[00:04:02.785,217] [1;31m<err> ads1220: config2 mismatch! 0x10 != 0x00[0m
[00:04:02.785,339] [1;31m<err> ads1220: config2 mismatch! 0x15 != 0x00[0m
[00:04:02.785,491] [1;31m<err> ads1220: config0 mismatch! 0x3C != 0x1C[0m
[00:04:02.785,522] [1;31m<err> analog_axis_hires: Could not setup channel #1 (-5)[0m
[00:04:02.793,273] [1;31m<err> ads1220: config2 mismatch! 0x10 != 0x00[0m
[00:04:02.793,395] [1;31m<err> ads1220: config2 mismatch! 0x15 != 0x00[0m
[00:04:02.793,518] [1;31m<err> ads1220: config0 mismatch! 0x3C != 0x1C[0m
[00:04:02.793,548] [1;31m<err> analog_axis_hires: Could not setup channel #1 (-5)[0m
[00:04:02.801,239] [1;31m<err> ads1220: config2 mismatch! 0x10 != 0x00[0m
[00:04:02.801,391] [1;31m<err> ads1220: config2 mismatch! 0x15 != 0x00[0m
[00:04:02.801,544] [1;31m<err> ads1220: config0 mismatch! 0x3C != 0x1C[0m
[00:04:02.801,544] [1;31m<err> analog_axis_hires: Could not setup channel #1 (-5)[0m
[00:04:02.809,295] [1;31m<err> ads1220: config2 mismatch! 0x10 != 0x00[0m
[00:04:02.809,417] [1;31m<err> ads1220: config2 mismatch! 0x15 != 0x00[0m
[00:04:02.809,570] [1;31m<err> ads1220: config0 mismatch! 0x3C != 0x1C[0m
[00:04:02.809,600] [1;31m<err> analog_axis_hires: Could not setup channel #1 (-5)[0m
[00:04:02.817,352] [1;31m<err> ads1220: config2 mismatch! 0x10 != 0x00[0m
[00:04:02.817,474] [1;31m<err> ads1220: config2 mismatch! 0x15 != 0x00[0m
[00:04:02.817,596] [1;31m<err> ads1220: config0 mismatch! 0x3C != 0x1C[0m
[00:04:02.817,626] [1;31m<err> analog_axis_hires: Could not setup channel #1 (-5)[0m
[00:04:02.825,317] [1;31m<err> ads1220: config2 mismatch! 0x10 != 0x00[0m
[00:04:02.825,469] [1;31m<err> ads1220: config2 mismatch! 0x15 != 0x00[0m
[00:04:02.825,622] [1;31m<err> ads1220: config0 mismatch! 0x3C != 0x1C[0m
[00:04:02.825,622] [1;31m<err> analog_axis_hires: Could not setup channel #1 (-5)[0m
[00:04:02.833,374] [1;31m<err> ads1220: config2 mismatch! 0x10 != 0x00[0m
[00:04:02.833,496] [1;31m<err> ads1220: config2 mismatch! 0x15 != 0x00[0m
[00:04:02.833,648] [1;31m<err> ads1220: config0 mismatch! 0x3C != 0x1C[0m
[00:04:02.833,679] [1;31m<err> analog_axis_hires: Could not setup channel #1 (-5)[0m
[00:04:02.841,430] [1;31m<err> ads1220: config2 mismatch! 0x10 != 0x00[0m
[00:04:02.841,552] [1;31m<err> ads1220: config2 mismatch! 0x15 != 0x00[0m
[00:04:02.841,674] [1;31m<err> ads1220: config0 mismatch! 0x3C != 0x1C[0m
[00:04:02.841,705] [1;31m<err> analog_axis_hires: Could not setup channel #1 (-5)[0m
[00:04:02.849,426] [1;31m<err> ads1220: config2 mismatch! 0x10 != 0x00[0m
[00:04:02.849,548] [1;31m<err> ads1220: config2 mismatch! 0x15 != 0x00[0m
[00:04:02.849,700] [1;31m<err> ads1220: config0 mismatch! 0x3C != 0x1C[0m
[00:04:02.849,731] [1;31m<err> analog_axis_hires: Could not setup channel #1 (-5)[0m
[00:04:02.857,452] [1;31m<err> ads1220: config2 mismatch! 0x10 != 0x00[0m
[00:04:02.857,574] [1;31m<err> ads1220: config2 mismatch! 0x15 != 0x00[0m
[00:04:02.857,727] [1;31m<err> ads1220: config0 mismatch! 0x3C != 0x1C[0m
[00:04:02.857,757] [1;31m<err> analog_axis_hires: Could not setup channel #1 (-5)[0m
[00:04:02.865,509] [1;31m<err> ads1220: config2 mismatch! 0x10 != 0x00[0m
[00:04:02.865,631] [1;31m<err> ads1220: config2 mismatch! 0x15 != 0x00[0m
[00:04:02.865,753] [1;31m<err> ads1220: config0 mismatch! 0x3C != 0x1C[0m
[00:04:02.865,783] [1;31m<err> analog_axis_hires: Could not setup channel #1 (-5)[0m

### sent: spi transceive 06
spi transceive 06
[00:04:02.873,504] [1;31m<err> ads1220: config2 mismatch! 0x10 != 0x00[0m
[00:04:02.873,626] [1;31m<err> ads1220: config2 mismatch! 0x15 != 0x00[0m
[00:04:02.873,779] [1;31m<err> ads1220: config0 mismatch! 0x3C != 0x1C[0m
[00:04:02.873,809] [1;31m<err> analog_axis_hires: Could not setup channel #1 (-5)[0m
[00:04:02.881,530] [1;31m<err> ads1220: config2 mismatch! 0x10 != 0x00[0m
[00:04:02.881,652] [1;31m<err> ads1220: config2 mismatch! 0x15 != 0x00[0m
[00:04:02.881,805] [1;31m<err> ads1220: config0 mismatch! 0x3C != 0x1C[0m
[00:04:02.881,835] [1;31m<err> analog_axis_hires: Could not setup channel #1 (-5)[0m
TX:
00000000: 06                                               |.                |
RX:
00000000: 00                                               |.                |
[1;32muart:~$ [m[00:04:02.894,592] [1;31m<err> ads1220: config2 mismatch! 0x10 != 0x00[0m
[00:04:02.894,744] [1;31m<err> ads1220: config2 mismatch! 0x15 != 0x00[0m
[00:04:02.895,080] [1;31m<err> ads1220: config0 mismatch! 0x3C != 0x00[0m
[00:04:02.895,172] [1;31m<err> analog_axis_hires: Could not setup channel #1 (-5)[0m
[00:04:02.945,098] [1;31m<err> ads1220: config2 mismatch! 0x10 != 0xE3[0m
[00:04:02.945,251] [1;31m<err> ads1220: config2 mismatch! 0x15 != 0xE3[0m
[00:04:02.945,404] [1;31m<err> ads1220: config0 mismatch! 0x3C != 0x00[0m
[00:04:02.945,404] [1;31m<err> analog_axis_hires: Could not setup channel #1 (-5)[0m
[00:04:02.995,361] [1;31m<err> ads1220: config2 mismatch! 0x10 != 0xE4[0m
[00:04:02.995,483] [1;31m<err> ads1220: config2 mismatch! 0x15 != 0xE4[0m
[00:04:02.995,635] [1;31m<err> ads1220: config0 mismatch! 0x3C != 0x00[0m
[00:04:02.995,666] [1;31m<err> analog_axis_hires: Could not setup channel #1 (-5)[0m
[00:04:03.045,593] [1;31m<err> ads1220: config2 mismatch! 0x10 != 0xE6[0m
[00:04:03.045,745] [1;31m<err> ads1220: config2 mismatch! 0x15 != 0xE6[0m
[00:04:03.045,898] [1;31m<err> ads1220: config0 mismatch! 0x3C != 0x00[0m
[00:04:03.045,898] [1;31m<err> analog_axis_hires: Could not setup channel #1 (-5)[0m
[00:04:03.095,855] [1;31m<err> ads1220: config2 mismatch! 0x10 != 0xE6[0m
[00:04:03.096,008] [1;31m<err> ads1220: config2 mismatch! 0x15 != 0xE6[0m
[00:04:03.096,130] [1;31m<err> ads1220: config0 mismatch! 0x3C != 0x00[0m
[00:04:03.096,160] [1;31m<err> analog_axis_hires: Could not setup channel #1 (-5)[0m
[00:04:03.146,087] [1;31m<err> ads1220: config2 mismatch! 0x10 != 0xE7[0m
[00:04:03.146,240] [1;31m<err> ads1220: config2 mismatch! 0x15 != 0xE7[0m
[00:04:03.146,392] [1;31m<err> ads1220: config0 mismatch! 0x3C != 0x00[0m
[00:04:03.146,392] [1;31m<err> analog_axis_hires: Could not setup channel #1 (-5)[0m
[00:04:03.196,350] [1;31m<err> ads1220: config2 mismatch! 0x10 != 0xE8[0m
[00:04:03.196,502] [1;31m<err> ads1220: config2 mismatch! 0x15 != 0xE8[0m
[00:04:03.196,624] [1;31m<err> ads1220: config0 mismatch! 0x3C != 0x00[0m
[00:04:03.196,655] [1;31m<err> analog_axis_hires: Could not setup channel #1 (-5)[0m
[00:04:03.246,582] [1;31m<err> ads1220: config2 mismatch! 0x10 != 0xE8[0m
[00:04:03.246,734] [1;31m<err> ads1220: config2 mismatch! 0x15 != 0xE8[0m
[00:04:03.246,887] [1;31m<err> ads1220: config0 mismatch! 0x3C != 0x00[0m
[00:04:03.246,887] [1;31m<err> analog_axis_hires: Could not setup channel #1 (-5)[0m
[00:04:03.296,844] [1;31m<err> ads1220: config2 mismatch! 0x10 != 0xE8[0m
[00:04:03.296,997] [1;31m<err> ads1220: config2 mismatch! 0x15 != 0xE8[0m
[00:04:03.297,149] [1;31m<err> ads1220: config0 mismatch! 0x3C != 0x00[0m
[00:04:03.297,149] [1;31m<err> analog_axis_hires: Could not setup channel #1 (-5)[0m
[00:04:03.347,106] [1;31m<err> ads1220: config2 mismatch! 0x10 != 0xE6[0m
[00:04:03.347,259] [1;31m<err> ads1220: config2 mismatch! 0x15 != 0xE6[0m
[00:04:03.347,412] [1;31m<err> ads1220: config0 mismatch! 0x3C != 0x00[0m
[00:04:03.347,412] [1;31m<err> analog_axis_hires: Could not setup channel #1 (-5)[0m
[00:04:03.397,369] [1;31m<err> ads1220: config2 mismatch! 0x10 != 0xE8[0m
[00:04:03.397,521] [1;31m<err> ads1220: config2 mismatch! 0x15 != 0xE8[0m
[00:04:03.397,674] [1;31m<err> ads1220: config0 mismatch! 0x3C != 0x00[0m
[00:04:03.397,674] [1;31m<err> analog_axis_hires: Could not setup channel #1 (-5)[0m
[00:04:03.447,631] [1;31m<err> ads1220: config2 mismatch! 0x10 != 0xE7[0m
[00:04:03.447,814] [1;31m<err> ads1220: config2 mismatch! 0x15 != 0xE7[0m
[00:04:03.447,967] [1;31m<err> ads1220: config0 mismatch! 0x3C != 0x00[0m
[00:04:03.447,967] [1;31m<err> analog_axis_hires: Could not setup channel #1 (-5)[0m
[00:04:03.497,924] [1;31m<err> ads1220: config2 mismatch! 0x10 != 0xE7[0m
[00:04:03.498,046] [1;31m<err> ads1220: config2 mismatch! 0x15 != 0xE7[0m
[00:04:03.498,199] [1;31m<err> ads1220: config0 mismatch! 0x3C != 0x00[0m
[00:04:03.498,229] [1;31m<err> analog_axis_hires: Could not setup channel #1 (-5)[0m
[00:04:03.548,187] [1;31m<err> ads1220: config2 mismatch! 0x10 != 0xE6[0m
[00:04:03.548,309] [1;31m<err> ads1220: config2 mismatch! 0x15 != 0xE6[0m
[00:04:03.548,461] [1;31m<err> ads1220: config0 mismatch! 0x3C != 0x00[0m
[00:04:03.548,492] [1;31m<err> analog_axis_hires: Could not setup channel #1 (-5)[0m
[00:04:03.598,419] [1;31m<err> ads1220: config2 mismatch! 0x10 != 0xE6[0m
[00:04:03.598,571] [1;31m<err> ads1220: config2 mismatch! 0x15 != 0xE6[0m
[00:04:03.598,724] [1;31m<err> ads1220: config0 mismatch! 0x3C != 0x00[0m
[00:04:03.598,724] [1;31m<err> analog_axis_hires: Could not setup channel #1 (-5)[0m
[00:04:03.648,712] [1;31m<err> ads1220: config2 mismatch! 0x10 != 0xE6[0m
[00:04:03.648,834] [1;31m<err> ads1220: config2 mismatch! 0x15 != 0xE6[0m
[00:04:03.648,986] [1;31m<err> ads1220: config0 mismatch! 0x3C != 0x00[0m
[00:04:03.649,017] [1;31m<err> analog_axis_hires: Could not setup channel #1 (-5)[0m
[00:04:03.698,944] [1;31m<err> ads1220: config2 mismatch! 0x10 != 0xE6[0m
[00:04:03.699,096] [1;31m<err> ads1220: config2 mismatch! 0x15 != 0xE6[0m
[00:04:03.699,249] [1;31m<err> ads1220: config0 mismatch! 0x3C != 0x00[0m
[00:04:03.699,249] [1;31m<err> analog_axis_hires: Could not setup channel #1 (-5)[0m
[00:04:03.749,206] [1;31m<err> ads1220: config2 mismatch! 0x10 != 0xE6[0m
[00:04:03.749,359] [1;31m<err> ads1220: config2 mismatch! 0x15 != 0xE6[0m
[00:04:03.749,511] [1;31m<err> ads1220: config0 mismatch! 0x3C != 0x00[0m
[00:04:03.749,511] [1;31m<err> analog_axis_hires: Could not setup channel #1 (-5)[0m
[00:04:03.799,468] [1;31m<err> ads1220: config2 mismatch! 0x10 != 0xE5[0m
[00:04:03.799,591] [1;31m<err> ads1220: config2 mismatch! 0x15 != 0xE5[0m
[00:04:03.799,743] [1;31m<err> ads1220: config0 mismatch! 0x3C != 0x00[0m
[00:04:03.799,774] [1;31m<err> analog_axis_hires: Could not setup channel #1 (-5)[0m
[00:04:03.849,731] [1;31m<err> ads1220: config2 mismatch! 0x10 != 0xE5[0m
[00:04:03.849,853] [1;31m<err> ads1220: config2 mismatch! 0x15 != 0xE5[0m
[00:04:03.850,006] [1;31m<err> ads1220: config0 mismatch! 0x3C != 0x00[0m
[00:04:03.850,036] [1;31m<err> analog_axis_hires: Could not setup channel #1 (-5)[0m
[00:04:03.899,963] [1;31m<err> ads1220: config2 mismatch! 0x10 != 0xE5[0m
[00:04:03.900,115] [1;31m<err> ads1220: config2 mismatch! 0x15 != 0xE5[0m
[00:04:03.900,268] [1;31m<err> ads1220: config0 mismatch! 0x3C != 0x00[0m
[00:04:03.900,268] [1;31m<err> analog_axis_hires: Could not setup channel #1 (-5)[0m
[00:04:03.950,225] [1;31m<err> ads1220: config2 mismatch! 0x10 != 0xE5[0m
[00:04:03.950,378] [1;31m<err> ads1220: config2 mismatch! 0x15 != 0xE5[0m
[00:04:03.950,531] [1;31m<err> ads1220: config0 mismatch! 0x3C != 0x00[0m
[00:04:03.950,531] [1;31m<err> analog_axis_hires: Could not setup channel #1 (-5)[0m
[00:04:04.000,488] [1;31m<err> ads1220: config2 mismatch! 0x10 != 0xE5[0m
[00:04:04.000,640] [1;31m<err> ads1220: config2 mismatch! 0x15 != 0xE5[0m
[00:04:04.000,793] [1;31m<err> ads1220: config0 mismatch! 0x3C != 0x00[0m
[00:04:04.000,793] [1;31m<err> analog_axis_hires: Could not setup channel #1 (-5)[0m
[00:04:04.050,750] [1;31m<err> ads1220: config2 mismatch! 0x10 != 0xE5[0m
[00:04:04.050,903] [1;31m<err> ads1220: config2 mismatch! 0x15 != 0xE5[0m
[00:04:04.051,055] [1;31m<err> ads1220: config0 mismatch! 0x3C != 0x00[0m
[00:04:04.051,055] [1;31m<err> analog_axis_hires: Could not setup channel #1 (-5)[0m
[00:04:04.101,013] [1;31m<err> ads1220: config2 mismatch! 0x10 != 0xE5[0m
[00:04:04.101,135] [1;31m<err> ads1220: config2 mismatch! 0x15 != 0xE5[0m
[00:04:04.101,287] [1;31m<err> ads1220: config0 mismatch! 0x3C != 0x00[0m
[00:04:04.101,287] [1;31m<err> analog_axis_hires: Could not setup channel #1 (-5)[0m
[00:04:04.151,245] [1;31m<err> ads1220: config2 mismatch! 0x10 != 0xE6[0m
[00:04:04.151,397] [1;31m<err> ads1220: config2 mismatch! 0x15 != 0xE6[0m
[00:04:04.151,550] [1;31m<err> ads1220: config0 mismatch! 0x3C != 0x00[0m
[00:04:04.151,550] [1;31m<err> analog_axis_hires: Could not setup channel #1 (-5)[0m
[00:04:04.201,507] [1;31m<err> ads1220: config2 mismatch! 0x10 != 0xE5[0m
[00:04:04.201,629] [1;31m<err> ads1220: config2 mismatch! 0x15 != 0xE5[0m
[00:04:04.201,782] [1;31m<err> ads1220: config0 mismatch! 0x3C != 0x00[0m
[00:04:04.201,782] [1;31m<err> analog_axis_hires: Could not setup channel #1 (-5)[0m
[00:04:04.251,739] [1;31m<err> ads1220: config2 mismatch! 0x10 != 0xE6[0m
[00:04:04.251,892] [1;31m<err> ads1220: config2 mismatch! 0x15 != 0xE6[0m
[00:04:04.252,014] [1;31m<err> ads1220: config0 mismatch! 0x3C != 0x00[0m
[00:04:04.252,044] [1;31m<err> analog_axis_hires: Could not setup channel #1 (-5)[0m
[00:04:04.301,971] [1;31m<err> ads1220: config2 mismatch! 0x10 != 0xE6[0m
[00:04:04.302,124] [1;31m<err> ads1220: config2 mismatch! 0x15 != 0xE6[0m
[00:04:04.302,276] [1;31m<err> ads1220: config0 mismatch! 0x3C != 0x00[0m
[00:04:04.302,276] [1;31m<err> analog_axis_hires: Could not setup channel #1 (-5)[0m
[00:04:04.352,233] [1;31m<err> ads1220: config2 mismatch! 0x10 != 0xE6[0m
[00:04:04.352,386] [1;31m<err> ads1220: config2 mismatch! 0x15 != 0xE6[0m
[00:04:04.352,539] [1;31m<err> ads1220: config0 mismatch! 0x3C != 0x00[0m
[00:04:04.352,539] [1;31m<err> analog_axis_hires: Could not setup channel #1 (-5)[0m
[00:04:04.402,496] [1;31m<err> ads1220: config2 mismatch! 0x10 != 0xE6[0m
[00:04:04.402,648] [1;31m<err> ads1220: config2 mismatch! 0x15 != 0xE6[0m
[00:04:04.402,801] [1;31m<err> ads1220: config0 mismatch! 0x3C != 0x00[0m
[00:04:04.402,801] [1;31m<err> analog_axis_hires: Could not setup channel #1 (-5)[0m
[00:04:04.452,758] [1;31m<err> ads1220: config2 mismatch! 0x10 != 0xE6[0m
[00:04:04.452,880] [1;31m<err> ads1220: config2 mismatch! 0x15 != 0xE6[0m
[00:04:04.453,033] [1;31m<err> ads1220: config0 mismatch! 0x3C != 0x00[0m
[00:04:04.453,063] [1;31m<err> analog_axis_hires: Could not setup channel #1 (-5)[0m
[00:04:04.503,021] [1;31m<err> ads1220: config2 mismatch! 0x10 != 0xE7[0m
[00:04:04.503,143] [1;31m<err> ads1220: config2 mismatch! 0x15 != 0xE7[0m
[00:04:04.503,295] [1;31m<err> ads1220: config0 mismatch! 0x3C != 0x00[0m
[00:04:04.503,326] [1;31m<err> analog_axis_hires: Could not setup channel #1 (-5)[0m
[00:04:04.553,253] [1;31m<err> ads1220: config2 mismatch! 0x10 != 0xE7[0m
[00:04:04.553,405] [1;31m<err> ads1220: config2 mismatch! 0x15 != 0xE7[0m
[00:04:04.553,558] [1;31m<err> ads1220: config0 mismatch! 0x3C != 0x00[0m
[00:04:04.553,558] [1;31m<err> analog_axis_hires: Could not setup channel #1 (-5)[0m
[00:04:04.603,515] [1;31m<err> ads1220: config2 mismatch! 0x10 != 0xE8[0m
[00:04:04.603,698] [1;31m<err> ads1220: config2 mismatch! 0x15 != 0xE8[0m
[00:04:04.603,851] [1;31m<err> ads1220: config0 mismatch! 0x3C != 0x00[0m
[00:04:04.603,851] [1;31m<err> analog_axis_hires: Could not setup channel #1 (-5)[0m
[00:04:04.653,808] [1;31m<err> ads1220: config2 mismatch! 0x10 != 0xE8[0m
[00:04:04.653,930] [1;31m<err> ads1220: config2 mismatch! 0x15 != 0xE8[0m
[00:04:04.654,083] [1;31m<err> ads1220: config0 mismatch! 0x3C != 0x00[0m
[00:04:04.654,113] [1;31m<err> analog_axis_hires: Could not setup channel #1 (-5)[0m
[00:04:04.704,040] [1;31m<err> ads1220: config2 mismatch! 0x10 != 0xE9[0m
[00:04:04.704,193] [1;31m<err> ads1220: config2 mismatch! 0x15 != 0xE9[0m
[00:04:04.704,345] [1;31m<err> ads1220: config0 mismatch! 0x3C != 0x00[0m
[00:04:04.704,345] [1;31m<err> analog_axis_hires: Could not setup channel #1 (-5)[0m
[00:04:04.754,302] [1;31m<err> ads1220: config2 mismatch! 0x10 != 0xEA[0m
[00:04:04.754,455] [1;31m<err> ads1220: config2 mismatch! 0x15 != 0xEA[0m
[00:04:04.754,608] [1;31m<err> ads1220: config0 mismatch! 0x3C != 0x00[0m
[00:04:04.754,608] [1;31m<err> analog_axis_hires: Could not setup channel #1 (-5)[0m
[00:04:04.804,565] [1;31m<err> ads1220: config2 mismatch! 0x10 != 0xEA[0m
[00:04:04.804,718] [1;31m<err> ads1220: config2 mismatch! 0x15 != 0xEA[0m
[00:04:04.804,870] [1;31m<err> ads1220: config0 mismatch! 0x3C != 0x00[0m
[00:04:04.804,870] [1;31m<err> analog_axis_hires: Could not setup channel #1 (-5)[0m
[00:04:04.854,827] [1;31m<err> ads1220: config2 mismatch! 0x10 != 0xEB[0m
[00:04:04.854,949] [1;31m<err> ads1220: config2 mismatch! 0x15 != 0xEB[0m
[00:04:04.855,102] [1;31m<err> ads1220: config0 mismatch! 0x3C != 0x00[0m
[00:04:04.855,133] [1;31m<err> analog_axis_hires: Could not setup channel #1 (-5)[0m
[00:04:04.905,059] [1;31m<err> ads1220: config2 mismatch! 0x10 != 0xEB[0m
[00:04:04.905,212] [1;31m<err> ads1220: config2 mismatch! 0x15 != 0xEB[0m
[00:04:04.905,364] [1;31m<err> ads1220: config0 mismatch! 0x3C != 0x00[0m
[00:04:04.905,364] [1;31m<err> analog_axis_hires: Could not setup channel #1 (-5)[0m
[00:04:04.955,322] [1;31m<err> ads1220: config2 mismatch! 0x10 != 0xEB[0m
[00:04:04.955,474] [1;31m<err> ads1220: config2 mismatch! 0x15 != 0xEB[0m
[00:04:04.955,627] [1;31m<err> ads1220: config0 mismatch! 0x3C != 0x00[0m
[00:04:04.955,627] [1;31m<err> analog_axis_hires: Could not setup channel #1 (-5)[0m
[00:04:05.005,584] [1;31m<err> ads1220: config2 mismatch! 0x10 != 0xEB[0m
[00:04:05.005,706] [1;31m<err> ads1220: config2 mismatch! 0x15 != 0xEB[0m
[00:04:05.005,859] [1;31m<err> ads1220: config0 mismatch! 0x3C != 0x00[0m
[00:04:05.005,889] [1;31m<err> analog_axis_hires: Could not setup channel #1 (-5)[0m
[00:04:05.055,816] [1;31m<err> ads1220: config2 mismatch! 0x10 != 0xEA[0m
[00:04:05.055,969] [1;31m<err> ads1220: config2 mismatch! 0x15 != 0xEA[0m
[00:04:05.056,121] [1;31m<err> ads1220: config0 mismatch! 0x3C != 0x00[0m
[00:04:05.056,121] [1;31m<err> analog_axis_hires: Could not setup channel #1 (-5)[0m
[00:04:05.106,079] [1;31m<err> ads1220: config2 mismatch! 0x10 != 0xE9[0m
[00:04:05.106,231] [1;31m<err> ads1220: config2 mismatch! 0x15 != 0xE9[0m
[00:04:05.106,353] [1;31m<err> ads1220: config0 mismatch! 0x3C != 0x00[0m
[00:04:05.106,384] [1;31m<err> analog_axis_hires: Could not setup channel #1 (-5)[0m
[00:04:05.156,311] [1;31m<err> ads1220: config2 mismatch! 0x10 != 0xE8[0m
[00:04:05.156,463] [1;31m<err> ads1220: config2 mismatch! 0x15 != 0xE8[0m
[00:04:05.156,616] [1;31m<err> ads1220: config0 mismatch! 0x3C != 0x00[0m
[00:04:05.156,616] [1;31m<err> analog_axis_hires: Could not setup channel #1 (-5)[0m
[00:04:05.206,573] [1;31m<err> ads1220: config2 mismatch! 0x10 != 0xE7[0m
[00:04:05.206,695] [1;31m<err> ads1220: config2 mismatch! 0x15 != 0xE7[0m
[00:04:05.206,848] [1;31m<err> ads1220: config0 mismatch! 0x3C != 0x00[0m
[00:04:05.206,848] [1;31m<err> analog_axis_hires: Could not setup channel #1 (-5)[0m
[00:04:05.256,805] [1;31m<err> ads1220: config2 mismatch! 0x10 != 0xE6[0m
[00:04:05.256,958] [1;31m<err> ads1220: config2 mismatch! 0x15 != 0xE6[0m
[00:04:05.257,110] [1;31m<err> ads1220: config0 mismatch! 0x3C != 0x00[0m
[00:04:05.257,110] [1;31m<err> analog_axis_hires: Could not setup channel #1 (-5)[0m
[00:04:05.307,067] [1;31m<err> ads1220: config2 mismatch! 0x10 != 0xE3[0m
[00:04:05.307,189] [1;31m<err> ads1220: config2 mismatch! 0x15 != 0xE3[0m
[00:04:05.307,342] [1;31m<err> ads1220: config0 mismatch! 0x3C != 0x00[0m
[00:04:05.307,373] [1;31m<err> analog_axis_hires: Could not setup channel #1 (-5)[0m
[00:04:05.357,330] [1;31m<err> ads1220: config2 mismatch! 0x10 != 0xE0[0m
[00:04:05.357,452] [1;31m<err> ads1220: config2 mismatch! 0x15 != 0xE0[0m
[00:04:05.357,604] [1;31m<err> ads1220: config0 mismatch! 0x3C != 0x00[0m
[00:04:05.357,635] [1;31m<err> analog_axis_hires: Could not setup channel #1 (-5)[0m
[00:04:05.407,562] [1;31m<err> ads1220: config2 mismatch! 0x10 != 0xDE[0m
[00:04:05.407,714] [1;31m<err> ads1220: config2 mismatch! 0x15 != 0xDE[0m
[00:04:05.407,867] [1;31m<err> ads1220: config0 mismatch! 0x3C != 0x00[0m
[00:04:05.407,867] [1;31m<err> analog_axis_hires: Could not setup channel #1 (-5)[0m
[00:04:05.457,824] [1;31m<err> ads1220: config2 mismatch! 0x10 != 0xDA[0m
[00:04:05.457,977] [1;31m<err> ads1220: config2 mismatch! 0x15 != 0xDA[0m
[00:04:05.458,129] [1;31m<err> ads1220: config0 mismatch! 0x3C != 0x00[0m
[00:04:05.458,129] [1;31m<err> analog_axis_hires: Could not setup channel #1 (-5)[0m
[00:04:05.508,087] [1;31m<err> ads1220: config2 mismatch! 0x10 != 0xD7[0m
[00:04:05.508,209] [1;31m<err> ads1220: config2 mismatch! 0x15 != 0xD7[0m
[00:04:05.508,361] [1;31m<err> ads1220: config0 mismatch! 0x3C != 0x00[0m
[00:04:05.508,392] [1;31m<err> analog_axis_hires: Could not setup channel #1 (-5)[0m
[00:04:05.558,319] [1;31m<err> ads1220: config2 mismatch! 0x10 != 0xD4[0m
[00:04:05.558,471] [1;31m<err> ads1220: config2 mismatch! 0x15 != 0xD4[0m
[00:04:05.558,624] [1;31m<err> ads1220: config0 mismatch! 0x3C != 0x00[0m
[00:04:05.558,624] [1;31m<err> analog_axis_hires: Could not setup channel #1 (-5)[0m
[00:04:05.608,612] [1;31m<err> ads1220: config2 mismatch! 0x10 != 0xCF[0m
[00:04:05.608,764] [1;31m<err> ads1220: config2 mismatch! 0x15 != 0xCF[0m
[00:04:05.608,917] [1;31m<err> ads1220: config0 mismatch! 0x3C != 0x00[0m
[00:04:05.608,917] [1;31m<err> analog_axis_hires: Could not setup channel #1 (-5)[0m
[00:04:05.658,874] [1;31m<err> ads1220: config2 mismatch! 0x10 != 0xCC[0m
[00:04:05.658,996] [1;31m<err> ads1220: config2 mismatch! 0x15 != 0xCC[0m
[00:04:05.659,149] [1;31m<err> ads1220: config0 mismatch! 0x3C != 0x00[0m
[00:04:05.659,179] [1;31m<err> analog_axis_hires: Could not setup channel #1 (-5)[0m
[00:04:05.709,106] [1;31m<err> ads1220: config2 mismatch! 0x10 != 0xC7[0m
[00:04:05.709,259] [1;31m<err> ads1220: config2 mismatch! 0x15 != 0xC7[0m
[00:04:05.709,411] [1;31m<err> ads1220: config0 mismatch! 0x3C != 0x00[0m
[00:04:05.709,411] [1;31m<err> analog_axis_hires: Could not setup channel #1 (-5)[0m
[00:04:05.759,399] [1;31m<err> ads1220: config2 mismatch! 0x10 != 0xC3[0m
[00:04:05.759,552] [1;31m<err> ads1220: config2 mismatch! 0x15 != 0xC3[0m
[00:04:05.759,704] [1;31m<err> ads1220: config0 mismatch! 0x3C != 0x00[0m
[00:04:05.759,704] [1;31m<err> analog_axis_hires: Could not setup channel #1 (-5)[0m
[00:04:05.809,661] [1;31m<err> ads1220: config2 mismatch! 0x10 != 0xBF[0m
[00:04:05.809,814] [1;31m<err> ads1220: config2 mismatch! 0x15 != 0xBF[0m
[00:04:05.809,967] [1;31m<err> ads1220: config0 mismatch! 0x3C != 0x00[0m
[00:04:05.809,967] [1;31m<err> analog_axis_hires: Could not setup channel #1 (-5)[0m
[00:04:05.859,924] [1;31m<err> ads1220: config2 mismatch! 0x10 != 0xBA[0m
[00:04:05.860,046] [1;31m<err> ads1220: config2 mismatch! 0x15 != 0xBA[0m
[00:04:05.860,198] [1;31m<err> ads1220: config0 mismatch! 0x3C != 0x00[0m
[00:04:05.860,229] [1;31m<err> analog_axis_hires: Could not setup channel #1 (-5)[0m

### sent: spi transceive 23 00 00 00 00
spi transceive 23 00 00 00 00
TX:
00000000: 23 00 00 00 00                                   |#....            |
RX:
00000000: b5 00 00 15 00                                   |.....            |
[1;32muart:~$ [m[00:04:05.910,247] [1;31m<err> ads1220: config2 mismatch! 0x10 != 0xB5[0m
[00:04:05.910,400] [1;31m<err> ads1220: config2 mismatch! 0x15 != 0xB5[0m
[00:04:05.910,522] [1;31m<err> ads1220: config0 mismatch! 0x3C != 0x00[0m
[00:04:05.910,522] [1;31m<err> analog_axis_hires: Could not setup channel #1 (-5)[0m
[00:04:05.960,906] [1;31m<err> ads1220: config2 mismatch! 0x10 != 0xB0[0m
[00:04:05.961,059] [1;31m<err> ads1220: config2 mismatch! 0x15 != 0xB0[0m
[00:04:05.961,212] [1;31m<err> ads1220: config0 mismatch! 0x3C != 0x00[0m
[00:04:05.961,212] [1;31m<err> analog_axis_hires: Could not setup channel #1 (-5)[0m
[00:04:06.011,169] [1;31m<err> ads1220: config2 mismatch! 0x10 != 0xAA[0m
[00:04:06.011,291] [1;31m<err> ads1220: config2 mismatch! 0x15 != 0xAA[0m
[00:04:06.011,444] [1;31m<err> ads1220: config0 mismatch! 0x3C != 0x00[0m
[00:04:06.011,474] [1;31m<err> analog_axis_hires: Could not setup channel #1 (-5)[0m
[00:04:06.061,401] [1;31m<err> ads1220: config2 mismatch! 0x10 != 0xA5[0m
[00:04:06.061,553] [1;31m<err> ads1220: config2 mismatch! 0x15 != 0xA5[0m
[00:04:06.061,706] [1;31m<err> ads1220: config0 mismatch! 0x3C != 0x00[0m
[00:04:06.061,706] [1;31m<err> analog_axis_hires: Could not setup channel #1 (-5)[0m
[00:04:06.111,663] [1;31m<err> ads1220: config2 mismatch! 0x10 != 0x9F[0m
[00:04:06.111,785] [1;31m<err> ads1220: config2 mismatch! 0x15 != 0x9F[0m
[00:04:06.111,938] [1;31m<err> ads1220: config0 mismatch! 0x3C != 0x00[0m
[00:04:06.111,938] [1;31m<err> analog_axis_hires: Could not setup channel #1 (-5)[0m
[00:04:06.161,895] [1;31m<err> ads1220: config2 mismatch! 0x10 != 0x99[0m
[00:04:06.162,048] [1;31m<err> ads1220: config2 mismatch! 0x15 != 0x99[0m
[00:04:06.162,170] [1;31m<err> ads1220: config0 mismatch! 0x3C != 0x00[0m
[00:04:06.162,200] [1;31m<err> analog_axis_hires: Could not setup channel #1 (-5)[0m
[00:04:06.212,158] [1;31m<err> ads1220: config2 mismatch! 0x10 != 0x94[0m
[00:04:06.212,280] [1;31m<err> ads1220: config2 mismatch! 0x15 != 0x94[0m
[00:04:06.212,432] [1;31m<err> ads1220: config0 mismatch! 0x3C != 0x00[0m
[00:04:06.212,432] [1;31m<err> analog_axis_hires: Could not setup channel #1 (-5)[0m
[00:04:06.262,390] [1;31m<err> ads1220: config2 mismatch! 0x10 != 0x8E[0m
[00:04:06.262,542] [1;31m<err> ads1220: config2 mismatch! 0x15 != 0x8E[0m
[00:04:06.262,695] [1;31m<err> ads1220: config0 mismatch! 0x3C != 0x00[0m
[00:04:06.262,695] [1;31m<err> analog_axis_hires: Could not setup channel #1 (-5)[0m
[00:04:06.312,652] [1;31m<err> ads1220: config2 mismatch! 0x10 != 0x89[0m
[00:04:06.312,774] [1;31m<err> ads1220: config2 mismatch! 0x15 != 0x89[0m
[00:04:06.312,927] [1;31m<err> ads1220: config0 mismatch! 0x3C != 0x00[0m
[00:04:06.312,957] [1;31m<err> analog_axis_hires: Could not setup channel #1 (-5)[0m
[00:04:06.362,915] [1;31m<err> ads1220: config2 mismatch! 0x10 != 0x83[0m
[00:04:06.363,067] [1;31m<err> ads1220: config2 mismatch! 0x15 != 0x83[0m
[00:04:06.363,220] [1;31m<err> ads1220: config0 mismatch! 0x3C != 0x00[0m
[00:04:06.363,220] [1;31m<err> analog_axis_hires: Could not setup channel #1 (-5)[0m
[00:04:06.413,177] [1;31m<err> ads1220: config2 mismatch! 0x10 != 0x7E[0m
[00:04:06.413,330] [1;31m<err> ads1220: config2 mismatch! 0x15 != 0x7E[0m
[00:04:06.413,482] [1;31m<err> ads1220: config0 mismatch! 0x3C != 0x00[0m
[00:04:06.413,482] [1;31m<err> analog_axis_hires: Could not setup channel #1 (-5)[0m
[00:04:06.463,439] [1;31m<err> ads1220: config2 mismatch! 0x10 != 0x78[0m
[00:04:06.463,592] [1;31m<err> ads1220: config2 mismatch! 0x15 != 0x78[0m
[00:04:06.463,745] [1;31m<err> ads1220: config0 mismatch! 0x3C != 0x00[0m
[00:04:06.463,745] [1;31m<err> analog_axis_hires: Could not setup channel #1 (-5)[0m
[00:04:06.513,702] [1;31m<err> ads1220: config2 mismatch! 0x10 != 0x72[0m
[00:04:06.513,854] [1;31m<err> ads1220: config2 mismatch! 0x15 != 0x72[0m
[00:04:06.514,007] [1;31m<err> ads1220: config0 mismatch! 0x3C != 0x00[0m
[00:04:06.514,007] [1;31m<err> analog_axis_hires: Could not setup channel #1 (-5)[0m
[00:04:06.563,964] [1;31m<err> ads1220: config2 mismatch! 0x10 != 0x6D[0m
[00:04:06.564,117] [1;31m<err> ads1220: config2 mismatch! 0x15 != 0x6D[0m
[00:04:06.564,270] [1;31m<err> ads1220: config0 mismatch! 0x3C != 0x00[0m
[00:04:06.564,270] [1;31m<err> analog_axis_hires: Could not setup channel #1 (-5)[0m
[00:04:06.614,227] [1;31m<err> ads1220: config2 mismatch! 0x10 != 0x65[0m
[00:04:06.614,349] [1;31m<err> ads1220: config2 mismatch! 0x15 != 0x65[0m
[00:04:06.614,501] [1;31m<err> ads1220: config0 mismatch! 0x3C != 0x00[0m
[00:04:06.614,532] [1;31m<err> analog_axis_hires: Could not setup channel #1 (-5)[0m
[00:04:06.664,489] [1;31m<err> ads1220: config2 mismatch! 0x10 != 0x61[0m
[00:04:06.664,611] [1;31m<err> ads1220: config2 mismatch! 0x15 != 0x61[0m
[00:04:06.664,764] [1;31m<err> ads1220: config0 mismatch! 0x3C != 0x00[0m
[00:04:06.664,794] [1;31m<err> analog_axis_hires: Could not setup channel #1 (-5)[0m
[00:04:06.714,721] [1;31m<err> ads1220: config2 mismatch! 0x10 != 0x5A[0m
[00:04:06.714,874] [1;31m<err> ads1220: config2 mismatch! 0x15 != 0x5A[0m
[00:04:06.715,026] [1;31m<err> ads1220: config0 mismatch! 0x3C != 0x00[0m
[00:04:06.715,026] [1;31m<err> analog_axis_hires: Could not setup channel #1 (-5)[0m
[00:04:06.764,984] [1;31m<err> ads1220: config2 mismatch! 0x10 != 0x55[0m
[00:04:06.765,136] [1;31m<err> ads1220: config2 mismatch! 0x15 != 0x55[0m
[00:04:06.765,289] [1;31m<err> ads1220: config0 mismatch! 0x3C != 0x00[0m
[00:04:06.765,289] [1;31m<err> analog_axis_hires: Could not setup channel #1 (-5)[0m
[00:04:06.815,246] [1;31m<err> ads1220: config2 mismatch! 0x10 != 0x50[0m
[00:04:06.815,399] [1;31m<err> ads1220: config2 mismatch! 0x15 != 0x50[0m
[00:04:06.815,551] [1;31m<err> ads1220: config0 mismatch! 0x3C != 0x00[0m
[00:04:06.815,551] [1;31m<err> analog_axis_hires: Could not setup channel #1 (-5)[0m
[00:04:06.865,509] [1;31m<err> ads1220: config2 mismatch! 0x10 != 0x4B[0m
[00:04:06.865,631] [1;31m<err> ads1220: config2 mismatch! 0x15 != 0x4B[0m
[00:04:06.865,783] [1;31m<err> ads1220: config0 mismatch! 0x3C != 0x00[0m
[00:04:06.865,814] [1;31m<err> analog_axis_hires: Could not setup channel #1 (-5)[0m
[00:04:06.915,740] [1;31m<err> ads1220: config2 mismatch! 0x10 != 0x47[0m
[00:04:06.915,893] [1;31m<err> ads1220: config2 mismatch! 0x15 != 0x47[0m
[00:04:06.916,046] [1;31m<err> ads1220: config0 mismatch! 0x3C != 0x00[0m
[00:04:06.916,046] [1;31m<err> analog_axis_hires: Could not setup channel #1 (-5)[0m
[00:04:06.966,003] [1;31m<err> ads1220: config2 mismatch! 0x10 != 0x41[0m
[00:04:06.966,156] [1;31m<err> ads1220: config2 mismatch! 0x15 != 0x41[0m
[00:04:06.966,308] [1;31m<err> ads1220: config0 mismatch! 0x3C != 0x00[0m
[00:04:06.966,308] [1;31m<err> analog_axis_hires: Could not setup channel #1 (-5)[0m
[00:04:07.016,265] [1;31m<err> ads1220: config2 mismatch! 0x10 != 0x3D[0m
[00:04:07.016,387] [1;31m<err> ads1220: config2 mismatch! 0x15 != 0x3D[0m
[00:04:07.016,540] [1;31m<err> ads1220: config0 mismatch! 0x3C != 0x00[0m
[00:04:07.016,571] [1;31m<err> analog_axis_hires: Could not setup channel #1 (-5)[0m
[00:04:07.066,528] [1;31m<err> ads1220: config2 mismatch! 0x10 != 0x39[0m
[00:04:07.066,650] [1;31m<err> ads1220: config2 mismatch! 0x15 != 0x39[0m
[00:04:07.066,802] [1;31m<err> ads1220: config0 mismatch! 0x3C != 0x00[0m
[00:04:07.066,802] [1;31m<err> analog_axis_hires: Could not setup channel #1 (-5)[0m
[00:04:07.116,760] [1;31m<err> ads1220: config2 mismatch! 0x10 != 0x34[0m
[00:04:07.116,912] [1;31m<err> ads1220: config2 mismatch! 0x15 != 0x34[0m
[00:04:07.117,034] [1;31m<err> ads1220: config0 mismatch! 0x3C != 0x00[0m
[00:04:07.117,065] [1;31m<err> analog_axis_hires: Could not setup channel #1 (-5)[0m
[00:04:07.166,992] [1;31m<err> ads1220: config2 mismatch! 0x10 != 0x30[0m
[00:04:07.167,144] [1;31m<err> ads1220: config2 mismatch! 0x15 != 0x30[0m
[00:04:07.167,297] [1;31m<err> ads1220: config0 mismatch! 0x3C != 0x00[0m
[00:04:07.167,297] [1;31m<err> analog_axis_hires: Could not setup channel #1 (-5)[0m
[00:04:07.217,254] [1;31m<err> ads1220: config2 mismatch! 0x10 != 0x2C[0m
[00:04:07.217,376] [1;31m<err> ads1220: config2 mismatch! 0x15 != 0x2C[0m
[00:04:07.217,529] [1;31m<err> ads1220: config0 mismatch! 0x3C != 0x00[0m
[00:04:07.217,529] [1;31m<err> analog_axis_hires: Could not setup channel #1 (-5)[0m
[00:04:07.267,486] [1;31m<err> ads1220: config2 mismatch! 0x10 != 0x27[0m
[00:04:07.267,639] [1;31m<err> ads1220: config2 mismatch! 0x15 != 0x27[0m
[00:04:07.267,791] [1;31m<err> ads1220: config0 mismatch! 0x3C != 0x00[0m
[00:04:07.267,791] [1;31m<err> analog_axis_hires: Could not setup channel #1 (-5)[0m
[00:04:07.317,749] [1;31m<err> ads1220: config2 mismatch! 0x10 != 0x24[0m
[00:04:07.317,901] [1;31m<err> ads1220: config2 mismatch! 0x15 != 0x24[0m
[00:04:07.318,054] [1;31m<err> ads1220: config0 mismatch! 0x3C != 0x00[0m
[00:04:07.318,054] [1;31m<err> analog_axis_hires: Could not setup channel #1 (-5)[0m
[00:04:07.368,011] [1;31m<err> ads1220: config2 mismatch! 0x10 != 0x20[0m
[00:04:07.368,164] [1;31m<err> ads1220: config2 mismatch! 0x15 != 0x20[0m
[00:04:07.368,316] [1;31m<err> ads1220: config0 mismatch! 0x3C != 0x00[0m
[00:04:07.368,316] [1;31m<err> analog_axis_hires: Could not setup channel #1 (-5)[0m
[00:04:07.418,273] [1;31m<err> ads1220: config2 mismatch! 0x10 != 0x1D[0m
[00:04:07.418,395] [1;31m<err> ads1220: config2 mismatch! 0x15 != 0x1D[0m
[00:04:07.418,548] [1;31m<err> ads1220: config0 mismatch! 0x3C != 0x00[0m
[00:04:07.418,579] [1;31m<err> analog_axis_hires: Could not setup channel #1 (-5)[0m
[00:04:07.468,536] [1;31m<err> ads1220: config2 mismatch! 0x10 != 0x1B[0m
[00:04:07.468,658] [1;31m<err> ads1220: config2 mismatch! 0x15 != 0x1B[0m
[00:04:07.468,811] [1;31m<err> ads1220: config0 mismatch! 0x3C != 0x00[0m
[00:04:07.468,841] [1;31m<err> analog_axis_hires: Could not setup channel #1 (-5)[0m
[00:04:07.518,798] [1;31m<err> ads1220: config2 mismatch! 0x10 != 0x18[0m
[00:04:07.518,920] [1;31m<err> ads1220: config2 mismatch! 0x15 != 0x18[0m
[00:04:07.519,073] [1;31m<err> ads1220: config0 mismatch! 0x3C != 0x00[0m
[00:04:07.519,104] [1;31m<err> analog_axis_hires: Could not setup channel #1 (-5)[0m
[00:04:07.569,061] [1;31m<err> ads1220: config2 mismatch! 0x10 != 0x17[0m
[00:04:07.569,183] [1;31m<err> ads1220: config2 mismatch! 0x15 != 0x17[0m
[00:04:07.569,335] [1;31m<err> ads1220: config0 mismatch! 0x3C != 0x00[0m
[00:04:07.569,366] [1;31m<err> analog_axis_hires: Could not setup channel #1 (-5)[0m
[00:04:07.619,293] [1;31m<err> ads1220: config2 mismatch! 0x10 != 0x14[0m
[00:04:07.619,445] [1;31m<err> ads1220: config2 mismatch! 0x15 != 0x14[0m
[00:04:07.619,598] [1;31m<err> ads1220: config0 mismatch! 0x3C != 0x00[0m
[00:04:07.619,598] [1;31m<err> analog_axis_hires: Could not setup channel #1 (-5)[0m
[00:04:07.669,555] [1;31m<err> ads1220: config2 mismatch! 0x10 != 0x13[0m
[00:04:07.669,708] [1;31m<err> ads1220: config2 mismatch! 0x15 != 0x13[0m
[00:04:07.669,860] [1;31m<err> ads1220: config0 mismatch! 0x3C != 0x00[0m
[00:04:07.669,891] [1;31m<err> analog_axis_hires: Could not setup channel #1 (-5)[0m
[00:04:07.719,818] [1;31m<err> ads1220: config2 mismatch! 0x10 != 0x0F[0m
[00:04:07.719,970] [1;31m<err> ads1220: config2 mismatch! 0x15 != 0x0F[0m
[00:04:07.720,123] [1;31m<err> ads1220: config0 mismatch! 0x3C != 0x00[0m
[00:04:07.720,123] [1;31m<err> analog_axis_hires: Could not setup channel #1 (-5)[0m
[00:04:07.770,080] [1;31m<err> ads1220: config2 mismatch! 0x10 != 0x0E[0m
[00:04:07.770,233] [1;31m<err> ads1220: config2 mismatch! 0x15 != 0x0E[0m
[00:04:07.770,385] [1;31m<err> ads1220: config0 mismatch! 0x3C != 0x00[0m
[00:04:07.770,385] [1;31m<err> analog_axis_hires: Could not setup channel #1 (-5)[0m
[00:04:07.820,343] [1;31m<err> ads1220: config2 mismatch! 0x10 != 0x0B[0m
[00:04:07.820,465] [1;31m<err> ads1220: config2 mismatch! 0x15 != 0x0B[0m
[00:04:07.820,617] [1;31m<err> ads1220: config0 mismatch! 0x3C != 0x00[0m
[00:04:07.820,648] [1;31m<err> analog_axis_hires: Could not setup channel #1 (-5)[0m
[00:04:07.870,605] [1;31m<err> ads1220: config2 mismatch! 0x10 != 0x0A[0m
[00:04:07.870,727] [1;31m<err> ads1220: config2 mismatch! 0x15 != 0x0A[0m
[00:04:07.870,880] [1;31m<err> ads1220: config0 mismatch! 0x3C != 0x00[0m
[00:04:07.870,910] [1;31m<err> analog_axis_hires: Could not setup channel #1 (-5)[0m
[00:04:07.920,837] [1;31m<err> ads1220: config2 mismatch! 0x10 != 0x08[0m
[00:04:07.920,989] [1;31m<err> ads1220: config2 mismatch! 0x15 != 0x08[0m
[00:04:07.921,142] [1;31m<err> ads1220: config0 mismatch! 0x3C != 0x00[0m
[00:04:07.921,142] [1;31m<err> analog_axis_hires: Could not setup channel #1 (-5)[0m
[00:04:07.971,099] [1;31m<err> ads1220: config2 mismatch! 0x10 != 0x07[0m
[00:04:07.971,252] [1;31m<err> ads1220: config2 mismatch! 0x15 != 0x07[0m
[00:04:07.971,405] [1;31m<err> ads1220: config0 mismatch! 0x3C != 0x00[0m
[00:04:07.971,405] [1;31m<err> analog_axis_hires: Could not setup channel #1 (-5)[0m
[00:04:08.021,362] [1;31m<err> ads1220: config2 mismatch! 0x10 != 0x07[0m
[00:04:08.021,484] [1;31m<err> ads1220: config2 mismatch! 0x15 != 0x07[0m
[00:04:08.021,636] [1;31m<err> ads1220: config0 mismatch! 0x3C != 0x00[0m
[00:04:08.021,667] [1;31m<err> analog_axis_hires: Could not setup channel #1 (-5)[0m
[00:04:08.071,594] [1;31m<err> ads1220: config2 mismatch! 0x10 != 0x06[0m
[00:04:08.071,746] [1;31m<err> ads1220: config2 mismatch! 0x15 != 0x06[0m
[00:04:08.071,899] [1;31m<err> ads1220: config0 mismatch! 0x3C != 0x00[0m
[00:04:08.071,899] [1;31m<err> analog_axis_hires: Could not setup channel #1 (-5)[0m
[00:04:08.121,856] [1;31m<err> ads1220: config2 mismatch! 0x10 != 0x05[0m
[00:04:08.121,978] [1;31m<err> ads1220: config2 mismatch! 0x15 != 0x05[0m
[00:04:08.122,131] [1;31m<err> ads1220: config0 mismatch! 0x3C != 0x00[0m
[00:04:08.122,131] [1;31m<err> analog_axis_hires: Could not setup channel #1 (-5)[0m
[00:04:08.172,088] [1;31m<err> ads1220: config2 mismatch! 0x10 != 0x05[0m
[00:04:08.172,241] [1;31m<err> ads1220: config2 mismatch! 0x15 != 0x05[0m
[00:04:08.172,363] [1;31m<err> ads1220: config0 mismatch! 0x3C != 0x00[0m
[00:04:08.172,393] [1;31m<err> analog_axis_hires: Could not setup channel #1 (-5)[0m
[00:04:08.222,320] [1;31m<err> ads1220: config2 mismatch! 0x10 != 0x05[0m
[00:04:08.222,473] [1;31m<err> ads1220: config2 mismatch! 0x15 != 0x05[0m
[00:04:08.222,625] [1;31m<err> ads1220: config0 mismatch! 0x3C != 0x00[0m
[00:04:08.222,625] [1;31m<err> analog_axis_hires: Could not setup channel #1 (-5)[0m
[00:04:08.272,583] [1;31m<err> ads1220: config2 mismatch! 0x10 != 0x01[0m
[00:04:08.272,735] [1;31m<err> ads1220: config2 mismatch! 0x15 != 0x01[0m
[00:04:08.272,888] [1;31m<err> ads1220: config0 mismatch! 0x3C != 0x00[0m
[00:04:08.272,888] [1;31m<err> analog_axis_hires: Could not setup channel #1 (-5)[0m
[00:04:08.322,845] [1;31m<err> ads1220: config2 mismatch! 0x10 != 0x03[0m
[00:04:08.322,967] [1;31m<err> ads1220: config2 mismatch! 0x15 != 0x03[0m
[00:04:08.323,120] [1;31m<err> ads1220: config0 mismatch! 0x3C != 0x00[0m
[00:04:08.323,150] [1;31m<err> analog_axis_hires: Could not setup channel #1 (-5)[0m
[00:04:08.373,077] [1;31m<err> ads1220: config2 mismatch! 0x10 != 0xFF[0m
[00:04:08.373,229] [1;31m<err> ads1220: config2 mismatch! 0x15 != 0xFF[0m
[00:04:08.373,382] [1;31m<err> ads1220: config0 mismatch! 0x3C != 0x00[0m
[00:04:08.373,382] [1;31m<err> analog_axis_hires: Could not setup channel #1 (-5)[0m
[00:04:08.423,339] [1;31m<err> ads1220: config2 mismatch! 0x10 != 0x01[0m
[00:04:08.423,492] [1;31m<err> ads1220: config2 mismatch! 0x15 != 0x01[0m
[00:04:08.423,645] [1;31m<err> ads1220: config0 mismatch! 0x3C != 0x00[0m
[00:04:08.423,645] [1;31m<err> analog_axis_hires: Could not setup channel #1 (-5)[0m
[00:04:08.473,602] [1;31m<err> ads1220: config2 mismatch! 0x10 != 0xFE[0m
[00:04:08.473,754] [1;31m<err> ads1220: config2 mismatch! 0x15 != 0xFE[0m
[00:04:08.473,907] [1;31m<err> ads1220: config0 mismatch! 0x3C != 0x00[0m
[00:04:08.473,907] [1;31m<err> analog_axis_hires: Could not setup channel #1 (-5)[0m
[00:04:08.523,864] [1;31m<err> ads1220: config2 mismatch! 0x10 != 0x00[0m
[00:04:08.523,986] [1;31m<err> ads1220: config2 mismatch! 0x15 != 0x00[0m
[00:04:08.524,139] [1;31m<err> ads1220: config0 mismatch! 0x3C != 0x00[0m
[00:04:08.524,169] [1;31m<err> analog_axis_hires: Could not setup channel #1 (-5)[0m
[00:04:08.574,127] [1;31m<err> ads1220: config2 mismatch! 0x10 != 0xFF[0m
[00:04:08.574,249] [1;31m<err> ads1220: config2 mismatch! 0x15 != 0xFF[0m
[00:04:08.574,401] [1;31m<err> ads1220: config0 mismatch! 0x3C != 0x00[0m
[00:04:08.574,432] [1;31m<err> analog_axis_hires: Could not setup channel #1 (-5)[0m
[00:04:08.624,359] [1;31m<err> ads1220: config2 mismatch! 0x10 != 0xFF[0m
[00:04:08.624,511] [1;31m<err> ads1220: config2 mismatch! 0x15 != 0xFF[0m
[00:04:08.624,694] [1;31m<err> ads1220: config0 mismatch! 0x3C != 0x00[0m
[00:04:08.624,694] [1;31m<err> analog_axis_hires: Could not setup channel #1 (-5)[0m
[00:04:08.674,652] [1;31m<err> ads1220: config2 mismatch! 0x10 != 0xFF[0m
[00:04:08.674,774] [1;31m<err> ads1220: config2 mismatch! 0x15 != 0xFF[0m
[00:04:08.674,926] [1;31m<err> ads1220: config0 mismatch! 0x3C != 0x00[0m
[00:04:08.674,957] [1;31m<err> analog_axis_hires: Could not setup channel #1 (-5)[0m
[00:04:08.724,914] [1;31m<err> ads1220: config2 mismatch! 0x10 != 0xFE[0m
[00:04:08.725,036] [1;31m<err> ads1220: config2 mismatch! 0x15 != 0xFE[0m
[00:04:08.725,189] [1;31m<err> ads1220: config0 mismatch! 0x3C != 0x00[0m
[00:04:08.725,219] [1;31m<err> analog_axis_hires: Could not setup channel #1 (-5)[0m
[00:04:08.775,146] [1;31m<err> ads1220: config2 mismatch! 0x10 != 0xFE[0m
[00:04:08.775,299] [1;31m<err> ads1220: config2 mismatch! 0x15 != 0xFE[0m
[00:04:08.775,451] [1;31m<err> ads1220: config0 mismatch! 0x3C != 0x00[0m
[00:04:08.775,451] [1;31m<err> analog_axis_hires: Could not setup channel #1 (-5)[0m
[00:04:08.825,439] [1;31m<err> ads1220: config2 mismatch! 0x10 != 0xFE[0m
[00:04:08.825,592] [1;31m<err> ads1220: config2 mismatch! 0x15 != 0xFE[0m
[00:04:08.825,744] [1;31m<err> ads1220: config0 mismatch! 0x3C != 0x00[0m
[00:04:08.825,744] [1;31m<err> analog_axis_hires: Could not setup channel #1 (-5)[0m
[00:04:08.875,701] [1;31m<err> ads1220: config2 mismatch! 0x10 != 0xFE[0m
[00:04:08.875,854] [1;31m<err> ads1220: config2 mismatch! 0x15 != 0xFE[0m
[00:04:08.876,007] [1;31m<err> ads1220: config0 mismatch! 0x3C != 0x00[0m
[00:04:08.876,007] [1;31m<err> analog_axis_hires: Could not setup channel #1 (-5)[0m
[00:04:08.925,964] [1;31m<err> ads1220: config2 mismatch! 0x10 != 0xFD[0m
[00:04:08.926,116] [1;31m<err> ads1220: config2 mismatch! 0x15 != 0xFD[0m
[00:04:08.926,269] [1;31m<err> ads1220: config0 mismatch! 0x3C != 0x00[0m
[00:04:08.926,269] [1;31m<err> analog_axis_hires: Could not setup channel #1 (-5)[0m

### sent: spi transceive 40 1C
spi transceive 40 1C
TX:
00000000: 40 1c                                            |@.               |
RX:
00000000: fd 32                                            |.2               |
[1;32muart:~$ [m[00:04:09.002,929] [1;31m<err> ads1220: config2 mismatch! 0x10 != 0x00[0m
[00:04:09.003,082] [1;31m<err> ads1220: config2 mismatch! 0x15 != 0x00[0m
[00:04:09.003,234] [1;31m<err> ads1220: config0 mismatch! 0x3C != 0x1C[0m
[00:04:09.003,234] [1;31m<err> analog_axis_hires: Could not setup channel #1 (-5)[0m
[00:04:09.053,192] [1;31m<err> ads1220: config2 mismatch! 0x10 != 0x00[0m
[00:04:09.053,314] [1;31m<err> ads1220: config2 mismatch! 0x15 != 0x00[0m
[00:04:09.053,466] [1;31m<err> ads1220: config0 mismatch! 0x3C != 0x1C[0m
[00:04:09.053,497] [1;31m<err> analog_axis_hires: Could not setup channel #1 (-5)[0m
[00:04:09.103,454] [1;31m<err> ads1220: config2 mismatch! 0x10 != 0x00[0m
[00:04:09.103,576] [1;31m<err> ads1220: config2 mismatch! 0x15 != 0x00[0m
[00:04:09.103,729] [1;31m<err> ads1220: config0 mismatch! 0x3C != 0x1C[0m
[00:04:09.103,729] [1;31m<err> analog_axis_hires: Could not setup channel #1 (-5)[0m
[00:04:09.153,686] [1;31m<err> ads1220: config2 mismatch! 0x10 != 0x00[0m
[00:04:09.153,839] [1;31m<err> ads1220: config2 mismatch! 0x15 != 0x00[0m
[00:04:09.153,961] [1;31m<err> ads1220: config0 mismatch! 0x3C != 0x1C[0m
[00:04:09.153,991] [1;31m<err> analog_axis_hires: Could not setup channel #1 (-5)[0m
[00:04:09.203,918] [1;31m<err> ads1220: config2 mismatch! 0x10 != 0x00[0m
[00:04:09.204,071] [1;31m<err> ads1220: config2 mismatch! 0x15 != 0x00[0m
[00:04:09.204,223] [1;31m<err> ads1220: config0 mismatch! 0x3C != 0x1C[0m
[00:04:09.204,223] [1;31m<err> analog_axis_hires: Could not setup channel #1 (-5)[0m
[00:04:09.254,180] [1;31m<err> ads1220: config2 mismatch! 0x10 != 0x00[0m
[00:04:09.254,333] [1;31m<err> ads1220: config2 mismatch! 0x15 != 0x00[0m
[00:04:09.254,455] [1;31m<err> ads1220: config0 mismatch! 0x3C != 0x1C[0m
[00:04:09.254,486] [1;31m<err> analog_axis_hires: Could not setup channel #1 (-5)[0m
[00:04:09.304,412] [1;31m<err> ads1220: config2 mismatch! 0x10 != 0x00[0m
[00:04:09.304,565] [1;31m<err> ads1220: config2 mismatch! 0x15 != 0x00[0m
[00:04:09.304,718] [1;31m<err> ads1220: config0 mismatch! 0x3C != 0x1C[0m
[00:04:09.304,718] [1;31m<err> analog_axis_hires: Could not setup channel #1 (-5)[0m
[00:04:09.354,675] [1;31m<err> ads1220: config2 mismatch! 0x10 != 0x00[0m
[00:04:09.354,827] [1;31m<err> ads1220: config2 mismatch! 0x15 != 0x00[0m
[00:04:09.354,980] [1;31m<err> ads1220: config0 mismatch! 0x3C != 0x1C[0m
[00:04:09.354,980] [1;31m<err> analog_axis_hires: Could not setup channel #1 (-5)[0m
[00:04:09.404,968] [1;31m<err> ads1220: config2 mismatch! 0x10 != 0x00[0m
[00:04:09.405,120] [1;31m<err> ads1220: config2 mismatch! 0x15 != 0x00[0m
[00:04:09.405,273] [1;31m<err> ads1220: config0 mismatch! 0x3C != 0x1C[0m
[00:04:09.405,273] [1;31m<err> analog_axis_hires: Could not setup channel #1 (-5)[0m
[00:04:09.455,230] [1;31m<err> ads1220: config2 mismatch! 0x10 != 0x00[0m
[00:04:09.455,352] [1;31m<err> ads1220: config2 mismatch! 0x15 != 0x00[0m
[00:04:09.455,505] [1;31m<err> ads1220: config0 mismatch! 0x3C != 0x1C[0m
[00:04:09.455,535] [1;31m<err> analog_axis_hires: Could not setup channel #1 (-5)[0m
[00:04:09.505,493] [1;31m<err> ads1220: config2 mismatch! 0x10 != 0x00[0m
[00:04:09.505,615] [1;31m<err> ads1220: config2 mismatch! 0x15 != 0x00[0m
[00:04:09.505,767] [1;31m<err> ads1220: config0 mismatch! 0x3C != 0x1C[0m
[00:04:09.505,798] [1;31m<err> analog_axis_hires: Could not setup channel #1 (-5)[0m
[00:04:09.555,755] [1;31m<err> ads1220: config2 mismatch! 0x10 != 0x00[0m
[00:04:09.555,908] [1;31m<err> ads1220: config2 mismatch! 0x15 != 0x00[0m
[00:04:09.556,060] [1;31m<err> ads1220: config0 mismatch! 0x3C != 0x1C[0m
[00:04:09.556,060] [1;31m<err> analog_axis_hires: Could not setup channel #1 (-5)[0m
[00:04:09.606,018] [1;31m<err> ads1220: config2 mismatch! 0x10 != 0x00[0m
[00:04:09.606,170] [1;31m<err> ads1220: config2 mismatch! 0x15 != 0x00[0m
[00:04:09.606,323] [1;31m<err> ads1220: config0 mismatch! 0x3C != 0x1C[0m
[00:04:09.606,323] [1;31m<err> analog_axis_hires: Could not setup channel #1 (-5)[0m
[00:04:09.656,280] [1;31m<err> ads1220: config2 mismatch! 0x10 != 0x00[0m
[00:04:09.656,433] [1;31m<err> ads1220: config2 mismatch! 0x15 != 0x00[0m
[00:04:09.656,585] [1;31m<err> ads1220: config0 mismatch! 0x3C != 0x1C[0m
[00:04:09.656,585] [1;31m<err> analog_axis_hires: Could not setup channel #1 (-5)[0m
[00:04:09.706,542] [1;31m<err> ads1220: config2 mismatch! 0x10 != 0x00[0m
[00:04:09.706,665] [1;31m<err> ads1220: config2 mismatch! 0x15 != 0x00[0m
[00:04:09.706,817] [1;31m<err> ads1220: config0 mismatch! 0x3C != 0x1C[0m
[00:04:09.706,848] [1;31m<err> analog_axis_hires: Could not setup channel #1 (-5)[0m
[00:04:09.756,805] [1;31m<err> ads1220: config2 mismatch! 0x10 != 0x00[0m
[00:04:09.756,927] [1;31m<err> ads1220: config2 mismatch! 0x15 != 0x00[0m
[00:04:09.757,080] [1;31m<err> ads1220: config0 mismatch! 0x3C != 0x1C[0m
[00:04:09.757,110] [1;31m<err> analog_axis_hires: Could not setup channel #1 (-5)[0m
[00:04:09.807,037] [1;31m<err> ads1220: config2 mismatch! 0x10 != 0x00[0m
[00:04:09.807,189] [1;31m<err> ads1220: config2 mismatch! 0x15 != 0x00[0m
[00:04:09.807,342] [1;31m<err> ads1220: config0 mismatch! 0x3C != 0x1C[0m
[00:04:09.807,342] [1;31m<err> analog_axis_hires: Could not setup channel #1 (-5)[0m
[00:04:09.857,299] [1;31m<err> ads1220: config2 mismatch! 0x10 != 0x00[0m
[00:04:09.857,452] [1;31m<err> ads1220: config2 mismatch! 0x15 != 0x00[0m
[00:04:09.857,604] [1;31m<err> ads1220: config0 mismatch! 0x3C != 0x1C[0m
[00:04:09.857,604] [1;31m<err> analog_axis_hires: Could not setup channel #1 (-5)[0m
[00:04:09.907,562] [1;31m<err> ads1220: config2 mismatch! 0x10 != 0x00[0m
[00:04:09.907,714] [1;31m<err> ads1220: config2 mismatch! 0x15 != 0x00[0m
[00:04:09.907,867] [1;31m<err> ads1220: config0 mismatch! 0x3C != 0x1C[0m
[00:04:09.907,867] [1;31m<err> analog_axis_hires: Could not setup channel #1 (-5)[0m
[00:04:09.957,824] [1;31m<err> ads1220: config2 mismatch! 0x10 != 0x00[0m
[00:04:09.957,977] [1;31m<err> ads1220: config2 mismatch! 0x15 != 0x00[0m
[00:04:09.958,129] [1;31m<err> ads1220: config0 mismatch! 0x3C != 0x1C[0m
[00:04:09.958,129] [1;31m<err> analog_axis_hires: Could not setup channel #1 (-5)[0m
[00:04:10.008,087] [1;31m<err> ads1220: config2 mismatch! 0x10 != 0x00[0m
[00:04:10.008,209] [1;31m<err> ads1220: config2 mismatch! 0x15 != 0x00[0m
[00:04:10.008,361] [1;31m<err> ads1220: config0 mismatch! 0x3C != 0x1C[0m
[00:04:10.008,392] [1;31m<err> analog_axis_hires: Could not setup channel #1 (-5)[0m
[00:04:10.058,349] [1;31m<err> ads1220: config2 mismatch! 0x10 != 0x00[0m
[00:04:10.058,471] [1;31m<err> ads1220: config2 mismatch! 0x15 != 0x00[0m
[00:04:10.058,624] [1;31m<err> ads1220: config0 mismatch! 0x3C != 0x1C[0m
[00:04:10.058,624] [1;31m<err> analog_axis_hires: Could not setup channel #1 (-5)[0m
[00:04:10.108,581] [1;31m<err> ads1220: config2 mismatch! 0x10 != 0x00[0m
[00:04:10.108,734] [1;31m<err> ads1220: config2 mismatch! 0x15 != 0x00[0m
[00:04:10.108,886] [1;31m<err> ads1220: config0 mismatch! 0x3C != 0x1C[0m
[00:04:10.108,886] [1;31m<err> analog_axis_hires: Could not setup channel #1 (-5)[0m
[00:04:10.158,843] [1;31m<err> ads1220: config2 mismatch! 0x10 != 0x00[0m
[00:04:10.158,966] [1;31m<err> ads1220: config2 mismatch! 0x15 != 0x00[0m
[00:04:10.159,118] [1;31m<err> ads1220: config0 mismatch! 0x3C != 0x1C[0m
[00:04:10.159,118] [1;31m<err> analog_axis_hires: Could not setup channel #1 (-5)[0m
[00:04:10.209,075] [1;31m<err> ads1220: config2 mismatch! 0x10 != 0x00[0m
[00:04:10.209,228] [1;31m<err> ads1220: config2 mismatch! 0x15 != 0x00[0m
[00:04:10.209,381] [1;31m<err> ads1220: config0 mismatch! 0x3C != 0x1C[0m
[00:04:10.209,381] [1;31m<err> analog_axis_hires: Could not setup channel #1 (-5)[0m
[00:04:10.259,338] [1;31m<err> ads1220: config2 mismatch! 0x10 != 0x00[0m
[00:04:10.259,490] [1;31m<err> ads1220: config2 mismatch! 0x15 != 0x00[0m
[00:04:10.259,643] [1;31m<err> ads1220: config0 mismatch! 0x3C != 0x1C[0m
[00:04:10.259,643] [1;31m<err> analog_axis_hires: Could not setup channel #1 (-5)[0m
[00:04:10.309,600] [1;31m<err> ads1220: config2 mismatch! 0x10 != 0x75[0m
[00:04:10.309,722] [1;31m<err> ads1220: config2 mismatch! 0x15 != 0x75[0m
[00:04:10.309,875] [1;31m<err> ads1220: config0 mismatch! 0x3C != 0x1C[0m
[00:04:10.309,906] [1;31m<err> analog_axis_hires: Could not setup channel #1 (-5)[0m
[00:04:10.359,893] [1;31m<err> ads1220: config2 mismatch! 0x10 != 0x13[0m
[00:04:10.360,015] [1;31m<err> ads1220: config2 mismatch! 0x15 != 0x13[0m
[00:04:10.360,168] [1;31m<err> ads1220: config0 mismatch! 0x3C != 0x1C[0m
[00:04:10.360,198] [1;31m<err> analog_axis_hires: Could not setup channel #1 (-5)[0m
[00:04:10.410,156] [1;31m<err> ads1220: config2 mismatch! 0x10 != 0x89[0m
[00:04:10.410,278] [1;31m<err> ads1220: config2 mismatch! 0x15 != 0x89[0m
[00:04:10.410,430] [1;31m<err> ads1220: config0 mismatch! 0x3C != 0x1C[0m
[00:04:10.410,461] [1;31m<err> analog_axis_hires: Could not setup channel #1 (-5)[0m
[00:04:10.460,388] [1;31m<err> ads1220: config2 mismatch! 0x10 != 0x46[0m
[00:04:10.460,540] [1;31m<err> ads1220: config2 mismatch! 0x15 != 0x46[0m
[00:04:10.460,693] [1;31m<err> ads1220: config0 mismatch! 0x3C != 0x1C[0m
[00:04:10.460,693] [1;31m<err> analog_axis_hires: Could not setup channel #1 (-5)[0m
[00:04:10.510,650] [1;31m<err> ads1220: config2 mismatch! 0x10 != 0x13[0m
[00:04:10.510,833] [1;31m<err> ads1220: config2 mismatch! 0x15 != 0x13[0m
[00:04:10.510,986] [1;31m<err> ads1220: config0 mismatch! 0x3C != 0x1C[0m
[00:04:10.510,986] [1;31m<err> analog_axis_hires: Could not setup channel #1 (-5)[0m
[00:04:10.560,943] [1;31m<err> ads1220: config2 mismatch! 0x10 != 0x9A[0m
[00:04:10.561,096] [1;31m<err> ads1220: config2 mismatch! 0x15 != 0x9A[0m
[00:04:10.561,248] [1;31m<err> ads1220: config0 mismatch! 0x3C != 0x1C[0m
[00:04:10.561,248] [1;31m<err> analog_axis_hires: Could not setup channel #1 (-5)[0m
[00:04:10.611,206] [1;31m<err> ads1220: config2 mismatch! 0x10 != 0xB8[0m
[00:04:10.611,328] [1;31m<err> ads1220: config2 mismatch! 0x15 != 0xB8[0m
[00:04:10.611,480] [1;31m<err> ads1220: config0 mismatch! 0x3C != 0x1C[0m
[00:04:10.611,511] [1;31m<err> analog_axis_hires: Could not setup channel #1 (-5)[0m
[00:04:10.661,437] [1;31m<err> ads1220: config2 mismatch! 0x10 != 0x3F[0m
[00:04:10.661,590] [1;31m<err> ads1220: config2 mismatch! 0x15 != 0x3F[0m
[00:04:10.661,743] [1;31m<err> ads1220: config0 mismatch! 0x3C != 0x1C[0m
[00:04:10.661,743] [1;31m<err> analog_axis_hires: Could not setup channel #1 (-5)[0m
[00:04:10.711,700] [1;31m<err> ads1220: config2 mismatch! 0x10 != 0x87[0m
[00:04:10.711,853] [1;31m<err> ads1220: config2 mismatch! 0x15 != 0x87[0m
[00:04:10.712,005] [1;31m<err> ads1220: config0 mismatch! 0x3C != 0x1C[0m
[00:04:10.712,005] [1;31m<err> analog_axis_hires: Could not setup channel #1 (-5)[0m
[00:04:10.761,962] [1;31m<err> ads1220: config2 mismatch! 0x10 != 0x6E[0m
[00:04:10.762,115] [1;31m<err> ads1220: config2 mismatch! 0x15 != 0x6E[0m
[00:04:10.762,268] [1;31m<err> ads1220: config0 mismatch! 0x3C != 0x1C[0m
[00:04:10.762,268] [1;31m<err> analog_axis_hires: Could not setup channel #1 (-5)[0m
[00:04:10.812,225] [1;31m<err> ads1220: config2 mismatch! 0x10 != 0x71[0m
[00:04:10.812,347] [1;31m<err> ads1220: config2 mismatch! 0x15 != 0x71[0m
[00:04:10.812,500] [1;31m<err> ads1220: config0 mismatch! 0x3C != 0x1C[0m
[00:04:10.812,530] [1;31m<err> analog_axis_hires: Could not setup channel #1 (-5)[0m
[00:04:10.862,457] [1;31m<err> ads1220: config2 mismatch! 0x10 != 0x4A[0m
[00:04:10.862,609] [1;31m<err> ads1220: config2 mismatch! 0x15 != 0x4A[0m
[00:04:10.862,762] [1;31m<err> ads1220: config0 mismatch! 0x3C != 0x1C[0m
[00:04:10.862,762] [1;31m<err> analog_axis_hires: Could not setup channel #1 (-5)[0m
[00:04:10.912,719] [1;31m<err> ads1220: config2 mismatch! 0x10 != 0xA9[0m
[00:04:10.912,872] [1;31m<err> ads1220: config2 mismatch! 0x15 != 0xA9[0m
[00:04:10.913,024] [1;31m<err> ads1220: config0 mismatch! 0x3C != 0x1C[0m
[00:04:10.913,024] [1;31m<err> analog_axis_hires: Could not setup channel #1 (-5)[0m
[00:04:10.962,982] [1;31m<err> ads1220: config2 mismatch! 0x10 != 0xE8[0m
[00:04:10.963,104] [1;31m<err> ads1220: config2 mismatch! 0x15 != 0xE8[0m
[00:04:10.963,256] [1;31m<err> ads1220: config0 mismatch! 0x3C != 0x1C[0m
[00:04:10.963,287] [1;31m<err> analog_axis_hires: Could not setup channel #1 (-5)[0m
[00:04:11.013,214] [1;31m<err> ads1220: config2 mismatch! 0x10 != 0xA8[0m
[00:04:11.013,366] [1;31m<err> ads1220: config2 mismatch! 0x15 != 0xA8[0m
[00:04:11.013,519] [1;31m<err> ads1220: config0 mismatch! 0x3C != 0x1C[0m
[00:04:11.013,519] [1;31m<err> analog_axis_hires: Could not setup channel #1 (-5)[0m
[00:04:11.063,476] [1;31m<err> ads1220: config2 mismatch! 0x10 != 0xD4[0m
[00:04:11.063,629] [1;31m<err> ads1220: config2 mismatch! 0x15 != 0xD4[0m
[00:04:11.063,751] [1;31m<err> ads1220: config0 mismatch! 0x3C != 0x1C[0m
[00:04:11.063,781] [1;31m<err> analog_axis_hires: Could not setup channel #1 (-5)[0m
[00:04:11.113,708] [1;31m<err> ads1220: config2 mismatch! 0x10 != 0x22[0m
[00:04:11.113,861] [1;31m<err> ads1220: config2 mismatch! 0x15 != 0x22[0m
[00:04:11.114,013] [1;31m<err> ads1220: config0 mismatch! 0x3C != 0x1C[0m
[00:04:11.114,013] [1;31m<err> analog_axis_hires: Could not setup channel #1 (-5)[0m
[00:04:11.163,970] [1;31m<err> ads1220: config2 mismatch! 0x10 != 0x3C[0m
[00:04:11.164,093] [1;31m<err> ads1220: config2 mismatch! 0x15 != 0x3C[0m
[00:04:11.164,245] [1;31m<err> ads1220: config0 mismatch! 0x3C != 0x1C[0m
[00:04:11.164,245] [1;31m<err> analog_axis_hires: Could not setup channel #1 (-5)[0m
[00:04:11.214,202] [1;31m<err> ads1220: config2 mismatch! 0x10 != 0xBF[0m
[00:04:11.214,355] [1;31m<err> ads1220: config2 mismatch! 0x15 != 0xBF[0m
[00:04:11.214,477] [1;31m<err> ads1220: config0 mismatch! 0x3C != 0x1C[0m
[00:04:11.214,508] [1;31m<err> analog_axis_hires: Could not setup channel #1 (-5)[0m
[00:04:11.264,434] [1;31m<err> ads1220: config2 mismatch! 0x10 != 0xC2[0m
[00:04:11.264,587] [1;31m<err> ads1220: config2 mismatch! 0x15 != 0xC2[0m
[00:04:11.264,739] [1;31m<err> ads1220: config0 mismatch! 0x3C != 0x1C[0m
[00:04:11.264,739] [1;31m<err> analog_axis_hires: Could not setup channel #1 (-5)[0m
[00:04:11.314,697] [1;31m<err> ads1220: config2 mismatch! 0x10 != 0x0C[0m
[00:04:11.314,849] [1;31m<err> ads1220: config2 mismatch! 0x15 != 0x0C[0m
[00:04:11.315,002] [1;31m<err> ads1220: config0 mismatch! 0x3C != 0x1C[0m
[00:04:11.315,002] [1;31m<err> analog_axis_hires: Could not setup channel #1 (-5)[0m
[00:04:11.364,959] [1;31m<err> ads1220: config2 mismatch! 0x10 != 0x4F[0m
[00:04:11.365,081] [1;31m<err> ads1220: config2 mismatch! 0x15 != 0x4F[0m
[00:04:11.365,234] [1;31m<err> ads1220: config0 mismatch! 0x3C != 0x1C[0m
[00:04:11.365,264] [1;31m<err> analog_axis_hires: Could not setup channel #1 (-5)[0m
[00:04:11.415,191] [1;31m<err> ads1220: config2 mismatch! 0x10 != 0xE0[0m
[00:04:11.415,344] [1;31m<err> ads1220: config2 mismatch! 0x15 != 0xE0[0m
[00:04:11.415,496] [1;31m<err> ads1220: config0 mismatch! 0x3C != 0x1C[0m
[00:04:11.415,496] [1;31m<err> analog_axis_hires: Could not setup channel #1 (-5)[0m
[00:04:11.465,454] [1;31m<err> ads1220: config2 mismatch! 0x10 != 0xE8[0m
[00:04:11.465,606] [1;31m<err> ads1220: config2 mismatch! 0x15 != 0xE8[0m
[00:04:11.465,759] [1;31m<err> ads1220: config0 mismatch! 0x3C != 0x1C[0m
[00:04:11.465,759] [1;31m<err> analog_axis_hires: Could not setup channel #1 (-5)[0m
[00:04:11.515,747] [1;31m<err> ads1220: config2 mismatch! 0x10 != 0xFB[0m
[00:04:11.515,869] [1;31m<err> ads1220: config2 mismatch! 0x15 != 0xFB[0m
[00:04:11.516,021] [1;31m<err> ads1220: config0 mismatch! 0x3C != 0x1C[0m
[00:04:11.516,052] [1;31m<err> analog_axis_hires: Could not setup channel #1 (-5)[0m
[00:04:11.565,979] [1;31m<err> ads1220: config2 mismatch! 0x10 != 0x2F[0m
[00:04:11.566,131] [1;31m<err> ads1220: config2 mismatch! 0x15 != 0x2F[0m
[00:04:11.566,284] [1;31m<err> ads1220: config0 mismatch! 0x3C != 0x1C[0m
[00:04:11.566,284] [1;31m<err> analog_axis_hires: Could not setup channel #1 (-5)[0m
[00:04:11.616,241] [1;31m<err> ads1220: config2 mismatch! 0x10 != 0x23[0m
[00:04:11.616,394] [1;31m<err> ads1220: config2 mismatch! 0x15 != 0x23[0m
[00:04:11.616,546] [1;31m<err> ads1220: config0 mismatch! 0x3C != 0x1C[0m
[00:04:11.616,546] [1;31m<err> analog_axis_hires: Could not setup channel #1 (-5)[0m
[00:04:11.666,503] [1;31m<err> ads1220: config2 mismatch! 0x10 != 0x28[0m
[00:04:11.666,625] [1;31m<err> ads1220: config2 mismatch! 0x15 != 0x28[0m
[00:04:11.666,778] [1;31m<err> ads1220: config0 mismatch! 0x3C != 0x1C[0m
[00:04:11.666,778] [1;31m<err> analog_axis_hires: Could not setup channel #1 (-5)[0m
[00:04:11.716,735] [1;31m<err> ads1220: config2 mismatch! 0x10 != 0xD4[0m
[00:04:11.716,888] [1;31m<err> ads1220: config2 mismatch! 0x15 != 0xD4[0m
[00:04:11.717,041] [1;31m<err> ads1220: config0 mismatch! 0x3C != 0x1C[0m
[00:04:11.717,041] [1;31m<err> analog_axis_hires: Could not setup channel #1 (-5)[0m
[00:04:11.766,998] [1;31m<err> ads1220: config2 mismatch! 0x10 != 0xA0[0m
[00:04:11.767,150] [1;31m<err> ads1220: config2 mismatch! 0x15 != 0xA0[0m
[00:04:11.767,303] [1;31m<err> ads1220: config0 mismatch! 0x3C != 0x1C[0m
[00:04:11.767,303] [1;31m<err> analog_axis_hires: Could not setup channel #1 (-5)[0m
[00:04:11.817,260] [1;31m<err> ads1220: config2 mismatch! 0x10 != 0x36[0m
[00:04:11.817,382] [1;31m<err> ads1220: config2 mismatch! 0x15 != 0x36[0m
[00:04:11.817,535] [1;31m<err> ads1220: config0 mismatch! 0x3C != 0x1C[0m
[00:04:11.817,565] [1;31m<err> analog_axis_hires: Could not setup channel #1 (-5)[0m
[00:04:11.867,492] [1;31m<err> ads1220: config2 mismatch! 0x10 != 0x37[0m
[00:04:11.867,645] [1;31m<err> ads1220: config2 mismatch! 0x15 != 0x37[0m
[00:04:11.867,797] [1;31m<err> ads1220: config0 mismatch! 0x3C != 0x1C[0m
[00:04:11.867,797] [1;31m<err> analog_axis_hires: Could not setup channel #1 (-5)[0m
[00:04:11.917,755] [1;31m<err> ads1220: config2 mismatch! 0x10 != 0xEE[0m
[00:04:11.917,907] [1;31m<err> ads1220: config2 mismatch! 0x15 != 0xEE[0m
[00:04:11.918,060] [1;31m<err> ads1220: config0 mismatch! 0x3C != 0x1C[0m
[00:04:11.918,060] [1;31m<err> analog_axis_hires: Could not setup channel #1 (-5)[0m
[00:04:11.968,017] [1;31m<err> ads1220: config2 mismatch! 0x10 != 0xA5[0m
[00:04:11.968,139] [1;31m<err> ads1220: config2 mismatch! 0x15 != 0xA5[0m
[00:04:11.968,292] [1;31m<err> ads1220: config0 mismatch! 0x3C != 0x1C[0m
[00:04:11.968,322] [1;31m<err> analog_axis_hires: Could not setup channel #1 (-5)[0m

### sent: spi transceive 23 00 00 00 00
spi transceive 23 00 00 00 00
TX:
00000000: 23 00 00 00 00                                   |#....            |
RX:
00000000: a5 1c 00 15 00                                   |.....            |
[1;32muart:~$ [m[00:04:12.018,676] [1;31m<err> ads1220: config2 mismatch! 0x10 != 0xED[0m
[00:04:12.018,798] [1;31m<err> ads1220: config2 mismatch! 0x15 != 0xED[0m
[00:04:12.019,104] [1;31m<err> ads1220: config0 mismatch! 0x3C != 0x1C[0m
[00:04:12.019,104] [1;31m<err> analog_axis_hires: Could not setup channel #1 (-5)[0m
[00:04:12.069,030] [1;31m<err> ads1220: config2 mismatch! 0x10 != 0xB1[0m
[00:04:12.069,183] [1;31m<err> ads1220: config2 mismatch! 0x15 != 0xB1[0m
[00:04:12.069,305] [1;31m<err> ads1220: config0 mismatch! 0x3C != 0x1C[0m
[00:04:12.069,335] [1;31m<err> analog_axis_hires: Could not setup channel #1 (-5)[0m
[00:04:12.119,262] [1;31m<err> ads1220: config2 mismatch! 0x10 != 0x7C[0m
[00:04:12.119,415] [1;31m<err> ads1220: config2 mismatch! 0x15 != 0x7C[0m
[00:04:12.119,567] [1;31m<err> ads1220: config0 mismatch! 0x3C != 0x1C[0m
[00:04:12.119,567] [1;31m<err> analog_axis_hires: Could not setup channel #1 (-5)[0m
[00:04:12.169,525] [1;31m<err> ads1220: config2 mismatch! 0x10 != 0xEE[0m
[00:04:12.169,647] [1;31m<err> ads1220: config2 mismatch! 0x15 != 0xEE[0m
[00:04:12.169,799] [1;31m<err> ads1220: config0 mismatch! 0x3C != 0x1C[0m
[00:04:12.169,799] [1;31m<err> analog_axis_hires: Could not setup channel #1 (-5)[0m
[00:04:12.219,757] [1;31m<err> ads1220: config2 mismatch! 0x10 != 0x0C[0m
[00:04:12.219,909] [1;31m<err> ads1220: config2 mismatch! 0x15 != 0x0C[0m
[00:04:12.220,031] [1;31m<err> ads1220: config0 mismatch! 0x3C != 0x1C[0m
[00:04:12.220,062] [1;31m<err> analog_axis_hires: Could not setup channel #1 (-5)[0m
[00:04:12.270,019] [1;31m<err> ads1220: config2 mismatch! 0x10 != 0xCE[0m
[00:04:12.270,172] [1;31m<err> ads1220: config2 mismatch! 0x15 != 0xCE[0m
[00:04:12.270,324] [1;31m<err> ads1220: config0 mismatch! 0x3C != 0x1C[0m
[00:04:12.270,324] [1;31m<err> analog_axis_hires: Could not setup channel #1 (-5)[0m
[00:04:12.320,281] [1;31m<err> ads1220: config2 mismatch! 0x10 != 0x08[0m
[00:04:12.320,434] [1;31m<err> ads1220: config2 mismatch! 0x15 != 0x08[0m
[00:04:12.320,587] [1;31m<err> ads1220: config0 mismatch! 0x3C != 0x1C[0m
[00:04:12.320,587] [1;31m<err> analog_axis_hires: Could not setup channel #1 (-5)[0m
[00:04:12.370,544] [1;31m<err> ads1220: config2 mismatch! 0x10 != 0xC9[0m
[00:04:12.370,666] [1;31m<err> ads1220: config2 mismatch! 0x15 != 0xC9[0m
[00:04:12.370,819] [1;31m<err> ads1220: config0 mismatch! 0x3C != 0x1C[0m
[00:04:12.370,849] [1;31m<err> analog_axis_hires: Could not setup channel #1 (-5)[0m
[00:04:12.420,776] [1;31m<err> ads1220: config2 mismatch! 0x10 != 0x77[0m
[00:04:12.420,928] [1;31m<err> ads1220: config2 mismatch! 0x15 != 0x77[0m
[00:04:12.421,112] [1;31m<err> ads1220: config0 mismatch! 0x3C != 0x1C[0m
[00:04:12.421,112] [1;31m<err> analog_axis_hires: Could not setup channel #1 (-5)[0m
[00:04:12.471,069] [1;31m<err> ads1220: config2 mismatch! 0x10 != 0x6C[0m
[00:04:12.471,191] [1;31m<err> ads1220: config2 mismatch! 0x15 != 0x6C[0m
[00:04:12.471,343] [1;31m<err> ads1220: config0 mismatch! 0x3C != 0x1C[0m
[00:04:12.471,374] [1;31m<err> analog_axis_hires: Could not setup channel #1 (-5)[0m
[00:04:12.521,301] [1;31m<err> ads1220: config2 mismatch! 0x10 != 0x40[0m
[00:04:12.521,453] [1;31m<err> ads1220: config2 mismatch! 0x15 != 0x40[0m
[00:04:12.521,606] [1;31m<err> ads1220: config0 mismatch! 0x3C != 0x1C[0m
[00:04:12.521,606] [1;31m<err> analog_axis_hires: Could not setup channel #1 (-5)[0m
[00:04:12.571,563] [1;31m<err> ads1220: config2 mismatch! 0x10 != 0xE7[0m
[00:04:12.571,716] [1;31m<err> ads1220: config2 mismatch! 0x15 != 0xE7[0m
[00:04:12.571,868] [1;31m<err> ads1220: config0 mismatch! 0x3C != 0x1C[0m
[00:04:12.571,868] [1;31m<err> analog_axis_hires: Could not setup channel #1 (-5)[0m
[00:04:12.621,826] [1;31m<err> ads1220: config2 mismatch! 0x10 != 0x8F[0m
[00:04:12.621,978] [1;31m<err> ads1220: config2 mismatch! 0x15 != 0x8F[0m
[00:04:12.622,131] [1;31m<err> ads1220: config0 mismatch! 0x3C != 0x1C[0m
[00:04:12.622,131] [1;31m<err> analog_axis_hires: Could not setup channel #1 (-5)[0m
[00:04:12.672,088] [1;31m<err> ads1220: config2 mismatch! 0x10 != 0x3D[0m
[00:04:12.672,241] [1;31m<err> ads1220: config2 mismatch! 0x15 != 0x3D[0m
[00:04:12.672,393] [1;31m<err> ads1220: config0 mismatch! 0x3C != 0x1C[0m
[00:04:12.672,393] [1;31m<err> analog_axis_hires: Could not setup channel #1 (-5)[0m
[00:04:12.722,351] [1;31m<err> ads1220: config2 mismatch! 0x10 != 0x89[0m
[00:04:12.722,503] [1;31m<err> ads1220: config2 mismatch! 0x15 != 0x89[0m
[00:04:12.722,656] [1;31m<err> ads1220: config0 mismatch! 0x3C != 0x1C[0m
[00:04:12.722,656] [1;31m<err> analog_axis_hires: Could not setup channel #1 (-5)[0m
[00:04:12.772,613] [1;31m<err> ads1220: config2 mismatch! 0x10 != 0x69[0m
[00:04:12.772,735] [1;31m<err> ads1220: config2 mismatch! 0x15 != 0x69[0m
[00:04:12.772,888] [1;31m<err> ads1220: config0 mismatch! 0x3C != 0x1C[0m
[00:04:12.772,918] [1;31m<err> analog_axis_hires: Could not setup channel #1 (-5)[0m
[00:04:12.822,845] [1;31m<err> ads1220: config2 mismatch! 0x10 != 0x4F[0m
[00:04:12.822,998] [1;31m<err> ads1220: config2 mismatch! 0x15 != 0x4F[0m
[00:04:12.823,150] [1;31m<err> ads1220: config0 mismatch! 0x3C != 0x1C[0m
[00:04:12.823,150] [1;31m<err> analog_axis_hires: Could not setup channel #1 (-5)[0m
[00:04:12.873,107] [1;31m<err> ads1220: config2 mismatch! 0x10 != 0x94[0m
[00:04:12.873,260] [1;31m<err> ads1220: config2 mismatch! 0x15 != 0x94[0m
[00:04:12.873,413] [1;31m<err> ads1220: config0 mismatch! 0x3C != 0x1C[0m
[00:04:12.873,413] [1;31m<err> analog_axis_hires: Could not setup channel #1 (-5)[0m
[00:04:12.923,370] [1;31m<err> ads1220: config2 mismatch! 0x10 != 0xAD[0m
[00:04:12.923,522] [1;31m<err> ads1220: config2 mismatch! 0x15 != 0xAD[0m
[00:04:12.923,675] [1;31m<err> ads1220: config0 mismatch! 0x3C != 0x1C[0m
[00:04:12.923,675] [1;31m<err> analog_axis_hires: Could not setup channel #1 (-5)[0m
[00:04:12.973,632] [1;31m<err> ads1220: config2 mismatch! 0x10 != 0xE6[0m
[00:04:12.973,754] [1;31m<err> ads1220: config2 mismatch! 0x15 != 0xE6[0m
[00:04:12.973,907] [1;31m<err> ads1220: config0 mismatch! 0x3C != 0x1C[0m
[00:04:12.973,937] [1;31m<err> analog_axis_hires: Could not setup channel #1 (-5)[0m
[00:04:13.023,864] [1;31m<err> ads1220: config2 mismatch! 0x10 != 0x02[0m
[00:04:13.024,017] [1;31m<err> ads1220: config2 mismatch! 0x15 != 0x02[0m
[00:04:13.024,169] [1;31m<err> ads1220: config0 mismatch! 0x3C != 0x1C[0m
[00:04:13.024,169] [1;31m<err> analog_axis_hires: Could not setup channel #1 (-5)[0m
[00:04:13.074,127] [1;31m<err> ads1220: config2 mismatch! 0x10 != 0x0A[0m
[00:04:13.074,279] [1;31m<err> ads1220: config2 mismatch! 0x15 != 0x0A[0m
[00:04:13.074,401] [1;31m<err> ads1220: config0 mismatch! 0x3C != 0x1C[0m
[00:04:13.074,432] [1;31m<err> analog_axis_hires: Could not setup channel #1 (-5)[0m
[00:04:13.124,359] [1;31m<err> ads1220: config2 mismatch! 0x10 != 0xCD[0m
[00:04:13.124,511] [1;31m<err> ads1220: config2 mismatch! 0x15 != 0xCD[0m
[00:04:13.124,664] [1;31m<err> ads1220: config0 mismatch! 0x3C != 0x1C[0m
[00:04:13.124,664] [1;31m<err> analog_axis_hires: Could not setup channel #1 (-5)[0m
[00:04:13.174,621] [1;31m<err> ads1220: config2 mismatch! 0x10 != 0x3B[0m
[00:04:13.174,743] [1;31m<err> ads1220: config2 mismatch! 0x15 != 0x3B[0m
[00:04:13.174,896] [1;31m<err> ads1220: config0 mismatch! 0x3C != 0x1C[0m
[00:04:13.174,896] [1;31m<err> analog_axis_hires: Could not setup channel #1 (-5)[0m
[00:04:13.224,853] [1;31m<err> ads1220: config2 mismatch! 0x10 != 0x57[0m
[00:04:13.225,006] [1;31m<err> ads1220: config2 mismatch! 0x15 != 0x57[0m
[00:04:13.225,128] [1;31m<err> ads1220: config0 mismatch! 0x3C != 0x1C[0m
[00:04:13.225,158] [1;31m<err> analog_axis_hires: Could not setup channel #1 (-5)[0m
[00:04:13.275,085] [1;31m<err> ads1220: config2 mismatch! 0x10 != 0x0F[0m
[00:04:13.275,238] [1;31m<err> ads1220: config2 mismatch! 0x15 != 0x0F[0m
[00:04:13.275,390] [1;31m<err> ads1220: config0 mismatch! 0x3C != 0x1C[0m
[00:04:13.275,390] [1;31m<err> analog_axis_hires: Could not setup channel #1 (-5)[0m
[00:04:13.325,347] [1;31m<err> ads1220: config2 mismatch! 0x10 != 0x80[0m
[00:04:13.325,500] [1;31m<err> ads1220: config2 mismatch! 0x15 != 0x80[0m
[00:04:13.325,653] [1;31m<err> ads1220: config0 mismatch! 0x3C != 0x1C[0m
[00:04:13.325,653] [1;31m<err> analog_axis_hires: Could not setup channel #1 (-5)[0m
[00:04:13.375,610] [1;31m<err> ads1220: config2 mismatch! 0x10 != 0x4C[0m
[00:04:13.375,732] [1;31m<err> ads1220: config2 mismatch! 0x15 != 0x4C[0m
[00:04:13.375,885] [1;31m<err> ads1220: config0 mismatch! 0x3C != 0x1C[0m
[00:04:13.375,915] [1;31m<err> analog_axis_hires: Could not setup channel #1 (-5)[0m
[00:04:13.425,872] [1;31m<err> ads1220: config2 mismatch! 0x10 != 0x3E[0m
[00:04:13.426,025] [1;31m<err> ads1220: config2 mismatch! 0x15 != 0x3E[0m
[00:04:13.426,177] [1;31m<err> ads1220: config0 mismatch! 0x3C != 0x1C[0m
[00:04:13.426,177] [1;31m<err> analog_axis_hires: Could not setup channel #1 (-5)[0m
[00:04:13.476,135] [1;31m<err> ads1220: config2 mismatch! 0x10 != 0x1B[0m
[00:04:13.476,257] [1;31m<err> ads1220: config2 mismatch! 0x15 != 0x1B[0m
[00:04:13.476,409] [1;31m<err> ads1220: config0 mismatch! 0x3C != 0x1C[0m
[00:04:13.476,440] [1;31m<err> analog_axis_hires: Could not setup channel #1 (-5)[0m
[00:04:13.526,367] [1;31m<err> ads1220: config2 mismatch! 0x10 != 0xC6[0m
[00:04:13.526,519] [1;31m<err> ads1220: config2 mismatch! 0x15 != 0xC6[0m
[00:04:13.526,672] [1;31m<err> ads1220: config0 mismatch! 0x3C != 0x1C[0m
[00:04:13.526,672] [1;31m<err> analog_axis_hires: Could not setup channel #1 (-5)[0m
[00:04:13.576,629] [1;31m<err> ads1220: config2 mismatch! 0x10 != 0x1E[0m
[00:04:13.576,782] [1;31m<err> ads1220: config2 mismatch! 0x15 != 0x1E[0m
[00:04:13.576,934] [1;31m<err> ads1220: config0 mismatch! 0x3C != 0x1C[0m
[00:04:13.576,965] [1;31m<err> analog_axis_hires: Could not setup channel #1 (-5)[0m
[00:04:13.626,892] [1;31m<err> ads1220: config2 mismatch! 0x10 != 0x9E[0m
[00:04:13.627,044] [1;31m<err> ads1220: config2 mismatch! 0x15 != 0x9E[0m
[00:04:13.627,197] [1;31m<err> ads1220: config0 mismatch! 0x3C != 0x1C[0m
[00:04:13.627,197] [1;31m<err> analog_axis_hires: Could not setup channel #1 (-5)[0m
[00:04:13.677,154] [1;31m<err> ads1220: config2 mismatch! 0x10 != 0x25[0m
[00:04:13.677,307] [1;31m<err> ads1220: config2 mismatch! 0x15 != 0x25[0m
[00:04:13.677,459] [1;31m<err> ads1220: config0 mismatch! 0x3C != 0x1C[0m
[00:04:13.677,459] [1;31m<err> analog_axis_hires: Could not setup channel #1 (-5)[0m
[00:04:13.727,416] [1;31m<err> ads1220: config2 mismatch! 0x10 != 0xF3[0m
[00:04:13.727,539] [1;31m<err> ads1220: config2 mismatch! 0x15 != 0xF3[0m
[00:04:13.727,691] [1;31m<err> ads1220: config0 mismatch! 0x3C != 0x1C[0m
[00:04:13.727,722] [1;31m<err> analog_axis_hires: Could not setup channel #1 (-5)[0m
[00:04:13.777,679] [1;31m<err> ads1220: config2 mismatch! 0x10 != 0x4A[0m
[00:04:13.777,801] [1;31m<err> ads1220: config2 mismatch! 0x15 != 0x4A[0m
[00:04:13.777,954] [1;31m<err> ads1220: config0 mismatch! 0x3C != 0x1C[0m
[00:04:13.777,984] [1;31m<err> analog_axis_hires: Could not setup channel #1 (-5)[0m
[00:04:13.827,911] [1;31m<err> ads1220: config2 mismatch! 0x10 != 0xE6[0m
[00:04:13.828,063] [1;31m<err> ads1220: config2 mismatch! 0x15 != 0xE6[0m
[00:04:13.828,216] [1;31m<err> ads1220: config0 mismatch! 0x3C != 0x1C[0m
[00:04:13.828,216] [1;31m<err> analog_axis_hires: Could not setup channel #1 (-5)[0m
[00:04:13.878,173] [1;31m<err> ads1220: config2 mismatch! 0x10 != 0xBA[0m
[00:04:13.878,295] [1;31m<err> ads1220: config2 mismatch! 0x15 != 0xBA[0m
[00:04:13.878,448] [1;31m<err> ads1220: config0 mismatch! 0x3C != 0x1C[0m
[00:04:13.878,479] [1;31m<err> analog_axis_hires: Could not setup channel #1 (-5)[0m
[00:04:13.928,405] [1;31m<err> ads1220: config2 mismatch! 0x10 != 0xA3[0m
[00:04:13.928,558] [1;31m<err> ads1220: config2 mismatch! 0x15 != 0xA3[0m
[00:04:13.928,710] [1;31m<err> ads1220: config0 mismatch! 0x3C != 0x1C[0m
[00:04:13.928,710] [1;31m<err> analog_axis_hires: Could not setup channel #1 (-5)[0m
[00:04:13.978,668] [1;31m<err> ads1220: config2 mismatch! 0x10 != 0xE1[0m
[00:04:13.978,820] [1;31m<err> ads1220: config2 mismatch! 0x15 != 0xE1[0m
[00:04:13.978,973] [1;31m<err> ads1220: config0 mismatch! 0x3C != 0x1C[0m
[00:04:13.978,973] [1;31m<err> analog_axis_hires: Could not setup channel #1 (-5)[0m
[00:04:14.028,930] [1;31m<err> ads1220: config2 mismatch! 0x10 != 0x41[0m
[00:04:14.029,052] [1;31m<err> ads1220: config2 mismatch! 0x15 != 0x41[0m
[00:04:14.029,205] [1;31m<err> ads1220: config0 mismatch! 0x3C != 0x1C[0m
[00:04:14.029,235] [1;31m<err> analog_axis_hires: Could not setup channel #1 (-5)[0m
[00:04:14.079,162] [1;31m<err> ads1220: config2 mismatch! 0x10 != 0x9E[0m
[00:04:14.079,315] [1;31m<err> ads1220: config2 mismatch! 0x15 != 0x9E[0m
[00:04:14.079,467] [1;31m<err> ads1220: config0 mismatch! 0x3C != 0x1C[0m
[00:04:14.079,467] [1;31m<err> analog_axis_hires: Could not setup channel #1 (-5)[0m
[00:04:14.129,394] [1;31m<err> ads1220: config2 mismatch! 0x10 != 0x97[0m
[00:04:14.129,547] [1;31m<err> ads1220: config2 mismatch! 0x15 != 0x97[0m
[00:04:14.129,699] [1;31m<err> ads1220: config0 mismatch! 0x3C != 0x1C[0m
[00:04:14.129,699] [1;31m<err> analog_axis_hires: Could not setup channel #1 (-5)[0m
[00:04:14.179,656] [1;31m<err> ads1220: config2 mismatch! 0x10 != 0x78[0m
[00:04:14.179,779] [1;31m<err> ads1220: config2 mismatch! 0x15 != 0x78[0m
[00:04:14.179,931] [1;31m<err> ads1220: config0 mismatch! 0x3C != 0x1C[0m
[00:04:14.179,931] [1;31m<err> analog_axis_hires: Could not setup channel #1 (-5)[0m
[00:04:14.229,888] [1;31m<err> ads1220: config2 mismatch! 0x10 != 0x71[0m
[00:04:14.230,041] [1;31m<err> ads1220: config2 mismatch! 0x15 != 0x71[0m
[00:04:14.230,163] [1;31m<err> ads1220: config0 mismatch! 0x3C != 0x1C[0m
[00:04:14.230,194] [1;31m<err> analog_axis_hires: Could not setup channel #1 (-5)[0m
[00:04:14.280,120] [1;31m<err> ads1220: config2 mismatch! 0x10 != 0x02[0m
[00:04:14.280,273] [1;31m<err> ads1220: config2 mismatch! 0x15 != 0x02[0m
[00:04:14.280,426] [1;31m<err> ads1220: config0 mismatch! 0x3C != 0x1C[0m
[00:04:14.280,426] [1;31m<err> analog_axis_hires: Could not setup channel #1 (-5)[0m
[00:04:14.330,383] [1;31m<err> ads1220: config2 mismatch! 0x10 != 0xA4[0m
[00:04:14.330,535] [1;31m<err> ads1220: config2 mismatch! 0x15 != 0xA4[0m
[00:04:14.330,688] [1;31m<err> ads1220: config0 mismatch! 0x3C != 0x1C[0m
[00:04:14.330,688] [1;31m<err> analog_axis_hires: Could not setup channel #1 (-5)[0m
[00:04:14.380,645] [1;31m<err> ads1220: config2 mismatch! 0x10 != 0x5D[0m
[00:04:14.380,767] [1;31m<err> ads1220: config2 mismatch! 0x15 != 0x5D[0m
[00:04:14.380,920] [1;31m<err> ads1220: config0 mismatch! 0x3C != 0x1C[0m
[00:04:14.380,950] [1;31m<err> analog_axis_hires: Could not setup channel #1 (-5)[0m
[00:04:14.430,877] [1;31m<err> ads1220: config2 mismatch! 0x10 != 0x71[0m
[00:04:14.431,030] [1;31m<err> ads1220: config2 mismatch! 0x15 != 0x71[0m
[00:04:14.431,182] [1;31m<err> ads1220: config0 mismatch! 0x3C != 0x1C[0m
[00:04:14.431,182] [1;31m<err> analog_axis_hires: Could not setup channel #1 (-5)[0m
[00:04:14.481,140] [1;31m<err> ads1220: config2 mismatch! 0x10 != 0xF3[0m
[00:04:14.481,292] [1;31m<err> ads1220: config2 mismatch! 0x15 != 0xF3[0m
[00:04:14.481,445] [1;31m<err> ads1220: config0 mismatch! 0x3C != 0x1C[0m
[00:04:14.481,445] [1;31m<err> analog_axis_hires: Could not setup channel #1 (-5)[0m
[00:04:14.531,402] [1;31m<err> ads1220: config2 mismatch! 0x10 != 0xB3[0m
[00:04:14.531,524] [1;31m<err> ads1220: config2 mismatch! 0x15 != 0xB3[0m
[00:04:14.531,677] [1;31m<err> ads1220: config0 mismatch! 0x3C != 0x1C[0m
[00:04:14.531,707] [1;31m<err> analog_axis_hires: Could not setup channel #1 (-5)[0m
[00:04:14.581,695] [1;31m<err> ads1220: config2 mismatch! 0x10 != 0xF9[0m
[00:04:14.581,817] [1;31m<err> ads1220: config2 mismatch! 0x15 != 0xF9[0m
[00:04:14.581,970] [1;31m<err> ads1220: config0 mismatch! 0x3C != 0x1C[0m
[00:04:14.582,000] [1;31m<err> analog_axis_hires: Could not setup channel #1 (-5)[0m
[00:04:14.631,927] [1;31m<err> ads1220: config2 mismatch! 0x10 != 0xAD[0m
[00:04:14.632,080] [1;31m<err> ads1220: config2 mismatch! 0x15 != 0xAD[0m
[00:04:14.632,232] [1;31m<err> ads1220: config0 mismatch! 0x3C != 0x1C[0m
[00:04:14.632,232] [1;31m<err> analog_axis_hires: Could not setup channel #1 (-5)[0m
[00:04:14.682,189] [1;31m<err> ads1220: config2 mismatch! 0x10 != 0x60[0m
[00:04:14.682,312] [1;31m<err> ads1220: config2 mismatch! 0x15 != 0x60[0m
[00:04:14.682,464] [1;31m<err> ads1220: config0 mismatch! 0x3C != 0x1C[0m
[00:04:14.682,495] [1;31m<err> analog_axis_hires: Could not setup channel #1 (-5)[0m
[00:04:14.732,421] [1;31m<err> ads1220: config2 mismatch! 0x10 != 0xA7[0m
[00:04:14.732,604] [1;31m<err> ads1220: config2 mismatch! 0x15 != 0xA7[0m
[00:04:14.732,757] [1;31m<err> ads1220: config0 mismatch! 0x3C != 0x1C[0m
[00:04:14.732,757] [1;31m<err> analog_axis_hires: Could not setup channel #1 (-5)[0m
[00:04:14.782,714] [1;31m<err> ads1220: config2 mismatch! 0x10 != 0x2C[0m
[00:04:14.782,836] [1;31m<err> ads1220: config2 mismatch! 0x15 != 0x2C[0m
[00:04:14.782,989] [1;31m<err> ads1220: config0 mismatch! 0x3C != 0x1C[0m
[00:04:14.783,020] [1;31m<err> analog_axis_hires: Could not setup channel #1 (-5)[0m
[00:04:14.832,946] [1;31m<err> ads1220: config2 mismatch! 0x10 != 0x9C[0m
[00:04:14.833,099] [1;31m<err> ads1220: config2 mismatch! 0x15 != 0x9C[0m
[00:04:14.833,251] [1;31m<err> ads1220: config0 mismatch! 0x3C != 0x1C[0m
[00:04:14.833,251] [1;31m<err> analog_axis_hires: Could not setup channel #1 (-5)[0m
[00:04:14.883,209] [1;31m<err> ads1220: config2 mismatch! 0x10 != 0xAD[0m
[00:04:14.883,361] [1;31m<err> ads1220: config2 mismatch! 0x15 != 0xAD[0m
[00:04:14.883,514] [1;31m<err> ads1220: config0 mismatch! 0x3C != 0x1C[0m
[00:04:14.883,514] [1;31m<err> analog_axis_hires: Could not setup channel #1 (-5)[0m
[00:04:14.933,441] [1;31m<err> ads1220: config2 mismatch! 0x10 != 0x5D[0m
[00:04:14.933,593] [1;31m<err> ads1220: config2 mismatch! 0x15 != 0x5D[0m
[00:04:14.933,746] [1;31m<err> ads1220: config0 mismatch! 0x3C != 0x1C[0m
[00:04:14.933,746] [1;31m<err> analog_axis_hires: Could not setup channel #1 (-5)[0m
[00:04:14.983,703] [1;31m<err> ads1220: config2 mismatch! 0x10 != 0x38[0m
[00:04:14.983,856] [1;31m<err> ads1220: config2 mismatch! 0x15 != 0x38[0m
[00:04:14.984,008] [1;31m<err> ads1220: config0 mismatch! 0x3C != 0x1C[0m
[00:04:14.984,008] [1;31m<err> analog_axis_hires: Could not setup channel #1 (-5)[0m
[00:04:15.033,966] [1;31m<err> ads1220: config2 mismatch! 0x10 != 0x99[0m
[00:04:15.034,088] [1;31m<err> ads1220: config2 mismatch! 0x15 != 0x99[0m
[00:04:15.034,240] [1;31m<err> ads1220: config0 mismatch! 0x3C != 0x1C[0m
[00:04:15.034,271] [1;31m<err> analog_axis_hires: Could not setup channel #1 (-5)[0m
[00:04:15.084,197] [1;31m<err> ads1220: config2 mismatch! 0x10 != 0xC1[0m
[00:04:15.084,350] [1;31m<err> ads1220: config2 mismatch! 0x15 != 0xC1[0m
[00:04:15.084,472] [1;31m<err> ads1220: config0 mismatch! 0x3C != 0x1C[0m
[00:04:15.084,503] [1;31m<err> analog_axis_hires: Could not setup channel #1 (-5)[0m
[00:04:15.134,429] [1;31m<err> ads1220: config2 mismatch! 0x10 != 0x9F[0m
[00:04:15.134,582] [1;31m<err> ads1220: config2 mismatch! 0x15 != 0x9F[0m
[00:04:15.134,735] [1;31m<err> ads1220: config0 mismatch! 0x3C != 0x1C[0m
[00:04:15.134,735] [1;31m<err> analog_axis_hires: Could not setup channel #1 (-5)[0m
[00:04:15.184,692] [1;31m<err> ads1220: config2 mismatch! 0x10 != 0x63[0m
[00:04:15.184,814] [1;31m<err> ads1220: config2 mismatch! 0x15 != 0x63[0m
[00:04:15.184,967] [1;31m<err> ads1220: config0 mismatch! 0x3C != 0x1C[0m
[00:04:15.184,967] [1;31m<err> analog_axis_hires: Could not setup channel #1 (-5)[0m
[00:04:15.234,924] [1;31m<err> ads1220: config2 mismatch! 0x10 != 0x72[0m
[00:04:15.235,046] [1;31m<err> ads1220: config2 mismatch! 0x15 != 0x72[0m
[00:04:15.235,198] [1;31m<err> ads1220: config0 mismatch! 0x3C != 0x1C[0m
[00:04:15.235,198] [1;31m<err> analog_axis_hires: Could not setup channel #1 (-5)[0m
[00:04:15.285,156] [1;31m<err> ads1220: config2 mismatch! 0x10 != 0x7E[0m
[00:04:15.285,308] [1;31m<err> ads1220: config2 mismatch! 0x15 != 0x7E[0m
[00:04:15.285,461] [1;31m<err> ads1220: config0 mismatch! 0x3C != 0x1C[0m
[00:04:15.285,461] [1;31m<err> analog_axis_hires: Could not setup channel #1 (-5)[0m
[00:04:15.335,418] [1;31m<err> ads1220: config2 mismatch! 0x10 != 0x35[0m
[00:04:15.335,540] [1;31m<err> ads1220: config2 mismatch! 0x15 != 0x35[0m
[00:04:15.335,693] [1;31m<err> ads1220: config0 mismatch! 0x3C != 0x1C[0m
[00:04:15.335,723] [1;31m<err> analog_axis_hires: Could not setup channel #1 (-5)[0m
[00:04:15.385,650] [1;31m<err> ads1220: config2 mismatch! 0x10 != 0x7C[0m
[00:04:15.385,803] [1;31m<err> ads1220: config2 mismatch! 0x15 != 0x7C[0m
[00:04:15.385,955] [1;31m<err> ads1220: config0 mismatch! 0x3C != 0x1C[0m
[00:04:15.385,955] [1;31m<err> analog_axis_hires: Could not setup channel #1 (-5)[0m
[00:04:15.435,913] [1;31m<err> ads1220: config2 mismatch! 0x10 != 0x1F[0m
[00:04:15.436,035] [1;31m<err> ads1220: config2 mismatch! 0x15 != 0x1F[0m
[00:04:15.436,187] [1;31m<err> ads1220: config0 mismatch! 0x3C != 0x1C[0m
[00:04:15.436,218] [1;31m<err> analog_axis_hires: Could not setup channel #1 (-5)[0m
[00:04:15.486,145] [1;31m<err> ads1220: config2 mismatch! 0x10 != 0x52[0m
[00:04:15.486,297] [1;31m<err> ads1220: config2 mismatch! 0x15 != 0x52[0m
[00:04:15.486,450] [1;31m<err> ads1220: config0 mismatch! 0x3C != 0x1C[0m
[00:04:15.486,450] [1;31m<err> analog_axis_hires: Could not setup channel #1 (-5)[0m
[00:04:15.536,407] [1;31m<err> ads1220: config2 mismatch! 0x10 != 0xA5[0m
[00:04:15.536,560] [1;31m<err> ads1220: config2 mismatch! 0x15 != 0xA5[0m
[00:04:15.536,712] [1;31m<err> ads1220: config0 mismatch! 0x3C != 0x1C[0m
[00:04:15.536,712] [1;31m<err> analog_axis_hires: Could not setup channel #1 (-5)[0m
[00:04:15.586,669] [1;31m<err> ads1220: config2 mismatch! 0x10 != 0xC0[0m
[00:04:15.586,791] [1;31m<err> ads1220: config2 mismatch! 0x15 != 0xC0[0m
[00:04:15.586,944] [1;31m<err> ads1220: config0 mismatch! 0x3C != 0x1C[0m
[00:04:15.586,975] [1;31m<err> analog_axis_hires: Could not setup channel #1 (-5)[0m
[00:04:15.636,901] [1;31m<err> ads1220: config2 mismatch! 0x10 != 0x3B[0m
[00:04:15.637,054] [1;31m<err> ads1220: config2 mismatch! 0x15 != 0x3B[0m
[00:04:15.637,207] [1;31m<err> ads1220: config0 mismatch! 0x3C != 0x1C[0m
[00:04:15.637,207] [1;31m<err> analog_axis_hires: Could not setup channel #1 (-5)[0m
[00:04:15.687,164] [1;31m<err> ads1220: config2 mismatch! 0x10 != 0xB3[0m
[00:04:15.687,316] [1;31m<err> ads1220: config2 mismatch! 0x15 != 0xB3[0m
[00:04:15.687,469] [1;31m<err> ads1220: config0 mismatch! 0x3C != 0x1C[0m
[00:04:15.687,469] [1;31m<err> analog_axis_hires: Could not setup channel #1 (-5)[0m
[00:04:15.737,457] [1;31m<err> ads1220: config2 mismatch! 0x10 != 0x35[0m
[00:04:15.737,579] [1;31m<err> ads1220: config2 mismatch! 0x15 != 0x35[0m
[00:04:15.737,731] [1;31m<err> ads1220: config0 mismatch! 0x3C != 0x1C[0m
[00:04:15.737,762] [1;31m<err> analog_axis_hires: Could not setup channel #1 (-5)[0m
[00:04:15.787,689] [1;31m<err> ads1220: config2 mismatch! 0x10 != 0x65[0m
[00:04:15.787,841] [1;31m<err> ads1220: config2 mismatch! 0x15 != 0x65[0m
[00:04:15.787,994] [1;31m<err> ads1220: config0 mismatch! 0x3C != 0x1C[0m
[00:04:15.787,994] [1;31m<err> analog_axis_hires: Could not setup channel #1 (-5)[0m
[00:04:15.837,951] [1;31m<err> ads1220: config2 mismatch! 0x10 != 0xE7[0m
[00:04:15.838,073] [1;31m<err> ads1220: config2 mismatch! 0x15 != 0xE7[0m
[00:04:15.838,226] [1;31m<err> ads1220: config0 mismatch! 0x3C != 0x1C[0m
[00:04:15.838,256] [1;31m<err> analog_axis_hires: Could not setup channel #1 (-5)[0m
[00:04:15.888,183] [1;31m<err> ads1220: config2 mismatch! 0x10 != 0x65[0m
[00:04:15.888,366] [1;31m<err> ads1220: config2 mismatch! 0x15 != 0x65[0m
[00:04:15.888,519] [1;31m<err> ads1220: config0 mismatch! 0x3C != 0x1C[0m
[00:04:15.888,519] [1;31m<err> analog_axis_hires: Could not setup channel #1 (-5)[0m
[00:04:15.938,476] [1;31m<err> ads1220: config2 mismatch! 0x10 != 0x20[0m
[00:04:15.938,598] [1;31m<err> ads1220: config2 mismatch! 0x15 != 0x20[0m
[00:04:15.938,751] [1;31m<err> ads1220: config0 mismatch! 0x3C != 0x1C[0m
[00:04:15.938,781] [1;31m<err> analog_axis_hires: Could not setup channel #1 (-5)[0m
[00:04:15.988,708] [1;31m<err> ads1220: config2 mismatch! 0x10 != 0x55[0m
[00:04:15.988,861] [1;31m<err> ads1220: config2 mismatch! 0x15 != 0x55[0m
[00:04:15.989,013] [1;31m<err> ads1220: config0 mismatch! 0x3C != 0x1C[0m
[00:04:15.989,013] [1;31m<err> analog_axis_hires: Could not setup channel #1 (-5)[0m
[00:04:16.038,970] [1;31m<err> ads1220: config2 mismatch! 0x10 != 0x89[0m
[00:04:16.039,123] [1;31m<err> ads1220: config2 mismatch! 0x15 != 0x89[0m
[00:04:16.039,276] [1;31m<err> ads1220: config0 mismatch! 0x3C != 0x1C[0m
[00:04:16.039,276] [1;31m<err> analog_axis_hires: Could not setup channel #1 (-5)[0m
[00:04:16.089,202] [1;31m<err> ads1220: config2 mismatch! 0x10 != 0xB5[0m
[00:04:16.089,355] [1;31m<err> ads1220: config2 mismatch! 0x15 != 0xB5[0m
[00:04:16.089,508] [1;31m<err> ads1220: config0 mismatch! 0x3C != 0x1C[0m
[00:04:16.089,508] [1;31m<err> analog_axis_hires: Could not setup channel #1 (-5)[0m
[00:04:16.139,465] [1;31m<err> ads1220: config2 mismatch! 0x10 != 0x14[0m
[00:04:16.139,587] [1;31m<err> ads1220: config2 mismatch! 0x15 != 0x14[0m
[00:04:16.139,739] [1;31m<err> ads1220: config0 mismatch! 0x3C != 0x1C[0m
[00:04:16.139,739] [1;31m<err> analog_axis_hires: Could not setup channel #1 (-5)[0m
[00:04:16.189,697] [1;31m<err> ads1220: config2 mismatch! 0x10 != 0xCB[0m
[00:04:16.189,819] [1;31m<err> ads1220: config2 mismatch! 0x15 != 0xCB[0m
[00:04:16.189,971] [1;31m<err> ads1220: config0 mismatch! 0x3C != 0x1C[0m
[00:04:16.189,971] [1;31m<err> analog_axis_hires: Could not setup channel #1 (-5)[0m
[00:04:16.239,929] [1;31m<err> ads1220: config2 mismatch! 0x10 != 0x1A[0m
[00:04:16.240,081] [1;31m<err> ads1220: config2 mismatch! 0x15 != 0x1A[0m
[00:04:16.240,203] [1;31m<err> ads1220: config0 mismatch! 0x3C != 0x1C[0m
[00:04:16.240,234] [1;31m<err> analog_axis_hires: Could not setup channel #1 (-5)[0m
[00:04:16.290,161] [1;31m<err> ads1220: config2 mismatch! 0x10 != 0xB3[0m
[00:04:16.290,313] [1;31m<err> ads1220: config2 mismatch! 0x15 != 0xB3[0m
[00:04:16.290,466] [1;31m<err> ads1220: config0 mismatch! 0x3C != 0x1C[0m
[00:04:16.290,466] [1;31m<err> analog_axis_hires: Could not setup channel #1 (-5)[0m
[00:04:16.340,423] [1;31m<err> ads1220: config2 mismatch! 0x10 != 0x5C[0m
[00:04:16.340,545] [1;31m<err> ads1220: config2 mismatch! 0x15 != 0x5C[0m
[00:04:16.340,698] [1;31m<err> ads1220: config0 mismatch! 0x3C != 0x1C[0m
[00:04:16.340,728] [1;31m<err> analog_axis_hires: Could not setup channel #1 (-5)[0m
[00:04:16.390,655] [1;31m<err> ads1220: config2 mismatch! 0x10 != 0x14[0m
[00:04:16.390,808] [1;31m<err> ads1220: config2 mismatch! 0x15 != 0x14[0m
[00:04:16.390,960] [1;31m<err> ads1220: config0 mismatch! 0x3C != 0x1C[0m
[00:04:16.390,960] [1;31m<err> analog_axis_hires: Could not setup channel #1 (-5)[0m
[00:04:16.440,917] [1;31m<err> ads1220: config2 mismatch! 0x10 != 0xCA[0m
[00:04:16.441,070] [1;31m<err> ads1220: config2 mismatch! 0x15 != 0xCA[0m
[00:04:16.441,223] [1;31m<err> ads1220: config0 mismatch! 0x3C != 0x1C[0m
[00:04:16.441,223] [1;31m<err> analog_axis_hires: Could not setup channel #1 (-5)[0m
[00:04:16.491,180] [1;31m<err> ads1220: config2 mismatch! 0x10 != 0x07[0m
[00:04:16.491,302] [1;31m<err> ads1220: config2 mismatch! 0x15 != 0x07[0m
[00:04:16.491,455] [1;31m<err> ads1220: config0 mismatch! 0x3C != 0x1C[0m
[00:04:16.491,485] [1;31m<err> analog_axis_hires: Could not setup channel #1 (-5)[0m
[00:04:16.541,412] [1;31m<err> ads1220: config2 mismatch! 0x10 != 0xDB[0m
[00:04:16.541,564] [1;31m<err> ads1220: config2 mismatch! 0x15 != 0xDB[0m
[00:04:16.541,717] [1;31m<err> ads1220: config0 mismatch! 0x3C != 0x1C[0m
[00:04:16.541,717] [1;31m<err> analog_axis_hires: Could not setup channel #1 (-5)[0m
[00:04:16.591,674] [1;31m<err> ads1220: config2 mismatch! 0x10 != 0xD4[0m
[00:04:16.591,827] [1;31m<err> ads1220: config2 mismatch! 0x15 != 0xD4[0m
[00:04:16.591,979] [1;31m<err> ads1220: config0 mismatch! 0x3C != 0x1C[0m
[00:04:16.591,979] [1;31m<err> analog_axis_hires: Could not setup channel #1 (-5)[0m
[00:04:16.641,937] [1;31m<err> ads1220: config2 mismatch! 0x10 != 0x29[0m
[00:04:16.642,059] [1;31m<err> ads1220: config2 mismatch! 0x15 != 0x29[0m
[00:04:16.642,211] [1;31m<err> ads1220: config0 mismatch! 0x3C != 0x1C[0m
[00:04:16.642,242] [1;31m<err> analog_axis_hires: Could not setup channel #1 (-5)[0m
[00:04:16.692,169] [1;31m<err> ads1220: config2 mismatch! 0x10 != 0x13[0m
[00:04:16.692,321] [1;31m<err> ads1220: config2 mismatch! 0x15 != 0x13[0m
[00:04:16.692,474] [1;31m<err> ads1220: config0 mismatch! 0x3C != 0x1C[0m
[00:04:16.692,474] [1;31m<err> analog_axis_hires: Could not setup channel #1 (-5)[0m
[00:04:16.742,431] [1;31m<err> ads1220: config2 mismatch! 0x10 != 0x03[0m
[00:04:16.742,584] [1;31m<err> ads1220: config2 mismatch! 0x15 != 0x03[0m
[00:04:16.742,736] [1;31m<err> ads1220: config0 mismatch! 0x3C != 0x1C[0m
[00:04:16.742,736] [1;31m<err> analog_axis_hires: Could not setup channel #1 (-5)[0m
[00:04:16.792,694] [1;31m<err> ads1220: config2 mismatch! 0x10 != 0xD7[0m
[00:04:16.792,816] [1;31m<err> ads1220: config2 mismatch! 0x15 != 0xD7[0m
[00:04:16.792,968] [1;31m<err> ads1220: config0 mismatch! 0x3C != 0x1C[0m
[00:04:16.792,999] [1;31m<err> analog_axis_hires: Could not setup channel #1 (-5)[0m
[00:04:16.842,926] [1;31m<err> ads1220: config2 mismatch! 0x10 != 0x41[0m
[00:04:16.843,078] [1;31m<err> ads1220: config2 mismatch! 0x15 != 0x41[0m
[00:04:16.843,231] [1;31m<err> ads1220: config0 mismatch! 0x3C != 0x1C[0m
[00:04:16.843,231] [1;31m<err> analog_axis_hires: Could not setup channel #1 (-5)[0m
[00:04:16.893,218] [1;31m<err> ads1220: config2 mismatch! 0x10 != 0xBD[0m
[00:04:16.893,371] [1;31m<err> ads1220: config2 mismatch! 0x15 != 0xBD[0m
[00:04:16.893,524] [1;31m<err> ads1220: config0 mismatch! 0x3C != 0x1C[0m
[00:04:16.893,524] [1;31m<err> analog_axis_hires: Could not setup channel #1 (-5)[0m
[00:04:16.943,481] [1;31m<err> ads1220: config2 mismatch! 0x10 != 0x9E[0m
[00:04:16.943,603] [1;31m<err> ads1220: config2 mismatch! 0x15 != 0x9E[0m
[00:04:16.943,756] [1;31m<err> ads1220: config0 mismatch! 0x3C != 0x1C[0m
[00:04:16.943,786] [1;31m<err> analog_axis_hires: Could not setup channel #1 (-5)[0m
[00:04:16.993,713] [1;31m<err> ads1220: config2 mismatch! 0x10 != 0xA0[0m
[00:04:16.993,865] [1;31m<err> ads1220: config2 mismatch! 0x15 != 0xA0[0m
[00:04:16.994,018] [1;31m<err> ads1220: config0 mismatch! 0x3C != 0x1C[0m
[00:04:16.994,018] [1;31m<err> analog_axis_hires: Could not setup channel #1 (-5)[0m
[00:04:17.043,975] [1;31m<err> ads1220: config2 mismatch! 0x10 != 0x9B[0m
[00:04:17.044,128] [1;31m<err> ads1220: config2 mismatch! 0x15 != 0x9B[0m
[00:04:17.044,281] [1;31m<err> ads1220: config0 mismatch! 0x3C != 0x1C[0m
[00:04:17.044,281] [1;31m<err> analog_axis_hires: Could not setup channel #1 (-5)[0m
[00:04:17.094,238] [1;31m<err> ads1220: config2 mismatch! 0x10 != 0x04[0m
[00:04:17.094,390] [1;31m<err> ads1220: config2 mismatch! 0x15 != 0x04[0m
[00:04:17.094,512] [1;31m<err> ads1220: config0 mismatch! 0x3C != 0x1C[0m
[00:04:17.094,543] [1;31m<err> analog_axis_hires: Could not setup channel #1 (-5)[0m
[00:04:17.144,470] [1;31m<err> ads1220: config2 mismatch! 0x10 != 0x09[0m
[00:04:17.144,622] [1;31m<err> ads1220: config2 mismatch! 0x15 != 0x09[0m
[00:04:17.144,775] [1;31m<err> ads1220: config0 mismatch! 0x3C != 0x1C[0m
[00:04:17.144,775] [1;31m<err> analog_axis_hires: Could not setup channel #1 (-5)[0m
[00:04:17.194,702] [1;31m<err> ads1220: config2 mismatch! 0x10 != 0x95[0m
[00:04:17.194,854] [1;31m<err> ads1220: config2 mismatch! 0x15 != 0x95[0m
[00:04:17.195,007] [1;31m<err> ads1220: config0 mismatch! 0x3C != 0x1C[0m
[00:04:17.195,007] [1;31m<err> analog_axis_hires: Could not setup channel #1 (-5)[0m
[00:04:17.244,964] [1;31m<err> ads1220: config2 mismatch! 0x10 != 0x01[0m
[00:04:17.245,086] [1;31m<err> ads1220: config2 mismatch! 0x15 != 0x01[0m
[00:04:17.245,239] [1;31m<err> ads1220: config0 mismatch! 0x3C != 0x1C[0m
[00:04:17.245,239] [1;31m<err> analog_axis_hires: Could not setup channel #1 (-5)[0m
[00:04:17.295,196] [1;31m<err> ads1220: config2 mismatch! 0x10 != 0x58[0m
[00:04:17.295,318] [1;31m<err> ads1220: config2 mismatch! 0x15 != 0x58[0m
[00:04:17.295,471] [1;31m<err> ads1220: config0 mismatch! 0x3C != 0x1C[0m
[00:04:17.295,501] [1;31m<err> analog_axis_hires: Could not setup channel #1 (-5)[0m
[00:04:17.345,428] [1;31m<err> ads1220: config2 mismatch! 0x10 != 0x14[0m
[00:04:17.345,581] [1;31m<err> ads1220: config2 mismatch! 0x15 != 0x14[0m
[00:04:17.345,733] [1;31m<err> ads1220: config0 mismatch! 0x3C != 0x1C[0m
[00:04:17.345,733] [1;31m<err> analog_axis_hires: Could not setup channel #1 (-5)[0m
[00:04:17.395,690] [1;31m<err> ads1220: config2 mismatch! 0x10 != 0x64[0m
[00:04:17.395,843] [1;31m<err> ads1220: config2 mismatch! 0x15 != 0x64[0m
[00:04:17.395,996] [1;31m<err> ads1220: config0 mismatch! 0x3C != 0x1C[0m
[00:04:17.395,996] [1;31m<err> analog_axis_hires: Could not setup channel #1 (-5)[0m
[00:04:17.445,953] [1;31m<err> ads1220: config2 mismatch! 0x10 != 0xCB[0m
[00:04:17.446,075] [1;31m<err> ads1220: config2 mismatch! 0x15 != 0xCB[0m
[00:04:17.446,228] [1;31m<err> ads1220: config0 mismatch! 0x3C != 0x1C[0m
[00:04:17.446,258] [1;31m<err> analog_axis_hires: Could not setup channel #1 (-5)[0m
[00:04:17.496,185] [1;31m<err> ads1220: config2 mismatch! 0x10 != 0x6F[0m
[00:04:17.496,337] [1;31m<err> ads1220: config2 mismatch! 0x15 != 0x6F[0m
[00:04:17.496,490] [1;31m<err> ads1220: config0 mismatch! 0x3C != 0x1C[0m
[00:04:17.496,490] [1;31m<err> analog_axis_hires: Could not setup channel #1 (-5)[0m
[00:04:17.546,447] [1;31m<err> ads1220: config2 mismatch! 0x10 != 0x6C[0m
[00:04:17.546,600] [1;31m<err> ads1220: config2 mismatch! 0x15 != 0x6C[0m
[00:04:17.546,752] [1;31m<err> ads1220: config0 mismatch! 0x3C != 0x1C[0m
[00:04:17.546,752] [1;31m<err> analog_axis_hires: Could not setup channel #1 (-5)[0m
[00:04:17.596,710] [1;31m<err> ads1220: config2 mismatch! 0x10 != 0x56[0m
[00:04:17.596,832] [1;31m<err> ads1220: config2 mismatch! 0x15 != 0x56[0m
[00:04:17.596,984] [1;31m<err> ads1220: config0 mismatch! 0x3C != 0x1C[0m
[00:04:17.597,015] [1;31m<err> analog_axis_hires: Could not setup channel #1 (-5)[0m
[00:04:17.646,942] [1;31m<err> ads1220: config2 mismatch! 0x10 != 0x5F[0m
[00:04:17.647,094] [1;31m<err> ads1220: config2 mismatch! 0x15 != 0x5F[0m
[00:04:17.647,247] [1;31m<err> ads1220: config0 mismatch! 0x3C != 0x1C[0m
[00:04:17.647,247] [1;31m<err> analog_axis_hires: Could not setup channel #1 (-5)[0m
[00:04:17.697,204] [1;31m<err> ads1220: config2 mismatch! 0x10 != 0x4E[0m
[00:04:17.697,357] [1;31m<err> ads1220: config2 mismatch! 0x15 != 0x4E[0m
[00:04:17.697,509] [1;31m<err> ads1220: config0 mismatch! 0x3C != 0x1C[0m
[00:04:17.697,509] [1;31m<err> analog_axis_hires: Could not setup channel #1 (-5)[0m
[00:04:17.747,467] [1;31m<err> ads1220: config2 mismatch! 0x10 != 0x56[0m
[00:04:17.747,589] [1;31m<err> ads1220: config2 mismatch! 0x15 != 0x56[0m
[00:04:17.747,741] [1;31m<err> ads1220: config0 mismatch! 0x3C != 0x1C[0m
[00:04:17.747,772] [1;31m<err> analog_axis_hires: Could not setup channel #1 (-5)[0m
[00:04:17.797,698] [1;31m<err> ads1220: config2 mismatch! 0x10 != 0xC2[0m
[00:04:17.797,851] [1;31m<err> ads1220: config2 mismatch! 0x15 != 0xC2[0m
[00:04:17.798,004] [1;31m<err> ads1220: config0 mismatch! 0x3C != 0x1C[0m
[00:04:17.798,004] [1;31m<err> analog_axis_hires: Could not setup channel #1 (-5)[0m
[00:04:17.847,961] [1;31m<err> ads1220: config2 mismatch! 0x10 != 0xCA[0m
[00:04:17.848,083] [1;31m<err> ads1220: config2 mismatch! 0x15 != 0xCA[0m
[00:04:17.848,236] [1;31m<err> ads1220: config0 mismatch! 0x3C != 0x1C[0m
[00:04:17.848,266] [1;31m<err> analog_axis_hires: Could not setup channel #1 (-5)[0m
[00:04:17.898,193] [1;31m<err> ads1220: config2 mismatch! 0x10 != 0x04[0m
[00:04:17.898,345] [1;31m<err> ads1220: config2 mismatch! 0x15 != 0x04[0m
[00:04:17.898,498] [1;31m<err> ads1220: config0 mismatch! 0x3C != 0x1C[0m
[00:04:17.898,498] [1;31m<err> analog_axis_hires: Could not setup channel #1 (-5)[0m
[00:04:17.948,455] [1;31m<err> ads1220: config2 mismatch! 0x10 != 0x3F[0m
[00:04:17.948,608] [1;31m<err> ads1220: config2 mismatch! 0x15 != 0x3F[0m
[00:04:17.948,760] [1;31m<err> ads1220: config0 mismatch! 0x3C != 0x1C[0m
[00:04:17.948,760] [1;31m<err> analog_axis_hires: Could not setup channel #1 (-5)[0m
[00:04:17.998,718] [1;31m<err> ads1220: config2 mismatch! 0x10 != 0x92[0m
[00:04:17.998,840] [1;31m<err> ads1220: config2 mismatch! 0x15 != 0x92[0m
[00:04:17.998,992] [1;31m<err> ads1220: config0 mismatch! 0x3C != 0x1C[0m
[00:04:17.999,023] [1;31m<err> analog_axis_hires: Could not setup channel #1 (-5)[0m
[00:04:18.048,980] [1;31m<err> ads1220: config2 mismatch! 0x10 != 0x5F[0m
[00:04:18.049,133] [1;31m<err> ads1220: config2 mismatch! 0x15 != 0x5F[0m
[00:04:18.049,285] [1;31m<err> ads1220: config0 mismatch! 0x3C != 0x1C[0m
[00:04:18.049,285] [1;31m<err> analog_axis_hires: Could not setup channel #1 (-5)[0m
[00:04:18.099,243] [1;31m<err> ads1220: config2 mismatch! 0x10 != 0x34[0m
[00:04:18.099,395] [1;31m<err> ads1220: config2 mismatch! 0x15 != 0x34[0m
[00:04:18.099,517] [1;31m<err> ads1220: config0 mismatch! 0x3C != 0x1C[0m
[00:04:18.099,548] [1;31m<err> analog_axis_hires: Could not setup channel #1 (-5)[0m
[00:04:18.149,475] [1;31m<err> ads1220: config2 mismatch! 0x10 != 0x0A[0m
[00:04:18.149,627] [1;31m<err> ads1220: config2 mismatch! 0x15 != 0x0A[0m
[00:04:18.149,749] [1;31m<err> ads1220: config0 mismatch! 0x3C != 0x1C[0m
[00:04:18.149,780] [1;31m<err> analog_axis_hires: Could not setup channel #1 (-5)[0m
[00:04:18.199,707] [1;31m<err> ads1220: config2 mismatch! 0x10 != 0x2A[0m
[00:04:18.199,890] [1;31m<err> ads1220: config2 mismatch! 0x15 != 0x2A[0m
[00:04:18.200,012] [1;31m<err> ads1220: config0 mismatch! 0x3C != 0x1C[0m
[00:04:18.200,042] [1;31m<err> analog_axis_hires: Could not setup channel #1 (-5)[0m
[00:04:18.249,969] [1;31m<err> ads1220: config2 mismatch! 0x10 != 0x59[0m
[00:04:18.250,122] [1;31m<err> ads1220: config2 mismatch! 0x15 != 0x59[0m
[00:04:18.250,274] [1;31m<err> ads1220: config0 mismatch! 0x3C != 0x1C[0m
[00:04:18.250,274] [1;31m<err> analog_axis_hires: Could not setup channel #1 (-5)[0m
[00:04:18.300,231] [1;31m<err> ads1220: config2 mismatch! 0x10 != 0x28[0m
[00:04:18.300,354] [1;31m<err> ads1220: config2 mismatch! 0x15 != 0x28[0m
[00:04:18.300,506] [1;31m<err> ads1220: config0 mismatch! 0x3C != 0x1C[0m
[00:04:18.300,537] [1;31m<err> analog_axis_hires: Could not setup channel #1 (-5)[0m
[00:04:18.350,463] [1;31m<err> ads1220: config2 mismatch! 0x10 != 0xA7[0m
[00:04:18.350,616] [1;31m<err> ads1220: config2 mismatch! 0x15 != 0xA7[0m
[00:04:18.350,769] [1;31m<err> ads1220: config0 mismatch! 0x3C != 0x1C[0m
[00:04:18.350,769] [1;31m<err> analog_axis_hires: Could not setup channel #1 (-5)[0m
[00:04:18.400,726] [1;31m<err> ads1220: config2 mismatch! 0x10 != 0x14[0m
[00:04:18.400,848] [1;31m<err> ads1220: config2 mismatch! 0x15 != 0x14[0m
[00:04:18.401,000] [1;31m<err> ads1220: config0 mismatch! 0x3C != 0x1C[0m
[00:04:18.401,031] [1;31m<err> analog_axis_hires: Could not setup channel #1 (-5)[0m
[00:04:18.450,958] [1;31m<err> ads1220: config2 mismatch! 0x10 != 0xB2[0m
[00:04:18.451,110] [1;31m<err> ads1220: config2 mismatch! 0x15 != 0xB2[0m
[00:04:18.451,263] [1;31m<err> ads1220: config0 mismatch! 0x3C != 0x1C[0m
[00:04:18.451,263] [1;31m<err> analog_axis_hires: Could not setup channel #1 (-5)[0m
[00:04:18.501,220] [1;31m<err> ads1220: config2 mismatch! 0x10 != 0xD7[0m
[00:04:18.501,342] [1;31m<err> ads1220: config2 mismatch! 0x15 != 0xD7[0m
[00:04:18.501,495] [1;31m<err> ads1220: config0 mismatch! 0x3C != 0x1C[0m
[00:04:18.501,525] [1;31m<err> analog_axis_hires: Could not setup channel #1 (-5)[0m
[00:04:18.551,452] [1;31m<err> ads1220: config2 mismatch! 0x10 != 0xCE[0m
[00:04:18.551,605] [1;31m<err> ads1220: config2 mismatch! 0x15 != 0xCE[0m
[00:04:18.551,757] [1;31m<err> ads1220: config0 mismatch! 0x3C != 0x1C[0m
[00:04:18.551,757] [1;31m<err> analog_axis_hires: Could not setup channel #1 (-5)[0m
[00:04:18.601,715] [1;31m<err> ads1220: config2 mismatch! 0x10 != 0x9C[0m
[00:04:18.601,867] [1;31m<err> ads1220: config2 mismatch! 0x15 != 0x9C[0m
[00:04:18.602,020] [1;31m<err> ads1220: config0 mismatch! 0x3C != 0x1C[0m
[00:04:18.602,020] [1;31m<err> analog_axis_hires: Could not setup channel #1 (-5)[0m
[00:04:18.651,977] [1;31m<err> ads1220: config2 mismatch! 0x10 != 0x97[0m
[00:04:18.652,099] [1;31m<err> ads1220: config2 mismatch! 0x15 != 0x97[0m
[00:04:18.652,252] [1;31m<err> ads1220: config0 mismatch! 0x3C != 0x1C[0m
[00:04:18.652,282] [1;31m<err> analog_axis_hires: Could not setup channel #1 (-5)[0m
[00:04:18.702,209] [1;31m<err> ads1220: config2 mismatch! 0x10 != 0x3E[0m
[00:04:18.702,362] [1;31m<err> ads1220: config2 mismatch! 0x15 != 0x3E[0m
[00:04:18.702,514] [1;31m<err> ads1220: config0 mismatch! 0x3C != 0x1C[0m
[00:04:18.702,514] [1;31m<err> analog_axis_hires: Could not setup channel #1 (-5)[0m
[00:04:18.752,471] [1;31m<err> ads1220: config2 mismatch! 0x10 != 0xBA[0m
[00:04:18.752,624] [1;31m<err> ads1220: config2 mismatch! 0x15 != 0xBA[0m
[00:04:18.752,777] [1;31m<err> ads1220: config0 mismatch! 0x3C != 0x1C[0m
[00:04:18.752,777] [1;31m<err> analog_axis_hires: Could not setup channel #1 (-5)[0m
[00:04:18.802,734] [1;31m<err> ads1220: config2 mismatch! 0x10 != 0x94[0m
[00:04:18.802,856] [1;31m<err> ads1220: config2 mismatch! 0x15 != 0x94[0m
[00:04:18.803,009] [1;31m<err> ads1220: config0 mismatch! 0x3C != 0x1C[0m
[00:04:18.803,039] [1;31m<err> analog_axis_hires: Could not setup channel #1 (-5)[0m
[00:04:18.852,966] [1;31m<err> ads1220: config2 mismatch! 0x10 != 0x40[0m
[00:04:18.853,118] [1;31m<err> ads1220: config2 mismatch! 0x15 != 0x40[0m
[00:04:18.853,271] [1;31m<err> ads1220: config0 mismatch! 0x3C != 0x1C[0m
[00:04:18.853,271] [1;31m<err> analog_axis_hires: Could not setup channel #1 (-5)[0m
[00:04:18.903,228] [1;31m<err> ads1220: config2 mismatch! 0x10 != 0x77[0m
[00:04:18.903,381] [1;31m<err> ads1220: config2 mismatch! 0x15 != 0x77[0m
[00:04:18.903,533] [1;31m<err> ads1220: config0 mismatch! 0x3C != 0x1C[0m
[00:04:18.903,533] [1;31m<err> analog_axis_hires: Could not setup channel #1 (-5)[0m
[00:04:18.953,491] [1;31m<err> ads1220: config2 mismatch! 0x10 != 0x71[0m
[00:04:18.953,613] [1;31m<err> ads1220: config2 mismatch! 0x15 != 0x71[0m
[00:04:18.953,765] [1;31m<err> ads1220: config0 mismatch! 0x3C != 0x1C[0m
[00:04:18.953,796] [1;31m<err> analog_axis_hires: Could not setup channel #1 (-5)[0m
[00:04:19.003,723] [1;31m<err> ads1220: config2 mismatch! 0x10 != 0x6F[0m
[00:04:19.003,875] [1;31m<err> ads1220: config2 mismatch! 0x15 != 0x6F[0m
[00:04:19.004,028] [1;31m<err> ads1220: config0 mismatch! 0x3C != 0x1C[0m
[00:04:19.004,028] [1;31m<err> analog_axis_hires: Could not setup channel #1 (-5)[0m
[00:04:19.053,985] [1;31m<err> ads1220: config2 mismatch! 0x10 != 0x81[0m
[00:04:19.054,138] [1;31m<err> ads1220: config2 mismatch! 0x15 != 0x81[0m
[00:04:19.054,290] [1;31m<err> ads1220: config0 mismatch! 0x3C != 0x1C[0m
[00:04:19.054,290] [1;31m<err> analog_axis_hires: Could not setup channel #1 (-5)[0m
[00:04:19.104,217] [1;31m<err> ads1220: config2 mismatch! 0x10 != 0xBC[0m
[00:04:19.104,370] [1;31m<err> ads1220: config2 mismatch! 0x15 != 0xBC[0m
[00:04:19.104,522] [1;31m<err> ads1220: config0 mismatch! 0x3C != 0x1C[0m
[00:04:19.104,522] [1;31m<err> analog_axis_hires: Could not setup channel #1 (-5)[0m
[00:04:19.154,479] [1;31m<err> ads1220: config2 mismatch! 0x10 != 0x25[0m
[00:04:19.154,602] [1;31m<err> ads1220: config2 mismatch! 0x15 != 0x25[0m
[00:04:19.154,754] [1;31m<err> ads1220: config0 mismatch! 0x3C != 0x1C[0m
[00:04:19.154,754] [1;31m<err> analog_axis_hires: Could not setup channel #1 (-5)[0m
[00:04:19.204,742] [1;31m<err> ads1220: config2 mismatch! 0x10 != 0x7B[0m
[00:04:19.204,895] [1;31m<err> ads1220: config2 mismatch! 0x15 != 0x7B[0m
[00:04:19.205,017] [1;31m<err> ads1220: config0 mismatch! 0x3C != 0x1C[0m
[00:04:19.205,017] [1;31m<err> analog_axis_hires: Could not setup channel #1 (-5)[0m
[00:04:19.254,974] [1;31m<err> ads1220: config2 mismatch! 0x10 != 0x58[0m
[00:04:19.255,126] [1;31m<err> ads1220: config2 mismatch! 0x15 != 0x58[0m
[00:04:19.255,249] [1;31m<err> ads1220: config0 mismatch! 0x3C != 0x1C[0m
[00:04:19.255,279] [1;31m<err> analog_axis_hires: Could not setup channel #1 (-5)[0m
[00:04:19.305,206] [1;31m<err> ads1220: config2 mismatch! 0x10 != 0x25[0m
[00:04:19.305,358] [1;31m<err> ads1220: config2 mismatch! 0x15 != 0x25[0m
[00:04:19.305,511] [1;31m<err> ads1220: config0 mismatch! 0x3C != 0x1C[0m
[00:04:19.305,511] [1;31m<err> analog_axis_hires: Could not setup channel #1 (-5)[0m
[00:04:19.355,468] [1;31m<err> ads1220: config2 mismatch! 0x10 != 0x4C[0m
[00:04:19.355,651] [1;31m<err> ads1220: config2 mismatch! 0x15 != 0x4C[0m
[00:04:19.355,804] [1;31m<err> ads1220: config0 mismatch! 0x3C != 0x1C[0m
[00:04:19.355,804] [1;31m<err> analog_axis_hires: Could not setup channel #1 (-5)[0m
[00:04:19.405,761] [1;31m<err> ads1220: config2 mismatch! 0x10 != 0x22[0m
[00:04:19.405,883] [1;31m<err> ads1220: config2 mismatch! 0x15 != 0x22[0m
[00:04:19.406,036] [1;31m<err> ads1220: config0 mismatch! 0x3C != 0x1C[0m
[00:04:19.406,066] [1;31m<err> analog_axis_hires: Could not setup channel #1 (-5)[0m
[00:04:19.455,993] [1;31m<err> ads1220: config2 mismatch! 0x10 != 0x18[0m
[00:04:19.456,146] [1;31m<err> ads1220: config2 mismatch! 0x15 != 0x18[0m
[00:04:19.456,298] [1;31m<err> ads1220: config0 mismatch! 0x3C != 0x1C[0m
[00:04:19.456,298] [1;31m<err> analog_axis_hires: Could not setup channel #1 (-5)[0m
[00:04:19.506,256] [1;31m<err> ads1220: config2 mismatch! 0x10 != 0x1C[0m
[00:04:19.506,408] [1;31m<err> ads1220: config2 mismatch! 0x15 != 0x1C[0m
[00:04:19.506,561] [1;31m<err> ads1220: config0 mismatch! 0x3C != 0x1C[0m
[00:04:19.506,561] [1;31m<err> analog_axis_hires: Could not setup channel #1 (-5)[0m
[00:04:19.556,518] [1;31m<err> ads1220: config2 mismatch! 0x10 != 0x01[0m
[00:04:19.556,640] [1;31m<err> ads1220: config2 mismatch! 0x15 != 0x01[0m
[00:04:19.556,793] [1;31m<err> ads1220: config0 mismatch! 0x3C != 0x1C[0m
[00:04:19.556,823] [1;31m<err> analog_axis_hires: Could not setup channel #1 (-5)[0m
[00:04:19.606,750] [1;31m<err> ads1220: config2 mismatch! 0x10 != 0xA1[0m
[00:04:19.606,903] [1;31m<err> ads1220: config2 mismatch! 0x15 != 0xA1[0m
[00:04:19.607,055] [1;31m<err> ads1220: config0 mismatch! 0x3C != 0x1C[0m
[00:04:19.607,055] [1;31m<err> analog_axis_hires: Could not setup channel #1 (-5)[0m
[00:04:19.656,982] [1;31m<err> ads1220: config2 mismatch! 0x10 != 0xE5[0m
[00:04:19.657,135] [1;31m<err> ads1220: config2 mismatch! 0x15 != 0xE5[0m
[00:04:19.657,287] [1;31m<err> ads1220: config0 mismatch! 0x3C != 0x1C[0m
[00:04:19.657,287] [1;31m<err> analog_axis_hires: Could not setup channel #1 (-5)[0m
[00:04:19.707,244] [1;31m<err> ads1220: config2 mismatch! 0x10 != 0xD1[0m
[00:04:19.707,397] [1;31m<err> ads1220: config2 mismatch! 0x15 != 0xD1[0m
[00:04:19.707,550] [1;31m<err> ads1220: config0 mismatch! 0x3C != 0x1C[0m
[00:04:19.707,550] [1;31m<err> analog_axis_hires: Could not setup channel #1 (-5)[0m
[00:04:19.757,476] [1;31m<err> ads1220: config2 mismatch! 0x10 != 0xD4[0m
[00:04:19.757,629] [1;31m<err> ads1220: config2 mismatch! 0x15 != 0xD4[0m
[00:04:19.757,781] [1;31m<err> ads1220: config0 mismatch! 0x3C != 0x1C[0m
[00:04:19.757,781] [1;31m<err> analog_axis_hires: Could not setup channel #1 (-5)[0m
[00:04:19.807,739] [1;31m<err> ads1220: config2 mismatch! 0x10 != 0xD2[0m
[00:04:19.807,861] [1;31m<err> ads1220: config2 mismatch! 0x15 != 0xD2[0m
[00:04:19.808,013] [1;31m<err> ads1220: config0 mismatch! 0x3C != 0x1C[0m
[00:04:19.808,044] [1;31m<err> analog_axis_hires: Could not setup channel #1 (-5)[0m
[00:04:19.857,971] [1;31m<err> ads1220: config2 mismatch! 0x10 != 0xAD[0m
[00:04:19.858,123] [1;31m<err> ads1220: config2 mismatch! 0x15 != 0xAD[0m
[00:04:19.858,276] [1;31m<err> ads1220: config0 mismatch! 0x3C != 0x1C[0m
[00:04:19.858,276] [1;31m<err> analog_axis_hires: Could not setup channel #1 (-5)[0m
[00:04:19.908,233] [1;31m<err> ads1220: config2 mismatch! 0x10 != 0x2D[0m
[00:04:19.908,355] [1;31m<err> ads1220: config2 mismatch! 0x15 != 0x2D[0m
[00:04:19.908,508] [1;31m<err> ads1220: config0 mismatch! 0x3C != 0x1C[0m
[00:04:19.908,538] [1;31m<err> analog_axis_hires: Could not setup channel #1 (-5)[0m
[00:04:19.958,465] [1;31m<err> ads1220: config2 mismatch! 0x10 != 0x6B[0m
[00:04:19.958,618] [1;31m<err> ads1220: config2 mismatch! 0x15 != 0x6B[0m
[00:04:19.958,770] [1;31m<err> ads1220: config0 mismatch! 0x3C != 0x1C[0m
[00:04:19.958,770] [1;31m<err> analog_axis_hires: Could not setup channel #1 (-5)[0m
[00:04:20.008,728] [1;31m<err> ads1220: config2 mismatch! 0x10 != 0xE6[0m
[00:04:20.008,850] [1;31m<err> ads1220: config2 mismatch! 0x15 != 0xE6[0m
[00:04:20.009,002] [1;31m<err> ads1220: config0 mismatch! 0x3C != 0x1C[0m
[00:04:20.009,033] [1;31m<err> analog_axis_hires: Could not setup channel #1 (-5)[0m
[00:04:20.058,959] [1;31m<err> ads1220: config2 mismatch! 0x10 != 0xEE[0m
[00:04:20.059,112] [1;31m<err> ads1220: config2 mismatch! 0x15 != 0xEE[0m
[00:04:20.059,265] [1;31m<err> ads1220: config0 mismatch! 0x3C != 0x1C[0m
[00:04:20.059,265] [1;31m<err> analog_axis_hires: Could not setup channel #1 (-5)[0m
[00:04:20.109,191] [1;31m<err> ads1220: config2 mismatch! 0x10 != 0x5C[0m
[00:04:20.109,344] [1;31m<err> ads1220: config2 mismatch! 0x15 != 0x5C[0m
[00:04:20.109,497] [1;31m<err> ads1220: config0 mismatch! 0x3C != 0x1C[0m
[00:04:20.109,497] [1;31m<err> analog_axis_hires: Could not setup channel #1 (-5)[0m
[00:04:20.159,423] [1;31m<err> ads1220: config2 mismatch! 0x10 != 0x60[0m
[00:04:20.159,576] [1;31m<err> ads1220: config2 mismatch! 0x15 != 0x60[0m
[00:04:20.159,729] [1;31m<err> ads1220: config0 mismatch! 0x3C != 0x1C[0m
[00:04:20.159,729] [1;31m<err> analog_axis_hires: Could not setup channel #1 (-5)[0m
[00:04:20.209,655] [1;31m<err> ads1220: config2 mismatch! 0x10 != 0x62[0m
[00:04:20.209,808] [1;31m<err> ads1220: config2 mismatch! 0x15 != 0x62[0m
[00:04:20.209,960] [1;31m<err> ads1220: config0 mismatch! 0x3C != 0x1C[0m
[00:04:20.209,960] [1;31m<err> analog_axis_hires: Could not setup channel #1 (-5)[0m
[00:04:20.259,918] [1;31m<err> ads1220: config2 mismatch! 0x10 != 0x0E[0m
[00:04:20.260,040] [1;31m<err> ads1220: config2 mismatch! 0x15 != 0x0E[0m
[00:04:20.260,192] [1;31m<err> ads1220: config0 mismatch! 0x3C != 0x1C[0m
[00:04:20.260,223] [1;31m<err> analog_axis_hires: Could not setup channel #1 (-5)[0m
[00:04:20.310,150] [1;31m<err> ads1220: config2 mismatch! 0x10 != 0x7F[0m
[00:04:20.310,302] [1;31m<err> ads1220: config2 mismatch! 0x15 != 0x7F[0m
[00:04:20.310,455] [1;31m<err> ads1220: config0 mismatch! 0x3C != 0x1C[0m
[00:04:20.310,455] [1;31m<err> analog_axis_hires: Could not setup channel #1 (-5)[0m
[00:04:20.360,412] [1;31m<err> ads1220: config2 mismatch! 0x10 != 0x6D[0m
[00:04:20.360,565] [1;31m<err> ads1220: config2 mismatch! 0x15 != 0x6D[0m
[00:04:20.360,717] [1;31m<err> ads1220: config0 mismatch! 0x3C != 0x1C[0m
[00:04:20.360,717] [1;31m<err> analog_axis_hires: Could not setup channel #1 (-5)[0m
[00:04:20.410,675] [1;31m<err> ads1220: config2 mismatch! 0x10 != 0x3A[0m
[00:04:20.410,827] [1;31m<err> ads1220: config2 mismatch! 0x15 != 0x3A[0m
[00:04:20.410,980] [1;31m<err> ads1220: config0 mismatch! 0x3C != 0x1C[0m
[00:04:20.410,980] [1;31m<err> analog_axis_hires: Could not setup channel #1 (-5)[0m
[00:04:20.460,937] [1;31m<err> ads1220: config2 mismatch! 0x10 != 0xA8[0m
[00:04:20.461,059] [1;31m<err> ads1220: config2 mismatch! 0x15 != 0xA8[0m
[00:04:20.461,212] [1;31m<err> ads1220: config0 mismatch! 0x3C != 0x1C[0m
[00:04:20.461,242] [1;31m<err> analog_axis_hires: Could not setup channel #1 (-5)[0m
[00:04:20.511,169] [1;31m<err> ads1220: config2 mismatch! 0x10 != 0x1D[0m
[00:04:20.511,352] [1;31m<err> ads1220: config2 mismatch! 0x15 != 0x1D[0m
[00:04:20.511,505] [1;31m<err> ads1220: config0 mismatch! 0x3C != 0x1C[0m
[00:04:20.511,505] [1;31m<err> analog_axis_hires: Could not setup channel #1 (-5)[0m
[00:04:20.561,462] [1;31m<err> ads1220: config2 mismatch! 0x10 != 0x84[0m
[00:04:20.561,614] [1;31m<err> ads1220: config2 mismatch! 0x15 != 0x84[0m
[00:04:20.561,767] [1;31m<err> ads1220: config0 mismatch! 0x3C != 0x1C[0m
[00:04:20.561,767] [1;31m<err> analog_axis_hires: Could not setup channel #1 (-5)[0m
[00:04:20.611,724] [1;31m<err> ads1220: config2 mismatch! 0x10 != 0xE5[0m
[00:04:20.611,846] [1;31m<err> ads1220: config2 mismatch! 0x15 != 0xE5[0m
[00:04:20.611,999] [1;31m<err> ads1220: config0 mismatch! 0x3C != 0x1C[0m
[00:04:20.612,030] [1;31m<err> analog_axis_hires: Could not setup channel #1 (-5)[0m
[00:04:20.661,956] [1;31m<err> ads1220: config2 mismatch! 0x10 != 0x02[0m
[00:04:20.662,109] [1;31m<err> ads1220: config2 mismatch! 0x15 != 0x02[0m
[00:04:20.662,261] [1;31m<err> ads1220: config0 mismatch! 0x3C != 0x1C[0m
[00:04:20.662,261] [1;31m<err> analog_axis_hires: Could not setup channel #1 (-5)[0m
[00:04:20.712,249] [1;31m<err> ads1220: config2 mismatch! 0x10 != 0x03[0m
[00:04:20.712,371] [1;31m<err> ads1220: config2 mismatch! 0x15 != 0x03[0m
[00:04:20.712,524] [1;31m<err> ads1220: config0 mismatch! 0x3C != 0x1C[0m
[00:04:20.712,554] [1;31m<err> analog_axis_hires: Could not setup channel #1 (-5)[0m
[00:04:20.762,481] [1;31m<err> ads1220: config2 mismatch! 0x10 != 0x1F[0m
[00:04:20.762,634] [1;31m<err> ads1220: config2 mismatch! 0x15 != 0x1F[0m
[00:04:20.762,786] [1;31m<err> ads1220: config0 mismatch! 0x3C != 0x1C[0m
[00:04:20.762,786] [1;31m<err> analog_axis_hires: Could not setup channel #1 (-5)[0m
[00:04:20.812,744] [1;31m<err> ads1220: config2 mismatch! 0x10 != 0xEB[0m
[00:04:20.812,896] [1;31m<err> ads1220: config2 mismatch! 0x15 != 0xEB[0m
[00:04:20.813,049] [1;31m<err> ads1220: config0 mismatch! 0x3C != 0x1C[0m
[00:04:20.813,049] [1;31m<err> analog_axis_hires: Could not setup channel #1 (-5)[0m
[00:04:20.863,006] [1;31m<err> ads1220: config2 mismatch! 0x10 != 0x19[0m
[00:04:20.863,128] [1;31m<err> ads1220: config2 mismatch! 0x15 != 0x19[0m
[00:04:20.863,281] [1;31m<err> ads1220: config0 mismatch! 0x3C != 0x1C[0m
[00:04:20.863,311] [1;31m<err> analog_axis_hires: Could not setup channel #1 (-5)[0m
[00:04:20.913,238] [1;31m<err> ads1220: config2 mismatch! 0x10 != 0x07[0m
[00:04:20.913,391] [1;31m<err> ads1220: config2 mismatch! 0x15 != 0x07[0m
[00:04:20.913,543] [1;31m<err> ads1220: config0 mismatch! 0x3C != 0x1C[0m
[00:04:20.913,543] [1;31m<err> analog_axis_hires: Could not setup channel #1 (-5)[0m
[00:04:20.963,500] [1;31m<err> ads1220: config2 mismatch! 0x10 != 0xF7[0m
[00:04:20.963,653] [1;31m<err> ads1220: config2 mismatch! 0x15 != 0xF7[0m
[00:04:20.963,806] [1;31m<err> ads1220: config0 mismatch! 0x3C != 0x1C[0m
[00:04:20.963,806] [1;31m<err> analog_axis_hires: Could not setup channel #1 (-5)[0m
[00:04:21.013,763] [1;31m<err> ads1220: config2 mismatch! 0x10 != 0xDF[0m
[00:04:21.013,916] [1;31m<err> ads1220: config2 mismatch! 0x15 != 0xDF[0m
[00:04:21.014,068] [1;31m<err> ads1220: config0 mismatch! 0x3C != 0x1C[0m
[00:04:21.014,068] [1;31m<err> analog_axis_hires: Could not setup channel #1 (-5)[0m
[00:04:21.064,025] [1;31m<err> ads1220: config2 mismatch! 0x10 != 0x94[0m
[00:04:21.064,147] [1;31m<err> ads1220: config2 mismatch! 0x15 != 0x94[0m
[00:04:21.064,300] [1;31m<err> ads1220: config0 mismatch! 0x3C != 0x1C[0m
[00:04:21.064,300] [1;31m<err> analog_axis_hires: Could not setup channel #1 (-5)[0m
[00:04:21.114,257] [1;31m<err> ads1220: config2 mismatch! 0x10 != 0x9B[0m
[00:04:21.114,379] [1;31m<err> ads1220: config2 mismatch! 0x15 != 0x9B[0m
[00:04:21.114,532] [1;31m<err> ads1220: config0 mismatch! 0x3C != 0x1C[0m
[00:04:21.114,532] [1;31m<err> analog_axis_hires: Could not setup channel #1 (-5)[0m
[00:04:21.164,489] [1;31m<err> ads1220: config2 mismatch! 0x10 != 0xC2[0m
[00:04:21.164,642] [1;31m<err> ads1220: config2 mismatch! 0x15 != 0xC2[0m
[00:04:21.164,764] [1;31m<err> ads1220: config0 mismatch! 0x3C != 0x1C[0m
[00:04:21.164,794] [1;31m<err> analog_axis_hires: Could not setup channel #1 (-5)[0m
[00:04:21.214,721] [1;31m<err> ads1220: config2 mismatch! 0x10 != 0x87[0m
[00:04:21.214,874] [1;31m<err> ads1220: config2 mismatch! 0x15 != 0x87[0m
[00:04:21.215,026] [1;31m<err> ads1220: config0 mismatch! 0x3C != 0x1C[0m
[00:04:21.215,026] [1;31m<err> analog_axis_hires: Could not setup channel #1 (-5)[0m
[00:04:21.264,984] [1;31m<err> ads1220: config2 mismatch! 0x10 != 0x37[0m
[00:04:21.265,106] [1;31m<err> ads1220: config2 mismatch! 0x15 != 0x37[0m
[00:04:21.265,258] [1;31m<err> ads1220: config0 mismatch! 0x3C != 0x1C[0m
[00:04:21.265,289] [1;31m<err> analog_axis_hires: Could not setup channel #1 (-5)[0m
[00:04:21.315,216] [1;31m<err> ads1220: config2 mismatch! 0x10 != 0xB1[0m
[00:04:21.315,368] [1;31m<err> ads1220: config2 mismatch! 0x15 != 0xB1[0m
[00:04:21.315,521] [1;31m<err> ads1220: config0 mismatch! 0x3C != 0x1C[0m
[00:04:21.315,521] [1;31m<err> analog_axis_hires: Could not setup channel #1 (-5)[0m
[00:04:21.365,478] [1;31m<err> ads1220: config2 mismatch! 0x10 != 0xD0[0m
[00:04:21.365,631] [1;31m<err> ads1220: config2 mismatch! 0x15 != 0xD0[0m
[00:04:21.365,783] [1;31m<err> ads1220: config0 mismatch! 0x3C != 0x1C[0m
[00:04:21.365,783] [1;31m<err> analog_axis_hires: Could not setup channel #1 (-5)[0m
[00:04:21.415,710] [1;31m<err> ads1220: config2 mismatch! 0x10 != 0x31[0m
[00:04:21.415,863] [1;31m<err> ads1220: config2 mismatch! 0x15 != 0x31[0m
[00:04:21.416,015] [1;31m<err> ads1220: config0 mismatch! 0x3C != 0x1C[0m
[00:04:21.416,015] [1;31m<err> analog_axis_hires: Could not setup channel #1 (-5)[0m
[00:04:21.465,972] [1;31m<err> ads1220: config2 mismatch! 0x10 != 0x41[0m
[00:04:21.466,125] [1;31m<err> ads1220: config2 mismatch! 0x15 != 0x41[0m
[00:04:21.466,278] [1;31m<err> ads1220: config0 mismatch! 0x3C != 0x1C[0m
[00:04:21.466,278] [1;31m<err> analog_axis_hires: Could not setup channel #1 (-5)[0m
[00:04:21.516,265] [1;31m<err> ads1220: config2 mismatch! 0x10 != 0x81[0m
[00:04:21.516,387] [1;31m<err> ads1220: config2 mismatch! 0x15 != 0x81[0m
[00:04:21.516,540] [1;31m<err> ads1220: config0 mismatch! 0x3C != 0x1C[0m
[00:04:21.516,571] [1;31m<err> analog_axis_hires: Could not setup channel #1 (-5)[0m
[00:04:21.566,497] [1;31m<err> ads1220: config2 mismatch! 0x10 != 0x1F[0m
[00:04:21.566,650] [1;31m<err> ads1220: config2 mismatch! 0x15 != 0x1F[0m
[00:04:21.566,802] [1;31m<err> ads1220: config0 mismatch! 0x3C != 0x1C[0m
[00:04:21.566,802] [1;31m<err> analog_axis_hires: Could not setup channel #1 (-5)[0m
[00:04:21.616,760] [1;31m<err> ads1220: config2 mismatch! 0x10 != 0xC5[0m
[00:04:21.616,912] [1;31m<err> ads1220: config2 mismatch! 0x15 != 0xC5[0m
[00:04:21.617,065] [1;31m<err> ads1220: config0 mismatch! 0x3C != 0x1C[0m
[00:04:21.617,065] [1;31m<err> analog_axis_hires: Could not setup channel #1 (-5)[0m
[00:04:21.667,022] [1;31m<err> ads1220: config2 mismatch! 0x10 != 0x19[0m
[00:04:21.667,175] [1;31m<err> ads1220: config2 mismatch! 0x15 != 0x19[0m
[00:04:21.667,327] [1;31m<err> ads1220: config0 mismatch! 0x3C != 0x1C[0m
[00:04:21.667,327] [1;31m<err> analog_axis_hires: Could not setup channel #1 (-5)[0m
[00:04:21.717,285] [1;31m<err> ads1220: config2 mismatch! 0x10 != 0x82[0m
[00:04:21.717,407] [1;31m<err> ads1220: config2 mismatch! 0x15 != 0x82[0m
[00:04:21.717,559] [1;31m<err> ads1220: config0 mismatch! 0x3C != 0x1C[0m
[00:04:21.717,590] [1;31m<err> analog_axis_hires: Could not setup channel #1 (-5)[0m
[00:04:21.767,517] [1;31m<err> ads1220: config2 mismatch! 0x10 != 0x22[0m
[00:04:21.767,669] [1;31m<err> ads1220: config2 mismatch! 0x15 != 0x22[0m
[00:04:21.767,822] [1;31m<err> ads1220: config0 mismatch! 0x3C != 0x1C[0m
[00:04:21.767,822] [1;31m<err> analog_axis_hires: Could not setup channel #1 (-5)[0m
[00:04:21.817,779] [1;31m<err> ads1220: config2 mismatch! 0x10 != 0x35[0m
[00:04:21.817,932] [1;31m<err> ads1220: config2 mismatch! 0x15 != 0x35[0m
[00:04:21.818,084] [1;31m<err> ads1220: config0 mismatch! 0x3C != 0x1C[0m
[00:04:21.818,084] [1;31m<err> analog_axis_hires: Could not setup channel #1 (-5)[0m
[00:04:21.868,041] [1;31m<err> ads1220: config2 mismatch! 0x10 != 0x9B[0m
[00:04:21.868,164] [1;31m<err> ads1220: config2 mismatch! 0x15 != 0x9B[0m
[00:04:21.868,316] [1;31m<err> ads1220: config0 mismatch! 0x3C != 0x1C[0m
[00:04:21.868,347] [1;31m<err> analog_axis_hires: Could not setup channel #1 (-5)[0m
[00:04:21.918,273] [1;31m<err> ads1220: config2 mismatch! 0x10 != 0x88[0m
[00:04:21.918,426] [1;31m<err> ads1220: config2 mismatch! 0x15 != 0x88[0m
[00:04:21.918,579] [1;31m<err> ads1220: config0 mismatch! 0x3C != 0x1C[0m
[00:04:21.918,579] [1;31m<err> analog_axis_hires: Could not setup channel #1 (-5)[0m
[00:04:21.968,536] [1;31m<err> ads1220: config2 mismatch! 0x10 != 0x9F[0m
[00:04:21.968,688] [1;31m<err> ads1220: config2 mismatch! 0x15 != 0x9F[0m
[00:04:21.968,841] [1;31m<err> ads1220: config0 mismatch! 0x3C != 0x1C[0m
[00:04:21.968,841] [1;31m<err> analog_axis_hires: Could not setup channel #1 (-5)[0m
[00:04:22.018,798] [1;31m<err> ads1220: config2 mismatch! 0x10 != 0x00[0m
[00:04:22.018,951] [1;31m<err> ads1220: config2 mismatch! 0x15 != 0x00[0m
[00:04:22.019,104] [1;31m<err> ads1220: config0 mismatch! 0x3C != 0x1C[0m
[00:04:22.019,104] [1;31m<err> analog_axis_hires: Could not setup channel #1 (-5)[0m
[00:04:22.069,061] [1;31m<err> ads1220: config2 mismatch! 0x10 != 0xAB[0m
[00:04:22.069,183] [1;31m<err> ads1220: config2 mismatch! 0x15 != 0xAB[0m
[00:04:22.069,335] [1;31m<err> ads1220: config0 mismatch! 0x3C != 0x1C[0m
[00:04:22.069,335] [1;31m<err> analog_axis_hires: Could not setup channel #1 (-5)[0m
[00:04:22.119,293] [1;31m<err> ads1220: config2 mismatch! 0x10 != 0x1B[0m
[00:04:22.119,415] [1;31m<err> ads1220: config2 mismatch! 0x15 != 0x1B[0m
[00:04:22.119,567] [1;31m<err> ads1220: config0 mismatch! 0x3C != 0x1C[0m
[00:04:22.119,567] [1;31m<err> analog_axis_hires: Could not setup channel #1 (-5)[0m
[00:04:22.169,525] [1;31m<err> ads1220: config2 mismatch! 0x10 != 0x69[0m
[00:04:22.169,677] [1;31m<err> ads1220: config2 mismatch! 0x15 != 0x69[0m
[00:04:22.169,799] [1;31m<err> ads1220: config0 mismatch! 0x3C != 0x1C[0m
[00:04:22.169,830] [1;31m<err> analog_axis_hires: Could not setup channel #1 (-5)[0m
[00:04:22.219,757] [1;31m<err> ads1220: config2 mismatch! 0x10 != 0xF8[0m
[00:04:22.219,909] [1;31m<err> ads1220: config2 mismatch! 0x15 != 0xF8[0m
[00:04:22.220,062] [1;31m<err> ads1220: config0 mismatch! 0x3C != 0x1C[0m
[00:04:22.220,062] [1;31m<err> analog_axis_hires: Could not setup channel #1 (-5)[0m
[00:04:22.270,019] [1;31m<err> ads1220: config2 mismatch! 0x10 != 0xA9[0m
[00:04:22.270,141] [1;31m<err> ads1220: config2 mismatch! 0x15 != 0xA9[0m
[00:04:22.270,294] [1;31m<err> ads1220: config0 mismatch! 0x3C != 0x1C[0m
[00:04:22.270,324] [1;31m<err> analog_axis_hires: Could not setup channel #1 (-5)[0m
[00:04:22.320,251] [1;31m<err> ads1220: config2 mismatch! 0x10 != 0x4B[0m
[00:04:22.320,404] [1;31m<err> ads1220: config2 mismatch! 0x15 != 0x4B[0m
[00:04:22.320,556] [1;31m<err> ads1220: config0 mismatch! 0x3C != 0x1C[0m
[00:04:22.320,556] [1;31m<err> analog_axis_hires: Could not setup channel #1 (-5)[0m
[00:04:22.370,513] [1;31m<err> ads1220: config2 mismatch! 0x10 != 0xDC[0m
[00:04:22.370,666] [1;31m<err> ads1220: config2 mismatch! 0x15 != 0xDC[0m
[00:04:22.370,819] [1;31m<err> ads1220: config0 mismatch! 0x3C != 0x1C[0m
[00:04:22.370,819] [1;31m<err> analog_axis_hires: Could not setup channel #1 (-5)[0m
[00:04:22.420,776] [1;31m<err> ads1220: config2 mismatch! 0x10 != 0x52[0m
[00:04:22.420,898] [1;31m<err> ads1220: config2 mismatch! 0x15 != 0x52[0m
[00:04:22.421,051] [1;31m<err> ads1220: config0 mismatch! 0x3C != 0x1C[0m
[00:04:22.421,081] [1;31m<err> analog_axis_hires: Could not setup channel #1 (-5)[0m
[00:04:22.471,008] [1;31m<err> ads1220: config2 mismatch! 0x10 != 0x36[0m
[00:04:22.471,160] [1;31m<err> ads1220: config2 mismatch! 0x15 != 0x36[0m
[00:04:22.471,313] [1;31m<err> ads1220: config0 mismatch! 0x3C != 0x1C[0m
[00:04:22.471,313] [1;31m<err> analog_axis_hires: Could not setup channel #1 (-5)[0m
[00:04:22.521,270] [1;31m<err> ads1220: config2 mismatch! 0x10 != 0xD7[0m
[00:04:22.521,423] [1;31m<err> ads1220: config2 mismatch! 0x15 != 0xD7[0m
[00:04:22.521,575] [1;31m<err> ads1220: config0 mismatch! 0x3C != 0x1C[0m
[00:04:22.521,575] [1;31m<err> analog_axis_hires: Could not setup channel #1 (-5)[0m
[00:04:22.571,533] [1;31m<err> ads1220: config2 mismatch! 0x10 != 0x31[0m
[00:04:22.571,655] [1;31m<err> ads1220: config2 mismatch! 0x15 != 0x31[0m
[00:04:22.571,807] [1;31m<err> ads1220: config0 mismatch! 0x3C != 0x1C[0m
[00:04:22.571,838] [1;31m<err> analog_axis_hires: Could not setup channel #1 (-5)[0m
[00:04:22.621,765] [1;31m<err> ads1220: config2 mismatch! 0x10 != 0x5C[0m
[00:04:22.621,917] [1;31m<err> ads1220: config2 mismatch! 0x15 != 0x5C[0m
[00:04:22.622,070] [1;31m<err> ads1220: config0 mismatch! 0x3C != 0x1C[0m
[00:04:22.622,070] [1;31m<err> analog_axis_hires: Could not setup channel #1 (-5)[0m
[00:04:22.672,180] [1;31m<err> ads1220: config2 mismatch! 0x15 != 0x10[0m
[00:04:22.672,363] [1;31m<err> ads1220: config0 mismatch! 0x3C != 0x1C[0m
[00:04:22.672,363] [1;31m<err> analog_axis_hires: Could not setup channel #1 (-5)[0m
[00:04:22.722,290] [1;31m<err> ads1220: config2 mismatch! 0x10 != 0x1F[0m
[00:04:22.722,442] [1;31m<err> ads1220: config2 mismatch! 0x15 != 0x1F[0m
[00:04:22.722,595] [1;31m<err> ads1220: config0 mismatch! 0x3C != 0x1C[0m
[00:04:22.722,625] [1;31m<err> analog_axis_hires: Could not setup channel #1 (-5)[0m
[00:04:22.772,552] [1;31m<err> ads1220: config2 mismatch! 0x10 != 0xCF[0m
[00:04:22.772,705] [1;31m<err> ads1220: config2 mismatch! 0x15 != 0xCF[0m
[00:04:22.772,857] [1;31m<err> ads1220: config0 mismatch! 0x3C != 0x1C[0m
[00:04:22.772,857] [1;31m<err> analog_axis_hires: Could not setup channel #1 (-5)[0m
[00:04:22.822,814] [1;31m<err> ads1220: config2 mismatch! 0x10 != 0xE6[0m
[00:04:22.822,967] [1;31m<err> ads1220: config2 mismatch! 0x15 != 0xE6[0m
[00:04:22.823,120] [1;31m<err> ads1220: config0 mismatch! 0x3C != 0x1C[0m
[00:04:22.823,150] [1;31m<err> analog_axis_hires: Could not setup channel #1 (-5)[0m
[00:04:22.873,077] [1;31m<err> ads1220: config2 mismatch! 0x10 != 0xF6[0m
[00:04:22.873,229] [1;31m<err> ads1220: config2 mismatch! 0x15 != 0xF6[0m
[00:04:22.873,382] [1;31m<err> ads1220: config0 mismatch! 0x3C != 0x1C[0m
[00:04:22.873,382] [1;31m<err> analog_axis_hires: Could not setup channel #1 (-5)[0m
[00:04:22.923,339] [1;31m<err> ads1220: config2 mismatch! 0x10 != 0x34[0m
[00:04:22.923,492] [1;31m<err> ads1220: config2 mismatch! 0x15 != 0x34[0m
[00:04:22.923,645] [1;31m<err> ads1220: config0 mismatch! 0x3C != 0x1C[0m
[00:04:22.923,645] [1;31m<err> analog_axis_hires: Could not setup channel #1 (-5)[0m
[00:04:22.973,602] [1;31m<err> ads1220: config2 mismatch! 0x10 != 0x5B[0m
[00:04:22.973,724] [1;31m<err> ads1220: config2 mismatch! 0x15 != 0x5B[0m
[00:04:22.973,876] [1;31m<err> ads1220: config0 mismatch! 0x3C != 0x1C[0m
[00:04:22.973,907] [1;31m<err> analog_axis_hires: Could not setup channel #1 (-5)[0m
[00:04:23.023,834] [1;31m<err> ads1220: config2 mismatch! 0x10 != 0x83[0m
[00:04:23.023,986] [1;31m<err> ads1220: config2 mismatch! 0x15 != 0x83[0m
[00:04:23.024,139] [1;31m<err> ads1220: config0 mismatch! 0x3C != 0x1C[0m
[00:04:23.024,139] [1;31m<err> analog_axis_hires: Could not setup channel #1 (-5)[0m
[00:04:23.074,096] [1;31m<err> ads1220: config2 mismatch! 0x10 != 0xAF[0m
[00:04:23.074,249] [1;31m<err> ads1220: config2 mismatch! 0x15 != 0xAF[0m
[00:04:23.074,371] [1;31m<err> ads1220: config0 mismatch! 0x3C != 0x1C[0m
[00:04:23.074,401] [1;31m<err> analog_axis_hires: Could not setup channel #1 (-5)[0m
[00:04:23.124,359] [1;31m<err> ads1220: config2 mismatch! 0x10 != 0x96[0m
[00:04:23.124,481] [1;31m<err> ads1220: config2 mismatch! 0x15 != 0x96[0m
[00:04:23.124,633] [1;31m<err> ads1220: config0 mismatch! 0x3C != 0x1C[0m
[00:04:23.124,633] [1;31m<err> analog_axis_hires: Could not setup channel #1 (-5)[0m
[00:04:23.174,591] [1;31m<err> ads1220: config2 mismatch! 0x10 != 0x74[0m
[00:04:23.174,743] [1;31m<err> ads1220: config2 mismatch! 0x15 != 0x74[0m
[00:04:23.174,865] [1;31m<err> ads1220: config0 mismatch! 0x3C != 0x1C[0m
[00:04:23.174,896] [1;31m<err> analog_axis_hires: Could not setup channel #1 (-5)[0m
[00:04:23.224,822] [1;31m<err> ads1220: config2 mismatch! 0x10 != 0xB3[0m
[00:04:23.224,975] [1;31m<err> ads1220: config2 mismatch! 0x15 != 0xB3[0m
[00:04:23.225,128] [1;31m<err> ads1220: config0 mismatch! 0x3C != 0x1C[0m
[00:04:23.225,128] [1;31m<err> analog_axis_hires: Could not setup channel #1 (-5)[0m
[00:04:23.275,085] [1;31m<err> ads1220: config2 mismatch! 0x10 != 0xA7[0m
[00:04:23.275,207] [1;31m<err> ads1220: config2 mismatch! 0x15 != 0xA7[0m
[00:04:23.275,360] [1;31m<err> ads1220: config0 mismatch! 0x3C != 0x1C[0m
[00:04:23.275,390] [1;31m<err> analog_axis_hires: Could not setup channel #1 (-5)[0m
[00:04:23.325,317] [1;31m<err> ads1220: config2 mismatch! 0x10 != 0xD0[0m
[00:04:23.325,469] [1;31m<err> ads1220: config2 mismatch! 0x15 != 0xD0[0m
[00:04:23.325,622] [1;31m<err> ads1220: config0 mismatch! 0x3C != 0x1C[0m
[00:04:23.325,622] [1;31m<err> analog_axis_hires: Could not setup channel #1 (-5)[0m
[00:04:23.375,579] [1;31m<err> ads1220: config2 mismatch! 0x10 != 0x9A[0m
[00:04:23.375,732] [1;31m<err> ads1220: config2 mismatch! 0x15 != 0x9A[0m
[00:04:23.375,885] [1;31m<err> ads1220: config0 mismatch! 0x3C != 0x1C[0m
[00:04:23.375,885] [1;31m<err> analog_axis_hires: Could not setup channel #1 (-5)[0m
[00:04:23.425,842] [1;31m<err> ads1220: config2 mismatch! 0x10 != 0x39[0m
[00:04:23.425,964] [1;31m<err> ads1220: config2 mismatch! 0x15 != 0x39[0m
[00:04:23.426,116] [1;31m<err> ads1220: config0 mismatch! 0x3C != 0x1C[0m
[00:04:23.426,147] [1;31m<err> analog_axis_hires: Could not setup channel #1 (-5)[0m
[00:04:23.476,074] [1;31m<err> ads1220: config2 mismatch! 0x10 != 0xC6[0m
[00:04:23.476,226] [1;31m<err> ads1220: config2 mismatch! 0x15 != 0xC6[0m
[00:04:23.476,379] [1;31m<err> ads1220: config0 mismatch! 0x3C != 0x1C[0m
[00:04:23.476,379] [1;31m<err> analog_axis_hires: Could not setup channel #1 (-5)[0m
[00:04:23.526,458] [1;31m<err> ads1220: config2 mismatch! 0x15 != 0x10[0m
[00:04:23.526,641] [1;31m<err> ads1220: config0 mismatch! 0x3C != 0x1C[0m
[00:04:23.526,641] [1;31m<err> analog_axis_hires: Could not setup channel #1 (-5)[0m
[00:04:23.576,599] [1;31m<err> ads1220: config2 mismatch! 0x10 != 0x54[0m
[00:04:23.576,721] [1;31m<err> ads1220: config2 mismatch! 0x15 != 0x54[0m
[00:04:23.576,873] [1;31m<err> ads1220: config0 mismatch! 0x3C != 0x1C[0m
[00:04:23.576,904] [1;31m<err> analog_axis_hires: Could not setup channel #1 (-5)[0m
[00:04:23.626,831] [1;31m<err> ads1220: config2 mismatch! 0x10 != 0x2D[0m
[00:04:23.626,983] [1;31m<err> ads1220: config2 mismatch! 0x15 != 0x2D[0m
[00:04:23.627,136] [1;31m<err> ads1220: config0 mismatch! 0x3C != 0x1C[0m
[00:04:23.627,136] [1;31m<err> analog_axis_hires: Could not setup channel #1 (-5)[0m
[00:04:23.677,093] [1;31m<err> ads1220: config2 mismatch! 0x10 != 0xA3[0m
[00:04:23.677,215] [1;31m<err> ads1220: config2 mismatch! 0x15 != 0xA3[0m
[00:04:23.677,368] [1;31m<err> ads1220: config0 mismatch! 0x3C != 0x1C[0m
[00:04:23.677,398] [1;31m<err> analog_axis_hires: Could not setup channel #1 (-5)[0m
[00:04:23.727,325] [1;31m<err> ads1220: config2 mismatch! 0x10 != 0xD5[0m
[00:04:23.727,478] [1;31m<err> ads1220: config2 mismatch! 0x15 != 0xD5[0m
[00:04:23.727,630] [1;31m<err> ads1220: config0 mismatch! 0x3C != 0x1C[0m
[00:04:23.727,630] [1;31m<err> analog_axis_hires: Could not setup channel #1 (-5)[0m
[00:04:23.777,587] [1;31m<err> ads1220: config2 mismatch! 0x10 != 0xE1[0m
[00:04:23.777,740] [1;31m<err> ads1220: config2 mismatch! 0x15 != 0xE1[0m
[00:04:23.777,893] [1;31m<err> ads1220: config0 mismatch! 0x3C != 0x1C[0m
[00:04:23.777,893] [1;31m<err> analog_axis_hires: Could not setup channel #1 (-5)[0m
[00:04:23.827,850] [1;31m<err> ads1220: config2 mismatch! 0x10 != 0xF4[0m
[00:04:23.828,002] [1;31m<err> ads1220: config2 mismatch! 0x15 != 0xF4[0m
[00:04:23.828,155] [1;31m<err> ads1220: config0 mismatch! 0x3C != 0x1C[0m
[00:04:23.828,155] [1;31m<err> analog_axis_hires: Could not setup channel #1 (-5)[0m
[00:04:23.878,112] [1;31m<err> ads1220: config2 mismatch! 0x10 != 0xFA[0m
[00:04:23.878,265] [1;31m<err> ads1220: config2 mismatch! 0x15 != 0xFA[0m
[00:04:23.878,417] [1;31m<err> ads1220: config0 mismatch! 0x3C != 0x1C[0m
[00:04:23.878,417] [1;31m<err> analog_axis_hires: Could not setup channel #1 (-5)[0m
[00:04:23.928,375] [1;31m<err> ads1220: config2 mismatch! 0x10 != 0xAC[0m
[00:04:23.928,497] [1;31m<err> ads1220: config2 mismatch! 0x15 != 0xAC[0m
[00:04:23.928,649] [1;31m<err> ads1220: config0 mismatch! 0x3C != 0x1C[0m
[00:04:23.928,680] [1;31m<err> analog_axis_hires: Could not setup channel #1 (-5)[0m
[00:04:23.978,637] [1;31m<err> ads1220: config2 mismatch! 0x10 != 0x2C[0m
[00:04:23.978,790] [1;31m<err> ads1220: config2 mismatch! 0x15 != 0x2C[0m
[00:04:23.978,942] [1;31m<err> ads1220: config0 mismatch! 0x3C != 0x1C[0m
[00:04:23.978,942] [1;31m<err> analog_axis_hires: Could not setup channel #1 (-5)[0m
[00:04:24.028,900] [1;31m<err> ads1220: config2 mismatch! 0x10 != 0x47[0m
[00:04:24.029,022] [1;31m<err> ads1220: config2 mismatch! 0x15 != 0x47[0m
[00:04:24.029,174] [1;31m<err> ads1220: config0 mismatch! 0x3C != 0x1C[0m
[00:04:24.029,205] [1;31m<err> analog_axis_hires: Could not setup channel #1 (-5)[0m
[00:04:24.079,132] [1;31m<err> ads1220: config2 mismatch! 0x10 != 0xD7[0m
[00:04:24.079,284] [1;31m<err> ads1220: config2 mismatch! 0x15 != 0xD7[0m
[00:04:24.079,437] [1;31m<err> ads1220: config0 mismatch! 0x3C != 0x1C[0m
[00:04:24.079,437] [1;31m<err> analog_axis_hires: Could not setup channel #1 (-5)[0m
[00:04:24.129,394] [1;31m<err> ads1220: config2 mismatch! 0x10 != 0x67[0m
[00:04:24.129,516] [1;31m<err> ads1220: config2 mismatch! 0x15 != 0x67[0m
[00:04:24.129,669] [1;31m<err> ads1220: config0 mismatch! 0x3C != 0x1C[0m
[00:04:24.129,669] [1;31m<err> analog_axis_hires: Could not setup channel #1 (-5)[0m
[00:04:24.179,626] [1;31m<err> ads1220: config2 mismatch! 0x10 != 0x0B[0m
[00:04:24.179,779] [1;31m<err> ads1220: config2 mismatch! 0x15 != 0x0B[0m
[00:04:24.179,901] [1;31m<err> ads1220: config0 mismatch! 0x3C != 0x1C[0m
[00:04:24.179,931] [1;31m<err> analog_axis_hires: Could not setup channel #1 (-5)[0m
[00:04:24.229,858] [1;31m<err> ads1220: config2 mismatch! 0x10 != 0x7B[0m
[00:04:24.230,010] [1;31m<err> ads1220: config2 mismatch! 0x15 != 0x7B[0m
[00:04:24.230,133] [1;31m<err> ads1220: config0 mismatch! 0x3C != 0x1C[0m
[00:04:24.230,163] [1;31m<err> analog_axis_hires: Could not setup channel #1 (-5)[0m
[00:04:24.280,242] [1;31m<err> ads1220: config2 mismatch! 0x15 != 0x10[0m
[00:04:24.280,395] [1;31m<err> ads1220: config0 mismatch! 0x3C != 0x1C[0m
[00:04:24.280,395] [1;31m<err> analog_axis_hires: Could not setup channel #1 (-5)[0m
[00:04:24.330,352] [1;31m<err> ads1220: config2 mismatch! 0x10 != 0xB4[0m
[00:04:24.330,505] [1;31m<err> ads1220: config2 mismatch! 0x15 != 0xB4[0m
[00:04:24.330,657] [1;31m<err> ads1220: config0 mismatch! 0x3C != 0x1C[0m
[00:04:24.330,657] [1;31m<err> analog_axis_hires: Could not setup channel #1 (-5)[0m
[00:04:24.380,615] [1;31m<err> ads1220: config2 mismatch! 0x10 != 0x76[0m
[00:04:24.380,737] [1;31m<err> ads1220: config2 mismatch! 0x15 != 0x76[0m
[00:04:24.380,889] [1;31m<err> ads1220: config0 mismatch! 0x3C != 0x1C[0m
[00:04:24.380,920] [1;31m<err> analog_axis_hires: Could not setup channel #1 (-5)[0m
[00:04:24.430,847] [1;31m<err> ads1220: config2 mismatch! 0x10 != 0x47[0m
[00:04:24.430,999] [1;31m<err> ads1220: config2 mismatch! 0x15 != 0x47[0m
[00:04:24.431,152] [1;31m<err> ads1220: config0 mismatch! 0x3C != 0x1C[0m
[00:04:24.431,152] [1;31m<err> analog_axis_hires: Could not setup channel #1 (-5)[0m
[00:04:24.481,109] [1;31m<err> ads1220: config2 mismatch! 0x10 != 0x2E[0m
[00:04:24.481,262] [1;31m<err> ads1220: config2 mismatch! 0x15 != 0x2E[0m
[00:04:24.481,414] [1;31m<err> ads1220: config0 mismatch! 0x3C != 0x1C[0m
[00:04:24.481,414] [1;31m<err> analog_axis_hires: Could not setup channel #1 (-5)[0m
[00:04:24.531,372] [1;31m<err> ads1220: config2 mismatch! 0x10 != 0x72[0m
[00:04:24.531,494] [1;31m<err> ads1220: config2 mismatch! 0x15 != 0x72[0m
[00:04:24.531,646] [1;31m<err> ads1220: config0 mismatch! 0x3C != 0x1C[0m
[00:04:24.531,677] [1;31m<err> analog_axis_hires: Could not setup channel #1 (-5)[0m
[00:04:24.581,604] [1;31m<err> ads1220: config2 mismatch! 0x10 != 0x9F[0m
[00:04:24.581,756] [1;31m<err> ads1220: config2 mismatch! 0x15 != 0x9F[0m
[00:04:24.581,909] [1;31m<err> ads1220: config0 mismatch! 0x3C != 0x1C[0m
[00:04:24.581,909] [1;31m<err> analog_axis_hires: Could not setup channel #1 (-5)[0m
[00:04:24.631,866] [1;31m<err> ads1220: config2 mismatch! 0x10 != 0xA6[0m
[00:04:24.632,019] [1;31m<err> ads1220: config2 mismatch! 0x15 != 0xA6[0m
[00:04:24.632,171] [1;31m<err> ads1220: config0 mismatch! 0x3C != 0x1C[0m
[00:04:24.632,171] [1;31m<err> analog_axis_hires: Could not setup channel #1 (-5)[0m
[00:04:24.682,128] [1;31m<err> ads1220: config2 mismatch! 0x10 != 0xBB[0m
[00:04:24.682,250] [1;31m<err> ads1220: config2 mismatch! 0x15 != 0xBB[0m
[00:04:24.682,403] [1;31m<err> ads1220: config0 mismatch! 0x3C != 0x1C[0m
[00:04:24.682,434] [1;31m<err> analog_axis_hires: Could not setup channel #1 (-5)[0m
[00:04:24.732,360] [1;31m<err> ads1220: config2 mismatch! 0x10 != 0x5B[0m
[00:04:24.732,513] [1;31m<err> ads1220: config2 mismatch! 0x15 != 0x5B[0m
[00:04:24.732,666] [1;31m<err> ads1220: config0 mismatch! 0x3C != 0x1C[0m
[00:04:24.732,666] [1;31m<err> analog_axis_hires: Could not setup channel #1 (-5)[0m
[00:04:24.782,623] [1;31m<err> ads1220: config2 mismatch! 0x10 != 0xE6[0m
[00:04:24.782,775] [1;31m<err> ads1220: config2 mismatch! 0x15 != 0xE6[0m
[00:04:24.782,928] [1;31m<err> ads1220: config0 mismatch! 0x3C != 0x1C[0m
[00:04:24.782,928] [1;31m<err> analog_axis_hires: Could not setup channel #1 (-5)[0m
[00:04:24.832,885] [1;31m<err> ads1220: config2 mismatch! 0x10 != 0x3A[0m
[00:04:24.833,007] [1;31m<err> ads1220: config2 mismatch! 0x15 != 0x3A[0m
[00:04:24.833,160] [1;31m<err> ads1220: config0 mismatch! 0x3C != 0x1C[0m
[00:04:24.833,190] [1;31m<err> analog_axis_hires: Could not setup channel #1 (-5)[0m
[00:04:24.883,117] [1;31m<err> ads1220: config2 mismatch! 0x10 != 0xF1[0m
[00:04:24.883,270] [1;31m<err> ads1220: config2 mismatch! 0x15 != 0xF1[0m
[00:04:24.883,422] [1;31m<err> ads1220: config0 mismatch! 0x3C != 0x1C[0m
[00:04:24.883,422] [1;31m<err> analog_axis_hires: Could not setup channel #1 (-5)[0m
[00:04:24.933,380] [1;31m<err> ads1220: config2 mismatch! 0x10 != 0xF4[0m
[00:04:24.933,532] [1;31m<err> ads1220: config2 mismatch! 0x15 != 0xF4[0m
[00:04:24.933,685] [1;31m<err> ads1220: config0 mismatch! 0x3C != 0x1C[0m
[00:04:24.933,685] [1;31m<err> analog_axis_hires: Could not setup channel #1 (-5)[0m
[00:04:24.983,673] [1;31m<err> ads1220: config2 mismatch! 0x10 != 0xCD[0m
[00:04:24.983,795] [1;31m<err> ads1220: config2 mismatch! 0x15 != 0xCD[0m
[00:04:24.983,947] [1;31m<err> ads1220: config0 mismatch! 0x3C != 0x1C[0m
[00:04:24.983,978] [1;31m<err> analog_axis_hires: Could not setup channel #1 (-5)[0m
[00:04:25.033,905] [1;31m<err> ads1220: config2 mismatch! 0x10 != 0x3B[0m
[00:04:25.034,057] [1;31m<err> ads1220: config2 mismatch! 0x15 != 0x3B[0m
[00:04:25.034,210] [1;31m<err> ads1220: config0 mismatch! 0x3C != 0x1C[0m
[00:04:25.034,210] [1;31m<err> analog_axis_hires: Could not setup channel #1 (-5)[0m
[00:04:25.084,167] [1;31m<err> ads1220: config2 mismatch! 0x10 != 0x24[0m
[00:04:25.084,289] [1;31m<err> ads1220: config2 mismatch! 0x15 != 0x24[0m
[00:04:25.084,442] [1;31m<err> ads1220: config0 mismatch! 0x3C != 0x1C[0m
[00:04:25.084,442] [1;31m<err> analog_axis_hires: Could not setup channel #1 (-5)[0m
[00:04:25.134,399] [1;31m<err> ads1220: config2 mismatch! 0x10 != 0x9B[0m
[00:04:25.134,552] [1;31m<err> ads1220: config2 mismatch! 0x15 != 0x9B[0m
[00:04:25.134,704] [1;31m<err> ads1220: config0 mismatch! 0x3C != 0x1C[0m
[00:04:25.134,704] [1;31m<err> analog_axis_hires: Could not setup channel #1 (-5)[0m
[00:04:25.184,661] [1;31m<err> ads1220: config2 mismatch! 0x10 != 0x23[0m
[00:04:25.184,783] [1;31m<err> ads1220: config2 mismatch! 0x15 != 0x23[0m
[00:04:25.184,936] [1;31m<err> ads1220: config0 mismatch! 0x3C != 0x1C[0m
[00:04:25.184,936] [1;31m<err> analog_axis_hires: Could not setup channel #1 (-5)[0m
[00:04:25.234,893] [1;31m<err> ads1220: config2 mismatch! 0x10 != 0x5B[0m
[00:04:25.235,046] [1;31m<err> ads1220: config2 mismatch! 0x15 != 0x5B[0m
[00:04:25.235,168] [1;31m<err> ads1220: config0 mismatch! 0x3C != 0x1C[0m
[00:04:25.235,198] [1;31m<err> analog_axis_hires: Could not setup channel #1 (-5)[0m
[00:04:25.285,125] [1;31m<err> ads1220: config2 mismatch! 0x10 != 0x06[0m
[00:04:25.285,278] [1;31m<err> ads1220: config2 mismatch! 0x15 != 0x06[0m
[00:04:25.285,430] [1;31m<err> ads1220: config0 mismatch! 0x3C != 0x1C[0m
[00:04:25.285,430] [1;31m<err> analog_axis_hires: Could not setup channel #1 (-5)[0m
[00:04:25.335,388] [1;31m<err> ads1220: config2 mismatch! 0x10 != 0xF4[0m
[00:04:25.335,540] [1;31m<err> ads1220: config2 mismatch! 0x15 != 0xF4[0m
[00:04:25.335,693] [1;31m<err> ads1220: config0 mismatch! 0x3C != 0x1C[0m
[00:04:25.335,693] [1;31m<err> analog_axis_hires: Could not setup channel #1 (-5)[0m
[00:04:25.385,650] [1;31m<err> ads1220: config2 mismatch! 0x10 != 0x17[0m
[00:04:25.385,772] [1;31m<err> ads1220: config2 mismatch! 0x15 != 0x17[0m
[00:04:25.385,925] [1;31m<err> ads1220: config0 mismatch! 0x3C != 0x1C[0m
[00:04:25.385,955] [1;31m<err> analog_axis_hires: Could not setup channel #1 (-5)[0m
[00:04:25.435,882] [1;31m<err> ads1220: config2 mismatch! 0x10 != 0x5E[0m
[00:04:25.436,035] [1;31m<err> ads1220: config2 mismatch! 0x15 != 0x5E[0m
[00:04:25.436,187] [1;31m<err> ads1220: config0 mismatch! 0x3C != 0x1C[0m
[00:04:25.436,187] [1;31m<err> analog_axis_hires: Could not setup channel #1 (-5)[0m
[00:04:25.486,145] [1;31m<err> ads1220: config2 mismatch! 0x10 != 0x11[0m
[00:04:25.486,297] [1;31m<err> ads1220: config2 mismatch! 0x15 != 0x11[0m
[00:04:25.486,450] [1;31m<err> ads1220: config0 mismatch! 0x3C != 0x1C[0m
[00:04:25.486,450] [1;31m<err> analog_axis_hires: Could not setup channel #1 (-5)[0m
[00:04:25.536,407] [1;31m<err> ads1220: config2 mismatch! 0x10 != 0x72[0m
[00:04:25.536,529] [1;31m<err> ads1220: config2 mismatch! 0x15 != 0x72[0m
[00:04:25.536,682] [1;31m<err> ads1220: config0 mismatch! 0x3C != 0x1C[0m
[00:04:25.536,712] [1;31m<err> analog_axis_hires: Could not setup channel #1 (-5)[0m
[00:04:25.586,639] [1;31m<err> ads1220: config2 mismatch! 0x10 != 0x0B[0m
[00:04:25.586,791] [1;31m<err> ads1220: config2 mismatch! 0x15 != 0x0B[0m
[00:04:25.586,944] [1;31m<err> ads1220: config0 mismatch! 0x3C != 0x1C[0m
[00:04:25.586,944] [1;31m<err> analog_axis_hires: Could not setup channel #1 (-5)[0m
[00:04:25.636,901] [1;31m<err> ads1220: config2 mismatch! 0x10 != 0x64[0m
[00:04:25.637,023] [1;31m<err> ads1220: config2 mismatch! 0x15 != 0x64[0m
[00:04:25.637,176] [1;31m<err> ads1220: config0 mismatch! 0x3C != 0x1C[0m
[00:04:25.637,207] [1;31m<err> analog_axis_hires: Could not setup channel #1 (-5)[0m
[00:04:25.687,133] [1;31m<err> ads1220: config2 mismatch! 0x10 != 0xD9[0m
[00:04:25.687,286] [1;31m<err> ads1220: config2 mismatch! 0x15 != 0xD9[0m
[00:04:25.687,438] [1;31m<err> ads1220: config0 mismatch! 0x3C != 0x1C[0m
[00:04:25.687,438] [1;31m<err> analog_axis_hires: Could not setup channel #1 (-5)[0m
[00:04:25.737,396] [1;31m<err> ads1220: config2 mismatch! 0x10 != 0xB9[0m
[00:04:25.737,548] [1;31m<err> ads1220: config2 mismatch! 0x15 != 0xB9[0m
[00:04:25.737,701] [1;31m<err> ads1220: config0 mismatch! 0x3C != 0x1C[0m
[00:04:25.737,701] [1;31m<err> analog_axis_hires: Could not setup channel #1 (-5)[0m
[00:04:25.787,658] [1;31m<err> ads1220: config2 mismatch! 0x10 != 0xC5[0m
[00:04:25.787,780] [1;31m<err> ads1220: config2 mismatch! 0x15 != 0xC5[0m
[00:04:25.787,933] [1;31m<err> ads1220: config0 mismatch! 0x3C != 0x1C[0m
[00:04:25.787,963] [1;31m<err> analog_axis_hires: Could not setup channel #1 (-5)[0m
[00:04:25.837,890] [1;31m<err> ads1220: config2 mismatch! 0x10 != 0x17[0m
[00:04:25.838,043] [1;31m<err> ads1220: config2 mismatch! 0x15 != 0x17[0m
[00:04:25.838,195] [1;31m<err> ads1220: config0 mismatch! 0x3C != 0x1C[0m
[00:04:25.838,195] [1;31m<err> analog_axis_hires: Could not setup channel #1 (-5)[0m
[00:04:25.888,153] [1;31m<err> ads1220: config2 mismatch! 0x10 != 0xD8[0m
[00:04:25.888,305] [1;31m<err> ads1220: config2 mismatch! 0x15 != 0xD8[0m
[00:04:25.888,458] [1;31m<err> ads1220: config0 mismatch! 0x3C != 0x1C[0m
[00:04:25.888,458] [1;31m<err> analog_axis_hires: Could not setup channel #1 (-5)[0m
[00:04:25.938,415] [1;31m<err> ads1220: config2 mismatch! 0x10 != 0x65[0m
[00:04:25.938,537] [1;31m<err> ads1220: config2 mismatch! 0x15 != 0x65[0m
[00:04:25.938,690] [1;31m<err> ads1220: config0 mismatch! 0x3C != 0x1C[0m
[00:04:25.938,720] [1;31m<err> analog_axis_hires: Could not setup channel #1 (-5)[0m
[00:04:25.988,647] [1;31m<err> ads1220: config2 mismatch! 0x10 != 0x02[0m
[00:04:25.988,800] [1;31m<err> ads1220: config2 mismatch! 0x15 != 0x02[0m
[00:04:25.988,952] [1;31m<err> ads1220: config0 mismatch! 0x3C != 0x1C[0m
[00:04:25.988,952] [1;31m<err> analog_axis_hires: Could not setup channel #1 (-5)[0m
[00:04:26.038,909] [1;31m<err> ads1220: config2 mismatch! 0x10 != 0x0F[0m
[00:04:26.039,062] [1;31m<err> ads1220: config2 mismatch! 0x15 != 0x0F[0m
[00:04:26.039,215] [1;31m<err> ads1220: config0 mismatch! 0x3C != 0x1C[0m
[00:04:26.039,215] [1;31m<err> analog_axis_hires: Could not setup channel #1 (-5)[0m
[00:04:26.089,172] [1;31m<err> ads1220: config2 mismatch! 0x10 != 0xE9[0m
[00:04:26.089,294] [1;31m<err> ads1220: config2 mismatch! 0x15 != 0xE9[0m
[00:04:26.089,447] [1;31m<err> ads1220: config0 mismatch! 0x3C != 0x1C[0m
[00:04:26.089,447] [1;31m<err> analog_axis_hires: Could not setup channel #1 (-5)[0m
[00:04:26.139,434] [1;31m<err> ads1220: config2 mismatch! 0x10 != 0xAF[0m
[00:04:26.139,556] [1;31m<err> ads1220: config2 mismatch! 0x15 != 0xAF[0m
[00:04:26.139,709] [1;31m<err> ads1220: config0 mismatch! 0x3C != 0x1C[0m
[00:04:26.139,709] [1;31m<err> analog_axis_hires: Could not setup channel #1 (-5)[0m
[00:04:26.189,666] [1;31m<err> ads1220: config2 mismatch! 0x10 != 0x89[0m
[00:04:26.189,819] [1;31m<err> ads1220: config2 mismatch! 0x15 != 0x89[0m
[00:04:26.189,941] [1;31m<err> ads1220: config0 mismatch! 0x3C != 0x1C[0m
[00:04:26.189,971] [1;31m<err> analog_axis_hires: Could not setup channel #1 (-5)[0m
[00:04:26.239,898] [1;31m<err> ads1220: config2 mismatch! 0x10 != 0xE3[0m
[00:04:26.240,051] [1;31m<err> ads1220: config2 mismatch! 0x15 != 0xE3[0m
[00:04:26.240,203] [1;31m<err> ads1220: config0 mismatch! 0x3C != 0x1C[0m
[00:04:26.240,203] [1;31m<err> analog_axis_hires: Could not setup channel #1 (-5)[0m
[00:04:26.290,161] [1;31m<err> ads1220: config2 mismatch! 0x10 != 0xD1[0m
[00:04:26.290,313] [1;31m<err> ads1220: config2 mismatch! 0x15 != 0xD1[0m
[00:04:26.290,466] [1;31m<err> ads1220: config0 mismatch! 0x3C != 0x1C[0m
[00:04:26.290,496] [1;31m<err> analog_axis_hires: Could not setup channel #1 (-5)[0m
[00:04:26.340,423] [1;31m<err> ads1220: config2 mismatch! 0x10 != 0xE1[0m
[00:04:26.340,576] [1;31m<err> ads1220: config2 mismatch! 0x15 != 0xE1[0m
[00:04:26.340,728] [1;31m<err> ads1220: config0 mismatch! 0x3C != 0x1C[0m
[00:04:26.340,728] [1;31m<err> analog_axis_hires: Could not setup channel #1 (-5)[0m
[00:04:26.390,686] [1;31m<err> ads1220: config2 mismatch! 0x10 != 0xDE[0m
[00:04:26.390,838] [1;31m<err> ads1220: config2 mismatch! 0x15 != 0xDE[0m
[00:04:26.390,991] [1;31m<err> ads1220: config0 mismatch! 0x3C != 0x1C[0m
[00:04:26.390,991] [1;31m<err> analog_axis_hires: Could not setup channel #1 (-5)[0m
[00:04:26.440,917] [1;31m<err> ads1220: config2 mismatch! 0x10 != 0x13[0m
[00:04:26.441,070] [1;31m<err> ads1220: config2 mismatch! 0x15 != 0x13[0m
[00:04:26.441,223] [1;31m<err> ads1220: config0 mismatch! 0x3C != 0x1C[0m
[00:04:26.441,253] [1;31m<err> analog_axis_hires: Could not setup channel #1 (-5)[0m
[00:04:26.491,180] [1;31m<err> ads1220: config2 mismatch! 0x10 != 0x4D[0m
[00:04:26.491,333] [1;31m<err> ads1220: config2 mismatch! 0x15 != 0x4D[0m
[00:04:26.491,485] [1;31m<err> ads1220: config0 mismatch! 0x3C != 0x1C[0m
[00:04:26.491,485] [1;31m<err> analog_axis_hires: Could not setup channel #1 (-5)[0m
[00:04:26.541,442] [1;31m<err> ads1220: config2 mismatch! 0x10 != 0x44[0m
[00:04:26.541,595] [1;31m<err> ads1220: config2 mismatch! 0x15 != 0x44[0m
[00:04:26.541,717] [1;31m<err> ads1220: config0 mismatch! 0x3C != 0x1C[0m
[00:04:26.541,748] [1;31m<err> analog_axis_hires: Could not setup channel #1 (-5)[0m
[00:04:26.591,674] [1;31m<err> ads1220: config2 mismatch! 0x10 != 0x67[0m
[00:04:26.591,827] [1;31m<err> ads1220: config2 mismatch! 0x15 != 0x67[0m
[00:04:26.591,979] [1;31m<err> ads1220: config0 mismatch! 0x3C != 0x1C[0m
[00:04:26.591,979] [1;31m<err> analog_axis_hires: Could not setup channel #1 (-5)[0m
[00:04:26.641,937] [1;31m<err> ads1220: config2 mismatch! 0x10 != 0xF9[0m
[00:04:26.642,089] [1;31m<err> ads1220: config2 mismatch! 0x15 != 0xF9[0m
[00:04:26.642,242] [1;31m<err> ads1220: config0 mismatch! 0x3C != 0x1C[0m
[00:04:26.642,242] [1;31m<err> analog_axis_hires: Could not setup channel #1 (-5)[0m

# end=2026-10-01T18:20:40.7850632+03:00
