# EXP02 capture  port=COM8  start=2026-10-01T18:17:33.4581475+03:00
[00:00:21.496,917] [1;31m<err> ads1220: config2 mismatch! 0x10  Could not setup channel #1 (-5)[0m
[00:00:21s1220: config2 mismatch! 0x15 != 0x00[0m
[00:00:21.497,222] [1;31m<err> ads1220: config0 mismatch! 0x3C != 0x1C[0m
[00:00:21.497,222] [1;31m<err> analog_axis_hires: Could not setup channel #1 (-5)[0m
[00:00:21.505,035] [1;31m<err> ads1220: config2 mismatch! 0x10 != 0x00[0m
[00:00:21.505,157] [1;31m<err> ads1220: config2 mismatch! 0x15 != 0x00[0m
[00:00:21.505,310] [1;31m<err> ads1220: config0 mismatch! 0x3C != 0x1C[0m
[00:00:21.505,310] [1;31m<err> analog_axis_hires: Could not setup channel #1 (-5)[0m
[00:00:21.512,939] [1;31m<err> ads1220: config2 mismatch! 0x10 != 0x00[0m
[00:00:21.513,061] [1;31m<err> ads1220: config2 mismatch! 0x15 != 0x00[0m
[00:00:21.513,214] [1;31m<err> ads1220: config0 mismatch! 0x3C != 0x1C[0m
[00:00:21.513,214] [1;31m<err> analog_axis_hires: Could not setup channel #1 (-5)[0m
[00:00:21.521,026] [1;31m<err> ads1220: config2 mismatch! 0x10 != 0x00[0m
[00:00:21.521,179] [1;31m<err> ads1220: config2 mismatch! 0x15 != 0x00[0m
[00:00:21.521,301] [1;31m<err> ads1220: config0 mismatch! 0x3C != 0x1C[0m
[00:00:21.521,331] [1;31m<err> analog_axis_hires: Could not setup channel #1 (-5)[0m
[00:00:21.529,052] [1;31m<err> ads1220: config2 mismatch! 0x10 != 0x00[0m
[00:00:21.529,174] [1;31m<err> ads1220: config2 mismatch! 0x15 != 0x00[0m
[00:00:21.529,327] [1;31m<err> ads1220: config0 mismatch! 0x3C != 0x1C[0m
[00:00:21.529,327] [1;31m<err> analog_axis_hires: Could not setup channel #1 (-5)[0m
[00:00:21.537,017] [1;31m<err> ads1220: config2 mismatch! 0x10 != 0x00[0m
[00:00:21.537,139] [1;31m<err> ads1220: config2 mismatch! 0x15 != 0x00[0m
[00:00:21.537,292] [1;31m<err> ads1220: config0 mismatch! 0x3C != 0x1C[0m
[00:00:21.537,292] [1;31m<err> analog_axis_hires: Could not setup channel #1 (-5)[0m
[00:00:21.545,104] [1;31m<err> ads1220: config2 mismatch! 0x10 != 0x00[0m
[00:00:21.545,257] [1;31m<err> ads1220: config2 mismatch! 0x15 != 0x00[0m
[00:00:21.545,379] [1;31m<err> ads1220: config0 mismatch! 0x3C != 0x1C[0m
[00:00:21.545,410] [1;31m<err> analog_axis_hires: Could not setup channel #1 (-5)[0m
[00:00:21.553,131] [1;31m<err> ads1220: config2 mismatch! 0x10 != 0x00[0m
[00:00:21.553,253] [1;31m<err> ads1220: config2 mismatch! 0x15 != 0x00[0m
[00:00:21.553,405] [1;31m<err> ads1220: config0 mismatch! 0x3C != 0x1C[0m
[00:00:21.553,405] [1;31m<err> analog_axis_hires: Could not setup channel #1 (-5)[0m
[00:00:21.561,096] [1;31m<err> ads1220: config2 mismatch! 0x10 != 0x00[0m
[00:00:21.561,218] [1;31m<err> ads1220: config2 mismatch! 0x15 != 0x00[0m
[00:00:21.561,370] [1;31m<err> ads1220: config0 mismatch! 0x3C != 0x1C[0m
[00:00:21.561,370] [1;31m<err> analog_axis_hires: Could not setup channel #1 (-5)[0m
[00:00:21.569,183] [1;31m<err> ads1220: config2 mismatch! 0x10 != 0x00[0m
[00:00:21.569,335] [1;31m<err> ads1220: config2 mismatch! 0x15 != 0x00[0m
[00:00:21.569,458] [1;31m<err> ads1220: config0 mismatch! 0x3C != 0x1C[0m
[00:00:21.569,488] [1;31m<err> analog_axis_hires: Could not setup channel #1 (-5)[0m
[00:00:21.577,209] [1;31m<err> ads1220: config2 mismatch! 0x10 != 0x00[0m
[00:00:21.577,331] [1;31m<err> ads1220: config2 mismatch! 0x15 != 0x00[0m
[00:00:21.577,484] [1;31m<err> ads1220: config0 mismatch! 0x3C != 0x1C[0m
[00:00:21.577,484] [1;31m<err> analog_axis_hires: Could not setup channel #1 (-5)[0m
[00:00:21.585,174] [1;31m<err> ads1220: config2 mismatch! 0x10 != 0x00[0m
[00:00:21.585,296] [1;31m<err> ads1220: config2 mismatch! 0x15 != 0x00[0m
[00:00:21.585,449] [1;31m<err> ads1220: config0 mismatch! 0x3C != 0x1C[0m
[00:00:21.585,449] [1;31m<err> analog_axis_hires: Could not setup channel #1 (-5)[0m
[00:00:21.593,261] [1;31m<err> ads1220: config2 mismatch! 0x10 != 0x00[0m
[00:00:21.593,414] [1;31m<err> ads1220: config2 mismatch! 0x15 != 0x00[0m
[00:00:21.593,536] [1;31m<err> ads1220: config0 mismatch! 0x3C != 0x1C[0m
[00:00:21.593,566] [1;31m<err> analog_axis_hires: Could not setup channel #1 (-5)[0m
[00:00:21.601,287] [1;31m<err> ads1220: config2 mismatch! 0x10 != 0x00[0m
[00:00:21.601,409] [1;31m<err> ads1220: config2 mismatch! 0x15 != 0x00[0m
[00:00:21.601,562] [1;31m<err> ads1220: config0 mismatch! 0x3C != 0x1C[0m
[00:00:21.601,562] [1;31m<err> analog_axis_hires: Could not setup channel #1 (-5)[0m
[00:00:21.609,252] [1;31m<err> ads1220: config2 mismatch! 0x10 != 0x00[0m
[00:00:21.609,375] [1;31m<err> ads1220: config2 mismatch! 0x15 != 0x00[0m
[00:00:21.609,527] [1;31m<err> ads1220: config0 mismatch! 0x3C != 0x1C[0m
[00:00:21.609,527] [1;31m<err> analog_axis_hires: Could not setup channel #1 (-5)[0m
[00:00:21.617,340] [1;31m<err> ads1220: config2 mismatch! 0x10 != 0x00[0m
[00:00:21.617,492] [1;31m<err> ads1220: config2 mismatch! 0x15 != 0x00[0m
[00:00:21.617,614] [1;31m<err> ads1220: config0 mismatch! 0x3C != 0x1C[0m
[00:00:21.617,645] [1;31m<err> analog_axis_hires: Could not setup channel #1 (-5)[0m
[00:00:21.625,366] [1;31m<err> ads1220: config2 mismatch! 0x10 != 0x00[0m
[00:00:21.625,488] [1;31m<err> ads1220: config2 mismatch! 0x15 != 0x00[0m
[00:00:21.625,640] [1;31m<err> ads1220: config0 mismatch! 0x3C != 0x1C[0m
[00:00:21.625,640] [1;31m<err> analog_axis_hires: Could not setup channel #1 (-5)[0m
[00:00:21.633,331] [1;31m<err> ads1220: config2 mismatch! 0x10 != 0x00[0m
[00:00:21.633,453] [1;31m<err> ads1220: config2 mismatch! 0x15 != 0x00[0m
[00:00:21.633,605] [1;31m<err> ads1220: config0 mismatch! 0x3C != 0x1C[0m
[00:00:21.633,605] [1;31m<err> analog_axis_hires: Could not setup channel #1 (-5)[0m
[00:00:21.641,418] [1;31m<err> ads1220: config2 mismatch! 0x10 != 0x00[0m
[00:00:21.641,571] [1;31m<err> ads1220: config2 mismatch! 0x15 != 0x00[0m
[00:00:21.641,693] [1;31m<err> ads1220: config0 mismatch! 0x3C != 0x1C[0m
[00:00:21.641,723] [1;31m<err> analog_axis_hires: Could not setup channel #1 (-5)[0m
[00:00:21.649,444] [1;31m<err> ads1220: config2 mismatch! 0x10 != 0x00[0m
[00:00:21.649,566] [1;31m<err> ads1220: config2 mismatch! 0x15 != 0x00[0m
[00:00:21.649,719] [1;31m<err> ads1220: config0 mismatch! 0x3C != 0x1C[0m
[00:00:21.649,719] [1;31m<err> analog_axis_hires: Could not setup channel #1 (-5)[0m
[00:00:21.657,409] [1;31m<err> ads1220: config2 mismatch! 0x10 != 0x00[0m
[00:00:21.657,531] [1;31m<err> ads1220: config2 mismatch! 0x15 != 0x00[0m
[00:00:21.657,684] [1;31m<err> ads1220: config0 mismatch! 0x3C != 0x1C[0m
[00:00:21.657,684] [1;31m<err> analog_axis_hires: Could not setup channel #1 (-5)[0m
[00:00:21.665,496] [1;31m<err> ads1220: config2 mismatch! 0x10 != 0x00[0m
[00:00:21.665,649] [1;31m<err> ads1220: config2 mismatch! 0x15 != 0x00[0m
[00:00:21.665,771] [1;31m<err> ads1220: config0 mismatch! 0x3C != 0x1C[0m
[00:00:21.665,802] [1;31m<err> analog_axis_hires: Could not setup channel #1 (-5)[0m
[00:00:21.673,522] [1;31m<err> ads1220: config2 mismatch! 0x10 != 0x00[0m
[00:00:21.673,645] [1;31m<err> ads1220: config2 mismatch! 0x15 != 0x00[0m
[00:00:21.673,797] [1;31m<err> ads1220: config0 mismatch! 0x3C != 0x1C[0m
[00:00:21.673,797] [1;31m<err> analog_axis_hires: Could not setup channel #1 (-5)[0m
[00:00:21.681,488] [1;31m<err> ads1220: config2 mismatch! 0x10 != 0x00[0m
[00:00:21.681,610] [1;31m<err> ads1220: config2 mismatch! 0x15 != 0x00[0m
[00:00:21.681,762] [1;31m<err> ads1220: config0 mismatch! 0x3C != 0x1C[0m
[00:00:21.681,762] [1;31m<err> analog_axis_hires: Could not setup channel #1 (-5)[0m
[00:00:21.689,575] [1;31m<err> ads1220: config2 mismatch! 0x10 != 0x00[0m
[00:00:21.689,727] [1;31m<err> ads1220: config2 mismatch! 0x15 != 0x00[0m
[00:00:21.689,849] [1;31m<err> ads1220: config0 mismatch! 0x3C != 0x1C[0m
[00:00:21.689,880] [1;31m<err> analog_axis_hires: Could not setup channel #1 (-5)[0m
[00:00:21.697,601] [1;31m<err> ads1220: config2 mismatch! 0x10 != 0x00[0m
[00:00:21.697,723] [1;31m<err> ads1220: config2 mismatch! 0x15 != 0x00[0m
[00:00:21.697,875] [1;31m<err> ads1220: config0 mismatch! 0x3C != 0x1C[0m
[00:00:21.697,875] [1;31m<err> analog_axis_hires: Could not setup channel #1 (-5)[0m
[00:00:21<err> ads1220: config2 mismatch! 0x15 != 0x00[0m
[00:01:19.461,883] [1;31m<err> ads1220: config0 mismatch! 0x3C != 0x1C[0m
[00:01:19.461,914] [1;31m<err> analog_axis_hires: Could not setup channel #1 (-5)[0m
[00:01:19.469,604] [1;31m<err> ads1220: config2 mismatch! 0x10 != 0x00[0m
[00:01:19.469,879] [1;31m<err> ads1220: config2 mismatch! 0x15 != 0x00[0m
[00:01:19.470,123] [1;31m<err> ads1220: config0 mismatch! 0x3C != 0x1C[0m
[00:01:19.470,123] [1;31m<err> analog_axis_hires: Could not setup channel #1 (-5)[0m
[00:01:19.477,783] [1;31m<err> ads1220: config2 mismatch! 0x10 != 0x00[0m
[00:01:19.477,966] [1;31m<err> ads1220: config2 mismatch! 0x15 != 0x00[0m
[00:01:19.478,118] [1;31m<err> ads1220: config0 mismatch! 0x3C != 0x1C[0m
[00:01:19.478,118] [1;31m<err> analog_axis_hires: Could not setup channel #1 (-5)[0m
[00:01:19.485,656] [1;31m<err> ads1220: config2 mismatch! 0x10 != 0x00[0m
[00:01:19.485,809] [1;31m<err> ads1220: config2 mismatch! 0x15 != 0x00[0m
[00:01:19.485,961] [1;31m<err> ads1220: config0 mismatch! 0x3C != 0x1C[0m
[00:01:19.485,961] [1;31m<err> analog_axis_hires: Could not setup channel #1 (-5)[0m
[00:01:19.493,713] [1;31m<err> ads1220: config2 mismatch! 0x10 != 0x00[0m
[00:01:19.493,835] [1;31m<err> ads1220: config2 mismatch! 0x15 != 0x00[0m
[00:01:19.493,988] [1;31m<err> ads1220: config0 mismatch! 0x3C != 0x1C[0m
[00:01:19.494,018] [1;31m<err> analog_axis_hires: Could not setup channel #1 (-5)[0m
[00:01:19.501,739] [1;31m<err> ads1220: config2 mismatch! 0x10 != 0x00[0m
[00:01:19.501,861] [1;31m<err> ads1220: config2 mismatch! 0x15 != 0x00[0m
[00:01:19.502,014] [1;31m<err> ads1220: config0 mismatch! 0x3C != 0x1C[0m
[00:01:19.502,014] [1;31m<err> analog_axis_hires: Could not setup channel #1 (-5)[0m
[00:01:19.509,735] [1;31m<err> ads1220: config2 mismatch! 0x10 != 0x00[0m
[00:01:19.509,887] [1;31m<err> ads1220: config2 mismatch! 0x15 != 0x00[0m
[00:01:19.510,040] [1;31m<err> ads1220: config0 mismatch! 0x3C != 0x1C[0m
[00:01:19.510,040] [1;31m<err> analog_axis_hires: Could not setup channel #1 (-5)[0m
[00:01:19.517,791] [1;31m<err> ads1220: config2 mismatch! 0x10 != 0x00[0m
[00:01:19.517,913] [1;31m<err> ads1220: config2 mismatch! 0x15 != 0x00[0m
[00:01:19.518,066] [1;31m<err> ads1220: config0 mismatch! 0x3C != 0x1C[0m
[00:01:19.518,096] [1;31m<err> analog_axis_hires: Could not setup channel #1 (-5)[0m
[00:01:19.525,848] [1;31m<err> ads1220: config2 mismatch! 0x10 != 0x00[0m
[00:01:19.525,970] [1;31m<err> ads1220: config2 mismatch! 0x15 != 0x00[0m
[00:01:19.526,092] [1;31m<err> ads1220: config0 mismatch! 0x3C != 0x1C[0m
[00:01:19.526,123] [1;31m<err> analog_axis_hires: Could not setup channel #1 (-5)[0m
[00:01:19.533,813] [1;31m<err> ads1220: config2 mismatch! 0x10 != 0x00[0m
[00:01:19.533,966] [1;31m<err> ads1220: config2 mismatch! 0x15 != 0x00[0m
[00:01:19.534,118] [1;31m<err> ads1220: config0 mismatch! 0x3C != 0x1C[0m
[00:01:19.534,118] [1;31m<err> analog_axis_hires: Could not setup channel #1 (-5)[0m
[00:01:19.541,870] [1;31m<err> ads1220: config2 mismatch! 0x10 != 0x00[0m
[00:01:19.541,992] [1;31m<err> ads1220: config2 mismatch! 0x15 != 0x00[0m
[00:01:19.542,144] [1;31m<err> ads1220: config0 mismatch! 0x3C != 0x1C[0m
[00:01:19.542,175] [1;31m<err> analog_axis_hires: Could not setup channel #1 (-5)[0m
[00:01:19.549,926] [1;31m<err> ads1220: config2 mismatch! 0x10 != 0x00[0m
[00:01:19.550,048] [1;31m<err> ads1220: config2 mismatch! 0x15 != 0x00[0m
[00:01:19.550,170] [1;31m<err> ads1220: config0 mismatch! 0x3C != 0x1C[0m
[00:01:19.550,201] [1;31m<err> analog_axis_hires: Could not setup channel #1 (-5)[0m
[00:01:19.557,891] [1;31m<err> ads1220: config2 mismatch! 0x10 != 0x00[0m
[00:01:19.558,044] [1;31m<err> ads1220: config2 mismatch! 0x15 != 0x00[0m
[00:01:19.558,197] [1;31m<err> ads1220: config0 mismatch! 0x3C != 0x1C[0m
[00:01:19.558,197] [1;31m<err> analog_axis_hires: Could not setup channel #1 (-5)[0m
[00:01:19.565,948] [1;31m<err> ads1220: config2 mismatch! 0x10 != 0x00[0m
[00:01:19.566,070] [1;31m<err> ads1220: config2 mismatch! 0x15 != 0x00[0m
[00:01:19.566,223] [1;31m<err> ads1220: config0 mismatch! 0x3C != 0x1C[0m
[00:01:19.566,253] [1;31m<err> analog_axis_hires: Could not setup channel #1 (-5)[0m
[00:01:19.574,005] [1;31m<err> ads1220: config2 mismatch! 0x10 != 0x00[0m
[00:01:19.574,127] [1;31m<err> ads1220: config2 mismatch! 0x15 != 0x00[0m
[00:01:19.574,249] [1;31m<err> ads1220: config0 mismatch! 0x3C != 0x1C[0m
[00:01:19.574,279] [1;31m<err> analog_axis_hires: Could not setup channel #1 (-5)[0m
[00:01:19.581,970] [1;31m<err> ads1220: config2 mismatch! 0x10 != 0x00[0m
[00:01:19.582,122] [1;31m<err> ads1220: config2 mismatch! 0x15 != 0x00[0m
[00:01:19.582,275] [1;31m<err> ads1220: config0 mismatch! 0x3C != 0x1C[0m
[00:01:19.582,275] [1;31m<err> analog_axis_hires: Could not setup channel #1 (-5)[0m
[00:01:19.590,026] [1;31m<err> ads1220: config2 mismatch! 0x10 != 0x00[0m
[00:01:19.590,148] [1;31m<err> ads1220: config2 mismatch! 0x15 != 0x00[0m
[00:01:19.590,301] [1;31m<err> ads1220: config0 mismatch! 0x3C != 0x1C[0m
[00:01:19.590,332] [1;31m<err> analog_axis_hires: Could not setup channel #1 (-5)[0m
[00:01:19.598,052] [1;31m<err> ads1220: config2 mismatch! 0x10 != 0x00[0m
[00:01:19.598,175] [1;31m<err> ads1220: config2 mismatch! 0x15 != 0x00[0m
[00:01:19.598,327] [1;31m<err> ads1220: config0 mismatch! 0x3C != 0x1C[0m
[00:01:19.598,327] [1;31m<err> analog_axis_hires: Could not setup channel #1 (-5)[0m
[00:01:19.606,048] [1;31m<err> ads1220: config2 mismatch! 0x10 != 0x00[0m
[00:01:19.606,201] [1;31m<err> ads1220: config2 mismatch! 0x15 != 0x00[0m
[00:01:19.606,353] [1;31m<err> ads1220: config0 mismatch! 0x3C != 0x1C[0m
[00:01:19.606,353] [1;31m<err> analog_axis_hires: Could not setup channel #1 (-5)[0m
[00:01:19.614,105] [1;31m<err> ads1220: config2 mismatch! 0x10 != 0x00[0m
[00:01:19.614,227] [1;31m<err> ads1220: config2 mismatch! 0x15 != 0x00[0m
[00:01:19.614,379] [1;31m<err> ads1220: config0 mismatch! 0x3C != 0x1C[0m
[00:01:19.614,410] [1;31m<err> analog_axis_hires: Could not setup channel #1 (-5)[0m
[00:01:19.622,161] [1;31m<err> ads1220: config2 mismatch! 0x10 != 0x00[0m
[00:01:19.622,283] [1;31m<err> ads1220: config2 mismatch! 0x15 != 0x00[0m
[00:01:19.622,406] [1;31m<err> ads1220: config0 mismatch! 0x3C != 0x1C[0m
[00:01:19.622,436] [1;31m<err> analog_axis_hires: Could not setup channel #1 (-5)[0m
[00:01:19.630,126] [1;31m<err> ads1220: config2 mismatch! 0x10 != 0x00[0m
[00:01:19.630,279] [1;31m<err> ads1220: config2 mismatch! 0x15 != 0x00[0m
[00:01:19.630,432] [1;31m<err> ads1220: config0 mismatch! 0x3C != 0x1C[0m
[00:01:19.630,432] [1;31m<err> analog_axis_hires: Could not setup channel #1 (-5)[0m
[00:01:19.638,183] [1;31m<err> ads1220: config2 mismatch! 0x10 != 0x00[0m
[00:01:19.638,305] [1;31m<err> ads1220: config2 mismatch! 0x15 != 0x00[0m
[00:01:19.638,458] [1;31m<err> ads1220: config0 mismatch! 0x3C != 0x1C[0m
[00:01:19.638,488] [1;31m<err> analog_axis_hires: Could not setup channel #1 (-5)[0m
[00:01:19.646,240] [1;31m<err> ads1220: config2 mismatch! 0x10 != 0x00[0m
[00:01:19.646,362] [1;31m<err> ads1220: config2 mismatch! 0x15 != 0x00[0m
[00:01:19.646,484] [1;31m<err> ads1220: config0 mismatch! 0x3C != 0x1C[0m
[00:01:19.646,514] [1;31m<err> analog_axis_hires: Could not setup channel #1 (-5)[0m
[00:01:19.654,205] [1;31m<err> ads1220: config2 mismatch! 0x10 != 0x00[0m
[00:01:19.654,357] [1;31m<err> ads1220: config2 mismatch! 0x15 != 0x00[0m
[00:01:19.654,510] [1;31m<err> ads1220: config0 mismatch! 0x3C != 0x1C[0m
[00:01:19.654,510] [1;31m<err> analog_axis_hires: Could not setup channel #1 (-5)[0m
[00:01:19.662,261] [1;31m<err> ads1220: config2 mismatch! 0x10 != 0x00[0m
[00:01:19.662,384] [1;31m<err> ads1220: config2 mismatch! 0x15 != 0x00[0m
[00:01:19.662,536] [1;31m<err> ads1220: config0 mismatch! 0x3C != 0x1C[0m
[00:01:19.662,567] [1;31m<err> analog_axis_hires: Could not setup channel #1 (-5)[0m
[00:01:19.670,318] [1;31m<err> ads1220: config2 mismatch! 0x10 != 0x00[0m
[00:01:19.670,440] [1;31m<err> ads1220: config2 mismatch! 0x15 != 0x00[0m
[00:01:19.670,562] [1;31m<err> ads1220: config0 mismatch! 0x3C != 0x1C[0m
[00:01:19.670,593] [1;31m<err> analog_axis_hires: Could not setup channel #1 (-5)[0m
[00:01:19.678,283] [1;31m<err> ads1220: config2 mismatch! 0x10 != 0x00[0m
[00:01:19.678,436] [1;31m<err> ads1220: config2 mismatch! 0x15 != 0x00[0m
[00:01:19.678,588] [1;31m<err> ads1220: config0 mismatch! 0x3C != 0x1C[0m
[00:01:19.678,588] [1;31m<err> analog_axis_hires: Could not setup channel #1 (-5)[0m
[00:01:19.686,340] [1;31m<err> ads1220: config2 mismatch! 0x10 != 0x00[0m
[00:01:19.686,462] [1;31m<err> ads1220: config2 mismatch! 0x15 != 0x00[0m
[00:01:19.686,614] [1;31m<err> ads1220: config0 mismatch! 0x3C != 0x1C[0m
[00:01:19.686,645] [1;31m<err> analog_axis_hires: Could not setup channel #1 (-5)[0m
[00:01:19.694,396] [1;31m<err> ads1220: config2 mismatch! 0x10 != 0x00[0m
[00:01:19.694,519] [1;31m<err> ads1220: config2 mismatch! 0x15 != 0x00[0m
[00:01:19.694,641] [1;31m<err> ads1220: config0 mismatch! 0x3C != 0x1C[0m
[00:01:19.694,671] [1;31m<err> analog_axis_hires: Could not setup channel #1 (-5)[0m
[00:01:19.702,362] [1;31m<err> ads1220: config2 mismatch! 0x10 != 0x00[0m
[00:01:19.702,514] [1;31m<err> ads1220: config2 mismatch! 0x15 != 0x00[0m
[00:01:19.702,667] [1;31m<err> ads1220: config0 mismatch! 0x3C != 0x1C[0m
[00:01:19.702,667] [1;31m<err> analog_axis_hires: Could not setup channel #1 (-5)[0m
[00:01:19.710,418] [1;31m<err> ads1220: config2 mismatch! 0x10 != 0x00[0m
[00:01:19.710,540] [1;31m<err> ads1220: config2 mismatch! 0x15 != 0x00[0m
[00:01:19.710,693] [1;31m<err> ads1220: config0 mismatch! 0x3C != 0x1C[0m
[00:01:19.710,723] [1;31m<err> analog_axis_hires: Could not setup channel #1 (-5)[0m
[00:01:19.718,475] [1;31m<err> ads1220: config2 mismatch! 0x10 != 0x00[0m
[00:01:19.718,597] [1;31m<err> ads1220: config2 mismatch! 0x15 != 0x00[0m
[00:01:19.718,719] [1;31m<err> ads1220: config0 mismatch! 0x3C != 0x1C[0m
[00:01:19.718,750] [1;31m<err> analog_axis_hires: Could not setup channel #1 (-5)[0m
[00:01:19.726,440] [1;31m<err> ads1220: config2 mismatch! 0x10 != 0x00[0m
[00:01:19.726,593] [1;31m<err> ads1220: config2 mismatch! 0x15 != 0x00[0m
[00:01:19.726,745] [1;31m<err> ads1220: config0 mismatch! 0x3C != 0x1C[0m
[00:01:19.726,745] [1;31m<err> analog_axis_hires: Could not setup channel #1 (-5)[0m
[00:01:19.734,497] [1;31m<err> ads1220: config2 mismatch! 0x10 != 0x00[0m
[00:01:19.734,619] [1;31m<err> ads1220: config2 mismatch! 0x15 != 0x00[0m
[00:01:19.734,771] [1;31m<err> ads1220: config0 mismatch! 0x3C != 0x1C[0m
[00:01:19.734,802] [1;31m<err> analog_axis_hires: Could not setup channel #1 (-5)[0m
[00:01:19.742,553] [1;31m<err> ads1220: config2 mismatch! 0x10 != 0x00[0m
[00:01:19.742,675] [1;31m<err> ads1220: config2 mismatch! 0x15 != 0x00[0m
[00:01:19.742,797] [1;31m<err> ads1220: config0 mismatch! 0x3C != 0x1C[0m
[00:01:19.742,828] [1;31m<err> analog_axis_hires: Could not setup channel #1 (-5)[0m
[00:01:19.750,518] [1;31m<err> ads1220: config2 mismatch! 0x10 != 0x00[0m
[00:01:19.750,671] [1;31m<err> ads1220: config2 mismatch! 0x15 != 0x00[0m
[00:01:19.750,823] [1;31m<err> ads1220: config0 mismatch! 0x3C != 0x1C[0m
[00:01:19.750,823] [1;31m<err> analog_axis_hires: Could not setup channel #1 (-5)[0m
[00:01:19.758,575] [1;31m<err> ads1220: config2 mismatch! 0x10 != 0x00[0m
[00:01:19.758,697] [1;31m<err> ads1220: config2 mismatch! 0x15 != 0x00[0m
[00:01:19.758,850] [1;31m<err> ads1220: config0 mismatch! 0x3C != 0x1C[0m
[00:01:19.758,880] [1;31m<err> analog_axis_hires: Could not setup channel #1 (-5)[0m
[00:01:19.766,601] [1;31m<err> ads1220: config2 mismatch! 0x10 != 0x00[0m
[00:01:19.766,723] [1;31m<err> ads1220: config2 mismatch! 0x15 != 0x00[0m
[00:01:19.766,845] [1;31m<err> ads1220: config0 mismatch! 0x3C != 0x1C[0m
[00:01:19.766,845] [1;31m<err> analog_axis_hires: Could not setup channel #1 (-5)[0m
[00:01:19.774,597] [1;31m<err> ads1220: config2 mismatch! 0x10 != 0x00[0m
[00:01:19.774,749] [1;31m<err> ads1220: config2 mismatch! 0x15 != 0x00[0m
[00:01:19.774,902] [1;31m<err> ads1220: config0 mismatch! 0x3C != 0x1C[0m
[00:01:19.774,902] [1;31m<err> analog_axis_hires: Could not setup channel #1 (-5)[0m
[00:01:19.782,653] [1;31m<err> ads1220: config2 mismatch! 0x10 != 0x00[0m
[00:01:19.782,775] [1;31m<err> ads1220: config2 mismatch! 0x15 != 0x00[0m
[00:01:19.782,928] [1;31m<err> ads1220: config0 mismatch! 0x3C != 0x1C[0m
[00:01:19.782,958] [1;31m<err> analog_axis_hires: Could not setup channel #1 (-5)[0m
[00:01:19.790,710] [1;31m<err> ads1220: config2 mismatch! 0x10 != 0x00[0m
[00:01:19.790,832] [1;31m<err> ads1220: config2 mismatch! 0x15 != 0x00[0m
[00:01:19.790,954] [1;31m<err> ads1220: config0 mismatch! 0x3C != 0x1C[0m
[00:01:19.790,954] [1;31m<err> analog_axis_hires: Could not setup channel #1 (-5)[0m
[00:01:19.798,675] [1;31m<err> ads1220: config2 mismatch! 0x10 != 0x00[0m
[00:01:19.798,828] [1;31m<err> ads1220: config2 mismatch! 0x15 != 0x00[0m
[00:01:19.798,980] [1;31m<err> ads1220: config0 mismatch! 0x3C != 0x1C[0m
[00:01:19.798,980] [1;31m<err> analog_axis_hires: Could not setup channel #1 (-5)[0m
[00:01:19.806,732] [1;31m<err> ads1220: config2 mismatch! 0x10 != 0x00[0m
[00:01:19.806,854] [1;31m<err> ads1220: config2 mismatch! 0x15 != 0x00[0m
[00:01:19.807,006] [1;31m<err> ads1220: config0 mismatch! 0x3C != 0x1C[0m
[00:01:19.807,037] [1;31m<err> analog_axis_hires: Could not setup channel #1 (-5)[0m
[00:01:19.814,788] [1;31m<err> ads1220: config2 mismatch! 0x10 != 0x00[0m
[00:01:19.814,910] [1;31m<err> ads1220: config2 mismatch! 0x15 != 0x00[0m
[00:01:19.815,032] [1;31m<err> ads1220: config0 mismatch! 0x3C != 0x1C[0m
[00:01:19.815,032] [1;31m<err> analog_axis_hires: Could not setup channel #1 (-5)[0m
[00:01:19.822,753] [1;31m<err> ads1220: config2 mismatch! 0x10 != 0x00[0m
[00:01:19.822,906] [1;31m<err> ads1220: config2 mismatch! 0x15 != 0x00[0m
[00:01:19.823,059] [1;31m<err> ads1220: config0 mismatch! 0x3C != 0x1C[0m
[00:01:19.823,059] [1;31m<err> analog_axis_hires: Could not setup channel #1 (-5)[0m
[00:01:19.830,810] [1;31m<err> ads1220: config2 mismatch! 0x10 != 0x00[0m
[00:01:19.830,932] [1;31m<err> ads1220: config2 mismatch! 0x15 != 0x00[0m
[00:01:19.831,085] [1;31m<err> ads1220: config0 mismatch! 0x3C != 0x1C[0m
[00:01:19.831,115] [1;31m<err> analog_axis_hires: Could not setup channel #1 (-5)[0m
[00:01:19.838,867] [1;31m<err> ads1220: config2 mismatch! 0x10 != 0x00[0m
[00:01:19.838,989] [1;31m<err> ads1220: config2 mismatch! 0x15 != 0x00[0m
[00:01:19.839,111] [1;31m<err> ads1220: config0 mismatch! 0x3C != 0x1C[0m
[00:01:19.839,141] [1;31m<err> analog_axis_hires: Could not setup channel #1 (-5)[0m
[00:01:19.846,832] [1;31m<err> ads1220: config2 mismatch! 0x10 != 0x00[0m
[00:01:19.846,984] [1;31m<err> ads1220: config2 mismatch! 0x15 != 0x00[0m
[00:01:19.847,137] [1;31m<err> ads1220: config0 mismatch! 0x3C != 0x1C[0m
[00:01:19.847,137] [1;31m<err> analog_axis_hires: Could not setup channel #1 (-5)[0m
[00:01:19.854,888] [1;31m<err> ads1220: config2 mismatch! 0x10 != 0x00[0m
[00:01:19.855,010] [1;31m<err> ads1220: config2 mismatch! 0x15 != 0x00[0m
[00:01:19.855,163] [1;31m<err> ads1220: config0 mismatch! 0x3C != 0x1C[0m
[00:01:19.855,194] [1;31m<err> analog_axis_hires: Could not setup channel #1 (-5)[0m
[00:01:19.862,945] [1;31m<err> ads1220: config2 mismatch! 0x10 != 0x00[0m
[00:01:19.863,067] [1;31m<err> ads1220: config2 mismatch! 0x15 != 0x00[0m
[00:01:19.863,189] [1;31m<err> ads1220: config0 mismatch! 0x3C != 0x1C[0m
[00:01:19.863,220] [1;31m<err> analog_axis_hires: Could not setup channel #1 (-5)[0m
[00:01:19.870,910] [1;31m<err> ads1220: config2 mismatch! 0x10 != 0x00[0m
[00:01:19.871,063] [1;31m<err> ads1220: config2 mismatch! 0x15 != 0x00[0m
[00:01:19.871,215] [1;31m<err> ads1220: config0 mismatch! 0x3C != 0x1C[0m
[00:01:19.871,215] [1;31m<err> analog_axis_hires: Could not setup channel #1 (-5)[0m
[00:01:19.878,967] [1;31m<err> ads1220: config2 mismatch! 0x10 != 0x00[0m
[00:01:19.879,089] [1;31m<err> ads1220: config2 mismatch! 0x15 != 0x00[0m
[00:01:19.879,241] [1;31m<err> ads1220: config0 mismatch! 0x3C != 0x1C[0m
[00:01:19.879,272] [1;31m<err> analog_axis_hires: Could not setup channel #1 (-5)[0m
[00:01:19.887,023] [1;31m<err> ads1220: config2 mismatch! 0x10 != 0x00[0m
[00:01:19.887,145] [1;31m<err> ads1220: config2 mismatch! 0x15 != 0x00[0m
[00:01:19.887,268] [1;31m<err> ads1220: config0 mismatch! 0x3C != 0x1C[0m
[00:01:19.887,298] [1;31m<err> analog_axis_hires: Could not setup channel #1 (-5)[0m
[00:01:19.894,989] [1;31m<err> ads1220: config2 mismatch! 0x10 != 0x00[0m
[00:01:19.895,141] [1;31m<err> ads1220: config2 mismatch! 0x15 != 0x00[0m
[00:01:19.895,294] [1;31m<err> ads1220: config0 mismatch! 0x3C != 0x1C[0m
[00:01:19.895,294] [1;31m<err> analog_axis_hires: Could not setup channel #1 (-5)[0m
[00:01:19.903,045] [1;31m<err> ads1220: config2 mismatch! 0x10 != 0x00[0m
[00:01:19.903,167] [1;31m<err> ads1220: config2 mismatch! 0x15 != 0x00[0m
[00:01:19.903,320] [1;31m<err> ads1220: config0 mismatch! 0x3C != 0x1C[0m
[00:01:19.903,350] [1;31m<err> analog_axis_hires: Could not setup channel #1 (-5)[0m
[00:01:19.911,102] [1;31m<err> ads1220: config2 mismatch! 0x10 != 0x00[0m
[00:01:19.911,224] [1;31m<err> ads1220: config2 mismatch! 0x15 != 0x00[0m
[00:01:19.911,346] [1;31m<err> ads1220: config0 mismatch! 0x3C != 0x1C[0m
[00:01:19.911,346] [1;31m<err> analog_axis_hires: Could not setup channel #1 (-5)[0m
[00:01:19.919,067] [1;31m<err> ads1220: config2 mismatch! 0x10 != 0x00[0m
[00:01:19.919,219] [1;31m<err> ads1220: config2 mismatch! 0x15 != 0x00[0m
[00:01:19.919,372] [1;31m<err> ads1220: config0 mismatch! 0x3C != 0x1C[0m
[00:01:19.919,372] [1;31m<err> analog_axis_hires: Could not setup channel #1 (-5)[0m
[00:01:19.927,124] [1;31m<err> ads1220: config2 mismatch! 0x10 != 0x00[0m
[00:01:19.927,246] [1;31m<err> ads1220: config2 mismatch! 0x15 != 0x00[0m
[00:01:19.927,398] [1;31m<err> ads1220: config0 mismatch! 0x3C != 0x1C[0m
[00:01:19.927,429] [1;31m<err> analog_axis_hires: Could not setup channel #1 (-5)[0m
[00:01:19.935,180] [1;31m<err> ads1220: config2 mismatch! 0x10 != 0x00[0m
[00:01:19.935,302] [1;31m<err> ads1220: config2 mismatch! 0x15 != 0x00[0m
[00:01:19.935,424] [1;31m<err> ads1220: config0 mismatch! 0x3C != 0x1C[0m
[00:01:19.935,455] [1;31m<err> analog_axis_hires: Could not setup channel #1 (-5)[0m
[00:01:19.943,145] [1;31m<err> ads1220: config2 mismatch! 0x10 != 0x00[0m
[00:01:19.943,298] [1;31m<err> ads1220: config2 mismatch! 0x15 != 0x00[0m
[00:01:19.943,450] [1;31m<err> ads1220: config0 mismatch! 0x3C != 0x1C[0m
[00:01:19.943,450] [1;31m<err> analog_axis_hires: Could not setup channel #1 (-5)[0m
[00:01:19.951,202] [1;31m<err> ads1220: config2 mismatch! 0x10 != 0x00[0m
[00:01:19.951,324] [1;31m<err> ads1220: config2 mismatch! 0x15 != 0x00[0m
[00:01:19.951,477] [1;31m<err> ads1220: config0 mismatch! 0x3C != 0x1C[0m
[00:01:19.951,507] [1;31m<err> analog_axis_hires: Could not setup channel #1 (-5)[0m
[00:01:19.959,228] [1;31m<err> ads1220: config2 mismatch! 0x10 != 0x00[0m
[00:01:19.959,381] [1;31m<err> ads1220: config2 mismatch! 0x15 != 0x00[0m
[00:01:19.959,503] [1;31m<err> ads1220: config0 mismatch! 0x3C != 0x1C[0m
[00:01:19.959,503] [1;31m<err> analog_axis_hires: Could not setup channel #1 (-5)[0m
[00:01:19.967,224] [1;31m<err> ads1220: config2 mismatch! 0x10 != 0x00[0m
[00:01:19.967,376] [1;31m<err> ads1220: config2 mismatch! 0x15 != 0x00[0m
[00:01:19.967,529] [1;31m<err> ads1220: config0 mismatch! 0x3C != 0x1C[0m
[00:01:19.967,529] [1;31m<err> analog_axis_hires: Could not setup channel #1 (-5)[0m
[00:01:19.975,280] [1;31m<err> ads1220: config2 mismatch! 0x10 != 0x00[0m
[00:01:19.975,402] [1;31m<err> ads1220: config2 mismatch! 0x15 != 0x00[0m
[00:01:19.975,555] [1;31m<err> ads1220: config0 mismatch! 0x3C != 0x1C[0m
[00:01:19.975,585] [1;31m<err> analog_axis_hires: Could not setup channel #1 (-5)[0m
[00:01:19.983,337] [1;31m<err> ads1220: config2 mismatch! 0x10 != 0x00[0m
[00:01:19.983,459] [1;31m<err> ads1220: config2 mismatch! 0x15 != 0x00[0m
[00:01:19.983,581] [1;31m<err> ads1220: config0 mismatch! 0x3C != 0x1C[0m
[00:01:19.983,612] [1;31m<err> analog_axis_hires: Could not setup channel #1 (-5)[0m
[00:01:19.991,302] [1;31m<err> ads1220: config2 mismatch! 0x10 != 0x00[0m
[00:01:19.991,455] [1;31m<err> ads1220: config2 mismatch! 0x15 != 0x00[0m
[00:01:19.991,607] [1;31m<err> ads1220: config0 mismatch! 0x3C != 0x1C[0m
[00:01:19.991,607] [1;31m<err> analog_axis_hires: Could not setup channel #1 (-5)[0m
[00:01:19.999,359] [1;31m<err> ads1220: config2 mismatch! 0x10 != 0x00[0m
[00:01:19.999,481] [1;31m<err> ads1220: config2 mismatch! 0x15 != 0x00[0m
[00:01:19.999,633] [1;31m<err> ads1220: config0 mismatch! 0x3C != 0x1C[0m
[00:01:19.999,664] [1;31m<err> analog_axis_hires: Could not setup channel #1 (-5)[0m
[00:01:20.007,385] [1;31m<err> ads1220: config2 mismatch! 0x10 != 0x00[0m
[00:01:20.007,537] [1;31m<err> ads1220: config2 mismatch! 0x15 != 0x00[0m
[00:01:20.007,659] [1;31m<err> ads1220: config0 mismatch! 0x3C != 0x1C[0m
[00:01:20.007,659] [1;31m<err> analog_axis_hires: Could not setup channel #1 (-5)[0m
[00:01:20.015,380] [1;31m<err> ads1220: config2 mismatch! 0x10 != 0x00[0m
[00:01:20.015,533] [1;31m<err> ads1220: config2 mismatch! 0x15 != 0x00[0m
[00:01:20.015,686] [1;31m<err> ads1220: config0 mismatch! 0x3C != 0x1C[0m
[00:01:20.015,686] [1;31m<err> analog_axis_hires: Could not setup channel #1 (-5)[0m
[00:01:20.023,437] [1;31m<err> ads1220: config2 mismatch! 0x10 != 0x00[0m
[00:01:20.023,559] [1;31m<err> ads1220: config2 mismatch! 0x15 != 0x00[0m
[00:01:20.023,712] [1;31m<err> ads1220: config0 mismatch! 0x3C != 0x1C[0m
[00:01:20.023,742] [1;31m<err> analog_axis_hires: Could not setup channel #1 (-5)[0m
[00:01:20.031,494] [1;31m<err> ads1220: config2 mismatch! 0x10 != 0x00[0m
[00:01:20.031,616] [1;31m<err> ads1220: config2 mismatch! 0x15 != 0x00[0m
[00:01:20.031,738] [1;31m<err> ads1220: config0 mismatch! 0x3C != 0x1C[0m
[00:01:20.031,738] [1;31m<err> analog_axis_hires: Could not setup channel #1 (-5)[0m
[00:01:20.039,459] [1;31m<err> ads1220: config2 mismatch! 0x10 != 0x00[0m
[00:01:20.039,611] [1;31m<err> ads1220: config2 mismatch! 0x15 != 0x00[0m
[00:01:20.039,764] [1;31m<err> ads1220: config0 mismatch! 0x3C != 0x1C[0m
[00:01:20.039,764] [1;31m<err> analog_axis_hires: Could not setup channel #1 (-5)[0m
[00:01:20.047,515] [1;31m<err> ads1220: config2 mismatch! 0x10 != 0x00[0m
[00:01:20.047,637] [1;31m<err> ads1220: config2 mismatch! 0x15 != 0x00[0m
[00:01:20.047,790] [1;31m<err> ads1220: config0 mismatch! 0x3C != 0x1C[0m
[00:01:20.047,821] [1;31m<err> analog_axis_hires: Could not setup channel #1 (-5)[0m
[00:01:20.055,541] [1;31m<err> ads1220: config2 mismatch! 0x10 != 0x00[0m
[00:01:20.055,664] [1;31m<err> ads1220: config2 mismatch! 0x15 != 0x00[0m
[00:01:20.055,786] [1;31m<err> ads1220: config0 mismatch! 0x3C != 0x1C[0m
[00:01:20.055,786] [1;31m<err> analog_axis_hires: Could not setup channel #1 (-5)[0m
[00:01:20.063,568] [1;31m<err> ads1220: config2 mismatch! 0x10 != 0x00[0m
[00:01:20.063,690] [1;31m<err> ads1220: config2 mismatch! 0x15 != 0x00[0m
[00:01:20.063,842] [1;31m<err> ads1220: config0 mismatch! 0x3C != 0x1C[0m
[00:01:20.063,842] [1;31m<err> analog_axis_hires: Could not setup channel #1 (-5)[0m
[00:01:20.071,594] [1;31m<err> ads1220: config2 mismatch! 0x10 != 0x00[0m
[00:01:20.071,716] [1;31m<err> ads1220: config2 mismatch! 0x15 != 0x00[0m
[00:01:20.071,868] [1;31m<err> ads1220: config0 mismatch! 0x3C != 0x1C[0m
[00:01:20.071,868] [1;31m<err> analog_axis_hires: Could not setup channel #1 (-5)[0m
[00:01:20.079,620] [1;31m<err> ads1220: config2 mismatch! 0x10 != 0x00[0m
[00:01:20.079,742] [1;31m<err> ads1220: config2 mismatch! 0x15 != 0x00[0m
[00:01:20.079,895] [1;31m<err> ads1220: config0 mismatch! 0x3C != 0x1C[0m
[00:01:20.079,895] [1;31m<err> analog_axis_hires: Could not setup channel #1 (-5)[0m
[00:01:20.087,615] [1;31m<err> ads1220: config2 mismatch! 0x10 != 0x00[0m
[00:01:20.087,768] [1;31m<err> ads1220: config2 mismatch! 0x15 != 0x00[0m
[00:01:20.087,921] [1;31m<err> ads1220: config0 mismatch! 0x3C != 0x1C[0m
[00:01:20.087,921] [1;31m<err> analog_axis_hires: Could not setup channel #1 (-5)[0m
[00:01:20.095,672] [1;31m<err> ads1220: config2 mismatch! 0x10 != 0x00[0m
[00:01:20.095,794] [1;31m<err> ads1220: config2 mismatch! 0x15 != 0x00[0m
[00:01:20.095,947] [1;31m<err> ads1220: config0 mismatch! 0x3C != 0x1C[0m
[00:01:20.095,947] [1;31m<err> analog_axis_hires: Could not setup channel #1 (-5)[0m
[00:01:20.103,729] [1;31m<err> ads1220: config2 mismatch! 0x10 != 0x00[0m
[00:01:20.103,851] [1;31m<err> ads1220: config2 mismatch! 0x15 != 0x00[0m
[00:01:20.103,973] [1;31m<err> ads1220: config0 mismatch! 0x3C != 0x1C[0m
[00:01:20.104,003] [1;31m<err> analog_axis_hires: Could not setup channel #1 (-5)[0m
[00:01:20.111,694] [1;31m<err> ads1220: config2 mismatch! 0x10 != 0x00[0m
[00:01:20.111,846] [1;31m<err> ads1220: config2 mismatch! 0x15 != 0x00[0m
[00:01:20.111,999] [1;31m<err> ads1220: config0 mismatch! 0x3C != 0x1C[0m
[00:01:20.111,999] [1;31m<err> analog_axis_hires: Could not setup channel #1 (-5)[0m
[00:01:20.119,750] [1;31m<err> ads1220: config2 mismatch! 0x10 != 0x00[0m
[00:01:20.119,873] [1;31m<err> ads1220: config2 mismatch! 0x15 != 0x00[0m
[00:01:20.120,025] [1;31m<err> ads1220: config0 mismatch! 0x3C != 0x1C[0m
[00:01:20.120,025] [1;31m<err> analog_axis_hires: Could not setup channel #1 (-5)[0m
[00:01:20.127,807] [1;31m<err> ads1220: config2 mismatch! 0x10 != 0x00[0m
[00:01:20.127,929] [1;31m<err> ads1220: config2 mismatch! 0x15 != 0x00[0m
[00:01:20.128,051] [1;31m<err> ads1220: config0 mismatch! 0x3C != 0x1C[0m
[00:01:20.128,082] [1;31m<err> analog_axis_hires: Could not setup channel #1 (-5)[0m
[00:01:20.135,772] [1;31m<err> ads1220: config2 mismatch! 0x10 != 0x00[0m
[00:01:20.135,925] [1;31m<err> ads1220: config2 mismatch! 0x15 != 0x00[0m
[00:01:20.136,077] [1;31m<err> ads1220: config0 mismatch! 0x3C != 0x1C[0m
[00:01:20.136,077] [1;31m<err> analog_axis_hires: Could not setup channel #1 (-5)[0m
[00:01:20.143,829] [1;31m<err> ads1220: config2 mismatch! 0x10 != 0x00[0m
[00:01:20.143,951] [1;31m<err> ads1220: config2 mismatch! 0x15 != 0x00[0m
[00:01:20.144,104] [1;31m<err> ads1220: config0 mismatch! 0x3C != 0x1C[0m
[00:01:20.144,104] [1;31m<err> analog_axis_hires: Could not setup channel #1 (-5)[0m
[00:01:20.151,885] [1;31m<err> ads1220: config2 mismatch! 0x10 != 0x00[0m
[00:01:20.152,008] [1;31m<err> ads1220: config2 mismatch! 0x15 != 0x00[0m
[00:01:20.152,130] [1;31m<err> ads1220: config0 mismatch! 0x3C != 0x1C[0m
[00:01:20.152,160] [1;31m<err> analog_axis_hires: Could not setup channel #1 (-5)[0m
[00:01:20.159,851] [1;31m<err> ads1220: config2 mismatch! 0x10 != 0x00[0m
[00:01:20.160,003] [1;31m<err> ads1220: config2 mismatch! 0x15 != 0x00[0m
[00:01:20.160,156] [1;31m<err> ads1220: config0 mismatch! 0x3C != 0x1C[0m
[00:01:20.160,156] [1;31m<err> analog_axis_hires: Could not setup channel #1 (-5)[0m
[00:01:20.167,907] [1;31m<err> ads1220: config2 mismatch! 0x10 != 0x00[0m
[00:01:20.168,029] [1;31m<err> ads1220: config2 mismatch! 0x15 != 0x00[0m
[00:01:20.168,182] [1;31m<err> ads1220: config0 mismatch! 0x3C != 0x1C[0m
[00:01:20.168,182] [1;31m<err> analog_axis_hires: Could not setup channel #1 (-5)[0m
[00:01:20.175,964] [1;31m<err> ads1220: config2 mismatch! 0x10 != 0x00[0m
[00:01:20.176,086] [1;31m<err> ads1220: config2 mismatch! 0x15 != 0x00[0m
[00:01:20.176,208] [1;31m<err> ads1220: config0 mismatch! 0x3C != 0x1C[0m
[00:01:20.176,239] [1;31m<err> analog_axis_hires: Could not setup channel #1 (-5)[0m
[00:01:20.183,929] [1;31m<err> ads1220: config2 mismatch! 0x10 != 0x00[0m
[00:01:20.184,082] [1;31m<err> ads1220: config2 mismatch! 0x15 != 0x00[0m
[00:01:20.184,234] [1;31m<err> ads1220: config0 mismatch! 0x3C != 0x1C[0m
[00:01:20.184,234] [1;31m<err> analog_axis_hires: Could not setup channel #1 (-5)[0m
[00:01:20.191,986] [1;31m<err> ads1220: config2 mismatch! 0x10 != 0x00[0m
[00:01:20.192,108] [1;31m<err> ads1220: config2 mismatch! 0x15 != 0x00[0m
[00:01:20.192,260] [1;31m<err> ads1220: config0 mismatch! 0x3C != 0x1C[0m
[00:01:20.192,260] [1;31m<err> analog_axis_hires: Could not setup channel #1 (-5)[0m
[00:01:20.199,981] [1;31m<err> ads1220: config2 mismatch! 0x10 != 0x00[0m
[00:01:20.200,103] [1;31m<err> ads1220: config2 mismatch! 0x15 != 0x00[0m
[00:01:20.200,225] [1;31m<err> ads1220: config0 mismatch! 0x3C != 0x1C[0m
[00:01:20.200,256] [1;31m<err> analog_axis_hires: Could not setup channel #1 (-5)[0m
[00:01:20.208,007] [1;31m<err> ads1220: config2 mismatch! 0x10 != 0x00[0m
[00:01:20.208,160] [1;31m<err> ads1220: config2 mismatch! 0x15 != 0x00[0m
[00:01:20.208,312] [1;31m<err> ads1220: config0 mismatch! 0x3C != 0x1C[0m
[00:01:20.208,312] [1;31m<err> analog_axis_hires: Could not setup channel #1 (-5)[0m
[00:01:20.216,064] [1;31m<err> ads1220: config2 mismatch! 0x10 != 0x00[0m
[00:01:20.216,186] [1;31m<err> ads1220: config2 mismatch! 0x15 != 0x00[0m
[00:01:20.216,339] [1;31m<err> ads1220: config0 mismatch! 0x3C != 0x1C[0m
[00:01:20.216,339] [1;31m<err> analog_axis_hires: Could not setup channel #1 (-5)[0m
[00:01:20.224,121] [1;31m<err> ads1220: config2 mismatch! 0x10 != 0x00[0m
[00:01:20.224,243] [1;31m<err> ads1220: config2 mismatch! 0x15 != 0x00[0m
[00:01:20.224,365] [1;31m<err> ads1220: config0 mismatch! 0x3C != 0x1C[0m
[00:01:20.224,395] [1;31m<err> analog_axis_hires: Could not setup channel #1 (-5)[0m
[00:01:20.232,147] [1;31m<err> ads1220: config2 mismatch! 0x10 != 0x00[0m
[00:01:20.232,299] [1;31m<err> ads1220: config2 mismatch! 0x15 != 0x00[0m
[00:01:20.232,421] [1;31m<err> ads1220: config0 mismatch! 0x3C != 0x1C[0m
[00:01:20.232,452] [1;31m<err> analog_axis_hires: Could not setup channel #1 (-5)[0m
[00:01:20.240,142] [1;31m<err> ads1220: config2 mismatch! 0x10 != 0x00[0m
[00:01:20.240,264] [1;31m<err> ads1220: config2 mismatch! 0x15 != 0x00[0m
[00:01:20.240,417] [1;31m<err> ads1220: config0 mismatch! 0x3C != 0x1C[0m
[00:01:20.240,417] [1;31m<err> analog_axis_hires: Could not setup channel #1 (-5)[0m
[00:01:20.248,199] [1;31m<err> ads1220: config2 mismatch! 0x10 != 0x00[0m
[00:01:20.248,321] [1;31m<err> ads1220: config2 mismatch! 0x15 != 0x00[0m
[00:01:20.248,474] [1;31m<err> ads1220: config0 mismatch! 0x3C != 0x1C[0m
[00:01:20.248,474] [1;31m<err> analog_axis_hires: Could not setup channel #1 (-5)[0m
[00:01:20.256,164] [1;31m<err> ads1220: config2 mismatch! 0x10 != 0x00[0m
[00:01:20.256,317] [1;31m<err> ads1220: config2 mismatch! 0x15 != 0x00[0m
[00:01:20.256,500] [1;31m<err> ads1220: config0 mismatch! 0x3C != 0x1C[0m
[00:01:20.256,530] [1;31m<err> analog_axis_hires: Could not setup channel #1 (-5)[0m
[00:01:20.264,221] [1;31m<err> ads1220: config2 mismatch! 0x10 != 0x00[0m
[00:01:20.264,343] [1;31m<err> ads1220: config2 mismatch! 0x15 != 0x00[0m
[00:01:20.264,495] [1;31m<err> ads1220: config0 mismatch! 0x3C != 0x1C[0m
[00:01:20.264,526] [1;31m<err> analog_axis_hires: Could not setup channel #1 (-5)[0m
[00:01:20.272,277] [1;31m<err> ads1220: config2 mismatch! 0x10 != 0x00[0m
[00:01:20.272,399] [1;31m<err> ads1220: config2 mismatch! 0x15 != 0x00[0m
[00:01:20.272,521] [1;31m<err> ads1220: config0 mismatch! 0x3C != 0x1C[0m
[00:01:20.272,521] [1;31m<err> analog_axis_hires: Could not setup channel #1 (-5)[0m
[00:01:20.280,242] [1;31m<err> ads1220: config2 mismatch! 0x10 != 0x00[0m
[00:01:20.280,395] [1;31m<err> ads1220: config2 mismatch! 0x15 != 0x00[0m
[00:01:20.280,548] [1;31m<err> ads1220: config0 mismatch! 0x3C != 0x1C[0m
[00:01:20.280,548] [1;31m<err> analog_axis_hires: Could not setup channel #1 (-5)[0m
[00:01:20.288,299] [1;31m<err> ads1220: config2 mismatch! 0x10 != 0x00[0m
[00:01:20.288,421] [1;31m<err> ads1220: config2 mismatch! 0x15 != 0x00[0m
[00:01:20.288,574] [1;31m<err> ads1220: config0 mismatch! 0x3C != 0x1C[0m
[00:01:20.288,604] [1;31m<err> analog_axis_hires: Could not setup channel #1 (-5)[0m
[00:01:20.296,356] [1;31m<err> ads1220: config2 mismatch! 0x10 != 0x00[0m
[00:01:20.296,478] [1;31m<err> ads1220: config2 mismatch! 0x15 != 0x00[0m
[00:01:20.296,600] [1;31m<err> ads1220: config0 mismatch! 0x3C != 0x1C[0m
[00:01:20.296,600] [1;31m<err> analog_axis_hires: Could not setup channel #1 (-5)[0m
[00:01:20.304,321] [1;31m<err> ads1220: config2 mismatch! 0x10 != 0x00[0m
[00:01:20.304,473] [1;31m<err> ads1220: config2 mismatch! 0x15 != 0x00[0m
[00:01:20.304,626] [1;31m<err> ads1220: config0 mismatch! 0x3C != 0x1C[0m
[00:01:20.304,626] [1;31m<err> analog_axis_hires: Could not setup channel #1 (-5)[0m
[00:01:20.312,377] [1;31m<err> ads1220: config2 mismatch! 0x10 != 0x00[0m
[00:01:20.312,500] [1;31m<err> ads1220: config2 mismatch! 0x15 != 0x00[0m
[00:01:20.312,652] [1;31m<err> ads1220: config0 mismatch! 0x3C != 0x1C[0m
[00:01:20.312,683] [1;31m<err> analog_axis_hires: Could not setup channel #1 (-5)[0m
[00:01:20.320,434] [1;31m<err> ads1220: config2 mismatch! 0x10 != 0x00[0m
[00:01:20.320,556] [1;31m<err> ads1220: config2 mismatch! 0x15 != 0x00[0m
[00:01:20.320,678] [1;31m<err> ads1220: config0 mismatch! 0x3C != 0x1C[0m
[00:01:20.320,678] [1;31m<err> analog_axis_hires: Could not setup channel #1 (-5)[0m
[00:01:20.328,399] [1;31m<err> ads1220: config2 mismatch! 0x10 != 0x00[0m
[00:01:20.328,552] [1;31m<err> ads1220: config2 mismatch! 0x15 != 0x00[0m
[00:01:20.328,704] [1;31m<err> ads1220: config0 mismatch! 0x3C != 0x1C[0m
[00:01:20.328,704] [1;31m<err> analog_axis_hires: Could not setup channel #1 (-5)[0m
[00:01:20.336,456] [1;31m<err> ads1220: config2 mismatch! 0x10 != 0x00[0m
[00:01:20.336,578] [1;31m<err> ads1220: config2 mismatch! 0x15 != 0x00[0m
[00:01:20.336,730] [1;31m<err> ads1220: config0 mismatch! 0x3C != 0x1C[0m
[00:01:20.336,761] [1;31m<err> analog_axis_hires: Could not setup channel #1 (-5)[0m
[00:01:20.344,482] [1;31m<err> ads1220: config2 mismatch! 0x10 != 0x00[0m
[00:01:20.344,635] [1;31m<err> ads1220: config2 mismatch! 0x15 != 0x00[0m
[00:01:20.344,757] [1;31m<err> ads1220: config0 mismatch! 0x3C != 0x1C[0m
[00:01:20.344,757] [1;31m<err> analog_axis_hires: Could not setup channel #1 (-5)[0m
[00:01:20.352,478] [1;31m<err> ads1220: config2 mismatch! 0x10 != 0x00[0m
[00:01:20.352,630] [1;31m<err> ads1220: config2 mismatch! 0x15 != 0x00[0m
[00:01:20.352,783] [1;31m<err> ads1220: config0 mismatch! 0x3C != 0x1C[0m
[00:01:20.352,783] [1;31m<err> analog_axis_hires: Could not setup channel #1 (-5)[0m
[00:01:20.360,534] [1;31m<err> ads1220: config2 mismatch! 0x10 != 0x00[0m
[00:01:20.360,656] [1;31m<err> ads1220: config2 mismatch! 0x15 != 0x00[0m
[00:01:20.360,809] [1;31m<err> ads1220: config0 mismatch! 0x3C != 0x1C[0m
[00:01:20.360,839] [1;31m<err> analog_axis_hires: Could not setup channel #1 (-5)[0m
[00:01:20.368,591] [1;31m<err> ads1220: config2 mismatch! 0x10 != 0x00[0m
[00:01:20.368,713] [1;31m<err> ads1220: config2 mismatch! 0x15 != 0x00[0m
[00:01:20.368,835] [1;31m<err> ads1220: config0 mismatch! 0x3C != 0x1C[0m
[00:01:20.368,865] [1;31m<err> analog_axis_hires: Could not setup channel #1 (-5)[0m
[00:01:20.376,556] [1;31m<err> ads1220: config2 mismatch! 0x10 != 0x00[0m
[00:01:20.376,708] [1;31m<err> ads1220: config2 mismatch! 0x15 != 0x00[0m
[00:01:20.376,861] [1;31m<err> ads1220: config0 mismatch! 0x3C != 0x1C[0m
[00:01:20.376,861] [1;31m<err> analog_axis_hires: Could not setup channel #1 (-5)[0m
[00:01:20.384,613] [1;31m<err> ads1220: config2 mismatch! 0x10 != 0x00[0m
[00:01:20.384,735] [1;31m<err> ads1220: config2 mismatch! 0x15 != 0x00[0m
[00:01:20.384,887] [1;31m<err> ads1220: config0 mismatch! 0x3C != 0x1C[0m
[00:01:20.384,918] [1;31m<err> analog_axis_hires: Could not setup channel #1 (-5)[0m
[00:01:20.392,669] [1;31m<err> ads1220: config2 mismatch! 0x10 != 0x00[0m
[00:01:20.392,791] [1;31m<err> ads1220: config2 mismatch! 0x15 != 0x00[0m
[00:01:20.392,944] [1;31m<err> ads1220: config0 mismatch! 0x3C != 0x1C[0m
[00:01:20.392,944] [1;31m<err> analog_axis_hires: Could not setup channel #1 (-5)[0m
[00:01:20.400,634] [1;31m<err> ads1220: config2 mismatch! 0x10 != 0x00[0m
[00:01:20.400,787] [1;31m<err> ads1220: config2 mismatch! 0x15 != 0x00[0m
[00:01:20.400,939] [1;31m<err> ads1220: config0 mismatch! 0x3C != 0x1C[0m
[00:01:20.400,939] [1;31m<err> analog_axis_hires: Could not setup channel #1 (-5)[0m
[00:01:20.408,691] [1;31m<err> ads1220: config2 mismatch! 0x10 != 0x00[0m
[00:01:20.408,813] [1;31m<err> ads1220: config2 mismatch! 0x15 != 0x00[0m
[00:01:20.408,966] [1;31m<err> ads1220: config0 mismatch! 0x3C != 0x1C[0m
[00:01:20.408,996] [1;31m<err> analog_axis_hires: Could not setup channel #1 (-5)[0m
[00:01:20.416,748] [1;31m<err> ads1220: config2 mismatch! 0x10 != 0x00[0m
[00:01:20.416,870] [1;31m<err> ads1220: config2 mismatch! 0x15 != 0x00[0m
[00:01:20.416,992] [1;31m<err> ads1220: config0 mismatch! 0x3C != 0x1C[0m
[00:01:20.417,022] [1;31m<err> analog_axis_hires: Could not setup channel #1 (-5)[0m
[00:01:20.424,713] [1;31m<err> ads1220: config2 mismatch! 0x10 != 0x00[0m
[00:01:20.424,865] [1;31m<err> ads1220: config2 mismatch! 0x15 != 0x00[0m
[00:01:20.425,018] [1;31m<err> ads1220: config0 mismatch! 0x3C != 0x1C[0m
[00:01:20.425,018] [1;31m<err> analog_axis_hires: Could not setup channel #1 (-5)[0m
[00:01:20.432,769] [1;31m<err> ads1220: config2 mismatch! 0x10 != 0x00[0m
[00:01:20.432,891] [1;31m<err> ads1220: config2 mismatch! 0x15 != 0x00[0m
[00:01:20.433,044] [1;31m<err> ads1220: config0 mismatch! 0x3C != 0x1C[0m
[00:01:20.433,074] [1;31m<err> analog_axis_hires: Could not setup channel #1 (-5)[0m
[00:01:20.440,826] [1;31m<err> ads1220: config2 mismatch! 0x10 != 0x00[0m
[00:01:20.440,948] [1;31m<err> ads1220: config2 mismatch! 0x15 != 0x00[0m
[00:01:20.441,070] [1;31m<err> ads1220: config0 mismatch! 0x3C != 0x1C[0m
[00:01:20.441,101] [1;31m<err> analog_axis_hires: Could not setup channel #1 (-5)[0m
[00:01:20.448,791] [1;31m<err> ads1220: config2 mismatch! 0x10 != 0x00[0m
[00:01:20.448,944] [1;31m<err> ads1220: config2 mismatch! 0x15 != 0x00[0m
[00:01:20.449,096] [1;31m<err> ads1220: config0 mismatch! 0x3C != 0x1C[0m
[00:01:20.449,096] [1;31m<err> analog_axis_hires: Could not setup channel #1 (-5)[0m
[00:01:20.456,848] [1;31m<err> ads1220: config2 mismatch! 0x10 != 0x00[0m
[00:01:20.456,970] [1;31m<err> ads1220: config2 mismatch! 0x15 != 0x00[0m
[00:01:20.457,122] [1;31m<err> ads1220: config0 mismatch! 0x3C != 0x1C[0m
[00:01:20.457,153] [1;31m<err> analog_axis_hires: Could not setup channel #1 (-5)[0m
[00:01:20.464,904] [1;31m<err> ads1220: config2 mismatch! 0x10 != 0x00[0m
[00:01:20.465,026] [1;31m<err> ads1220: config2 mismatch! 0x15 != 0x00[0m
[00:01:20.465,148] [1;31m<err> ads1220: config0 mismatch! 0x3C != 0x1C[0m
[00:01:20.465,148] [1;31m<err> analog_axis_hires: Could not setup channel #1 (-5)[0m
[00:01:20.472,869] [1;31m<err> ads1220: config2 mismatch! 0x10 != 0x00[0m
[00:01:20.473,022] [1;31m<err> ads1220: config2 mismatch! 0x15 != 0x00[0m
[00:01:20.473,175] [1;31m<err> ads1220: config0 mismatch! 0x3C != 0x1C[0m
[00:01:20.473,175] [1;31m<err> analog_axis_hires: Could not setup channel #1 (-5)[0m
[00:01:20.480,926] [1;31m<err> ads1220: config2 mismatch! 0x10 != 0x00[0m
[00:01:20.481,048] [1;31m<err> ads1220: config2 mismatch! 0x15 != 0x00[0m
[00:01:20.481,201] [1;31m<err> ads1220: config0 mismatch! 0x3C != 0x1C[0m
[00:01:20.481,231] [1;31m<err> analog_axis_hires: Could not setup channel #1 (-5)[0m
[00:01:20.488,983] [1;31m<err> ads1220: config2 mismatch! 0x10 != 0x00[0m
[00:01:20.489,105] [1;31m<err> ads1220: config2 mismatch! 0x15 != 0x00[0m
[00:01:20.489,227] [1;31m<err> ads1220: config0 mismatch! 0x3C != 0x1C[0m
[00:01:20.489,227] [1;31m<err> analog_axis_hires: Could not setup channel #1 (-5)[0m
[00:01:20.496,948] [1;31m<err> ads1220: config2 mismatch! 0x10 != 0x00[0m
[00:01:20.497,100] [1;31m<err> ads1220: config2 mismatch! 0x15 != 0x00[0m
[00:01:20.497,253] [1;31m<err> ads1220: config0 mismatch! 0x3C != 0x1C[0m
[00:01:20.497,253] [1;31m<err> analog_axis_hires: Could not setup channel #1 (-5)[0m
[00:01:20.505,004] [1;31m<err> ads1220: config2 mismatch! 0x10 != 0x00[0m
[00:01:20.505,126] [1;31m<err> ads1220: config2 mismatch! 0x15 != 0x00[0m
[00:01:20.505,279] [1;31m<err> ads1220: config0 mismatch! 0x3C != 0x1C[0m
[00:01:20.505,310] [1;31m<err> analog_axis_hires: Could not setup channel #1 (-5)[0m
[00:01:20.513,061] [1;31m<err> ads1220: config2 mismatch! 0x10 != 0x00[0m
[00:01:20.513,183] [1;31m<err> ads1220: config2 mismatch! 0x15 != 0x00[0m
[00:01:20.513,305] [1;31m<err> ads1220: config0 mismatch! 0x3C != 0x1C[0m
[00:01:20.513,336] [1;31m<err> analog_axis_hires: Could not setup channel #1 (-5)[0m
[00:01:20.521,026] [1;31m<err> ads1220: config2 mismatch! 0x10 != 0x00[0m
[00:01:20.521,179] [1;31m<err> ads1220: config2 mismatch! 0x15 != 0x00[0m
[00:01:20.521,331] [1;31m<err> ads1220: config0 mismatch! 0x3C != 0x1C[0m
[00:01:20.521,331] [1;31m<err> analog_axis_hires: Could not setup channel #1 (-5)[0m
[00:01:20.529,083] [1;31m<err> ads1220: config2 mismatch! 0x10 != 0x00[0m
[00:01:20.529,205] [1;31m<err> ads1220: config2 mismatch! 0x15 != 0x00[0m
[00:01:20.529,357] [1;31m<err> ads1220: config0 mismatch! 0x3C != 0x1C[0m
[00:01:20.529,388] [1;31m<err> analog_axis_hires: Could not setup channel #1 (-5)[0m
[00:01:20.537,139] [1;31m<err> ads1220: config2 mismatch! 0x10 != 0x00[0m
[00:01:20.537,261] [1;31m<err> ads1220: config2 mismatch! 0x15 != 0x00[0m
[00:01:20.537,384] [1;31m<err> ads1220: config0 mismatch! 0x3C != 0x1C[0m
[00:01:20.537,384] [1;31m<err> analog_axis_hires: Could not setup channel #1 (-5)[0m
[00:01:20.545,104] [1;31m<err> ads1220: config2 mismatch! 0x10 != 0x00[0m
[00:01:20.545,257] [1;31m<err> ads1220: config2 mismatch! 0x15 != 0x00[0m
[00:01:20.545,410] [1;31m<err> ads1220: config0 mismatch! 0x3C != 0x1C[0m
[00:01:20.545,410] [1;31m<err> analog_axis_hires: Could not setup channel #1 (-5)[0m
[00:01:20.553,161] [1;31m<err> ads1220: config2 mismatch! 0x10 != 0x00[0m
[00:01:20.553,283] [1;31m<err> ads1220: config2 mismatch! 0x15 != 0x00[0m
[00:01:20.553,436] [1;31m<err> ads1220: config0 mismatch! 0x3C != 0x1C[0m
[00:01:20.553,466] [1;31m<err> analog_axis_hires: Could not setup channel #1 (-5)[0m
[00:01:20.561,218] [1;31m<err> ads1220: config2 mismatch! 0x10 != 0x00[0m
[00:01:20.561,340] [1;31m<err> ads1220: config2 mismatch! 0x15 != 0x00[0m
[00:01:20.561,462] [1;31m<err> ads1220: config0 mismatch! 0x3C != 0x1C[0m
[00:01:20.561,462] [1;31m<err> analog_axis_hires: Could not setup channel #1 (-5)[0m
[00:01:20.569,183] [1;31m<err> ads1220: config2 mismatch! 0x10 != 0x00[0m
[00:01:20.569,335] [1;31m<err> ads1220: config2 mismatch! 0x15 != 0x00[0m
[00:01:20.569,488] [1;31m<err> ads1220: config0 mismatch! 0x3C != 0x1C[0m
[00:01:20.569,488] [1;31m<err> analog_axis_hires: Could not setup channel #1 (-5)[0m
[00:01:20.577,239] [1;31m<err> ads1220: config2 mismatch! 0x10 != 0x00[0m
[00:01:20.577,362] [1;31m<err> ads1220: config2 mismatch! 0x15 != 0x00[0m
[00:01:20.577,514] [1;31m<err> ads1220: config0 mismatch! 0x3C != 0x1C[0m
[00:01:20.577,545] [1;31m<err> analog_axis_hires: Could not setup channel #1 (-5)[0m
[00:01:20.585,266] [1;31m<err> ads1220: config2 mismatch! 0x10 != 0x00[0m
[00:01:20.585,418] [1;31m<err> ads1220: config2 mismatch! 0x15 != 0x00[0m
[00:01:20.585,540] [1;31m<err> ads1220: config0 mismatch! 0x3C != 0x1C[0m
[00:01:20.585,540] [1;31m<err> analog_axis_hires: Could not setup channel #1 (-5)[0m
[00:01:20.593,261] [1;31m<err> ads1220: config2 mismatch! 0x10 != 0x00[0m
[00:01:20.593,414] [1;31m<err> ads1220: config2 mismatch! 0x15 != 0x00[0m
[00:01:20.593,566] [1;31m<err> ads1220: config0 mismatch! 0x3C != 0x1C[0m
[00:01:20.593,566] [1;31m<err> analog_axis_hires: Could not setup channel #1 (-5)[0m
[00:01:20.601,318] [1;31m<err> ads1220: config2 mismatch! 0x10 != 0x00[0m
[00:01:20.601,440] [1;31m<err> ads1220: config2 mismatch! 0x15 != 0x00[0m
[00:01:20.601,593] [1;31m<err> ads1220: config0 mismatch! 0x3C != 0x1C[0m
[00:01:20.601,623] [1;31m<err> analog_axis_hires: Could not setup channel #1 (-5)[0m
[00:01:20.609,344] [1;31m<err> ads1220: config2 mismatch! 0x10 != 0x00[0m
[00:01:20.609,466] [1;31m<err> ads1220: config2 mismatch! 0x15 != 0x00[0m
[00:01:20.609,619] [1;31m<err> ads1220: config0 mismatch! 0x3C != 0x1C[0m
[00:01:20.609,619] [1;31m<err> analog_axis_hires: Could not setup channel #1 (-5)[0m
[00:01:20.617,370] [1;31m<err> ads1220: config2 mismatch! 0x10 != 0x00[0m
[00:01:20.617,523] [1;31m<err> ads1220: config2 mismatch! 0x15 != 0x00[0m
[00:01:20.617,675] [1;31m<err> ads1220: config0 mismatch! 0x3C != 0x1C[0m
[00:01:20.617,675] [1;31m<err> analog_axis_hires: Could not setup channel #1 (-5)[0m
[00:01:20.625,396] [1;31m<err> ads1220: config2 mismatch! 0x10 != 0x00[0m
[00:01:20.625,518] [1;31m<err> ads1220: config2 mismatch! 0x15 != 0x00[0m
[00:01:20.625,671] [1;31m<err> ads1220: config0 mismatch! 0x3C != 0x1C[0m
[00:01:20.625,701] [1;31m<err> analog_axis_hires: Could not setup channel #1 (-5)[0m
[00:01:20.633,422] [1;31m<err> ads1220: config2 mismatch! 0x10 != 0x00[0m
[00:01:20.633,575] [1;31m<err> ads1220: config2 mismatch! 0x15 != 0x00[0m
[00:01:20.633,697] [1;31m<err> ads1220: config0 mismatch! 0x3C != 0x1C[0m
[00:01:20.633,697] [1;31m<err> analog_axis_hires: Could not setup channel #1 (-5)[0m
[00:01:20.641,418] [1;31m<err> ads1220: config2 mismatch! 0x10 != 0x00[0m
[00:01:20.641,571] [1;31m<err> ads1220: config2 mismatch! 0x15 != 0x00[0m
[00:01:20.641,723] [1;31m<err> ads1220: config0 mismatch! 0x3C != 0x1C[0m
[00:01:20.641,723] [1;31m<err> analog_axis_hires: Could not setup channel #1 (-5)[0m
[00:01:20.649,475] [1;31m<err> ads1220: config2 mismatch! 0x10 != 0x00[0m
[00:01:20.649,597] [1;31m<err> ads1220: config2 mismatch! 0x15 != 0x00[0m
[00:01:20.649,749] [1;31m<err> ads1220: config0 mismatch! 0x3C != 0x1C[0m
[00:01:20.649,780] [1;31m<err> analog_axis_hires: Could not setup channel #1 (-5)[0m
[00:01:20.657,531] [1;31m<err> ads1220: config2 mismatch! 0x10 != 0x00[0m
[00:01:20.657,653] [1;31m<err> ads1220: config2 mismatch! 0x15 != 0x00[0m
[00:01:20.657,806] [1;31m<err> ads1220: config0 mismatch! 0x3C != 0x1C[0m
[00:01:20.657,806] [1;31m<err> analog_axis_hires: Could not setup channel #1 (-5)[0m
[00:01:20.665,496] [1;31m<err> ads1220: config2 mismatch! 0x10 != 0x00[0m
[00:01:20.665,649] [1;31m<err> ads1220: config2 mismatch! 0x15 != 0x00[0m
[00:01:20.665,802] [1;31m<err> ads1220: config0 mismatch! 0x3C != 0x1C[0m
[00:01:20.665,802] [1;31m<err> analog_axis_hires: Could not setup channel #1 (-5)[0m
[00:01:20.673,553] [1;31m<err> ads1220: config2 mismatch! 0x10 != 0x00[0m
[00:01:20.673,675] [1;31m<err> ads1220: config2 mismatch! 0x15 != 0x00[0m
[00:01:20.673,828] [1;31m<err> ads1220: config0 mismatch! 0x3C != 0x1C[0m
[00:01:20.673,858] [1;31m<err> analog_axis_hires: Could not setup channel #1 (-5)[0m
[00:01:20.681,610] [1;31m<err> ads1220: config2 mismatch! 0x10 != 0x00[0m
[00:01:20.681,732] [1;31m<err> ads1220: config2 mismatch! 0x15 != 0x00[0m
[00:01:20.681,884] [1;31m<err> ads1220: config0 mismatch! 0x3C != 0x1C[0m
[00:01:20.681,884] [1;31m<err> analog_axis_hires: Could not setup channel #1 (-5)[0m
[00:01:20.689,575] [1;31m<err> ads1220: config2 mismatch! 0x10 != 0x00[0m
[00:01:20.689,727] [1;31m<err> ads1220: config2 mismatch! 0x15 != 0x00[0m
[00:01:20.689,880] [1;31m<err> ads1220: config0 mismatch! 0x3C != 0x1C[0m
[00:01:20.689,880] [1;31m<err> analog_axis_hires: Could not setup channel #1 (-5)[0m
[00:01:20.697,631] [1;31m<err> ads1220: config2 mismatch! 0x10 != 0x00[0m
[00:01:20.697,753] [1;31m<err> ads1220: config2 mismatch! 0x15 != 0x00[0m
[00:01:20.697,906] [1;31m<err> ads1220: config0 mismatch! 0x3C != 0x1C[0m
[00:01:20.697,937] [1;31m<err> analog_axis_hires: Could not setup channel #1 (-5)[0m
[00:01:20.705,688] [1;31m<err> ads1220: config2 mismatch! 0x10 != 0x00[0m
[00:01:20.705,810] [1;31m<err> ads1220: config2 mismatch! 0x15 != 0x00[0m
[00:01:20.705,932] [1;31m<err> ads1220: config0 mismatch! 0x3C != 0x1C[0m
[00:01:20.705,963] [1;31m<err> analog_axis_hires: Could not setup channel #1 (-5)[0m
[00:01:20.713,653] [1;31m<err> ads1220: config2 mismatch! 0x10 != 0x00[0m
[00:01:20.713,806] [1;31m<err> ads1220: config2 mismatch! 0x15 != 0x00[0m
[00:01:20.713,958] [1;31m<err> ads1220: config0 mismatch! 0x3C != 0x1C[0m
[00:01:20.713,958] [1;31m<err> analog_axis_hires: Could not setup channel #1 (-5)[0m
[00:01:20.721,710] [1;31m<err> ads1220: config2 mismatch! 0x10 != 0x00[0m
[00:01:20.721,832] [1;31m<err> ads1220: config2 mismatch! 0x15 != 0x00[0m
[00:01:20.721,984] [1;31m<err> ads1220: config0 mismatch! 0x3C != 0x1C[0m
[00:01:20.722,015] [1;31m<err> analog_axis_hires: Could not setup channel #1 (-5)[0m
[00:01:20.729,766] [1;31m<err> ads1220: config2 mismatch! 0x10 != 0x00[0m
[00:01:20.729,888] [1;31m<err> ads1220: config2 mismatch! 0x15 != 0x00[0m
[00:01:20.730,010] [1;31m<err> ads1220: config0 mismatch! 0x3C != 0x1C[0m
[00:01:20.730,041] [1;31m<err> analog_axis_hires: Could not setup channel #1 (-5)[0m
[00:01:20.737,731] [1;31m<err> ads1220: config2 mismatch! 0x10 != 0x00[0m
[00:01:20.737,884] [1;31m<err> ads1220: config2 mismatch! 0x15 != 0x00[0m
[00:01:20.738,037] [1;31m<err> ads1220: config0 mismatch! 0x3C != 0x1C[0m
[00:01:20.738,037] [1;31m<err> analog_axis_hires: Could not setup channel #1 (-5)[0m
[00:01:20.745,788] [1;31m<err> ads1220: config2 mismatch! 0x10 != 0x00[0m
[00:01:20.745,910] [1;31m<err> ads1220: config2 mismatch! 0x15 != 0x00[0m
[00:01:20.746,063] [1;31m<err> ads1220: config0 mismatch! 0x3C != 0x1C[0m
[00:01:20.746,093] [1;31m<err> analog_axis_hires: Could not setup channel #1 (-5)[0m
[00:01:20.753,845] [1;31m<err> ads1220: config2 mismatch! 0x10 != 0x00[0m
[00:01:20.753,967] [1;31m<err> ads1220: config2 mismatch! 0x15 != 0x00[0m
[00:01:20.754,119] [1;31m<err> ads1220: config0 mismatch! 0x3C != 0x1C[0m
[00:01:20.754,119] [1;31m<err> analog_axis_hires: Could not setup channel #1 (-5)[0m
[00:01:20.761,810] [1;31m<err> ads1220: config2 mismatch! 0x10 != 0x00[0m
[00:01:20.761,962] [1;31m<err> ads1220: config2 mismatch! 0x15 != 0x00[0m
[00:01:20.762,115] [1;31m<err> ads1220: config0 mismatch! 0x3C != 0x1C[0m
[00:01:20.762,115] [1;31m<err> analog_axis_hires: Could not setup channel #1 (-5)[0m
[00:01:20.769,866] [1;31m<err> ads1220: config2 mismatch! 0x10 != 0x00[0m
[00:01:20.769,989] [1;31m<err> ads1220: config2 mismatch! 0x15 != 0x00[0m
[00:01:20.770,141] [1;31m<err> ads1220: config0 mismatch! 0x3C != 0x1C[0m
[00:01:20.770,172] [1;31m<err> analog_axis_hires: Could not setup channel #1 (-5)[0m
[00:01:20.777,923] [1;31m<err> ads1220: config2 mismatch! 0x10 != 0x00[0m
[00:01:20.778,045] [1;31m<err> ads1220: config2 mismatch! 0x15 != 0x00[0m
[00:01:20.778,167] [1;31m<err> ads1220: config0 mismatch! 0x3C != 0x1C[0m
[00:01:20.778,167] [1;31m<err> analog_axis_hires: Could not setup channel #1 (-5)[0m
[00:01:20.785,888] [1;31m<err> ads1220: config2 mismatch! 0x10 != 0x00[0m
[00:01:20.786,041] [1;31m<err> ads1220: config2 mismatch! 0x15 != 0x00[0m
[00:01:20.786,193] [1;31m<err> ads1220: config0 mismatch! 0x3C != 0x1C[0m
[00:01:20.786,193] [1;31m<err> analog_axis_hires: Could not setup channel #1 (-5)[0m
[00:01:20.793,945] [1;31m<err> ads1220: config2 mismatch! 0x10 != 0x00[0m
[00:01:20.794,067] [1;31m<err> ads1220: config2 mismatch! 0x15 != 0x00[0m
[00:01:20.794,219] [1;31m<err> ads1220: config0 mismatch! 0x3C != 0x1C[0m
[00:01:20.794,250] [1;31m<err> analog_axis_hires: Could not setup channel #1 (-5)[0m
[00:01:20.802,001] [1;31m<err> ads1220: config2 mismatch! 0x10 != 0x00[0m
[00:01:20.802,124] [1;31m<err> ads1220: config2 mismatch! 0x15 != 0x00[0m
[00:01:20.802,246] [1;31m<err> ads1220: config0 mismatch! 0x3C != 0x1C[0m
[00:01:20.802,276] [1;31m<err> analog_axis_hires: Could not setup channel #1 (-5)[0m
[00:01:20.809,967] [1;31m<err> ads1220: config2 mismatch! 0x10 != 0x00[0m
[00:01:20.810,119] [1;31m<err> ads1220: config2 mismatch! 0x15 != 0x00[0m
[00:01:20.810,272] [1;31m<err> ads1220: config0 mismatch! 0x3C != 0x1C[0m
[00:01:20.810,272] [1;31m<err> analog_axis_hires: Could not setup channel #1 (-5)[0m
[00:01:20.818,023] [1;31m<err> ads1220: config2 mismatch! 0x10 != 0x00[0m
[00:01:20.818,145] [1;31m<err> ads1220: config2 mismatch! 0x15 != 0x00[0m
[00:01:20.818,298] [1;31m<err> ads1220: config0 mismatch! 0x3C != 0x1C[0m
[00:01:20.818,328] [1;31m<err> analog_axis_hires: Could not setup channel #1 (-5)[0m
[00:01:20.826,019] [1;31m<err> ads1220: config2 mismatch! 0x10 != 0x00[0m
[00:01:20.826,141] [1;31m<err> ads1220: config2 mismatch! 0x15 != 0x00[0m
[00:01:20.826,263] [1;31m<err> ads1220: config0 mismatch! 0x3C != 0x1C[0m
[00:01:20.826,293] [1;31m<err> analog_axis_hires: Could not setup channel #1 (-5)[0m
[00:01:20.834,045] [1;31m<err> ads1220: config2 mismatch! 0x10 != 0x00[0m
[00:01:20.834,197] [1;31m<err> ads1220: config2 mismatch! 0x15 != 0x00[0m
[00:01:20.834,350] [1;31m<err> ads1220: config0 mismatch! 0x3C != 0x1C[0m
[00:01:20.834,350] [1;31m<err> analog_axis_hires: Could not setup channel #1 (-5)[0m
[00:01:20.842,102] [1;31m<err> ads1220: config2 mismatch! 0x10 != 0x00[0m
[00:01:20.842,224] [1;31m<err> ads1220: config2 mismatch! 0x15 != 0x00[0m
[00:01:20.842,376] [1;31m<err> ads1220: config0 mismatch! 0x3C != 0x1C[0m
[00:01:20.842,407] [1;31m<err> analog_axis_hires: Could not setup channel #1 (-5)[0m
[00:01:20.850,128] [1;31m<err> ads1220: config2 mismatch! 0x10 != 0x00[0m
[00:01:20.850,280] [1;31m<err> ads1220: config2 mismatch! 0x15 != 0x00[0m
[00:01:20.850,402] [1;31m<err> ads1220: config0 mismatch! 0x3C != 0x1C[0m
[00:01:20.850,402] [1;31m<err> analog_axis_hires: Could not setup channel #1 (-5)[0m
[00:01:20.858,123] [1;31m<err> ads1220: config2 mismatch! 0x10 != 0x00[0m
[00:01:20.858,276] [1;31m<err> ads1220: config2 mismatch! 0x15 != 0x00[0m
[00:01:20.858,428] [1;31m<err> ads1220: config0 mismatch! 0x3C != 0x1C[0m
[00:01:20.858,428] [1;31m<err> analog_axis_hires: Could not setup channel #1 (-5)[0m
[00:01:20.866,180] [1;31m<err> ads1220: config2 mismatch! 0x10 != 0x00[0m
[00:01:20.866,302] [1;31m<err> ads1220: config2 mismatch! 0x15 != 0x00[0m
[00:01:20.866,455] [1;31m<err> ads1220: config0 mismatch! 0x3C != 0x1C[0m
[00:01:20.866,485] [1;31m<err> analog_axis_hires: Could not setup channel #1 (-5)[0m
[00:01:20.874,206] [1;31m<err> ads1220: config2 mismatch! 0x10 != 0x00[0m
[00:01:20.874,359] [1;31m<err> ads1220: config2 mismatch! 0x15 != 0x00[0m
[00:01:20.874,481] [1;31m<err> ads1220: config0 mismatch! 0x3C != 0x1C[0m
[00:01:20.874,481] [1;31m<err> analog_axis_hires: Could not setup channel #1 (-5)[0m
[00:01:20.882,202] [1;31m<err> ads1220: config2 mismatch! 0x10 != 0x00[0m
[00:01:20.882,354] [1;31m<err> ads1220: config2 mismatch! 0x15 != 0x00[0m
[00:01:20.882,507] [1;31m<err> ads1220: config0 mismatch! 0x3C != 0x1C[0m
[00:01:20.882,507] [1;31m<err> analog_axis_hires: Could not setup channel #1 (-5)[0m
[00:01:20.890,258] [1;31m<err> ads1220: config2 mismatch! 0x10 != 0x00[0m
[00:01:20.890,380] [1;31m<err> ads1220: config2 mismatch! 0x15 != 0x00[0m
[00:01:20.890,533] [1;31m<err> ads1220: config0 mismatch! 0x3C != 0x1C[0m
[00:01:20.890,563] [1;31m<err> analog_axis_hires: Could not setup channel #1 (-5)[0m
[00:01:20.898,284] [1;31m<err> ads1220: config2 mismatch! 0x10 != 0x00[0m
[00:01:20.898,437] [1;31m<err> ads1220: config2 mismatch! 0x15 != 0x00[0m
[00:01:20.898,559] [1;31m<err> ads1220: config0 mismatch! 0x3C != 0x1C[0m
[00:01:20.898,559] [1;31m<err> analog_axis_hires: Could not setup channel #1 (-5)[0m
[00:01:20.906,280] [1;31m<err> ads1220: config2 mismatch! 0x10 != 0x00[0m
[00:01:20.906,433] [1;31m<err> ads1220: config2 mismatch! 0x15 != 0x00[0m
[00:01:20.906,585] [1;31m<err> ads1220: config0 mismatch! 0x3C != 0x1C[0m
[00:01:20.906,585] [1;31m<err> analog_axis_hires: Could not setup channel #1 (-5)[0m
[00:01:20.914,337] [1;31m<err> ads1220: config2 mismatch! 0x10 != 0x00[0m
[00:01:20.914,459] [1;31m<err> ads1220: config2 mismatch! 0x15 != 0x00[0m
[00:01:20.914,611] [1;31m<err> ads1220: config0 mismatch! 0x3C != 0x1C[0m
[00:01:20.914,642] [1;31m<err> analog_axis_hires: Could not setup channel #1 (-5)[0m
[00:01:20.922,393] [1;31m<err> ads1220: config2 mismatch! 0x10 != 0x00[0m
[00:01:20.922,515] [1;31m<err> ads1220: config2 mismatch! 0x15 != 0x00[0m
[00:01:20.922,637] [1;31m<err> ads1220: config0 mismatch! 0x3C != 0x1C[0m
[00:01:20.922,668] [1;31m<err> analog_axis_hires: Could not setup channel #1 (-5)[0m
[00:01:20.930,358] [1;31m<err> ads1220: config2 mismatch! 0x10 != 0x00[0m
[00:01:20.930,511] [1;31m<err> ads1220: config2 mismatch! 0x15 != 0x00[0m
[00:01:20.930,664] [1;31m<err> ads1220: config0 mismatch! 0x3C != 0x1C[0m
[00:01:20.930,664] [1;31m<err> analog_axis_hires: Could not setup channel #1 (-5)[0m
[00:01:20.938,415] [1;31m<err> ads1220: config2 mismatch! 0x10 != 0x00[0m
[00:01:20.938,537] [1;31m<err> ads1220: config2 mismatch! 0x15 != 0x00[0m
[00:01:20.938,690] [1;31m<err> ads1220: config0 mismatch! 0x3C != 0x1C[0m
[00:01:20.938,720] [1;31m<err> analog_axis_hires: Could not setup channel #1 (-5)[0m
[00:01:20.946,472] [1;31m<err> ads1220: config2 mismatch! 0x10 != 0x00[0m
[00:01:20.946,594] [1;31m<err> ads1220: config2 mismatch! 0x15 != 0x00[0m
[00:01:20.946,716] [1;31m<err> ads1220: config0 mismatch! 0x3C != 0x1C[0m
[00:01:20.946,746] [1;31m<err> analog_axis_hires: Could not setup channel #1 (-5)[0m
[00:01:20.954,437] [1;31m<err> ads1220: config2 mismatch! 0x10 != 0x00[0m
[00:01:20.954,589] [1;31m<err> ads1220: config2 mismatch! 0x15 != 0x00[0m
[00:01:20.954,742] [1;31m<err> ads1220: config0 mismatch! 0x3C != 0x1C[0m
[00:01:20.954,742] [1;31m<err> analog_axis_hires: Could not setup channel #1 (-5)[0m
[00:01:20.962,493] [1;31m<err> ads1220: config2 mismatch! 0x10 != 0x00[0m
[00:01:20.962,615] [1;31m<err> ads1220: config2 mismatch! 0x15 != 0x00[0m
[00:01:20.962,768] [1;31m<err> ads1220: config0 mismatch! 0x3C != 0x1C[0m
[00:01:20.962,799] [1;31m<err> analog_axis_hires: Could not setup channel #1 (-5)[0m
[00:01:20.970,550] [1;31m<err> ads1220: config2 mismatch! 0x10 != 0x00[0m
[00:01:20.970,672] [1;31m<err> ads1220: config2 mismatch! 0x15 != 0x00[0m
[00:01:20.970,794] [1;31m<err> ads1220: config0 mismatch! 0x3C != 0x1C[0m
[00:01:20.970,825] [1;31m<err> analog_axis_hires: Could not setup channel #1 (-5)[0m
[00:01:20.978,515] [1;31m<err> ads1220: config2 mismatch! 0x10 != 0x00[0m
[00:01:20.978,668] [1;31m<err> ads1220: config2 mismatch! 0x15 != 0x00[0m
[00:01:20.978,820] [1;31m<err> ads1220: config0 mismatch! 0x3C != 0x1C[0m
[00:01:20.978,820] [1;31m<err> analog_axis_hires: Could not setup channel #1 (-5)[0m
[00:01:20.986,572] [1;31m<err> ads1220: config2 mismatch! 0x10 != 0x00[0m
[00:01:20.986,694] [1;31m<err> ads1220: config2 mismatch! 0x15 != 0x00[0m
[00:01:20.986,846] [1;31m<err> ads1220: config0 mismatch! 0x3C != 0x1C[0m
[00:01:20.986,877] [1;31m<err> analog_axis_hires: Could not setup channel #1 (-5)[0m
[00:01:20.994,628] [1;31m<err> ads1220: config2 mismatch! 0x10 != 0x00[0m
[00:01:20.994,750] [1;31m<err> ads1220: config2 mismatch! 0x15 != 0x00[0m
[00:01:20.994,873] [1;31m<err> ads1220: config0 mismatch! 0x3C != 0x1C[0m
[00:01:20.994,903] [1;31m<err> analog_axis_hires: Could not setup channel #1 (-5)[0m
[00:01:21.002,593] [1;31m<err> ads1220: config2 mismatch! 0x10 != 0x00[0m
[00:01:21.002,746] [1;31m<err> ads1220: config2 mismatch! 0x15 != 0x00[0m
[00:01:21.002,899] [1;31m<err> ads1220: config0 mismatch! 0x3C != 0x1C[0m
[00:01:21.002,899] [1;31m<err> analog_axis_hires: Could not setup channel #1 (-5)[0m
[00:01:21.010,650] [1;31m<err> ads1220: config2 mismatch! 0x10 != 0x00[0m
[00:01:21.010,772] [1;31m<err> ads1220: config2 mismatch! 0x15 != 0x00[0m
[00:01:21.010,925] [1;31m<err> ads1220: config0 mismatch! 0x3C != 0x1C[0m
[00:01:21.010,955] [1;31m<err> analog_axis_hires: Could not setup channel #1 (-5)[0m
[00:01:21.018,707] [1;31m<err> ads1220: config2 mismatch! 0x10 != 0x00[0m
[00:01:21.018,829] [1;31m<err> ads1220: config2 mismatch! 0x15 != 0x00[0m
[00:01:21.018,951] [1;31m<err> ads1220: config0 mismatch! 0x3C != 0x1C[0m
[00:01:21.018,951] [1;31m<err> analog_axis_hires: Could not setup channel #1 (-5)[0m
[00:01:21.026,702] [1;31m<err> ads1220: config2 mismatch! 0x10 != 0x00[0m
[00:01:21.026,855] [1;31m<err> ads1220: config2 mismatch! 0x15 != 0x00[0m
[00:01:21.027,008] [1;31m<err> ads1220: config0 mismatch! 0x3C != 0x1C[0m
[00:01:21.027,008] [1;31m<err> analog_axis_hires: Could not setup channel #1 (-5)[0m
[00:01:21.034,729] [1;31m<err> ads1220: config2 mismatch! 0x10 != 0x00[0m
[00:01:21.034,851] [1;31m<err> ads1220: config2 mismatch! 0x15 != 0x00[0m
[00:01:21.035,003] [1;31m<err> ads1220: config0 mismatch! 0x3C != 0x1C[0m
[00:01:21.035,034] [1;31m<err> analog_axis_hires: Could not setup channel #1 (-5)[0m
[00:01:21.042,785] [1;31m<err> ads1220: config2 mismatch! 0x10 != 0x00[0m
[00:01:21.042,938] [1;31m<err> ads1220: config2 mismatch! 0x15 != 0x00[0m
[00:01:21.043,060] [1;31m<err> ads1220: config0 mismatch! 0x3C != 0x1C[0m
[00:01:21.043,060] [1;31m<err> analog_axis_hires: Could not setup channel #1 (-5)[0m
[00:01:21.050,750] [1;31m<err> ads1220: config2 mismatch! 0x10 != 0x00[0m
[00:01:21.050,903] [1;31m<err> ads1220: config2 mismatch! 0x15 != 0x00[0m
[00:01:21.051,055] [1;31m<err> ads1220: config0 mismatch! 0x3C != 0x1C[0m
[00:01:21.051,055] [1;31m<err> analog_axis_hires: Could not setup channel #1 (-5)[0m
[00:01:21.058,807] [1;31m<err> ads1220: config2 mismatch! 0x10 != 0x00[0m
[00:01:21.058,929] [1;31m<err> ads1220: config2 mismatch! 0x15 != 0x00[0m
[00:01:21.059,082] [1;31m<err> ads1220: config0 mismatch! 0x3C != 0x1C[0m
[00:01:21.059,082] [1;31m<err> analog_axis_hires: Could not setup channel #1 (-5)[0m
[00:01:21.066,864] [1;31m<err> ads1220: config2 mismatch! 0x10 != 0x00[0m
[00:01:21.066,986] [1;31m<err> ads1220: config2 mismatch! 0x15 != 0x00[0m
[00:01:21.067,138] [1;31m<err> ads1220: config0 mismatch! 0x3C != 0x1C[0m
[00:01:21.067,138] [1;31m<err> analog_axis_hires: Could not setup channel #1 (-5)[0m
[00:01:21.074,829] [1;31m<err> ads1220: config2 mismatch! 0x10 != 0x00[0m
[00:01:21.074,981] [1;31m<err> ads1220: config2 mismatch! 0x15 != 0x00[0m
[00:01:21.075,134] [1;31m<err> ads1220: config0 mismatch! 0x3C != 0x1C[0m
[00:01:21.075,134] [1;31m<err> analog_axis_hires: Could not setup channel #1 (-5)[0m
[00:01:21.082,885] [1;31m<err> ads1220: config2 mismatch! 0x10 != 0x00[0m
[00:01:21.083,007] [1;31m<err> ads1220: config2 mismatch! 0x15 != 0x00[0m
[00:01:21.083,160] [1;31m<err> ads1220: config0 mismatch! 0x3C != 0x1C[0m
[00:01:21.083,160] [1;31m<err> analog_axis_hires: Could not setup channel #1 (-5)[0m
[00:01:21.090,911] [1;31m<err> ads1220: config2 mismatch! 0x10 != 0x00[0m
[00:01:21.091,033] [1;31m<err> ads1220: config2 mismatch! 0x15 != 0x00[0m
[00:01:21.091,156] [1;31m<err> ads1220: config0 mismatch! 0x3C != 0x1C[0m
[00:01:21.091,186] [1;31m<err> analog_axis_hires: Could not setup channel #1 (-5)[0m
[00:01:21.098,907] [1;31m<err> ads1220: config2 mismatch! 0x10 != 0x00[0m
[00:01:21.099,060] [1;31m<err> ads1220: config2 mismatch! 0x15 != 0x00[0m
[00:01:21.099,212] [1;31m<err> ads1220: config0 mismatch! 0x3C != 0x1C[0m
[00:01:21.099,212] [1;31m<err> analog_axis_hires: Could not setup channel #1 (-5)[0m
[00:01:21.106,964] [1;31m<err> ads1220: config2 mismatch! 0x10 != 0x00[0m
[00:01:21.107,086] [1;31m<err> ads1220: config2 mismatch! 0x15 != 0x00[0m
[00:01:21.107,238] [1;31m<err> ads1220: config0 mismatch! 0x3C != 0x1C[0m
[00:01:21.107,238] [1;31m<err> analog_axis_hires: Could not setup channel #1 (-5)[0m
[00:01:21.115,020] [1;31m<err> ads1220: config2 mismatch! 0x10 != 0x00[0m
[00:01:21.115,142] [1;31m<err> ads1220: config2 mismatch! 0x15 != 0x00[0m
[00:01:21.115,264] [1;31m<err> ads1220: config0 mismatch! 0x3C != 0x1C[0m
[00:01:21.115,264] [1;31m<err> analog_axis_hires: Could not setup channel #1 (-5)[0m
[00:01:21.123,046] [1;31m<err> ads1220: config2 mismatch! 0x10 != 0x00[0m
[00:01:21.123,168] [1;31m<err> ads1220: config2 mismatch! 0x15 != 0x00[0m
[00:01:21.123,321] [1;31m<err> ads1220: config0 mismatch! 0x3C != 0x1C[0m
[00:01:21.123,321] [1;31m<err> analog_axis_hires: Could not setup channel #1 (-5)[0m
[00:01:21.131,042] [1;31m<err> ads1220: config2 mismatch! 0x10 != 0x00[0m
[00:01:21.131,164] [1;31m<err> ads1220: config2 mismatch! 0x15 != 0x00[0m
[00:01:21.131,317] [1;31m<err> ads1220: config0 mismatch! 0x3C != 0x1C[0m
[00:01:21.131,317] [1;31m<err> analog_axis_hires: Could not setup channel #1 (-5)[0m
[00:01:21.139,068] [1;31m<err> ads1220: config2 mismatch! 0x10 != 0x00[0m
[00:01:21.139,190] [1;31m<err> ads1220: config2 mismatch! 0x15 != 0x00[0m
[00:01:21.139,343] [1;31m<err> ads1220: config0 mismatch! 0x3C != 0x1C[0m
[00:01:21.139,343] [1;31m<err> analog_axis_hires: Could not setup channel #1 (-5)[0m
[00:01:21.147,064] [1;31m<err> ads1220: config2 mismatch! 0x10 != 0x00[0m
[00:01:21.147,216] [1;31m<err> ads1220: config2 mismatch! 0x15 != 0x00[0m
[00:01:21.147,369] [1;31m<err> ads1220: config0 mismatch! 0x3C != 0x1C[0m
[00:01:21.147,369] [1;31m<err> analog_axis_hires: Could not setup channel #1 (-5)[0m
[00:01:21.155,120] [1;31m<err> ads1220: config2 mismatch! 0x10 != 0x00[0m
[00:01:21.155,242] [1;31m<err> ads1220: config2 mismatch! 0x15 != 0x00[0m
[00:01:21.155,395] [1;31m<err> ads1220: config0 mismatch! 0x3C != 0x1C[0m
[00:01:21.155,395] [1;31m<err> analog_axis_hires: Could not setup channel #1 (-5)[0m
[00:01:21.163,146] [1;31m<err> ads1220: config2 mismatch! 0x10 != 0x00[0m
[00:01:21.163,299] [1;31m<err> ads1220: config2 mismatch! 0x15 != 0x00[0m
[00:01:21.163,421] [1;31m<err> ads1220: config0 mismatch! 0x3C != 0x1C[0m
[00:01:21.163,421] [1;31m<err> analog_axis_hires: Could not setup channel #1 (-5)[0m
[00:01:21.171,142] [1;31m<err> ads1220: config2 mismatch! 0x10 != 0x00[0m
[00:01:21.171,295] [1;31m<err> ads1220: config2 mismatch! 0x15 != 0x00[0m
[00:01:21.171,447] [1;31m<err> ads1220: config0 mismatch! 0x3C != 0x1C[0m
[00:01:21.171,447] [1;31m<err> analog_axis_hires: Could not setup channel #1 (-5)[0m
[00:01:21.179,199] [1;31m<err> ads1220: config2 mismatch! 0x10 != 0x00[0m
[00:01:21.179,321] [1;31m<err> ads1220: config2 mismatch! 0x15 != 0x00[0m
[00:01:21.179,473] [1;31m<err> ads1220: config0 mismatch! 0x3C != 0x1C[0m
[00:01:21.179,473] [1;31m<err> analog_axis_hires: Could not setup channel #1 (-5)[0m
[00:01:21.187,225] [1;31m<err> ads1220: config2 mismatch! 0x10 != 0x00[0m
[00:01:21.187,377] [1;31m<err> ads1220: config2 mismatch! 0x15 != 0x00[0m
[00:01:21.187,500] [1;31m<err> ads1220: config0 mismatch! 0x3C != 0x1C[0m
[00:01:21.187,500] [1;31m<err> analog_axis_hires: Could not setup channel #1 (-5)[0m
[00:01:21.195,220] [1;31m<err> ads1220: config2 mismatch! 0x10 != 0x00[0m
[00:01:21.195,373] [1;31m<err> ads1220: config2 mismatch! 0x15 != 0x00[0m
[00:01:21.195,526] [1;31m<err> ads1220: config0 mismatch! 0x3C != 0x1C[0m
[00:01:21.195,526] [1;31m<err> analog_axis_hires: Could not setup channel #1 (-5)[0m
[00:01:21.203,277] [1;31m<err> ads1220: config2 mismatch! 0x10 != 0x00[0m
[00:01:21.203,399] [1;31m<err> ads1220: config2 mismatch! 0x15 != 0x00[0m
[00:01:21.203,552] [1;31m<err> ads1220: config0 mismatch! 0x3C != 0x1C[0m
[00:01:21.203,552] [1;31m<err> analog_axis_hires: Could not setup channel #1 (-5)[0m
[00:01:21.211,334] [1;31m<err> ads1220: config2 mismatch! 0x10 != 0x00[0m
[00:01:21.211,456] [1;31m<err> ads1220: config2 mismatch! 0x15 != 0x00[0m
[00:01:21.211,578] [1;31m<err> ads1220: config0 mismatch! 0x3C != 0x1C[0m
[00:01:21.211,608] [1;31m<err> analog_axis_hires: Could not setup channel #1 (-5)[0m
[00:01:21.219,299] [1;31m<err> ads1220: config2 mismatch! 0x10 != 0x00[0m
[00:01:21.219,451] [1;31m<err> ads1220: config2 mismatch! 0x15 != 0x00[0m
[00:01:21.219,604] [1;31m<err> ads1220: config0 mismatch! 0x3C != 0x1C[0m
[00:01:21.219,604] [1;31m<err> analog_axis_hires: Could not setup channel #1 (-5)[0m
[00:01:21.227,355] [1;31m<err> ads1220: config2 mismatch! 0x10 != 0x00[0m
[00:01:21.227,478] [1;31m<err> ads1220: config2 mismatch! 0x15 != 0x00[0m
[00:01:21.227,630] [1;31m<err> ads1220: config0 mismatch! 0x3C != 0x1C[0m
[00:01:21.227,630] [1;31m<err> analog_axis_hires: Could not setup channel #1 (-5)[0m
[00:01:21.235,412] [1;31m<err> ads1220: config2 mismatch! 0x10 != 0x00[0m
[00:01:21.235,534] [1;31m<err> ads1220: config2 mismatch! 0x15 != 0x00[0m
[00:01:21.235,656] [1;31m<err> ads1220: config0 mismatch! 0x3C != 0x1C[0m
[00:01:21.235,687] [1;31m<err> analog_axis_hires: Could not setup channel #1 (-5)[0m
[00:01:21.243,377] [1;31m<err> ads1220: config2 mismatch! 0x10 != 0x00[0m
[00:01:21.243,530] [1;31m<err> ads1220: config2 mismatch! 0x15 != 0x00[0m
[00:01:21.243,682] [1;31m<err> ads1220: config0 mismatch! 0x3C != 0x1C[0m
[00:01:21.243,682] [1;31m<err> analog_axis_hires: Could not setup channel #1 (-5)[0m
[00:01:21.251,434] [1;31m<err> ads1220: config2 mismatch! 0x10 != 0x00[0m
[00:01:21.251,556] [1;31m<err> ads1220: config2 mismatch! 0x15 != 0x00[0m
[00:01:21.251,708] [1;31m<err> ads1220: config0 mismatch! 0x3C != 0x1C[0m
[00:01:21.251,708] [1;31m<err> analog_axis_hires: Could not setup channel #1 (-5)[0m
[00:01:21.259,490] [1;31m<err> ads1220: config2 mismatch! 0x10 != 0x00[0m
[00:01:21.259,613] [1;31m<err> ads1220: config2 mismatch! 0x15 != 0x00[0m
[00:01:21.259,735] [1;31m<err> ads1220: config0 mismatch! 0x3C != 0x1C[0m
[00:01:21.259,765] [1;31m<err> analog_axis_hires: Could not setup channel #1 (-5)[0m
[00:01:21.267,456] [1;31m<err> ads1220: config2 mismatch! 0x10 != 0x00[0m
[00:01:21.267,608] [1;31m<err> ads1220: config2 mismatch! 0x15 != 0x00[0m
[00:01:21.267,761] [1;31m<err> ads1220: config0 mismatch! 0x3C != 0x1C[0m
[00:01:21.267,761] [1;31m<err> analog_axis_hires: Could not setup channel #1 (-5)[0m
[00:01:21.275,512] [1;31m<err> ads1220: config2 mismatch! 0x10 != 0x00[0m
[00:01:21.275,634] [1;31m<err> ads1220: config2 mismatch! 0x15 != 0x00[0m
[00:01:21.275,787] [1;31m<err> ads1220: config0 mismatch! 0x3C != 0x1C[0m
[00:01:21.275,817] [1;31m<err> analog_axis_hires: Could not setup channel #1 (-5)[0m
[00:01:21.283,569] [1;31m<err> ads1220: config2 mismatch! 0x10 != 0x00[0m
[00:01:21.283,691] [1;31m<err> ads1220: config2 mismatch! 0x15 != 0x00[0m
[00:01:21.283,813] [1;31m<err> ads1220: config0 mismatch! 0x3C != 0x1C[0m
[00:01:21.283,843] [1;31m<err> analog_axis_hires: Could not setup channel #1 (-5)[0m
[00:01:21.291,534] [1;31m<err> ads1220: config2 mismatch! 0x10 != 0x00[0m
[00:01:21.291,687] [1;31m<err> ads1220: config2 mismatch! 0x15 != 0x00[0m
[00:01:21.291,839] [1;31m<err> ads1220: config0 mismatch! 0x3C != 0x1C[0m
[00:01:21.291,839] [1;31m<err> analog_axis_hires: Could not setup channel #1 (-5)[0m
[00:01:21.299,591] [1;31m<err> ads1220: config2 mismatch! 0x10 != 0x00[0m
[00:01:21.299,713] [1;31m<err> ads1220: config2 mismatch! 0x15 != 0x00[0m
[00:01:21.299,865] [1;31m<err> ads1220: config0 mismatch! 0x3C != 0x1C[0m
[00:01:21.299,896] [1;31m<err> analog_axis_hires: Could not setup channel #1 (-5)[0m
[00:01:21.307,647] [1;31m<err> ads1220: config2 mismatch! 0x10 != 0x00[0m
[00:01:21.307,769] [1;31m<err> ads1220: config2 mismatch! 0x15 != 0x00[0m
[00:01:21.307,891] [1;31m<err> ads1220: config0 mismatch! 0x3C != 0x1C[0m
[00:01:21.307,922] [1;31m<err> analog_axis_hires: Could not setup channel #1 (-5)[0m
[00:01:21.315,612] [1;31m<err> ads1220: config2 mismatch! 0x10 != 0x00[0m
[00:01:21.315,765] [1;31m<err> ads1220: config2 mismatch! 0x15 != 0x00[0m
[00:01:21.315,917] [1;31m<err> ads1220: config0 mismatch! 0x3C != 0x1C[0m
[00:01:21.315,917] [1;31m<err> analog_axis_hires: Could not setup channel #1 (-5)[0m
[00:01:21.323,669] [1;31m<err> ads1220: config2 mismatch! 0x10 != 0x00[0m
[00:01:21.323,791] [1;31m<err> ads1220: config2 mismatch! 0x15 != 0x00[0m
[00:01:21.323,944] [1;31m<err> ads1220: config0 mismatch! 0x3C != 0x1C[0m
[00:01:21.323,974] [1;31m<err> analog_axis_hires: Could not setup channel #1 (-5)[0m
[00:01:21.331,726] [1;31m<err> ads1220: config2 mismatch! 0x10 != 0x00[0m
[00:01:21.331,848] [1;31m<err> ads1220: config2 mismatch! 0x15 != 0x00[0m
[00:01:21.331,970] [1;31m<err> ads1220: config0 mismatch! 0x3C != 0x1C[0m
[00:01:21.332,000] [1;31m<err> analog_axis_hires: Could not setup channel #1 (-5)[0m
[00:01:21.339,691] [1;31m<err> ads1220: config2 mismatch! 0x10 != 0x00[0m
[00:01:21.339,843] [1;31m<err> ads1220: config2 mismatch! 0x15 != 0x00[0m
[00:01:21.339,996] [1;31m<err> ads1220: config0 mismatch! 0x3C != 0x1C[0m
[00:01:21.339,996] [1;31m<err> analog_axis_hires: Could not setup channel #1 (-5)[0m
[00:01:21.347,747] [1;31m<err> ads1220: config2 mismatch! 0x10 != 0x00[0m
[00:01:21.347,869] [1;31m<err> ads1220: config2 mismatch! 0x15 != 0x00[0m
[00:01:21.348,022] [1;31m<err> ads1220: config0 mismatch! 0x3C != 0x1C[0m
[00:01:21.348,052] [1;31m<err> analog_axis_hires: Could not setup channel #1 (-5)[0m
[00:01:21.355,804] [1;31m<err> ads1220: config2 mismatch! 0x10 != 0x00[0m
[00:01:21.355,926] [1;31m<err> ads1220: config2 mismatch! 0x15 != 0x00[0m
[00:01:21.356,048] [1;31m<err> ads1220: config0 mismatch! 0x3C != 0x1C[0m
[00:01:21.356,079] [1;31m<err> analog_axis_hires: Could not setup channel #1 (-5)[0m
[00:01:21.363,769] [1;31m<err> ads1220: config2 mismatch! 0x10 != 0x00[0m
[00:01:21.363,922] [1;31m<err> ads1220: config2 mismatch! 0x15 != 0x00[0m
[00:01:21.364,074] [1;31m<err> ads1220: config0 mismatch! 0x3C != 0x1C[0m
[00:01:21.364,074] [1;31m<err> analog_axis_hires: Could not setup channel #1 (-5)[0m
[00:01:21.371,826] [1;31m<err> ads1220: config2 mismatch! 0x10 != 0x00[0m
[00:01:21.371,948] [1;31m<err> ads1220: config2 mismatch! 0x15 != 0x00[0m
[00:01:21.372,100] [1;31m<err> ads1220: config0 mismatch! 0x3C != 0x1C[0m
[00:01:21.372,131] [1;31m<err> analog_axis_hires: Could not setup channel #1 (-5)[0m
[00:01:21.379,882] [1;31m<err> ads1220: config2 mismatch! 0x10 != 0x00[0m
[00:01:21.380,004] [1;31m<err> ads1220: config2 mismatch! 0x15 != 0x00[0m
[00:01:21.380,157] [1;31m<err> ads1220: config0 mismatch! 0x3C != 0x1C[0m
[00:01:21.380,157] [1;31m<err> analog_axis_hires: Could not setup channel #1 (-5)[0m
[00:01:21.387,847] [1;31m<err> ads1220: config2 mismatch! 0x10 != 0x00[0m
[00:01:21.388,000] [1;31m<err> ads1220: config2 mismatch! 0x15 != 0x00[0m
[00:01:21.388,153] [1;31m<err> ads1220: config0 mismatch! 0x3C != 0x1C[0m
[00:01:21.388,153] [1;31m<err> analog_axis_hires: Could not setup channel #1 (-5)[0m
[00:01:21.395,904] [1;31m<err> ads1220: config2 mismatch! 0x10 != 0x00[0m
[00:01:21.396,026] [1;31m<err> ads1220: config2 mismatch! 0x15 != 0x00[0m
[00:01:21.396,179] [1;31m<err> ads1220: config0 mismatch! 0x3C != 0x1C[0m
[00:01:21.396,209] [1;31m<err> analog_axis_hires: Could not setup channel #1 (-5)[0m
[00:01:21.403,930] [1;31m<err> ads1220: config2 mismatch! 0x10 != 0x00[0m
[00:01:21.404,083] [1;31m<err> ads1220: config2 mismatch! 0x15 != 0x00[0m
[00:01:21.404,205] [1;31m<err> ads1220: config0 mismatch! 0x3C != 0x1C[0m
[00:01:21.404,205] [1;31m<err> analog_axis_hires: Could not setup channel #1 (-5)[0m
[00:01:21.411,926] [1;31m<err> ads1220: config2 mismatch! 0x10 != 0x00[0m
[00:01:21.412,078] [1;31m<err> ads1220: config2 mismatch! 0x15 != 0x00[0m
[00:01:21.412,231] [1;31m<err> ads1220: config0 mismatch! 0x3C != 0x1C[0m
[00:01:21.412,231] [1;31m<err> analog_axis_hires: Could not setup channel #1 (-5)[0m
[00:01:21.419,982] [1;31m<err> ads1220: config2 mismatch! 0x10 != 0x00[0m
[00:01:21.420,104] [1;31m<err> ads1220: config2 mismatch! 0x15 != 0x00[0m
[00:01:21.420,257] [1;31m<err> ads1220: config0 mismatch! 0x3C != 0x1C[0m
[00:01:21.420,288] [1;31m<err> analog_axis_hires: Could not setup channel #1 (-5)[0m
[00:01:21.428,009] [1;31m<err> ads1220: config2 mismatch! 0x10 != 0x00[0m
[00:01:21.428,161] [1;31m<err> ads1220: config2 mismatch! 0x15 != 0x00[0m
[00:01:21.428,283] [1;31m<err> ads1220: config0 mismatch! 0x3C != 0x1C[0m
[00:01:21.428,283] [1;31m<err> analog_axis_hires: Could not setup channel #1 (-5)[0m
[00:01:21.436,004] [1;31m<err> ads1220: config2 mismatch! 0x10 != 0x00[0m
[00:01:21.436,157] [1;31m<err> ads1220: config2 mismatch! 0x15 != 0x00[0m
[00:01:21.436,309] [1;31m<err> ads1220: config0 mismatch! 0x3C != 0x1C[0m
[00:01:21.436,309] [1;31m<err> analog_axis_hires: Could not setup channel #1 (-5)[0m
[00:01:21.444,061] [1;31m<err> ads1220: config2 mismatch! 0x10 != 0x00[0m
[00:01:21.444,183] [1;31m<err> ads1220: config2 mismatch! 0x15 != 0x00[0m
[00:01:21.444,335] [1;31m<err> ads1220: config0 mismatch! 0x3C != 0x1C[0m
[00:01:21.444,366] [1;31m<err> analog_axis_hires: Could not setup channel #1 (-5)[0m
[00:01:21.452,087] [1;31m<err> ads1220: config2 mismatch! 0x10 != 0x00[0m
[00:01:21.452,239] [1;31m<err> ads1220: config2 mismatch! 0x15 != 0x00[0m
[00:01:21.452,362] [1;31m<err> ads1220: config0 mismatch! 0x3C != 0x1C[0m
[00:01:21.452,362] [1;31m<err> analog_axis_hires: Could not setup channel #1 (-5)[0m
[00:01:21.460,083] [1;31m<err> ads1220: config2 mismatch! 0x10 != 0x00[0m
[00:01:21.460,235] [1;31m<err> ads1220: config2 mismatch! 0x15 != 0x00[0m
[00:01:21.460,388] [1;31m<err> ads1220: config0 mismatch! 0x3C != 0x1C[0m
[00:01:21.460,388] [1;31m<err> analog_axis_hires: Could not setup channel #1 (-5)[0m
[00:01:21.468,139] [1;31m<err> ads1220: config2 mismatch! 0x10 != 0x00[0m
[00:01:21.468,261] [1;31m<err> ads1220: config2 mismatch! 0x15 != 0x00[0m
[00:01:21.468,414] [1;31m<err> ads1220: config0 mismatch! 0x3C != 0x1C[0m
[00:01:21.468,444] [1;31m<err> analog_axis_hires: Could not setup channel #1 (-5)[0m
[00:01:21.476,165] [1;31m<err> ads1220: config2 mismatch! 0x10 != 0x00[0m
[00:01:21.476,318] [1;31m<err> ads1220: config2 mismatch! 0x15 != 0x00[0m
[00:01:21.476,440] [1;31m<err> ads1220: config0 mismatch! 0x3C != 0x1C[0m
[00:01:21.476,440] [1;31m<err> analog_axis_hires: Could not setup channel #1 (-5)[0m
[00:01:21.484,161] [1;31m<err> ads1220: config2 mismatch! 0x10 != 0x00[0m
[00:01:21.484,313] [1;31m<err> ads1220: config2 mismatch! 0x15 != 0x00[0m
[00:01:21.484,466] [1;31m<err> ads1220: config0 mismatch! 0x3C != 0x1C[0m
[00:01:21.484,466] [1;31m<err> analog_axis_hires: Could not setup channel #1 (-5)[0m
[00:01:21.492,218] [1;31m<err> ads1220: config2 mismatch! 0x10 != 0x00[0m
[00:01:21.492,340] [1;31m<err> ads1220: config2 mismatch! 0x15 != 0x00[0m
[00:01:21.492,492] [1;31m<err> ads1220: config0 mismatch! 0x3C != 0x1C[0m
[00:01:21.492,523] [1;31m<err> analog_axis_hires: Could not setup channel #1 (-5)[0m
[00:01:21.500,274] [1;31m<err> ads1220: config2 mismatch! 0x10 != 0x00[0m
[00:01:21.500,396] [1;31m<err> ads1220: config2 mismatch! 0x15 != 0x00[0m
[00:01:21.500,518] [1;31m<err> ads1220: config0 mismatch! 0x3C != 0x1C[0m
[00:01:21.500,549] [1;31m<err> analog_axis_hires: Could not setup channel #1 (-5)[0m
[00:01:21.508,239] [1;31m<err> ads1220: config2 mismatch! 0x10 != 0x00[0m
[00:01:21.508,392] [1;31m<err> ads1220: config2 mismatch! 0x15 != 0x00[0m
[00:01:21.508,544] [1;31m<err> ads1220: config0 mismatch! 0x3C != 0x1C[0m
[00:01:21.508,544] [1;31m<err> analog_axis_hires: Could not setup channel #1 (-5)[0m
[00:01:21.516,296] [1;31m<err> ads1220: config2 mismatch! 0x10 != 0x00[0m
[00:01:21.516,418] [1;31m<err> ads1220: config2 mismatch! 0x15 != 0x00[0m
[00:01:21.516,571] [1;31m<err> ads1220: config0 mismatch! 0x3C != 0x1C[0m
[00:01:21.516,601] [1;31m<err> analog_axis_hires: Could not setup channel #1 (-5)[0m
[00:01:21.524,383] [1;31m<err> ads1220: config2 mismatch! 0x10 != 0x00[0m
[00:01:21.524,505] [1;31m<err> ads1220: config2 mismatch! 0x15 != 0x00[0m
[00:01:21.524,627] [1;31m<err> ads1220: config0 mismatch! 0x3C != 0x1C[0m
[00:01:21.524,658] [1;31m<err> analog_axis_hires: Could not setup channel #1 (-5)[0m
[00:01:21.532,348] [1;31m<err> ads1220: config2 mismatch! 0x10 != 0x00[0m
[00:01:21.532,470] [1;31m<err> ads1220: config2 mismatch! 0x15 != 0x00[0m
[00:01:21.532,623] [1;31m<err> ads1220: config0 mismatch! 0x3C != 0x1C[0m
[00:01:21.532,653] [1;31m<err> analog_axis_hires: Could not setup channel #1 (-5)[0m
[00:01:21.540,374] [1;31m<err> ads1220: config2 mismatch! 0x10 != 0x00[0m
[00:01:21.540,496] [1;31m<err> ads1220: config2 mismatch! 0x15 != 0x00[0m
[00:01:21.540,649] [1;31m<err> ads1220: config0 mismatch! 0x3C != 0x1C[0m
[00:01:21.540,679] [1;31m<err> analog_axis_hires: Could not setup channel #1 (-5)[0m
[00:01:21.548,431] [1;31m<err> ads1220: config2 mismatch! 0x10 != 0x00[0m
[00:01:21.548,553] [1;31m<err> ads1220: config2 mismatch! 0x15 != 0x00[0m
[00:01:21.548,675] [1;31m<err> ads1220: config0 mismatch! 0x3C != 0x1C[0m
[00:01:21.548,706] [1;31m<err> analog_axis_hires: Could not setup channel #1 (-5)[0m
[00:01:21.556,396] [1;31m<err> ads1220: config2 mismatch! 0x10 != 0x00[0m
[00:01:21.556,549] [1;31m<err> ads1220: config2 mismatch! 0x15 != 0x00[0m
[00:01:21.556,701] [1;31m<err> ads1220: config0 mismatch! 0x3C != 0x1C[0m
[00:01:21.556,701] [1;31m<err> analog_axis_hires: Could not setup channel #1 (-5)[0m
[00:01:21.564,453] [1;31m<err> ads1220: config2 mismatch! 0x10 != 0x00[0m
[00:01:21.564,575] [1;31m<err> ads1220: config2 mismatch! 0x15 != 0x00[0m
[00:01:21.564,727] [1;31m<err> ads1220: config0 mismatch! 0x3C != 0x1C[0m
[00:01:21.564,758] [1;31m<err> analog_axis_hires: Could not setup channel #1 (-5)[0m
[00:01:21.572,509] [1;31m<err> ads1220: config2 mismatch! 0x10 != 0x00[0m
[00:01:21.572,631] [1;31m<err> ads1220: config2 mismatch! 0x15 != 0x00[0m
[00:01:21.572,753] [1;31m<err> ads1220: config0 mismatch! 0x3C != 0x1C[0m
[00:01:21.572,784] [1;31m<err> analog_axis_hires: Could not setup channel #1 (-5)[0m
[00:01:21.580,474] [1;31m<err> ads1220: config2 mismatch! 0x10 != 0x00[0m
[00:01:21.580,627] [1;31m<err> ads1220: config2 mismatch! 0x15 != 0x00[0m
[00:01:21.580,780] [1;31m<err> ads1220: config0 mismatch! 0x3C != 0x1C[0m
[00:01:21.580,780] [1;31m<err> analog_axis_hires: Could not setup channel #1 (-5)[0m
[00:01:21.588,531] [1;31m<err> ads1220: config2 mismatch! 0x10 != 0x00[0m
[00:01:21.588,653] [1;31m<err> ads1220: config2 mismatch! 0x15 != 0x00[0m
[00:01:21.588,806] [1;31m<err> ads1220: config0 mismatch! 0x3C != 0x1C[0m
[00:01:21.588,836] [1;31m<err> analog_axis_hires: Could not setup channel #1 (-5)[0m
[00:01:21.596,588] [1;31m<err> ads1220: config2 mismatch! 0x10 != 0x00[0m
[00:01:21.596,710] [1;31m<err> ads1220: config2 mismatch! 0x15 != 0x00[0m
[00:01:21.596,832] [1;31m<err> ads1220: config0 mismatch! 0x3C != 0x1C[0m
[00:01:21.596,832] [1;31m<err> analog_axis_hires: Could not setup channel #1 (-5)[0m
[00:01:21.604,553] [1;31m<err> ads1220: config2 mismatch! 0x10 != 0x00[0m
[00:01:21.604,705] [1;31m<err> ads1220: config2 mismatch! 0x15 != 0x00[0m
[00:01:21.604,858] [1;31m<err> ads1220: config0 mismatch! 0x3C != 0x1C[0m
[00:01:21.604,858] [1;31m<err> analog_axis_hires: Could not setup channel #1 (-5)[0m
[00:01:21.612,609] [1;31m<err> ads1220: config2 mismatch! 0x10 != 0x00[0m
[00:01:21.612,731] [1;31m<err> ads1220: config2 mismatch! 0x15 != 0x00[0m
[00:01:21.612,884] [1;31m<err> ads1220: config0 mismatch! 0x3C != 0x1C[0m
[00:01:21.612,915] [1;31m<err> analog_axis_hires: Could not setup channel #1 (-5)[0m
[00:01:21.620,666] [1;31m<err> ads1220: config2 mismatch! 0x10 != 0x00[0m
[00:01:21.620,788] [1;31m<err> ads1220: config2 mismatch! 0x15 != 0x00[0m
[00:01:21.620,910] [1;31m<err> ads1220: config0 mismatch! 0x3C != 0x1C[0m
[00:01:21.620,941] [1;31m<err> analog_axis_hires: Could not setup channel #1 (-5)[0m
[00:01:21.628,631] [1;31m<err> ads1220: config2 mismatch! 0x10 != 0x00[0m
[00:01:21.628,784] [1;31m<err> ads1220: config2 mismatch! 0x15 != 0x00[0m
[00:01:21.628,936] [1;31m<err> ads1220: config0 mismatch! 0x3C != 0x1C[0m
[00:01:21.628,936] [1;31m<err> analog_axis_hires: Could not setup channel #1 (-5)[0m
[00:01:21.636,688] [1;31m<err> ads1220: config2 mismatch! 0x10 != 0x00[0m
[00:01:21.636,810] [1;31m<err> ads1220: config2 mismatch! 0x15 != 0x00[0m
[00:01:21.636,962] [1;31m<err> ads1220: config0 mismatch! 0x3C != 0x1C[0m
[00:01:21.636,993] [1;31m<err> analog_axis_hires: Could not setup channel #1 (-5)[0m
[00:01:21.644,775] [1;31m<err> ads1220: config2 mismatch! 0x10 != 0x00[0m
[00:01:21.644,897] [1;31m<err> ads1220: config2 mismatch! 0x15 != 0x00[0m
[00:01:21.645,019] [1;31m<err> ads1220: config0 mismatch! 0x3C != 0x1C[0m
[00:01:21.645,050] [1;31m<err> analog_axis_hires: Could not setup channel #1 (-5)[0m
[00:01:21.652,709] [1;31m<err> ads1220: config2 mismatch! 0x10 != 0x00[0m
[00:01:21.652,862] [1;31m<err> ads1220: config2 mismatch! 0x15 != 0x00[0m
[00:01:21.653,015] [1;31m<err> ads1220: config0 mismatch! 0x3C != 0x1C[0m
[00:01:21.653,015] [1;31m<err> analog_axis_hires: Could not setup channel #1 (-5)[0m
[00:01:21.660,766] [1;31m<err> ads1220: config2 mismatch! 0x10 != 0x00[0m
[00:01:21.660,888] [1;31m<err> ads1220: config2 mismatch! 0x15 != 0x00[0m
[00:01:21.661,041] [1;31m<err> ads1220: config0 mismatch! 0x3C != 0x1C[0m
[00:01:21.661,071] [1;31m<err> analog_axis_hires: Could not setup channel #1 (-5)[0m
[00:01:21.668,823] [1;31m<err> ads1220: config2 mismatch! 0x10 != 0x00[0m
[00:01:21.668,945] [1;31m<err> ads1220: config2 mismatch! 0x15 != 0x00[0m
[00:01:21.669,067] [1;31m<err> ads1220: config0 mismatch! 0x3C != 0x1C[0m
[00:01:21.669,097] [1;31m<err> analog_axis_hires: Could not setup channel #1 (-5)[0m
[00:01:21.676,788] [1;31m<err> ads1220: config2 mismatch! 0x10 != 0x00[0m
[00:01:21.676,940] [1;31m<err> ads1220: config2 mismatch! 0x15 != 0x00[0m
[00:01:21.677,093] [1;31m<err> ads1220: config0 mismatch! 0x3C != 0x1C[0m
[00:01:21.677,093] [1;31m<err> analog_axis_hires: Could not setup channel #1 (-5)[0m
[00:01:21.684,844] [1;31m<err> ads1220: config2 mismatch! 0x10 != 0x00[0m
[00:01:21.684,967] [1;31m<err> ads1220: config2 mismatch! 0x15 != 0x00[0m
[00:01:21.685,119] [1;31m<err> ads1220: config0 mismatch! 0x3C != 0x1C[0m
[00:01:21.685,150] [1;31m<err> analog_axis_hires: Could not setup channel #1 (-5)[0m
[00:01:21.692,901] [1;31m<err> ads1220: config2 mismatch! 0x10 != 0x00[0m
[00:01:21.693,023] [1;31m<err> ads1220: config2 mismatch! 0x15 != 0x00[0m
[00:01:21.693,145] [1;31m<err> ads1220: config0 mismatch! 0x3C != 0x1C[0m
[00:01:21.693,176] [1;31m<err> analog_axis_hires: Could not setup channel #1 (-5)[0m
[00:01:21.700,866] [1;31m<err> ads1220: config2 mismatch! 0x10 != 0x00[0m
[00:01:21.701,019] [1;31m<err> ads1220: config2 mismatch! 0x15 != 0x00[0m
[00:01:21.701,171] [1;31m<err> ads1220: config0 mismatch! 0x3C != 0x1C[0m
[00:01:21.701,171] [1;31m<err> analog_axis_hires: Could not setup channel #1 (-5)[0m
[00:01:21.708,923] [1;31m<err> ads1220: config2 mismatch! 0x10 != 0x00[0m
[00:01:21.709,045] [1;31m<err> ads1220: config2 mismatch! 0x15 != 0x00[0m
[00:01:21.709,197] [1;31m<err> ads1220: config0 mismatch! 0x3C != 0x1C[0m
[00:01:21.709,228] [1;31m<err> analog_axis_hires: Could not setup channel #1 (-5)[0m
[00:01:21.716,949] [1;31m<err> ads1220: config2 mismatch! 0x10 != 0x00[0m
[00:01:21.717,071] [1;31m<err> ads1220: config2 mismatch! 0x15 != 0x00[0m
[00:01:21.717,224] [1;31m<err> ads1220: config0 mismatch! 0x3C != 0x1C[0m
[00:01:21.717,224] [1;31m<err> analog_axis_hires: Could not setup channel #1 (-5)[0m
[00:01:21.724,945] [1;31m<err> ads1220: config2 mismatch! 0x10 != 0x00[0m
[00:01:21.725,097] [1;31m<err> ads1220: config2 mismatch! 0x15 != 0x00[0m
[00:01:21.725,250] [1;31m<err> ads1220: config0 mismatch! 0x3C != 0x1C[0m
[00:01:21.725,250] [1;31m<err> analog_axis_hires: Could not setup channel #1 (-5)[0m
[00:01:21.733,001] [1;31m<err> ads1220: config2 mismatch! 0x10 != 0x00[0m
[00:01:21.733,123] [1;31m<err> ads1220: config2 mismatch! 0x15 != 0x00[0m
[00:01:21.733,276] [1;31m<err> ads1220: config0 mismatch! 0x3C != 0x1C[0m
[00:01:21.733,306] [1;31m<err> analog_axis_hires: Could not setup channel #1 (-5)[0m
[00:01:21.741,027] [1;31m<err> ads1220: config2 mismatch! 0x10 != 0x00[0m
[00:01:21.741,180] [1;31m<err> ads1220: config2 mismatch! 0x15 != 0x00[0m
[00:01:21.741,302] [1;31m<err> ads1220: config0 mismatch! 0x3C != 0x1C[0m
[00:01:21.741,302] [1;31m<err> analog_axis_hires: Could not setup channel #1 (-5)[0m
[00:01:21.749,023] [1;31m<err> ads1220: config2 mismatch! 0x10 != 0x00[0m
[00:01:21.749,176] [1;31m<err> ads1220: config2 mismatch! 0x15 != 0x00[0m
[00:01:21.749,328] [1;31m<err> ads1220: config0 mismatch! 0x3C != 0x1C[0m
[00:01:21.749,328] [1;31m<err> analog_axis_hires: Could not setup channel #1 (-5)[0m
[00:01:21.757,080] [1;31m<err> ads1220: config2 mismatch! 0x10 != 0x00[0m
[00:01:21.757,202] [1;31m<err> ads1220: config2 mismatch! 0x15 != 0x00[0m
[00:01:21.757,354] [1;31m<err> ads1220: config0 mismatch! 0x3C != 0x1C[0m
[00:01:21.757,385] [1;31m<err> analog_axis_hires: Could not setup channel #1 (-5)[0m
[00:01:21.765,136] [1;31m<err> ads1220: config2 mismatch! 0x10 != 0x00[0m
[00:01:21.765,258] [1;31m<err> ads1220: config2 mismatch! 0x15 != 0x00[0m
[00:01:21.765,411] [1;31m<err> ads1220: config0 mismatch! 0x3C != 0x1C[0m
[00:01:21.765,411] [1;31m<err> analog_axis_hires: Could not setup channel #1 (-5)[0m
[00:01:21.773,101] [1;31m<err> ads1220: config2 mismatch! 0x10 != 0x00[0m
[00:01:21.773,254] [1;31m<err> ads1220: config2 mismatch! 0x15 != 0x00[0m
[00:01:21.773,406] [1;31m<err> ads1220: config0 mismatch! 0x3C != 0x1C[0m
[00:01:21.773,406] [1;31m<err> analog_axis_hires: Could not setup channel #1 (-5)[0m
[00:01:21.781,158] [1;31m<err> ads1220: config2 mismatch! 0x10 != 0x00[0m
[00:01:21.781,280] [1;31m<err> ads1220: config2 mismatch! 0x15 != 0x00[0m
[00:01:21.781,433] [1;31m<err> ads1220: config0 mismatch! 0x3C != 0x1C[0m
[00:01:21.781,463] [1;31m<err> analog_axis_hires: Could not setup channel #1 (-5)[0m
[00:01:21.789,215] [1;31m<err> ads1220: config2 mismatch! 0x10 != 0x00[0m
[00:01:21.789,337] [1;31m<err> ads1220: config2 mismatch! 0x15 != 0x00[0m
[00:01:21.789,459] [1;31m<err> ads1220: config0 mismatch! 0x3C != 0x1C[0m
[00:01:21.789,489] [1;31m<err> analog_axis_hires: Could not setup channel #1 (-5)[0m
[00:01:21.797,180] [1;31m<err> ads1220: config2 mismatch! 0x10 != 0x00[0m
[00:01:21.797,332] [1;31m<err> ads1220: config2 mismatch! 0x15 != 0x00[0m
[00:01:21.797,485] [1;31m<err> ads1220: config0 mismatch! 0x3C != 0x1C[0m
[00:01:21.797,485] [1;31m<err> analog_axis_hires: Could not setup channel #1 (-5)[0m
[00:01:21.805,236] [1;31m<err> ads1220: config2 mismatch! 0x10 != 0x00[0m
[00:01:21.805,358] [1;31m<err> ads1220: config2 mismatch! 0x15 != 0x00[0m
[00:01:21.805,511] [1;31m<err> ads1220: config0 mismatch! 0x3C != 0x1C[0m
[00:01:21.805,541] [1;31m<err> analog_axis_hires: Could not setup channel #1 (-5)[0m
[00:01:21.813,293] [1;31m<err> ads1220: config2 mismatch! 0x10 != 0x00[0m
[00:01:21.813,415] [1;31m<err> ads1220: config2 mismatch! 0x15 != 0x00[0m
[00:01:21.813,537] [1;31m<err> ads1220: config0 mismatch! 0x3C != 0x1C[0m
[00:01:21.813,568] [1;31m<err> analog_axis_hires: Could not setup channel #1 (-5)[0m
[00:01:21.821,258] [1;31m<err> ads1220: config2 mismatch! 0x10 != 0x00[0m
[00:01:21.821,411] [1;31m<err> ads1220: config2 mismatch! 0x15 != 0x00[0m
[00:01:21.821,563] [1;31m<err> ads1220: config0 mismatch! 0x3C != 0x1C[0m
[00:01:21.821,563] [1;31m<err> analog_axis_hires: Could not setup channel #1 (-5)[0m
[00:01:21.829,315] [1;31m<err> ads1220: config2 mismatch! 0x10 != 0x00[0m
[00:01:21.829,437] [1;31m<err> ads1220: config2 mismatch! 0x15 != 0x00[0m
[00:01:21.829,589] [1;31m<err> ads1220: config0 mismatch! 0x3C != 0x1C[0m
[00:01:21.829,620] [1;31m<err> analog_axis_hires: Could not setup channel #1 (-5)[0m
[00:01:21.837,371] [1;31m<err> ads1220: config2 mismatch! 0x10 != 0x00[0m
[00:01:21.837,493] [1;31m<err> ads1220: config2 mismatch! 0x15 != 0x00[0m
[00:01:21.837,615] [1;31m<err> ads1220: config0 mismatch! 0x3C != 0x1C[0m
[00:01:21.837,646] [1;31m<err> analog_axis_hires: Could not setup channel #1 (-5)[0m
[00:01:21.845,336] [1;31m<err> ads1220: config2 mismatch! 0x10 != 0x00[0m
[00:01:21.845,489] [1;31m<err> ads1220: config2 mismatch! 0x15 != 0x00[0m
[00:01:21.845,642] [1;31m<err> ads1220: config0 mismatch! 0x3C != 0x1C[0m
[00:01:21.845,642] [1;31m<err> analog_axis_hires: Could not setup channel #1 (-5)[0m
[00:01:21.853,393] [1;31m<err> ads1220: config2 mismatch! 0x10 != 0x00[0m
[00:01:21.853,515] [1;31m<err> ads1220: config2 mismatch! 0x15 != 0x00[0m
[00:01:21.853,668] [1;31m<err> ads1220: config0 mismatch! 0x3C != 0x1C[0m
[00:01:21.853,698] [1;31m<err> analog_axis_hires: Could not setup channel #1 (-5)[0m
[00:01:21.861,419] [1;31m<err> ads1220: config2 mismatch! 0x10 != 0x00[0m
[00:01:21.861,541] [1;31m<err> ads1220: config2 mismatch! 0x15 != 0x00[0m
[00:01:21.861,663] [1;31m<err> ads1220: config0 mismatch! 0x3C != 0x1C[0m
[00:01:21.861,694] [1;31m<err> analog_axis_hires: Could not setup channel #1 (-5)[0m
[00:01:21.869,445] [1;31m<err> ads1220: config2 mismatch! 0x10 != 0x00[0m
[00:01:21.869,567] [1;31m<err> ads1220: config2 mismatch! 0x15 != 0x00[0m
[00:01:21.869,720] [1;31m<err> ads1220: config0 mismatch! 0x3C != 0x1C[0m
[00:01:21.869,750] [1;31m<err> analog_axis_hires: Could not setup channel #1 (-5)[0m
[00:01:21.877,471] [1;31m<err> ads1220: config2 mismatch! 0x10 != 0x00[0m
[00:01:21.877,593] [1;31m<err> ads1220: config2 mismatch! 0x15 != 0x00[0m
[00:01:21.877,746] [1;31m<err> ads1220: config0 mismatch! 0x3C != 0x1C[0m
[00:01:21.877,777] [1;31m<err> analog_axis_hires: Could not setup channel #1 (-5)[0m
[00:01:21.885,528] [1;31m<err> ads1220: config2 mismatch! 0x10 != 0x00[0m
[00:01:21.885,650] [1;31m<err> ads1220: config2 mismatch! 0x15 != 0x00[0m
[00:01:21.885,772] [1;31m<err> ads1220: config0 mismatch! 0x3C != 0x1C[0m
[00:01:21.885,772] [1;31m<err> analog_axis_hires: Could not setup channel #1 (-5)[0m
[00:01:21.893,493] [1;31m<err> ads1220: config2 mismatch! 0x10 != 0x00[0m
[00:01:21.893,646] [1;31m<err> ads1220: config2 mismatch! 0x15 != 0x00[0m
[00:01:21.893,798] [1;31m<err> ads1220: config0 mismatch! 0x3C != 0x1C[0m
[00:01:21.893,798] [1;31m<err> analog_axis_hires: Could not setup channel #1 (-5)[0m
[00:01:21.901,550] [1;31m<err> ads1220: config2 mismatch! 0x10 != 0x00[0m
[00:01:21.901,672] [1;31m<err> ads1220: config2 mismatch! 0x15 != 0x00[0m
[00:01:21.901,824] [1;31m<err> ads1220: config0 mismatch! 0x3C != 0x1C[0m
[00:01:21.901,855] [1;31m<err> analog_axis_hires: Could not setup channel #1 (-5)[0m
[00:01:21.909,606] [1;31m<err> ads1220: config2 mismatch! 0x10 != 0x00[0m
[00:01:21.909,729] [1;31m<err> ads1220: config2 mismatch! 0x15 != 0x00[0m
[00:01:21.909,851] [1;31m<err> ads1220: config0 mismatch! 0x3C != 0x1C[0m
[00:01:21.909,881] [1;31m<err> analog_axis_hires: Could not setup channel #1 (-5)[0m
[00:01:21.917,572] [1;31m<err> ads1220: config2 mismatch! 0x10 != 0x00[0m
[00:01:21.917,724] [1;31m<err> ads1220: config2 mismatch! 0x15 != 0x00[0m
[00:01:21.917,877] [1;31m<err> ads1220: config0 mismatch! 0x3C != 0x1C[0m
[00:01:21.917,877] [1;31m<err> analog_axis_hires: Could not setup channel #1 (-5)[0m
[00:01:21.925,628] [1;31m<err> ads1220: config2 mismatch! 0x10 != 0x00[0m
[00:01:21.925,750] [1;31m<err> ads1220: config2 mismatch! 0x15 != 0x00[0m
[00:01:21.925,903] [1;31m<err> ads1220: config0 mismatch! 0x3C != 0x1C[0m
[00:01:21.925,933] [1;31m<err> analog_axis_hires: Could not setup channel #1 (-5)[0m
[00:01:21.933,685] [1;31m<err> ads1220: config2 mismatch! 0x10 != 0x00[0m
[00:01:21.933,807] [1;31m<err> ads1220: config2 mismatch! 0x15 != 0x00[0m
[00:01:21.933,929] [1;31m<err> ads1220: config0 mismatch! 0x3C != 0x1C[0m
[00:01:21.933,929] [1;31m<err> analog_axis_hires: Could not setup channel #1 (-5)[0m
[00:01:21.941,650] [1;31m<err> ads1220: config2 mismatch! 0x10 != 0x00[0m
[00:01:21.941,802] [1;31m<err> ads1220: config2 mismatch! 0x15 != 0x00[0m
[00:01:21.941,955] [1;31m<err> ads1220: config0 mismatch! 0x3C != 0x1C[0m
[00:01:21.941,955] [1;31m<err> analog_axis_hires: Could not setup channel #1 (-5)[0m
[00:01:21.949,707] [1;31m<err> ads1220: config2 mismatch! 0x10 != 0x00[0m
[00:01:21.949,829] [1;31m<err> ads1220: config2 mismatch! 0x15 != 0x00[0m
[00:01:21.949,981] [1;31m<err> ads1220: config0 mismatch! 0x3C != 0x1C[0m
[00:01:21.950,012] [1;31m<err> analog_axis_hires: Could not setup channel #1 (-5)[0m
[00:01:21.957,763] [1;31m<err> ads1220: config2 mismatch! 0x10 != 0x00[0m
[00:01:21.957,885] [1;31m<err> ads1220: config2 mismatch! 0x15 != 0x00[0m
[00:01:21.958,007] [1;31m<err> ads1220: config0 mismatch! 0x3C != 0x1C[0m
[00:01:21.958,038] [1;31m<err> analog_axis_hires: Could not setup channel #1 (-5)[0m
[00:01:21.965,728] [1;31m<err> ads1220: config2 mismatch! 0x10 != 0x00[0m
[00:01:21.965,881] [1;31m<err> ads1220: config2 mismatch! 0x15 != 0x00[0m
[00:01:21.966,033] [1;31m<err> ads1220: config0 mismatch! 0x3C != 0x1C[0m
[00:01:21.966,033] [1;31m<err> analog_axis_hires: Could not setup channel #1 (-5)[0m
[00:01:21.973,785] [1;31m<err> ads1220: config2 mismatch! 0x10 != 0x00[0m
[00:01:21.973,907] [1;31m<err> ads1220: config2 mismatch! 0x15 != 0x00[0m
[00:01:21.974,060] [1;31m<err> ads1220: config0 mismatch! 0x3C != 0x1C[0m
[00:01:21.974,090] [1;31m<err> analog_axis_hires: Could not setup channel #1 (-5)[0m
[00:01:21.981,811] [1;31m<err> ads1220: config2 mismatch! 0x10 != 0x00[0m
[00:01:21.981,964] [1;31m<err> ads1220: config2 mismatch! 0x15 != 0x00[0m
[00:01:21.982,086] [1;31m<err> ads1220: config0 mismatch! 0x3C != 0x1C[0m
[00:01:21.982,086] [1;31m<err> analog_axis_hires: Could not setup channel #1 (-5)[0m
[00:01:21.989,837] [1;31m<err> ads1220: config2 mismatch! 0x10 != 0x00[0m
[00:01:21.989,990] [1;31m<err> ads1220: config2 mismatch! 0x15 != 0x00[0m
[00:01:21.990,112] [1;31m<err> ads1220: config0 mismatch! 0x3C != 0x1C[0m
[00:01:21.990,142] [1;31m<err> analog_axis_hires: Could not setup channel #1 (-5)[0m
[00:01:21.997,863] [1;31m<err> ads1220: config2 mismatch! 0x10 != 0x00[0m
[00:01:21.997,985] [1;31m<err> ads1220: config2 mismatch! 0x15 != 0x00[0m
[00:01:21.998,138] [1;31m<err> ads1220: config0 mismatch! 0x3C != 0x1C[0m
[00:01:21.998,168] [1;31m<err> analog_axis_hires: Could not setup channel #1 (-5)[0m
[00:01:22.005,920] [1;31m<err> ads1220: config2 mismatch! 0x10 != 0x00[0m
[00:01:22.006,042] [1;31m<err> ads1220: config2 mismatch! 0x15 != 0x00[0m
[00:01:22.006,195] [1;31m<err> ads1220: config0 mismatch! 0x3C != 0x1C[0m
[00:01:22.006,195] [1;31m<err> analog_axis_hires: Could not setup channel #1 (-5)[0m
[00:01:22.013,885] [1;31m<err> ads1220: config2 mismatch! 0x10 != 0x00[0m
[00:01:22.014,038] [1;31m<err> ads1220: config2 mismatch! 0x15 != 0x00[0m
[00:01:22.014,190] [1;31m<err> ads1220: config0 mismatch! 0x3C != 0x1C[0m
[00:01:22.014,190] [1;31m<err> analog_axis_hires: Could not setup channel #1 (-5)[0m
[00:01:22.021,942] [1;31m<err> ads1220: config2 mismatch! 0x10 != 0x00[0m
[00:01:22.022,064] [1;31m<err> ads1220: config2 mismatch! 0x15 != 0x00[0m
[00:01:22.022,216] [1;31m<err> ads1220: config0 mismatch! 0x3C != 0x1C[0m
[00:01:22.022,247] [1;31m<err> analog_axis_hires: Could not setup channel #1 (-5)[0m
[00:01:22.029,998] [1;31m<err> ads1220: config2 mismatch! 0x10 != 0x00[0m
[00:01:22.030,120] [1;31m<err> ads1220: config2 mismatch! 0x15 != 0x00[0m
[00:01:22.030,273] [1;31m<err> ads1220: config0 mismatch! 0x3C != 0x1C[0m
[00:01:22.030,273] [1;31m<err> analog_axis_hires: Could not setup channel #1 (-5)[0m
[00:01:22.037,963] [1;31m<err> ads1220: config2 mismatch! 0x10 != 0x00[0m
[00:01:22.038,116] [1;31m<err> ads1220: config2 mismatch! 0x15 != 0x00[0m
[00:01:22.038,269] [1;31m<err> ads1220: config0 mismatch! 0x3C != 0x1C[0m
[00:01:22.038,269] [1;31m<err> analog_axis_hires: Could not setup channel #1 (-5)[0m
[00:01:22.046,020] [1;31m<err> ads1220: config2 mismatch! 0x10 != 0x00[0m
[00:01:22.046,142] [1;31m<err> ads1220: config2 mismatch! 0x15 != 0x00[0m
[00:01:22.046,295] [1;31m<err> ads1220: config0 mismatch! 0x3C != 0x1C[0m
[00:01:22.046,325] [1;31m<err> analog_axis_hires: Could not setup channel #1 (-5)[0m
[00:01:22.054,046] [1;31m<err> ads1220: config2 mismatch! 0x10 != 0x00[0m
[00:01:22.054,168] [1;31m<err> ads1220: config2 mismatch! 0x15 != 0x00[0m
[00:01:22.054,321] [1;31m<err> ads1220: config0 mismatch! 0x3C != 0x1C[0m
[00:01:22.054,321] [1;31m<err> analog_axis_hires: Could not setup channel #1 (-5)[0m
[00:01:22.062,042] [1;31m<err> ads1220: config2 mismatch! 0x10 != 0x00[0m
[00:01:22.062,194] [1;31m<err> ads1220: config2 mismatch! 0x15 != 0x00[0m
[00:01:22.062,347] [1;31m<err> ads1220: config0 mismatch! 0x3C != 0x1C[0m
[00:01:22.062,347] [1;31m<err> analog_axis_hires: Could not setup channel #1 (-5)[0m
[00:01:22.070,098] [1;31m<err> ads1220: config2 mismatch! 0x10 != 0x00[0m
[00:01:22.070,220] [1;31m<err> ads1220: config2 mismatch! 0x15 != 0x00[0m
[00:01:22.070,373] [1;31m<err> ads1220: config0 mismatch! 0x3C != 0x1C[0m
[00:01:22.070,373] [1;31m<err> analog_axis_hires: Could not setup channel #1 (-5)[0m
[00:01:22.078,155] [1;31m<err> ads1220: config2 mismatch! 0x10 != 0x00[0m
[00:01:22.078,277] [1;31m<err> ads1220: config2 mismatch! 0x15 != 0x00[0m
[00:01:22.078,399] [1;31m<err> ads1220: config0 mismatch! 0x3C != 0x1C[0m
[00:01:22.078,430] [1;31m<err> analog_axis_hires: Could not setup channel #1 (-5)[0m
[00:01:22.086,120] [1;31m<err> ads1220: config2 mismatch! 0x10 != 0x00[0m
[00:01:22.086,273] [1;31m<err> ads1220: config2 mismatch! 0x15 != 0x00[0m
[00:01:22.086,425] [1;31m<err> ads1220: config0 mismatch! 0x3C != 0x1C[0m
[00:01:22.086,425] [1;31m<err> analog_axis_hires: Could not setup channel #1 (-5)[0m
[00:01:22.094,177] [1;31m<err> ads1220: config2 mismatch! 0x10 != 0x00[0m
[00:01:22.094,299] [1;31m<err> ads1220: config2 mismatch! 0x15 != 0x00[0m
[00:01:22.094,451] [1;31m<err> ads1220: config0 mismatch! 0x3C != 0x1C[0m
[00:01:22.094,451] [1;31m<err> analog_axis_hires: Could not setup channel #1 (-5)[0m
[00:01:22.102,233] [1;31m<err> ads1220: config2 mismatch! 0x10 != 0x00[0m
[00:01:22.102,355] [1;31m<err> ads1220: config2 mismatch! 0x15 != 0x00[0m
[00:01:22.102,478] [1;31m<err> ads1220: config0 mismatch! 0x3C != 0x1C[0m
[00:01:22.102,508] [1;31m<err> analog_axis_hires: Could not setup channel #1 (-5)[0m
[00:01:22.110,198] [1;31m<err> ads1220: config2 mismatch! 0x10 != 0x00[0m
[00:01:22.110,351] [1;31m<err> ads1220: config2 mismatch! 0x15 != 0x00[0m
[00:01:22.110,504] [1;31m<err> ads1220: config0 mismatch! 0x3C != 0x1C[0m
[00:01:22.110,504] [1;31m<err> analog_axis_hires: Could not setup channel #1 (-5)[0m
[00:01:22.118,255] [1;31m<err> ads1220: config2 mismatch! 0x10 != 0x00[0m
[00:01:22.118,377] [1;31m<err> ads1220: config2 mismatch! 0x15 != 0x00[0m
[00:01:22.118,530] [1;31m<err> ads1220: config0 mismatch! 0x3C != 0x1C[0m
[00:01:22.118,530] [1;31m<err> analog_axis_hires: Could not setup channel #1 (-5)[0m
[00:01:22.126,312] [1;31m<err> ads1220: config2 mismatch! 0x10 != 0x00[0m
[00:01:22.126,434] [1;31m<err> ads1220: config2 mismatch! 0x15 != 0x00[0m
[00:01:22.126,556] [1;31m<err> ads1220: config0 mismatch! 0x3C != 0x1C[0m
[00:01:22.126,556] [1;31m<err> analog_axis_hires: Could not setup channel #1 (-5)[0m
[00:01:22.134,277] [1;31m<err> ads1220: config2 mismatch! 0x10 != 0x00[0m
[00:01:22.134,429] [1;31m<err> ads1220: config2 mismatch! 0x15 != 0x00[0m
[00:01:22.134,582] [1;31m<err> ads1220: config0 mismatch! 0x3C != 0x1C[0m
[00:01:22.134,582] [1;31m<err> analog_axis_hires: Could not setup channel #1 (-5)[0m
[00:01:22.142,333] [1;31m<err> ads1220: config2 mismatch! 0x10 != 0x00[0m
[00:01:22.142,456] [1;31m<err> ads1220: config2 mismatch! 0x15 != 0x00[0m
[00:01:22.142,608] [1;31m<err> ads1220: config0 mismatch! 0x3C != 0x1C[0m
[00:01:22.142,608] [1;31m<err> analog_axis_hires: Could not setup channel #1 (-5)[0m
[00:01:22.150,390] [1;31m<err> ads1220: config2 mismatch! 0x10 != 0x00[0m
[00:01:22.150,512] [1;31m<err> ads1220: config2 mismatch! 0x15 != 0x00[0m
[00:01:22.150,634] [1;31m<err> ads1220: config0 mismatch! 0x3C != 0x1C[0m
[00:01:22.150,665] [1;31m<err> analog_axis_hires: Could not setup channel #1 (-5)[0m
[00:01:22.158,355] [1;31m<err> ads1220: config2 mismatch! 0x10 != 0x00[0m
[00:01:22.158,508] [1;31m<err> ads1220: config2 mismatch! 0x15 != 0x00[0m
[00:01:22.158,660] [1;31m<err> ads1220: config0 mismatch! 0x3C != 0x1C[0m
[00:01:22.158,660] [1;31m<err> analog_axis_hires: Could not setup channel #1 (-5)[0m
[00:01:22.166,412] [1;31m<err> ads1220: config2 mismatch! 0x10 != 0x00[0m
[00:01:22.166,534] [1;31m<err> ads1220: config2 mismatch! 0x15 != 0x00[0m
[00:01:22.166,687] [1;31m<err> ads1220: config0 mismatch! 0x3C != 0x1C[0m
[00:01:22.166,687] [1;31m<err> analog_axis_hires: Could not setup channel #1 (-5)[0m
[00:01:22.174,468] [1;31m<err> ads1220: config2 mismatch! 0x10 != 0x00[0m
[00:01:22.174,591] [1;31m<err> ads1220: config2 mismatch! 0x15 != 0x00[0m
[00:01:22.174,713] [1;31m<err> ads1220: config0 mismatch! 0x3C != 0x1C[0m
[00:01:22.174,743] [1;31m<err> analog_axis_hires: Could not setup channel #1 (-5)[0m
[00:01:22.182,434] [1;31m<err> ads1220: config2 mismatch! 0x10 != 0x00[0m
[00:01:22.182,586] [1;31m<err> ads1220: config2 mismatch! 0x15 != 0x00[0m
[00:01:22.182,739] [1;31m<err> ads1220: config0 mismatch! 0x3C != 0x1C[0m
[00:01:22.182,739] [1;31m<err> analog_axis_hires: Could not setup channel #1 (-5)[0m
[00:01:22.190,490] [1;31m<err> ads1220: config2 mismatch! 0x10 != 0x00[0m
[00:01:22.190,612] [1;31m<err> ads1220: config2 mismatch! 0x15 != 0x00[0m
[00:01:22.190,765] [1;31m<err> ads1220: config0 mismatch! 0x3C != 0x1C[0m
[00:01:22.190,765] [1;31m<err> analog_axis_hires: Could not setup channel #1 (-5)[0m
[00:01:22.198,547] [1;31m<err> ads1220: config2 mismatch! 0x10 != 0x00[0m
[00:01:22.198,669] [1;31m<err> ads1220: config2 mismatch! 0x15 != 0x00[0m
[00:01:22.198,791] [1;31m<err> ads1220: config0 mismatch! 0x3C != 0x1C[0m
[00:01:22.198,822] [1;31m<err> analog_axis_hires: Could not setup channel #1 (-5)[0m
[00:01:22.206,512] [1;31m<err> ads1220: config2 mismatch! 0x10 != 0x00[0m
[00:01:22.206,665] [1;31m<err> ads1220: config2 mismatch! 0x15 != 0x00[0m
[00:01:22.206,817] [1;31m<err> ads1220: config0 mismatch! 0x3C != 0x1C[0m
[00:01:22.206,817] [1;31m<err> analog_axis_hires: Could not setup channel #1 (-5)[0m
[00:01:22.214,569] [1;31m<err> ads1220: config2 mismatch! 0x10 != 0x00[0m
[00:01:22.214,691] [1;31m<err> ads1220: config2 mismatch! 0x15 != 0x00[0m
[00:01:22.214,843] [1;31m<err> ads1220: config0 mismatch! 0x3C != 0x1C[0m
[00:01:22.214,843] [1;31m<err> analog_axis_hires: Could not setup channel #1 (-5)[0m
[00:01:22.222,625] [1;31m<err> ads1220: config2 mismatch! 0x10 != 0x00[0m
[00:01:22.222,747] [1;31m<err> ads1220: config2 mismatch! 0x15 != 0x00[0m
[00:01:22.222,869] [1;31m<err> ads1220: config0 mismatch! 0x3C != 0x1C[0m
[00:01:22.222,900] [1;31m<err> analog_axis_hires: Could not setup channel #1 (-5)[0m
[00:01:22.230,590] [1;31m<err> ads1220: config2 mismatch! 0x10 != 0x00[0m
[00:01:22.230,743] [1;31m<err> ads1220: config2 mismatch! 0x15 != 0x00[0m
[00:01:22.230,895] [1;31m<err> ads1220: config0 mismatch! 0x3C != 0x1C[0m
[00:01:22.230,895] [1;31m<err> analog_axis_hires: Could not setup channel #1 (-5)[0m
[00:01:22.238,647] [1;31m<err> ads1220: config2 mismatch! 0x10 != 0x00[0m
[00:01:22.238,769] [1;31m<err> ads1220: config2 mismatch! 0x15 != 0x00[0m
[00:01:22.238,922] [1;31m<err> ads1220: config0 mismatch! 0x3C != 0x1C[0m
[00:01:22.238,922] [1;31m<err> analog_axis_hires: Could not setup channel #1 (-5)[0m
[00:01:22.246,673] [1;31m<err> ads1220: config2 mismatch! 0x10 != 0x00[0m
[00:01:22.246,826] [1;31m<err> ads1220: config2 mismatch! 0x15 != 0x00[0m
[00:01:22.246,948] [1;31m<err> ads1220: config0 mismatch! 0x3C != 0x1C[0m
[00:01:22.246,948] [1;31m<err> analog_axis_hires: Could not setup channel #1 (-5)[0m
[00:01:22.254,669] [1;31m<err> ads1220: config2 mismatch! 0x10 != 0x00[0m
[00:01:22.254,821] [1;31m<err> ads1220: config2 mismatch! 0x15 != 0x00[0m
[00:01:22.254,974] [1;31m<err> ads1220: config0 mismatch! 0x3C != 0x1C[0m
[00:01:22.254,974] [1;31m<err> analog_axis_hires: Could not setup channel #1 (-5)[0m
[00:01:22.262,725] [1;31m<err> ads1220: config2 mismatch! 0x10 != 0x00[0m
[00:01:22.262,847] [1;31m<err> ads1220: config2 mismatch! 0x15 != 0x00[0m
[00:01:22.263,000] [1;31m<err> ads1220: config0 mismatch! 0x3C != 0x1C[0m
[00:01:22.263,031] [1;31m<err> analog_axis_hires: Could not setup channel #1 (-5)[0m
[00:01:22.270,782] [1;31m<err> ads1220: config2 mismatch! 0x10 != 0x00[0m
[00:01:22.270,904] [1;31m<err> ads1220: config2 mismatch! 0x15 != 0x00[0m
[00:01:22.271,026] [1;31m<err> ads1220: config0 mismatch! 0x3C != 0x1C[0m
[00:01:22.271,026] [1;31m<err> analog_axis_hires: Could not setup channel #1 (-5)[0m
[00:01:22.278,747] [1;31m<err> ads1220: config2 mismatch! 0x10 != 0x00[0m
[00:01:22.278,900] [1;31m<err> ads1220: config2 mismatch! 0x15 != 0x00[0m
[00:01:22.279,052] [1;31m<err> ads1220: config0 mismatch! 0x3C != 0x1C[0m
[00:01:22.279,052] [1;31m<err> analog_axis_hires: Could not setup channel #1 (-5)[0m
[00:01:22.286,804] [1;31m<err> ads1220: config2 mismatch! 0x10 != 0x00[0m
[00:01:22.286,926] [1;31m<err> ads1220: config2 mismatch! 0x15 != 0x00[0m
[00:01:22.287,078] [1;31m<err> ads1220: config0 mismatch! 0x3C != 0x1C[0m
[00:01:22.287,109] [1;31m<err> analog_axis_hires: Could not setup channel #1 (-5)[0m
[00:01:22.294,830] [1;31m<err> ads1220: config2 mismatch! 0x10 != 0x00[0m
[00:01:22.294,982] [1;31m<err> ads1220: config2 mismatch! 0x15 != 0x00[0m
[00:01:22.295,104] [1;31m<err> ads1220: config0 mismatch! 0x3C != 0x1C[0m
[00:01:22.295,104] [1;31m<err> analog_axis_hires: Could not setup channel #1 (-5)[0m
[00:01:22.302,825] [1;31m<err> ads1220: config2 mismatch! 0x10 != 0x00[0m
[00:01:22.302,978] [1;31m<err> ads1220: config2 mismatch! 0x15 != 0x00[0m
[00:01:22.303,131] [1;31m<err> ads1220: config0 mismatch! 0x3C != 0x1C[0m
[00:01:22.303,131] [1;31m<err> analog_axis_hires: Could not setup channel #1 (-5)[0m
[00:01:22.310,882] [1;31m<err> ads1220: config2 mismatch! 0x10 != 0x00[0m
[00:01:22.311,004] [1;31m<err> ads1220: config2 mismatch! 0x15 != 0x00[0m
[00:01:22.311,157] [1;31m<err> ads1220: config0 mismatch! 0x3C != 0x1C[0m
[00:01:22.311,187] [1;31m<err> analog_axis_hires: Could not setup channel #1 (-5)[0m
[00:01:22.318,939] [1;31m<err> ads1220: config2 mismatch! 0x10 != 0x00[0m
[00:01:22.319,061] [1;31m<err> ads1220: config2 mismatch! 0x15 != 0x00[0m
[00:01:22.319,183] [1;31m<err> ads1220: config0 mismatch! 0x3C != 0x1C[0m
[00:01:22.319,213] [1;31m<err> analog_axis_hires: Could not setup channel #1 (-5)[0m
[00:01:22.326,904] [1;31m<err> ads1220: config2 mismatch! 0x10 != 0x00[0m
[00:01:22.327,056] [1;31m<err> ads1220: config2 mismatch! 0x15 != 0x00[0m
[00:01:22.327,209] [1;31m<err> ads1220: config0 mismatch! 0x3C != 0x1C[0m
[00:01:22.327,209] [1;31m<err> analog_axis_hires: Could not setup channel #1 (-5)[0m
[00:01:22.334,960] [1;31m<err> ads1220: config2 mismatch! 0x10 != 0x00[0m
[00:01:22.335,083] [1;31m<err> ads1220: config2 mismatch! 0x15 != 0x00[0m
[00:01:22.335,235] [1;31m<err> ads1220: config0 mismatch! 0x3C != 0x1C[0m
[00:01:22.335,266] [1;31m<err> analog_axis_hires: Could not setup channel #1 (-5)[0m
[00:01:22.343,017] [1;31m<err> ads1220: config2 mismatch! 0x10 != 0x00[0m
[00:01:22.343,139] [1;31m<err> ads1220: config2 mismatch! 0x15 != 0x00[0m
[00:01:22.343,261] [1;31m<err> ads1220: config0 mismatch! 0x3C != 0x1C[0m
[00:01:22.343,292] [1;31m<err> analog_axis_hires: Could not setup channel #1 (-5)[0m
[00:01:22.350,982] [1;31m<err> ads1220: config2 mismatch! 0x10 != 0x00[0m
[00:01:22.351,135] [1;31m<err> ads1220: config2 mismatch! 0x15 != 0x00[0m
[00:01:22.351,287] [1;31m<err> ads1220: config0 mismatch! 0x3C != 0x1C[0m
[00:01:22.351,287] [1;31m<err> analog_axis_hires: Could not setup channel #1 (-5)[0m
[00:01:22.359,039] [1;31m<err> ads1220: config2 mismatch! 0x10 != 0x00[0m
[00:01:22.359,161] [1;31m<err> ads1220: config2 mismatch! 0x15 != 0x00[0m
[00:01:22.359,313] [1;31m<err> ads1220: config0 mismatch! 0x3C != 0x1C[0m
[00:01:22.359,344] [1;31m<err> analog_axis_hires: Could not setup channel #1 (-5)[0m
[00:01:22.367,095] [1;31m<err> ads1220: config2 mismatch! 0x10 != 0x00[0m
[00:01:22.367,218] [1;31m<err> ads1220: config2 mismatch! 0x15 != 0x00[0m
[00:01:22.367,340] [1;31m<err> ads1220: config0 mismatch! 0x3C != 0x1C[0m
[00:01:22.367,370] [1;31m<err> analog_axis_hires: Could not setup channel #1 (-5)[0m
[00:01:22.375,061] [1;31m<err> ads1220: config2 mismatch! 0x10 != 0x00[0m
[00:01:22.375,213] [1;31m<err> ads1220: config2 mismatch! 0x15 != 0x00[0m
[00:01:22.375,366] [1;31m<err> ads1220: config0 mismatch! 0x3C != 0x1C[0m
[00:01:22.375,366] [1;31m<err> analog_axis_hires: Could not setup channel #1 (-5)[0m
[00:01:22.383,117] [1;31m<err> ads1220: config2 mismatch! 0x10 != 0x00[0m
[00:01:22.383,239] [1;31m<err> ads1220: config2 mismatch! 0x15 != 0x00[0m
[00:01:22.383,392] [1;31m<err> ads1220: config0 mismatch! 0x3C != 0x1C[0m
[00:01:22.383,422] [1;31m<err> analog_axis_hires: Could not setup channel #1 (-5)[0m
[00:01:22.391,174] [1;31m<err> ads1220: config2 mismatch! 0x10 != 0x00[0m
[00:01:22.391,296] [1;31m<err> ads1220: config2 mismatch! 0x15 != 0x00[0m
[00:01:22.391,418] [1;31m<err> ads1220: config0 mismatch! 0x3C != 0x1C[0m
[00:01:22.391,448] [1;31m<err> analog_axis_hires: Could not setup channel #1 (-5)[0m
[00:01:22.399,139] [1;31m<err> ads1220: config2 mismatch! 0x10 != 0x00[0m
[00:01:22.399,291] [1;31m<err> ads1220: config2 mismatch! 0x15 != 0x00[0m
[00:01:22.399,444] [1;31m<err> ads1220: config0 mismatch! 0x3C != 0x1C[0m
[00:01:22.399,444] [1;31m<err> analog_axis_hires: Could not setup channel #1 (-5)[0m
[00:01:22.407,196] [1;31m<err> ads1220: config2 mismatch! 0x10 != 0x00[0m
[00:01:22.407,318] [1;31m<err> ads1220: config2 mismatch! 0x15 != 0x00[0m
[00:01:22.407,470] [1;31m<err> ads1220: config0 mismatch! 0x3C != 0x1C[0m
[00:01:22.407,501] [1;31m<err> analog_axis_hires: Could not setup channel #1 (-5)[0m
[00:01:22.415,252] [1;31m<err> ads1220: config2 mismatch! 0x10 != 0x00[0m
[00:01:22.415,374] [1;31m<err> ads1220: config2 mismatch! 0x15 != 0x00[0m
[00:01:22.415,496] [1;31m<err> ads1220: config0 mismatch! 0x3C != 0x1C[0m
[00:01:22.415,527] [1;31m<err> analog_axis_hires: Could not setup channel #1 (-5)[0m
[00:01:22.423,217] [1;31m<err> ads1220: config2 mismatch! 0x10 != 0x00[0m
[00:01:22.423,370] [1;31m<err> ads1220: config2 mismatch! 0x15 != 0x00[0m
[00:01:22.423,522] [1;31m<err> ads1220: config0 mismatch! 0x3C != 0x1C[0m
[00:01:22.423,522] [1;31m<err> analog_axis_hires: Could not setup channel #1 (-5)[0m
[00:01:22.431,274] [1;31m<err> ads1220: config2 mismatch! 0x10 != 0x00[0m
[00:01:22.431,396] [1;31m<err> ads1220: config2 mismatch! 0x15 != 0x00[0m
[00:01:22.431,549] [1;31m<err> ads1220: config0 mismatch! 0x3C != 0x1C[0m
[00:01:22.431,579] [1;31m<err> analog_axis_hires: Could not setup channel #1 (-5)[0m
[00:01:22.439,300] [1;31m<err> ads1220: config2 mismatch! 0x10 != 0x00[0m
[00:01:22.439,453] [1;31m<err> ads1220: config2 mismatch! 0x15 != 0x00[0m
[00:01:22.439,575] [1;31m<err> ads1220: config0 mismatch! 0x3C != 0x1C[0m
[00:01:22.439,575] [1;31m<err> analog_axis_hires: Could not setup channel #1 (-5)[0m
[00:01:22.447,296] [1;31m<err> ads1220: config2 mismatch! 0x10 != 0x00[0m
[00:01:22.447,448] [1;31m<err> ads1220: config2 mismatch! 0x15 != 0x00[0m
[00:01:22.447,601] [1;31m<err> ads1220: config0 mismatch! 0x3C != 0x1C[0m
[00:01:22.447,601] [1;31m<err> analog_axis_hires: Could not setup channel #1 (-5)[0m
[00:01:22.455,352] [1;31m<err> ads1220: config2 mismatch! 0x10 != 0x00[0m
[00:01:22.455,474] [1;31m<err> ads1220: config2 mismatch! 0x15 != 0x00[0m
[00:01:22.455,627] [1;31m<err> ads1220: config0 mismatch! 0x3C != 0x1C[0m
[00:01:22.455,657] [1;31m<err> analog_axis_hires: Could not setup channel #1 (-5)[0m
[00:01:22.463,409] [1;31m<err> ads1220: config2 mismatch! 0x10 != 0x00[0m
[00:01:22.463,531] [1;31m<err> ads1220: config2 mismatch! 0x15 != 0x00[0m
[00:01:22.463,653] [1;31m<err> ads1220: config0 mismatch! 0x3C != 0x1C[0m
[00:01:22.463,653] [1;31m<err> analog_axis_hires: Could not setup channel #1 (-5)[0m
[00:01:22.471,374] [1;31m<err> ads1220: config2 mismatch! 0x10 != 0x00[0m
[00:01:22.471,527] [1;31m<err> ads1220: config2 mismatch! 0x15 != 0x00[0m
[00:01:22.471,679] [1;31m<err> ads1220: config0 mismatch! 0x3C != 0x1C[0m
[00:01:22.471,679] [1;31m<err> analog_axis_hires: Could not setup channel #1 (-5)[0m
[00:01:22.479,431] [1;31m<err> ads1220: config2 mismatch! 0x10 != 0x00[0m
[00:01:22.479,553] [1;31m<err> ads1220: config2 mismatch! 0x15 != 0x00[0m
[00:01:22.479,705] [1;31m<err> ads1220: config0 mismatch! 0x3C != 0x1C[0m
[00:01:22.479,736] [1;31m<err> analog_axis_hires: Could not setup channel #1 (-5)[0m
[00:01:22.487,457] [1;31m<err> ads1220: config2 mismatch! 0x10 != 0x00[0m
[00:01:22.487,609] [1;31m<err> ads1220: config2 mismatch! 0x15 != 0x00[0m
[00:01:22.487,731] [1;31m<err> ads1220: config0 mismatch! 0x3C != 0x1C[0m
[00:01:22.487,731] [1;31m<err> analog_axis_hires: Could not setup channel #1 (-5)[0m
[00:01:22.495,452] [1;31m<err> ads1220: config2 mismatch! 0x10 != 0x00[0m
[00:01:22.495,605] [1;31m<err> ads1220: config2 mismatch! 0x15 != 0x00[0m
[00:01:22.495,758] [1;31m<err> ads1220: config0 mismatch! 0x3C != 0x1C[0m
[00:01:22.495,758] [1;31m<err> analog_axis_hires: Could not setup channel #1 (-5)[0m
[00:01:22.503,509] [1;31m<err> ads1220: config2 mismatch! 0x10 != 0x00[0m
[00:01:22.503,631] [1;31m<err> ads1220: config2 mismatch! 0x15 != 0x00[0m
[00:01:22.503,784] [1;31m<err> ads1220: config0 mismatch! 0x3C != 0x1C[0m
[00:01:22.503,814] [1;31m<err> analog_axis_hires: Could not setup channel #1 (-5)[0m
[00:01:22.511,566] [1;31m<err> ads1220: config2 mismatch! 0x10 != 0x00[0m
[00:01:22.511,688] [1;31m<err> ads1220: config2 mismatch! 0x15 != 0x00[0m
[00:01:22.511,810] [1;31m<err> ads1220: config0 mismatch! 0x3C != 0x1C[0m
[00:01:22.511,810] [1;31m<err> analog_axis_hires: Could not setup channel #1 (-5)[0m
[00:01:22.519,531] [1;31m<err> ads1220: config2 mismatch! 0x10 != 0x00[0m
[00:01:22.519,683] [1;31m<err> ads1220: config2 mismatch! 0x15 != 0x00[0m
[00:01:22.519,836] [1;31m<err> ads1220: config0 mismatch! 0x3C != 0x1C[0m
[00:01:22.519,836] [1;31m<err> analog_axis_hires: Could not setup channel #1 (-5)[0m
[00:01:22.527,587] [1;31m<err> ads1220: config2 mismatch! 0x10 != 0x00[0m
[00:01:22.527,709] [1;31m<err> ads1220: config2 mismatch! 0x15 != 0x00[0m
[00:01:22.527,862] [1;31m<err> ads1220: config0 mismatch! 0x3C != 0x1C[0m
[00:01:22.527,893] [1;31m<err> analog_axis_hires: Could not setup channel #1 (-5)[0m
[00:01:22.535,614] [1;31m<err> ads1220: config2 mismatch! 0x10 != 0x00[0m
[00:01:22.535,736] [1;31m<err> ads1220: config2 mismatch! 0x15 != 0x00[0m
[00:01:22.535,888] [1;31m<err> ads1220: config0 mismatch! 0x3C != 0x1C[0m
[00:01:22.535,888] [1;31m<err> analog_axis_hires: Could not setup channel #1 (-5)[0m
[00:01:22.543,609] [1;31m<err> ads1220: config2 mismatch! 0x10 != 0x00[0m
[00:01:22.543,762] [1;31m<err> ads1220: config2 mismatch! 0x15 != 0x00[0m
[00:01:22.543,914] [1;31m<err> ads1220: config0 mismatch! 0x3C != 0x1C[0m
[00:01:22.543,914] [1;31m<err> analog_axis_hires: Could not setup channel #1 (-5)[0m
[00:01:22.551,666] [1;31m<err> ads1220: config2 mismatch! 0x10 != 0x00[0m
[00:01:22.551,788] [1;31m<err> ads1220: config2 mismatch! 0x15 != 0x00[0m
[00:01:22.551,940] [1;31m<err> ads1220: config0 mismatch! 0x3C != 0x1C[0m
[00:01:22.551,971] [1;31m<err> analog_axis_hires: Could not setup channel #1 (-5)[0m
[00:01:22.559,692] [1;31m<err> ads1220: config2 mismatch! 0x10 != 0x00[0m
[00:01:22.559,844] [1;31m<err> ads1220: config2 mismatch! 0x15 != 0x00[0m
[00:01:22.559,967] [1;31m<err> ads1220: config0 mismatch! 0x3C != 0x1C[0m
[00:01:22.559,967] [1;31m<err> analog_axis_hires: Could not setup channel #1 (-5)[0m
[00:01:22.567,687] [1;31m<err> ads1220: config2 mismatch! 0x10 != 0x00[0m
[00:01:22.567,840] [1;31m<err> ads1220: config2 mismatch! 0x15 != 0x00[0m
[00:01:22.567,993] [1;31m<err> ads1220: config0 mismatch! 0x3C != 0x1C[0m
[00:01:22.567,993] [1;31m<err> analog_axis_hires: Could not setup channel #1 (-5)[0m
[00:01:22.575,744] [1;31m<err> ads1220: config2 mismatch! 0x10 != 0x00[0m
[00:01:22.575,866] [1;31m<err> ads1220: config2 mismatch! 0x15 != 0x00[0m
[00:01:22.576,019] [1;31m<err> ads1220: config0 mismatch! 0x3C != 0x1C[0m
[00:01:22.576,049] [1;31m<err> analog_axis_hires: Could not setup channel #1 (-5)[0m
[00:01:22.583,770] [1;31m<err> ads1220: config2 mismatch! 0x10 != 0x00[0m
[00:01:22.583,923] [1;31m<err> ads1220: config2 mismatch! 0x15 != 0x00[0m
[00:01:22.584,045] [1;31m<err> ads1220: config0 mismatch! 0x3C != 0x1C[0m
[00:01:22.584,045] [1;31m<err> analog_axis_hires: Could not setup channel #1 (-5)[0m
[00:01:22.591,766] [1;31m<err> ads1220: config2 mismatch! 0x10 != 0x00[0m
[00:01:22.591,918] [1;31m<err> ads1220: config2 mismatch! 0x15 != 0x00[0m
[00:01:22.592,071] [1;31m<err> ads1220: config0 mismatch! 0x3C != 0x1C[0m
[00:01:22.592,071] [1;31m<err> analog_axis_hires: Could not setup channel #1 (-5)[0m
[00:01:22.599,822] [1;31m<err> ads1220: config2 mismatch! 0x10 != 0x00[0m
[00:01:22.599,945] [1;31m<err> ads1220: config2 mismatch! 0x15 != 0x00[0m
[00:01:22.600,097] [1;31m<err> ads1220: config0 mismatch! 0x3C != 0x1C[0m
[00:01:22.600,128] [1;31m<err> analog_axis_hires: Could not setup channel #1 (-5)[0m
[00:01:22.607,849] [1;31m<err> ads1220: config2 mismatch! 0x10 != 0x00[0m
[00:01:22.607,971] [1;31m<err> ads1220: config2 mismatch! 0x15 != 0x00[0m
[00:01:22.608,123] [1;31m<err> ads1220: config0 mismatch! 0x3C != 0x1C[0m
[00:01:22.608,123] [1;31m<err> analog_axis_hires: Could not setup channel #1 (-5)[0m
[00:01:22.615,844] [1;31m<err> ads1220: config2 mismatch! 0x10 != 0x00[0m
[00:01:22.615,997] [1;31m<err> ads1220: config2 mismatch! 0x15 != 0x00[0m
[00:01:22.616,149] [1;31m<err> ads1220: config0 mismatch! 0x3C != 0x1C[0m
[00:01:22.616,149] [1;31m<err> analog_axis_hires: Could not setup channel #1 (-5)[0m
[00:01:22.623,901] [1;31m<err> ads1220: config2 mismatch! 0x10 != 0x00[0m
[00:01:22.624,023] [1;31m<err> ads1220: config2 mismatch! 0x15 != 0x00[0m
[00:01:22.624,176] [1;31m<err> ads1220: config0 mismatch! 0x3C != 0x1C[0m
[00:01:22.624,206] [1;31m<err> analog_axis_hires: Could not setup channel #1 (-5)[0m
[00:01:22.631,958] [1;31m<err> ads1220: config2 mismatch! 0x10 != 0x00[0m
[00:01:22.632,080] [1;31m<err> ads1220: config2 mismatch! 0x15 != 0x00[0m
[00:01:22.632,202] [1;31m<err> ads1220: config0 mismatch! 0x3C != 0x1C[0m
[00:01:22.632,232] [1;31m<err> analog_axis_hires: Could not setup channel #1 (-5)[0m
[00:01:22.639,923] [1;31m<err> ads1220: config2 mismatch! 0x10 != 0x00[0m
[00:01:22.640,075] [1;31m<err> ads1220: config2 mismatch! 0x15 != 0x00[0m
[00:01:22.640,228] [1;31m<err> ads1220: config0 mismatch! 0x3C != 0x1C[0m
[00:01:22.640,228] [1;31m<err> analog_axis_hires: Could not setup channel #1 (-5)[0m
[00:01:22.647,979] [1;31m<err> ads1220: config2 mismatch! 0x10 != 0x00[0m
[00:01:22.648,101] [1;31m<err> ads1220: config2 mismatch! 0x15 != 0x00[0m
[00:01:22.648,254] [1;31m<err> ads1220: config0 mismatch! 0x3C != 0x1C[0m
[00:01:22.648,284] [1;31m<err> analog_axis_hires: Could not setup channel #1 (-5)[0m
[00:01:22.656,036] [1;31m<err> ads1220: config2 mismatch! 0x10 != 0x00[0m
[00:01:22.656,158] [1;31m<err> ads1220: config2 mismatch! 0x15 != 0x00[0m
[00:01:22.656,280] [1;31m<err> ads1220: config0 mismatch! 0x3C != 0x1C[0m
[00:01:22.656,311] [1;31m<err> analog_axis_hires: Could not setup channel #1 (-5)[0m
[00:01:22.664,001] [1;31m<err> ads1220: config2 mismatch! 0x10 != 0x00[0m
[00:01:22.664,154] [1;31m<err> ads1220: config2 mismatch! 0x15 != 0x00[0m
[00:01:22.664,306] [1;31m<err> ads1220: config0 mismatch! 0x3C != 0x1C[0m
[00:01:22.664,306] [1;31m<err> analog_axis_hires: Could not setup channel #1 (-5)[0m
[00:01:22.672,058] [1;31m<err> ads1220: config2 mismatch! 0x10 != 0x00[0m
[00:01:22.672,180] [1;31m<err> ads1220: config2 mismatch! 0x15 != 0x00[0m
[00:01:22.672,332] [1;31m<err> ads1220: config0 mismatch! 0x3C != 0x1C[0m
[00:01:22.672,363] [1;31m<err> analog_axis_hires: Could not setup channel #1 (-5)[0m
[00:01:22.680,053] [1;31m<err> ads1220: config2 mismatch! 0x10 != 0x00[0m
[00:01:22.680,175] [1;31m<err> ads1220: config2 mismatch! 0x15 != 0x00[0m
[00:01:22.680,297] [1;31m<err> ads1220: config0 mismatch! 0x3C != 0x1C[0m
[00:01:22.680,328] [1;31m<err> analog_axis_hires: Could not setup channel #1 (-5)[0m
[00:01:22.688,079] [1;31m<err> ads1220: config2 mismatch! 0x10 != 0x00[0m
[00:01:22.688,232] [1;31m<err> ads1220: config2 mismatch! 0x15 != 0x00[0m
[00:01:22.688,385] [1;31m<err> ads1220: config0 mismatch! 0x3C != 0x1C[0m
[00:01:22.688,385] [1;31m<err> analog_axis_hires: Could not setup channel #1 (-5)[0m
[00:01:22.696,136] [1;31m<err> ads1220: config2 mismatch! 0x10 != 0x00[0m
[00:01:22.696,258] [1;31m<err> ads1220: config2 mismatch! 0x15 != 0x00[0m
[00:01:22.696,411] [1;31m<err> ads1220: config0 mismatch! 0x3C != 0x1C[0m
[00:01:22.696,441] [1;31m<err> analog_axis_hires: Could not setup channel #1 (-5)[0m
[00:01:22.704,193] [1;31m<err> ads1220: config2 mismatch! 0x10 != 0x00[0m
[00:01:22.704,315] [1;31m<err> ads1220: config2 mismatch! 0x15 != 0x00[0m
[00:01:22.704,437] [1;31m<err> ads1220: config0 mismatch! 0x3C != 0x1C[0m
[00:01:22.704,437] [1;31m<err> analog_axis_hires: Could not setup channel #1 (-5)[0m
[00:01:22.712,158] [1;31m<err> ads1220: config2 mismatch! 0x10 != 0x00[0m
[00:01:22.712,310] [1;31m<err> ads1220: config2 mismatch! 0x15 != 0x00[0m
[00:01:22.712,463] [1;31m<err> ads1220: config0 mismatch! 0x3C != 0x1C[0m
[00:01:22.712,463] [1;31m<err> analog_axis_hires: Could not setup channel #1 (-5)[0m
[00:01:22.720,214] [1;31m<err> ads1220: config2 mismatch! 0x10 != 0x00[0m
[00:01:22.720,336] [1;31m<err> ads1220: config2 mismatch! 0x15 != 0x00[0m
[00:01:22.720,489] [1;31m<err> ads1220: config0 mismatch! 0x3C != 0x1C[0m
[00:01:22.720,520] [1;31m<err> analog_axis_hires: Could not setup channel #1 (-5)[0m
[00:01:22.728,271] [1;31m<err> ads1220: config2 mismatch! 0x10 != 0x00[0m
[00:01:22.728,393] [1;31m<err> ads1220: config2 mismatch! 0x15 != 0x00[0m
[00:01:22.728,515] [1;31m<err> ads1220: config0 mismatch! 0x3C != 0x1C[0m
[00:01:22.728,546] [1;31m<err> analog_axis_hires: Could not setup channel #1 (-5)[0m
[00:01:22.736,236] [1;31m<err> ads1220: config2 mismatch! 0x10 != 0x00[0m
[00:01:22.736,389] [1;31m<err> ads1220: config2 mismatch! 0x15 != 0x00[0m
[00:01:22.736,541] [1;31m<err> ads1220: config0 mismatch! 0x3C != 0x1C[0m
[00:01:22.736,541] [1;31m<err> analog_axis_hires: Could not setup channel #1 (-5)[0m
[00:01:22.744,293] [1;31m<err> ads1220: config2 mismatch! 0x10 != 0x00[0m
[00:01:22.744,415] [1;31m<err> ads1220: config2 mismatch! 0x15 != 0x00[0m
[00:01:22.744,567] [1;31m<err> ads1220: config0 mismatch! 0x3C != 0x1C[0m
[00:01:22.744,598] [1;31m<err> analog_axis_hires: Could not setup channel #1 (-5)[0m
[00:01:22.752,349] [1;31m<err> ads1220: config2 mismatch! 0x10 != 0x00[0m
[00:01:22.752,471] [1;31m<err> ads1220: config2 mismatch! 0x15 != 0x00[0m
[00:01:22.752,593] [1;31m<err> ads1220: config0 mismatch! 0x3C != 0x1C[0m
[00:01:22.752,593] [1;31m<err> analog_axis_hires: Could not setup channel #1 (-5)[0m
[00:01:22.760,314] [1;31m<err> ads1220: config2 mismatch! 0x10 != 0x00[0m
[00:01:22.760,467] [1;31m<err> ads1220: config2 mismatch! 0x15 != 0x00[0m
[00:01:22.760,620] [1;31m<err> ads1220: config0 mismatch! 0x3C != 0x1C[0m
[00:01:22.760,620] [1;31m<err> analog_axis_hires: Could not setup channel #1 (-5)[0m
[00:01:22.768,371] [1;31m<err> ads1220: config2 mismatch! 0x10 != 0x00[0m
[00:01:22.768,493] [1;31m<err> ads1220: config2 mismatch! 0x15 != 0x00[0m
[00:01:22.768,646] [1;31m<err> ads1220: config0 mismatch! 0x3C != 0x1C[0m
[00:01:22.768,676] [1;31m<err> analog_axis_hires: Could not setup channel #1 (-5)[0m
[00:01:22.776,428] [1;31m<err> ads1220: config2 mismatch! 0x10 != 0x00[0m
[00:01:22.776,550] [1;31m<err> ads1220: config2 mismatch! 0x15 != 0x00[0m
[00:01:22.776,672] [1;31m<err> ads1220: config0 mismatch! 0x3C != 0x1C[0m
[00:01:22.776,672] [1;31m<err> analog_axis_hires: Could not setup channel #1 (-5)[0m
[00:01:22.784,393] [1;31m<err> ads1220: config2 mismatch! 0x10 != 0x00[0m
[00:01:22.784,545] [1;31m<err> ads1220: config2 mismatch! 0x15 != 0x00[0m
[00:01:22.784,698] [1;31m<err> ads1220: config0 mismatch! 0x3C != 0x1C[0m
[00:01:22.784,698] [1;31m<err> analog_axis_hires: Could not setup channel #1 (-5)[0m
[00:01:22.792,449] [1;31m<err> ads1220: config2 mismatch! 0x10 != 0x00[0m
[00:01:22.792,572] [1;31m<err> ads1220: config2 mismatch! 0x15 != 0x00[0m
[00:01:22.792,724] [1;31m<err> ads1220: config0 mismatch! 0x3C != 0x1C[0m
[00:01:22.792,755] [1;31m<err> analog_axis_hires: Could not setup channel #1 (-5)[0m
[00:01:22.800,506] [1;31m<err> ads1220: config2 mismatch! 0x10 != 0x00[0m
[00:01:22.800,628] [1;31m<err> ads1220: config2 mismatch! 0x15 != 0x00[0m
[00:01:22.800,750] [1;31m<err> ads1220: config0 mismatch! 0x3C != 0x1C[0m
[00:01:22.800,750] [1;31m<err> analog_axis_hires: Could not setup channel #1 (-5)[0m
[00:01:22.808,471] [1;31m<err> ads1220: config2 mismatch! 0x10 != 0x00[0m
[00:01:22.808,624] [1;31m<err> ads1220: config2 mismatch! 0x15 != 0x00[0m
[00:01:22.808,776] [1;31m<err> ads1220: config0 mismatch! 0x3C != 0x1C[0m
[00:01:22.808,776] [1;31m<err> analog_axis_hires: Could not setup channel #1 (-5)[0m
[00:01:22.816,528] [1;31m<err> ads1220: config2 mismatch! 0x10 != 0x00[0m
[00:01:22.816,650] [1;31m<err> ads1220: config2 mismatch! 0x15 != 0x00[0m
[00:01:22.816,802] [1;31m<err> ads1220: config0 mismatch! 0x3C != 0x1C[0m
[00:01:22.816,833] [1;31m<err> analog_axis_hires: Could not setup channel #1 (-5)[0m
[00:01:22.824,554] [1;31m<err> ads1220: config2 mismatch! 0x10 != 0x00[0m
[00:01:22.824,707] [1;31m<err> ads1220: config2 mismatch! 0x15 != 0x00[0m
[00:01:22.824,829] [1;31m<err> ads1220: config0 mismatch! 0x3C != 0x1C[0m
[00:01:22.824,829] [1;31m<err> analog_axis_hires: Could not setup channel #1 (-5)[0m
[00:01:22.832,550] [1;31m<err> ads1220: config2 mismatch! 0x10 != 0x00[0m
[00:01:22.832,702] [1;31m<err> ads1220: config2 mismatch! 0x15 != 0x00[0m
[00:01:22.832,855] [1;31m<err> ads1220: config0 mismatch! 0x3C != 0x1C[0m
[00:01:22.832,855] [1;31m<err> analog_axis_hires: Could not setup channel #1 (-5)[0m
[00:01:22.840,606] [1;31m<err> ads1220: config2 mismatch! 0x10 != 0x00[0m
[00:01:22.840,728] [1;31m<err> ads1220: config2 mismatch! 0x15 != 0x00[0m
[00:01:22.840,881] [1;31m<err> ads1220: config0 mismatch! 0x3C != 0x1C[0m
[00:01:22.840,911] [1;31m<err> analog_axis_hires: Could not setup channel #1 (-5)[0m
[00:01:22.848,632] [1;31m<err> ads1220: config2 mismatch! 0x10 != 0x00[0m
[00:01:22.848,785] [1;31m<err> ads1220: config2 mismatch! 0x15 != 0x00[0m
[00:01:22.848,907] [1;31m<err> ads1220: config0 mismatch! 0x3C != 0x1C[0m
[00:01:22.848,907] [1;31m<err> analog_axis_hires: Could not setup channel #1 (-5)[0m
[00:01:22.856,628] [1;31m<err> ads1220: config2 mismatch! 0x10 != 0x00[0m
[00:01:22.856,781] [1;31m<err> ads1220: config2 mismatch! 0x15 != 0x00[0m
[00:01:22.856,933] [1;31m<err> ads1220: config0 mismatch! 0x3C != 0x1C[0m
[00:01:22.856,933] [1;31m<err> analog_axis_hires: Could not setup channel #1 (-5)[0m
[00:01:22.864,685] [1;31m<err> ads1220: config2 mismatch! 0x10 != 0x00[0m
[00:01:22.864,807] [1;31m<err> ads1220: config2 mismatch! 0x15 != 0x00[0m
[00:01:22.864,959] [1;31m<err> ads1220: config0 mismatch! 0x3C != 0x1C[0m
[00:01:22.864,990] [1;31m<err> analog_axis_hires: Could not setup channel #1 (-5)[0m
[00:01:22.872,741] [1;31m<err> ads1220: config2 mismatch! 0x10 != 0x00[0m
[00:01:22.872,863] [1;31m<err> ads1220: config2 mismatch! 0x15 != 0x00[0m
[00:01:22.873,016] [1;31m<err> ads1220: config0 mismatch! 0x3C != 0x1C[0m
[00:01:22.873,016] [1;31m<err> analog_axis_hires: Could not setup channel #1 (-5)[0m
[00:01:22.880,706] [1;31m<err> ads1220: config2 mismatch! 0x10 != 0x00[0m
[00:01:22.880,859] [1;31m<err> ads1220: config2 mismatch! 0x15 != 0x00[0m
[00:01:22.881,011] [1;31m<err> ads1220: config0 mismatch! 0x3C != 0x1C[0m
[00:01:22.881,011] [1;31m<err> analog_axis_hires: Could not setup channel #1 (-5)[0m
[00:01:22.888,763] [1;31m<err> ads1220: config2 mismatch! 0x10 != 0x00[0m
[00:01:22.888,885] [1;31m<err> ads1220: config2 mismatch! 0x15 != 0x00[0m
[00:01:22.889,038] [1;31m<err> ads1220: config0 mismatch! 0x3C != 0x1C[0m
[00:01:22.889,068] [1;31m<err> analog_axis_hires: Could not setup channel #1 (-5)[0m
[00:01:22.896,820] [1;31m<err> ads1220: config2 mismatch! 0x10 != 0x00[0m
[00:01:22.896,942] [1;31m<err> ads1220: config2 mismatch! 0x15 != 0x00[0m
[00:01:22.897,064] [1;31m<err> ads1220: config0 mismatch! 0x3C != 0x1C[0m
[00:01:22.897,094] [1;31m<err> analog_axis_hires: Could not setup channel #1 (-5)[0m
[00:01:22.904,785] [1;31m<err> ads1220: config2 mismatch! 0x10 != 0x00[0m
[00:01:22.904,937] [1;31m<err> ads1220: config2 mismatch! 0x15 != 0x00[0m
[00:01:22.905,090] [1;31m<err> ads1220: config0 mismatch! 0x3C != 0x1C[0m
[00:01:22.905,090] [1;31m<err> analog_axis_hires: Could not setup channel #1 (-5)[0m
[00:01:22.912,841] [1;31m<err> ads1220: config2 mismatch! 0x10 != 0x00[0m
[00:01:22.912,963] [1;31m<err> ads1220: config2 mismatch! 0x15 != 0x00[0m
[00:01:22.913,116] [1;31m<err> ads1220: config0 mismatch! 0x3C != 0x1C[0m
[00:01:22.913,146] [1;31m<err> analog_axis_hires: Could not setup channel #1 (-5)[0m
[00:01:22.920,898] [1;31m<err> ads1220: config2 mismatch! 0x10 != 0x00[0m
[00:01:22.921,020] [1;31m<err> ads1220: config2 mismatch! 0x15 != 0x00[0m
[00:01:22.921,142] [1;31m<err> ads1220: config0 mismatch! 0x3C != 0x1C[0m
[00:01:22.921,173] [1;31m<err> analog_axis_hires: Could not setup channel #1 (-5)[0m
[00:01:22.928,863] [1;31m<err> ads1220: config2 mismatch! 0x10 != 0x00[0m
[00:01:22.929,016] [1;31m<err> ads1220: config2 mismatch! 0x15 != 0x00[0m
[00:01:22.929,168] [1;31m<err> ads1220: config0 mismatch! 0x3C != 0x1C[0m
[00:01:22.929,168] [1;31m<err> analog_axis_hires: Could not setup channel #1 (-5)[0m
[00:01:22.936,920] [1;31m<err> ads1220: config2 mismatch! 0x10 != 0x00[0m
[00:01:22.937,042] [1;31m<err> ads1220: config2 mismatch! 0x15 != 0x00[0m
[00:01:22.937,194] [1;31m<err> ads1220: config0 mismatch! 0x3C != 0x1C[0m
[00:01:22.937,225] [1;31m<err> analog_axis_hires: Could not setup channel #1 (-5)[0m
[00:01:22.944,946] [1;31m<err> ads1220: config2 mismatch! 0x10 != 0x00[0m
[00:01:22.945,098] [1;31m<err> ads1220: config2 mismatch! 0x15 != 0x00[0m
[00:01:22.945,220] [1;31m<err> ads1220: config0 mismatch! 0x3C != 0x1C[0m
[00:01:22.945,220] [1;31m<err> analog_axis_hires: Could not setup channel #1 (-5)[0m
[00:01:22.952,941] [1;31m<err> ads1220: config2 mismatch! 0x10 != 0x00[0m
[00:01:22.953,094] [1;31m<err> ads1220: config2 mismatch! 0x15 != 0x00[0m
[00:01:22.953,247] [1;31m<err> ads1220: config0 mismatch! 0x3C != 0x1C[0m
[00:01:22.953,247] [1;31m<err> analog_axis_hires: Could not setup channel #1 (-5)[0m
[00:01:22.960,998] [1;31m<err> ads1220: config2 mismatch! 0x10 != 0x00[0m
[00:01:22.961,120] [1;31m<err> ads1220: config2 mismatch! 0x15 != 0x00[0m
[00:01:22.961,273] [1;31m<err> ads1220: config0 mismatch! 0x3C != 0x1C[0m
[00:01:22.961,303] [1;31m<err> analog_axis_hires: Could not setup channel #1 (-5)[0m
[00:01:22.969,055] [1;31m<err> ads1220: config2 mismatch! 0x10 != 0x00[0m
[00:01:22.969,177] [1;31m<err> ads1220: config2 mismatch! 0x15 != 0x00[0m
[00:01:22.969,299] [1;31m<err> ads1220: config0 mismatch! 0x3C != 0x1C[0m
[00:01:22.969,329] [1;31m<err> analog_axis_hires: Could not setup channel #1 (-5)[0m
[00:01:22.977,020] [1;31m<err> ads1220: config2 mismatch! 0x10 != 0x00[0m
[00:01:22.977,172] [1;31m<err> ads1220: config2 mismatch! 0x15 != 0x00[0m
[00:01:22.977,325] [1;31m<err> ads1220: config0 mismatch! 0x3C != 0x1C[0m
[00:01:22.977,325] [1;31m<err> analog_axis_hires: Could not setup channel #1 (-5)[0m
[00:01:22.985,076] [1;31m<err> ads1220: config2 mismatch! 0x10 != 0x00[0m
[00:01:22.985,198] [1;31m<err> ads1220: config2 mismatch! 0x15 != 0x00[0m
[00:01:22.985,351] [1;31m<err> ads1220: config0 mismatch! 0x3C != 0x1C[0m
[00:01:22.985,382] [1;31m<err> analog_axis_hires: Could not setup channel #1 (-5)[0m
[00:01:22.993,133] [1;31m<err> ads1220: config2 mismatch! 0x10 != 0x00[0m
[00:01:22.993,255] [1;31m<err> ads1220: config2 mismatch! 0x15 != 0x00[0m
[00:01:22.993,377] [1;31m<err> ads1220: config0 mismatch! 0x3C != 0x1C[0m
[00:01:22.993,377] [1;31m<err> analog_axis_hires: Could not setup channel #1 (-5)[0m
[00:01:23.001,098] [1;31m<err> ads1220: config2 mismatch! 0x10 != 0x00[0m
[00:01:23.001,251] [1;31m<err> ads1220: config2 mismatch! 0x15 != 0x00[0m
[00:01:23.001,403] [1;31m<err> ads1220: config0 mismatch! 0x3C != 0x1C[0m
[00:01:23.001,403] [1;31m<err> analog_axis_hires: Could not setup channel #1 (-5)[0m
[00:01:23.009,155] [1;31m<err> ads1220: config2 mismatch! 0x10 != 0x00[0m
[00:01:23.009,277] [1;31m<err> ads1220: config2 mismatch! 0x15 != 0x00[0m
[00:01:23.009,429] [1;31m<err> ads1220: config0 mismatch! 0x3C != 0x1C[0m
[00:01:23.009,460] [1;31m<err> analog_axis_hires: Could not setup channel #1 (-5)[0m
[00:01:23.017,211] [1;31m<err> ads1220: config2 mismatch! 0x10 != 0x00[0m
[00:01:23.017,333] [1;31m<err> ads1220: config2 mismatch! 0x15 != 0x00[0m
[00:01:23.017,456] [1;31m<err> ads1220: config0 mismatch! 0x3C != 0x1C[0m
[00:01:23.017,486] [1;31m<err> analog_axis_hires: Could not setup channel #1 (-5)[0m
[00:01:23.025,177] [1;31m<err> ads1220: config2 mismatch! 0x10 != 0x00[0m
[00:01:23.025,329] [1;31m<err> ads1220: config2 mismatch! 0x15 != 0x00[0m
[00:01:23.025,482] [1;31m<err> ads1220: config0 mismatch! 0x3C != 0x1C[0m
[00:01:23.025,482] [1;31m<err> analog_axis_hires: Could not setup channel #1 (-5)[0m
[00:01:23.033,233] [1;31m<err> ads1220: config2 mismatch! 0x10 != 0x00[0m
[00:01:23.033,355] [1;31m<err> ads1220: config2 mismatch! 0x15 != 0x00[0m
[00:01:23.033,508] [1;31m<err> ads1220: config0 mismatch! 0x3C != 0x1C[0m
[00:01:23.033,538] [1;31m<err> analog_axis_hires: Could not setup channel #1 (-5)[0m
[00:01:23.041,290] [1;31m<err> ads1220: config2 mismatch! 0x10 != 0x00[0m
[00:01:23.041,412] [1;31m<err> ads1220: config2 mismatch! 0x15 != 0x00[0m
[00:01:23.041,534] [1;31m<err> ads1220: config0 mismatch! 0x3C != 0x1C[0m
[00:01:23.041,564] [1;31m<err> analog_axis_hires: Could not setup channel #1 (-5)[0m
[00:01:23.049,255] [1;31m<err> ads1220: config2 mismatch! 0x10 != 0x00[0m
[00:01:23.049,407] [1;31m<err> ads1220: config2 mismatch! 0x15 != 0x00[0m
[00:01:23.049,560] [1;31m<err> ads1220: config0 mismatch! 0x3C != 0x1C[0m
[00:01:23.049,560] [1;31m<err> analog_axis_hires: Could not setup channel #1 (-5)[0m
[00:01:23.057,312] [1;31m<err> ads1220: config2 mismatch! 0x10 != 0x00[0m
[00:01:23.057,434] [1;31m<err> ads1220: config2 mismatch! 0x15 != 0x00[0m
[00:01:23.057,586] [1;31m<err> ads1220: config0 mismatch! 0x3C != 0x1C[0m
[00:01:23.057,586] [1;31m<err> analog_axis_hires: Could not setup channel #1 (-5)[0m
[00:01:23.065,368] [1;31m<err> ads1220: config2 mismatch! 0x10 != 0x00[0m
[00:01:23.065,490] [1;31m<err> ads1220: config2 mismatch! 0x15 != 0x00[0m
[00:01:23.065,612] [1;31m<err> ads1220: config0 mismatch! 0x3C != 0x1C[0m
[00:01:23.065,612] [1;31m<err> analog_axis_hires: Could not setup channel #1 (-5)[0m
[00:01:23.073,425] [1;31m<err> ads1220: config2 mismatch! 0x10 != 0x00[0m
[00:01:23.073,547] [1;31m<err> ads1220: config2 mismatch! 0x15 != 0x00[0m
[00:01:23.073,699] [1;31m<err> ads1220: config0 mismatch! 0x3C != 0x1C[0m
[00:01:23.073,699] [1;31m<err> analog_axis_hires: Could not setup channel #1 (-5)[0m
[00:01:23.081,390] [1;31m<err> ads1220: config2 mismatch! 0x10 != 0x00[0m
[00:01:23.081,512] [1;31m<err> ads1220: config2 mismatch! 0x15 != 0x00[0m
[00:01:23.081,665] [1;31m<err> ads1220: config0 mismatch! 0x3C != 0x1C[0m
[00:01:23.081,665] [1;31m<err> analog_axis_hires: Could not setup channel #1 (-5)[0m
[00:01:23.089,447] [1;31m<err> ads1220: config2 mismatch! 0x10 != 0x00[0m
[00:01:23.089,569] [1;31m<err> ads1220: config2 mismatch! 0x15 != 0x00[0m
[00:01:23.089,721] [1;31m<err> ads1220: config0 mismatch! 0x3C != 0x1C[0m
[00:01:23.089,721] [1;31m<err> analog_axis_hires: Could not setup channel #1 (-5)[0m
[00:01:23.097,473] [1;31m<err> ads1220: config2 mismatch! 0x10 != 0x00[0m
[00:01:23.097,625] [1;31m<err> ads1220: config2 mismatch! 0x15 != 0x00[0m
[00:01:23.097,747] [1;31m<err> ads1220: config0 mismatch! 0x3C != 0x1C[0m
[00:01:23.097,778] [1;31m<err> analog_axis_hires: Could not setup channel #1 (-5)[0m
[00:01:23.105,468] [1;31m<err> ads1220: config2 mismatch! 0x10 != 0x00[0m
[00:01:23.105,590] [1;31m<err> ads1220: config2 mismatch! 0x15 != 0x00[0m
[00:01:23.105,743] [1;31m<err> ads1220: config0 mismatch! 0x3C != 0x1C[0m
[00:01:23.105,743] [1;31m<err> analog_axis_hires: Could not setup channel #1 (-5)[0m
[00:01:23.113,525] [1;31m<err> ads1220: config2 mismatch! 0x10 != 0x00[0m
[00:01:23.113,647] [1;31m<err> ads1220: config2 mismatch! 0x15 != 0x00[0m
[00:01:23.113,800] [1;31m<err> ads1220: config0 mismatch! 0x3C != 0x1C[0m
[00:01:23.113,800] [1;31m<err> analog_axis_hires: Could not setup channel #1 (-5)[0m
[00:01:23.121,490] [1;31m<err> ads1220: config2 mismatch! 0x10 != 0x00[0m
[00:01:23.121,643] [1;31m<err> ads1220: config2 mismatch! 0x15 != 0x00[0m
[00:01:23.121,795] [1;31m<err> ads1220: config0 mismatch! 0x3C != 0x1C[0m
[00:01:23.121,795] [1;31m<err> analog_axis_hires: Could not setup channel #1 (-5)[0m
[00:01:23.129,547] [1;31m<err> ads1220: config2 mismatch! 0x10 != 0x00[0m
[00:01:23.129,669] [1;31m<err> ads1220: config2 mismatch! 0x15 != 0x00[0m
[00:01:23.129,821] [1;31m<err> ads1220: config0 mismatch! 0x3C != 0x1C[0m
[00:01:23.129,821] [1;31m<err> analog_axis_hires: Could not setup channel #1 (-5)[0m
[00:01:23.137,573] [1;31m<err> ads1220: config2 mismatch! 0x10 != 0x00[0m
[00:01:23.137,695] [1;31m<err> ads1220: config2 mismatch! 0x15 != 0x00[0m
[00:01:23.137,847] [1;31m<err> ads1220: config0 mismatch! 0x3C != 0x1C[0m
[00:01:23.137,847] [1;31m<err> analog_axis_hires: Could not setup channel #1 (-5)[0m
[00:01:23.145,568] [1;31m<err> ads1220: config2 mismatch! 0x10 != 0x00[0m
[00:01:23.145,721] [1;31m<err> ads1220: config2 mismatch! 0x15 != 0x00[0m
[00:01:23.145,874] [1;31m<err> ads1220: config0 mismatch! 0x3C != 0x1C[0m
[00:01:23.145,874] [1;31m<err> analog_axis_hires: Could not setup channel #1 (-5)[0m
[00:01:23.153,625] [1;31m<err> ads1220: config2 mismatch! 0x10 != 0x00[0m
[00:01:23.153,747] [1;31m<err> ads1220: config2 mismatch! 0x15 != 0x00[0m
[00:01:23.153,900] [1;31m<err> ads1220: config0 mismatch! 0x3C != 0x1C[0m
[00:01:23.153,900] [1;31m<err> analog_axis_hires: Could not setup channel #1 (-5)[0m
[00:01:23.161,682] [1;31m<err> ads1220: config2 mismatch! 0x10 != 0x00[0m
[00:01:23.161,804] [1;31m<err> ads1220: config2 mismatch! 0x15 != 0x00[0m
[00:01:23.161,956] [1;31m<err> ads1220: config0 mismatch! 0x3C != 0x1C[0m
[00:01:23.161,956] [1;31m<err> analog_axis_hires: Could not setup channel #1 (-5)[0m
[00:01:23.169,647] [1;31m<err> ads1220: config2 mismatch! 0x10 != 0x00[0m
[00:01:23.169,799] [1;31m<err> ads1220: config2 mismatch! 0x15 != 0x00[0m
[00:01:23.169,952] [1;31m<err> ads1220: config0 mismatch! 0x3C != 0x1C[0m
[00:01:23.169,952] [1;31m<err> analog_axis_hires: Could not setup channel #1 (-5)[0m
[00:01:23.177,703] [1;31m<err> ads1220: config2 mismatch! 0x10 != 0x00[0m
[00:01:23.177,825] [1;31m<err> ads1220: config2 mismatch! 0x15 != 0x00[0m
[00:01:23.177,978] [1;31m<err> ads1220: config0 mismatch! 0x3C != 0x1C[0m
[00:01:23.177,978] [1;31m<err> analog_axis_hires: Could not setup channel #1 (-5)[0m
[00:01:23.185,760] [1;31m<err> ads1220: config2 mismatch! 0x10 != 0x00[0m
[00:01:23.185,882] [1;31m<err> ads1220: config2 mismatch! 0x15 != 0x00[0m
[00:01:23.186,035] [1;31m<err> ads1220: config0 mismatch! 0x3C != 0x1C[0m
[00:01:23.186,035] [1;31m<err> analog_axis_hires: Could not setup channel #1 (-5)[0m
[00:01:23.193,725] [1;31m<err> ads1220: config2 mismatch! 0x10 != 0x00[0m
[00:01:23.193,878] [1;31m<err> ads1220: config2 mismatch! 0x15 != 0x00[0m
[00:01:23.194,030] [1;31m<err> ads1220: config0 mismatch! 0x3C != 0x1C[0m
[00:01:23.194,030] [1;31m<err> analog_axis_hires: Could not setup channel #1 (-5)[0m
[00:01:23.201,782] [1;31m<err> ads1220: config2 mismatch! 0x10 != 0x00[0m
[00:01:23.201,904] [1;31m<err> ads1220: config2 mismatch! 0x15 != 0x00[0m
[00:01:23.202,056] [1;31m<err> ads1220: config0 mismatch! 0x3C != 0x1C[0m
[00:01:23.202,056] [1;31m<err> analog_axis_hires: Could not setup channel #1 (-5)[0m
[00:01:23.209,838] [1;31m<err> ads1220: config2 mismatch! 0x10 != 0x00[0m
[00:01:23.209,960] [1;31m<err> ads1220: config2 mismatch! 0x15 != 0x00[0m
[00:01:23.210,083] [1;31m<err> ads1220: config0 mismatch! 0x3C != 0x1C[0m
[00:01:23.210,113] [1;31m<err> analog_axis_hires: Could not setup channel #1 (-5)[0m
[00:01:23.217,803] [1;31m<err> ads1220: config2 mismatch! 0x10 != 0x00[0m
[00:01:23.217,956] [1;31m<err> ads1220: config2 mismatch! 0x15 != 0x00[0m
[00:01:23.218,109] [1;31m<err> ads1220: config0 mismatch! 0x3C != 0x1C[0m
[00:01:23.218,109] [1;31m<err> analog_axis_hires: Could not setup channel #1 (-5)[0m
[00:01:23.225,860] [1;31m<err> ads1220: config2 mismatch! 0x10 != 0x00[0m
[00:01:23.225,982] [1;31m<err> ads1220: config2 mismatch! 0x15 != 0x00[0m
[00:01:23.226,135] [1;31m<err> ads1220: config0 mismatch! 0x3C != 0x1C[0m
[00:01:23.226,135] [1;31m<err> analog_axis_hires: Could not setup channel #1 (-5)[0m
[00:01:23.233,917] [1;31m<err> ads1220: config2 mismatch! 0x10 != 0x00[0m
[00:01:23.234,039] [1;31m<err> ads1220: config2 mismatch! 0x15 != 0x00[0m
[00:01:23.234,161] [1;31m<err> ads1220: config0 mismatch! 0x3C != 0x1C[0m
[00:01:23.234,191] [1;31m<err> analog_axis_hires: Could not setup channel #1 (-5)[0m
[00:01:23.241,882] [1;31m<err> ads1220: config2 mismatch! 0x10 != 0x00[0m
[00:01:23.242,034] [1;31m<err> ads1220: config2 mismatch! 0x15 != 0x00[0m
[00:01:23.242,187] [1;31m<err> ads1220: config0 mismatch! 0x3C != 0x1C[0m
[00:01:23.242,187] [1;31m<err> analog_axis_hires: Could not setup channel #1 (-5)[0m
[00:01:23.249,938] [1;31m<err> ads1220: config2 mismatch! 0x10 != 0x00[0m
[00:01:23.250,061] [1;31m<err> ads1220: config2 mismatch! 0x15 != 0x00[0m
[00:01:23.250,213] [1;31m<err> ads1220: config0 mismatch! 0x3C != 0x1C[0m
[00:01:23.250,213] [1;31m<err> analog_axis_hires: Could not setup channel #1 (-5)[0m
[00:01:23.257,995] [1;31m<err> ads1220: config2 mismatch! 0x10 != 0x00[0m
[00:01:23.258,117] [1;31m<err> ads1220: config2 mismatch! 0x15 != 0x00[0m
[00:01:23.258,239] [1;31m<err> ads1220: config0 mismatch! 0x3C != 0x1C[0m
[00:01:23.258,239] [1;31m<err> analog_axis_hires: Could not setup channel #1 (-5)[0m
[00:01:23.266,021] [1;31m<err> ads1220: config2 mismatch! 0x10 != 0x00[0m
[00:01:23.266,174] [1;31m<err> ads1220: config2 mismatch! 0x15 != 0x00[0m
[00:01:23.266,326] [1;31m<err> ads1220: config0 mismatch! 0x3C != 0x1C[0m
[00:01:23.266,326] [1;31m<err> analog_axis_hires: Could not setup channel #1 (-5)[0m
[00:01:23.274,017] [1;31m<err> ads1220: config2 mismatch! 0x10 != 0x00[0m
[00:01:23.274,139] [1;31m<err> ads1220: config2 mismatch! 0x15 != 0x00[0m
[00:01:23.274,291] [1;31m<err> ads1220: config0 mismatch! 0x3C != 0x1C[0m
[00:01:23.274,322] [1;31m<err> analog_axis_hires: Could not setup channel #1 (-5)[0m
[00:01:23.282,104] [1;31m<err> ads1220: config2 mismatch! 0x10 != 0x00[0m
[00:01:23.282,226] [1;31m<err> ads1220: config2 mismatch! 0x15 != 0x00[0m
[00:01:23.282,348] [1;31m<err> ads1220: config0 mismatch! 0x3C != 0x1C[0m
[00:01:23.282,379] [1;31m<err> analog_axis_hires: Could not setup channel #1 (-5)[0m
[00:01:23.290,039] [1;31m<err> ads1220: config2 mismatch! 0x10 != 0x00[0m
[00:01:23.290,191] [1;31m<err> ads1220: config2 mismatch! 0x15 != 0x00[0m
[00:01:23.290,344] [1;31m<err> ads1220: config0 mismatch! 0x3C != 0x1C[0m
[00:01:23.290,344] [1;31m<err> analog_axis_hires: Could not setup channel #1 (-5)[0m
[00:01:23.298,095] [1;31m<err> ads1220: config2 mismatch! 0x10 != 0x00[0m
[00:01:23.298,217] [1;31m<err> ads1220: config2 mismatch! 0x15 != 0x00[0m
[00:01:23.298,370] [1;31m<err> ads1220: config0 mismatch! 0x3C != 0x1C[0m
[00:01:23.298,400] [1;31m<err> analog_axis_hires: Could not setup channel #1 (-5)[0m
[00:01:23.306,152] [1;31m<err> ads1220: config2 mismatch! 0x10 != 0x00[0m
[00:01:23.306,274] [1;31m<err> ads1220: config2 mismatch! 0x15 != 0x00[0m
[00:01:23.306,396] [1;31m<err> ads1220: config0 mismatch! 0x3C != 0x1C[0m
[00:01:23.306,427] [1;31m<err> analog_axis_hires: Could not setup channel #1 (-5)[0m
[00:01:23.314,117] [1;31m<err> ads1220: config2 mismatch! 0x10 != 0x00[0m
[00:01:23.314,270] [1;31m<err> ads1220: config2 mismatch! 0x15 != 0x00[0m
[00:01:23.314,422] [1;31m<err> ads1220: config0 mismatch! 0x3C != 0x1C[0m
[00:01:23.314,422] [1;31m<err> analog_axis_hires: Could not setup channel #1 (-5)[0m
[00:01:23.322,174] [1;31m<err> ads1220: config2 mismatch! 0x10 != 0x00[0m
[00:01:23.322,296] [1;31m<err> ads1220: config2 mismatch! 0x15 != 0x00[0m
[00:01:23.322,448] [1;31m<err> ads1220: config0 mismatch! 0x3C != 0x1C[0m
[00:01:23.322,479] [1;31m<err> analog_axis_hires: Could not setup channel #1 (-5)[0m
[00:01:23.330,230] [1;31m<err> ads1220: config2 mismatch! 0x10 != 0x00[0m
[00:01:23.330,352] [1;31m<err> ads1220: config2 mismatch! 0x15 != 0x00[0m
[00:01:23.330,474] [1;31m<err> ads1220: config0 mismatch! 0x3C != 0x1C[0m
[00:01:23.330,474] [1;31m<err> analog_axis_hires: Could not setup channel #1 (-5)[0m
[00:01:23.338,195] [1;31m<err> ads1220: config2 mismatch! 0x10 != 0x00[0m
[00:01:23.338,348] [1;31m<err> ads1220: config2 mismatch! 0x15 != 0x00[0m
[00:01:23.338,500] [1;31m<err> ads1220: config0 mismatch! 0x3C != 0x1C[0m
[00:01:23.338,500] [1;31m<err> analog_axis_hires: Could not setup channel #1 (-5)[0m
[00:01:23.346,252] [1;31m<err> ads1220: config2 mismatch! 0x10 != 0x00[0m
[00:01:23.346,374] [1;31m<err> ads1220: config2 mismatch! 0x15 != 0x00[0m
[00:01:23.346,527] [1;31m<err> ads1220: config0 mismatch! 0x3C != 0x1C[0m
[00:01:23.346,557] [1;31m<err> analog_axis_hires: Could not setup channel #1 (-5)[0m
[00:01:23.354,309] [1;31m<err> ads1220: config2 mismatch! 0x10 != 0x00[0m
[00:01:23.354,431] [1;31m<err> ads1220: config2 mismatch! 0x15 != 0x00[0m
[00:01:23.354,553] [1;31m<err> ads1220: config0 mismatch! 0x3C != 0x1C[0m
[00:01:23.354,553] [1;31m<err> analog_axis_hires: Could not setup channel #1 (-5)[0m
[00:01:23.362,274] [1;31m<err> ads1220: config2 mismatch! 0x10 != 0x00[0m
[00:01:23.362,426] [1;31m<err> ads1220: config2 mismatch! 0x15 != 0x00[0m
[00:01:23.362,579] [1;31m<err> ads1220: config0 mismatch! 0x3C != 0x1C[0m
[00:01:23.362,579] [1;31m<err> analog_axis_hires: Could not setup channel #1 (-5)[0m
[00:01:23.370,330] [1;31m<err> ads1220: config2 mismatch! 0x10 != 0x00[0m
[00:01:23.370,452] [1;31m<err> ads1220: config2 mismatch! 0x15 != 0x00[0m
[00:01:23.370,605] [1;31m<err> ads1220: config0 mismatch! 0x3C != 0x1C[0m
[00:01:23.370,635] [1;31m<err> analog_axis_hires: Could not setup channel #1 (-5)[0m
[00:01:23.378,356] [1;31m<err> ads1220: config2 mismatch! 0x10 != 0x00[0m
[00:01:23.378,479] [1;31m<err> ads1220: config2 mismatch! 0x15 != 0x00[0m
[00:01:23.378,631] [1;31m<err> ads1220: config0 mismatch! 0x3C != 0x1C[0m
[00:01:23.378,631] [1;31m<err> analog_axis_hires: Could not setup channel #1 (-5)[0m
[00:01:23.386,352] [1;31m<err> ads1220: config2 mismatch! 0x10 != 0x00[0m
[00:01:23.386,505] [1;31m<err> ads1220: config2 mismatch! 0x15 != 0x00[0m
[00:01:23.386,657] [1;31m<err> ads1220: config0 mismatch! 0x3C != 0x1C[0m
[00:01:23.386,657] [1;31m<err> analog_axis_hires: Could not setup channel #1 (-5)[0m
[00:01:23.394,409] [1;31m<err> ads1220: config2 mismatch! 0x10 != 0x00[0m
[00:01:23.394,531] [1;31m<err> ads1220: config2 mismatch! 0x15 != 0x00[0m
[00:01:23.394,683] [1;31m<err> ads1220: config0 mismatch! 0x3C != 0x1C[0m
[00:01:23.394,714] [1;31m<err> analog_axis_hires: Could not setup channel #1 (-5)[0m
[00:01:23.402,435] [1;31m<err> ads1220: config2 mismatch! 0x10 != 0x00[0m
[00:01:23.402,557] [1;31m<err> ads1220: config2 mismatch! 0x15 != 0x00[0m
[00:01:23.402,709] [1;31m<err> ads1220: config0 mismatch! 0x3C != 0x1C[0m
[00:01:23.402,709] [1;31m<err> analog_axis_hires: Could not setup channel #1 (-5)[0m
[00:01:23.410,430] [1;31m<err> ads1220: config2 mismatch! 0x10 != 0x00[0m
[00:01:23.410,583] [1;31m<err> ads1220: config2 mismatch! 0x15 != 0x00[0m
[00:01:23.410,736] [1;31m<err> ads1220: config0 mismatch! 0x3C != 0x1C[0m
[00:01:23.410,736] [1;31m<err> analog_axis_hires: Could not setup channel #1 (-5)[0m
[00:01:23.418,487] [1;31m<err> ads1220: config2 mismatch! 0x10 != 0x00[0m
[00:01:23.418,609] [1;31m<err> ads1220: config2 mismatch! 0x15 != 0x00[0m
[00:01:23.418,762] [1;31m<err> ads1220: config0 mismatch! 0x3C != 0x1C[0m
[00:01:23.418,792] [1;31m<err> analog_axis_hires: Could not setup channel #1 (-5)[0m
[00:01:23.426,544] [1;31m<err> ads1220: config2 mismatch! 0x10 != 0x00[0m
[00:01:23.426,666] [1;31m<err> ads1220: config2 mismatch! 0x15 != 0x00[0m
[00:01:23.426,788] [1;31m<err> ads1220: config0 mismatch! 0x3C != 0x1C[0m
[00:01:23.426,818] [1;31m<err> analog_axis_hires: Could not setup channel #1 (-5)[0m
[00:01:23.434,509] [1;31m<err> ads1220: config2 mismatch! 0x10 != 0x00[0m
[00:01:23.434,661] [1;31m<err> ads1220: config2 mismatch! 0x15 != 0x00[0m
[00:01:23.434,814] [1;31m<err> ads1220: config0 mismatch! 0x3C != 0x1C[0m
[00:01:23.434,814] [1;31m<err> analog_axis_hires: Could not setup channel #1 (-5)[0m
[00:01:23.442,565] [1;31m<err> ads1220: config2 mismatch! 0x10 != 0x00[0m
[00:01:23.442,687] [1;31m<err> ads1220: config2 mismatch! 0x15 != 0x00[0m
[00:01:23.442,840] [1;31m<err> ads1220: config0 mismatch! 0x3C != 0x1C[0m
[00:01:23.442,871] [1;31m<err> analog_axis_hires: Could not setup channel #1 (-5)[0m
[00:01:23.450,622] [1;31m<err> ads1220: config2 mismatch! 0x10 != 0x00[0m
[00:01:23.450,744] [1;31m<err> ads1220: config2 mismatch! 0x15 != 0x00[0m
[00:01:23.450,866] [1;31m<err> ads1220: config0 mismatch! 0x3C != 0x1C[0m
[00:01:23.450,897] [1;31m<err> analog_axis_hires: Could not setup channel #1 (-5)[0m
[00:01:23.458,587] [1;31m<err> ads1220: config2 mismatch! 0x10 != 0x00[0m
[00:01:23.458,740] [1;31m<err> ads1220: config2 mismatch! 0x15 != 0x00[0m
[00:01:23.458,892] [1;31m<err> ads1220: config0 mismatch! 0x3C != 0x1C[0m
[00:01:23.458,892] [1;31m<err> analog_axis_hires: Could not setup channel #1 (-5)[0m
[00:01:23.466,644] [1;31m<err> ads1220: config2 mismatch! 0x10 != 0x00[0m
[00:01:23.466,766] [1;31m<err> ads1220: config2 mismatch! 0x15 != 0x00[0m
[00:01:23.466,918] [1;31m<err> ads1220: config0 mismatch! 0x3C != 0x1C[0m
[00:01:23.466,949] [1;31m<err> analog_axis_hires: Could not setup channel #1 (-5)[0m
[00:01:23.474,700] [1;31m<err> ads1220: config2 mismatch! 0x10 != 0x00[0m
[00:01:23.474,822] [1;31m<err> ads1220: config2 mismatch! 0x15 != 0x00[0m
[00:01:23.474,945] [1;31m<err> ads1220: config0 mismatch! 0x3C != 0x1C[0m
[00:01:23.474,975] [1;31m<err> analog_axis_hires: Could not setup channel #1 (-5)[0m
[00:01:23.482,666] [1;31m<err> ads1220: config2 mismatch! 0x10 != 0x00[0m
[00:01:23.482,818] [1;31m<err> ads1220: config2 mismatch! 0x15 != 0x00[0m
[00:01:23.482,971] [1;31m<err> ads1220: config0 mismatch! 0x3C != 0x1C[0m
[00:01:23.482,971] [1;31m<err> analog_axis_hires: Could not setup channel #1 (-5)[0m
[00:01:23.490,722] [1;31m<err> ads1220: config2 mismatch! 0x10 != 0x00[0m
[00:01:23.490,844] [1;31m<err> ads1220: config2 mismatch! 0x15 != 0x00[0m
[00:01:23.490,997] [1;31m<err> ads1220: config0 mismatch! 0x3C != 0x1C[0m
[00:01:23.491,027] [1;31m<err> analog_axis_hires: Could not setup channel #1 (-5)[0m
[00:01:23.498,809] [1;31m<err> ads1220: config2 mismatch! 0x10 != 0x00[0m
[00:01:23.498,931] [1;31m<err> ads1220: config2 mismatch! 0x15 != 0x00[0m
[00:01:23.499,053] [1;31m<err> ads1220: config0 mismatch! 0x3C != 0x1C[0m
[00:01:23.499,084] [1;31m<err> analog_axis_hires: Could not setup channel #1 (-5)[0m
[00:01:23.506,805] [1;31m<err> ads1220: config2 mismatch! 0x10 != 0x00[0m
[00:01:23.506,958] [1;31m<err> ads1220: config2 mismatch! 0x15 != 0x00[0m
[00:01:23.507,110] [1;31m<err> ads1220: config0 mismatch! 0x3C != 0x1C[0m
[00:01:23.507,110] [1;31m<err> analog_axis_hires: Could not setup channel #1 (-5)[0m
[00:01:23.514,801] [1;31m<err> ads1220: config2 mismatch! 0x10 != 0x00[0m
[00:01:23.514,923] [1;31m<err> ads1220: config2 mismatch! 0x15 != 0x00[0m
[00:01:23.515,075] [1;31m<err> ads1220: config0 mismatch! 0x3C != 0x1C[0m
[00:01:23.515,106] [1;31m<err> analog_axis_hires: Could not setup channel #1 (-5)[0m
[00:01:23.522,857] [1;31m<err> ads1220: config2 mismatch! 0x10 != 0x00[0m
[00:01:23.522,979] [1;31m<err> ads1220: config2 mismatch! 0x15 != 0x00[0m
[00:01:23.523,132] [1;31m<err> ads1220: config0 mismatch! 0x3C != 0x1C[0m
[00:01:23.523,132] [1;31m<err> analog_axis_hires: Could not setup channel #1 (-5)[0m
[00:01:23.530,822] [1;31m<err> ads1220: config2 mismatch! 0x10 != 0x00[0m
[00:01:23.530,975] [1;31m<err> ads1220: config2 mismatch! 0x15 != 0x00[0m
[00:01:23.531,127] [1;31m<err> ads1220: config0 mismatch! 0x3C != 0x1C[0m
[00:01:23.531,127] [1;31m<err> analog_axis_hires: Could not setup channel #1 (-5)[0m
[00:01:23.538,879] [1;31m<err> ads1220: config2 mismatch! 0x10 != 0x00[0m
[00:01:23.539,001] [1;31m<err> ads1220: config2 mismatch! 0x15 != 0x00[0m
[00:01:23.539,154] [1;31m<err> ads1220: config0 mismatch! 0x3C != 0x1C[0m
[00:01:23.539,184] [1;31m<err> analog_axis_hires: Could not setup channel #1 (-5)[0m
[00:01:23.546,936] [1;31m<err> ads1220: config2 mismatch! 0x10 != 0x00[0m
[00:01:23.547,058] [1;31m<err> ads1220: config2 mismatch! 0x15 != 0x00[0m
[00:01:23.547,180] [1;31m<err> ads1220: config0 mismatch! 0x3C != 0x1C[0m
[00:01:23.547,210] [1;31m<err> analog_axis_hires: Could not setup channel #1 (-5)[0m
[00:01:23.554,901] [1;31m<err> ads1220: config2 mismatch! 0x10 != 0x00[0m
[00:01:23.555,053] [1;31m<err> ads1220: config2 mismatch! 0x15 != 0x00[0m
[00:01:23.555,206] [1;31m<err> ads1220: config0 mismatch! 0x3C != 0x1C[0m
[00:01:23.555,206] [1;31m<err> analog_axis_hires: Could not setup channel #1 (-5)[0m
[00:01:23.562,957] [1;31m<err> ads1220: config2 mismatch! 0x10 != 0x00[0m
[00:01:23.563,079] [1;31m<err> ads1220: config2 mismatch! 0x15 != 0x00[0m
[00:01:23.563,232] [1;31m<err> ads1220: config0 mismatch! 0x3C != 0x1C[0m
[00:01:23.563,262] [1;31m<err> analog_axis_hires: Could not setup channel #1 (-5)[0m
[00:01:23.570,983] [1;31m<err> ads1220: config2 mismatch! 0x10 != 0x00[0m
[00:01:23.571,105] [1;31m<err> ads1220: config2 mismatch! 0x15 != 0x00[0m
[00:01:23.571,258] [1;31m<err> ads1220: config0 mismatch! 0x3C != 0x1C[0m
[00:01:23.571,258] [1;31m<err> analog_axis_hires: Could not setup channel #1 (-5)[0m
[00:01:23.578,979] [1;31m<err> ads1220: config2 mismatch! 0x10 != 0x00[0m
[00:01:23.579,132] [1;31m<err> ads1220: config2 mismatch! 0x15 != 0x00[0m
[00:01:23.579,284] [1;31m<err> ads1220: config0 mismatch! 0x3C != 0x1C[0m
[00:01:23.579,284] [1;31m<err> analog_axis_hires: Could not setup channel #1 (-5)[0m
[00:01:23.587,036] [1;31m<err> ads1220: config2 mismatch! 0x10 != 0x00[0m
[00:01:23.587,158] [1;31m<err> ads1220: config2 mismatch! 0x15 != 0x00[0m
[00:01:23.587,310] [1;31m<err> ads1220: config0 mismatch! 0x3C != 0x1C[0m
[00:01:23.587,341] [1;31m<err> analog_axis_hires: Could not setup channel #1 (-5)[0m
[00:01:23.595,092] [1;31m<err> ads1220: config2 mismatch! 0x10 != 0x00[0m
[00:01:23.595,214] [1;31m<err> ads1220: config2 mismatch! 0x15 != 0x00[0m
[00:01:23.595,336] [1;31m<err> ads1220: config0 mismatch! 0x3C != 0x1C[0m
[00:01:23.595,367] [1;31m<err> analog_axis_hires: Could not setup channel #1 (-5)[0m
[00:01:23.603,057] [1;31m<err> ads1220: config2 mismatch! 0x10 != 0x00[0m
[00:01:23.603,210] [1;31m<err> ads1220: config2 mismatch! 0x15 != 0x00[0m
[00:01:23.603,363] [1;31m<err> ads1220: config0 mismatch! 0x3C != 0x1C[0m
[00:01:23.603,363] [1;31m<err> analog_axis_hires: Could not setup channel #1 (-5)[0m
[00:01:23.611,114] [1;31m<err> ads1220: config2 mismatch! 0x10 != 0x00[0m
[00:01:23.611,236] [1;31m<err> ads1220: config2 mismatch! 0x15 != 0x00[0m
[00:01:23.611,389] [1;31m<err> ads1220: config0 mismatch! 0x3C != 0x1C[0m
[00:01:23.611,419] [1;31m<err> analog_axis_hires: Could not setup channel #1 (-5)[0m
[00:01:23.619,171] [1;31m<err> ads1220: config2 mismatch! 0x10 != 0x00[0m
[00:01:23.619,293] [1;31m<err> ads1220: config2 mismatch! 0x15 != 0x00[0m
[00:01:23.619,415] [1;31m<err> ads1220: config0 mismatch! 0x3C != 0x1C[0m
[00:01:23.619,415] [1;31m<err> analog_axis_hires: Could not setup channel #1 (-5)[0m
[00:01:23.627,136] [1;31m<err> ads1220: config2 mismatch! 0x10 != 0x00[0m
[00:01:23.627,288] [1;31m<err> ads1220: config2 mismatch! 0x15 != 0x00[0m
[00:01:23.627,441] [1;31m<err> ads1220: config0 mismatch! 0x3C != 0x1C[0m
[00:01:23.627,441] [1;31m<err> analog_axis_hires: Could not setup channel #1 (-5)[0m
[00:01:23.635,192] [1;31m<err> ads1220: config2 mismatch! 0x10 != 0x00[0m
[00:01:23.635,314] [1;31m<err> ads1220: config2 mismatch! 0x15 != 0x00[0m
[00:01:23.635,467] [1;31m<err> ads1220: config0 mismatch! 0x3C != 0x1C[0m
[00:01:23.635,498] [1;31m<err> analog_axis_hires: Could not setup channel #1 (-5)[0m
[00:01:23.643,218] [1;31m<err> ads1220: config2 mismatch! 0x10 != 0x00[0m
[00:01:23.643,371] [1;31m<err> ads1220: config2 mismatch! 0x15 != 0x00[0m
[00:01:23.643,493] [1;31m<err> ads1220: config0 mismatch! 0x3C != 0x1C[0m
[00:01:23.643,493] [1;31m<err> analog_axis_hires: Could not setup channel #1 (-5)[0m
[00:01:23.651,214] [1;31m<err> ads1220: config2 mismatch! 0x10 != 0x00[0m
[00:01:23.651,367] [1;31m<err> ads1220: config2 mismatch! 0x15 != 0x00[0m
[00:01:23.651,519] [1;31m<err> ads1220: config0 mismatch! 0x3C != 0x1C[0m
[00:01:23.651,519] [1;31m<err> analog_axis_hires: Could not setup channel #1 (-5)[0m
[00:01:23.659,271] [1;31m<err> ads1220: config2 mismatch! 0x10 != 0x00[0m
[00:01:23.659,393] [1;31m<err> ads1220: config2 mismatch! 0x15 != 0x00[0m
[00:01:23.659,545] [1;31m<err> ads1220: config0 mismatch! 0x3C != 0x1C[0m
[00:01:23.659,576] [1;31m<err> analog_axis_hires: Could not setup channel #1 (-5)[0m
[00:01:23.667,297] [1;31m<err> ads1220: config2 mismatch! 0x10 != 0x00[0m
[00:01:23.667,449] [1;31m<err> ads1220: config2 mismatch! 0x15 != 0x00[0m
[00:01:23.667,572] [1;31m<err> ads1220: config0 mismatch! 0x3C != 0x1C[0m
[00:01:23.667,572] [1;31m<err> analog_axis_hires: Could not setup channel #1 (-5)[0m
[00:01:23.675,292] [1;31m<err> ads1220: config2 mismatch! 0x10 != 0x00[0m
[00:01:23.675,445] [1;31m<err> ads1220: config2 mismatch! 0x15 != 0x00[0m
[00:01:23.675,598] [1;31m<err> ads1220: config0 mismatch! 0x3C != 0x1C[0m
[00:01:23.675,598] [1;31m<err> analog_axis_hires: Could not setup channel #1 (-5)[0m
[00:01:23.683,349] [1;31m<err> ads1220: config2 mismatch! 0x10 != 0x00[0m
[00:01:23.683,471] [1;31m<err> ads1220: config2 mismatch! 0x15 != 0x00[0m
[00:01:23.683,624] [1;31m<err> ads1220: config0 mismatch! 0x3C != 0x1C[0m
[00:01:23.683,654] [1;31m<err> analog_axis_hires: Could not setup channel #1 (-5)[0m
[00:01:23.691,375] [1;31m<err> ads1220: config2 mismatch! 0x10 != 0x00[0m
[00:01:23.691,497] [1;31m<err> ads1220: config2 mismatch! 0x15 != 0x00[0m
[00:01:23.691,650] [1;31m<err> ads1220: config0 mismatch! 0x3C != 0x1C[0m
[00:01:23.691,650] [1;31m<err> analog_axis_hires: Could not setup channel #1 (-5)[0m
[00:01:23.699,371] [1;31m<err> ads1220: config2 mismatch! 0x10 != 0x00[0m
[00:01:23.699,523] [1;31m<err> ads1220: config2 mismatch! 0x15 != 0x00[0m
[00:01:23.699,676] [1;31m<err> ads1220: config0 mismatch! 0x3C != 0x1C[0m
[00:01:23.699,676] [1;31m<err> analog_axis_hires: Could not setup channel #1 (-5)[0m
[00:01:23.707,427] [1;31m<err> ads1220: config2 mismatch! 0x10 != 0x00[0m
[00:01:23.707,550] [1;31m<err> ads1220: config2 mismatch! 0x15 != 0x00[0m
[00:01:23.707,702] [1;31m<err> ads1220: config0 mismatch! 0x3C != 0x1C[0m
[00:01:23.707,733] [1;31m<err> analog_axis_hires: Could not setup channel #1 (-5)[0m
[00:01:23.715,484] [1;31m<err> ads1220: config2 mismatch! 0x10 != 0x00[0m
[00:01:23.715,606] [1;31m<err> ads1220: config2 mismatch! 0x15 != 0x00[0m
[00:01:23.715,759] [1;31m<err> ads1220: config0 mismatch! 0x3C != 0x1C[0m
[00:01:23.715,759] [1;31m<err> analog_axis_hires: Could not setup channel #1 (-5)[0m
[00:01:23.723,449] [1;31m<err> ads1220: config2 mismatch! 0x10 != 0x00[0m
[00:01:23.723,602] [1;31m<err> ads1220: config2 mismatch! 0x15 != 0x00[0m
[00:01:23.723,754] [1;31m<err> ads1220: config0 mismatch! 0x3C != 0x1C[0m
[00:01:23.723,754] [1;31m<err> analog_axis_hires: Could not setup channel #1 (-5)[0m
[00:01:23.731,506] [1;31m<err> ads1220: config2 mismatch! 0x10 != 0x00[0m
[00:01:23.731,628] [1;31m<err> ads1220: config2 mismatch! 0x15 != 0x00[0m
[00:01:23.731,781] [1;31m<err> ads1220: config0 mismatch! 0x3C != 0x1C[0m
[00:01:23.731,811] [1;31m<err> analog_axis_hires: Could not setup channel #1 (-5)[0m
[00:01:23.739,562] [1;31m<err> ads1220: config2 mismatch! 0x10 != 0x00[0m
[00:01:23.739,685] [1;31m<err> ads1220: config2 mismatch! 0x15 != 0x00[0m
[00:01:23.739,837] [1;31m<err> ads1220: config0 mismatch! 0x3C != 0x1C[0m
[00:01:23.739,837] [1;31m<err> analog_axis_hires: Could not setup channel #1 (-5)[0m
[00:01:23.747,528] [1;31m<err> ads1220: config2 mismatch! 0x10 != 0x00[0m
[00:01:23.747,680] [1;31m<err> ads1220: config2 mismatch! 0x15 != 0x00[0m
[00:01:23.747,833] [1;31m<err> ads1220: config0 mismatch! 0x3C != 0x1C[0m
[00:01:23.747,833] [1;31m<err> analog_axis_hires: Could not setup channel #1 (-5)[0m
[00:01:23.755,584] [1;31m<err> ads1220: config2 mismatch! 0x10 != 0x00[0m
[00:01:23.755,706] [1;31m<err> ads1220: config2 mismatch! 0x15 != 0x00[0m
[00:01:23.755,859] [1;31m<err> ads1220: config0 mismatch! 0x3C != 0x1C[0m
[00:01:23.755,889] [1;31m<err> analog_axis_hires: Could not setup channel #1 (-5)[0m
[00:01:23.763,641] [1;31m<err> ads1220: config2 mismatch! 0x10 != 0x00[0m
[00:01:23.763,763] [1;31m<err> ads1220: config2 mismatch! 0x15 != 0x00[0m
[00:01:23.763,916] [1;31m<err> ads1220: config0 mismatch! 0x3C != 0x1C[0m
[00:01:23.763,916] [1;31m<err> analog_axis_hires: Could not setup channel #1 (-5)[0m
[00:01:23.771,606] [1;31m<err> ads1220: config2 mismatch! 0x10 != 0x00[0m
[00:01:23.771,759] [1;31m<err> ads1220: config2 mismatch! 0x15 != 0x00[0m
[00:01:23.771,911] [1;31m<err> ads1220: config0 mismatch! 0x3C != 0x1C[0m
[00:01:23.771,911] [1;31m<err> analog_axis_hires: Could not setup channel #1 (-5)[0m
[00:01:23.779,663] [1;31m<err> ads1220: config2 mismatch! 0x10 != 0x00[0m
[00:01:23.779,785] [1;31m<err> ads1220: config2 mismatch! 0x15 != 0x00[0m
[00:01:23.779,937] [1;31m<err> ads1220: config0 mismatch! 0x3C != 0x1C[0m
[00:01:23.779,968] [1;31m<err> analog_axis_hires: Could not setup channel #1 (-5)[0m
[00:01:23.787,719] [1;31m<err> ads1220: config2 mismatch! 0x10 != 0x00[0m
[00:01:23.787,841] [1;31m<err> ads1220: config2 mismatch! 0x15 != 0x00[0m
[00:01:23.787,963] [1;31m<err> ads1220: config0 mismatch! 0x3C != 0x1C[0m
[00:01:23.787,994] [1;31m<err> analog_axis_hires: Could not setup channel #1 (-5)[0m
[00:01:23.795,684] [1;31m<err> ads1220: config2 mismatch! 0x10 != 0x00[0m
[00:01:23.795,837] [1;31m<err> ads1220: config2 mismatch! 0x15 != 0x00[0m
[00:01:23.795,989] [1;31m<err> ads1220: config0 mismatch! 0x3C != 0x1C[0m
[00:01:23.795,989] [1;31m<err> analog_axis_hires: Could not setup channel #1 (-5)[0m
[00:01:23.803,741] [1;31m<err> ads1220: config2 mismatch! 0x10 != 0x00[0m
[00:01:23.803,863] [1;31m<err> ads1220: config2 mismatch! 0x15 != 0x00[0m
[00:01:23.804,016] [1;31m<err> ads1220: config0 mismatch! 0x3C != 0x1C[0m
[00:01:23.804,046] [1;31m<err> analog_axis_hires: Could not setup channel #1 (-5)[0m
[00:01:23.811,798] [1;31m<err> ads1220: config2 mismatch! 0x10 != 0x00[0m
[00:01:23.811,920] [1;31m<err> ads1220: config2 mismatch! 0x15 != 0x00[0m
[00:01:23.812,042] [1;31m<err> ads1220: config0 mismatch! 0x3C != 0x1C[0m
[00:01:23.812,072] [1;31m<err> analog_axis_hires: Could not setup channel #1 (-5)[0m
[00:01:23.819,763] [1;31m<err> ads1220: config2 mismatch! 0x10 != 0x00[0m
[00:01:23.819,915] [1;31m<err> ads1220: config2 mismatch! 0x15 != 0x00[0m
[00:01:23.820,068] [1;31m<err> ads1220: config0 mismatch! 0x3C != 0x1C[0m
[00:01:23.820,068] [1;31m<err> analog_axis_hires: Could not setup channel #1 (-5)[0m
[00:01:23.827,819] [1;31m<err> ads1220: config2 mismatch! 0x10 != 0x00[0m
[00:01:23.827,941] [1;31m<err> ads1220: config2 mismatch! 0x15 != 0x00[0m
[00:01:23.828,094] [1;31m<err> ads1220: config0 mismatch! 0x3C != 0x1C[0m
[00:01:23.828,125] [1;31m<err> analog_axis_hires: Could not setup channel #1 (-5)[0m
[00:01:23.835,876] [1;31m<err> ads1220: config2 mismatch! 0x10 != 0x00[0m
[00:01:23.835,998] [1;31m<err> ads1220: config2 mismatch! 0x15 != 0x00[0m
[00:01:23.836,120] [1;31m<err> ads1220: config0 mismatch! 0x3C != 0x1C[0m
[00:01:23.836,151] [1;31m<err> analog_axis_hires: Could not setup channel #1 (-5)[0m
[00:01:23.843,841] [1;31m<err> ads1220: config2 mismatch! 0x10 != 0x00[0m
[00:01:23.843,994] [1;31m<err> ads1220: config2 mismatch! 0x15 != 0x00[0m
[00:01:23.844,146] [1;31m<err> ads1220: config0 mismatch! 0x3C != 0x1C[0m
[00:01:23.844,146] [1;31m<err> analog_axis_hires: Could not setup channel #1 (-5)[0m
[00:01:23.851,898] [1;31m<err> ads1220: config2 mismatch! 0x10 != 0x00[0m
[00:01:23.852,020] [1;31m<err> ads1220: config2 mismatch! 0x15 != 0x00[0m
[00:01:23.852,172] [1;31m<err> ads1220: config0 mismatch! 0x3C != 0x1C[0m
[00:01:23.852,203] [1;31m<err> analog_axis_hires: Could not setup channel #1 (-5)[0m
[00:01:23.859,954] [1;31m<err> ads1220: config2 mismatch! 0x10 != 0x00[0m
[00:01:23.860,076] [1;31m<err> ads1220: config2 mismatch! 0x15 != 0x00[0m
[00:01:23.860,198] [1;31m<err> ads1220: config0 mismatch! 0x3C != 0x1C[0m
[00:01:23.860,229] [1;31m<err> analog_axis_hires: Could not setup channel #1 (-5)[0m
[00:01:23.867,919] [1;31m<err> ads1220: config2 mismatch! 0x10 != 0x00[0m
[00:01:23.868,072] [1;31m<err> ads1220: config2 mismatch! 0x15 != 0x00[0m
[00:01:23.868,225] [1;31m<err> ads1220: config0 mismatch! 0x3C != 0x1C[0m
[00:01:23.868,225] [1;31m<err> analog_axis_hires: Could not setup channel #1 (-5)[0m
[00:01:23.875,976] [1;31m<err> ads1220: config2 mismatch! 0x10 != 0x00[0m
[00:01:23.876,098] [1;31m<err> ads1220: config2 mismatch! 0x15 != 0x00[0m
[00:01:23.876,251] [1;31m<err> ads1220: config0 mismatch! 0x3C != 0x1C[0m
[00:01:23.876,281] [1;31m<err> analog_axis_hires: Could not setup channel #1 (-5)[0m
[00:01:23.884,033] [1;31m<err> ads1220: config2 mismatch! 0x10 != 0x00[0m
[00:01:23.884,185] [1;31m<err> ads1220: config2 mismatch! 0x15 != 0x00[0m
[00:01:23.884,307] [1;31m<err> ads1220: config0 mismatch! 0x3C != 0x1C[0m
[00:01:23.884,307] [1;31m<err> analog_axis_hires: Could not setup channel #1 (-5)[0m
[00:01:23.891,998] [1;31m<err> ads1220: config2 mismatch! 0x10 != 0x00[0m
[00:01:23.892,150] [1;31m<err> ads1220: config2 mismatch! 0x15 != 0x00[0m
[00:01:23.892,303] [1;31m<err> ads1220: config0 mismatch! 0x3C != 0x1C[0m
[00:01:23.892,303] [1;31m<err> analog_axis_hires: Could not setup channel #1 (-5)[0m
[00:01:23.900,054] [1;31m<err> ads1220: config2 mismatch! 0x10 != 0x00[0m
[00:01:23.900,177] [1;31m<err> ads1220: config2 mismatch! 0x15 != 0x00[0m
[00:01:23.900,329] [1;31m<err> ads1220: config0 mismatch! 0x3C != 0x1C[0m
[00:01:23.900,360] [1;31m<err> analog_axis_hires: Could not setup channel #1 (-5)[0m
[00:01:23.908,081] [1;31m<err> ads1220: config2 mismatch! 0x10 != 0x00[0m
[00:01:23.908,203] [1;31m<err> ads1220: config2 mismatch! 0x15 != 0x00[0m
[00:01:23.908,355] [1;31m<err> ads1220: config0 mismatch! 0x3C != 0x1C[0m
[00:01:23.908,355] [1;31m<err> analog_axis_hires: Could not setup channel #1 (-5)[0m
[00:01:23.916,137] [1;31m<err> ads1220: config2 mismatch! 0x10 != 0x00[0m
[00:01:23.916,290] [1;31m<err> ads1220: config2 mismatch! 0x15 != 0x00[0m
[00:01:23.916,442] [1;31m<err> ads1220: config0 mismatch! 0x3C != 0x1C[0m
[00:01:23.916,442] [1;31m<err> analog_axis_hires: Could not setup channel #1 (-5)[0m
[00:01:23.924,133] [1;31m<err> ads1220: config2 mismatch! 0x10 != 0x00[0m
[00:01:23.924,255] [1;31m<err> ads1220: config2 mismatch! 0x15 != 0x00[0m
[00:01:23.924,407] [1;31m<err> ads1220: config0 mismatch! 0x3C != 0x1C[0m
[00:01:23.924,438] [1;31m<err> analog_axis_hires: Could not setup channel #1 (-5)[0m
[00:01:23.932,189] [1;31m<err> ads1220: config2 mismatch! 0x10 != 0x00[0m
[00:01:23.932,342] [1;31m<err> ads1220: config2 mismatch! 0x15 != 0x00[0m
[00:01:23.932,464] [1;31m<err> ads1220: config0 mismatch! 0x3C != 0x1C[0m
[00:01:23.932,464] [1;31m<err> analog_axis_hires: Could not setup channel #1 (-5)[0m
[00:01:23.940,155] [1;31m<err> ads1220: config2 mismatch! 0x10 != 0x00[0m
[00:01:23.940,307] [1;31m<err> ads1220: config2 mismatch! 0x15 != 0x00[0m
[00:01:23.940,460] [1;31m<err> ads1220: config0 mismatch! 0x3C != 0x1C[0m
[00:01:23.940,460] [1;31m<err> analog_axis_hires: Could not setup channel #1 (-5)[0m
[00:01:23.948,211] [1;31m<err> ads1220: config2 mismatch! 0x10 != 0x00[0m
[00:01:23.948,333] [1;31m<err> ads1220: config2 mismatch! 0x15 != 0x00[0m
[00:01:23.948,486] [1;31m<err> ads1220: config0 mismatch! 0x3C != 0x1C[0m
[00:01:23.948,516] [1;31m<err> analog_axis_hires: Could not setup channel #1 (-5)[0m
[00:01:23.956,237] [1;31m<err> ads1220: config2 mismatch! 0x10 != 0x00[0m
[00:01:23.956,390] [1;31m<err> ads1220: config2 mismatch! 0x15 != 0x00[0m
[00:01:23.956,512] [1;31m<err> ads1220: config0 mismatch! 0x3C != 0x1C[0m
[00:01:23.956,512] [1;31m<err> analog_axis_hires: Could not setup channel #1 (-5)[0m
[00:01:23.964,233] [1;31m<err> ads1220: config2 mismatch! 0x10 != 0x00[0m
[00:01:23.964,385] [1;31m<err> ads1220: config2 mismatch! 0x15 != 0x00[0m
[00:01:23.964,538] [1;31m<err> ads1220: config0 mismatch! 0x3C != 0x1C[0m
[00:01:23.964,538] [1;31m<err> analog_axis_hires: Could not setup channel #1 (-5)[0m
[00:01:23.972,290] [1;31m<err> ads1220: config2 mismatch! 0x10 != 0x00[0m
[00:01:23.972,412] [1;31m<err> ads1220: config2 mismatch! 0x15 != 0x00[0m
[00:01:23.972,564] [1;31m<err> ads1220: config0 mismatch! 0x3C != 0x1C[0m
[00:01:23.972,595] [1;31m<err> analog_axis_hires: Could not setup channel #1 (-5)[0m
[00:01:23.980,316] [1;31m<err> ads1220: config2 mismatch! 0x10 != 0x00[0m
[00:01:23.980,468] [1;31m<err> ads1220: config2 mismatch! 0x15 != 0x00[0m
[00:01:23.980,590] [1;31m<err> ads1220: config0 mismatch! 0x3C != 0x1C[0m
[00:01:23.980,590] [1;31m<err> analog_axis_hires: Could not setup channel #1 (-5)[0m
[00:01:23.988,311] [1;31m<err> ads1220: config2 mismatch! 0x10 != 0x00[0m
[00:01:23.988,464] [1;31m<err> ads1220: config2 mismatch! 0x15 != 0x00[0m
[00:01:23.988,616] [1;31m<err> ads1220: config0 mismatch! 0x3C != 0x1C[0m
[00:01:23.988,616] [1;31m<err> analog_axis_hires: Could not setup channel #1 (-5)[0m
[00:01:23.996,368] [1;31m<err> ads1220: config2 mismatch! 0x10 != 0x00[0m
[00:01:23.996,490] [1;31m<err> ads1220: config2 mismatch! 0x15 != 0x00[0m
[00:01:23.996,643] [1;31m<err> ads1220: config0 mismatch! 0x3C != 0x1C[0m
[00:01:23.996,673] [1;31m<err> analog_axis_hires: Could not setup channel #1 (-5)[0m
[00:01:24.004,425] [1;31m<err> ads1220: config2 mismatch! 0x10 != 0x00[0m
[00:01:24.004,547] [1;31m<err> ads1220: config2 mismatch! 0x15 != 0x00[0m
[00:01:24.004,699] [1;31m<err> ads1220: config0 mismatch! 0x3C != 0x1C[0m
[00:01:24.004,699] [1;31m<err> analog_axis_hires: Could not setup channel #1 (-5)[0m
[00:01:24.012,390] [1;31m<err> ads1220: config2 mismatch! 0x10 != 0x00[0m
[00:01:24.012,542] [1;31m<err> ads1220: config2 mismatch! 0x15 != 0x00[0m
[00:01:24.012,695] [1;31m<err> ads1220: config0 mismatch! 0x3C != 0x1C[0m
[00:01:24.012,695] [1;31m<err> analog_axis_hires: Could not setup channel #1 (-5)[0m
[00:01:24.020,446] [1;31m<err> ads1220: config2 mismatch! 0x10 != 0x00[0m
[00:01:24.020,568] [1;31m<err> ads1220: config2 mismatch! 0x15 != 0x00[0m
[00:01:24.020,721] [1;31m<err> ads1220: config0 mismatch! 0x3C != 0x1C[0m
[00:01:24.020,751] [1;31m<err> analog_axis_hires: Could not setup channel #1 (-5)[0m
[00:01:24.028,503] [1;31m<err> ads1220: config2 mismatch! 0x10 != 0x00[0m
[00:01:24.028,625] [1;31m<err> ads1220: config2 mismatch! 0x15 != 0x00[0m
[00:01:24.028,747] [1;31m<err> ads1220: config0 mismatch! 0x3C != 0x1C[0m
[00:01:24.028,778] [1;31m<err> analog_axis_hires: Could not setup channel #1 (-5)[0m
[00:01:24.036,468] [1;31m<err> ads1220: config2 mismatch! 0x10 != 0x00[0m
[00:01:24.036,621] [1;31m<err> ads1220: config2 mismatch! 0x15 != 0x00[0m
[00:01:24.036,773] [1;31m<err> ads1220: config0 mismatch! 0x3C != 0x1C[0m
[00:01:24.036,773] [1;31m<err> analog_axis_hires: Could not setup channel #1 (-5)[0m
[00:01:24.044,525] [1;31m<err> ads1220: config2 mismatch! 0x10 != 0x00[0m
[00:01:24.044,647] [1;31m<err> ads1220: config2 mismatch! 0x15 != 0x00[0m
[00:01:24.044,799] [1;31m<err> ads1220: config0 mismatch! 0x3C != 0x1C[0m
[00:01:24.044,830] [1;31m<err> analog_axis_hires: Could not setup channel #1 (-5)[0m
[00:01:24.052,581] [1;31m<err> ads1220: config2 mismatch! 0x10 != 0x00[0m
[00:01:24.052,703] [1;31m<err> ads1220: config2 mismatch! 0x15 != 0x00[0m
[00:01:24.052,825] [1;31m<err> ads1220: config0 mismatch! 0x3C != 0x1C[0m
[00:01:24.052,856] [1;31m<err> analog_axis_hires: Could not setup channel #1 (-5)[0m
[00:01:24.060,546] [1;31m<err> ads1220: config2 mismatch! 0x10 != 0x00[0m
[00:01:24.060,699] [1;31m<err> ads1220: config2 mismatch! 0x15 != 0x00[0m
[00:01:24.060,852] [1;31m<err> ads1220: config0 mismatch! 0x3C != 0x1C[0m
[00:01:24.060,852] [1;31m<err> analog_axis_hires: Could not setup channel #1 (-5)[0m
[00:01:24.068,603] [1;31m<err> ads1220: config2 mismatch! 0x10 != 0x00[0m
[00:01:24.068,725] [1;31m<err> ads1220: config2 mismatch! 0x15 != 0x00[0m
[00:01:24.068,878] [1;31m<err> ads1220: config0 mismatch! 0x3C != 0x1C[0m
[00:01:24.068,878] [1;31m<err> analog_axis_hires: Could not setup channel #1 (-5)[0m
[00:01:24.076,660] [1;31m<err> ads1220: config2 mismatch! 0x10 != 0x00[0m
[00:01:24.076,782] [1;31m<err> ads1220: config2 mismatch! 0x15 != 0x00[0m
[00:01:24.076,904] [1;31m<err> ads1220: config0 mismatch! 0x3C != 0x1C[0m
[00:01:24.076,934] [1;31m<err> analog_axis_hires: Could not setup channel #1 (-5)[0m
[00:01:24.084,625] [1;31m<err> ads1220: config2 mismatch! 0x10 != 0x00[0m
[00:01:24.084,777] [1;31m<err> ads1220: config2 mismatch! 0x15 != 0x00[0m
[00:01:24.084,930] [1;31m<err> ads1220: config0 mismatch! 0x3C != 0x1C[0m
[00:01:24.084,930] [1;31m<err> analog_axis_hires: Could not setup channel #1 (-5)[0m
[00:01:24.092,681] [1;31m<err> ads1220: config2 mismatch! 0x10 != 0x00[0m
[00:01:24.092,803] [1;31m<err> ads1220: config2 mismatch! 0x15 != 0x00[0m
[00:01:24.092,956] [1;31m<err> ads1220: config0 mismatch! 0x3C != 0x1C[0m
[00:01:24.092,956] [1;31m<err> analog_axis_hires: Could not setup channel #1 (-5)[0m
[00:01:24.100,708] [1;31m<err> ads1220: config2 mismatch! 0x10 != 0x00[0m
[00:01:24.100,830] [1;31m<err> ads1220: config2 mismatch! 0x15 != 0x00[0m
[00:01:24.100,952] [1;31m<err> ads1220: config0 mismatch! 0x3C != 0x1C[0m
[00:01:24.100,982] [1;31m<err> analog_axis_hires: Could not setup channel #1 (-5)[0m
[00:01:24.108,703] [1;31m<err> ads1220: config2 mismatch! 0x10 != 0x00[0m
[00:01:24.108,856] [1;31m<err> ads1220: config2 mismatch! 0x15 != 0x00[0m
[00:01:24.109,008] [1;31m<err> ads1220: config0 mismatch! 0x3C != 0x1C[0m
[00:01:24.109,008] [1;31m<err> analog_axis_hires: Could not setup channel #1 (-5)[0m
[00:01:24.116,760] [1;31m<err> ads1220: config2 mismatch! 0x10 != 0x00[0m
[00:01:24.116,882] [1;31m<err> ads1220: config2 mismatch! 0x15 != 0x00[0m
[00:01:24.117,034] [1;31m<err> ads1220: config0 mismatch! 0x3C != 0x1C[0m
[00:01:24.117,034] [1;31m<err> analog_axis_hires: Could not setup channel #1 (-5)[0m
[00:01:24.124,816] [1;31m<err> ads1220: config2 mismatch! 0x10 != 0x00[0m
[00:01:24.124,938] [1;31m<err> ads1220: config2 mismatch! 0x15 != 0x00[0m
[00:01:24.125,061] [1;31m<err> ads1220: config0 mismatch! 0x3C != 0x1C[0m
[00:01:24.125,091] [1;31m<err> analog_axis_hires: Could not setup channel #1 (-5)[0m
[00:01:24.132,781] [1;31m<err> ads1220: config2 mismatch! 0x10 != 0x00[0m
[00:01:24.132,934] [1;31m<err> ads1220: config2 mismatch! 0x15 != 0x00[0m
[00:01:24.133,087] [1;31m<err> ads1220: config0 mismatch! 0x3C != 0x1C[0m
[00:01:24.133,087] [1;31m<err> analog_axis_hires: Could not setup channel #1 (-5)[0m
[00:01:24.140,838] [1;31m<err> ads1220: config2 mismatch! 0x10 != 0x00[0m
[00:01:24.140,960] [1;31m<err> ads1220: config2 mismatch! 0x15 != 0x00[0m
[00:01:24.141,113] [1;31m<err> ads1220: config0 mismatch! 0x3C != 0x1C[0m
[00:01:24.141,113] [1;31m<err> analog_axis_hires: Could not setup channel #1 (-5)[0m
[00:01:24.148,895] [1;31m<err> ads1220: config2 mismatch! 0x10 != 0x00[0m
[00:01:24.149,017] [1;31m<err> ads1220: config2 mismatch! 0x15 != 0x00[0m
[00:01:24.149,139] [1;31m<err> ads1220: config0 mismatch! 0x3C != 0x1C[0m
[00:01:24.149,169] [1;31m<err> analog_axis_hires: Could not setup channel #1 (-5)[0m
[00:01:24.156,860] [1;31m<err> ads1220: config2 mismatch! 0x10 != 0x00[0m
[00:01:24.157,012] [1;31m<err> ads1220: config2 mismatch! 0x15 != 0x00[0m
[00:01:24.157,165] [1;31m<err> ads1220: config0 mismatch! 0x3C != 0x1C[0m
[00:01:24.157,165] [1;31m<err> analog_axis_hires: Could not setup channel #1 (-5)[0m
[00:01:24.164,916] [1;31m<err> ads1220: config2 mismatch! 0x10 != 0x00[0m
[00:01:24.165,039] [1;31m<err> ads1220: config2 mismatch! 0x15 != 0x00[0m
[00:01:24.165,191] [1;31m<err> ads1220: config0 mismatch! 0x3C != 0x1C[0m
[00:01:24.165,191] [1;31m<err> analog_axis_hires: Could not setup channel #1 (-5)[0m
[00:01:24.172,943] [1;31m<err> ads1220: config2 mismatch! 0x10 != 0x00[0m
[00:01:24.173,095] [1;31m<err> ads1220: config2 mismatch! 0x15 != 0x00[0m
[00:01:24.173,217] [1;31m<err> ads1220: config0 mismatch! 0x3C != 0x1C[0m
[00:01:24.173,217] [1;31m<err> analog_axis_hires: Could not setup channel #1 (-5)[0m
[00:01:24.180,938] [1;31m<err> ads1220: config2 mismatch! 0x10 != 0x00[0m
[00:01:24.181,091] [1;31m<err> ads1220: config2 mismatch! 0x15 != 0x00[0m
[00:01:24.181,243] [1;31m<err> ads1220: config0 mismatch! 0x3C != 0x1C[0m
[00:01:24.181,243] [1;31m<err> analog_axis_hires: Could not setup channel #1 (-5)[0m
[00:01:24.188,995] [1;31m<err> ads1220: config2 mismatch! 0x10 != 0x00[0m
[00:01:24.189,117] [1;31m<err> ads1220: config2 mismatch! 0x15 != 0x00[0m
[00:01:24.189,270] [1;31m<err> ads1220: config0 mismatch! 0x3C != 0x1C[0m
[00:01:24.189,270] [1;31m<err> analog_axis_hires: Could not setup channel #1 (-5)[0m
[00:01:24.197,021] [1;31m<err> ads1220: config2 mismatch! 0x10 != 0x00[0m
[00:01:24.197,143] [1;31m<err> ads1220: config2 mismatch! 0x15 != 0x00[0m
[00:01:24.197,296] [1;31m<err> ads1220: config0 mismatch! 0x3C != 0x1C[0m
[00:01:24.197,296] [1;31m<err> analog_axis_hires: Could not setup channel #1 (-5)[0m
[00:01:24.205,017] [1;31m<err> ads1220: config2 mismatch! 0x10 != 0x00[0m
[00:01:24.205,169] [1;31m<err> ads1220: config2 mismatch! 0x15 != 0x00[0m
[00:01:24.205,322] [1;31m<err> ads1220: config0 mismatch! 0x3C != 0x1C[0m
[00:01:24.205,322] [1;31m<err> analog_axis_hires: Could not setup channel #1 (-5)[0m
[00:01:24.213,073] [1;31m<err> ads1220: config2 mismatch! 0x10 != 0x00[0m
[00:01:24.213,195] [1;31m<err> ads1220: config2 mismatch! 0x15 != 0x00[0m
[00:01:24.213,348] [1;31m<err> ads1220: config0 mismatch! 0x3C != 0x1C[0m
[00:01:24.213,348] [1;31m<err> analog_axis_hires: Could not setup channel #1 (-5)[0m
[00:01:24.221,130] [1;31m<err> ads1220: config2 mismatch! 0x10 != 0x00[0m
[00:01:24.221,252] [1;31m<err> ads1220: config2 mismatch! 0x15 != 0x00[0m
[00:01:24.221,374] [1;31m<err> ads1220: config0 mismatch! 0x3C != 0x1C[0m
[00:01:24.221,374] [1;31m<err> analog_axis_hires: Could not setup channel #1 (-5)[0m
[00:01:24.229,095] [1;31m<err> ads1220: config2 mismatch! 0x10 != 0x00[0m
[00:01:24.229,248] [1;31m<err> ads1220: config2 mismatch! 0x15 != 0x00[0m
[00:01:24.229,400] [1;31m<err> ads1220: config0 mismatch! 0x3C != 0x1C[0m
[00:01:24.229,400] [1;31m<err> analog_axis_hires: Could not setup channel #1 (-5)[0m
[00:01:24.237,152] [1;31m<err> ads1220: config2 mismatch! 0x10 != 0x00[0m
[00:01:24.237,274] [1;31m<err> ads1220: config2 mismatch! 0x15 != 0x00[0m
[00:01:24.237,426] [1;31m<err> ads1220: config0 mismatch! 0x3C != 0x1C[0m
[00:01:24.237,426] [1;31m<err> analog_axis_hires: Could not setup channel #1 (-5)[0m
[00:01:24.245,178] [1;31m<err> ads1220: config2 mismatch! 0x10 != 0x00[0m
[00:01:24.245,330] [1;31m<err> ads1220: config2 mismatch! 0x15 != 0x00[0m
[00:01:24.245,452] [1;31m<err> ads1220: config0 mismatch! 0x3C != 0x1C[0m
[00:01:24.245,452] [1;31m<err> analog_axis_hires: Could not setup channel #1 (-5)[0m
[00:01:24.253,173] [1;31m<err> ads1220: config2 mismatch! 0x10 != 0x00[0m
[00:01:24.253,326] [1;31m<err> ads1220: config2 mismatch! 0x15 != 0x00[0m
[00:01:24.253,479] [1;31m<err> ads1220: config0 mismatch! 0x3C != 0x1C[0m
[00:01:24.253,479] [1;31m<err> analog_axis_hires: Could not setup channel #1 (-5)[0m
[00:01:24.261,230] [1;31m<err> ads1220: config2 mismatch! 0x10 != 0x00[0m
[00:01:24.261,352] [1;31m<err> ads1220: config2 mismatch! 0x15 != 0x00[0m
[00:01:24.261,505] [1;31m<err> ads1220: config0 mismatch! 0x3C != 0x1C[0m
[00:01:24.261,535] [1;31m<err> analog_axis_hires: Could not setup channel #1 (-5)[0m
[00:01:24.269,287] [1;31m<err> ads1220: config2 mismatch! 0x10 != 0x00[0m
[00:01:24.269,409] [1;31m<err> ads1220: config2 mismatch! 0x15 != 0x00[0m
[00:01:24.269,531] [1;31m<err> ads1220: config0 mismatch! 0x3C != 0x1C[0m
[00:01:24.269,561] [1;31m<err> analog_axis_hires: Could not setup channel #1 (-5)[0m
[00:01:24.277,252] [1;31m<err> ads1220: config2 mismatch! 0x10 != 0x00[0m
[00:01:24.277,404] [1;31m<err> ads1220: config2 mismatch! 0x15 != 0x00[0m
[00:01:24.277,557] [1;31m<err> ads1220: config0 mismatch! 0x3C != 0x1C[0m
[00:01:24.277,557] [1;31m<err> analog_axis_hires: Could not setup channel #1 (-5)[0m
[00:01:24.285,308] [1;31m<err> ads1220: config2 mismatch! 0x10 != 0x00[0m
[00:01:24.285,430] [1;31m<err> ads1220: config2 mismatch! 0x15 != 0x00[0m
[00:01:24.285,583] [1;31m<err> ads1220: config0 mismatch! 0x3C != 0x1C[0m
[00:01:24.285,614] [1;31m<err> analog_axis_hires: Could not setup channel #1 (-5)[0m
[00:01:24.293,365] [1;31m<err> ads1220: config2 mismatch! 0x10 != 0x00[0m
[00:01:24.293,487] [1;31m<err> ads1220: config2 mismatch! 0x15 != 0x00[0m
[00:01:24.293,640] [1;31m<err> ads1220: config0 mismatch! 0x3C != 0x1C[0m
[00:01:24.293,640] [1;31m<err> analog_axis_hires: Could not setup channel #1 (-5)[0m
[00:01:24.301,330] [1;31m<err> ads1220: config2 mismatch! 0x10 != 0x00[0m
[00:01:24.301,483] [1;31m<err> ads1220: config2 mismatch! 0x15 != 0x00[0m
[00:01:24.301,635] [1;31m<err> ads1220: config0 mismatch! 0x3C != 0x1C[0m
[00:01:24.301,635] [1;31m<err> analog_axis_hires: Could not setup channel #1 (-5)[0m
[00:01:24.309,387] [1;31m<err> ads1220: config2 mismatch! 0x10 != 0x00[0m
[00:01:24.309,509] [1;31m<err> ads1220: config2 mismatch! 0x15 != 0x00[0m
[00:01:24.309,661] [1;31m<err> ads1220: config0 mismatch! 0x3C != 0x1C[0m
[00:01:24.309,692] [1;31m<err> analog_axis_hires: Could not setup channel #1 (-5)[0m
[00:01:24.317,443] [1;31m<err> ads1220: config2 mismatch! 0x10 != 0x00[0m
[00:01:24.317,565] [1;31m<err> ads1220: config2 mismatch! 0x15 != 0x00[0m
[00:01:24.317,687] [1;31m<err> ads1220: config0 mismatch! 0x3C != 0x1C[0m
[00:01:24.317,718] [1;31m<err> analog_axis_hires: Could not setup channel #1 (-5)[0m
[00:01:24.325,408] [1;31m<err> ads1220: config2 mismatch! 0x10 != 0x00[0m
[00:01:24.325,561] [1;31m<err> ads1220: config2 mismatch! 0x15 != 0x00[0m
[00:01:24.325,714] [1;31m<err> ads1220: config0 mismatch! 0x3C != 0x1C[0m
[00:01:24.325,714] [1;31m<err> analog_axis_hires: Could not setup channel #1 (-5)[0m
[00:01:24.333,465] [1;31m<err> ads1220: config2 mismatch! 0x10 != 0x00[0m
[00:01:24.333,587] [1;31m<err> ads1220: config2 mismatch! 0x15 != 0x00[0m
[00:01:24.333,740] [1;31m<err> ads1220: config0 mismatch! 0x3C != 0x1C[0m
[00:01:24.333,770] [1;31m<err> analog_axis_hires: Could not setup channel #1 (-5)[0m
[00:01:24.341,522] [1;31m<err> ads1220: config2 mismatch! 0x10 != 0x00[0m
[00:01:24.341,644] [1;31m<err> ads1220: config2 mismatch! 0x15 != 0x00[0m
[00:01:24.341,766] [1;31m<err> ads1220: config0 mismatch! 0x3C != 0x1C[0m
[00:01:24.341,796] [1;31m<err> analog_axis_hires: Could not setup channel #1 (-5)[0m
[00:01:24.349,487] [1;31m<err> ads1220: config2 mismatch! 0x10 != 0x00[0m
[00:01:24.349,639] [1;31m<err> ads1220: config2 mismatch! 0x15 != 0x00[0m
[00:01:24.349,792] [1;31m<err> ads1220: config0 mismatch! 0x3C != 0x1C[0m
[00:01:24.349,792] [1;31m<err> analog_axis_hires: Could not setup channel #1 (-5)[0m
[00:01:24.357,543] [1;31m<err> ads1220: config2 mismatch! 0x10 != 0x00[0m
[00:01:24.357,666] [1;31m<err> ads1220: config2 mismatch! 0x15 != 0x00[0m
[00:01:24.357,818] [1;31m<err> ads1220: config0 mismatch! 0x3C != 0x1C[0m
[00:01:24.357,849] [1;31m<err> analog_axis_hires: Could not setup channel #1 (-5)[0m
[00:01:24.365,600] [1;31m<err> ads1220: config2 mismatch! 0x10 != 0x00[0m
[00:01:24.365,722] [1;31m<err> ads1220: config2 mismatch! 0x15 != 0x00[0m
[00:01:24.365,844] [1;31m<err> ads1220: config0 mismatch! 0x3C != 0x1C[0m
[00:01:24.365,875] [1;31m<err> analog_axis_hires: Could not setup channel #1 (-5)[0m
[00:01:24.373,565] [1;31m<err> ads1220: config2 mismatch! 0x10 != 0x00[0m
[00:01:24.373,718] [1;31m<err> ads1220: config2 mismatch! 0x15 != 0x00[0m
[00:01:24.373,870] [1;31m<err> ads1220: config0 mismatch! 0x3C != 0x1C[0m
[00:01:24.373,870] [1;31m<err> analog_axis_hires: Could not setup channel #1 (-5)[0m
[00:01:24.381,622] [1;31m<err> ads1220: config2 mismatch! 0x10 != 0x00[0m
[00:01:24.381,744] [1;31m<err> ads1220: config2 mismatch! 0x15 != 0x00[0m
[00:01:24.381,896] [1;31m<err> ads1220: config0 mismatch! 0x3C != 0x1C[0m
[00:01:24.381,927] [1;31m<err> analog_axis_hires: Could not setup channel #1 (-5)[0m
[00:01:24.389,678] [1;31m<err> ads1220: config2 mismatch! 0x10 != 0x00[0m
[00:01:24.389,801] [1;31m<err> ads1220: config2 mismatch! 0x15 != 0x00[0m
[00:01:24.389,923] [1;31m<err> ads1220: config0 mismatch! 0x3C != 0x1C[0m
[00:01:24.389,953] [1;31m<err> analog_axis_hires: Could not setup channel #1 (-5)[0m
[00:01:24.397,644] [1;31m<err> ads1220: config2 mismatch! 0x10 != 0x00[0m
[00:01:24.397,796] [1;31m<err> ads1220: config2 mismatch! 0x15 != 0x00[0m
[00:01:24.397,949] [1;31m<err> ads1220: config0 mismatch! 0x3C != 0x1C[0m
[00:01:24.397,949] [1;31m<err> analog_axis_hires: Could not setup channel #1 (-5)[0m
[00:01:24.405,700] [1;31m<err> ads1220: config2 mismatch! 0x10 != 0x00[0m
[00:01:24.405,822] [1;31m<err> ads1220: config2 mismatch! 0x15 != 0x00[0m
[00:01:24.405,975] [1;31m<err> ads1220: config0 mismatch! 0x3C != 0x1C[0m
[00:01:24.406,005] [1;31m<err> analog_axis_hires: Could not setup channel #1 (-5)[0m
[00:01:24.413,726] [1;31m<err> ads1220: config2 mismatch! 0x10 != 0x00[0m
[00:01:24.413,879] [1;31m<err> ads1220: config2 mismatch! 0x15 != 0x00[0m
[00:01:24.414,001] [1;31m<err> ads1220: config0 mismatch! 0x3C != 0x1C[0m
[00:01:24.414,001] [1;31m<err> analog_axis_hires: Could not setup channel #1 (-5)[0m
[00:01:24.421,722] [1;31m<err> ads1220: config2 mismatch! 0x10 != 0x00[0m
[00:01:24.421,875] [1;31m<err> ads1220: config2 mismatch! 0x15 != 0x00[0m
[00:01:24.422,027] [1;31m<err> ads1220: config0 mismatch! 0x3C != 0x1C[0m
[00:01:24.422,027] [1;31m<err> analog_axis_hires: Could not setup channel #1 (-5)[0m
[00:01:24.429,779] [1;31m<err> ads1220: config2 mismatch! 0x10 != 0x00[0m
[00:01:24.429,901] [1;31m<err> ads1220: config2 mismatch! 0x15 != 0x00[0m
[00:01:24.430,053] [1;31m<err> ads1220: config0 mismatch! 0x3C != 0x1C[0m
[00:01:24.430,084] [1;31m<err> analog_axis_hires: Could not setup channel #1 (-5)[0m
[00:01:24.437,835] [1;31m<err> ads1220: config2 mismatch! 0x10 != 0x00[0m
[00:01:24.437,957] [1;31m<err> ads1220: config2 mismatch! 0x15 != 0x00[0m
[00:01:24.438,079] [1;31m<err> ads1220: config0 mismatch! 0x3C != 0x1C[0m
[00:01:24.438,079] [1;31m<err> analog_axis_hires: Could not setup channel #1 (-5)[0m
[00:01:24.445,800] [1;31m<err> ads1220: config2 mismatch! 0x10 != 0x00[0m
[00:01:24.445,953] [1;31m<err> ads1220: config2 mismatch! 0x15 != 0x00[0m
[00:01:24.446,105] [1;31m<err> ads1220: config0 mismatch! 0x3C != 0x1C[0m
[00:01:24.446,105] [1;31m<err> analog_axis_hires: Could not setup channel #1 (-5)[0m
[00:01:24.453,857] [1;31m<err> ads1220: config2 mismatch! 0x10 != 0x00[0m
[00:01:24.453,979] [1;31m<err> ads1220: config2 mismatch! 0x15 != 0x00[0m
[00:01:24.454,132] [1;31m<err> ads1220: config0 mismatch! 0x3C != 0x1C[0m
[00:01:24.454,162] [1;31m<err> analog_axis_hires: Could not setup channel #1 (-5)[0m
[00:01:24.461,883] [1;31m<err> ads1220: config2 mismatch! 0x10 != 0x00[0m
[00:01:24.462,036] [1;31m<err> ads1220: config2 mismatch! 0x15 != 0x00[0m
[00:01:24.462,158] [1;31m<err> ads1220: config0 mismatch! 0x3C != 0x1C[0m
[00:01:24.462,158] [1;31m<err> analog_axis_hires: Could not setup channel #1 (-5)[0m
[00:01:24.469,879] [1;31m<err> ads1220: config2 mismatch! 0x10 != 0x00[0m
[00:01:24.470,031] [1;31m<err> ads1220: config2 mismatch! 0x15 != 0x00[0m
[00:01:24.470,184] [1;31m<err> ads1220: config0 mismatch! 0x3C != 0x1C[0m
[00:01:24.470,184] [1;31m<err> analog_axis_hires: Could not setup channel #1 (-5)[0m
[00:01:24.477,935] [1;31m<err> ads1220: config2 mismatch! 0x10 != 0x00[0m
[00:01:24.478,057] [1;31m<err> ads1220: config2 mismatch! 0x15 != 0x00[0m
[00:01:24.478,210] [1;31m<err> ads1220: config0 mismatch! 0x3C != 0x1C[0m
[00:01:24.478,240] [1;31m<err> analog_axis_hires: Could not setup channel #1 (-5)[0m
[00:01:24.485,961] [1;31m<err> ads1220: config2 mismatch! 0x10 != 0x00[0m
[00:01:24.486,083] [1;31m<err> ads1220: config2 mismatch! 0x15 != 0x00[0m
[00:01:24.486,236] [1;31m<err> ads1220: config0 mismatch! 0x3C != 0x1C[0m
[00:01:24.486,236] [1;31m<err> analog_axis_hires: Could not setup channel #1 (-5)[0m
[00:01:24.493,957] [1;31m<err> ads1220: config2 mismatch! 0x10 != 0x00[0m
[00:01:24.494,110] [1;31m<err> ads1220: config2 mismatch! 0x15 != 0x00[0m
[00:01:24.494,262] [1;31m<err> ads1220: config0 mismatch! 0x3C != 0x1C[0m
[00:01:24.494,262] [1;31m<err> analog_axis_hires: Could not setup channel #1 (-5)[0m
[00:01:24.502,014] [1;31m<err> ads1220: config2 mismatch! 0x10 != 0x00[0m
[00:01:24.502,136] [1;31m<err> ads1220: config2 mismatch! 0x15 != 0x00[0m
[00:01:24.502,288] [1;31m<err> ads1220: config0 mismatch! 0x3C != 0x1C[0m
[00:01:24.502,319] [1;31m<err> analog_axis_hires: Could not setup channel #1 (-5)[0m
[00:01:24.510,040] [1;31m<err> ads1220: config2 mismatch! 0x10 != 0x00[0m
[00:01:24.510,162] [1;31m<err> ads1220: config2 mismatch! 0x15 != 0x00[0m
[00:01:24.510,314] [1;31m<err> ads1220: config0 mismatch! 0x3C != 0x1C[0m
[00:01:24.510,314] [1;31m<err> analog_axis_hires: Could not setup channel #1 (-5)[0m
[00:01:24.518,035] [1;31m<err> ads1220: config2 mismatch! 0x10 != 0x00[0m
[00:01:24.518,188] [1;31m<err> ads1220: config2 mismatch! 0x15 != 0x00[0m
[00:01:24.518,341] [1;31m<err> ads1220: config0 mismatch! 0x3C != 0x1C[0m
[00:01:24.518,341] [1;31m<err> analog_axis_hires: Could not setup channel #1 (-5)[0m
[00:01:24.526,092] [1;31m<err> ads1220: config2 mismatch! 0x10 != 0x00[0m
[00:01:24.526,214] [1;31m<err> ads1220: config2 mismatch! 0x15 != 0x00[0m
[00:01:24.526,367] [1;31m<err> ads1220: config0 mismatch! 0x3C != 0x1C[0m
[00:01:24.526,397] [1;31m<err> analog_axis_hires: Could not setup channel #1 (-5)[0m
[00:01:24.534,149] [1;31m<err> ads1220: config2 mismatch! 0x10 != 0x00[0m
[00:01:24.534,271] [1;31m<err> ads1220: config2 mismatch! 0x15 != 0x00[0m
[00:01:24.534,393] [1;31m<err> ads1220: config0 mismatch! 0x3C != 0x1C[0m
[00:01:24.534,393] [1;31m<err> analog_axis_hires: Could not setup channel #1 (-5)[0m
[00:01:24.542,114] [1;31m<err> ads1220: config2 mismatch! 0x10 != 0x00[0m
[00:01:24.542,266] [1;31m<err> ads1220: config2 mismatch! 0x15 != 0x00[0m
[00:01:24.542,419] [1;31m<err> ads1220: config0 mismatch! 0x3C != 0x1C[0m
[00:01:24.542,419] [1;31m<err> analog_axis_hires: Could not setup channel #1 (-5)[0m
[00:01:24.550,170] [1;31m<err> ads1220: config2 mismatch! 0x10 != 0x00[0m
[00:01:24.550,292] [1;31m<err> ads1220: config2 mismatch! 0x15 != 0x00[0m
[00:01:24.550,445] [1;31m<err> ads1220: config0 mismatch! 0x3C != 0x1C[0m
[00:01:24.550,476] [1;31m<err> analog_axis_hires: Could not setup channel #1 (-5)[0m
[00:01:24.558,197] [1;31m<err> ads1220: config2 mismatch! 0x10 != 0x00[0m
[00:01:24.558,349] [1;31m<err> ads1220: config2 mismatch! 0x15 != 0x00[0m
[00:01:24.558,471] [1;31m<err> ads1220: config0 mismatch! 0x3C != 0x1C[0m
[00:01:24.558,471] [1;31m<err> analog_axis_hires: Could not setup channel #1 (-5)[0m
[00:01:24.566,192] [1;31m<err> ads1220: config2 mismatch! 0x10 != 0x00[0m
[00:01:24.566,345] [1;31m<err> ads1220: config2 mismatch! 0x15 != 0x00[0m
[00:01:24.566,497] [1;31m<err> ads1220: config0 mismatch! 0x3C != 0x1C[0m
[00:01:24.566,497] [1;31m<err> analog_axis_hires: Could not setup channel #1 (-5)[0m
[00:01:24.574,249] [1;31m<err> ads1220: config2 mismatch! 0x10 != 0x00[0m
[00:01:24.574,371] [1;31m<err> ads1220: config2 mismatch! 0x15 != 0x00[0m
[00:01:24.574,523] [1;31m<err> ads1220: config0 mismatch! 0x3C != 0x1C[0m
[00:01:24.574,554] [1;31m<err> analog_axis_hires: Could not setup channel #1 (-5)[0m
[00:01:24.582,275] [1;31m<err> ads1220: config2 mismatch! 0x10 != 0x00[0m
[00:01:24.582,427] [1;31m<err> ads1220: config2 mismatch! 0x15 != 0x00[0m
[00:01:24.582,550] [1;31m<err> ads1220: config0 mismatch! 0x3C != 0x1C[0m
[00:01:24.582,550] [1;31m<err> analog_axis_hires: Could not setup channel #1 (-5)[0m
[00:01:24.590,270] [1;31m<err> ads1220: config2 mismatch! 0x10 != 0x00[0m
[00:01:24.590,423] [1;31m<err> ads1220: config2 mismatch! 0x15 != 0x00[0m
[00:01:24.590,576] [1;31m<err> ads1220: config0 mismatch! 0x3C != 0x1C[0m
[00:01:24.590,576] [1;31m<err> analog_axis_hires: Could not setup channel #1 (-5)[0m
[00:01:24.598,327] [1;31m<err> ads1220: config2 mismatch! 0x10 != 0x00[0m
[00:01:24.598,449] [1;31m<err> ads1220: config2 mismatch! 0x15 != 0x00[0m
[00:01:24.598,602] [1;31m<err> ads1220: config0 mismatch! 0x3C != 0x1C[0m
[00:01:24.598,632] [1;31m<err> analog_axis_hires: Could not setup channel #1 (-5)[0m
[00:01:24.606,353] [1;31m<err> ads1220: config2 mismatch! 0x10 != 0x00[0m
[00:01:24.606,506] [1;31m<err> ads1220: config2 mismatch! 0x15 != 0x00[0m
[00:01:24.606,628] [1;31m<err> ads1220: config0 mismatch! 0x3C != 0x1C[0m
[00:01:24.606,628] [1;31m<err> analog_axis_hires: Could not setup channel #1 (-5)[0m
[00:01:24.614,349] [1;31m<err> ads1220: config2 mismatch! 0x10 != 0x00[0m
[00:01:24.614,501] [1;31m<err> ads1220: config2 mismatch! 0x15 != 0x00[0m
[00:01:24.614,654] [1;31m<err> ads1220: config0 mismatch! 0x3C != 0x1C[0m
[00:01:24.614,654] [1;31m<err> analog_axis_hires: Could not setup channel #1 (-5)[0m
[00:01:24.622,406] [1;31m<err> ads1220: config2 mismatch! 0x10 != 0x00[0m
[00:01:24.622,528] [1;31m<err> ads1220: config2 mismatch! 0x15 != 0x00[0m
[00:01:24.622,680] [1;31m<err> ads1220: config0 mismatch! 0x3C != 0x1C[0m
[00:01:24.622,711] [1;31m<err> analog_axis_hires: Could not setup channel #1 (-5)[0m
[00:01:24.630,462] [1;31m<err> ads1220: config2 mismatch! 0x10 != 0x00[0m
[00:01:24.630,584] [1;31m<err> ads1220: config2 mismatch! 0x15 != 0x00[0m
[00:01:24.630,706] [1;31m<err> ads1220: config0 mismatch! 0x3C != 0x1C[0m
[00:01:24.630,737] [1;31m<err> analog_axis_hires: Could not setup channel #1 (-5)[0m
[00:01:24.638,427] [1;31m<err> ads1220: config2 mismatch! 0x10 != 0x00[0m
[00:01:24.638,580] [1;31m<err> ads1220: config2 mismatch! 0x15 != 0x00[0m
[00:01:24.638,732] [1;31m<err> ads1220: config0 mismatch! 0x3C != 0x1C[0m
[00:01:24.638,732] [1;31m<err> analog_axis_hires: Could not setup channel #1 (-5)[0m
[00:01:24.646,484] [1;31m<err> ads1220: config2 mismatch! 0x10 != 0x00[0m
[00:01:24.646,606] [1;31m<err> ads1220: config2 mismatch! 0x15 != 0x00[0m
[00:01:24.646,759] [1;31m<err> ads1220: config0 mismatch! 0x3C != 0x1C[0m
[00:01:24.646,789] [1;31m<err> analog_axis_hires: Could not setup channel #1 (-5)[0m
[00:01:24.654,541] [1;31m<err> ads1220: config2 mismatch! 0x10 != 0x00[0m
[00:01:24.654,663] [1;31m<err> ads1220: config2 mismatch! 0x15 != 0x00[0m
[00:01:24.654,785] [1;31m<err> ads1220: config0 mismatch! 0x3C != 0x1C[0m
[00:01:24.654,815] [1;31m<err> analog_axis_hires: Could not setup channel #1 (-5)[0m
[00:01:24.662,506] [1;31m<err> ads1220: config2 mismatch! 0x10 != 0x00[0m
[00:01:24.662,658] [1;31m<err> ads1220: config2 mismatch! 0x15 != 0x00[0m
[00:01:24.662,811] [1;31m<err> ads1220: config0 mismatch! 0x3C != 0x1C[0m
[00:01:24.662,811] [1;31m<err> analog_axis_hires: Could not setup channel #1 (-5)[0m
[00:01:24.670,562] [1;31m<err> ads1220: config2 mismatch! 0x10 != 0x00[0m
[00:01:24.670,684] [1;31m<err> ads1220: config2 mismatch! 0x15 != 0x00[0m
[00:01:24.670,837] [1;31m<err> ads1220: config0 mismatch! 0x3C != 0x1C[0m
[00:01:24.670,867] [1;31m<err> analog_axis_hires: Could not setup channel #1 (-5)[0m
[00:01:24.678,619] [1;31m<err> ads1220: config2 mismatch! 0x10 != 0x00[0m
[00:01:24.678,741] [1;31m<err> ads1220: config2 mismatch! 0x15 != 0x00[0m
[00:01:24.678,863] [1;31m<err> ads1220: config0 mismatch! 0x3C != 0x1C[0m
[00:01:24.678,894] [1;31m<err> analog_axis_hires: Could not setup channel #1 (-5)[0m
[00:01:24.686,584] [1;31m<err> ads1220: config2 mismatch! 0x10 != 0x00[0m
[00:01:24.686,737] [1;31m<err> ads1220: config2 mismatch! 0x15 != 0x00[0m
[00:01:24.686,889] [1;31m<err> ads1220: config0 mismatch! 0x3C != 0x1C[0m
[00:01:24.686,889] [1;31m<err> analog_axis_hires: Could not setup channel #1 (-5)[0m
[00:01:24.694,641] [1;31m<err> ads1220: config2 mismatch! 0x10 != 0x00[0m
[00:01:24.694,763] [1;31m<err> ads1220: config2 mismatch! 0x15 != 0x00[0m
[00:01:24.694,915] [1;31m<err> ads1220: config0 mismatch! 0x3C != 0x1C[0m
[00:01:24.694,946] [1;31m<err> analog_axis_hires: Could not setup channel #1 (-5)[0m
[00:01:24.702,697] [1;31m<err> ads1220: config2 mismatch! 0x10 != 0x00[0m
[00:01:24.702,819] [1;31m<err> ads1220: config2 mismatch! 0x15 != 0x00[0m
[00:01:24.702,941] [1;31m<err> ads1220: config0 mismatch! 0x3C != 0x1C[0m
[00:01:24.702,972] [1;31m<err> analog_axis_hires: Could not setup channel #1 (-5)[0m
[00:01:24.710,662] [1;31m<err> ads1220: config2 mismatch! 0x10 != 0x00[0m
[00:01:24.710,815] [1;31m<err> ads1220: config2 mismatch! 0x15 != 0x00[0m
[00:01:24.710,968] [1;31m<err> ads1220: config0 mismatch! 0x3C != 0x1C[0m
[00:01:24.710,968] [1;31m<err> analog_axis_hires: Could not setup channel #1 (-5)[0m
[00:01:24.718,719] [1;31m<err> ads1220: config2 mismatch! 0x10 != 0x00[0m
[00:01:24.718,841] [1;31m<err> ads1220: config2 mismatch! 0x15 != 0x00[0m
[00:01:24.718,994] [1;31m<err> ads1220: config0 mismatch! 0x3C != 0x1C[0m
[00:01:24.719,024] [1;31m<err> analog_axis_hires: Could not setup channel #1 (-5)[0m
[00:01:24.726,776] [1;31m<err> ads1220: config2 mismatch! 0x10 != 0x00[0m
[00:01:24.726,898] [1;31m<err> ads1220: config2 mismatch! 0x15 != 0x00[0m
[00:01:24.727,020] [1;31m<err> ads1220: config0 mismatch! 0x3C != 0x1C[0m
[00:01:24.727,050] [1;31m<err> analog_axis_hires: Could not setup channel #1 (-5)[0m
[00:01:24.734,741] [1;31m<err> ads1220: config2 mismatch! 0x10 != 0x00[0m
[00:01:24.734,893] [1;31m<err> ads1220: config2 mismatch! 0x15 != 0x00[0m
[00:01:24.735,046] [1;31m<err> ads1220: config0 mismatch! 0x3C != 0x1C[0m
[00:01:24.735,046] [1;31m<err> analog_axis_hires: Could not setup channel #1 (-5)[0m
[00:01:24.742,797] [1;31m<err> ads1220: config2 mismatch! 0x10 != 0x00[0m
[00:01:24.742,919] [1;31m<err> ads1220: config2 mismatch! 0x15 != 0x00[0m
[00:01:24.743,072] [1;31m<err> ads1220: config0 mismatch! 0x3C != 0x1C[0m
[00:01:24.743,103] [1;31m<err> analog_axis_hires: Could not setup channel #1 (-5)[0m
[00:01:24.750,854] [1;31m<err> ads1220: config2 mismatch! 0x10 != 0x00[0m
[00:01:24.750,976] [1;31m<err> ads1220: config2 mismatch! 0x15 != 0x00[0m
[00:01:24.751,129] [1;31m<err> ads1220: config0 mismatch! 0x3C != 0x1C[0m
[00:01:24.751,129] [1;31m<err> analog_axis_hires: Could not setup channel #1 (-5)[0m
[00:01:24.758,819] [1;31m<err> ads1220: config2 mismatch! 0x10 != 0x00[0m
[00:01:24.758,972] [1;31m<err> ads1220: config2 mismatch! 0x15 != 0x00[0m
[00:01:24.759,124] [1;31m<err> ads1220: config0 mismatch! 0x3C != 0x1C[0m
[00:01:24.759,124] [1;31m<err> analog_axis_hires: Could not setup channel #1 (-5)[0m
[00:01:24.766,876] [1;31m<err> ads1220: config2 mismatch! 0x10 != 0x00[0m
[00:01:24.766,998] [1;31m<err> ads1220: config2 mismatch! 0x15 != 0x00[0m
[00:01:24.767,150] [1;31m<err> ads1220: config0 mismatch! 0x3C != 0x1C[0m
[00:01:24.767,181] [1;31m<err> analog_axis_hires: Could not setup channel #1 (-5)[0m
[00:01:24.774,932] [1;31m<err> ads1220: config2 mismatch! 0x10 != 0x00[0m
[00:01:24.775,054] [1;31m<err> ads1220: config2 mismatch! 0x15 != 0x00[0m
[00:01:24.775,177] [1;31m<err> ads1220: config0 mismatch! 0x3C != 0x1C[0m
[00:01:24.775,177] [1;31m<err> analog_axis_hires: Could not setup channel #1 (-5)[0m
[00:01:24.782,897] [1;31m<err> ads1220: config2 mismatch! 0x10 != 0x00[0m
[00:01:24.783,050] [1;31m<err> ads1220: config2 mismatch! 0x15 != 0x00[0m
[00:01:24.783,203] [1;31m<err> ads1220: config0 mismatch! 0x3C != 0x1C[0m
[00:01:24.783,203] [1;31m<err> analog_axis_hires: Could not setup channel #1 (-5)[0m
[00:01:24.790,954] [1;31m<err> ads1220: config2 mismatch! 0x10 != 0x00[0m
[00:01:24.791,076] [1;31m<err> ads1220: config2 mismatch! 0x15 != 0x00[0m
[00:01:24.791,229] [1;31m<err> ads1220: config0 mismatch! 0x3C != 0x1C[0m
[00:01:24.791,259] [1;31m<err> analog_axis_hires: Could not setup channel #1 (-5)[0m
[00:01:24.799,011] [1;31m<err> ads1220: config2 mismatch! 0x10 != 0x00[0m
[00:01:24.799,133] [1;31m<err> ads1220: config2 mismatch! 0x15 != 0x00[0m
[00:01:24.799,285] [1;31m<err> ads1220: config0 mismatch! 0x3C != 0x1C[0m
[00:01:24.799,285] [1;31m<err> analog_axis_hires: Could not setup channel #1 (-5)[0m
[00:01:24.806,976] [1;31m<err> ads1220: config2 mismatch! 0x10 != 0x00[0m
[00:01:24.807,128] [1;31m<err> ads1220: config2 mismatch! 0x15 != 0x00[0m
[00:01:24.807,281] [1;31m<err> ads1220: config0 mismatch! 0x3C != 0x1C[0m
[00:01:24.807,281] [1;31m<err> analog_axis_hires: Could not setup channel #1 (-5)[0m
[00:01:24.815,032] [1;31m<err> ads1220: config2 mismatch! 0x10 != 0x00[0m
[00:01:24.815,155] [1;31m<err> ads1220: config2 mismatch! 0x15 != 0x00[0m
[00:01:24.815,307] [1;31m<err> ads1220: config0 mismatch! 0x3C != 0x1C[0m
[00:01:24.815,338] [1;31m<err> analog_axis_hires: Could not setup channel #1 (-5)[0m
[00:01:24.823,089] [1;31m<err> ads1220: config2 mismatch! 0x10 != 0x00[0m
[00:01:24.823,211] [1;31m<err> ads1220: config2 mismatch! 0x15 != 0x00[0m
[00:01:24.823,364] [1;31m<err> ads1220: config0 mismatch! 0x3C != 0x1C[0m
[00:01:24.823,364] [1;31m<err> analog_axis_hires: Could not setup channel #1 (-5)[0m
[00:01:24.831,054] [1;31m<err> ads1220: config2 mismatch! 0x10 != 0x00[0m
[00:01:24.831,207] [1;31m<err> ads1220: config2 mismatch! 0x15 != 0x00[0m
[00:01:24.831,359] [1;31m<err> ads1220: config0 mismatch! 0x3C != 0x1C[0m
[00:01:24.831,359] [1;31m<err> analog_axis_hires: Could not setup channel #1 (-5)[0m
[00:01:24.839,111] [1;31m<err> ads1220: config2 mismatch! 0x10 != 0x00[0m
[00:01:24.839,233] [1;31m<err> ads1220: config2 mismatch! 0x15 != 0x00[0m
[00:01:24.839,385] [1;31m<err> ads1220: config0 mismatch! 0x3C != 0x1C[0m
[00:01:24.839,416] [1;31m<err> analog_axis_hires: Could not setup channel #1 (-5)[0m
[00:01:24.847,167] [1;31m<err> ads1220: config2 mismatch! 0x10 != 0x00[0m
[00:01:24.847,290] [1;31m<err> ads1220: config2 mismatch! 0x15 != 0x00[0m
[00:01:24.847,442] [1;31m<err> ads1220: config0 mismatch! 0x3C != 0x1C[0m
[00:01:24.847,442] [1;31m<err> analog_axis_hires: Could not setup channel #1 (-5)[0m
[00:01:24.855,133] [1;31m<err> ads1220: config2 mismatch! 0x10 != 0x00[0m
[00:01:24.855,285] [1;31m<err> ads1220: config2 mismatch! 0x15 != 0x00[0m
[00:01:24.855,438] [1;31m<err> ads1220: config0 mismatch! 0x3C != 0x1C[0m
[00:01:24.855,438] [1;31m<err> analog_axis_hires: Could not setup channel #1 (-5)[0m
[00:01:24.863,189] [1;31m<err> ads1220: config2 mismatch! 0x10 != 0x00[0m
[00:01:24.863,311] [1;31m<err> ads1220: config2 mismatch! 0x15 != 0x00[0m
[00:01:24.863,464] [1;31m<err> ads1220: config0 mismatch! 0x3C != 0x1C[0m
[00:01:24.863,494] [1;31m<err> analog_axis_hires: Could not setup channel #1 (-5)[0m
[00:01:24.871,246] [1;31m<err> ads1220: config2 mismatch! 0x10 != 0x00[0m
[00:01:24.871,368] [1;31m<err> ads1220: config2 mismatch! 0x15 != 0x00[0m
[00:01:24.871,490] [1;31m<err> ads1220: config0 mismatch! 0x3C != 0x1C[0m
[00:01:24.871,520] [1;31m<err> analog_axis_hires: Could not setup channel #1 (-5)[0m
[00:01:24.879,211] [1;31m<err> ads1220: config2 mismatch! 0x10 != 0x00[0m
[00:01:24.879,364] [1;31m<err> ads1220: config2 mismatch! 0x15 != 0x00[0m
[00:01:24.879,516] [1;31m<err> ads1220: config0 mismatch! 0x3C != 0x1C[0m
[00:01:24.879,516] [1;31m<err> analog_axis_hires: Could not setup channel #1 (-5)[0m
[00:01:24.887,268] [1;31m<err> ads1220: config2 mismatch! 0x10 != 0x00[0m
[00:01:24.887,390] [1;31m<err> ads1220: config2 mismatch! 0x15 != 0x00[0m
[00:01:24.887,542] [1;31m<err> ads1220: config0 mismatch! 0x3C != 0x1C[0m
[00:01:24.887,573] [1;31m<err> analog_axis_hires: Could not setup channel #1 (-5)[0m
[00:01:24.895,324] [1;31m<err> ads1220: config2 mismatch! 0x10 != 0x00[0m
[00:01:24.895,446] [1;31m<err> ads1220: config2 mismatch! 0x15 != 0x00[0m
[00:01:24.895,568] [1;31m<err> ads1220: config0 mismatch! 0x3C != 0x1C[0m
[00:01:24.895,599] [1;31m<err> analog_axis_hires: Could not setup channel #1 (-5)[0m
[00:01:24.903,289] [1;31m<err> ads1220: config2 mismatch! 0x10 != 0x00[0m
[00:01:24.903,442] [1;31m<err> ads1220: config2 mismatch! 0x15 != 0x00[0m
[00:01:24.903,594] [1;31m<err> ads1220: config0 mismatch! 0x3C != 0x1C[0m
[00:01:24.903,594] [1;31m<err> analog_axis_hires: Could not setup channel #1 (-5)[0m
[00:01:24.911,346] [1;31m<err> ads1220: config2 mismatch! 0x10 != 0x00[0m
[00:01:24.911,468] [1;31m<err> ads1220: config2 mismatch! 0x15 != 0x00[0m
[00:01:24.911,621] [1;31m<err> ads1220: config0 mismatch! 0x3C != 0x1C[0m
[00:01:24.911,651] [1;31m<err> analog_axis_hires: Could not setup channel #1 (-5)[0m
[00:01:24.919,403] [1;31m<err> ads1220: config2 mismatch! 0x10 != 0x00[0m
[00:01:24.919,525] [1;31m<err> ads1220: config2 mismatch! 0x15 != 0x00[0m
[00:01:24.919,647] [1;31m<err> ads1220: config0 mismatch! 0x3C != 0x1C[0m
[00:01:24.919,677] [1;31m<err> analog_axis_hires: Could not setup channel #1 (-5)[0m
[00:01:24.927,368] [1;31m<err> ads1220: config2 mismatch! 0x10 != 0x00[0m
[00:01:24.927,520] [1;31m<err> ads1220: config2 mismatch! 0x15 != 0x00[0m
[00:01:24.927,673] [1;31m<err> ads1220: config0 mismatch! 0x3C != 0x1C[0m
[00:01:24.927,673] [1;31m<err> analog_axis_hires: Could not setup channel #1 (-5)[0m
[00:01:24.935,424] [1;31m<err> ads1220: config2 mismatch! 0x10 != 0x00[0m
[00:01:24.935,546] [1;31m<err> ads1220: config2 mismatch! 0x15 != 0x00[0m
[00:01:24.935,699] [1;31m<err> ads1220: config0 mismatch! 0x3C != 0x1C[0m
[00:01:24.935,729] [1;31m<err> analog_axis_hires: Could not setup channel #1 (-5)[0m
[00:01:24.943,511] [1;31m<err> ads1220: config2 mismatch! 0x10 != 0x00[0m
[00:01:24.943,634] [1;31m<err> ads1220: config2 mismatch! 0x15 != 0x00[0m
[00:01:24.943,756] [1;31m<err> ads1220: config0 mismatch! 0x3C != 0x1C[0m
[00:01:24.943,756] [1;31m<err> analog_axis_hires: Could not setup channel #1 (-5)[0m
[00:01:24.951,446] [1;31m<err> ads1220: config2 mismatch! 0x10 != 0x00[0m
[00:01:24.951,599] [1;31m<err> ads1220: config2 mismatch! 0x15 != 0x00[0m
[00:01:24.951,751] [1;31m<err> ads1220: config0 mismatch! 0x3C != 0x1C[0m
[00:01:24.951,751] [1;31m<err> analog_axis_hires: Could not setup channel #1 (-5)[0m
[00:01:24.959,503] [1;31m<err> ads1220: config2 mismatch! 0x10 != 0x00[0m
[00:01:24.959,625] [1;31m<err> ads1220: config2 mismatch! 0x15 != 0x00[0m
[00:01:24.959,777] [1;31m<err> ads1220: config0 mismatch! 0x3C != 0x1C[0m
[00:01:24.959,808] [1;31m<err> analog_axis_hires: Could not setup channel #1 (-5)[0m
[00:01:24.967,559] [1;31m<err> ads1220: config2 mismatch! 0x10 != 0x00[0m
[00:01:24.967,681] [1;31m<err> ads1220: config2 mismatch! 0x15 != 0x00[0m
[00:01:24.967,803] [1;31m<err> ads1220: config0 mismatch! 0x3C != 0x1C[0m
[00:01:24.967,834] [1;31m<err> analog_axis_hires: Could not setup channel #1 (-5)[0m
[00:01:24.975,524] [1;31m<err> ads1220: config2 mismatch! 0x10 != 0x00[0m
[00:01:24.975,677] [1;31m<err> ads1220: config2 mismatch! 0x15 != 0x00[0m
[00:01:24.975,830] [1;31m<err> ads1220: config0 mismatch! 0x3C != 0x1C[0m
[00:01:24.975,830] [1;31m<err> analog_axis_hires: Could not setup channel #1 (-5)[0m
[00:01:24.983,581] [1;31m<err> ads1220: config2 mismatch! 0x10 != 0x00[0m
[00:01:24.983,703] [1;31m<err> ads1220: config2 mismatch! 0x15 != 0x00[0m
[00:01:24.983,856] [1;31m<err> ads1220: config0 mismatch! 0x3C != 0x1C[0m
[00:01:24.983,886] [1;31m<err> analog_axis_hires: Could not setup channel #1 (-5)[0m
[00:01:24.991,638] [1;31m<err> ads1220: config2 mismatch! 0x10 != 0x00[0m
[00:01:24.991,760] [1;31m<err> ads1220: config2 mismatch! 0x15 != 0x00[0m
[00:01:24.991,882] [1;31m<err> ads1220: config0 mismatch! 0x3C != 0x1C[0m
[00:01:24.991,882] [1;31m<err> analog_axis_hires: Could not setup channel #1 (-5)[0m
[00:01:24.999,603] [1;31m<err> ads1220: config2 mismatch! 0x10 != 0x00[0m
[00:01:24.999,755] [1;31m<err> ads1220: config2 mismatch! 0x15 != 0x00[0m
[00:01:24.999,908] [1;31m<err> ads1220: config0 mismatch! 0x3C != 0x1C[0m
[00:01:24.999,908] [1;31m<err> analog_axis_hires: Could not setup channel #1 (-5)[0m
[00:01:25.007,659] [1;31m<err> ads1220: config2 mismatch! 0x10 != 0x00[0m
[00:01:25.007,781] [1;31m<err> ads1220: config2 mismatch! 0x15 != 0x00[0m
[00:01:25.007,934] [1;31m<err> ads1220: config0 mismatch! 0x3C != 0x1C[0m
[00:01:25.007,965] [1;31m<err> analog_axis_hires: Could not setup channel #1 (-5)[0m
[00:01:25.015,716] [1;31m<err> ads1220: config2 mismatch! 0x10 != 0x00[0m
[00:01:25.015,838] [1;31m<err> ads1220: config2 mismatch! 0x15 != 0x00[0m
[00:01:25.015,960] [1;31m<err> ads1220: config0 mismatch! 0x3C != 0x1C[0m
[00:01:25.015,960] [1;31m<err> analog_axis_hires: Could not setup channel #1 (-5)[0m
[00:01:25.023,742] [1;31m<err> ads1220: config2 mismatch! 0x10 != 0x00[0m
[00:01:25.023,895] [1;31m<err> ads1220: config2 mismatch! 0x15 != 0x00[0m
[00:01:25.024,047] [1;31m<err> ads1220: config0 mismatch! 0x3C != 0x1C[0m
[00:01:25.024,047] [1;31m<err> analog_axis_hires: Could not setup channel #1 (-5)[0m
[00:01:25.031,738] [1;31m<err> ads1220: config2 mismatch! 0x10 != 0x00[0m
[00:01:25.031,860] [1;31m<err> ads1220: config2 mismatch! 0x15 != 0x00[0m
[00:01:25.032,012] [1;31m<err> ads1220: config0 mismatch! 0x3C != 0x1C[0m
[00:01:25.032,043] [1;31m<err> analog_axis_hires: Could not setup channel #1 (-5)[0m
[00:01:25.039,764] [1;31m<err> ads1220: config2 mismatch! 0x10 != 0x00[0m
[00:01:25.039,886] [1;31m<err> ads1220: config2 mismatch! 0x15 != 0x00[0m
[00:01:25.040,039] [1;31m<err> ads1220: config0 mismatch! 0x3C != 0x1C[0m
[00:01:25.040,039] [1;31m<err> analog_axis_hires: Could not setup channel #1 (-5)[0m
[00:01:25.047,760] [1;31m<err> ads1220: config2 mismatch! 0x10 != 0x00[0m
[00:01:25.047,912] [1;31m<err> ads1220: config2 mismatch! 0x15 != 0x00[0m
[00:01:25.048,065] [1;31m<err> ads1220: config0 mismatch! 0x3C != 0x1C[0m
[00:01:25.048,065] [1;31m<err> analog_axis_hires: Could not setup channel #1 (-5)[0m
[00:01:25.055,816] [1;31m<err> ads1220: config2 mismatch! 0x10 != 0x00[0m
[00:01:25.055,938] [1;31m<err> ads1220: config2 mismatch! 0x15 != 0x00[0m
[00:01:25.056,091] [1;31m<err> ads1220: config0 mismatch! 0x3C != 0x1C[0m
[00:01:25.056,121] [1;31m<err> analog_axis_hires: Could not setup channel #1 (-5)[0m
[00:01:25.063,842] [1;31m<err> ads1220: config2 mismatch! 0x10 != 0x00[0m
[00:01:25.063,964] [1;31m<err> ads1220: config2 mismatch! 0x15 != 0x00[0m
[00:01:25.064,117] [1;31m<err> ads1220: config0 mismatch! 0x3C != 0x1C[0m
[00:01:25.064,117] [1;31m<err> analog_axis_hires: Could not setup channel #1 (-5)[0m
[00:01:25.071,838] [1;31m<err> ads1220: config2 mismatch! 0x10 != 0x00[0m
[00:01:25.071,990] [1;31m<err> ads1220: config2 mismatch! 0x15 != 0x00[0m
[00:01:25.072,143] [1;31m<err> ads1220: config0 mismatch! 0x3C != 0x1C[0m
[00:01:25.072,143] [1;31m<err> analog_axis_hires: Could not setup channel #1 (-5)[0m
[00:01:25.079,895] [1;31m<err> ads1220: config2 mismatch! 0x10 != 0x00[0m
[00:01:25.080,017] [1;31m<err> ads1220: config2 mismatch! 0x15 != 0x00[0m
[00:01:25.080,169] [1;31m<err> ads1220: config0 mismatch! 0x3C != 0x1C[0m
[00:01:25.080,169] [1;31m<err> analog_axis_hires: Could not setup channel #1 (-5)[0m
[00:01:25.087,921] [1;31m<err> ads1220: config2 mismatch! 0x10 != 0x00[0m
[00:01:25.088,043] [1;31m<err> ads1220: config2 mismatch! 0x15 != 0x00[0m
[00:01:25.088,165] [1;31m<err> ads1220: config0 mismatch! 0x3C != 0x1C[0m
[00:01:25.088,165] [1;31m<err> analog_axis_hires: Could not setup channel #1 (-5)[0m
[00:01:25.095,916] [1;31m<err> ads1220: config2 mismatch! 0x10 != 0x00[0m
[00:01:25.096,069] [1;31m<err> ads1220: config2 mismatch! 0x15 != 0x00[0m
[00:01:25.096,221] [1;31m<err> ads1220: config0 mismatch! 0x3C != 0x1C[0m
[00:01:25.096,221] [1;31m<err> analog_axis_hires: Could not setup channel #1 (-5)[0m
[00:01:25.103,973] [1;31m<err> ads1220: config2 mismatch! 0x10 != 0x00[0m
[00:01:25.104,095] [1;31m<err> ads1220: config2 mismatch! 0x15 != 0x00[0m
[00:01:25.104,248] [1;31m<err> ads1220: config0 mismatch! 0x3C != 0x1C[0m
[00:01:25.104,248] [1;31m<err> analog_axis_hires: Could not setup channel #1 (-5)[0m
[00:01:25.112,030] [1;31m<err> ads1220: config2 mismatch! 0x10 != 0x00[0m
[00:01:25.112,152] [1;31m<err> ads1220: config2 mismatch! 0x15 != 0x00[0m
[00:01:25.112,274] [1;31m<err> ads1220: config0 mismatch! 0x3C != 0x1C[0m
[00:01:25.112,304] [1;31m<err> analog_axis_hires: Could not setup channel #1 (-5)[0m
[00:01:25.119,995] [1;31m<err> ads1220: config2 mismatch! 0x10 != 0x00[0m
[00:01:25.120,147] [1;31m<err> ads1220: config2 mismatch! 0x15 != 0x00[0m
[00:01:25.120,300] [1;31m<err> ads1220: config0 mismatch! 0x3C != 0x1C[0m
[00:01:25.120,300] [1;31m<err> analog_axis_hires: Could not setup channel #1 (-5)[0m
[00:01:25.128,051] [1;31m<err> ads1220: config2 mismatch! 0x10 != 0x00[0m
[00:01:25.128,173] [1;31m<err> ads1220: config2 mismatch! 0x15 != 0x00[0m
[00:01:25.128,326] [1;31m<err> ads1220: config0 mismatch! 0x3C != 0x1C[0m
[00:01:25.128,326] [1;31m<err> analog_axis_hires: Could not setup channel #1 (-5)[0m
[00:01:25.136,108] [1;31m<err> ads1220: config2 mismatch! 0x10 != 0x00[0m
[00:01:25.136,230] [1;31m<err> ads1220: config2 mismatch! 0x15 != 0x00[0m
[00:01:25.136,352] [1;31m<err> ads1220: config0 mismatch! 0x3C != 0x1C[0m
[00:01:25.136,383] [1;31m<err> analog_axis_hires: Could not setup channel #1 (-5)[0m
[00:01:25.144,073] [1;31m<err> ads1220: config2 mismatch! 0x10 != 0x00[0m
[00:01:25.144,226] [1;31m<err> ads1220: config2 mismatch! 0x15 != 0x00[0m
[00:01:25.144,378] [1;31m<err> ads1220: config0 mismatch! 0x3C != 0x1C[0m
[00:01:25.144,378] [1;31m<err> analog_axis_hires: Could not setup channel #1 (-5)[0m
[00:01:25.152,130] [1;31m<err> ads1220: config2 mismatch! 0x10 != 0x00[0m
[00:01:25.152,252] [1;31m<err> ads1220: config2 mismatch! 0x15 != 0x00[0m
[00:01:25.152,404] [1;31m<err> ads1220: config0 mismatch! 0x3C != 0x1C[0m
[00:01:25.152,404] [1;31m<err> analog_axis_hires: Could not setup channel #1 (-5)[0m
[00:01:25.160,156] [1;31m<err> ads1220: config2 mismatch! 0x10 != 0x00[0m
[00:01:25.160,278] [1;31m<err> ads1220: config2 mismatch! 0x15 != 0x00[0m
[00:01:25.160,400] [1;31m<err> ads1220: config0 mismatch! 0x3C != 0x1C[0m
[00:01:25.160,430] [1;31m<err> analog_axis_hires: Could not setup channel #1 (-5)[0m
[00:01:25.168,151] [1;31m<err> ads1220: config2 mismatch! 0x10 != 0x00[0m
[00:01:25.168,304] [1;31m<err> ads1220: config2 mismatch! 0x15 != 0x00[0m
[00:01:25.168,457] [1;31m<err> ads1220: config0 mismatch! 0x3C != 0x1C[0m
[00:01:25.168,457] [1;31m<err> analog_axis_hires: Could not setup channel #1 (-5)[0m
[00:01:25.176,208] [1;31m<err> ads1220: config2 mismatch! 0x10 != 0x00[0m
[00:01:25.176,330] [1;31m<err> ads1220: config2 mismatch! 0x15 != 0x00[0m
[00:01:25.176,483] [1;31m<err> ads1220: config0 mismatch! 0x3C != 0x1C[0m
[00:01:25.176,483] [1;31m<err> analog_axis_hires: Could not setup channel #1 (-5)[0m
[00:01:25.184,265] [1;31m<err> ads1220: config2 mismatch! 0x10 != 0x00[0m
[00:01:25.184,387] [1;31m<err> ads1220: config2 mismatch! 0x15 != 0x00[0m
[00:01:25.184,509] [1;31m<err> ads1220: config0 mismatch! 0x3C != 0x1C[0m
[00:01:25.184,539] [1;31m<err> analog_axis_hires: Could not setup channel #1 (-5)[0m
[00:01:25.192,230] [1;31m<err> ads1220: config2 mismatch! 0x10 != 0x00[0m
[00:01:25.192,382] [1;31m<err> ads1220: config2 mismatch! 0x15 != 0x00[0m
[00:01:25.192,535] [1;31m<err> ads1220: config0 mismatch! 0x3C != 0x1C[0m
[00:01:25.192,535] [1;31m<err> analog_axis_hires: Could not setup channel #1 (-5)[0m
[00:01:25.200,286] [1;31m<err> ads1220: config2 mismatch! 0x10 != 0x00[0m
[00:01:25.200,408] [1;31m<err> ads1220: config2 mismatch! 0x15 != 0x00[0m
[00:01:25.200,561] [1;31m<err> ads1220: config0 mismatch! 0x3C != 0x1C[0m
[00:01:25.200,561] [1;31m<err> analog_axis_hires: Could not setup channel #1 (-5)[0m
[00:01:25.208,343] [1;31m<err> ads1220: config2 mismatch! 0x10 != 0x00[0m
[00:01:25.208,465] [1;31m<err> ads1220: config2 mismatch! 0x15 != 0x00[0m
[00:01:25.208,587] [1;31m<err> ads1220: config0 mismatch! 0x3C != 0x1C[0m
[00:01:25.208,618] [1;31m<err> analog_axis_hires: Could not setup channel #1 (-5)[0m
[00:01:25.216,308] [1;31m<err> ads1220: config2 mismatch! 0x10 != 0x00[0m
[00:01:25.216,461] [1;31m<err> ads1220: config2 mismatch! 0x15 != 0x00[0m
[00:01:25.216,613] [1;31m<err> ads1220: config0 mismatch! 0x3C != 0x1C[0m
[00:01:25.216,613] [1;31m<err> analog_axis_hires: Could not setup channel #1 (-5)[0m
[00:01:25.224,365] [1;31m<err> ads1220: config2 mismatch! 0x10 != 0x00[0m
[00:01:25.224,487] [1;31m<err> ads1220: config2 mismatch! 0x15 != 0x00[0m
[00:01:25.224,639] [1;31m<err> ads1220: config0 mismatch! 0x3C != 0x1C[0m
[00:01:25.224,639] [1;31m<err> analog_axis_hires: Could not setup channel #1 (-5)[0m
[00:01:25.232,391] [1;31m<err> ads1220: config2 mismatch! 0x10 != 0x00[0m
[00:01:25.232,513] [1;31m<err> ads1220: config2 mismatch! 0x15 != 0x00[0m
[00:01:25.232,666] [1;31m<err> ads1220: config0 mismatch! 0x3C != 0x1C[0m
[00:01:25.232,666] [1;31m<err> analog_axis_hires: Could not setup channel #1 (-5)[0m
[00:01:25.240,386] [1;31m<err> ads1220: config2 mismatch! 0x10 != 0x00[0m
[00:01:25.240,539] [1;31m<err> ads1220: config2 mismatch! 0x15 != 0x00[0m
[00:01:25.240,692] [1;31m<err> ads1220: config0 mismatch! 0x3C != 0x1C[0m
[00:01:25.240,692] [1;31m<err> analog_axis_hires: Could not setup channel #1 (-5)[0m
[00:01:25.248,443] [1;31m<err> ads1220: config2 mismatch! 0x10 != 0x00[0m
[00:01:25.248,565] [1;31m<err> ads1220: config2 mismatch! 0x15 != 0x00[0m
[00:01:25.248,718] [1;31m<err> ads1220: config0 mismatch! 0x3C != 0x1C[0m
[00:01:25.248,718] [1;31m<err> analog_axis_hires: Could not setup channel #1 (-5)[0m
[00:01:25.256,561] [1;31m<err> ads1220: config2 mismatch! 0x10 != 0x00[0m
[00:01:25.256,683] [1;31m<err> ads1220: config2 mismatch! 0x15 != 0x00[0m
[00:01:25.256,805] [1;31m<err> ads1220: config0 mismatch! 0x3C != 0x1C[0m
[00:01:25.256,835] [1;31m<err> analog_axis_hires: Could not setup channel #1 (-5)[0m
[00:01:25.264,465] [1;31m<err> ads1220: config2 mismatch! 0x10 != 0x00[0m
[00:01:25.264,617] [1;31m<err> ads1220: config2 mismatch! 0x15 != 0x00[0m
[00:01:25.264,770] [1;31m<err> ads1220: config0 mismatch! 0x3C != 0x1C[0m
[00:01:25.264,770] [1;31m<err> analog_axis_hires: Could not setup channel #1 (-5)[0m
[00:01:25.272,521] [1;31m<err> ads1220: config2 mismatch! 0x10 != 0x00[0m
[00:01:25.272,644] [1;31m<err> ads1220: config2 mismatch! 0x15 != 0x00[0m
[00:01:25.272,796] [1;31m<err> ads1220: config0 mismatch! 0x3C != 0x1C[0m
[00:01:25.272,827] [1;31m<err> analog_axis_hires: Could not setup channel #1 (-5)[0m
[00:01:25.280,548] [1;31m<err> ads1220: config2 mismatch! 0x10 != 0x00[0m
[00:01:25.280,700] [1;31m<err> ads1220: config2 mismatch! 0x15 != 0x00[0m
[00:01:25.280,822] [1;31m<err> ads1220: config0 mismatch! 0x3C != 0x1C[0m
[00:01:25.280,822] [1;31m<err> analog_axis_hires: Could not setup channel #1 (-5)[0m
[00:01:25.288,543] [1;31m<err> ads1220: config2 mismatch! 0x10 != 0x00[0m
[00:01:25.288,696] [1;31m<err> ads1220: config2 mismatch! 0x15 != 0x00[0m
[00:01:25.288,848] [1;31m<err> ads1220: config0 mismatch! 0x3C != 0x1C[0m
[00:01:25.288,848] [1;31m<err> analog_axis_hires: Could not setup channel #1 (-5)[0m
[00:01:25.296,600] [1;31m<err> ads1220: config2 mismatch! 0x10 != 0x00[0m
[00:01:25.296,722] [1;31m<err> ads1220: config2 mismatch! 0x15 != 0x00[0m
[00:01:25.296,875] [1;31m<err> ads1220: config0 mismatch! 0x3C != 0x1C[0m
[00:01:25.296,905] [1;31m<err> analog_axis_hires: Could not setup channel #1 (-5)[0m
[00:01:25.304,626] [1;31m<err> ads1220: config2 mismatch! 0x10 != 0x00[0m
[00:01:25.304,748] [1;31m<err> ads1220: config2 mismatch! 0x15 != 0x00[0m
[00:01:25.304,901] [1;31m<err> ads1220: config0 mismatch! 0x3C != 0x1C[0m
[00:01:25.304,901] [1;31m<err> analog_axis_hires: Could not setup channel #1 (-5)[0m
[00:01:25.312,622] [1;31m<err> ads1220: config2 mismatch! 0x10 != 0x00[0m
[00:01:25.312,774] [1;31m<err> ads1220: config2 mismatch! 0x15 != 0x00[0m
[00:01:25.312,927] [1;31m<err> ads1220: config0 mismatch! 0x3C != 0x1C[0m
[00:01:25.312,927] [1;31m<err> analog_axis_hires: Could not setup channel #1 (-5)[0m
[00:01:25.320,678] [1;31m<err> ads1220: config2 mismatch! 0x10 != 0x00[0m
[00:01:25.320,800] [1;31m<err> ads1220: config2 mismatch! 0x15 != 0x00[0m
[00:01:25.320,953] [1;31m<err> ads1220: config0 mismatch! 0x3C != 0x1C[0m
[00:01:25.320,983] [1;31m<err> analog_axis_hires: Could not setup channel #1 (-5)[0m
[00:01:25.328,704] [1;31m<err> ads1220: config2 mismatch! 0x10 != 0x00[0m
[00:01:25.328,857] [1;31m<err> ads1220: config2 mismatch! 0x15 != 0x00[0m
[00:01:25.328,979] [1;31m<err> ads1220: config0 mismatch! 0x3C != 0x1C[0m
[00:01:25.328,979] [1;31m<err> analog_axis_hires: Could not setup channel #1 (-5)[0m
[00:01:25.336,700] [1;31m<err> ads1220: config2 mismatch! 0x10 != 0x00[0m
[00:01:25.336,853] [1;31m<err> ads1220: config2 mismatch! 0x15 != 0x00[0m
[00:01:25.337,005] [1;31m<err> ads1220: config0 mismatch! 0x3C != 0x1C[0m
[00:01:25.337,005] [1;31m<err> analog_axis_hires: Could not setup channel #1 (-5)[0m
[00:01:25.344,757] [1;31m<err> ads1220: config2 mismatch! 0x10 != 0x00[0m
[00:01:25.344,879] [1;31m<err> ads1220: config2 mismatch! 0x15 != 0x00[0m
[00:01:25.345,031] [1;31m<err> ads1220: config0 mismatch! 0x3C != 0x1C[0m
[00:01:25.345,062] [1;31m<err> analog_axis_hires: Could not setup channel #1 (-5)[0m
[00:01:25.352,752] [1;31m<err> ads1220: config2 mismatch! 0x10 != 0x00[0m
[00:01:25.352,874] [1;31m<err> ads1220: config2 mismatch! 0x15 != 0x00[0m
[00:01:25.352,996] [1;31m<err> ads1220: config0 mismatch! 0x3C != 0x1C[0m
[00:01:25.353,027] [1;31m<err> analog_axis_hires: Could not setup channel #1 (-5)[0m
[00:01:25.360,778] [1;31m<err> ads1220: config2 mismatch! 0x10 != 0x00[0m
[00:01:25.360,931] [1;31m<err> ads1220: config2 mismatch! 0x15 != 0x00[0m
[00:01:25.361,083] [1;31m<err> ads1220: config0 mismatch! 0x3C != 0x1C[0m
[00:01:25.361,083] [1;31m<err> analog_axis_hires: Could not setup channel #1 (-5)[0m
[00:01:25.368,835] [1;31m<err> ads1220: config2 mismatch! 0x10 != 0x00[0m
[00:01:25.368,957] [1;31m<err> ads1220: config2 mismatch! 0x15 != 0x00[0m
[00:01:25.369,110] [1;31m<err> ads1220: config0 mismatch! 0x3C != 0x1C[0m
[00:01:25.369,140] [1;31m<err> analog_axis_hires: Could not setup channel #1 (-5)[0m
[00:01:25.376,892] [1;31m<err> ads1220: config2 mismatch! 0x10 != 0x00[0m
[00:01:25.377,014] [1;31m<err> ads1220: config2 mismatch! 0x15 != 0x00[0m
[00:01:25.377,136] [1;31m<err> ads1220: config0 mismatch! 0x3C != 0x1C[0m
[00:01:25.377,166] [1;31m<err> analog_axis_hires: Could not setup channel #1 (-5)[0m
[00:01:25.384,857] [1;31m<err> ads1220: config2 mismatch! 0x10 != 0x00[0m
[00:01:25.385,009] [1;31m<err> ads1220: config2 mismatch! 0x15 != 0x00[0m
[00:01:25.385,162] [1;31m<err> ads1220: config0 mismatch! 0x3C != 0x1C[0m
[00:01:25.385,162] [1;31m<err> analog_axis_hires: Could not setup channel #1 (-5)[0m
[00:01:25.392,913] [1;31m<err> ads1220: config2 mismatch! 0x10 != 0x00[0m
[00:01:25.393,035] [1;31m<err> ads1220: config2 mismatch! 0x15 != 0x00[0m
[00:01:25.393,188] [1;31m<err> ads1220: config0 mismatch! 0x3C != 0x1C[0m
[00:01:25.393,218] [1;31m<err> analog_axis_hires: Could not setup channel #1 (-5)[0m
[00:01:25.400,970] [1;31m<err> ads1220: config2 mismatch! 0x10 != 0x00[0m
[00:01:25.401,092] [1;31m<err> ads1220: config2 mismatch! 0x15 != 0x00[0m
[00:01:25.401,214] [1;31m<err> ads1220: config0 mismatch! 0x3C != 0x1C[0m
[00:01:25.401,214] [1;31m<err> analog_axis_hires: Could not setup channel #1 (-5)[0m
[00:01:25.408,935] [1;31m<err> ads1220: config2 mismatch! 0x10 != 0x00[0m
[00:01:25.409,088] [1;31m<err> ads1220: config2 mismatch! 0x15 != 0x00[0m
[00:01:25.409,240] [1;31m<err> ads1220: config0 mismatch! 0x3C != 0x1C[0m
[00:01:25.409,240] [1;31m<err> analog_axis_hires: Could not setup channel #1 (-5)[0m
[00:01:25.416,992] [1;31m<err> ads1220: config2 mismatch! 0x10 != 0x00[0m
[00:01:25.417,114] [1;31m<err> ads1220: config2 mismatch! 0x15 != 0x00[0m
[00:01:25.417,266] [1;31m<err> ads1220: config0 mismatch! 0x3C != 0x1C[0m
[00:01:25.417,297] [1;31m<err> analog_axis_hires: Could not setup channel #1 (-5)[0m
[00:01:25.425,048] [1;31m<err> ads1220: config2 mismatch! 0x10 != 0x00[0m
[00:01:25.425,170] [1;31m<err> ads1220: config2 mismatch! 0x15 != 0x00[0m
[00:01:25.425,292] [1;31m<err> ads1220: config0 mismatch! 0x3C != 0x1C[0m
[00:01:25.425,323] [1;31m<err> analog_axis_hires: Could not setup channel #1 (-5)[0m
[00:01:25.433,013] [1;31m<err> ads1220: config2 mismatch! 0x10 != 0x00[0m
[00:01:25.433,166] [1;31m<err> ads1220: config2 mismatch! 0x15 != 0x00[0m
[00:01:25.433,319] [1;31m<err> ads1220: config0 mismatch! 0x3C != 0x1C[0m
[00:01:25.433,319] [1;31m<err> analog_axis_hires: Could not setup channel #1 (-5)[0m
[00:01:25.441,070] [1;31m<err> ads1220: config2 mismatch! 0x10 != 0x00[0m
[00:01:25.441,192] [1;31m<err> ads1220: config2 mismatch! 0x15 != 0x00[0m
[00:01:25.441,345] [1;31m<err> ads1220: config0 mismatch! 0x3C != 0x1C[0m
[00:01:25.441,375] [1;31m<err> analog_axis_hires: Could not setup channel #1 (-5)[0m
[00:01:25.449,127] [1;31m<err> ads1220: config2 mismatch! 0x10 != 0x00[0m
[00:01:25.449,249] [1;31m<err> ads1220: config2 mismatch! 0x15 != 0x00[0m
[00:01:25.449,371] [1;31m<err> ads1220: config0 mismatch! 0x3C != 0x1C[0m
[00:01:25.449,401] [1;31m<err> analog_axis_hires: Could not setup channel #1 (-5)[0m
[00:01:25.457,092] [1;31m<err> ads1220: config2 mismatch! 0x10 != 0x00[0m
[00:01:25.457,244] [1;31m<err> ads1220: config2 mismatch! 0x15 != 0x00[0m
[00:01:25.457,397] [1;31m<err> ads1220: config0 mismatch! 0x3C != 0x1C[0m
[00:01:25.457,397] [1;31m<err> analog_axis_hires: Could not setup channel #1 (-5)[0m
[00:01:25.465,148] [1;31m<err> ads1220: config2 mismatch! 0x10 != 0x00[0m
[00:01:25.465,270] [1;31m<err> ads1220: config2 mismatch! 0x15 != 0x00[0m
[00:01:25.465,423] [1;31m<err> ads1220: config0 mismatch! 0x3C != 0x1C[0m
[00:01:25.465,454] [1;31m<err> analog_axis_hires: Could not setup channel #1 (-5)[0m
[00:01:25.473,175] [1;31m<err> ads1220: config2 mismatch! 0x10 != 0x00[0m
[00:01:25.473,297] [1;31m<err> ads1220: config2 mismatch! 0x15 != 0x00[0m
[00:01:25.473,419] [1;31m<err> ads1220: config0 mismatch! 0x3C != 0x1C[0m
[00:01:25.473,449] [1;31m<err> analog_axis_hires: Could not setup channel #1 (-5)[0m
[00:01:25.481,262] [1;31m<err> ads1220: config2 mismatch! 0x10 != 0x00[0m
[00:01:25.481,384] [1;31m<err> ads1220: config2 mismatch! 0x15 != 0x00[0m
[00:01:25.481,536] [1;31m<err> ads1220: config0 mismatch! 0x3C != 0x1C[0m
[00:01:25.481,567] [1;31m<err> analog_axis_hires: Could not setup channel #1 (-5)[0m
[00:01:25.489,227] [1;31m<err> ads1220: config2 mismatch! 0x10 != 0x00[0m
[00:01:25.489,349] [1;31m<err> ads1220: config2 mismatch! 0x15 != 0x00[0m
[00:01:25.489,501] [1;31m<err> ads1220: config0 mismatch! 0x3C != 0x1C[0m
[00:01:25.489,532] [1;31m<err> analog_axis_hires: Could not setup channel #1 (-5)[0m
[00:01:25.497,283] [1;31m<err> ads1220: config2 mismatch! 0x10 != 0x00[0m
[00:01:25.497,436] [1;31m<err> ads1220: config2 mismatch! 0x15 != 0x00[0m
[00:01:25.497,558] [1;31m<err> ads1220: config0 mismatch! 0x3C != 0x1C[0m
[00:01:25.497,558] [1;31m<err> analog_axis_hires: Could not setup channel #1 (-5)[0m
[00:01:25.505,249] [1;31m<err> ads1220: config2 mismatch! 0x10 != 0x00[0m
[00:01:25.505,401] [1;31m<err> ads1220: config2 mismatch! 0x15 != 0x00[0m
[00:01:25.505,554] [1;31m<err> ads1220: config0 mismatch! 0x3C != 0x1C[0m
[00:01:25.505,554] [1;31m<err> analog_axis_hires: Could not setup channel #1 (-5)[0m
[00:01:25.513,305] [1;31m<err> ads1220: config2 mismatch! 0x10 != 0x00[0m
[00:01:25.513,427] [1;31m<err> ads1220: config2 mismatch! 0x15 != 0x00[0m
[00:01:25.513,580] [1;31m<err> ads1220: config0 mismatch! 0x3C != 0x1C[0m
[00:01:25.513,610] [1;31m<err> analog_axis_hires: Could not setup channel #1 (-5)[0m
[00:01:25.521,362] [1;31m<err> ads1220: config2 mismatch! 0x10 != 0x00[0m
[00:01:25.521,484] [1;31m<err> ads1220: config2 mismatch! 0x15 != 0x00[0m
[00:01:25.521,606] [1;31m<err> ads1220: config0 mismatch! 0x3C != 0x1C[0m
[00:01:25.521,636] [1;31m<err> analog_axis_hires: Could not setup channel #1 (-5)[0m
[00:01:25.529,327] [1;31m<err> ads1220: config2 mismatch! 0x10 != 0x00[0m
[00:01:25.529,479] [1;31m<err> ads1220: config2 mismatch! 0x15 != 0x00[0m
[00:01:25.529,632] [1;31m<err> ads1220: config0 mismatch! 0x3C != 0x1C[0m
[00:01:25.529,632] [1;31m<err> analog_axis_hires: Could not setup channel #1 (-5)[0m
[00:01:25.537,384] [1;31m<err> ads1220: config2 mismatch! 0x10 != 0x00[0m
[00:01:25.537,506] [1;31m<err> ads1220: config2 mismatch! 0x15 != 0x00[0m
[00:01:25.537,658] [1;31m<err> ads1220: config0 mismatch! 0x3C != 0x1C[0m
[00:01:25.537,689] [1;31m<err> analog_axis_hires: Could not setup channel #1 (-5)[0m
[00:01:25.545,440] [1;31m<err> ads1220: config2 mismatch! 0x10 != 0x00[0m
[00:01:25.545,562] [1;31m<err> ads1220: config2 mismatch! 0x15 != 0x00[0m
[00:01:25.545,684] [1;31m<err> ads1220: config0 mismatch! 0x3C != 0x1C[0m
[00:01:25.545,715] [1;31m<err> analog_axis_hires: Could not setup channel #1 (-5)[0m
[00:01:25.553,405] [1;31m<err> ads1220: config2 mismatch! 0x10 != 0x00[0m
[00:01:25.553,558] [1;31m<err> ads1220: config2 mismatch! 0x15 != 0x00[0m
[00:01:25.553,710] [1;31m<err> ads1220: config0 mismatch! 0x3C != 0x1C[0m
[00:01:25.553,710] [1;31m<err> analog_axis_hires: Could not setup channel #1 (-5)[0m
[00:01:25.561,462] [1;31m<err> ads1220: config2 mismatch! 0x10 != 0x00[0m
[00:01:25.561,584] [1;31m<err> ads1220: config2 mismatch! 0x15 != 0x00[0m
[00:01:25.561,737] [1;31m<err> ads1220: config0 mismatch! 0x3C != 0x1C[0m
[00:01:25.561,767] [1;31m<err> analog_axis_hires: Could not setup channel #1 (-5)[0m
[00:01:25.569,519] [1;31m<err> ads1220: config2 mismatch! 0x10 != 0x00[0m
[00:01:25.569,641] [1;31m<err> ads1220: config2 mismatch! 0x15 != 0x00[0m
[00:01:25.569,793] [1;31m<err> ads1220: config0 mismatch! 0x3C != 0x1C[0m
[00:01:25.569,793] [1;31m<err> analog_axis_hires: Could not setup channel #1 (-5)[0m
[00:01:25.577,484] [1;31m<err> ads1220: config2 mismatch! 0x10 != 0x00[0m
[00:01:25.577,636] [1;31m<err> ads1220: config2 mismatch! 0x15 != 0x00[0m
[00:01:25.577,789] [1;31m<err> ads1220: config0 mismatch! 0x3C != 0x1C[0m
[00:01:25.577,789] [1;31m<err> analog_axis_hires: Could not setup channel #1 (-5)[0m
[00:01:25.585,540] [1;31m<err> ads1220: config2 mismatch! 0x10 != 0x00[0m
[00:01:25.585,662] [1;31m<err> ads1220: config2 mismatch! 0x15 != 0x00[0m
[00:01:25.585,815] [1;31m<err> ads1220: config0 mismatch! 0x3C != 0x1C[0m
[00:01:25.585,845] [1;31m<err> analog_axis_hires: Could not setup channel #1 (-5)[0m
[00:01:25.593,597] [1;31m<err> ads1220: config2 mismatch! 0x10 != 0x00[0m
[00:01:25.593,719] [1;31m<err> ads1220: config2 mismatch! 0x15 != 0x00[0m
[00:01:25.593,872] [1;31m<err> ads1220: config0 mismatch! 0x3C != 0x1C[0m
[00:01:25.593,872] [1;31m<err> analog_axis_hires: Could not setup channel #1 (-5)[0m
[00:01:25.601,562] [1;31m<err> ads1220: config2 mismatch! 0x10 != 0x00[0m
[00:01:25.601,715] [1;31m<err> ads1220: config2 mismatch! 0x15 != 0x00[0m
[00:01:25.601,867] [1;31m<err> ads1220: config0 mismatch! 0x3C != 0x1C[0m
[00:01:25.601,867] [1;31m<err> analog_axis_hires: Could not setup channel #1 (-5)[0m
[00:01:25.609,619] [1;31m<err> ads1220: config2 mismatch! 0x10 != 0x00[0m
[00:01:25.609,741] [1;31m<err> ads1220: config2 mismatch! 0x15 != 0x00[0m
[00:01:25.609,893] [1;31m<err> ads1220: config0 mismatch! 0x3C != 0x1C[0m
[00:01:25.609,924] [1;31m<err> analog_axis_hires: Could not setup channel #1 (-5)[0m
[00:01:25.617,645] [1;31m<err> ads1220: config2 mismatch! 0x10 != 0x00[0m
[00:01:25.617,767] [1;31m<err> ads1220: config2 mismatch! 0x15 != 0x00[0m
[00:01:25.617,919] [1;31m<err> ads1220: config0 mismatch! 0x3C != 0x1C[0m
[00:01:25.617,919] [1;31m<err> analog_axis_hires: Could not setup channel #1 (-5)[0m
[00:01:25.625,640] [1;31m<err> ads1220: config2 mismatch! 0x10 != 0x00[0m
[00:01:25.625,793] [1;31m<err> ads1220: config2 mismatch! 0x15 != 0x00[0m
[00:01:25.625,946] [1;31m<err> ads1220: config0 mismatch! 0x3C != 0x1C[0m
[00:01:25.625,946] [1;31m<err> analog_axis_hires: Could not setup channel #1 (-5)[0m
[00:01:25.633,697] [1;31m<err> ads1220: config2 mismatch! 0x10 != 0x00[0m
[00:01:25.633,819] [1;31m<err> ads1220: config2 mismatch! 0x15 != 0x00[0m
[00:01:25.633,972] [1;31m<err> ads1220: config0 mismatch! 0x3C != 0x1C[0m
[00:01:25.634,002] [1;31m<err> analog_axis_hires: Could not setup channel #1 (-5)[0m
[00:01:25.641,723] [1;31m<err> ads1220: config2 mismatch! 0x10 != 0x00[0m
[00:01:25.641,876] [1;31m<err> ads1220: config2 mismatch! 0x15 != 0x00[0m
[00:01:25.641,998] [1;31m<err> ads1220: config0 mismatch! 0x3C != 0x1C[0m
[00:01:25.641,998] [1;31m<err> analog_axis_hires: Could not setup channel #1 (-5)[0m
[00:01:25.649,719] [1;31m<err> ads1220: config2 mismatch! 0x10 != 0x00[0m
[00:01:25.649,871] [1;31m<err> ads1220: config2 mismatch! 0x15 != 0x00[0m
[00:01:25.650,024] [1;31m<err> ads1220: config0 mismatch! 0x3C != 0x1C[0m
[00:01:25.650,024] [1;31m<err> analog_axis_hires: Could not setup channel #1 (-5)[0m
[00:01:25.657,775] [1;31m<err> ads1220: config2 mismatch! 0x10 != 0x00[0m
[00:01:25.657,897] [1;31m<err> ads1220: config2 mismatch! 0x15 != 0x00[0m
[00:01:25.658,050] [1;31m<err> ads1220: config0 mismatch! 0x3C != 0x1C[0m
[00:01:25.658,081] [1;31m<err> analog_axis_hires: Could not setup channel #1 (-5)[0m
[00:01:25.665,802] [1;31m<err> ads1220: config2 mismatch! 0x10 != 0x00[0m
[00:01:25.665,954] [1;31m<err> ads1220: config2 mismatch! 0x15 != 0x00[0m
[00:01:25.666,076] [1;31m<err> ads1220: config0 mismatch! 0x3C != 0x1C[0m
[00:01:25.666,076] [1;31m<err> analog_axis_hires: Could not setup channel #1 (-5)[0m
[00:01:25.673,797] [1;31m<err> ads1220: config2 mismatch! 0x10 != 0x00[0m
[00:01:25.673,950] [1;31m<err> ads1220: config2 mismatch! 0x15 != 0x00[0m
[00:01:25.674,102] [1;31m<err> ads1220: config0 mismatch! 0x3C != 0x1C[0m
[00:01:25.674,102] [1;31m<err> analog_axis_hires: Could not setup channel #1 (-5)[0m
[00:01:25.681,854] [1;31m<err> ads1220: config2 mismatch! 0x10 != 0x00[0m
[00:01:25.681,976] [1;31m<err> ads1220: config2 mismatch! 0x15 != 0x00[0m
[00:01:25.682,128] [1;31m<err> ads1220: config0 mismatch! 0x3C != 0x1C[0m
[00:01:25.682,159] [1;31m<err> analog_axis_hires: Could not setup channel #1 (-5)[0m
[00:01:25.689,880] [1;31m<err> ads1220: config2 mismatch! 0x10 != 0x00[0m
[00:01:25.690,002] [1;31m<err> ads1220: config2 mismatch! 0x15 != 0x00[0m
[00:01:25.690,155] [1;31m<err> ads1220: config0 mismatch! 0x3C != 0x1C[0m
[00:01:25.690,155] [1;31m<err> analog_axis_hires: Could not setup channel #1 (-5)[0m
[00:01:25.697,875] [1;31m<err> ads1220: config2 mismatch! 0x10 != 0x00[0m
[00:01:25.698,028] [1;31m<err> ads1220: config2 mismatch! 0x15 != 0x00[0m
[00:01:25.698,181] [1;31m<err> ads1220: config0 mismatch! 0x3C != 0x1C[0m
[00:01:25.698,181] [1;31m<err> analog_axis_hires: Could not setup channel #1 (-5)[0m
[00:01:25.705,932] [1;31m<err> ads1220: config2 mismatch! 0x10 != 0x00[0m
[00:01:25.706,054] [1;31m<err> ads1220: config2 mismatch! 0x15 != 0x00[0m
[00:01:25.706,207] [1;31m<err> ads1220: config0 mismatch! 0x3C != 0x1C[0m
[00:01:25.706,237] [1;31m<err> analog_axis_hires: Could not setup channel #1 (-5)[0m
[00:01:25.713,989] [1;31m<err> ads1220: config2 mismatch! 0x10 != 0x00[0m
[00:01:25.714,111] [1;31m<err> ads1220: config2 mismatch! 0x15 != 0x00[0m
[00:01:25.714,233] [1;31m<err> ads1220: config0 mismatch! 0x3C != 0x1C[0m
[00:01:25.714,233] [1;31m<err> analog_axis_hires: Could not setup channel #1 (-5)[0m
[00:01:25.721,954] [1;31m<err> ads1220: config2 mismatch! 0x10 != 0x00[0m
[00:01:25.722,106] [1;31m<err> ads1220: config2 mismatch! 0x15 != 0x00[0m
[00:01:25.722,259] [1;31m<err> ads1220: config0 mismatch! 0x3C != 0x1C[0m
[00:01:25.722,259] [1;31m<err> analog_axis_hires: Could not setup channel #1 (-5)[0m
[00:01:25.730,010] [1;31m<err> ads1220: config2 mismatch! 0x10 != 0x00[0m
[00:01:25.730,133] [1;31m<err> ads1220: config2 mismatch! 0x15 != 0x00[0m
[00:01:25.730,285] [1;31m<err> ads1220: config0 mismatch! 0x3C != 0x1C[0m
[00:01:25.730,316] [1;31m<err> analog_axis_hires: Could not setup channel #1 (-5)[0m
[00:01:25.738,037] [1;31m<err> ads1220: config2 mismatch! 0x10 != 0x00[0m
[00:01:25.738,189] [1;31m<err> ads1220: config2 mismatch! 0x15 != 0x00[0m
[00:01:25.738,311] [1;31m<err> ads1220: config0 mismatch! 0x3C != 0x1C[0m
[00:01:25.738,311] [1;31m<err> analog_axis_hires: Could not setup channel #1 (-5)[0m
[00:01:25.746,032] [1;31m<err> ads1220: config2 mismatch! 0x10 != 0x00[0m
[00:01:25.746,185] [1;31m<err> ads1220: config2 mismatch! 0x15 != 0x00[0m
[00:01:25.746,337] [1;31m<err> ads1220: config0 mismatch! 0x3C != 0x1C[0m
[00:01:25.746,337] [1;31m<err> analog_axis_hires: Could not setup channel #1 (-5)[0m
[00:01:25.754,089] [1;31m<err> ads1220: config2 mismatch! 0x10 != 0x00[0m
[00:01:25.754,211] [1;31m<err> ads1220: config2 mismatch! 0x15 != 0x00[0m
[00:01:25.754,364] [1;31m<err> ads1220: config0 mismatch! 0x3C != 0x1C[0m
[00:01:25.754,394] [1;31m<err> analog_axis_hires: Could not setup channel #1 (-5)[0m
[00:01:25.762,145] [1;31m<err> ads1220: config2 mismatch! 0x10 != 0x00[0m
[00:01:25.762,268] [1;31m<err> ads1220: config2 mismatch! 0x15 != 0x00[0m
[00:01:25.762,420] [1;31m<err> ads1220: config0 mismatch! 0x3C != 0x1C[0m
[00:01:25.762,420] [1;31m<err> analog_axis_hires: Could not setup channel #1 (-5)[0m
[00:01:25.770,141] [1;31m<err> ads1220: config2 mismatch! 0x10 != 0x00[0m
[00:01:25.770,294] [1;31m<err> ads1220: config2 mismatch! 0x15 != 0x00[0m
[00:01:25.770,446] [1;31m<err> ads1220: config0 mismatch! 0x3C != 0x1C[0m
[00:01:25.770,446] [1;31m<err> analog_axis_hires: Could not setup channel #1 (-5)[0m
[00:01:25.778,167] [1;31m<err> ads1220: config2 mismatch! 0x10 != 0x00[0m
[00:01:25.778,289] [1;31m<err> ads1220: config2 mismatch! 0x15 != 0x00[0m
[00:01:25.778,442] [1;31m<err> ads1220: config0 mismatch! 0x3C != 0x1C[0m
[00:01:25.778,472] [1;31m<err> analog_axis_hires: Could not setup channel #1 (-5)[0m
[00:01:25.786,224] [1;31m<err> ads1220: config2 mismatch! 0x10 != 0x00[0m
[00:01:25.786,376] [1;31m<err> ads1220: config2 mismatch! 0x15 != 0x00[0m
[00:01:25.786,499] [1;31m<err> ads1220: config0 mismatch! 0x3C != 0x1C[0m
[00:01:25.786,499] [1;31m<err> analog_axis_hires: Could not setup channel #1 (-5)[0m
[00:01:25.794,189] [1;31m<err> ads1220: config2 mismatch! 0x10 != 0x00[0m
[00:01:25.794,342] [1;31m<err> ads1220: config2 mismatch! 0x15 != 0x00[0m
[00:01:25.794,494] [1;31m<err> ads1220: config0 mismatch! 0x3C != 0x1C[0m
[00:01:25.794,494] [1;31m<err> analog_axis_hires: Could not setup channel #1 (-5)[0m
[00:01:25.802,246] [1;31m<err> ads1220: config2 mismatch! 0x10 != 0x00[0m
[00:01:25.802,368] [1;31m<err> ads1220: config2 mismatch! 0x15 != 0x00[0m
[00:01:25.802,520] [1;31m<err> ads1220: config0 mismatch! 0x3C != 0x1C[0m
[00:01:25.802,551] [1;31m<err> analog_axis_hires: Could not setup channel #1 (-5)[0m
[00:01:25.810,302] [1;31m<err> ads1220: config2 mismatch! 0x10 != 0x00[0m
[00:01:25.810,424] [1;31m<err> ads1220: config2 mismatch! 0x15 != 0x00[0m
[00:01:25.810,546] [1;31m<err> ads1220: config0 mismatch! 0x3C != 0x1C[0m
[00:01:25.810,577] [1;31m<err> analog_axis_hires: Could not setup channel #1 (-5)[0m
[00:01:25.818,267] [1;31m<err> ads1220: config2 mismatch! 0x10 != 0x00[0m
[00:01:25.818,420] [1;31m<err> ads1220: config2 mismatch! 0x15 != 0x00[0m
[00:01:25.818,572] [1;31m<err> ads1220: config0 mismatch! 0x3C != 0x1C[0m
[00:01:25.818,572] [1;31m<err> analog_axis_hires: Could not setup channel #1 (-5)[0m
[00:01:25.826,324] [1;31m<err> ads1220: config2 mismatch! 0x10 != 0x00[0m
[00:01:25.826,446] [1;31m<err> ads1220: config2 mismatch! 0x15 != 0x00[0m
[00:01:25.826,599] [1;31m<err> ads1220: config0 mismatch! 0x3C != 0x1C[0m
[00:01:25.826,629] [1;31m<err> analog_axis_hires: Could not setup channel #1 (-5)[0m
[00:01:25.834,381] [1;31m<err> ads1220: config2 mismatch! 0x10 != 0x00[0m
[00:01:25.834,503] [1;31m<err> ads1220: config2 mismatch! 0x15 != 0x00[0m
[00:01:25.834,625] [1;31m<err> ads1220: config0 mismatch! 0x3C != 0x1C[0m
[00:01:25.834,655] [1;31m<err> analog_axis_hires: Could not setup channel #1 (-5)[0m
[00:01:25.842,346] [1;31m<err> ads1220: config2 mismatch! 0x10 != 0x00[0m
[00:01:25.842,498] [1;31m<err> ads1220: config2 mismatch! 0x15 != 0x00[0m
[00:01:25.842,651] [1;31m<err> ads1220: config0 mismatch! 0x3C != 0x1C[0m
[00:01:25.842,651] [1;31m<err> analog_axis_hires: Could not setup channel #1 (-5)[0m
[00:01:25.850,402] [1;31m<err> ads1220: config2 mismatch! 0x10 != 0x00[0m
[00:01:25.850,524] [1;31m<err> ads1220: config2 mismatch! 0x15 != 0x00[0m
[00:01:25.850,677] [1;31m<err> ads1220: config0 mismatch! 0x3C != 0x1C[0m
[00:01:25.850,708] [1;31m<err> analog_axis_hires: Could not setup channel #1 (-5)[0m
[00:01:25.858,459] [1;31m<err> ads1220: config2 mismatch! 0x10 != 0x00[0m
[00:01:25.858,581] [1;31m<err> ads1220: config2 mismatch! 0x15 != 0x00[0m
[00:01:25.858,703] [1;31m<err> ads1220: config0 mismatch! 0x3C != 0x1C[0m
[00:01:25.858,734] [1;31m<err> analog_axis_hires: Could not setup channel #1 (-5)[0m
[00:01:25.866,424] [1;31m<err> ads1220: config2 mismatch! 0x10 != 0x00[0m
[00:01:25.866,577] [1;31m<err> ads1220: config2 mismatch! 0x15 != 0x00[0m
[00:01:25.866,729] [1;31m<err> ads1220: config0 mismatch! 0x3C != 0x1C[0m
[00:01:25.866,729] [1;31m<err> analog_axis_hires: Could not setup channel #1 (-5)[0m
[00:01:25.874,481] [1;31m<err> ads1220: config2 mismatch! 0x10 != 0x00[0m
[00:01:25.874,603] [1;31m<err> ads1220: config2 mismatch! 0x15 != 0x00[0m
[00:01:25.874,755] [1;31m<err> ads1220: config0 mismatch! 0x3C != 0x1C[0m
[00:01:25.874,786] [1;31m<err> analog_axis_hires: Could not setup channel #1 (-5)[0m
[00:01:25.882,537] [1;31m<err> ads1220: config2 mismatch! 0x10 != 0x00[0m
[00:01:25.882,659] [1;31m<err> ads1220: config2 mismatch! 0x15 != 0x00[0m
[00:01:25.882,781] [1;31m<err> ads1220: config0 mismatch! 0x3C != 0x1C[0m
[00:01:25.882,812] [1;31m<err> analog_axis_hires: Could not setup channel #1 (-5)[0m
[00:01:25.890,502] [1;31m<err> ads1220: config2 mismatch! 0x10 != 0x00[0m
[00:01:25.890,655] [1;31m<err> ads1220: config2 mismatch! 0x15 != 0x00[0m
[00:01:25.890,808] [1;31m<err> ads1220: config0 mismatch! 0x3C != 0x1C[0m
[00:01:25.890,808] [1;31m<err> analog_axis_hires: Could not setup channel #1 (-5)[0m
[00:01:25.898,559] [1;31m<err> ads1220: config2 mismatch! 0x10 != 0x00[0m
[00:01:25.898,681] [1;31m<err> ads1220: config2 mismatch! 0x15 != 0x00[0m
[00:01:25.898,834] [1;31m<err> ads1220: config0 mismatch! 0x3C != 0x1C[0m
[00:01:25.898,864] [1;31m<err> analog_axis_hires: Could not setup channel #1 (-5)[0m
[00:01:25.906,616] [1;31m<err> ads1220: config2 mismatch! 0x10 != 0x00[0m
[00:01:25.906,738] [1;31m<err> ads1220: config2 mismatch! 0x15 != 0x00[0m
[00:01:25.906,890] [1;31m<err> ads1220: config0 mismatch! 0x3C != 0x1C[0m
[00:01:25.906,890] [1;31m<err> analog_axis_hires: Could not setup channel #1 (-5)[0m
[00:01:25.914,581] [1;31m<err> ads1220: config2 mismatch! 0x10 != 0x00[0m
[00:01:25.914,733] [1;31m<err> ads1220: config2 mismatch! 0x15 != 0x00[0m
[00:01:25.914,886] [1;31m<err> ads1220: config0 mismatch! 0x3C != 0x1C[0m
[00:01:25.914,886] [1;31m<err> analog_axis_hires: Could not setup channel #1 (-5)[0m
[00:01:25.922,637] [1;31m<err> ads1220: config2 mismatch! 0x10 != 0x00[0m
[00:01:25.922,760] [1;31m<err> ads1220: config2 mismatch! 0x15 != 0x00[0m
[00:01:25.922,912] [1;31m<err> ads1220: config0 mismatch! 0x3C != 0x1C[0m
[00:01:25.922,943] [1;31m<err> analog_axis_hires: Could not setup channel #1 (-5)[0m
[00:01:25.930,694] [1;31m<err> ads1220: config2 mismatch! 0x10 != 0x00[0m
[00:01:25.930,816] [1;31m<err> ads1220: config2 mismatch! 0x15 != 0x00[0m
[00:01:25.930,969] [1;31m<err> ads1220: config0 mismatch! 0x3C != 0x1C[0m
[00:01:25.930,969] [1;31m<err> analog_axis_hires: Could not setup channel #1 (-5)[0m
[00:01:25.938,659] [1;31m<err> ads1220: config2 mismatch! 0x10 != 0x00[0m
[00:01:25.938,812] [1;31m<err> ads1220: config2 mismatch! 0x15 != 0x00[0m
[00:01:25.938,964] [1;31m<err> ads1220: config0 mismatch! 0x3C != 0x1C[0m
[00:01:25.938,964] [1;31m<err> analog_axis_hires: Could not setup channel #1 (-5)[0m
[00:01:25.946,716] [1;31m<err> ads1220: config2 mismatch! 0x10 != 0x00[0m
[00:01:25.946,838] [1;31m<err> ads1220: config2 mismatch! 0x15 != 0x00[0m
[00:01:25.946,990] [1;31m<err> ads1220: config0 mismatch! 0x3C != 0x1C[0m
[00:01:25.947,021] [1;31m<err> analog_axis_hires: Could not setup channel #1 (-5)[0m
[00:01:25.954,742] [1;31m<err> ads1220: config2 mismatch! 0x10 != 0x00[0m
[00:01:25.954,864] [1;31m<err> ads1220: config2 mismatch! 0x15 != 0x00[0m
[00:01:25.955,017] [1;31m<err> ads1220: config0 mismatch! 0x3C != 0x1C[0m
[00:01:25.955,017] [1;31m<err> analog_axis_hires: Could not setup channel #1 (-5)[0m
[00:01:25.962,738] [1;31m<err> ads1220: config2 mismatch! 0x10 != 0x00[0m
[00:01:25.962,890] [1;31m<err> ads1220: config2 mismatch! 0x15 != 0x00[0m
[00:01:25.963,043] [1;31m<err> ads1220: config0 mismatch! 0x3C != 0x1C[0m
[00:01:25.963,043] [1;31m<err> analog_axis_hires: Could not setup channel #1 (-5)[0m
[00:01:25.970,794] [1;31m<err> ads1220: config2 mismatch! 0x10 != 0x00[0m
[00:01:25.970,916] [1;31m<err> ads1220: config2 mismatch! 0x15 != 0x00[0m
[00:01:25.971,069] [1;31m<err> ads1220: config0 mismatch! 0x3C != 0x1C[0m
[00:01:25.971,099] [1;31m<err> analog_axis_hires: Could not setup channel #1 (-5)[0m
[00:01:25.978,790] [1;31m<err> ads1220: config2 mismatch! 0x10 != 0x00[0m
[00:01:25.978,942] [1;31m<err> ads1220: config2 mismatch! 0x15 != 0x00[0m
[00:01:25.979,064] [1;31m<err> ads1220: config0 mismatch! 0x3C != 0x1C[0m
[00:01:25.979,064] [1;31m<err> analog_axis_hires: Could not setup channel #1 (-5)[0m
[00:01:25.986,846] [1;31m<err> ads1220: config2 mismatch! 0x10 != 0x00[0m
[00:01:25.986,968] [1;31m<err> ads1220: config2 mismatch! 0x15 != 0x00[0m
[00:01:25.987,121] [1;31m<err> ads1220: config0 mismatch! 0x3C != 0x1C[0m
[00:01:25.987,152] [1;31m<err> analog_axis_hires: Could not setup channel #1 (-5)[0m
[00:01:25.994,873] [1;31m<err> ads1220: config2 mismatch! 0x10 != 0x00[0m
[00:01:25.994,995] [1;31m<err> ads1220: config2 mismatch! 0x15 != 0x00[0m
[00:01:25.995,147] [1;31m<err> ads1220: config0 mismatch! 0x3C != 0x1C[0m
[00:01:25.995,178] [1;31m<err> analog_axis_hires: Could not setup channel #1 (-5)[0m
[00:01:26.002,899] [1;31m<err> ads1220: config2 mismatch! 0x10 != 0x00[0m
[00:01:26.003,021] [1;31m<err> ads1220: config2 mismatch! 0x15 != 0x00[0m
[00:01:26.003,173] [1;31m<err> ads1220: config0 mismatch! 0x3C != 0x1C[0m
[00:01:26.003,173] [1;31m<err> analog_axis_hires: Could not setup channel #1 (-5)[0m
[00:01:26.010,894] [1;31m<err> ads1220: config2 mismatch! 0x10 != 0x00[0m
[00:01:26.011,047] [1;31m<err> ads1220: config2 mismatch! 0x15 != 0x00[0m
[00:01:26.011,199] [1;31m<err> ads1220: config0 mismatch! 0x3C != 0x1C[0m
[00:01:26.011,199] [1;31m<err> analog_axis_hires: Could not setup channel #1 (-5)[0m
[00:01:26.018,951] [1;31m<err> ads1220: config2 mismatch! 0x10 != 0x00[0m
[00:01:26.019,073] [1;31m<err> ads1220: config2 mismatch! 0x15 != 0x00[0m
[00:01:26.019,226] [1;31m<err> ads1220: config0 mismatch! 0x3C != 0x1C[0m
[00:01:26.019,256] [1;31m<err> analog_axis_hires: Could not setup channel #1 (-5)[0m
[00:01:26.026,977] [1;31m<err> ads1220: config2 mismatch! 0x10 != 0x00[0m
[00:01:26.027,099] [1;31m<err> ads1220: config2 mismatch! 0x15 != 0x00[0m
[00:01:26.027,252] [1;31m<err> ads1220: config0 mismatch! 0x3C != 0x1C[0m
[00:01:26.027,252] [1;31m<err> analog_axis_hires: Could not setup channel #1 (-5)[0m
[00:01:26.034,973] [1;31m<err> ads1220: config2 mismatch! 0x10 != 0x00[0m
[00:01:26.035,125] [1;31m<err> ads1220: config2 mismatch! 0x15 != 0x00[0m
[00:01:26.035,278] [1;31m<err> ads1220: config0 mismatch! 0x3C != 0x1C[0m
[00:01:26.035,278] [1;31m<err> analog_axis_hires: Could not setup channel #1 (-5)[0m
[00:01:26.043,029] [1;31m<err> ads1220: config2 mismatch! 0x10 != 0x00[0m
[00:01:26.043,151] [1;31m<err> ads1220: config2 mismatch! 0x15 != 0x00[0m
[00:01:26.043,304] [1;31m<err> ads1220: config0 mismatch! 0x3C != 0x1C[0m
[00:01:26.043,334] [1;31m<err> analog_axis_hires: Could not setup channel #1 (-5)[0m
[00:01:26.051,086] [1;31m<err> ads1220: config2 mismatch! 0x10 != 0x00[0m
[00:01:26.051,208] [1;31m<err> ads1220: config2 mismatch! 0x15 != 0x00[0m
[00:01:26.051,361] [1;31m<err> ads1220: config0 mismatch! 0x3C != 0x1C[0m
[00:01:26.051,361] [1;31m<err> analog_axis_hires: Could not setup channel #1 (-5)[0m
[00:01:26.059,051] [1;31m<err> ads1220: config2 mismatch! 0x10 != 0x00[0m
[00:01:26.059,204] [1;31m<err> ads1220: config2 mismatch! 0x15 != 0x00[0m
[00:01:26.059,356] [1;31m<err> ads1220: config0 mismatch! 0x3C != 0x1C[0m
[00:01:26.059,356] [1;31m<err> analog_axis_hires: Could not setup channel #1 (-5)[0m
[00:01:26.067,108] [1;31m<err> ads1220: config2 mismatch! 0x10 != 0x00[0m
[00:01:26.067,230] [1;31m<err> ads1220: config2 mismatch! 0x15 != 0x00[0m
[00:01:26.067,382] [1;31m<err> ads1220: config0 mismatch! 0x3C != 0x1C[0m
[00:01:26.067,382] [1;31m<err> analog_axis_hires: Could not setup channel #1 (-5)[0m
[00:01:26.075,164] [1;31m<err> ads1220: config2 mismatch! 0x10 != 0x00[0m
[00:01:26.075,286] [1;31m<err> ads1220: config2 mismatch! 0x15 != 0x00[0m
[00:01:26.075,439] [1;31m<err> ads1220: config0 mismatch! 0x3C != 0x1C[0m
[00:01:26.075,439] [1;31m<err> analog_axis_hires: Could not setup channel #1 (-5)[0m
[00:01:26.083,129] [1;31m<err> ads1220: config2 mismatch! 0x10 != 0x00[0m
[00:01:26.083,282] [1;31m<err> ads1220: config2 mismatch! 0x15 != 0x00[0m
[00:01:26.083,435] [1;31m<err> ads1220: config0 mismatch! 0x3C != 0x1C[0m
[00:01:26.083,435] [1;31m<err> analog_axis_hires: Could not setup channel #1 (-5)[0m
[00:01:26.091,186] [1;31m<err> ads1220: config2 mismatch! 0x10 != 0x00[0m
[00:01:26.091,308] [1;31m<err> ads1220: config2 mismatch! 0x15 != 0x00[0m
[00:01:26.091,461] [1;31m<err> ads1220: config0 mismatch! 0x3C != 0x1C[0m
[00:01:26.091,461] [1;31m<err> analog_axis_hires: Could not setup channel #1 (-5)[0m
[00:01:26.099,243] [1;31m<err> ads1220: config2 mismatch! 0x10 != 0x00[0m
[00:01:26.099,365] [1;31m<err> ads1220: config2 mismatch! 0x15 != 0x00[0m
[00:01:26.099,487] [1;31m<err> ads1220: config0 mismatch! 0x3C != 0x1C[0m
[00:01:26.099,517] [1;31m<err> analog_axis_hires: Could not setup channel #1 (-5)[0m
[00:01:26.107,208] [1;31m<err> ads1220: config2 mismatch! 0x10 != 0x00[0m
[00:01:26.107,360] [1;31m<err> ads1220: config2 mismatch! 0x15 != 0x00[0m
[00:01:26.107,513] [1;31m<err> ads1220: config0 mismatch! 0x3C != 0x1C[0m
[00:01:26.107,513] [1;31m<err> analog_axis_hires: Could not setup channel #1 (-5)[0m
[00:01:26.115,264] [1;31m<err> ads1220: config2 mismatch! 0x10 != 0x00[0m
[00:01:26.115,386] [1;31m<err> ads1220: config2 mismatch! 0x15 != 0x00[0m
[00:01:26.115,539] [1;31m<err> ads1220: config0 mismatch! 0x3C != 0x1C[0m
[00:01:26.115,539] [1;31m<err> analog_axis_hires: Could not setup channel #1 (-5)[0m
[00:01:26.123,321] [1;31m<err> ads1220: config2 mismatch! 0x10 != 0x00[0m
[00:01:26.123,443] [1;31m<err> ads1220: config2 mismatch! 0x15 != 0x00[0m
[00:01:26.123,565] [1;31m<err> ads1220: config0 mismatch! 0x3C != 0x1C[0m
[00:01:26.123,596] [1;31m<err> analog_axis_hires: Could not setup channel #1 (-5)[0m
[00:01:26.131,286] [1;31m<err> ads1220: config2 mismatch! 0x10 != 0x00[0m
[00:01:26.131,439] [1;31m<err> ads1220: config2 mismatch! 0x15 != 0x00[0m
[00:01:26.131,591] [1;31m<err> ads1220: config0 mismatch! 0x3C != 0x1C[0m
[00:01:26.131,591] [1;31m<err> analog_axis_hires: Could not setup channel #1 (-5)[0m
[00:01:26.139,343] [1;31m<err> ads1220: config2 mismatch! 0x10 != 0x00[0m
[00:01:26.139,465] [1;31m<err> ads1220: config2 mismatch! 0x15 != 0x00[0m
[00:01:26.139,617] [1;31m<err> ads1220: config0 mismatch! 0x3C != 0x1C[0m
[00:01:26.139,617] [1;31m<err> analog_axis_hires: Could not setup channel #1 (-5)[0m
[00:01:26.147,399] [1;31m<err> ads1220: config2 mismatch! 0x10 != 0x00[0m
[00:01:26.147,521] [1;31m<err> ads1220: config2 mismatch! 0x15 != 0x00[0m
[00:01:26.147,644] [1;31m<err> ads1220: config0 mismatch! 0x3C != 0x1C[0m
[00:01:26.147,674] [1;31m<err> analog_axis_hires: Could not setup channel #1 (-5)[0m
[00:01:26.155,364] [1;31m<err> ads1220: config2 mismatch! 0x10 != 0x00[0m
[00:01:26.155,517] [1;31m<err> ads1220: config2 mismatch! 0x15 != 0x00[0m
[00:01:26.155,670] [1;31m<err> ads1220: config0 mismatch! 0x3C != 0x1C[0m
[00:01:26.155,670] [1;31m<err> analog_axis_hires: Could not setup channel #1 (-5)[0m
[00:01:26.163,421] [1;31m<err> ads1220: config2 mismatch! 0x10 != 0x00[0m
[00:01:26.163,543] [1;31m<err> ads1220: config2 mismatch! 0x15 != 0x00[0m
[00:01:26.163,696] [1;31m<err> ads1220: config0 mismatch! 0x3C != 0x1C[0m
[00:01:26.163,696] [1;31m<err> analog_axis_hires: Could not setup channel #1 (-5)[0m
[00:01:26.171,478] [1;31m<err> ads1220: config2 mismatch! 0x10 != 0x00[0m
[00:01:26.171,600] [1;31m<err> ads1220: config2 mismatch! 0x15 != 0x00[0m
[00:01:26.171,722] [1;31m<err> ads1220: config0 mismatch! 0x3C != 0x1C[0m
[00:01:26.171,752] [1;31m<err> analog_axis_hires: Could not setup channel #1 (-5)[0m
[00:01:26.179,473] [1;31m<err> ads1220: config2 mismatch! 0x10 != 0x00[0m
[00:01:26.179,626] [1;31m<err> ads1220: config2 mismatch! 0x15 != 0x00[0m
[00:01:26.179,779] [1;31m<err> ads1220: config0 mismatch! 0x3C != 0x1C[0m
[00:01:26.179,779] [1;31m<err> analog_axis_hires: Could not setup channel #1 (-5)[0m
[00:01:26.187,500] [1;31m<err> ads1220: config2 mismatch! 0x10 != 0x00[0m
[00:01:26.187,622] [1;31m<err> ads1220: config2 mismatch! 0x15 != 0x00[0m
[00:01:26.187,774] [1;31m<err> ads1220: config0 mismatch! 0x3C != 0x1C[0m
[00:01:26.187,774] [1;31m<err> analog_axis_hires: Could not setup channel #1 (-5)[0m
[00:01:26.195,587] [1;31m<err> ads1220: config2 mismatch! 0x10 != 0x00[0m
[00:01:26.195,709] [1;31m<err> ads1220: config2 mismatch! 0x15 != 0x00[0m
[00:01:26.195,831] [1;31m<err> ads1220: config0 mismatch! 0x3C != 0x1C[0m
[00:01:26.195,861] [1;31m<err> analog_axis_hires: Could not setup channel #1 (-5)[0m
[00:01:26.203,521] [1;31m<err> ads1220: config2 mismatch! 0x10 != 0x00[0m
[00:01:26.203,674] [1;31m<err> ads1220: config2 mismatch! 0x15 != 0x00[0m
[00:01:26.203,826] [1;31m<err> ads1220: config0 mismatch! 0x3C != 0x1C[0m
[00:01:26.203,826] [1;31m<err> analog_axis_hires: Could not setup channel #1 (-5)[0m
[00:01:26.211,578] [1;31m<err> ads1220: config2 mismatch! 0x10 != 0x00[0m
[00:01:26.211,700] [1;31m<err> ads1220: config2 mismatch! 0x15 != 0x00[0m
[00:01:26.211,853] [1;31m<err> ads1220: config0 mismatch! 0x3C != 0x1C[0m
[00:01:26.211,853] [1;31m<err> analog_axis_hires: Could not setup channel #1 (-5)[0m
[00:01:26.219,635] [1;31m<err> ads1220: config2 mismatch! 0x10 != 0x00[0m
[00:01:26.219,757] [1;31m<err> ads1220: config2 mismatch! 0x15 != 0x00[0m
[00:01:26.219,879] [1;31m<err> ads1220: config0 mismatch! 0x3C != 0x1C[0m
[00:01:26.219,909] [1;31m<err> analog_axis_hires: Could not setup channel #1 (-5)[0m
[00:01:26.227,600] [1;31m<err> ads1220: config2 mismatch! 0x10 != 0x00[0m
[00:01:26.227,752] [1;31m<err> ads1220: config2 mismatch! 0x15 != 0x00[0m
[00:01:26.227,905] [1;31m<err> ads1220: config0 mismatch! 0x3C != 0x1C[0m
[00:01:26.227,905] [1;31m<err> analog_axis_hires: Could not setup channel #1 (-5)[0m
[00:01:26.235,656] [1;31m<err> ads1220: config2 mismatch! 0x10 != 0x00[0m
[00:01:26.235,778] [1;31m<err> ads1220: config2 mismatch! 0x15 != 0x00[0m
[00:01:26.235,931] [1;31m<err> ads1220: config0 mismatch! 0x3C != 0x1C[0m
[00:01:26.235,931] [1;31m<err> analog_axis_hires: Could not setup channel #1 (-5)[0m
[00:01:26.243,713] [1;31m<err> ads1220: config2 mismatch! 0x10 != 0x00[0m
[00:01:26.243,835] [1;31m<err> ads1220: config2 mismatch! 0x15 != 0x00[0m
[00:01:26.243,988] [1;31m<err> ads1220: config0 mismatch! 0x3C != 0x1C[0m
[00:01:26.243,988] [1;31m<err> analog_axis_hires: Could not setup channel #1 (-5)[0m
[00:01:26.251,678] [1;31m<err> ads1220: config2 mismatch! 0x10 != 0x00[0m
[00:01:26.251,831] [1;31m<err> ads1220: config2 mismatch! 0x15 != 0x00[0m
[00:01:26.251,983] [1;31m<err> ads1220: config0 mismatch! 0x3C != 0x1C[0m
[00:01:26.251,983] [1;31m<err> analog_axis_hires: Could not setup channel #1 (-5)[0m
[00:01:26.259,735] [1;31m<err> ads1220: config2 mismatch! 0x10 != 0x00[0m
[00:01:26.259,857] [1;31m<err> ads1220: config2 mismatch! 0x15 != 0x00[0m
[00:01:26.260,009] [1;31m<err> ads1220: config0 mismatch! 0x3C != 0x1C[0m
[00:01:26.260,040] [1;31m<err> analog_axis_hires: Could not setup channel #1 (-5)[0m
[00:01:26.267,791] [1;31m<err> ads1220: config2 mismatch! 0x10 != 0x00[0m
[00:01:26.267,913] [1;31m<err> ads1220: config2 mismatch! 0x15 != 0x00[0m
[00:01:26.268,035] [1;31m<err> ads1220: config0 mismatch! 0x3C != 0x1C[0m
[00:01:26.268,066] [1;31m<err> analog_axis_hires: Could not setup channel #1 (-5)[0m
[00:01:26.275,756] [1;31m<err> ads1220: config2 mismatch! 0x10 != 0x00[0m
[00:01:26.275,909] [1;31m<err> ads1220: config2 mismatch! 0x15 != 0x00[0m
[00:01:26.276,062] [1;31m<err> ads1220: config0 mismatch! 0x3C != 0x1C[0m
[00:01:26.276,062] [1;31m<err> analog_axis_hires: Could not setup channel #1 (-5)[0m
[00:01:26.283,813] [1;31m<err> ads1220: config2 mismatch! 0x10 != 0x00[0m
[00:01:26.283,935] [1;31m<err> ads1220: config2 mismatch! 0x15 != 0x00[0m
[00:01:26.284,088] [1;31m<err> ads1220: config0 mismatch! 0x3C != 0x1C[0m
[00:01:26.284,118] [1;31m<err> analog_axis_hires: Could not setup channel #1 (-5)[0m
[00:01:26.291,870] [1;31m<err> ads1220: config2 mismatch! 0x10 != 0x00[0m
[00:01:26.291,992] [1;31m<err> ads1220: config2 mismatch! 0x15 != 0x00[0m
[00:01:26.292,144] [1;31m<err> ads1220: config0 mismatch! 0x3C != 0x1C[0m
[00:01:26.292,144] [1;31m<err> analog_axis_hires: Could not setup channel #1 (-5)[0m
[00:01:26.299,835] [1;31m<err> ads1220: config2 mismatch! 0x10 != 0x00[0m
[00:01:26.299,987] [1;31m<err> ads1220: config2 mismatch! 0x15 != 0x00[0m
[00:01:26.300,140] [1;31m<err> ads1220: config0 mismatch! 0x3C != 0x1C[0m
[00:01:26.300,140] [1;31m<err> analog_axis_hires: Could not setup channel #1 (-5)[0m
[00:01:26.307,891] [1;31m<err> ads1220: config2 mismatch! 0x10 != 0x00[0m
[00:01:26.308,013] [1;31m<err> ads1220: config2 mismatch! 0x15 != 0x00[0m
[00:01:26.308,166] [1;31m<err> ads1220: config0 mismatch! 0x3C != 0x1C[0m
[00:01:26.308,197] [1;31m<err> analog_axis_hires: Could not setup channel #1 (-5)[0m
[00:01:26.315,948] [1;31m<err> ads1220: config2 mismatch! 0x10 != 0x00[0m
[00:01:26.316,070] [1;31m<err> ads1220: config2 mismatch! 0x15 != 0x00[0m
[00:01:26.316,223] [1;31m<err> ads1220: config0 mismatch! 0x3C != 0x1C[0m
[00:01:26.316,223] [1;31m<err> analog_axis_hires: Could not setup channel #1 (-5)[0m
[00:01:26.323,913] [1;31m<err> ads1220: config2 mismatch! 0x10 != 0x00[0m
[00:01:26.324,066] [1;31m<err> ads1220: config2 mismatch! 0x15 != 0x00[0m
[00:01:26.324,218] [1;31m<err> ads1220: config0 mismatch! 0x3C != 0x1C[0m
[00:01:26.324,218] [1;31m<err> analog_axis_hires: Could not setup channel #1 (-5)[0m
[00:01:26.331,970] [1;31m<err> ads1220: config2 mismatch! 0x10 != 0x00[0m
[00:01:26.332,092] [1;31m<err> ads1220: config2 mismatch! 0x15 != 0x00[0m
[00:01:26.332,244] [1;31m<err> ads1220: config0 mismatch! 0x3C != 0x1C[0m
[00:01:26.332,275] [1;31m<err> analog_axis_hires: Could not setup channel #1 (-5)[0m
[00:01:26.340,026] [1;31m<err> ads1220: config2 mismatch! 0x10 != 0x00[0m
[00:01:26.340,148] [1;31m<err> ads1220: config2 mismatch! 0x15 != 0x00[0m
[00:01:26.340,301] [1;31m<err> ads1220: config0 mismatch! 0x3C != 0x1C[0m
[00:01:26.340,301] [1;31m<err> analog_axis_hires: Could not setup channel #1 (-5)[0m
[00:01:26.347,991] [1;31m<err> ads1220: config2 mismatch! 0x10 != 0x00[0m
[00:01:26.348,144] [1;31m<err> ads1220: config2 mismatch! 0x15 != 0x00[0m
[00:01:26.348,297] [1;31m<err> ads1220: config0 mismatch! 0x3C != 0x1C[0m
[00:01:26.348,297] [1;31m<err> analog_axis_hires: Could not setup channel #1 (-5)[0m
[00:01:26.356,048] [1;31m<err> ads1220: config2 mismatch! 0x10 != 0x00[0m
[00:01:26.356,170] [1;31m<err> ads1220: config2 mismatch! 0x15 != 0x00[0m
[00:01:26.356,323] [1;31m<err> ads1220: config0 mismatch! 0x3C != 0x1C[0m
[00:01:26.356,353] [1;31m<err> analog_axis_hires: Could not setup channel #1 (-5)[0m
[00:01:26.364,074] [1;31m<err> ads1220: config2 mismatch! 0x10 != 0x00[0m
[00:01:26.364,196] [1;31m<err> ads1220: config2 mismatch! 0x15 != 0x00[0m
[00:01:26.364,349] [1;31m<err> ads1220: config0 mismatch! 0x3C != 0x1C[0m
[00:01:26.364,349] [1;31m<err> analog_axis_hires: Could not setup channel #1 (-5)[0m
[00:01:26.372,070] [1;31m<err> ads1220: config2 mismatch! 0x10 != 0x00[0m
[00:01:26.372,222] [1;31m<err> ads1220: config2 mismatch! 0x15 != 0x00[0m
[00:01:26.372,375] [1;31m<err> ads1220: config0 mismatch! 0x3C != 0x1C[0m
[00:01:26.372,375] [1;31m<err> analog_axis_hires: Could not setup channel #1 (-5)[0m
[00:01:26.380,126] [1;31m<err> ads1220: config2 mismatch! 0x10 != 0x00[0m
[00:01:26.380,249] [1;31m<err> ads1220: config2 mismatch! 0x15 != 0x00[0m
[00:01:26.380,401] [1;31m<err> ads1220: config0 mismatch! 0x3C != 0x1C[0m
[00:01:26.380,432] [1;31m<err> analog_axis_hires: Could not setup channel #1 (-5)[0m
[00:01:26.388,183] [1;31m<err> ads1220: config2 mismatch! 0x10 != 0x00[0m
[00:01:26.388,305] [1;31m<err> ads1220: config2 mismatch! 0x15 != 0x00[0m
[00:01:26.388,458] [1;31m<err> ads1220: config0 mismatch! 0x3C != 0x1C[0m
[00:01:26.388,458] [1;31m<err> analog_axis_hires: Could not setup channel #1 (-5)[0m
[00:01:26.396,148] [1;31m<err> ads1220: config2 mismatch! 0x10 != 0x00[0m
[00:01:26.396,301] [1;31m<err> ads1220: config2 mismatch! 0x15 != 0x00[0m
[00:01:26.396,453] [1;31m<err> ads1220: config0 mismatch! 0x3C != 0x1C[0m
[00:01:26.396,453] [1;31m<err> analog_axis_hires: Could not setup channel #1 (-5)[0m
[00:01:26.404,205] [1;31m<err> ads1220: config2 mismatch! 0x10 != 0x00[0m
[00:01:26.404,327] [1;31m<err> ads1220: config2 mismatch! 0x15 != 0x00[0m
[00:01:26.404,479] [1;31m<err> ads1220: config0 mismatch! 0x3C != 0x1C[0m
[00:01:26.404,510] [1;31m<err> analog_axis_hires: Could not setup channel #1 (-5)[0m
[00:01:26.412,261] [1;31m<err> ads1220: config2 mismatch! 0x10 != 0x00[0m
[00:01:26.412,384] [1;31m<err> ads1220: config2 mismatch! 0x15 != 0x00[0m
[00:01:26.412,536] [1;31m<err> ads1220: config0 mismatch! 0x3C != 0x1C[0m
[00:01:26.412,536] [1;31m<err> analog_axis_hires: Could not setup channel #1 (-5)[0m
[00:01:26.420,227] [1;31m<err> ads1220: config2 mismatch! 0x10 != 0x00[0m
[00:01:26.420,379] [1;31m<err> ads1220: config2 mismatch! 0x15 != 0x00[0m
[00:01:26.420,532] [1;31m<err> ads1220: config0 mismatch! 0x3C != 0x1C[0m
[00:01:26.420,532] [1;31m<err> analog_axis_hires: Could not setup channel #1 (-5)[0m
[00:01:26.428,283] [1;31m<err> ads1220: config2 mismatch! 0x10 != 0x00[0m
[00:01:26.428,405] [1;31m<err> ads1220: config2 mismatch! 0x15 != 0x00[0m
[00:01:26.428,558] [1;31m<err> ads1220: config0 mismatch! 0x3C != 0x1C[0m
[00:01:26.428,588] [1;31m<err> analog_axis_hires: Could not setup channel #1 (-5)[0m
[00:01:26.436,340] [1;31m<err> ads1220: config2 mismatch! 0x10 != 0x00[0m
[00:01:26.436,462] [1;31m<err> ads1220: config2 mismatch! 0x15 != 0x00[0m
[00:01:26.436,584] [1;31m<err> ads1220: config0 mismatch! 0x3C != 0x1C[0m
[00:01:26.436,614] [1;31m<err> analog_axis_hires: Could not setup channel #1 (-5)[0m
[00:01:26.444,305] [1;31m<err> ads1220: config2 mismatch! 0x10 != 0x00[0m
[00:01:26.444,458] [1;31m<err> ads1220: config2 mismatch! 0x15 != 0x00[0m
[00:01:26.444,610] [1;31m<err> ads1220: config0 mismatch! 0x3C != 0x1C[0m
[00:01:26.444,610] [1;31m<err> analog_axis_hires: Could not setup channel #1 (-5)[0m
[00:01:26.452,362] [1;31m<err> ads1220: config2 mismatch! 0x10 != 0x00[0m
[00:01:26.452,484] [1;31m<err> ads1220: config2 mismatch! 0x15 != 0x00[0m
[00:01:26.452,636] [1;31m<err> ads1220: config0 mismatch! 0x3C != 0x1C[0m
[00:01:26.452,667] [1;31m<err> analog_axis_hires: Could not setup channel #1 (-5)[0m
[00:01:26.460,418] [1;31m<err> ads1220: config2 mismatch! 0x10 != 0x00[0m
[00:01:26.460,540] [1;31m<err> ads1220: config2 mismatch! 0x15 != 0x00[0m
[00:01:26.460,662] [1;31m<err> ads1220: config0 mismatch! 0x3C != 0x1C[0m
[00:01:26.460,662] [1;31m<err> analog_axis_hires: Could not setup channel #1 (-5)[0m
[00:01:26.468,383] [1;31m<err> ads1220: config2 mismatch! 0x10 != 0x00[0m
[00:01:26.468,536] [1;31m<err> ads1220: config2 mismatch! 0x15 != 0x00[0m
[00:01:26.468,688] [1;31m<err> ads1220: config0 mismatch! 0x3C != 0x1C[0m
[00:01:26.468,688] [1;31m<err> analog_axis_hires: Could not setup channel #1 (-5)[0m
[00:01:26.476,440] [1;31m<err> ads1220: config2 mismatch! 0x10 != 0x00[0m
[00:01:26.476,562] [1;31m<err> ads1220: config2 mismatch! 0x15 != 0x00[0m
[00:01:26.476,715] [1;31m<err> ads1220: config0 mismatch! 0x3C != 0x1C[0m
[00:01:26.476,745] [1;31m<err> analog_axis_hires: Could not setup channel #1 (-5)[0m
[00:01:26.484,497] [1;31m<err> ads1220: config2 mismatch! 0x10 != 0x00[0m
[00:01:26.484,619] [1;31m<err> ads1220: config2 mismatch! 0x15 != 0x00[0m
[00:01:26.484,741] [1;31m<err> ads1220: config0 mismatch! 0x3C != 0x1C[0m
[00:01:26.484,771] [1;31m<err> analog_axis_hires: Could not setup channel #1 (-5)[0m
[00:01:26.492,462] [1;31m<err> ads1220: config2 mismatch! 0x10 != 0x00[0m
[00:01:26.492,614] [1;31m<err> ads1220: config2 mismatch! 0x15 != 0x00[0m
[00:01:26.492,767] [1;31m<err> ads1220: config0 mismatch! 0x3C != 0x1C[0m
[00:01:26.492,767] [1;31m<err> analog_axis_hires: Could not setup channel #1 (-5)[0m
[00:01:26.500,518] [1;31m<err> ads1220: config2 mismatch! 0x10 != 0x00[0m
[00:01:26.500,640] [1;31m<err> ads1220: config2 mismatch! 0x15 != 0x00[0m
[00:01:26.500,793] [1;31m<err> ads1220: config0 mismatch! 0x3C != 0x1C[0m
[00:01:26.500,823] [1;31m<err> analog_axis_hires: Could not setup channel #1 (-5)[0m
[00:01:26.508,575] [1;31m<err> ads1220: config2 mismatch! 0x10 != 0x00[0m
[00:01:26.508,697] [1;31m<err> ads1220: config2 mismatch! 0x15 != 0x00[0m
[00:01:26.508,819] [1;31m<err> ads1220: config0 mismatch! 0x3C != 0x1C[0m
[00:01:26.508,819] [1;31m<err> analog_axis_hires: Could not setup channel #1 (-5)[0m
[00:01:26.516,540] [1;31m<err> ads1220: config2 mismatch! 0x10 != 0x00[0m
[00:01:26.516,693] [1;31m<err> ads1220: config2 mismatch! 0x15 != 0x00[0m
[00:01:26.516,845] [1;31m<err> ads1220: config0 mismatch! 0x3C != 0x1C[0m
[00:01:26.516,845] [1;31m<err> analog_axis_hires: Could not setup channel #1 (-5)[0m
[00:01:26.524,597] [1;31m<err> ads1220: config2 mismatch! 0x10 != 0x00[0m
[00:01:26.524,719] [1;31m<err> ads1220: config2 mismatch! 0x15 != 0x00[0m
[00:01:26.524,871] [1;31m<err> ads1220: config0 mismatch! 0x3C != 0x1C[0m
[00:01:26.524,902] [1;31m<err> analog_axis_hires: Could not setup channel #1 (-5)[0m
[00:01:26.532,653] [1;31m<err> ads1220: config2 mismatch! 0x10 != 0x00[0m
[00:01:26.532,775] [1;31m<err> ads1220: config2 mismatch! 0x15 != 0x00[0m
[00:01:26.532,897] [1;31m<err> ads1220: config0 mismatch! 0x3C != 0x1C[0m
[00:01:26.532,928] [1;31m<err> analog_axis_hires: Could not setup channel #1 (-5)[0m
[00:01:26.540,618] [1;31m<err> ads1220: config2 mismatch! 0x10 != 0x00[0m
[00:01:26.540,771] [1;31m<err> ads1220: config2 mismatch! 0x15 != 0x00[0m
[00:01:26.540,924] [1;31m<err> ads1220: config0 mismatch! 0x3C != 0x1C[0m
[00:01:26.540,924] [1;31m<err> analog_axis_hires: Could not setup channel #1 (-5)[0m
[00:01:26.548,675] [1;31m<err> ads1220: config2 mismatch! 0x10 != 0x00[0m
[00:01:26.548,797] [1;31m<err> ads1220: config2 mismatch! 0x15 != 0x00[0m
[00:01:26.548,950] [1;31m<err> ads1220: config0 mismatch! 0x3C != 0x1C[0m
[00:01:26.548,980] [1;31m<err> analog_axis_hires: Could not setup channel #1 (-5)[0m
[00:01:26.556,732] [1;31m<err> ads1220: config2 mismatch! 0x10 != 0x00[0m
[00:01:26.556,854] [1;31m<err> ads1220: config2 mismatch! 0x15 != 0x00[0m
[00:01:26.556,976] [1;31m<err> ads1220: config0 mismatch! 0x3C != 0x1C[0m
[00:01:26.557,006] [1;31m<err> analog_axis_hires: Could not setup channel #1 (-5)[0m
[00:01:26.564,697] [1;31m<err> ads1220: config2 mismatch! 0x10 != 0x00[0m
[00:01:26.564,849] [1;31m<err> ads1220: config2 mismatch! 0x15 != 0x00[0m
[00:01:26.565,002] [1;31m<err> ads1220: config0 mismatch! 0x3C != 0x1C[0m
[00:01:26.565,002] [1;31m<err> analog_axis_hires: Could not setup channel #1 (-5)[0m
[00:01:26.572,753] [1;31m<err> ads1220: config2 mismatch! 0x10 != 0x00[0m
[00:01:26.572,875] [1;31m<err> ads1220: config2 mismatch! 0x15 != 0x00[0m
[00:01:26.573,028] [1;31m<err> ads1220: config0 mismatch! 0x3C != 0x1C[0m
[00:01:26.573,059] [1;31m<err> analog_axis_hires: Could not setup channel #1 (-5)[0m
[00:01:26.580,810] [1;31m<err> ads1220: config2 mismatch! 0x10 != 0x00[0m
[00:01:26.580,932] [1;31m<err> ads1220: config2 mismatch! 0x15 != 0x00[0m
[00:01:26.581,085] [1;31m<err> ads1220: config0 mismatch! 0x3C != 0x1C[0m
[00:01:26.581,085] [1;31m<err> analog_axis_hires: Could not setup channel #1 (-5)[0m
[00:01:26.588,836] [1;31m<err> ads1220: config2 mismatch! 0x10 != 0x00[0m
[00:01:26.588,989] [1;31m<err> ads1220: config2 mismatch! 0x15 != 0x00[0m
[00:01:26.589,141] [1;31m<err> ads1220: config0 mismatch! 0x3C != 0x1C[0m
[00:01:26.589,141] [1;31m<err> analog_axis_hires: Could not setup channel #1 (-5)[0m
[00:01:26.596,832] [1;31m<err> ads1220: config2 mismatch! 0x10 != 0x00[0m
[00:01:26.596,954] [1;31m<err> ads1220: config2 mismatch! 0x15 != 0x00[0m
[00:01:26.597,106] [1;31m<err> ads1220: config0 mismatch! 0x3C != 0x1C[0m
[00:01:26.597,137] [1;31m<err> analog_axis_hires: Could not setup channel #1 (-5)[0m
[00:01:26.604,888] [1;31m<err> ads1220: config2 mismatch! 0x10 != 0x00[0m
[00:01:26.605,010] [1;31m<err> ads1220: config2 mismatch! 0x15 != 0x00[0m
[00:01:26.605,163] [1;31m<err> ads1220: config0 mismatch! 0x3C != 0x1C[0m
[00:01:26.605,163] [1;31m<err> analog_axis_hires: Could not setup channel #1 (-5)[0m
[00:01:26.612,854] [1;31m<err> ads1220: config2 mismatch! 0x10 != 0x00[0m
[00:01:26.613,006] [1;31m<err> ads1220: config2 mismatch! 0x15 != 0x00[0m
[00:01:26.613,159] [1;31m<err> ads1220: config0 mismatch! 0x3C != 0x1C[0m
[00:01:26.613,159] [1;31m<err> analog_axis_hires: Could not setup channel #1 (-5)[0m
[00:01:26.620,910] [1;31m<err> ads1220: config2 mismatch! 0x10 != 0x00[0m
[00:01:26.621,032] [1;31m<err> ads1220: config2 mismatch! 0x15 != 0x00[0m
[00:01:26.621,185] [1;31m<err> ads1220: config0 mismatch! 0x3C != 0x1C[0m
[00:01:26.621,215] [1;31m<err> analog_axis_hires: Could not setup channel #1 (-5)[0m
[00:01:26.628,967] [1;31m<err> ads1220: config2 mismatch! 0x10 != 0x00[0m
[00:01:26.629,089] [1;31m<err> ads1220: config2 mismatch! 0x15 != 0x00[0m
[00:01:26.629,241] [1;31m<err> ads1220: config0 mismatch! 0x3C != 0x1C[0m
[00:01:26.629,241] [1;31m<err> analog_axis_hires: Could not setup channel #1 (-5)[0m
[00:01:26.636,932] [1;31m<err> ads1220: config2 mismatch! 0x10 != 0x00[0m
[00:01:26.637,084] [1;31m<err> ads1220: config2 mismatch! 0x15 != 0x00[0m
[00:01:26.637,237] [1;31m<err> ads1220: config0 mismatch! 0x3C != 0x1C[0m
[00:01:26.637,237] [1;31m<err> analog_axis_hires: Could not setup channel #1 (-5)[0m
[00:01:26.644,989] [1;31m<err> ads1220: config2 mismatch! 0x10 != 0x00[0m
[00:01:26.645,111] [1;31m<err> ads1220: config2 mismatch! 0x15 != 0x00[0m
[00:01:26.645,263] [1;31m<err> ads1220: config0 mismatch! 0x3C != 0x1C[0m
[00:01:26.645,294] [1;31m<err> analog_axis_hires: Could not setup channel #1 (-5)[0m
[00:01:26.653,045] [1;31m<err> ads1220: config2 mismatch! 0x10 != 0x00[0m
[00:01:26.653,167] [1;31m<err> ads1220: config2 mismatch! 0x15 != 0x00[0m
[00:01:26.653,320] [1;31m<err> ads1220: config0 mismatch! 0x3C != 0x1C[0m
[00:01:26.653,320] [1;31m<err> analog_axis_hires: Could not setup channel #1 (-5)[0m
[00:01:26.661,010] [1;31m<err> ads1220: config2 mismatch! 0x10 != 0x00[0m
[00:01:26.661,163] [1;31m<err> ads1220: config2 mismatch! 0x15 != 0x00[0m
[00:01:26.661,315] [1;31m<err> ads1220: config0 mismatch! 0x3C != 0x1C[0m
[00:01:26.661,315] [1;31m<err> analog_axis_hires: Could not setup channel #1 (-5)[0m
[00:01:26.669,067] [1;31m<err> ads1220: config2 mismatch! 0x10 != 0x00[0m
[00:01:26.669,189] [1;31m<err> ads1220: config2 mismatch! 0x15 != 0x00[0m
[00:01:26.669,342] [1;31m<err> ads1220: config0 mismatch! 0x3C != 0x1C[0m
[00:01:26.669,372] [1;31m<err> analog_axis_hires: Could not setup channel #1 (-5)[0m
[00:01:26.677,124] [1;31m<err> ads1220: config2 mismatch! 0x10 != 0x00[0m
[00:01:26.677,246] [1;31m<err> ads1220: config2 mismatch! 0x15 != 0x00[0m
[00:01:26.677,398] [1;31m<err> ads1220: config0 mismatch! 0x3C != 0x1C[0m
[00:01:26.677,398] [1;31m<err> analog_axis_hires: Could not setup channel #1 (-5)[0m
[00:01:26.685,089] [1;31m<err> ads1220: config2 mismatch! 0x10 != 0x00[0m
[00:01:26.685,241] [1;31m<err> ads1220: config2 mismatch! 0x15 != 0x00[0m
[00:01:26.685,394] [1;31m<err> ads1220: config0 mismatch! 0x3C != 0x1C[0m
[00:01:26.685,394] [1;31m<err> analog_axis_hires: Could not setup channel #1 (-5)[0m
[00:01:26.693,145] [1;31m<err> ads1220: config2 mismatch! 0x10 != 0x00[0m
[00:01:26.693,267] [1;31m<err> ads1220: config2 mismatch! 0x15 != 0x00[0m
[00:01:26.693,420] [1;31m<err> ads1220: config0 mismatch! 0x3C != 0x1C[0m
[00:01:26.693,450] [1;31m<err> analog_axis_hires: Could not setup channel #1 (-5)[0m
[00:01:26.701,202] [1;31m<err> ads1220: config2 mismatch! 0x10 != 0x00[0m
[00:01:26.701,324] [1;31m<err> ads1220: config2 mismatch! 0x15 != 0x00[0m
[00:01:26.701,477] [1;31m<err> ads1220: config0 mismatch! 0x3C != 0x1C[0m
[00:01:26.701,477] [1;31m<err> analog_axis_hires: Could not setup channel #1 (-5)[0m
[00:01:26.709,167] [1;31m<err> ads1220: config2 mismatch! 0x10 != 0x00[0m
[00:01:26.709,320] [1;31m<err> ads1220: config2 mismatch! 0x15 != 0x00[0m
[00:01:26.709,472] [1;31m<err> ads1220: config0 mismatch! 0x3C != 0x1C[0m
[00:01:26.709,472] [1;31m<err> analog_axis_hires: Could not setup channel #1 (-5)[0m
[00:01:26.717,224] [1;31m<err> ads1220: config2 mismatch! 0x10 != 0x00[0m
[00:01:26.717,346] [1;31m<err> ads1220: config2 mismatch! 0x15 != 0x00[0m
[00:01:26.717,498] [1;31m<err> ads1220: config0 mismatch! 0x3C != 0x1C[0m
[00:01:26.717,529] [1;31m<err> analog_axis_hires: Could not setup channel #1 (-5)[0m
[00:01:26.725,280] [1;31m<err> ads1220: config2 mismatch! 0x10 != 0x00[0m
[00:01:26.725,402] [1;31m<err> ads1220: config2 mismatch! 0x15 != 0x00[0m
[00:01:26.725,555] [1;31m<err> ads1220: config0 mismatch! 0x3C != 0x1C[0m
[00:01:26.725,555] [1;31m<err> analog_axis_hires: Could not setup channel #1 (-5)[0m
[00:01:26.733,245] [1;31m<err> ads1220: config2 mismatch! 0x10 != 0x00[0m
[00:01:26.733,398] [1;31m<err> ads1220: config2 mismatch! 0x15 != 0x00[0m
[00:01:26.733,551] [1;31m<err> ads1220: config0 mismatch! 0x3C != 0x1C[0m
[00:01:26.733,551] [1;31m<err> analog_axis_hires: Could not setup channel #1 (-5)[0m
[00:01:26.741,302] [1;31m<err> ads1220: config2 mismatch! 0x10 != 0x00[0m
[00:01:26.741,424] [1;31m<err> ads1220: config2 mismatch! 0x15 != 0x00[0m
[00:01:26.741,577] [1;31m<err> ads1220: config0 mismatch! 0x3C != 0x1C[0m
[00:01:26.741,607] [1;31m<err> analog_axis_hires: Could not setup channel #1 (-5)[0m
[00:01:26.749,359] [1;31m<err> ads1220: config2 mismatch! 0x10 != 0x00[0m
[00:01:26.749,481] [1;31m<err> ads1220: config2 mismatch! 0x15 != 0x00[0m
[00:01:26.749,603] [1;31m<err> ads1220: config0 mismatch! 0x3C != 0x1C[0m
[00:01:26.749,633] [1;31m<err> analog_axis_hires: Could not setup channel #1 (-5)[0m
[00:01:26.757,324] [1;31m<err> ads1220: config2 mismatch! 0x10 != 0x00[0m
[00:01:26.757,476] [1;31m<err> ads1220: config2 mismatch! 0x15 != 0x00[0m
[00:01:26.757,629] [1;31m<err> ads1220: config0 mismatch! 0x3C != 0x1C[0m
[00:01:26.757,629] [1;31m<err> analog_axis_hires: Could not setup channel #1 (-5)[0m
[00:01:26.765,380] [1;31m<err> ads1220: config2 mismatch! 0x10 != 0x00[0m
[00:01:26.765,502] [1;31m<err> ads1220: config2 mismatch! 0x15 != 0x00[0m
[00:01:26.765,655] [1;31m<err> ads1220: config0 mismatch! 0x3C != 0x1C[0m
[00:01:26.765,686] [1;31m<err> analog_axis_hires: Could not setup channel #1 (-5)[0m
[00:01:26.773,437] [1;31m<err> ads1220: config2 mismatch! 0x10 != 0x00[0m
[00:01:26.773,559] [1;31m<err> ads1220: config2 mismatch! 0x15 != 0x00[0m
[00:01:26.773,681] [1;31m<err> ads1220: config0 mismatch! 0x3C != 0x1C[0m
[00:01:26.773,681] [1;31m<err> analog_axis_hires: Could not setup channel #1 (-5)[0m
[00:01:26.781,402] [1;31m<err> ads1220: config2 mismatch! 0x10 != 0x00[0m
[00:01:26.781,555] [1;31m<err> ads1220: config2 mismatch! 0x15 != 0x00[0m
[00:01:26.781,707] [1;31m<err> ads1220: config0 mismatch! 0x3C != 0x1C[0m
[00:01:26.781,707] [1;31m<err> analog_axis_hires: Could not setup channel #1 (-5)[0m
[00:01:26.789,459] [1;31m<err> ads1220: config2 mismatch! 0x10 != 0x00[0m
[00:01:26.789,581] [1;31m<err> ads1220: config2 mismatch! 0x15 != 0x00[0m
[00:01:26.789,733] [1;31m<err> ads1220: config0 mismatch! 0x3C != 0x1C[0m
[00:01:26.789,764] [1;31m<err> analog_axis_hires: Could not setup channel #1 (-5)[0m
[00:01:26.797,546] [1;31m<err> ads1220: config2 mismatch! 0x10 != 0x00[0m
[00:01:26.797,668] [1;31m<err> ads1220: config2 mismatch! 0x15 != 0x00[0m
[00:01:26.797,790] [1;31m<err> ads1220: config0 mismatch! 0x3C != 0x1C[0m
[00:01:26.797,821] [1;31m<err> analog_axis_hires: Could not setup channel #1 (-5)[0m
[00:01:26.805,480] [1;31m<err> ads1220: config2 mismatch! 0x10 != 0x00[0m
[00:01:26.805,633] [1;31m<err> ads1220: config2 mismatch! 0x15 != 0x00[0m
[00:01:26.805,786] [1;31m<err> ads1220: config0 mismatch! 0x3C != 0x1C[0m
[00:01:26.805,786] [1;31m<err> analog_axis_hires: Could not setup channel #1 (-5)[0m
[00:01:26.813,537] [1;31m<err> ads1220: config2 mismatch! 0x10 != 0x00[0m
[00:01:26.813,659] [1;31m<err> ads1220: config2 mismatch! 0x15 != 0x00[0m
[00:01:26.813,812] [1;31m<err> ads1220: config0 mismatch! 0x3C != 0x1C[0m
[00:01:26.813,842] [1;31m<err> analog_axis_hires: Could not setup channel #1 (-5)[0m
[00:01:26.821,594] [1;31m<err> ads1220: config2 mismatch! 0x10 != 0x00[0m
[00:01:26.821,716] [1;31m<err> ads1220: config2 mismatch! 0x15 != 0x00[0m
[00:01:26.821,838] [1;31m<err> ads1220: config0 mismatch! 0x3C != 0x1C[0m
[00:01:26.821,868] [1;31m<err> analog_axis_hires: Could not setup channel #1 (-5)[0m
[00:01:26.829,559] [1;31m<err> ads1220: config2 mismatch! 0x10 != 0x00[0m
[00:01:26.829,711] [1;31m<err> ads1220: config2 mismatch! 0x15 != 0x00[0m
[00:01:26.829,864] [1;31m<err> ads1220: config0 mismatch! 0x3C != 0x1C[0m
[00:01:26.829,864] [1;31m<err> analog_axis_hires: Could not setup channel #1 (-5)[0m
[00:01:26.837,615] [1;31m<err> ads1220: config2 mismatch! 0x10 != 0x00[0m
[00:01:26.837,738] [1;31m<err> ads1220: config2 mismatch! 0x15 != 0x00[0m
[00:01:26.837,890] [1;31m<err> ads1220: config0 mismatch! 0x3C != 0x1C[0m
[00:01:26.837,921] [1;31m<err> analog_axis_hires: Could not setup channel #1 (-5)[0m
[00:01:26.845,672] [1;31m<err> ads1220: config2 mismatch! 0x10 != 0x00[0m
[00:01:26.845,794] [1;31m<err> ads1220: config2 mismatch! 0x15 != 0x00[0m
[00:01:26.845,916] [1;31m<err> ads1220: config0 mismatch! 0x3C != 0x1C[0m
[00:01:26.845,947] [1;31m<err> analog_axis_hires: Could not setup channel #1 (-5)[0m
[00:01:26.853,637] [1;31m<err> ads1220: config2 mismatch! 0x10 != 0x00[0m
[00:01:26.853,790] [1;31m<err> ads1220: config2 mismatch! 0x15 != 0x00[0m
[00:01:26.853,942] [1;31m<err> ads1220: config0 mismatch! 0x3C != 0x1C[0m
[00:01:26.853,942] [1;31m<err> analog_axis_hires: Could not setup channel #1 (-5)[0m
[00:01:26.861,694] [1;31m<err> ads1220: config2 mismatch! 0x10 != 0x00[0m
[00:01:26.861,816] [1;31m<err> ads1220: config2 mismatch! 0x15 != 0x00[0m
[00:01:26.861,968] [1;31m<err> ads1220: config0 mismatch! 0x3C != 0x1C[0m
[00:01:26.861,999] [1;31m<err> analog_axis_hires: Could not setup channel #1 (-5)[0m
[00:01:26.869,750] [1;31m<err> ads1220: config2 mismatch! 0x10 != 0x00[0m
[00:01:26.869,873] [1;31m<err> ads1220: config2 mismatch! 0x15 != 0x00[0m
[00:01:26.869,995] [1;31m<err> ads1220: config0 mismatch! 0x3C != 0x1C[0m
[00:01:26.870,025] [1;31m<err> analog_axis_hires: Could not setup channel #1 (-5)[0m
[00:01:26.877,716] [1;31m<err> ads1220: config2 mismatch! 0x10 != 0x00[0m
[00:01:26.877,868] [1;31m<err> ads1220: config2 mismatch! 0x15 != 0x00[0m
[00:01:26.878,021] [1;31m<err> ads1220: config0 mismatch! 0x3C != 0x1C[0m
[00:01:26.878,021] [1;31m<err> analog_axis_hires: Could not setup channel #1 (-5)[0m
[00:01:26.885,772] [1;31m<err> ads1220: config2 mismatch! 0x10 != 0x00[0m
[00:01:26.885,894] [1;31m<err> ads1220: config2 mismatch! 0x15 != 0x00[0m
[00:01:26.886,047] [1;31m<err> ads1220: config0 mismatch! 0x3C != 0x1C[0m
[00:01:26.886,077] [1;31m<err> analog_axis_hires: Could not setup channel #1 (-5)[0m
[00:01:26.893,829] [1;31m<err> ads1220: config2 mismatch! 0x10 != 0x00[0m
[00:01:26.893,951] [1;31m<err> ads1220: config2 mismatch! 0x15 != 0x00[0m
[00:01:26.894,073] [1;31m<err> ads1220: config0 mismatch! 0x3C != 0x1C[0m
[00:01:26.894,104] [1;31m<err> analog_axis_hires: Could not setup channel #1 (-5)[0m
[00:01:26.901,794] [1;31m<err> ads1220: config2 mismatch! 0x10 != 0x00[0m
[00:01:26.901,947] [1;31m<err> ads1220: config2 mismatch! 0x15 != 0x00[0m
[00:01:26.902,099] [1;31m<err> ads1220: config0 mismatch! 0x3C != 0x1C[0m
[00:01:26.902,099] [1;31m<err> analog_axis_hires: Could not setup channel #1 (-5)[0m
[00:01:26.909,851] [1;31m<err> ads1220: config2 mismatch! 0x10 != 0x00[0m
[00:01:26.909,973] [1;31m<err> ads1220: config2 mismatch! 0x15 != 0x00[0m
[00:01:26.910,125] [1;31m<err> ads1220: config0 mismatch! 0x3C != 0x1C[0m
[00:01:26.910,156] [1;31m<err> analog_axis_hires: Could not setup channel #1 (-5)[0m
[00:01:26.917,907] [1;31m<err> ads1220: config2 mismatch! 0x10 != 0x00[0m
[00:01:26.918,029] [1;31m<err> ads1220: config2 mismatch! 0x15 != 0x00[0m
[00:01:26.918,151] [1;31m<err> ads1220: config0 mismatch! 0x3C != 0x1C[0m
[00:01:26.918,182] [1;31m<err> analog_axis_hires: Could not setup channel #1 (-5)[0m
[00:01:26.925,872] [1;31m<err> ads1220: config2 mismatch! 0x10 != 0x00[0m
[00:01:26.926,025] [1;31m<err> ads1220: config2 mismatch! 0x15 != 0x00[0m
[00:01:26.926,177] [1;31m<err> ads1220: config0 mismatch! 0x3C != 0x1C[0m
[00:01:26.926,177] [1;31m<err> analog_axis_hires: Could not setup channel #1 (-5)[0m
[00:01:26.933,929] [1;31m<err> ads1220: config2 mismatch! 0x10 != 0x00[0m
[00:01:26.934,051] [1;31m<err> ads1220: config2 mismatch! 0x15 != 0x00[0m
[00:01:26.934,204] [1;31m<err> ads1220: config0 mismatch! 0x3C != 0x1C[0m
[00:01:26.934,234] [1;31m<err> analog_axis_hires: Could not setup channel #1 (-5)[0m
[00:01:26.941,986] [1;31m<err> ads1220: config2 mismatch! 0x10 != 0x00[0m
[00:01:26.942,108] [1;31m<err> ads1220: config2 mismatch! 0x15 != 0x00[0m
[00:01:26.942,230] [1;31m<err> ads1220: config0 mismatch! 0x3C != 0x1C[0m
[00:01:26.942,260] [1;31m<err> analog_axis_hires: Could not setup channel #1 (-5)[0m
[00:01:26.949,951] [1;31m<err> ads1220: config2 mismatch! 0x10 != 0x00[0m
[00:01:26.950,103] [1;31m<err> ads1220: config2 mismatch! 0x15 != 0x00[0m
[00:01:26.950,256] [1;31m<err> ads1220: config0 mismatch! 0x3C != 0x1C[0m
[00:01:26.950,256] [1;31m<err> analog_axis_hires: Could not setup channel #1 (-5)[0m
[00:01:26.958,007] [1;31m<err> ads1220: config2 mismatch! 0x10 != 0x00[0m
[00:01:26.958,129] [1;31m<err> ads1220: config2 mismatch! 0x15 != 0x00[0m
[00:01:26.958,282] [1;31m<err> ads1220: config0 mismatch! 0x3C != 0x1C[0m
[00:01:26.958,312] [1;31m<err> analog_axis_hires: Could not setup channel #1 (-5)[0m
[00:01:26.966,064] [1;31m<err> ads1220: config2 mismatch! 0x10 != 0x00[0m
[00:01:26.966,186] [1;31m<err> ads1220: config2 mismatch! 0x15 != 0x00[0m
[00:01:26.966,339] [1;31m<err> ads1220: config0 mismatch! 0x3C != 0x1C[0m
[00:01:26.966,339] [1;31m<err> analog_axis_hires: Could not setup channel #1 (-5)[0m
[00:01:26.974,029] [1;31m<err> ads1220: config2 mismatch! 0x10 != 0x00[0m
[00:01:26.974,182] [1;31m<err> ads1220: config2 mismatch! 0x15 != 0x00[0m
[00:01:26.974,334] [1;31m<err> ads1220: config0 mismatch! 0x3C != 0x1C[0m
[00:01:26.974,334] [1;31m<err> analog_axis_hires: Could not setup channel #1 (-5)[0m
[00:01:26.982,086] [1;31m<err> ads1220: config2 mismatch! 0x10 != 0x00[0m
[00:01:26.982,208] [1;31m<err> ads1220: config2 mismatch! 0x15 != 0x00[0m
[00:01:26.982,360] [1;31m<err> ads1220: config0 mismatch! 0x3C != 0x1C[0m
[00:01:26.982,391] [1;31m<err> analog_axis_hires: Could not setup channel #1 (-5)[0m
[00:01:26.990,142] [1;31m<err> ads1220: config2 mismatch! 0x10 != 0x00[0m
[00:01:26.990,264] [1;31m<err> ads1220: config2 mismatch! 0x15 != 0x00[0m
[00:01:26.990,386] [1;31m<err> ads1220: config0 mismatch! 0x3C != 0x1C[0m
[00:01:26.990,417] [1;31m<err> analog_axis_hires: Could not setup channel #1 (-5)[0m
[00:01:26.998,107] [1;31m<err> ads1220: config2 mismatch! 0x10 != 0x00[0m
[00:01:26.998,260] [1;31m<err> ads1220: config2 mismatch! 0x15 != 0x00[0m
[00:01:26.998,413] [1;31m<err> ads1220: config0 mismatch! 0x3C != 0x1C[0m
[00:01:26.998,413] [1;31m<err> analog_axis_hires: Could not setup channel #1 (-5)[0m
[00:01:27.006,164] [1;31m<err> ads1220: config2 mismatch! 0x10 != 0x00[0m
[00:01:27.006,286] [1;31m<err> ads1220: config2 mismatch! 0x15 != 0x00[0m
[00:01:27.006,439] [1;31m<err> ads1220: config0 mismatch! 0x3C != 0x1C[0m
[00:01:27.006,469] [1;31m<err> analog_axis_hires: Could not setup channel #1 (-5)[0m
[00:01:27.014,221] [1;31m<err> ads1220: config2 mismatch! 0x10 != 0x00[0m
[00:01:27.014,343] [1;31m<err> ads1220: config2 mismatch! 0x15 != 0x00[0m
[00:01:27.014,495] [1;31m<err> ads1220: config0 mismatch! 0x3C != 0x1C[0m
[00:01:27.014,495] [1;31m<err> analog_axis_hires: Could not setup channel #1 (-5)[0m
[00:01:27.022,186] [1;31m<err> ads1220: config2 mismatch! 0x10 != 0x00[0m
[00:01:27.022,338] [1;31m<err> ads1220: config2 mismatch! 0x15 != 0x00[0m
[00:01:27.022,491] [1;31m<err> ads1220: config0 mismatch! 0x3C != 0x1C[0m
[00:01:27.022,491] [1;31m<err> analog_axis_hires: Could not setup channel #1 (-5)[0m
[00:01:27.030,242] [1;31m<err> ads1220: config2 mismatch! 0x10 != 0x00[0m
[00:01:27.030,364] [1;31m<err> ads1220: config2 mismatch! 0x15 != 0x00[0m
[00:01:27.030,517] [1;31m<err> ads1220: config0 mismatch! 0x3C != 0x1C[0m
[00:01:27.030,548] [1;31m<err> analog_axis_hires: Could not setup channel #1 (-5)[0m
[00:01:27.038,299] [1;31m<err> ads1220: config2 mismatch! 0x10 != 0x00[0m
[00:01:27.038,421] [1;31m<err> ads1220: config2 mismatch! 0x15 != 0x00[0m
[00:01:27.038,574] [1;31m<err> ads1220: config0 mismatch! 0x3C != 0x1C[0m
[00:01:27.038,574] [1;31m<err> analog_axis_hires: Could not setup channel #1 (-5)[0m
[00:01:27.046,264] [1;31m<err> ads1220: config2 mismatch! 0x10 != 0x00[0m
[00:01:27.046,417] [1;31m<err> ads1220: config2 mismatch! 0x15 != 0x00[0m
[00:01:27.046,569] [1;31m<err> ads1220: config0 mismatch! 0x3C != 0x1C[0m
[00:01:27.046,569] [1;31m<err> analog_axis_hires: Could not setup channel #1 (-5)[0m
[00:01:27.054,321] [1;31m<err> ads1220: config2 mismatch! 0x10 != 0x00[0m
[00:01:27.054,443] [1;31m<err> ads1220: config2 mismatch! 0x15 != 0x00[0m
[00:01:27.054,595] [1;31m<err> ads1220: config0 mismatch! 0x3C != 0x1C[0m
[00:01:27.054,626] [1;31m<err> analog_axis_hires: Could not setup channel #1 (-5)[0m
[00:01:27.062,347] [1;31m<err> ads1220: config2 mismatch! 0x10 != 0x00[0m
[00:01:27.062,469] [1;31m<err> ads1220: config2 mismatch! 0x15 != 0x00[0m
[00:01:27.062,622] [1;31m<err> ads1220: config0 mismatch! 0x3C != 0x1C[0m
[00:01:27.062,622] [1;31m<err> analog_axis_hires: Could not setup channel #1 (-5)[0m
[00:01:27.070,343] [1;31m<err> ads1220: config2 mismatch! 0x10 != 0x00[0m
[00:01:27.070,495] [1;31m<err> ads1220: config2 mismatch! 0x15 != 0x00[0m
[00:01:27.070,648] [1;31m<err> ads1220: config0 mismatch! 0x3C != 0x1C[0m
[00:01:27.070,648] [1;31m<err> analog_axis_hires: Could not setup channel #1 (-5)[0m
[00:01:27.078,399] [1;31m<err> ads1220: config2 mismatch! 0x10 != 0x00[0m
[00:01:27.078,521] [1;31m<err> ads1220: config2 mismatch! 0x15 != 0x00[0m
[00:01:27.078,674] [1;31m<err> ads1220: config0 mismatch! 0x3C != 0x1C[0m
[00:01:27.078,674] [1;31m<err> analog_axis_hires: Could not setup channel #1 (-5)[0m
[00:01:27.086,456] [1;31m<err> ads1220: config2 mismatch! 0x10 != 0x00[0m
[00:01:27.086,578] [1;31m<err> ads1220: config2 mismatch! 0x15 != 0x00[0m
[00:01:27.086,700] [1;31m<err> ads1220: config0 mismatch! 0x3C != 0x1C[0m
[00:01:27.086,700] [1;31m<err> analog_axis_hires: Could not setup channel #1 (-5)[0m
[00:01:27.094,421] [1;31m<err> ads1220: config2 mismatch! 0x10 != 0x00[0m
[00:01:27.094,573] [1;31m<err> ads1220: config2 mismatch! 0x15 != 0x00[0m
[00:01:27.094,726] [1;31m<err> ads1220: config0 mismatch! 0x3C != 0x1C[0m
[00:01:27.094,726] [1;31m<err> analog_axis_hires: Could not setup channel #1 (-5)[0m
[00:01:27.102,478] [1;31m<err> ads1220: config2 mismatch! 0x10 != 0x00[0m
[00:01:27.102,600] [1;31m<err> ads1220: config2 mismatch! 0x15 != 0x00[0m
[00:01:27.102,752] [1;31m<err> ads1220: config0 mismatch! 0x3C != 0x1C[0m
[00:01:27.102,752] [1;31m<err> analog_axis_hires: Could not setup channel #1 (-5)[0m
[00:01:27.110,534] [1;31m<err> ads1220: config2 mismatch! 0x10 != 0x00[0m
[00:01:27.110,656] [1;31m<err> ads1220: config2 mismatch! 0x15 != 0x00[0m
[00:01:27.110,778] [1;31m<err> ads1220: config0 mismatch! 0x3C != 0x1C[0m
[00:01:27.110,809] [1;31m<err> analog_axis_hires: Could not setup channel #1 (-5)[0m
[00:01:27.118,560] [1;31m<err> ads1220: config2 mismatch! 0x10 != 0x00[0m
[00:01:27.118,713] [1;31m<err> ads1220: config2 mismatch! 0x15 != 0x00[0m
[00:01:27.118,865] [1;31m<err> ads1220: config0 mismatch! 0x3C != 0x1C[0m
[00:01:27.118,865] [1;31m<err> analog_axis_hires: Could not setup channel #1 (-5)[0m
[00:01:27.126,556] [1;31m<err> ads1220: config2 mismatch! 0x10 != 0x00[0m
[00:01:27.126,678] [1;31m<err> ads1220: config2 mismatch! 0x15 != 0x00[0m
[00:01:27.126,831] [1;31m<err> ads1220: config0 mismatch! 0x3C != 0x1C[0m
[00:01:27.126,831] [1;31m<err> analog_axis_hires: Could not setup channel #1 (-5)[0m
[00:01:27.134,613] [1;31m<err> ads1220: config2 mismatch! 0x10 != 0x00[0m
[00:01:27.134,765] [1;31m<err> ads1220: config2 mismatch! 0x15 != 0x00[0m
[00:01:27.134,887] [1;31m<err> ads1220: config0 mismatch! 0x3C != 0x1C[0m
[00:01:27.134,887] [1;31m<err> analog_axis_hires: Could not setup channel #1 (-5)[0m
[00:01:27.142,578] [1;31m<err> ads1220: config2 mismatch! 0x10 != 0x00[0m
[00:01:27.142,730] [1;31m<err> ads1220: config2 mismatch! 0x15 != 0x00[0m
[00:01:27.142,883] [1;31m<err> ads1220: config0 mismatch! 0x3C != 0x1C[0m
[00:01:27.142,883] [1;31m<err> analog_axis_hires: Could not setup channel #1 (-5)[0m
[00:01:27.150,634] [1;31m<err> ads1220: config2 mismatch! 0x10 != 0x00[0m
[00:01:27.150,756] [1;31m<err> ads1220: config2 mismatch! 0x15 != 0x00[0m
[00:01:27.150,909] [1;31m<err> ads1220: config0 mismatch! 0x3C != 0x1C[0m
[00:01:27.150,909] [1;31m<err> analog_axis_hires: Could not setup channel #1 (-5)[0m
[00:01:27.158,691] [1;31m<err> ads1220: config2 mismatch! 0x10 != 0x00[0m
[00:01:27.158,813] [1;31m<err> ads1220: config2 mismatch! 0x15 != 0x00[0m
[00:01:27.158,935] [1;31m<err> ads1220: config0 mismatch! 0x3C != 0x1C[0m
[00:01:27.158,966] [1;31m<err> analog_axis_hires: Could not setup channel #1 (-5)[0m
[00:01:27.166,656] [1;31m<err> ads1220: config2 mismatch! 0x10 != 0x00[0m
[00:01:27.166,809] [1;31m<err> ads1220: config2 mismatch! 0x15 != 0x00[0m
[00:01:27.166,961] [1;31m<err> ads1220: config0 mismatch! 0x3C != 0x1C[0m
[00:01:27.166,961] [1;31m<err> analog_axis_hires: Could not setup channel #1 (-5)[0m
[00:01:27.174,713] [1;31m<err> ads1220: config2 mismatch! 0x10 != 0x00[0m
[00:01:27.174,835] [1;31m<err> ads1220: config2 mismatch! 0x15 != 0x00[0m
[00:01:27.174,987] [1;31m<err> ads1220: config0 mismatch! 0x3C != 0x1C[0m
[00:01:27.174,987] [1;31m<err> analog_axis_hires: Could not setup channel #1 (-5)[0m
[00:01:27.182,769] [1;31m<err> ads1220: config2 mismatch! 0x10 != 0x00[0m
[00:01:27.182,891] [1;31m<err> ads1220: config2 mismatch! 0x15 != 0x00[0m
[00:01:27.183,013] [1;31m<err> ads1220: config0 mismatch! 0x3C != 0x1C[0m
[00:01:27.183,044] [1;31m<err> analog_axis_hires: Could not setup channel #1 (-5)[0m
[00:01:27.190,734] [1;31m<err> ads1220: config2 mismatch! 0x10 != 0x00[0m
[00:01:27.190,887] [1;31m<err> ads1220: config2 mismatch! 0x15 != 0x00[0m
[00:01:27.191,040] [1;31m<err> ads1220: config0 mismatch! 0x3C != 0x1C[0m
[00:01:27.191,040] [1;31m<err> analog_axis_hires: Could not setup channel #1 (-5)[0m
[00:01:27.198,791] [1;31m<err> ads1220: config2 mismatch! 0x10 != 0x00[0m
[00:01:27.198,913] [1;31m<err> ads1220: config2 mismatch! 0x15 != 0x00[0m
[00:01:27.199,066] [1;31m<err> ads1220: config0 mismatch! 0x3C != 0x1C[0m
[00:01:27.199,066] [1;31m<err> analog_axis_hires: Could not setup channel #1 (-5)[0m
[00:01:27.206,817] [1;31m<err> ads1220: config2 mismatch! 0x10 != 0x00[0m
[00:01:27.206,939] [1;31m<err> ads1220: config2 mismatch! 0x15 != 0x00[0m
[00:01:27.207,061] [1;31m<err> ads1220: config0 mismatch! 0x3C != 0x1C[0m
[00:01:27.207,092] [1;31m<err> analog_axis_hires: Could not setup channel #1 (-5)[0m
[00:01:27.214,813] [1;31m<err> ads1220: config2 mismatch! 0x10 != 0x00[0m
[00:01:27.214,965] [1;31m<err> ads1220: config2 mismatch! 0x15 != 0x00[0m
[00:01:27.215,118] [1;31m<err> ads1220: config0 mismatch! 0x3C != 0x1C[0m
[00:01:27.215,118] [1;31m<err> analog_axis_hires: Could not setup channel #1 (-5)[0m
[00:01:27.222,869] [1;31m<err> ads1220: config2 mismatch! 0x10 != 0x00[0m
[00:01:27.222,991] [1;31m<err> ads1220: config2 mismatch! 0x15 != 0x00[0m
[00:01:27.223,144] [1;31m<err> ads1220: config0 mismatch! 0x3C != 0x1C[0m
[00:01:27.223,144] [1;31m<err> analog_axis_hires: Could not setup channel #1 (-5)[0m
[00:01:27.230,926] [1;31m<err> ads1220: config2 mismatch! 0x10 != 0x00[0m
[00:01:27.231,048] [1;31m<err> ads1220: config2 mismatch! 0x15 != 0x00[0m
[00:01:27.231,170] [1;31m<err> ads1220: config0 mismatch! 0x3C != 0x1C[0m
[00:01:27.231,201] [1;31m<err> analog_axis_hires: Could not setup channel #1 (-5)[0m
[00:01:27.238,891] [1;31m<err> ads1220: config2 mismatch! 0x10 != 0x00[0m
[00:01:27.239,044] [1;31m<err> ads1220: config2 mismatch! 0x15 != 0x00[0m
[00:01:27.239,196] [1;31m<err> ads1220: config0 mismatch! 0x3C != 0x1C[0m
[00:01:27.239,196] [1;31m<err> analog_axis_hires: Could not setup channel #1 (-5)[0m
[00:01:27.246,948] [1;31m<err> ads1220: config2 mismatch! 0x10 != 0x00[0m
[00:01:27.247,070] [1;31m<err> ads1220: config2 mismatch! 0x15 != 0x00[0m
[00:01:27.247,222] [1;31m<err> ads1220: config0 mismatch! 0x3C != 0x1C[0m
[00:01:27.247,222] [1;31m<err> analog_axis_hires: Could not setup channel #1 (-5)[0m
[00:01:27.255,004] [1;31m<err> ads1220: config2 mismatch! 0x10 != 0x00[0m
[00:01:27.255,126] [1;31m<err> ads1220: config2 mismatch! 0x15 != 0x00[0m
[00:01:27.255,249] [1;31m<err> ads1220: config0 mismatch! 0x3C != 0x1C[0m
[00:01:27.255,279] [1;31m<err> analog_axis_hires: Could not setup channel #1 (-5)[0m
[00:01:27.262,969] [1;31m<err> ads1220: config2 mismatch! 0x10 != 0x00[0m
[00:01:27.263,122] [1;31m<err> ads1220: config2 mismatch! 0x15 != 0x00[0m
[00:01:27.263,275] [1;31m<err> ads1220: config0 mismatch! 0x3C != 0x1C[0m
[00:01:27.263,275] [1;31m<err> analog_axis_hires: Could not setup channel #1 (-5)[0m
[00:01:27.271,026] [1;31m<err> ads1220: config2 mismatch! 0x10 != 0x00[0m
[00:01:27.271,148] [1;31m<err> ads1220: config2 mismatch! 0x15 != 0x00[0m
[00:01:27.271,301] [1;31m<err> ads1220: config0 mismatch! 0x3C != 0x1C[0m
[00:01:27.271,331] [1;31m<err> analog_axis_hires: Could not setup channel #1 (-5)[0m
[00:01:27.279,083] [1;31m<err> ads1220: config2 mismatch! 0x10 != 0x00[0m
[00:01:27.279,205] [1;31m<err> ads1220: config2 mismatch! 0x15 != 0x00[0m
[00:01:27.279,357] [1;31m<err> ads1220: config0 mismatch! 0x3C != 0x1C[0m
[00:01:27.279,357] [1;31m<err> analog_axis_hires: Could not setup channel #1 (-5)[0m
[00:01:27.287,048] [1;31m<err> ads1220: config2 mismatch! 0x10 != 0x00[0m
[00:01:27.287,200] [1;31m<err> ads1220: config2 mismatch! 0x15 != 0x00[0m
[00:01:27.287,353] [1;31m<err> ads1220: config0 mismatch! 0x3C != 0x1C[0m
[00:01:27.287,353] [1;31m<err> analog_axis_hires: Could not setup channel #1 (-5)[0m
[00:01:27.295,104] [1;31m<err> ads1220: config2 mismatch! 0x10 != 0x00[0m
[00:01:27.295,227] [1;31m<err> ads1220: config2 mismatch! 0x15 != 0x00[0m
[00:01:27.295,379] [1;31m<err> ads1220: config0 mismatch! 0x3C != 0x1C[0m
[00:01:27.295,410] [1;31m<err> analog_axis_hires: Could not setup channel #1 (-5)[0m
[00:01:27.303,161] [1;31m<err> ads1220: config2 mismatch! 0x10 != 0x00[0m
[00:01:27.303,283] [1;31m<err> ads1220: config2 mismatch! 0x15 != 0x00[0m
[00:01:27.303,436] [1;31m<err> ads1220: config0 mismatch! 0x3C != 0x1C[0m
[00:01:27.303,436] [1;31m<err> analog_axis_hires: Could not setup channel #1 (-5)[0m
[00:01:27.311,126] [1;31m<err> ads1220: config2 mismatch! 0x10 != 0x00[0m
[00:01:27.311,279] [1;31m<err> ads1220: config2 mismatch! 0x15 != 0x00[0m
[00:01:27.311,431] [1;31m<err> ads1220: config0 mismatch! 0x3C != 0x1C[0m
[00:01:27.311,431] [1;31m<err> analog_axis_hires: Could not setup channel #1 (-5)[0m
[00:01:27.319,183] [1;31m<err> ads1220: config2 mismatch! 0x10 != 0x00[0m
[00:01:27.319,305] [1;31m<err> ads1220: config2 mismatch! 0x15 != 0x00[0m
[00:01:27.319,458] [1;31m<err> ads1220: config0 mismatch! 0x3C != 0x1C[0m
[00:01:27.319,488] [1;31m<err> analog_axis_hires: Could not setup channel #1 (-5)[0m
[00:01:27.327,239] [1;31m<err> ads1220: config2 mismatch! 0x10 != 0x00[0m
[00:01:27.327,362] [1;31m<err> ads1220: config2 mismatch! 0x15 != 0x00[0m
[00:01:27.327,484] [1;31m<err> ads1220: config0 mismatch! 0x3C != 0x1C[0m
[00:01:27.327,514] [1;31m<err> analog_axis_hires: Could not setup channel #1 (-5)[0m
[00:01:27.335,205] [1;31m<err> ads1220: config2 mismatch! 0x10 != 0x00[0m
[00:01:27.335,357] [1;31m<err> ads1220: config2 mismatch! 0x15 != 0x00[0m
[00:01:27.335,510] [1;31m<err> ads1220: config0 mismatch! 0x3C != 0x1C[0m
[00:01:27.335,510] [1;31m<err> analog_axis_hires: Could not setup channel #1 (-5)[0m
[00:01:27.343,261] [1;31m<err> ads1220: config2 mismatch! 0x10 != 0x00[0m
[00:01:27.343,383] [1;31m<err> ads1220: config2 mismatch! 0x15 != 0x00[0m
[00:01:27.343,536] [1;31m<err> ads1220: config0 mismatch! 0x3C != 0x1C[0m
[00:01:27.343,566] [1;31m<err> analog_axis_hires: Could not setup channel #1 (-5)[0m
[00:01:27.351,318] [1;31m<err> ads1220: config2 mismatch! 0x10 != 0x00[0m
[00:01:27.351,440] [1;31m<err> ads1220: config2 mismatch! 0x15 != 0x00[0m
[00:01:27.351,593] [1;31m<err> ads1220: config0 mismatch! 0x3C != 0x1C[0m
[00:01:27.351,593] [1;31m<err> analog_axis_hires: Could not setup channel #1 (-5)[0m
[00:01:27.359,283] [1;31m<err> ads1220: config2 mismatch! 0x10 != 0x00[0m
[00:01:27.359,436] [1;31m<err> ads1220: config2 mismatch! 0x15 != 0x00[0m
[00:01:27.359,588] [1;31m<err> ads1220: config0 mismatch! 0x3C != 0x1C[0m
[00:01:27.359,588] [1;31m<err> analog_axis_hires: Could not setup channel #1 (-5)[0m
[00:01:27.367,340] [1;31m<err> ads1220: config2 mismatch! 0x10 != 0x00[0m
[00:01:27.367,462] [1;31m<err> ads1220: config2 mismatch! 0x15 != 0x00[0m
[00:01:27.367,614] [1;31m<err> ads1220: config0 mismatch! 0x3C != 0x1C[0m
[00:01:27.367,645] [1;31m<err> analog_axis_hires: Could not setup channel #1 (-5)[0m
[00:01:27.375,366] [1;31m<err> ads1220: config2 mismatch! 0x10 != 0x00[0m
[00:01:27.375,488] [1;31m<err> ads1220: config2 mismatch! 0x15 != 0x00[0m
[00:01:27.375,640] [1;31m<err> ads1220: config0 mismatch! 0x3C != 0x1C[0m
[00:01:27.375,640] [1;31m<err> analog_axis_hires: Could not setup channel #1 (-5)[0m
[00:01:27.383,361] [1;31m<err> ads1220: config2 mismatch! 0x10 != 0x00[0m
[00:01:27.383,514] [1;31m<err> ads1220: config2 mismatch! 0x15 != 0x00[0m
[00:01:27.383,666] [1;31m<err> ads1220: config0 mismatch! 0x3C != 0x1C[0m
[00:01:27.383,666] [1;31m<err> analog_axis_hires: Could not setup channel #1 (-5)[0m
[00:01:27.391,418] [1;31m<err> ads1220: config2 mismatch! 0x10 != 0x00[0m
[00:01:27.391,540] [1;31m<err> ads1220: config2 mismatch! 0x15 != 0x00[0m
[00:01:27.391,693] [1;31m<err> ads1220: config0 mismatch! 0x3C != 0x1C[0m
[00:01:27.391,723] [1;31m<err> analog_axis_hires: Could not setup channel #1 (-5)[0m
[00:01:27.399,444] [1;31m<err> ads1220: config2 mismatch! 0x10 != 0x00[0m
[00:01:27.399,597] [1;31m<err> ads1220: config2 mismatch! 0x15 != 0x00[0m
[00:01:27.399,719] [1;31m<err> ads1220: config0 mismatch! 0x3C != 0x1C[0m
[00:01:27.399,719] [1;31m<err> analog_axis_hires: Could not setup channel #1 (-5)[0m
[00:01:27.407,440] [1;31m<err> ads1220: config2 mismatch! 0x10 != 0x00[0m
[00:01:27.407,592] [1;31m<err> ads1220: config2 mismatch! 0x15 != 0x00[0m
[00:01:27.407,745] [1;31m<err> ads1220: config0 mismatch! 0x3C != 0x1C[0m
[00:01:27.407,745] [1;31m<err> analog_axis_hires: Could not setup channel #1 (-5)[0m
[00:01:27.415,496] [1;31m<err> ads1220: config2 mismatch! 0x10 != 0x00[0m
[00:01:27.415,618] [1;31m<err> ads1220: config2 mismatch! 0x15 != 0x00[0m
[00:01:27.415,771] [1;31m<err> ads1220: config0 mismatch! 0x3C != 0x1C[0m
[00:01:27.415,802] [1;31m<err> analog_axis_hires: Could not setup channel #1 (-5)[0m
[00:01:27.423,522] [1;31m<err> ads1220: config2 mismatch! 0x10 != 0x00[0m
[00:01:27.423,645] [1;31m<err> ads1220: config2 mismatch! 0x15 != 0x00[0m
[00:01:27.423,797] [1;31m<err> ads1220: config0 mismatch! 0x3C != 0x1C[0m
[00:01:27.423,797] [1;31m<err> analog_axis_hires: Could not setup channel #1 (-5)[0m
[00:01:27.431,518] [1;31m<err> ads1220: config2 mismatch! 0x10 != 0x00[0m
[00:01:27.431,671] [1;31m<err> ads1220: config2 mismatch! 0x15 != 0x00[0m
[00:01:27.431,823] [1;31m<err> ads1220: config0 mismatch! 0x3C != 0x1C[0m
[00:01:27.431,823] [1;31m<err> analog_axis_hires: Could not setup channel #1 (-5)[0m
[00:01:27.439,575] [1;31m<err> ads1220: config2 mismatch! 0x10 != 0x00[0m
[00:01:27.439,697] [1;31m<err> ads1220: config2 mismatch! 0x15 != 0x00[0m
[00:01:27.439,849] [1;31m<err> ads1220: config0 mismatch! 0x3C != 0x1C[0m
[00:01:27.439,880] [1;31m<err> analog_axis_hires: Could not setup channel #1 (-5)[0m
[00:01:27.447,631] [1;31m<err> ads1220: config2 mismatch! 0x10 != 0x00[0m
[00:01:27.447,753] [1;31m<err> ads1220: config2 mismatch! 0x15 != 0x00[0m
[00:01:27.447,875] [1;31m<err> ads1220: config0 mismatch! 0x3C != 0x1C[0m
[00:01:27.447,875] [1;31m<err> analog_axis_hires: Could not setup channel #1 (-5)[0m
[00:01:27.455,596] [1;31m<err> ads1220: config2 mismatch! 0x10 != 0x00[0m
[00:01:27.455,749] [1;31m<err> ads1220: config2 mismatch! 0x15 != 0x00[0m
[00:01:27.455,902] [1;31m<err> ads1220: config0 mismatch! 0x3C != 0x1C[0m
[00:01:27.455,902] [1;31m<err> analog_axis_hires: Could not setup channel #1 (-5)[0m
[00:01:27.463,653] [1;31m<err> ads1220: config2 mismatch! 0x10 != 0x00[0m
[00:01:27.463,775] [1;31m<err> ads1220: config2 mismatch! 0x15 != 0x00[0m
[00:01:27.463,928] [1;31m<err> ads1220: config0 mismatch! 0x3C != 0x1C[0m
[00:01:27.463,958] [1;31m<err> analog_axis_hires: Could not setup channel #1 (-5)[0m
[00:01:27.471,679] [1;31m<err> ads1220: config2 mismatch! 0x10 != 0x00[0m
[00:01:27.471,832] [1;31m<err> ads1220: config2 mismatch! 0x15 != 0x00[0m
[00:01:27.471,954] [1;31m<err> ads1220: config0 mismatch! 0x3C != 0x1C[0m
[00:01:27.471,954] [1;31m<err> analog_axis_hires: Could not setup channel #1 (-5)[0m
[00:01:27.479,675] [1;31m<err> ads1220: config2 mismatch! 0x10 != 0x00[0m
[00:01:27.479,827] [1;31m<err> ads1220: config2 mismatch! 0x15 != 0x00[0m
[00:01:27.479,980] [1;31m<err> ads1220: config0 mismatch! 0x3C != 0x1C[0m
[00:01:27.479,980] [1;31m<err> analog_axis_hires: Could not setup channel #1 (-5)[0m
[00:01:27.487,731] [1;31m<err> ads1220: config2 mismatch! 0x10 != 0x00[0m
[00:01:27.487,854] [1;31m<err> ads1220: config2 mismatch! 0x15 != 0x00[0m
[00:01:27.488,006] [1;31m<err> ads1220: config0 mismatch! 0x3C != 0x1C[0m
[00:01:27.488,037] [1;31m<err> analog_axis_hires: Could not setup channel #1 (-5)[0m
[00:01:27.495,788] [1;31m<err> ads1220: config2 mismatch! 0x10 != 0x00[0m
[00:01:27.495,910] [1;31m<err> ads1220: config2 mismatch! 0x15 != 0x00[0m
[00:01:27.496,032] [1;31m<err> ads1220: config0 mismatch! 0x3C != 0x1C[0m
[00:01:27.496,063] [1;31m<err> analog_axis_hires: Could not setup channel #1 (-5)[0m
[00:01:27.503,753] [1;31m<err> ads1220: config2 mismatch! 0x10 != 0x00[0m
[00:01:27.503,906] [1;31m<err> ads1220: config2 mismatch! 0x15 != 0x00[0m
[00:01:27.504,058] [1;31m<err> ads1220: config0 mismatch! 0x3C != 0x1C[0m
[00:01:27.504,058] [1;31m<err> analog_axis_hires: Could not setup channel #1 (-5)[0m
[00:01:27.511,810] [1;31m<err> ads1220: config2 mismatch! 0x10 != 0x00[0m
[00:01:27.511,932] [1;31m<err> ads1220: config2 mismatch! 0x15 != 0x00[0m
[00:01:27.512,084] [1;31m<err> ads1220: config0 mismatch! 0x3C != 0x1C[0m
[00:01:27.512,115] [1;31m<err> analog_axis_hires: Could not setup channel #1 (-5)[0m
[00:01:27.519,866] [1;31m<err> ads1220: config2 mismatch! 0x10 != 0x00[0m
[00:01:27.519,989] [1;31m<err> ads1220: config2 mismatch! 0x15 != 0x00[0m
[00:01:27.520,111] [1;31m<err> ads1220: config0 mismatch! 0x3C != 0x1C[0m
[00:01:27.520,141] [1;31m<err> analog_axis_hires: Could not setup channel #1 (-5)[0m
[00:01:27.527,832] [1;31m<err> ads1220: config2 mismatch! 0x10 != 0x00[0m
[00:01:27.527,984] [1;31m<err> ads1220: config2 mismatch! 0x15 != 0x00[0m
[00:01:27.528,137] [1;31m<err> ads1220: config0 mismatch! 0x3C != 0x1C[0m
[00:01:27.528,137] [1;31m<err> analog_axis_hires: Could not setup channel #1 (-5)[0m
[00:01:27.535,888] [1;31m<err> ads1220: config2 mismatch! 0x10 != 0x00[0m
[00:01:27.536,010] [1;31m<err> ads1220: config2 mismatch! 0x15 != 0x00[0m
[00:01:27.536,163] [1;31m<err> ads1220: config0 mismatch! 0x3C != 0x1C[0m
[00:01:27.536,193] [1;31m<err> analog_axis_hires: Could not setup channel #1 (-5)[0m
[00:01:27.543,945] [1;31m<err> ads1220: config2 mismatch! 0x10 != 0x00[0m
[00:01:27.544,067] [1;31m<err> ads1220: config2 mismatch! 0x15 != 0x00[0m
[00:01:27.544,189] [1;31m<err> ads1220: config0 mismatch! 0x3C != 0x1C[0m
[00:01:27.544,219] [1;31m<err> analog_axis_hires: Could not setup channel #1 (-5)[0m
[00:01:27.551,910] [1;31m<err> ads1220: config2 mismatch! 0x10 != 0x00[0m
[00:01:27.552,062] [1;31m<err> ads1220: config2 mismatch! 0x15 != 0x00[0m
[00:01:27.552,215] [1;31m<err> ads1220: config0 mismatch! 0x3C != 0x1C[0m
[00:01:27.552,215] [1;31m<err> analog_axis_hires: Could not setup channel #1 (-5)[0m
[00:01:27.559,967] [1;31m<err> ads1220: config2 mismatch! 0x10 != 0x00[0m
[00:01:27.560,089] [1;31m<err> ads1220: config2 mismatch! 0x15 != 0x00[0m
[00:01:27.560,241] [1;31m<err> ads1220: config0 mismatch! 0x3C != 0x1C[0m
[00:01:27.560,272] [1;31m<err> analog_axis_hires: Could not setup channel #1 (-5)[0m
[00:01:27.568,023] [1;31m<err> ads1220: config2 mismatch! 0x10 != 0x00[0m
[00:01:27.568,145] [1;31m<err> ads1220: config2 mismatch! 0x15 != 0x00[0m
[00:01:27.568,267] [1;31m<err> ads1220: config0 mismatch! 0x3C != 0x1C[0m
[00:01:27.568,298] [1;31m<err> analog_axis_hires: Could not setup channel #1 (-5)[0m
[00:01:27.575,988] [1;31m<err> ads1220: config2 mismatch! 0x10 != 0x00[0m
[00:01:27.576,141] [1;31m<err> ads1220: config2 mismatch! 0x15 != 0x00[0m
[00:01:27.576,293] [1;31m<err> ads1220: config0 mismatch! 0x3C != 0x1C[0m
[00:01:27.576,293] [1;31m<err> analog_axis_hires: Could not setup channel #1 (-5)[0m
[00:01:27.584,045] [1;31m<err> ads1220: config2 mismatch! 0x10 != 0x00[0m
[00:01:27.584,167] [1;31m<err> ads1220: config2 mismatch! 0x15 != 0x00[0m
[00:01:27.584,320] [1;31m<err> ads1220: config0 mismatch! 0x3C != 0x1C[0m
[00:01:27.584,350] [1;31m<err> analog_axis_hires: Could not setup channel #1 (-5)[0m
[00:01:27.592,102] [1;31m<err> ads1220: config2 mismatch! 0x10 != 0x00[0m
[00:01:27.592,224] [1;31m<err> ads1220: config2 mismatch! 0x15 != 0x00[0m
[00:01:27.592,346] [1;31m<err> ads1220: config0 mismatch! 0x3C != 0x1C[0m
[00:01:27.592,376] [1;31m<err> analog_axis_hires: Could not setup channel #1 (-5)[0m
[00:01:27.600,067] [1;31m<err> ads1220: config2 mismatch! 0x10 != 0x00[0m
[00:01:27.600,219] [1;31m<err> ads1220: config2 mismatch! 0x15 != 0x00[0m
[00:01:27.600,372] [1;31m<err> ads1220: config0 mismatch! 0x3C != 0x1C[0m
[00:01:27.600,372] [1;31m<err> analog_axis_hires: Could not setup channel #1 (-5)[0m
[00:01:27.608,123] [1;31m<err> ads1220: config2 mismatch! 0x10 != 0x00[0m
[00:01:27.608,245] [1;31m<err> ads1220: config2 mismatch! 0x15 != 0x00[0m
[00:01:27.608,398] [1;31m<err> ads1220: config0 mismatch! 0x3C != 0x1C[0m
[00:01:27.608,428] [1;31m<err> analog_axis_hires: Could not setup channel #1 (-5)[0m
[00:01:27.616,180] [1;31m<err> ads1220: config2 mismatch! 0x10 != 0x00[0m
[00:01:27.616,302] [1;31m<err> ads1220: config2 mismatch! 0x15 != 0x00[0m
[00:01:27.616,424] [1;31m<err> ads1220: config0 mismatch! 0x3C != 0x1C[0m
[00:01:27.616,455] [1;31m<err> analog_axis_hires: Could not setup channel #1 (-5)[0m
[00:01:27.624,145] [1;31m<err> ads1220: config2 mismatch! 0x10 != 0x00[0m
[00:01:27.624,298] [1;31m<err> ads1220: config2 mismatch! 0x15 != 0x00[0m
[00:01:27.624,450] [1;31m<err> ads1220: config0 mismatch! 0x3C != 0x1C[0m
[00:01:27.624,450] [1;31m<err> analog_axis_hires: Could not setup channel #1 (-5)[0m
[00:01:27.632,202] [1;31m<err> ads1220: config2 mismatch! 0x10 != 0x00[0m
[00:01:27.632,324] [1;31m<err> ads1220: config2 mismatch! 0x15 != 0x00[0m
[00:01:27.632,476] [1;31m<err> ads1220: config0 mismatch! 0x3C != 0x1C[0m
[00:01:27.632,507] [1;31m<err> analog_axis_hires: Could not setup channel #1 (-5)[0m
[00:01:27.640,258] [1;31m<err> ads1220: config2 mismatch! 0x10 != 0x00[0m
[00:01:27.640,380] [1;31m<err> ads1220: config2 mismatch! 0x15 != 0x00[0m
[00:01:27.640,502] [1;31m<err> ads1220: config0 mismatch! 0x3C != 0x1C[0m
[00:01:27.640,533] [1;31m<err> analog_axis_hires: Could not setup channel #1 (-5)[0m
[00:01:27.648,223] [1;31m<err> ads1220: config2 mismatch! 0x10 != 0x00[0m
[00:01:27.648,376] [1;31m<err> ads1220: config2 mismatch! 0x15 != 0x00[0m
[00:01:27.648,529] [1;31m<err> ads1220: config0 mismatch! 0x3C != 0x1C[0m
[00:01:27.648,529] [1;31m<err> analog_axis_hires: Could not setup channel #1 (-5)[0m
[00:01:27.656,280] [1;31m<err> ads1220: config2 mismatch! 0x10 != 0x00[0m
[00:01:27.656,402] [1;31m<err> ads1220: config2 mismatch! 0x15 != 0x00[0m
[00:01:27.656,555] [1;31m<err> ads1220: config0 mismatch! 0x3C != 0x1C[0m
[00:01:27.656,585] [1;31m<err> analog_axis_hires: Could not setup channel #1 (-5)[0m
[00:01:27.664,337] [1;31m<err> ads1220: config2 mismatch! 0x10 != 0x00[0m
[00:01:27.664,459] [1;31m<err> ads1220: config2 mismatch! 0x15 != 0x00[0m
[00:01:27.664,581] [1;31m<err> ads1220: config0 mismatch! 0x3C != 0x1C[0m
[00:01:27.664,611] [1;31m<err> analog_axis_hires: Could not setup channel #1 (-5)[0m
[00:01:27.672,302] [1;31m<err> ads1220: config2 mismatch! 0x10 != 0x00[0m
[00:01:27.672,454] [1;31m<err> ads1220: config2 mismatch! 0x15 != 0x00[0m
[00:01:27.672,607] [1;31m<err> ads1220: config0 mismatch! 0x3C != 0x1C[0m
[00:01:27.672,607] [1;31m<err> analog_axis_hires: Could not setup channel #1 (-5)[0m
[00:01:27.680,358] [1;31m<err> ads1220: config2 mismatch! 0x10 != 0x00[0m
[00:01:27.680,480] [1;31m<err> ads1220: config2 mismatch! 0x15 != 0x00[0m
[00:01:27.680,633] [1;31m<err> ads1220: config0 mismatch! 0x3C != 0x1C[0m
[00:01:27.680,664] [1;31m<err> analog_axis_hires: Could not setup channel #1 (-5)[0m
[00:01:27.688,415] [1;31m<err> ads1220: config2 mismatch! 0x10 != 0x00[0m
[00:01:27.688,537] [1;31m<err> ads1220: config2 mismatch! 0x15 != 0x00[0m
[00:01:27.688,659] [1;31m<err> ads1220: config0 mismatch! 0x3C != 0x1C[0m
[00:01:27.688,690] [1;31m<err> analog_axis_hires: Could not setup channel #1 (-5)[0m
[00:01:27.696,380] [1;31m<err> ads1220: config2 mismatch! 0x10 != 0x00[0m
[00:01:27.696,533] [1;31m<err> ads1220: config2 mismatch! 0x15 != 0x00[0m
[00:01:27.696,685] [1;31m<err> ads1220: config0 mismatch! 0x3C != 0x1C[0m
[00:01:27.696,685] [1;31m<err> analog_axis_hires: Could not setup channel #1 (-5)[0m
[00:01:27.704,437] [1;31m<err> ads1220: config2 mismatch! 0x10 != 0x00[0m
[00:01:27.704,559] [1;31m<err> ads1220: config2 mismatch! 0x15 != 0x00[0m
[00:01:27.704,711] [1;31m<err> ads1220: config0 mismatch! 0x3C != 0x1C[0m
[00:01:27.704,742] [1;31m<err> analog_axis_hires: Could not setup channel #1 (-5)[0m
[00:01:27.712,493] [1;31m<err> ads1220: config2 mismatch! 0x10 != 0x00[0m
[00:01:27.712,615] [1;31m<err> ads1220: config2 mismatch! 0x15 != 0x00[0m
[00:01:27.712,738] [1;31m<err> ads1220: config0 mismatch! 0x3C != 0x1C[0m
[00:01:27.712,768] [1;31m<err> analog_axis_hires: Could not setup channel #1 (-5)[0m
[00:01:27.720,458] [1;31m<err> ads1220: config2 mismatch! 0x10 != 0x00[0m
[00:01:27.720,611] [1;31m<err> ads1220: config2 mismatch! 0x15 != 0x00[0m
[00:01:27.720,764] [1;31m<err> ads1220: config0 mismatch! 0x3C != 0x1C[0m
[00:01:27.720,764] [1;31m<err> analog_axis_hires: Could not setup channel #1 (-5)[0m
[00:01:27.728,515] [1;31m<err> ads1220: config2 mismatch! 0x10 != 0x00[0m
[00:01:27.728,637] [1;31m<err> ads1220: config2 mismatch! 0x15 != 0x00[0m
[00:01:27.728,790] [1;31m<err> ads1220: config0 mismatch! 0x3C != 0x1C[0m
[00:01:27.728,820] [1;31m<err> analog_axis_hires: Could not setup channel #1 (-5)[0m
[00:01:27.736,572] [1;31m<err> ads1220: config2 mismatch! 0x10 != 0x00[0m
[00:01:27.736,694] [1;31m<err> ads1220: config2 mismatch! 0x15 != 0x00[0m
[00:01:27.736,816] [1;31m<err> ads1220: config0 mismatch! 0x3C != 0x1C[0m
[00:01:27.736,846] [1;31m<err> analog_axis_hires: Could not setup channel #1 (-5)[0m
[00:01:27.744,537] [1;31m<err> ads1220: config2 mismatch! 0x10 != 0x00[0m
[00:01:27.744,689] [1;31m<err> ads1220: config2 mismatch! 0x15 != 0x00[0m
[00:01:27.744,842] [1;31m<err> ads1220: config0 mismatch! 0x3C != 0x1C[0m
[00:01:27.744,842] [1;31m<err> analog_axis_hires: Could not setup channel #1 (-5)[0m
[00:01:27.752,593] [1;31m<err> ads1220: config2 mismatch! 0x10 != 0x00[0m
[00:01:27.752,716] [1;31m<err> ads1220: config2 mismatch! 0x15 != 0x00[0m
[00:01:27.752,868] [1;31m<err> ads1220: config0 mismatch! 0x3C != 0x1C[0m
[00:01:27.752,899] [1;31m<err> analog_axis_hires: Could not setup channel #1 (-5)[0m
[00:01:27.760,650] [1;31m<err> ads1220: config2 mismatch! 0x10 != 0x00[0m
[00:01:27.760,772] [1;31m<err> ads1220: config2 mismatch! 0x15 != 0x00[0m
[00:01:27.760,894] [1;31m<err> ads1220: config0 mismatch! 0x3C != 0x1C[0m
[00:01:27.760,925] [1;31m<err> analog_axis_hires: Could not setup channel #1 (-5)[0m
[00:01:27.768,615] [1;31m<err> ads1220: config2 mismatch! 0x10 != 0x00[0m
[00:01:27.768,768] [1;31m<err> ads1220: config2 mismatch! 0x15 != 0x00[0m
[00:01:27.768,920] [1;31m<err> ads1220: config0 mismatch! 0x3C != 0x1C[0m
[00:01:27.768,920] [1;31m<err> analog_axis_hires: Could not setup channel #1 (-5)[0m
[00:01:27.776,672] [1;31m<err> ads1220: config2 mismatch! 0x10 != 0x00[0m
[00:01:27.776,794] [1;31m<err> ads1220: config2 mismatch! 0x15 != 0x00[0m
[00:01:27.776,947] [1;31m<err> ads1220: config0 mismatch! 0x3C != 0x1C[0m
[00:01:27.776,977] [1;31m<err> analog_axis_hires: Could not setup channel #1 (-5)[0m
[00:01:27.784,729] [1;31m<err> ads1220: config2 mismatch! 0x10 != 0x00[0m
[00:01:27.784,851] [1;31m<err> ads1220: config2 mismatch! 0x15 != 0x00[0m
[00:01:27.784,973] [1;31m<err> ads1220: config0 mismatch! 0x3C != 0x1C[0m
[00:01:27.784,973] [1;31m<err> analog_axis_hires: Could not setup channel #1 (-5)[0m
[00:01:27.792,694] [1;31m<err> ads1220: config2 mismatch! 0x10 != 0x00[0m
[00:01:27.792,846] [1;31m<err> ads1220: config2 mismatch! 0x15 != 0x00[0m
[00:01:27.792,999] [1;31m<err> ads1220: config0 mismatch! 0x3C != 0x1C[0m
[00:01:27.792,999] [1;31m<err> analog_axis_hires: Could not setup channel #1 (-5)[0m
[00:01:27.800,750] [1;31m<err> ads1220: config2 mismatch! 0x10 != 0x00[0m
[00:01:27.800,872] [1;31m<err> ads1220: config2 mismatch! 0x15 != 0x00[0m
[00:01:27.801,025] [1;31m<err> ads1220: config0 mismatch! 0x3C != 0x1C[0m
[00:01:27.801,055] [1;31m<err> analog_axis_hires: Could not setup channel #1 (-5)[0m
[00:01:27.808,776] [1;31m<err> ads1220: config2 mismatch! 0x10 != 0x00[0m
[00:01:27.808,929] [1;31m<err> ads1220: config2 mismatch! 0x15 != 0x00[0m
[00:01:27.809,051] [1;31m<err> ads1220: config0 mismatch! 0x3C != 0x1C[0m
[00:01:27.809,051] [1;31m<err> analog_axis_hires: Could not setup channel #1 (-5)[0m
[00:01:27.816,772] [1;31m<err> ads1220: config2 mismatch! 0x10 != 0x00[0m
[00:01:27.816,925] [1;31m<err> ads1220: config2 mismatch! 0x15 != 0x00[0m
[00:01:27.817,077] [1;31m<err> ads1220: config0 mismatch! 0x3C != 0x1C[0m
[00:01:27.817,077] [1;31m<err> analog_axis_hires: Could not setup channel #1 (-5)[0m
[00:01:27.824,829] [1;31m<err> ads1220: config2 mismatch! 0x10 != 0x00[0m
[00:01:27.824,951] [1;31m<err> ads1220: config2 mismatch! 0x15 != 0x00[0m
[00:01:27.825,103] [1;31m<err> ads1220: config0 mismatch! 0x3C != 0x1C[0m
[00:01:27.825,134] [1;31m<err> analog_axis_hires: Could not setup channel #1 (-5)[0m
[00:01:27.832,855] [1;31m<err> ads1220: config2 mismatch! 0x10 != 0x00[0m
[00:01:27.833,007] [1;31m<err> ads1220: config2 mismatch! 0x15 != 0x00[0m
[00:01:27.833,129] [1;31m<err> ads1220: config0 mismatch! 0x3C != 0x1C[0m
[00:01:27.833,129] [1;31m<err> analog_axis_hires: Could not setup channel #1 (-5)[0m
[00:01:27.840,850] [1;31m<err> ads1220: config2 mismatch! 0x10 != 0x00[0m
[00:01:27.841,003] [1;31m<err> ads1220: config2 mismatch! 0x15 != 0x00[0m
[00:01:27.841,156] [1;31m<err> ads1220: config0 mismatch! 0x3C != 0x1C[0m
[00:01:27.841,156] [1;31m<err> analog_axis_hires: Could not setup channel #1 (-5)[0m
[00:01:27.848,907] [1;31m<err> ads1220: config2 mismatch! 0x10 != 0x00[0m
[00:01:27.849,029] [1;31m<err> ads1220: config2 mismatch! 0x15 != 0x00[0m
[00:01:27.849,182] [1;31m<err> ads1220: config0 mismatch! 0x3C != 0x1C[0m
[00:01:27.849,212] [1;31m<err> analog_axis_hires: Could not setup channel #1 (-5)[0m
[00:01:27.856,933] [1;31m<err> ads1220: config2 mismatch! 0x10 != 0x00[0m
[00:01:27.857,086] [1;31m<err> ads1220: config2 mismatch! 0x15 != 0x00[0m
[00:01:27.857,208] [1;31m<err> ads1220: config0 mismatch! 0x3C != 0x1C[0m
[00:01:27.857,208] [1;31m<err> analog_axis_hires: Could not setup channel #1 (-5)[0m
[00:01:27.864,929] [1;31m<err> ads1220: config2 mismatch! 0x10 != 0x00[0m
[00:01:27.865,081] [1;31m<err> ads1220: config2 mismatch! 0x15 != 0x00[0m
[00:01:27.865,234] [1;31m<err> ads1220: config0 mismatch! 0x3C != 0x1C[0m
[00:01:27.865,234] [1;31m<err> analog_axis_hires: Could not setup channel #1 (-5)[0m
[00:01:27.872,985] [1;31m<err> ads1220: config2 mismatch! 0x10 != 0x00[0m
[00:01:27.873,107] [1;31m<err> ads1220: config2 mismatch! 0x15 != 0x00[0m
[00:01:27.873,260] [1;31m<err> ads1220: config0 mismatch! 0x3C != 0x1C[0m
[00:01:27.873,291] [1;31m<err> analog_axis_hires: Could not setup channel #1 (-5)[0m
[00:01:27.881,042] [1;31m<err> ads1220: config2 mismatch! 0x10 != 0x00[0m
[00:01:27.881,164] [1;31m<err> ads1220: config2 mismatch! 0x15 != 0x00[0m
[00:01:27.881,286] [1;31m<err> ads1220: config0 mismatch! 0x3C != 0x1C[0m
[00:01:27.881,317] [1;31m<err> analog_axis_hires: Could not setup channel #1 (-5)[0m
[00:01:27.889,007] [1;31m<err> ads1220: config2 mismatch! 0x10 != 0x00[0m
[00:01:27.889,160] [1;31m<err> ads1220: config2 mismatch! 0x15 != 0x00[0m
[00:01:27.889,312] [1;31m<err> ads1220: config0 mismatch! 0x3C != 0x1C[0m
[00:01:27.889,312] [1;31m<err> analog_axis_hires: Could not setup channel #1 (-5)[0m
[00:01:27.897,064] [1;31m<err> ads1220: config2 mismatch! 0x10 != 0x00[0m
[00:01:27.897,186] [1;31m<err> ads1220: config2 mismatch! 0x15 != 0x00[0m
[00:01:27.897,338] [1;31m<err> ads1220: config0 mismatch! 0x3C != 0x1C[0m
[00:01:27.897,369] [1;31m<err> analog_axis_hires: Could not setup channel #1 (-5)[0m
[00:01:27.905,120] [1;31m<err> ads1220: config2 mismatch! 0x10 != 0x00[0m
[00:01:27.905,242] [1;31m<err> ads1220: config2 mismatch! 0x15 != 0x00[0m
[00:01:27.905,364] [1;31m<err> ads1220: config0 mismatch! 0x3C != 0x1C[0m
[00:01:27.905,395] [1;31m<err> analog_axis_hires: Could not setup channel #1 (-5)[0m
[00:01:27.913,085] [1;31m<err> ads1220: config2 mismatch! 0x10 != 0x00[0m
[00:01:27.913,238] [1;31m<err> ads1220: config2 mismatch! 0x15 != 0x00[0m
[00:01:27.913,391] [1;31m<err> ads1220: config0 mismatch! 0x3C != 0x1C[0m
[00:01:27.913,391] [1;31m<err> analog_axis_hires: Could not setup channel #1 (-5)[0m
[00:01:27.921,142] [1;31m<err> ads1220: config2 mismatch! 0x10 != 0x00[0m
[00:01:27.921,264] [1;31m<err> ads1220: config2 mismatch! 0x15 != 0x00[0m
[00:01:27.921,417] [1;31m<err> ads1220: config0 mismatch! 0x3C != 0x1C[0m
[00:01:27.921,447] [1;31m<err> analog_axis_hires: Could not setup channel #1 (-5)[0m
[00:01:27.929,199] [1;31m<err> ads1220: config2 mismatch! 0x10 != 0x00[0m
[00:01:27.929,321] [1;31m<err> ads1220: config2 mismatch! 0x15 != 0x00[0m
[00:01:27.929,443] [1;31m<err> ads1220: config0 mismatch! 0x3C != 0x1C[0m
[00:01:27.929,473] [1;31m<err> analog_axis_hires: Could not setup channel #1 (-5)[0m
[00:01:27.937,164] [1;31m<err> ads1220: config2 mismatch! 0x10 != 0x00[0m
[00:01:27.937,316] [1;31m<err> ads1220: config2 mismatch! 0x15 != 0x00[0m
[00:01:27.937,469] [1;31m<err> ads1220: config0 mismatch! 0x3C != 0x1C[0m
[00:01:27.937,469] [1;31m<err> analog_axis_hires: Could not setup channel #1 (-5)[0m
[00:01:27.945,220] [1;31m<err> ads1220: config2 mismatch! 0x10 != 0x00[0m
[00:01:27.945,343] [1;31m<err> ads1220: config2 mismatch! 0x15 != 0x00[0m
[00:01:27.945,495] [1;31m<err> ads1220: config0 mismatch! 0x3C != 0x1C[0m
[00:01:27.945,526] [1;31m<err> analog_axis_hires: Could not setup channel #1 (-5)[0m
[00:01:27.953,308] [1;31m<err> ads1220: config2 mismatch! 0x10 != 0x00[0m
[00:01:27.953,430] [1;31m<err> ads1220: config2 mismatch! 0x15 != 0x00[0m
[00:01:27.953,552] [1;31m<err> ads1220: config0 mismatch! 0x3C != 0x1C[0m
[00:01:27.953,552] [1;31m<err> analog_axis_hires: Could not setup channel #1 (-5)[0m
[00:01:27.961,242] [1;31m<err> ads1220: config2 mismatch! 0x10 != 0x00[0m
[00:01:27.961,395] [1;31m<err> ads1220: config2 mismatch! 0x15 != 0x00[0m
[00:01:27.961,547] [1;31m<err> ads1220: config0 mismatch! 0x3C != 0x1C[0m
[00:01:27.961,547] [1;31m<err> analog_axis_hires: Could not setup channel #1 (-5)[0m
[00:01:27.969,299] [1;31m<err> ads1220: config2 mismatch! 0x10 != 0x00[0m
[00:01:27.969,421] [1;31m<err> ads1220: config2 mismatch! 0x15 != 0x00[0m
[00:01:27.969,573] [1;31m<err> ads1220: config0 mismatch! 0x3C != 0x1C[0m
[00:01:27.969,604] [1;31m<err> analog_axis_hires: Could not setup channel #1 (-5)[0m
[00:01:27.977,355] [1;31m<err> ads1220: config2 mismatch! 0x10 != 0x00[0m
[00:01:27.977,478] [1;31m<err> ads1220: config2 mismatch! 0x15 != 0x00[0m
[00:01:27.977,600] [1;31m<err> ads1220: config0 mismatch! 0x3C != 0x1C[0m
[00:01:27.977,630] [1;31m<err> analog_axis_hires: Could not setup channel #1 (-5)[0m
[00:01:27.985,321] [1;31m<err> ads1220: config2 mismatch! 0x10 != 0x00[0m
[00:01:27.985,473] [1;31m<err> ads1220: config2 mismatch! 0x15 != 0x00[0m
[00:01:27.985,626] [1;31m<err> ads1220: config0 mismatch! 0x3C != 0x1C[0m
[00:01:27.985,626] [1;31m<err> analog_axis_hires: Could not setup channel #1 (-5)[0m
[00:01:27.993,377] [1;31m<err> ads1220: config2 mismatch! 0x10 != 0x00[0m
[00:01:27.993,499] [1;31m<err> ads1220: config2 mismatch! 0x15 != 0x00[0m
[00:01:27.993,652] [1;31m<err> ads1220: config0 mismatch! 0x3C != 0x1C[0m
[00:01:27.993,682] [1;31m<err> analog_axis_hires: Could not setup channel #1 (-5)[0m
[00:01:28.001,434] [1;31m<err> ads1220: config2 mismatch! 0x10 != 0x00[0m
[00:01:28.001,556] [1;31m<err> ads1220: config2 mismatch! 0x15 != 0x00[0m
[00:01:28.001,678] [1;31m<err> ads1220: config0 mismatch! 0x3C != 0x1C[0m
[00:01:28.001,708] [1;31m<err> analog_axis_hires: Could not setup channel #1 (-5)[0m
[00:01:28.009,399] [1;31m<err> ads1220: config2 mismatch! 0x10 != 0x00[0m
[00:01:28.009,552] [1;31m<err> ads1220: config2 mismatch! 0x15 != 0x00[0m
[00:01:28.009,704] [1;31m<err> ads1220: config0 mismatch! 0x3C != 0x1C[0m
[00:01:28.009,704] [1;31m<err> analog_axis_hires: Could not setup channel #1 (-5)[0m
[00:01:28.017,456] [1;31m<err> ads1220: config2 mismatch! 0x10 != 0x00[0m
[00:01:28.017,578] [1;31m<err> ads1220: config2 mismatch! 0x15 != 0x00[0m
[00:01:28.017,730] [1;31m<err> ads1220: config0 mismatch! 0x3C != 0x1C[0m
[00:01:28.017,761] [1;31m<err> analog_axis_hires: Could not setup channel #1 (-5)[0m
[00:01:28.025,512] [1;31m<err> ads1220: config2 mismatch! 0x10 != 0x00[0m
[00:01:28.025,634] [1;31m<err> ads1220: config2 mismatch! 0x15 != 0x00[0m
[00:01:28.025,756] [1;31m<err> ads1220: config0 mismatch! 0x3C != 0x1C[0m
[00:01:28.025,787] [1;31m<err> analog_axis_hires: Could not setup channel #1 (-5)[0m
[00:01:28.033,477] [1;31m<err> ads1220: config2 mismatch! 0x10 != 0x00[0m
[00:01:28.033,630] [1;31m<err> ads1220: config2 mismatch! 0x15 != 0x00[0m
[00:01:28.033,782] [1;31m<err> ads1220: config0 mismatch! 0x3C != 0x1C[0m
[00:01:28.033,782] [1;31m<err> analog_axis_hires: Could not setup channel #1 (-5)[0m
[00:01:28.041,534] [1;31m<err> ads1220: config2 mismatch! 0x10 != 0x00[0m
[00:01:28.041,656] [1;31m<err> ads1220: config2 mismatch! 0x15 != 0x00[0m
[00:01:28.041,809] [1;31m<err> ads1220: config0 mismatch! 0x3C != 0x1C[0m
[00:01:28.041,839] [1;31m<err> analog_axis_hires: Could not setup channel #1 (-5)[0m
[00:01:28.049,591] [1;31m<err> ads1220: config2 mismatch! 0x10 != 0x00[0m
[00:01:28.049,713] [1;31m<err> ads1220: config2 mismatch! 0x15 != 0x00[0m
[00:01:28.049,835] [1;31m<err> ads1220: config0 mismatch! 0x3C != 0x1C[0m
[00:01:28.049,835] [1;31m<err> analog_axis_hires: Could not setup channel #1 (-5)[0m
[00:01:28.057,556] [1;31m<err> ads1220: config2 mismatch! 0x10 != 0x00[0m
[00:01:28.057,708] [1;31m<err> ads1220: config2 mismatch! 0x15 != 0x00[0m
[00:01:28.057,861] [1;31m<err> ads1220: config0 mismatch! 0x3C != 0x1C[0m
[00:01:28.057,861] [1;31m<err> analog_axis_hires: Could not setup channel #1 (-5)[0m
[00:01:28.065,612] [1;31m<err> ads1220: config2 mismatch! 0x10 != 0x00[0m
[00:01:28.065,734] [1;31m<err> ads1220: config2 mismatch! 0x15 != 0x00[0m
[00:01:28.065,887] [1;31m<err> ads1220: config0 mismatch! 0x3C != 0x1C[0m
[00:01:28.065,887] [1;31m<err> analog_axis_hires: Could not setup channel #1 (-5)[0m
[00:01:28.073,669] [1;31m<err> ads1220: config2 mismatch! 0x10 != 0x00[0m
[00:01:28.073,791] [1;31m<err> ads1220: config2 mismatch! 0x15 != 0x00[0m
[00:01:28.073,913] [1;31m<err> ads1220: config0 mismatch! 0x3C != 0x1C[0m
[00:01:28.073,913] [1;31m<err> analog_axis_hires: Could not setup channel #1 (-5)[0m
[00:01:28.081,695] [1;31m<err> ads1220: config2 mismatch! 0x10 != 0x00[0m
[00:01:28.081,848] [1;31m<err> ads1220: config2 mismatch! 0x15 != 0x00[0m
[00:01:28.082,000] [1;31m<err> ads1220: config0 mismatch! 0x3C != 0x1C[0m
[00:01:28.082,000] [1;31m<err> analog_axis_hires: Could not setup channel #1 (-5)[0m
[00:01:28.089,691] [1;31m<err> ads1220: config2 mismatch! 0x10 != 0x00[0m
[00:01:28.089,813] [1;31m<err> ads1220: config2 mismatch! 0x15 != 0x00[0m
[00:01:28.089,965] [1;31m<err> ads1220: config0 mismatch! 0x3C != 0x1C[0m
[00:01:28.089,965] [1;31m<err> analog_axis_hires: Could not setup channel #1 (-5)[0m
[00:01:28.097,717] [1;31m<err> ads1220: config2 mismatch! 0x10 != 0x00[0m
[00:01:28.097,839] [1;31m<err> ads1220: config2 mismatch! 0x15 != 0x00[0m
[00:01:28.097,991] [1;31m<err> ads1220: config0 mismatch! 0x3C != 0x1C[0m
[00:01:28.097,991] [1;31m<err> analog_axis_hires: Could not setup channel #1 (-5)[0m
[00:01:28.105,712] [1;31m<err> ads1220: config2 mismatch! 0x10 != 0x00[0m
[00:01:28.105,865] [1;31m<err> ads1220: config2 mismatch! 0x15 != 0x00[0m
[00:01:28.106,018] [1;31m<err> ads1220: config0 mismatch! 0x3C != 0x1C[0m
[00:01:28.106,018] [1;31m<err> analog_axis_hires: Could not setup channel #1 (-5)[0m
[00:01:28.113,769] [1;31m<err> ads1220: config2 mismatch! 0x10 != 0x00[0m
[00:01:28.113,891] [1;31m<err> ads1220: config2 mismatch! 0x15 != 0x00[0m
[00:01:28.114,044] [1;31m<err> ads1220: config0 mismatch! 0x3C != 0x1C[0m
[00:01:28.114,044] [1;31m<err> analog_axis_hires: Could not setup channel #1 (-5)[0m
[00:01:28.121,795] [1;31m<err> ads1220: config2 mismatch! 0x10 != 0x00[0m
[00:01:28.121,948] [1;31m<err> ads1220: config2 mismatch! 0x15 != 0x00[0m
[00:01:28.122,070] [1;31m<err> ads1220: config0 mismatch! 0x3C != 0x1C[0m
[00:01:28.122,070] [1;31m<err> analog_axis_hires: Could not setup channel #1 (-5)[0m
[00:01:28.129,791] [1;31m<err> ads1220: config2 mismatch! 0x10 != 0x00[0m
[00:01:28.129,943] [1;31m<err> ads1220: config2 mismatch! 0x15 != 0x00[0m
[00:01:28.130,096] [1;31m<err> ads1220: config0 mismatch! 0x3C != 0x1C[0m
[00:01:28.130,096] [1;31m<err> analog_axis_hires: Could not setup channel #1 (-5)[0m
[00:01:28.137,847] [1;31m<err> ads1220: config2 mismatch! 0x10 != 0x00[0m
[00:01:28.137,969] [1;31m<err> ads1220: config2 mismatch! 0x15 != 0x00[0m
[00:01:28.138,122] [1;31m<err> ads1220: config0 mismatch! 0x3C != 0x1C[0m
[00:01:28.138,122] [1;31m<err> analog_axis_hires: Could not setup channel #1 (-5)[0m
[00:01:28.145,904] [1;31m<err> ads1220: config2 mismatch! 0x10 != 0x00[0m
[00:01:28.146,026] [1;31m<err> ads1220: config2 mismatch! 0x15 != 0x00[0m
[00:01:28.146,179] [1;31m<err> ads1220: config0 mismatch! 0x3C != 0x1C[0m
[00:01:28.146,179] [1;31m<err> analog_axis_hires: Could not setup channel #1 (-5)[0m
[00:01:28.153,869] [1;31m<err> ads1220: config2 mismatch! 0x10 != 0x00[0m
[00:01:28.154,022] [1;31m<err> ads1220: config2 mismatch! 0x15 != 0x00[0m
[00:01:28.154,174] [1;31m<err> ads1220: config0 mismatch! 0x3C != 0x1C[0m
[00:01:28.154,174] [1;31m<err> analog_axis_hires: Could not setup channel #1 (-5)[0m
[00:01:28.161,926] [1;31m<err> ads1220: config2 mismatch! 0x10 != 0x00[0m
[00:01:28.162,048] [1;31m<err> ads1220: config2 mismatch! 0x15 != 0x00[0m
[00:01:28.162,200] [1;31m<err> ads1220: config0 mismatch! 0x3C != 0x1C[0m
[00:01:28.162,200] [1;31m<err> analog_axis_hires: Could not setup channel #1 (-5)[0m
[00:01:28.169,952] [1;31m<err> ads1220: config2 mismatch! 0x10 != 0x00[0m
[00:01:28.170,074] [1;31m<err> ads1220: config2 mismatch! 0x15 != 0x00[0m
[00:01:28.170,227] [1;31m<err> ads1220: config0 mismatch! 0x3C != 0x1C[0m
[00:01:28.170,227] [1;31m<err> analog_axis_hires: Could not setup channel #1 (-5)[0m
[00:01:28.177,947] [1;31m<err> ads1220: config2 mismatch! 0x10 != 0x00[0m
[00:01:28.178,100] [1;31m<err> ads1220: config2 mismatch! 0x15 != 0x00[0m
[00:01:28.178,253] [1;31m<err> ads1220: config0 mismatch! 0x3C != 0x1C[0m
[00:01:28.178,253] [1;31m<err> analog_axis_hires: Could not setup channel #1 (-5)[0m
[00:01:28.186,004] [1;31m<err> ads1220: config2 mismatch! 0x10 != 0x00[0m
[00:01:28.186,126] [1;31m<err> ads1220: config2 mismatch! 0x15 != 0x00[0m
[00:01:28.186,279] [1;31m<err> ads1220: config0 mismatch! 0x3C != 0x1C[0m
[00:01:28.186,279] [1;31m<err> analog_axis_hires: Could not setup channel #1 (-5)[0m
[00:01:28.194,061] [1;31m<err> ads1220: config2 mismatch! 0x10 != 0x00[0m
[00:01:28.194,183] [1;31m<err> ads1220: config2 mismatch! 0x15 != 0x00[0m
[00:01:28.194,305] [1;31m<err> ads1220: config0 mismatch! 0x3C != 0x1C[0m
[00:01:28.194,305] [1;31m<err> analog_axis_hires: Could not setup channel #1 (-5)[0m
[00:01:28.202,026] [1;31m<err> ads1220: config2 mismatch! 0x10 != 0x00[0m
[00:01:28.202,178] [1;31m<err> ads1220: config2 mismatch! 0x15 != 0x00[0m
[00:01:28.202,331] [1;31m<err> ads1220: config0 mismatch! 0x3C != 0x1C[0m
[00:01:28.202,331] [1;31m<err> analog_axis_hires: Could not setup channel #1 (-5)[0m
[00:01:28.210,083] [1;31m<err> ads1220: config2 mismatch! 0x10 != 0x00[0m
[00:01:28.210,205] [1;31m<err> ads1220: config2 mismatch! 0x15 != 0x00[0m
[00:01:28.210,357] [1;31m<err> ads1220: config0 mismatch! 0x3C != 0x1C[0m
[00:01:28.210,357] [1;31m<err> analog_axis_hires: Could not setup channel #1 (-5)[0m
[00:01:28.218,139] [1;31m<err> ads1220: config2 mismatch! 0x10 != 0x00[0m
[00:01:28.218,261] [1;31m<err> ads1220: config2 mismatch! 0x15 != 0x00[0m
[00:01:28.218,383] [1;31m<err> ads1220: config0 mismatch! 0x3C != 0x1C[0m
[00:01:28.218,383] [1;31m<err> analog_axis_hires: Could not setup channel #1 (-5)[0m
[00:01:28.226,104] [1;31m<err> ads1220: config2 mismatch! 0x10 != 0x00[0m
[00:01:28.226,257] [1;31m<err> ads1220: config2 mismatch! 0x15 != 0x00[0m
[00:01:28.226,409] [1;31m<err> ads1220: config0 mismatch! 0x3C != 0x1C[0m
[00:01:28.226,409] [1;31m<err> analog_axis_hires: Could not setup channel #1 (-5)[0m
[00:01:28.234,161] [1;31m<err> ads1220: config2 mismatch! 0x10 != 0x00[0m
[00:01:28.234,283] [1;31m<err> ads1220: config2 mismatch! 0x15 != 0x00[0m
[00:01:28.234,436] [1;31m<err> ads1220: config0 mismatch! 0x3C != 0x1C[0m
[00:01:28.234,436] [1;31m<err> analog_axis_hires: Could not setup channel #1 (-5)[0m
[00:01:28.242,187] [1;31m<err> ads1220: config2 mismatch! 0x10 != 0x00[0m
[00:01:28.242,309] [1;31m<err> ads1220: config2 mismatch! 0x15 != 0x00[0m
[00:01:28.242,431] [1;31m<err> ads1220: config0 mismatch! 0x3C != 0x1C[0m
[00:01:28.242,462] [1;31m<err> analog_axis_hires: Could not setup channel #1 (-5)[0m
[00:01:28.250,183] [1;31m<err> ads1220: config2 mismatch! 0x10 != 0x00[0m
[00:01:28.250,335] [1;31m<err> ads1220: config2 mismatch! 0x15 != 0x00[0m
[00:01:28.250,488] [1;31m<err> ads1220: config0 mismatch! 0x3C != 0x1C[0m
[00:01:28.250,488] [1;31m<err> analog_axis_hires: Could not setup channel #1 (-5)[0m
[00:01:28.258,239] [1;31m<err> ads1220: config2 mismatch! 0x10 != 0x00[0m
[00:01:28.258,361] [1;31m<err> ads1220: config2 mismatch! 0x15 != 0x00[0m
[00:01:28.258,514] [1;31m<err> ads1220: config0 mismatch! 0x3C != 0x1C[0m
[00:01:28.258,544] [1;31m<err> analog_axis_hires: Could not setup channel #1 (-5)[0m
[00:01:28.266,296] [1;31m<err> ads1220: config2 mismatch! 0x10 != 0x00[0m
[00:01:28.266,418] [1;31m<err> ads1220: config2 mismatch! 0x15 != 0x00[0m
[00:01:28.266,540] [1;31m<err> ads1220: config0 mismatch! 0x3C != 0x1C[0m
[00:01:28.266,540] [1;31m<err> analog_axis_hires: Could not setup channel #1 (-5)[0m
[00:01:28.274,261] [1;31m<err> ads1220: config2 mismatch! 0x10 != 0x00[0m
[00:01:28.274,414] [1;31m<err> ads1220: config2 mismatch! 0x15 != 0x00[0m
[00:01:28.274,566] [1;31m<err> ads1220: config0 mismatch! 0x3C != 0x1C[0m
[00:01:28.274,566] [1;31m<err> analog_axis_hires: Could not setup channel #1 (-5)[0m
[00:01:28.282,318] [1;31m<err> ads1220: config2 mismatch! 0x10 != 0x00[0m
[00:01:28.282,440] [1;31m<err> ads1220: config2 mismatch! 0x15 != 0x00[0m
[00:01:28.282,592] [1;31m<err> ads1220: config0 mismatch! 0x3C != 0x1C[0m
[00:01:28.282,623] [1;31m<err> analog_axis_hires: Could not setup channel #1 (-5)[0m
[00:01:28.290,374] [1;31m<err> ads1220: config2 mismatch! 0x10 != 0x00[0m
[00:01:28.290,496] [1;31m<err> ads1220: config2 mismatch! 0x15 != 0x00[0m
[00:01:28.290,618] [1;31m<err> ads1220: config0 mismatch! 0x3C != 0x1C[0m
[00:01:28.290,618] [1;31m<err> analog_axis_hires: Could not setup channel #1 (-5)[0m
[00:01:28.298,339] [1;31m<err> ads1220: config2 mismatch! 0x10 != 0x00[0m
[00:01:28.298,492] [1;31m<err> ads1220: config2 mismatch! 0x15 != 0x00[0m
[00:01:28.298,645] [1;31m<err> ads1220: config0 mismatch! 0x3C != 0x1C[0m
[00:01:28.298,645] [1;31m<err> analog_axis_hires: Could not setup channel #1 (-5)[0m
[00:01:28.306,396] [1;31m<err> ads1220: config2 mismatch! 0x10 != 0x00[0m
[00:01:28.306,518] [1;31m<err> ads1220: config2 mismatch! 0x15 != 0x00[0m
[00:01:28.306,671] [1;31m<err> ads1220: config0 mismatch! 0x3C != 0x1C[0m
[00:01:28.306,701] [1;31m<err> analog_axis_hires: Could not setup channel #1 (-5)[0m
[00:01:28.314,453] [1;31m<err> ads1220: config2 mismatch! 0x10 != 0x00[0m
[00:01:28.314,575] [1;31m<err> ads1220: config2 mismatch! 0x15 != 0x00[0m
[00:01:28.314,697] [1;31m<err> ads1220: config0 mismatch! 0x3C != 0x1C[0m
[00:01:28.314,727] [1;31m<err> analog_axis_hires: Could not setup channel #1 (-5)[0m
[00:01:28.322,418] [1;31m<err> ads1220: config2 mismatch! 0x10 != 0x00[0m
[00:01:28.322,570] [1;31m<err> ads1220: config2 mismatch! 0x15 != 0x00[0m
[00:01:28.322,723] [1;31m<err> ads1220: config0 mismatch! 0x3C != 0x1C[0m
[00:01:28.322,723] [1;31m<err> analog_axis_hires: Could not setup channel #1 (-5)[0m
[00:01:28.330,474] [1;31m<err> ads1220: config2 mismatch! 0x10 != 0x00[0m
[00:01:28.330,596] [1;31m<err> ads1220: config2 mismatch! 0x15 != 0x00[0m
[00:01:28.330,749] [1;31m<err> ads1220: config0 mismatch! 0x3C != 0x1C[0m
[00:01:28.330,780] [1;31m<err> analog_axis_hires: Could not setup channel #1 (-5)[0m
[00:01:28.338,531] [1;31m<err> ads1220: config2 mismatch! 0x10 != 0x00[0m
[00:01:28.338,653] [1;31m<err> ads1220: config2 mismatch! 0x15 != 0x00[0m
[00:01:28.338,775] [1;31m<err> ads1220: config0 mismatch! 0x3C != 0x1C[0m
[00:01:28.338,775] [1;31m<err> analog_axis_hires: Could not setup channel #1 (-5)[0m
[00:01:28.346,496] [1;31m<err> ads1220: config2 mismatch! 0x10 != 0x00[0m
[00:01:28.346,649] [1;31m<err> ads1220: config2 mismatch! 0x15 != 0x00[0m
[00:01:28.346,801] [1;31m<err> ads1220: config0 mismatch! 0x3C != 0x1C[0m
[00:01:28.346,801] [1;31m<err> analog_axis_hires: Could not setup channel #1 (-5)[0m
[00:01:28.354,553] [1;31m<err> ads1220: config2 mismatch! 0x10 != 0x00[0m
[00:01:28.354,675] [1;31m<err> ads1220: config2 mismatch! 0x15 != 0x00[0m
[00:01:28.354,827] [1;31m<err> ads1220: config0 mismatch! 0x3C != 0x1C[0m
[00:01:28.354,858] [1;31m<err> analog_axis_hires: Could not setup channel #1 (-5)[0m
[00:01:28.362,609] [1;31m<err> ads1220: config2 mismatch! 0x10 != 0x00[0m
[00:01:28.362,731] [1;31m<err> ads1220: config2 mismatch! 0x15 != 0x00[0m
[00:01:28.362,854] [1;31m<err> ads1220: config0 mismatch! 0x3C != 0x1C[0m
[00:01:28.362,854] [1;31m<err> analog_axis_hires: Could not setup channel #1 (-5)[0m
[00:01:28.370,574] [1;31m<err> ads1220: config2 mismatch! 0x10 != 0x00[0m
[00:01:28.370,727] [1;31m<err> ads1220: config2 mismatch! 0x15 != 0x00[0m
[00:01:28.370,880] [1;31m<err> ads1220: config0 mismatch! 0x3C != 0x1C[0m
[00:01:28.370,880] [1;31m<err> analog_axis_hires: Could not setup channel #1 (-5)[0m
[00:01:28.378,631] [1;31m<err> ads1220: config2 mismatch! 0x10 != 0x00[0m
[00:01:28.378,753] [1;31m<err> ads1220: config2 mismatch! 0x15 != 0x00[0m
[00:01:28.378,906] [1;31m<err> ads1220: config0 mismatch! 0x3C != 0x1C[0m
[00:01:28.378,936] [1;31m<err> analog_axis_hires: Could not setup channel #1 (-5)[0m
[00:01:28.386,657] [1;31m<err> ads1220: config2 mismatch! 0x10 != 0x00[0m
[00:01:28.386,810] [1;31m<err> ads1220: config2 mismatch! 0x15 != 0x00[0m
[00:01:28.386,932] [1;31m<err> ads1220: config0 mismatch! 0x3C != 0x1C[0m
[00:01:28.386,932] [1;31m<err> analog_axis_hires: Could not setup channel #1 (-5)[0m
[00:01:28.394,653] [1;31m<err> ads1220: config2 mismatch! 0x10 != 0x00[0m
[00:01:28.394,805] [1;31m<err> ads1220: config2 mismatch! 0x15 != 0x00[0m
[00:01:28.394,958] [1;31m<err> ads1220: config0 mismatch! 0x3C != 0x1C[0m
[00:01:28.394,958] [1;31m<err> analog_axis_hires: Could not setup channel #1 (-5)[0m
[00:01:28.402,709] [1;31m<err> ads1220: config2 mismatch! 0x10 != 0x00[0m
[00:01:28.402,832] [1;31m<err> ads1220: config2 mismatch! 0x15 != 0x00[0m
[00:01:28.402,984] [1;31m<err> ads1220: config0 mismatch! 0x3C != 0x1C[0m
[00:01:28.403,015] [1;31m<err> analog_axis_hires: Could not setup channel #1 (-5)[0m
[00:01:28.410,736] [1;31m<err> ads1220: config2 mismatch! 0x10 != 0x00[0m
[00:01:28.410,888] [1;31m<err> ads1220: config2 mismatch! 0x15 != 0x00[0m
[00:01:28.411,010] [1;31m<err> ads1220: config0 mismatch! 0x3C != 0x1C[0m
[00:01:28.411,010] [1;31m<err> analog_axis_hires: Could not setup channel #1 (-5)[0m
[00:01:28.418,731] [1;31m<err> ads1220: config2 mismatch! 0x10 != 0x00[0m
[00:01:28.418,884] [1;31m<err> ads1220: config2 mismatch! 0x15 != 0x00[0m
[00:01:28.419,036] [1;31m<err> ads1220: config0 mismatch! 0x3C != 0x1C[0m
[00:01:28.419,036] [1;31m<err> analog_axis_hires: Could not setup channel #1 (-5)[0m
[00:01:28.426,788] [1;31m<err> ads1220: config2 mismatch! 0x10 != 0x00[0m
[00:01:28.426,910] [1;31m<err> ads1220: config2 mismatch! 0x15 != 0x00[0m
[00:01:28.427,062] [1;31m<err> ads1220: config0 mismatch! 0x3C != 0x1C[0m
[00:01:28.427,093] [1;31m<err> analog_axis_hires: Could not setup channel #1 (-5)[0m
[00:01:28.434,844] [1;31m<err> ads1220: config2 mismatch! 0x10 != 0x00[0m
[00:01:28.434,967] [1;31m<err> ads1220: config2 mismatch! 0x15 != 0x00[0m
[00:01:28.435,089] [1;31m<err> ads1220: config0 mismatch! 0x3C != 0x1C[0m
[00:01:28.435,119] [1;31m<err> analog_axis_hires: Could not setup channel #1 (-5)[0m
[00:01:28.442,810] [1;31m<err> ads1220: config2 mismatch! 0x10 != 0x00[0m
[00:01:28.442,962] [1;31m<err> ads1220: config2 mismatch! 0x15 != 0x00[0m
[00:01:28.443,115] [1;31m<err> ads1220: config0 mismatch! 0x3C != 0x1C[0m
[00:01:28.443,115] [1;31m<err> analog_axis_hires: Could not setup channel #1 (-5)[0m
[00:01:28.450,866] [1;31m<err> ads1220: config2 mismatch! 0x10 != 0x00[0m
[00:01:28.450,988] [1;31m<err> ads1220: config2 mismatch! 0x15 != 0x00[0m
[00:01:28.451,141] [1;31m<err> ads1220: config0 mismatch! 0x3C != 0x1C[0m
[00:01:28.451,171] [1;31m<err> analog_axis_hires: Could not setup channel #1 (-5)[0m
[00:01:28.458,923] [1;31m<err> ads1220: config2 mismatch! 0x10 != 0x00[0m
[00:01:28.459,045] [1;31m<err> ads1220: config2 mismatch! 0x15 != 0x00[0m
[00:01:28.459,197] [1;31m<err> ads1220: config0 mismatch! 0x3C != 0x1C[0m
[00:01:28.459,197] [1;31m<err> analog_axis_hires: Could not setup channel #1 (-5)[0m
[00:01:28.466,888] [1;31m<err> ads1220: config2 mismatch! 0x10 != 0x00[0m
[00:01:28.467,041] [1;31m<err> ads1220: config2 mismatch! 0x15 != 0x00[0m
[00:01:28.467,193] [1;31m<err> ads1220: config0 mismatch! 0x3C != 0x1C[0m
[00:01:28.467,193] [1;31m<err> analog_axis_hires: Could not setup channel #1 (-5)[0m
[00:01:28.474,945] [1;31m<err> ads1220: config2 mismatch! 0x10 != 0x00[0m
[00:01:28.475,067] [1;31m<err> ads1220: config2 mismatch! 0x15 != 0x00[0m
[00:01:28.475,219] [1;31m<err> ads1220: config0 mismatch! 0x3C != 0x1C[0m
[00:01:28.475,250] [1;31m<err> analog_axis_hires: Could not setup channel #1 (-5)[0m
[00:01:28.483,001] [1;31m<err> ads1220: config2 mismatch! 0x10 != 0x00[0m
[00:01:28.483,123] [1;31m<err> ads1220: config2 mismatch! 0x15 != 0x00[0m
[00:01:28.483,245] [1;31m<err> ads1220: config0 mismatch! 0x3C != 0x1C[0m
[00:01:28.483,276] [1;31m<err> analog_axis_hires: Could not setup channel #1 (-5)[0m
[00:01:28.490,966] [1;31m<err> ads1220: config2 mismatch! 0x10 != 0x00[0m
[00:01:28.491,119] [1;31m<err> ads1220: config2 mismatch! 0x15 != 0x00[0m
[00:01:28.491,271] [1;31m<err> ads1220: config0 mismatch! 0x3C != 0x1C[0m
[00:01:28.491,271] [1;31m<err> analog_axis_hires: Could not setup channel #1 (-5)[0m
[00:01:28.499,023] [1;31m<err> ads1220: config2 mismatch! 0x10 != 0x00[0m
[00:01:28.499,145] [1;31m<err> ads1220: config2 mismatch! 0x15 != 0x00[0m
[00:01:28.499,298] [1;31m<err> ads1220: config0 mismatch! 0x3C != 0x1C[0m
[00:01:28.499,328] [1;31m<err> analog_axis_hires: Could not setup channel #1 (-5)[0m
[00:01:28.507,080] [1;31m<err> ads1220: config2 mismatch! 0x10 != 0x00[0m
[00:01:28.507,202] [1;31m<err> ads1220: config2 mismatch! 0x15 != 0x00[0m
[00:01:28.507,324] [1;31m<err> ads1220: config0 mismatch! 0x3C != 0x1C[0m
[00:01:28.507,354] [1;31m<err> analog_axis_hires: Could not setup channel #1 (-5)[0m
[00:01:28.515,045] [1;31m<err> ads1220: config2 mismatch! 0x10 != 0x00[0m
[00:01:28.515,197] [1;31m<err> ads1220: config2 mismatch! 0x15 != 0x00[0m
[00:01:28.515,350] [1;31m<err> ads1220: config0 mismatch! 0x3C != 0x1C[0m
[00:01:28.515,350] [1;31m<err> analog_axis_hires: Could not setup channel #1 (-5)[0m
[00:01:28.523,101] [1;31m<err> ads1220: config2 mismatch! 0x10 != 0x00[0m
[00:01:28.523,223] [1;31m<err> ads1220: config2 mismatch! 0x15 != 0x00[0m
[00:01:28.523,376] [1;31m<err> ads1220: config0 mismatch! 0x3C != 0x1C[0m
[00:01:28.523,406] [1;31m<err> analog_axis_hires: Could not setup channel #1 (-5)[0m
[00:01:28.531,158] [1;31m<err> ads1220: config2 mismatch! 0x10 != 0x00[0m
[00:01:28.531,280] [1;31m<err> ads1220: config2 mismatch! 0x15 != 0x00[0m
[00:01:28.531,402] [1;31m<err> ads1220: config0 mismatch! 0x3C != 0x1C[0m
[00:01:28.531,402] [1;31m<err> analog_axis_hires: Could not setup channel #1 (-5)[0m
[00:01:28.539,123] [1;31m<err> ads1220: config2 mismatch! 0x10 != 0x00[0m
[00:01:28.539,276] [1;31m<err> ads1220: config2 mismatch! 0x15 != 0x00[0m
[00:01:28.539,428] [1;31m<err> ads1220: config0 mismatch! 0x3C != 0x1C[0m
[00:01:28.539,428] [1;31m<err> analog_axis_hires: Could not setup channel #1 (-5)[0m
[00:01:28.547,180] [1;31m<err> ads1220: config2 mismatch! 0x10 != 0x00[0m
[00:01:28.547,302] [1;31m<err> ads1220: config2 mismatch! 0x15 != 0x00[0m
[00:01:28.547,454] [1;31m<err> ads1220: config0 mismatch! 0x3C != 0x1C[0m
[00:01:28.547,485] [1;31m<err> analog_axis_hires: Could not setup channel #1 (-5)[0m
[00:01:28.555,236] [1;31m<err> ads1220: config2 mismatch! 0x10 != 0x00[0m
[00:01:28.555,358] [1;31m<err> ads1220: config2 mismatch! 0x15 != 0x00[0m
[00:01:28.555,511] [1;31m<err> ads1220: config0 mismatch! 0x3C != 0x1C[0m
[00:01:28.555,511] [1;31m<err> analog_axis_hires: Could not setup channel #1 (-5)[0m
[00:01:28.563,201] [1;31m<err> ads1220: config2 mismatch! 0x10 != 0x00[0m
[00:01:28.563,354] [1;31m<err> ads1220: config2 mismatch! 0x15 != 0x00[0m
[00:01:28.563,507] [1;31m<err> ads1220: config0 mismatch! 0x3C != 0x1C[0m
[00:01:28.563,507] [1;31m<err> analog_axis_hires: Could not setup channel #1 (-5)[0m
[00:01:28.571,258] [1;31m<err> ads1220: config2 mismatch! 0x10 != 0x00[0m
[00:01:28.571,380] [1;31m<err> ads1220: config2 mismatch! 0x15 != 0x00[0m
[00:01:28.571,533] [1;31m<err> ads1220: config0 mismatch! 0x3C != 0x1C[0m
[00:01:28.571,563] [1;31m<err> analog_axis_hires: Could not setup channel #1 (-5)[0m
[00:01:28.579,284] [1;31m<err> ads1220: config2 mismatch! 0x10 != 0x00[0m
[00:01:28.579,437] [1;31m<err> ads1220: config2 mismatch! 0x15 != 0x00[0m
[00:01:28.579,559] [1;31m<err> ads1220: config0 mismatch! 0x3C != 0x1C[0m
[00:01:28.579,559] [1;31m<err> analog_axis_hires: Could not setup channel #1 (-5)[0m
[00:01:28.587,280] [1;31m<err> ads1220: config2 mismatch! 0x10 != 0x00[0m
[00:01:28.587,432] [1;31m<err> ads1220: config2 mismatch! 0x15 != 0x00[0m
[00:01:28.587,585] [1;31m<err> ads1220: config0 mismatch! 0x3C != 0x1C[0m
[00:01:28.587,585] [1;31m<err> analog_axis_hires: Could not setup channel #1 (-5)[0m
[00:01:28.595,336] [1;31m<err> ads1220: config2 mismatch! 0x10 != 0x00[0m
[00:01:28.595,458] [1;31m<err> ads1220: config2 mismatch! 0x15 != 0x00[0m
[00:01:28.595,611] [1;31m<err> ads1220: config0 mismatch! 0x3C != 0x1C[0m
[00:01:28.595,642] [1;31m<err> analog_axis_hires: Could not setup channel #1 (-5)[0m
[00:01:28.603,393] [1;31m<err> ads1220: config2 mismatch! 0x10 != 0x00[0m
[00:01:28.603,515] [1;31m<err> ads1220: config2 mismatch! 0x15 != 0x00[0m
[00:01:28.603,637] [1;31m<err> ads1220: config0 mismatch! 0x3C != 0x1C[0m
[00:01:28.603,668] [1;31m<err> analog_axis_hires: Could not setup channel #1 (-5)[0m
[00:01:28.611,358] [1;31m<err> ads1220: config2 mismatch! 0x10 != 0x00[0m
[00:01:28.611,511] [1;31m<err> ads1220: config2 mismatch! 0x15 != 0x00[0m
[00:01:28.611,663] [1;31m<err> ads1220: config0 mismatch! 0x3C != 0x1C[0m
[00:01:28.611,663] [1;31m<err> analog_axis_hires: Could not setup channel #1 (-5)[0m
[00:01:28.619,415] [1;31m<err> ads1220: config2 mismatch! 0x10 != 0x00[0m
[00:01:28.619,537] [1;31m<err> ads1220: config2 mismatch! 0x15 != 0x00[0m
[00:01:28.619,689] [1;31m<err> ads1220: config0 mismatch! 0x3C != 0x1C[0m
[00:01:28.619,720] [1;31m<err> analog_axis_hires: Could not setup channel #1 (-5)[0m
[00:01:28.627,441] [1;31m<err> ads1220: config2 mismatch! 0x10 != 0x00[0m
[00:01:28.627,593] [1;31m<err> ads1220: config2 mismatch! 0x15 != 0x00[0m
[00:01:28.627,716] [1;31m<err> ads1220: config0 mismatch! 0x3C != 0x1C[0m
[00:01:28.627,716] [1;31m<err> analog_axis_hires: Could not setup channel #1 (-5)[0m
[00:01:28.635,437] [1;31m<err> ads1220: config2 mismatch! 0x10 != 0x00[0m
[00:01:28.635,589] [1;31m<err> ads1220: config2 mismatch! 0x15 != 0x00[0m
[00:01:28.635,742] [1;31m<err> ads1220: config0 mismatch! 0x3C != 0x1C[0m
[00:01:28.635,742] [1;31m<err> analog_axis_hires: Could not setup channel #1 (-5)[0m
[00:01:28.643,493] [1;31m<err> ads1220: config2 mismatch! 0x10 != 0x00[0m
[00:01:28.643,615] [1;31m<err> ads1220: config2 mismatch! 0x15 != 0x00[0m
[00:01:28.643,768] [1;31m<err> ads1220: config0 mismatch! 0x3C != 0x1C[0m
[00:01:28.643,798] [1;31m<err> analog_axis_hires: Could not setup channel #1 (-5)[0m
[00:01:28.651,489] [1;31m<err> ads1220: config2 mismatch! 0x10 != 0x00[0m
[00:01:28.651,641] [1;31m<err> ads1220: config2 mismatch! 0x15 != 0x00[0m
[00:01:28.651,763] [1;31m<err> ads1220: config0 mismatch! 0x3C != 0x1C[0m
[00:01:28.651,763] [1;31m<err> analog_axis_hires: Could not setup channel #1 (-5)[0m
[00:01:28.659,515] [1;31m<err> ads1220: config2 mismatch! 0x10 != 0x00[0m
[00:01:28.659,667] [1;31m<err> ads1220: config2 mismatch! 0x15 != 0x00[0m
[00:01:28.659,820] [1;31m<err> ads1220: config0 mismatch! 0x3C != 0x1C[0m
[00:01:28.659,820] [1;31m<err> analog_axis_hires: Could not setup channel #1 (-5)[0m
[00:01:28.667,572] [1;31m<err> ads1220: config2 mismatch! 0x10 != 0x00[0m
[00:01:28.667,694] [1;31m<err> ads1220: config2 mismatch! 0x15 != 0x00[0m
[00:01:28.667,846] [1;31m<err> ads1220: config0 mismatch! 0x3C != 0x1C[0m
[00:01:28.667,877] [1;31m<err> analog_axis_hires: Could not setup channel #1 (-5)[0m
[00:01:28.675,598] [1;31m<err> ads1220: config2 mismatch! 0x10 != 0x00[0m
[00:01:28.675,750] [1;31m<err> ads1220: config2 mismatch! 0x15 != 0x00[0m
[00:01:28.675,872] [1;31m<err> ads1220: config0 mismatch! 0x3C != 0x1C[0m
[00:01:28.675,872] [1;31m<err> analog_axis_hires: Could not setup channel #1 (-5)[0m
[00:01:28.683,593] [1;31m<err> ads1220: config2 mismatch! 0x10 != 0x00[0m
[00:01:28.683,746] [1;31m<err> ads1220: config2 mismatch! 0x15 != 0x00[0m
[00:01:28.683,898] [1;31m<err> ads1220: config0 mismatch! 0x3C != 0x1C[0m
[00:01:28.683,898] [1;31m<err> analog_axis_hires: Could not setup channel #1 (-5)[0m
[00:01:28.691,650] [1;31m<err> ads1220: config2 mismatch! 0x10 != 0x00[0m
[00:01:28.691,772] [1;31m<err> ads1220: config2 mismatch! 0x15 != 0x00[0m
[00:01:28.691,925] [1;31m<err> ads1220: config0 mismatch! 0x3C != 0x1C[0m
[00:01:28.691,955] [1;31m<err> analog_axis_hires: Could not setup channel #1 (-5)[0m
[00:01:28.699,676] [1;31m<err> ads1220: config2 mismatch! 0x10 != 0x00[0m
[00:01:28.699,798] [1;31m<err> ads1220: config2 mismatch! 0x15 != 0x00[0m
[00:01:28.699,951] [1;31m<err> ads1220: config0 mismatch! 0x3C != 0x1C[0m
[00:01:28.699,951] [1;31m<err> analog_axis_hires: Could not setup channel #1 (-5)[0m
[00:01:28.707,672] [1;31m<err> ads1220: config2 mismatch! 0x10 != 0x00[0m
[00:01:28.707,824] [1;31m<err> ads1220: config2 mismatch! 0x15 != 0x00[0m
[00:01:28.707,977] [1;31m<err> ads1220: config0 mismatch! 0x3C != 0x1C[0m
[00:01:28.707,977] [1;31m<err> analog_axis_hires: Could not setup channel #1 (-5)[0m
[00:01:28.715,728] [1;31m<err> ads1220: config2 mismatch! 0x10 != 0x00[0m
[00:01:28.715,850] [1;31m<err> ads1220: config2 mismatch! 0x15 != 0x00[0m
[00:01:28.716,003] [1;31m<err> ads1220: config0 mismatch! 0x3C != 0x1C[0m
[00:01:28.716,033] [1;31m<err> analog_axis_hires: Could not setup channel #1 (-5)[0m
[00:01:28.723,754] [1;31m<err> ads1220: config2 mismatch! 0x10 != 0x00[0m
[00:01:28.723,876] [1;31m<err> ads1220: config2 mismatch! 0x15 != 0x00[0m
[00:01:28.724,029] [1;31m<err> ads1220: config0 mismatch! 0x3C != 0x1C[0m
[00:01:28.724,029] [1;31m<err> analog_axis_hires: Could not setup channel #1 (-5)[0m
[00:01:28.731,750] [1;31m<err> ads1220: config2 mismatch! 0x10 != 0x00[0m
[00:01:28.731,903] [1;31m<err> ads1220: config2 mismatch! 0x15 != 0x00[0m
[00:01:28.732,055] [1;31m<err> ads1220: config0 mismatch! 0x3C != 0x1C[0m
[00:01:28.732,055] [1;31m<err> analog_axis_hires: Could not setup channel #1 (-5)[0m
[00:01:28.739,807] [1;31m<err> ads1220: config2 mismatch! 0x10 != 0x00[0m
[00:01:28.739,929] [1;31m<err> ads1220: config2 mismatch! 0x15 != 0x00[0m
[00:01:28.740,081] [1;31m<err> ads1220: config0 mismatch! 0x3C != 0x1C[0m
[00:01:28.740,112] [1;31m<err> analog_axis_hires: Could not setup channel #1 (-5)[0m
[00:01:28.747,863] [1;31m<err> ads1220: config2 mismatch! 0x10 != 0x00[0m
[00:01:28.747,985] [1;31m<err> ads1220: config2 mismatch! 0x15 != 0x00[0m
[00:01:28.748,138] [1;31m<err> ads1220: config0 mismatch! 0x3C != 0x1C[0m
[00:01:28.748,138] [1;31m<err> analog_axis_hires: Could not setup channel #1 (-5)[0m
[00:01:28.755,828] [1;31m<err> ads1220: config2 mismatch! 0x10 != 0x00[0m
[00:01:28.755,981] [1;31m<err> ads1220: config2 mismatch! 0x15 != 0x00[0m
[00:01:28.756,134] [1;31m<err> ads1220: config0 mismatch! 0x3C != 0x1C[0m
[00:01:28.756,134] [1;31m<err> analog_axis_hires: Could not setup channel #1 (-5)[0m
[00:01:28.763,885] [1;31m<err> ads1220: config2 mismatch! 0x10 != 0x00[0m
[00:01:28.764,007] [1;31m<err> ads1220: config2 mismatch! 0x15 != 0x00[0m
[00:01:28.764,160] [1;31m<err> ads1220: config0 mismatch! 0x3C != 0x1C[0m
[00:01:28.764,190] [1;31m<err> analog_axis_hires: Could not setup channel #1 (-5)[0m
[00:01:28.771,942] [1;31m<err> ads1220: config2 mismatch! 0x10 != 0x00[0m
[00:01:28.772,064] [1;31m<err> ads1220: config2 mismatch! 0x15 != 0x00[0m
[00:01:28.772,186] [1;31m<err> ads1220: config0 mismatch! 0x3C != 0x1C[0m
[00:01:28.772,216] [1;31m<err> analog_axis_hires: Could not setup channel #1 (-5)[0m
[00:01:28.779,907] [1;31m<err> ads1220: config2 mismatch! 0x10 != 0x00[0m
[00:01:28.780,059] [1;31m<err> ads1220: config2 mismatch! 0x15 != 0x00[0m
[00:01:28.780,212] [1;31m<err> ads1220: config0 mismatch! 0x3C != 0x1C[0m
[00:01:28.780,212] [1;31m<err> analog_axis_hires: Could not setup channel #1 (-5)[0m
[00:01:28.787,963] [1;31m<err> ads1220: config2 mismatch! 0x10 != 0x00[0m
[00:01:28.788,085] [1;31m<err> ads1220: config2 mismatch! 0x15 != 0x00[0m
[00:01:28.788,238] [1;31m<err> ads1220: config0 mismatch! 0x3C != 0x1C[0m
[00:01:28.788,269] [1;31m<err> analog_axis_hires: Could not setup channel #1 (-5)[0m
[00:01:28.796,020] [1;31m<err> ads1220: config2 mismatch! 0x10 != 0x00[0m
[00:01:28.796,142] [1;31m<err> ads1220: config2 mismatch! 0x15 != 0x00[0m
[00:01:28.796,264] [1;31m<err> ads1220: config0 mismatch! 0x3C != 0x1C[0m
[00:01:28.796,264] [1;31m<err> analog_axis_hires: Could not setup channel #1 (-5)[0m
[00:01:28.803,985] [1;31m<err> ads1220: config2 mismatch! 0x10 != 0x00[0m
[00:01:28.804,138] [1;31m<err> ads1220: config2 mismatch! 0x15 != 0x00[0m
[00:01:28.804,290] [1;31m<err> ads1220: config0 mismatch! 0x3C != 0x1C[0m
[00:01:28.804,290] [1;31m<err> analog_axis_hires: Could not setup channel #1 (-5)[0m
[00:01:28.812,042] [1;31m<err> ads1220: config2 mismatch! 0x10 != 0x00[0m
[00:01:28.812,164] [1;31m<err> ads1220: config2 mismatch! 0x15 != 0x00[0m
[00:01:28.812,316] [1;31m<err> ads1220: config0 mismatch! 0x3C != 0x1C[0m
[00:01:28.812,347] [1;31m<err> analog_axis_hires: Could not setup channel #1 (-5)[0m
[00:01:28.820,098] [1;31m<err> ads1220: config2 mismatch! 0x10 != 0x00[0m
[00:01:28.820,220] [1;31m<err> ads1220: config2 mismatch! 0x15 != 0x00[0m
[00:01:28.820,343] [1;31m<err> ads1220: config0 mismatch! 0x3C != 0x1C[0m
[00:01:28.820,373] [1;31m<err> analog_axis_hires: Could not setup channel #1 (-5)[0m
[00:01:28.828,063] [1;31m<err> ads1220: config2 mismatch! 0x10 != 0x00[0m
[00:01:28.828,216] [1;31m<err> ads1220: config2 mismatch! 0x15 != 0x00[0m
[00:01:28.828,369] [1;31m<err> ads1220: config0 mismatch! 0x3C != 0x1C[0m
[00:01:28.828,369] [1;31m<err> analog_axis_hires: Could not setup channel #1 (-5)[0m
[00:01:28.836,120] [1;31m<err> ads1220: config2 mismatch! 0x10 != 0x00[0m
[00:01:28.836,242] [1;31m<err> ads1220: config2 mismatch! 0x15 != 0x00[0m
[00:01:28.836,395] [1;31m<err> ads1220: config0 mismatch! 0x3C != 0x1C[0m
[00:01:28.836,425] [1;31m<err> analog_axis_hires: Could not setup channel #1 (-5)[0m
[00:01:28.844,146] [1;31m<err> ads1220: config2 mismatch! 0x10 != 0x00[0m
[00:01:28.844,299] [1;31m<err> ads1220: config2 mismatch! 0x15 != 0x00[0m
[00:01:28.844,421] [1;31m<err> ads1220: config0 mismatch! 0x3C != 0x1C[0m
[00:01:28.844,421] [1;31m<err> analog_axis_hires: Could not setup channel #1 (-5)[0m
[00:01:28.852,142] [1;31m<err> ads1220: config2 mismatch! 0x10 != 0x00[0m
[00:01:28.852,294] [1;31m<err> ads1220: config2 mismatch! 0x15 != 0x00[0m
[00:01:28.852,447] [1;31m<err> ads1220: config0 mismatch! 0x3C != 0x1C[0m
[00:01:28.852,447] [1;31m<err> analog_axis_hires: Could not setup channel #1 (-5)[0m
[00:01:28.860,198] [1;31m<err> ads1220: config2 mismatch! 0x10 != 0x00[0m
[00:01:28.860,321] [1;31m<err> ads1220: config2 mismatch! 0x15 != 0x00[0m
[00:01:28.860,473] [1;31m<err> ads1220: config0 mismatch! 0x3C != 0x1C[0m
[00:01:28.860,504] [1;31m<err> analog_axis_hires: Could not setup channel #1 (-5)[0m
[00:01:28.868,255] [1;31m<err> ads1220: config2 mismatch! 0x10 != 0x00[0m
[00:01:28.868,377] [1;31m<err> ads1220: config2 mismatch! 0x15 != 0x00[0m
[00:01:28.868,530] [1;31m<err> ads1220: config0 mismatch! 0x3C != 0x1C[0m
[00:01:28.868,530] [1;31m<err> analog_axis_hires: Could not setup channel #1 (-5)[0m
[00:01:28.876,220] [1;31m<err> ads1220: config2 mismatch! 0x10 != 0x00[0m
[00:01:28.876,373] [1;31m<err> ads1220: config2 mismatch! 0x15 != 0x00[0m
[00:01:28.876,525] [1;31m<err> ads1220: config0 mismatch! 0x3C != 0x1C[0m
[00:01:28.876,525] [1;31m<err> analog_axis_hires: Could not setup channel #1 (-5)[0m
[00:01:28.884,277] [1;31m<err> ads1220: config2 mismatch! 0x10 != 0x00[0m
[00:01:28.884,399] [1;31m<err> ads1220: config2 mismatch! 0x15 != 0x00[0m
[00:01:28.884,552] [1;31m<err> ads1220: config0 mismatch! 0x3C != 0x1C[0m
[00:01:28.884,582] [1;31m<err> analog_axis_hires: Could not setup channel #1 (-5)[0m
[00:01:28.892,303] [1;31m<err> ads1220: config2 mismatch! 0x10 != 0x00[0m
[00:01:28.892,456] [1;31m<err> ads1220: config2 mismatch! 0x15 != 0x00[0m
[00:01:28.892,578] [1;31m<err> ads1220: config0 mismatch! 0x3C != 0x1C[0m
[00:01:28.892,578] [1;31m<err> analog_axis_hires: Could not setup channel #1 (-5)[0m
[00:01:28.900,299] [1;31m<err> ads1220: config2 mismatch! 0x10 != 0x00[0m
[00:01:28.900,451] [1;31m<err> ads1220: config2 mismatch! 0x15 != 0x00[0m
[00:01:28.900,604] [1;31m<err> ads1220: config0 mismatch! 0x3C != 0x1C[0m
[00:01:28.900,604] [1;31m<err> analog_axis_hires: Could not setup channel #1 (-5)[0m
[00:01:28.908,355] [1;31m<err> ads1220: config2 mismatch! 0x10 != 0x00[0m
[00:01:28.908,477] [1;31m<err> ads1220: config2 mismatch! 0x15 != 0x00[0m
[00:01:28.908,630] [1;31m<err> ads1220: config0 mismatch! 0x3C != 0x1C[0m
[00:01:28.908,660] [1;31m<err> analog_axis_hires: Could not setup channel #1 (-5)[0m
[00:01:28.916,412] [1;31m<err> ads1220: config2 mismatch! 0x10 != 0x00[0m
[00:01:28.916,534] [1;31m<err> ads1220: config2 mismatch! 0x15 != 0x00[0m
[00:01:28.916,656] [1;31m<err> ads1220: config0 mismatch! 0x3C != 0x1C[0m
[00:01:28.916,656] [1;31m<err> analog_axis_hires: Could not setup channel #1 (-5)[0m
[00:01:28.924,377] [1;31m<err> ads1220: config2 mismatch! 0x10 != 0x00[0m
[00:01:28.924,530] [1;31m<err> ads1220: config2 mismatch! 0x15 != 0x00[0m
[00:01:28.924,682] [1;31m<err> ads1220: config0 mismatch! 0x3C != 0x1C[0m
[00:01:28.924,682] [1;31m<err> analog_axis_hires: Could not setup channel #1 (-5)[0m
[00:01:28.932,434] [1;31m<err> ads1220: config2 mismatch! 0x10 != 0x00[0m
[00:01:28.932,556] [1;31m<err> ads1220: config2 mismatch! 0x15 != 0x00[0m
[00:01:28.932,708] [1;31m<err> ads1220: config0 mismatch! 0x3C != 0x1C[0m
[00:01:28.932,739] [1;31m<err> analog_axis_hires: Could not setup channel #1 (-5)[0m
[00:01:28.940,490] [1;31m<err> ads1220: config2 mismatch! 0x10 != 0x00[0m
[00:01:28.940,612] [1;31m<err> ads1220: config2 mismatch! 0x15 != 0x00[0m
[00:01:28.940,734] [1;31m<err> ads1220: config0 mismatch! 0x3C != 0x1C[0m
[00:01:28.940,734] [1;31m<err> analog_axis_hires: Could not setup channel #1 (-5)[0m
[00:01:28.948,455] [1;31m<err> ads1220: config2 mismatch! 0x10 != 0x00[0m
[00:01:28.948,608] [1;31m<err> ads1220: config2 mismatch! 0x15 != 0x00[0m
[00:01:28.948,760] [1;31m<err> ads1220: config0 mismatch! 0x3C != 0x1C[0m
[00:01:28.948,760] [1;31m<err> analog_axis_hires: Could not setup channel #1 (-5)[0m
[00:01:28.956,512] [1;31m<err> ads1220: config2 mismatch! 0x10 != 0x00[0m
[00:01:28.956,634] [1;31m<err> ads1220: config2 mismatch! 0x15 != 0x00[0m
[00:01:28.956,787] [1;31m<err> ads1220: config0 mismatch! 0x3C != 0x1C[0m
[00:01:28.956,817] [1;31m<err> analog_axis_hires: Could not setup channel #1 (-5)[0m
[00:01:28.964,538] [1;31m<err> ads1220: config2 mismatch! 0x10 != 0x00[0m
[00:01:28.964,691] [1;31m<err> ads1220: config2 mismatch! 0x15 != 0x00[0m
[00:01:28.964,813] [1;31m<err> ads1220: config0 mismatch! 0x3C != 0x1C[0m
[00:01:28.964,813] [1;31m<err> analog_axis_hires: Could not setup channel #1 (-5)[0m
[00:01:28.972,534] [1;31m<err> ads1220: config2 mismatch! 0x10 != 0x00[0m
[00:01:28.972,686] [1;31m<err> ads1220: config2 mismatch! 0x15 != 0x00[0m
[00:01:28.972,839] [1;31m<err> ads1220: config0 mismatch! 0x3C != 0x1C[0m
[00:01:28.972,839] [1;31m<err> analog_axis_hires: Could not setup channel #1 (-5)[0m
[00:01:28.980,590] [1;31m<err> ads1220: config2 mismatch! 0x10 != 0x00[0m
[00:01:28.980,712] [1;31m<err> ads1220: config2 mismatch! 0x15 != 0x00[0m
[00:01:28.980,865] [1;31m<err> ads1220: config0 mismatch! 0x3C != 0x1C[0m
[00:01:28.980,895] [1;31m<err> analog_axis_hires: Could not setup channel #1 (-5)[0m
[00:01:28.988,616] [1;31m<err> ads1220: config2 mismatch! 0x10 != 0x00[0m
[00:01:28.988,769] [1;31m<err> ads1220: config2 mismatch! 0x15 != 0x00[0m
[00:01:28.988,891] [1;31m<err> ads1220: config0 mismatch! 0x3C != 0x1C[0m
[00:01:28.988,891] [1;31m<err> analog_axis_hires: Could not setup channel #1 (-5)[0m
[00:01:28.996,612] [1;31m<err> ads1220: config2 mismatch! 0x10 != 0x00[0m
[00:01:28.996,765] [1;31m<err> ads1220: config2 mismatch! 0x15 != 0x00[0m
[00:01:28.996,917] [1;31m<err> ads1220: config0 mismatch! 0x3C != 0x1C[0m
[00:01:28.996,917] [1;31m<err> analog_axis_hires: Could not setup channel #1 (-5)[0m
[00:01:29.004,669] [1;31m<err> ads1220: config2 mismatch! 0x10 != 0x00[0m
[00:01:29.004,791] [1;31m<err> ads1220: config2 mismatch! 0x15 != 0x00[0m
[00:01:29.004,943] [1;31m<err> ads1220: config0 mismatch! 0x3C != 0x1C[0m
[00:01:29.004,974] [1;31m<err> analog_axis_hires: Could not setup channel #1 (-5)[0m
[00:01:29.012,725] [1;31m<err> ads1220: config2 mismatch! 0x10 != 0x00[0m
[00:01:29.012,847] [1;31m<err> ads1220: config2 mismatch! 0x15 != 0x00[0m
[00:01:29.012,969] [1;31m<err> ads1220: config0 mismatch! 0x3C != 0x1C[0m
[00:01:29.013,000] [1;31m<err> analog_axis_hires: Could not setup channel #1 (-5)[0m
[00:01:29.020,721] [1;31m<err> ads1220: config2 mismatch! 0x10 != 0x00[0m
[00:01:29.020,843] [1;31m<err> ads1220: config2 mismatch! 0x15 != 0x00[0m
[00:01:29.020,996] [1;31m<err> ads1220: config0 mismatch! 0x3C != 0x1C[0m
[00:01:29.021,026] [1;31m<err> analog_axis_hires: Could not setup channel #1 (-5)[0m
[00:01:29.028,747] [1;31m<err> ads1220: config2 mismatch! 0x10 != 0x00[0m
[00:01:29.028,869] [1;31m<err> ads1220: config2 mismatch! 0x15 != 0x00[0m
[00:01:29.029,022] [1;31m<err> ads1220: config0 mismatch! 0x3C != 0x1C[0m
[00:01:29.029,052] [1;31m<err> analog_axis_hires: Could not setup channel #1 (-5)[0m
[00:01:29.036,804] [1;31m<err> ads1220: config2 mismatch! 0x10 != 0x00[0m
[00:01:29.036,926] [1;31m<err> ads1220: config2 mismatch! 0x15 != 0x00[0m
[00:01:29.037,048] [1;31m<err> ads1220: config0 mismatch! 0x3C != 0x1C[0m
[00:01:29.037,078] [1;31m<err> analog_axis_hires: Could not setup channel #1 (-5)[0m
[00:01:29.044,799] [1;31m<err> ads1220: config2 mismatch! 0x10 != 0x00[0m
[00:01:29.044,921] [1;31m<err> ads1220: config2 mismatch! 0x15 != 0x00[0m
[00:01:29.045,074] [1;31m<err> ads1220: config0 mismatch! 0x3C != 0x1C[0m
[00:01:29.045,104] [1;31m<err> analog_axis_hires: Could not setup channel #1 (-5)[0m
[00:01:29.052,825] [1;31m<err> ads1220: config2 mismatch! 0x10 != 0x00[0m
[00:01:29.052,947] [1;31m<err> ads1220: config2 mismatch! 0x15 != 0x00[0m
[00:01:29.053,100] [1;31m<err> ads1220: config0 mismatch! 0x3C != 0x1C[0m
[00:01:29.053,131] [1;31m<err> analog_axis_hires: Could not setup channel #1 (-5)[0m
[00:01:29.060,882] [1;31m<err> ads1220: config2 mismatch! 0x10 != 0x00[0m
[00:01:29.061,004] [1;31m<err> ads1220: config2 mismatch! 0x15 != 0x00[0m
[00:01:29.061,126] [1;31m<err> ads1220: config0 mismatch! 0x3C != 0x1C[0m
[00:01:29.061,157] [1;31m<err> analog_axis_hires: Could not setup channel #1 (-5)[0m
[00:01:29.068,908] [1;31m<err> ads1220: config2 mismatch! 0x10 != 0x00[0m
[00:01:29.069,030] [1;31m<err> ads1220: config2 mismatch! 0x15 != 0x00[0m
[00:01:29.069,183] [1;31m<err> ads1220: config0 mismatch! 0x3C != 0x1C[0m
[00:01:29.069,183] [1;31m<err> analog_axis_hires: Could not setup channel #1 (-5)[0m
[00:01:29.076,904] [1;31m<err> ads1220: config2 mismatch! 0x10 != 0x00[0m
[00:01:29.077,026] [1;31m<err> ads1220: config2 mismatch! 0x15 != 0x00[0m
[00:01:29.077,178] [1;31m<err> ads1220: config0 mismatch! 0x3C != 0x1C[0m
[00:01:29.077,178] [1;31m<err> analog_axis_hires: Could not setup channel #1 (-5)[0m
[00:01:29.084,960] [1;31m<err> ads1220: config2 mismatch! 0x10 != 0x00[0m
[00:01:29.085,083] [1;31m<err> ads1220: config2 mismatch! 0x15 != 0x00[0m
[00:01:29.085,235] [1;31m<err> ads1220: config0 mismatch! 0x3C != 0x1C[0m
[00:01:29.085,235] [1;31m<err> analog_axis_hires: Could not setup channel #1 (-5)[0m
[00:01:29.092,926] [1;31m<err> ads1220: config2 mismatch! 0x10 != 0x00[0m
[00:01:29.093,078] [1;31m<err> ads1220: config2 mismatch! 0x15 != 0x00[0m
[00:01:29.093,231] [1;31m<err> ads1220: config0 mismatch! 0x3C != 0x1C[0m
[00:01:29.093,231] [1;31m<err> analog_axis_hires: Could not setup channel #1 (-5)[0m
[00:01:29.100,982] [1;31m<err> ads1220: config2 mismatch! 0x10 != 0x00[0m
[00:01:29.101,104] [1;31m<err> ads1220: config2 mismatch! 0x15 != 0x00[0m
[00:01:29.101,257] [1;31m<err> ads1220: config0 mismatch! 0x3C != 0x1C[0m
[00:01:29.101,257] [1;31m<err> analog_axis_hires: Could not setup channel #1 (-5)[0m
[00:01:29.109,039] [1;31m<err> ads1220: config2 mismatch! 0x10 != 0x00[0m
[00:01:29.109,161] [1;31m<err> ads1220: config2 mismatch! 0x15 != 0x00[0m
[00:01:29.109,283] [1;31m<err> ads1220: config0 mismatch! 0x3C != 0x1C[0m
[00:01:29.109,313] [1;31m<err> analog_axis_hires: Could not setup channel #1 (-5)[0m
[00:01:29.117,004] [1;31m<err> ads1220: config2 mismatch! 0x10 != 0x00[0m
[00:01:29.117,156] [1;31m<err> ads1220: config2 mismatch! 0x15 != 0x00[0m
[00:01:29.117,309] [1;31m<err> ads1220: config0 mismatch! 0x3C != 0x1C[0m
[00:01:29.117,309] [1;31m<err> analog_axis_hires: Could not setup channel #1 (-5)[0m
[00:01:29.125,061] [1;31m<err> ads1220: config2 mismatch! 0x10 != 0x00[0m
[00:01:29.125,183] [1;31m<err> ads1220: config2 mismatch! 0x15 != 0x00[0m
[00:01:29.125,335] [1;31m<err> ads1220: config0 mismatch! 0x3C != 0x1C[0m
[00:01:29.125,335] [1;31m<err> analog_axis_hires: Could not setup channel #1 (-5)[0m
[00:01:29.133,117] [1;31m<err> ads1220: config2 mismatch! 0x10 != 0x00[0m
[00:01:29.133,239] [1;31m<err> ads1220: config2 mismatch! 0x15 != 0x00[0m
[00:01:29.133,361] [1;31m<err> ads1220: config0 mismatch! 0x3C != 0x1C[0m
[00:01:29.133,361] [1;31m<err> analog_axis_hires: Could not setup channel #1 (-5)[0m
[00:01:29.141,082] [1;31m<err> ads1220: config2 mismatch! 0x10 != 0x00[0m
[00:01:29.141,235] [1;31m<err> ads1220: config2 mismatch! 0x15 != 0x00[0m
[00:01:29.141,387] [1;31m<err> ads1220: config0 mismatch! 0x3C != 0x1C[0m
[00:01:29.141,387] [1;31m<err> analog_axis_hires: Could not setup channel #1 (-5)[0m
[00:01:29.149,139] [1;31m<err> ads1220: config2 mismatch! 0x10 != 0x00[0m
[00:01:29.149,261] [1;31m<err> ads1220: config2 mismatch! 0x15 != 0x00[0m
[00:01:29.149,414] [1;31m<err> ads1220: config0 mismatch! 0x3C != 0x1C[0m
[00:01:29.149,414] [1;31m<err> analog_axis_hires: Could not setup channel #1 (-5)[0m
[00:01:29.157,165] [1;31m<err> ads1220: config2 mismatch! 0x10 != 0x00[0m
[00:01:29.157,287] [1;31m<err> ads1220: config2 mismatch! 0x15 != 0x00[0m
[00:01:29.157,409] [1;31m<err> ads1220: config0 mismatch! 0x3C != 0x1C[0m
[00:01:29.157,440] [1;31m<err> analog_axis_hires: Could not setup channel #1 (-5)[0m
[00:01:29.165,161] [1;31m<err> ads1220: config2 mismatch! 0x10 != 0x00[0m
[00:01:29.165,313] [1;31m<err> ads1220: config2 mismatch! 0x15 != 0x00[0m
[00:01:29.165,466] [1;31m<err> ads1220: config0 mismatch! 0x3C != 0x1C[0m
[00:01:29.165,466] [1;31m<err> analog_axis_hires: Could not setup channel #1 (-5)[0m
[00:01:29.173,217] [1;31m<err> ads1220: config2 mismatch! 0x10 != 0x00[0m
[00:01:29.173,339] [1;31m<err> ads1220: config2 mismatch! 0x15 != 0x00[0m
[00:01:29.173,492] [1;31m<err> ads1220: config0 mismatch! 0x3C != 0x1C[0m
[00:01:29.173,492] [1;31m<err> analog_axis_hires: Could not setup channel #1 (-5)[0m
[00:01:29.181,274] [1;31m<err> ads1220: config2 mismatch! 0x10 != 0x00[0m
[00:01:29.181,396] [1;31m<err> ads1220: config2 mismatch! 0x15 != 0x00[0m
[00:01:29.181,518] [1;31m<err> ads1220: config0 mismatch! 0x3C != 0x1C[0m
[00:01:29.181,549] [1;31m<err> analog_axis_hires: Could not setup channel #1 (-5)[0m
[00:01:29.189,239] [1;31m<err> ads1220: config2 mismatch! 0x10 != 0x00[0m
[00:01:29.189,392] [1;31m<err> ads1220: config2 mismatch! 0x15 != 0x00[0m
[00:01:29.189,544] [1;31m<err> ads1220: config0 mismatch! 0x3C != 0x1C[0m
[00:01:29.189,544] [1;31m<err> analog_axis_hires: Could not setup channel #1 (-5)[0m
[00:01:29.197,296] [1;31m<err> ads1220: config2 mismatch! 0x10 != 0x00[0m
[00:01:29.197,418] [1;31m<err> ads1220: config2 mismatch! 0x15 != 0x00[0m
[00:01:29.197,570] [1;31m<err> ads1220: config0 mismatch! 0x3C != 0x1C[0m
[00:01:29.197,570] [1;31m<err> analog_axis_hires: Could not setup channel #1 (-5)[0m
[00:01:29.205,352] [1;31m<err> ads1220: config2 mismatch! 0x10 != 0x00[0m
[00:01:29.205,474] [1;31m<err> ads1220: config2 mismatch! 0x15 != 0x00[0m
[00:01:29.205,627] [1;31m<err> ads1220: config0 mismatch! 0x3C != 0x1C[0m
[00:01:29.205,627] [1;31m<err> analog_axis_hires: Could not setup channel #1 (-5)[0m
[00:01:29.213,317] [1;31m<err> ads1220: config2 mismatch! 0x10 != 0x00[0m
[00:01:29.213,470] [1;31m<err> ads1220: config2 mismatch! 0x15 != 0x00[0m
[00:01:29.213,623] [1;31m<err> ads1220: config0 mismatch! 0x3C != 0x1C[0m
[00:01:29.213,623] [1;31m<err> analog_axis_hires: Could not setup channel #1 (-5)[0m
[00:01:29.221,374] [1;31m<err> ads1220: config2 mismatch! 0x10 != 0x00[0m
[00:01:29.221,496] [1;31m<err> ads1220: config2 mismatch! 0x15 != 0x00[0m
[00:01:29.221,649] [1;31m<err> ads1220: config0 mismatch! 0x3C != 0x1C[0m
[00:01:29.221,649] [1;31m<err> analog_axis_hires: Could not setup channel #1 (-5)[0m
[00:01:29.229,400] [1;31m<err> ads1220: config2 mismatch! 0x10 != 0x00[0m
[00:01:29.229,553] [1;31m<err> ads1220: config2 mismatch! 0x15 != 0x00[0m
[00:01:29.229,675] [1;31m<err> ads1220: config0 mismatch! 0x3C != 0x1C[0m
[00:01:29.229,675] [1;31m<err> analog_axis_hires: Could not setup channel #1 (-5)[0m
[00:01:29.237,396] [1;31m<err> ads1220: config2 mismatch! 0x10 != 0x00[0m
[00:01:29.237,548] [1;31m<err> ads1220: config2 mismatch! 0x15 != 0x00[0m
[00:01:29.237,701] [1;31m<err> ads1220: config0 mismatch! 0x3C != 0x1C[0m
[00:01:29.237,701] [1;31m<err> analog_axis_hires: Could not setup channel #1 (-5)[0m
[00:01:29.245,452] [1;31m<err> ads1220: config2 mismatch! 0x10 != 0x00[0m
[00:01:29.245,574] [1;31m<err> ads1220: config2 mismatch! 0x15 != 0x00[0m
[00:01:29.245,727] [1;31m<err> ads1220: config0 mismatch! 0x3C != 0x1C[0m
[00:01:29.245,727] [1;31m<err> analog_axis_hires: Could not setup channel #1 (-5)[0m
[00:01:29.253,479] [1;31m<err> ads1220: config2 mismatch! 0x10 != 0x00[0m
[00:01:29.253,631] [1;31m<err> ads1220: config2 mismatch! 0x15 != 0x00[0m
[00:01:29.253,753] [1;31m<err> ads1220: config0 mismatch! 0x3C != 0x1C[0m
[00:01:29.253,753] [1;31m<err> analog_axis_hires: Could not setup channel #1 (-5)[0m
[00:01:29.261,505] [1;31m<err> ads1220: config2 mismatch! 0x10 != 0x00[0m
[00:01:29.261,657] [1;31m<err> ads1220: config2 mismatch! 0x15 != 0x00[0m
[00:01:29.261,810] [1;31m<err> ads1220: config0 mismatch! 0x3C != 0x1C[0m
[00:01:29.261,810] [1;31m<err> analog_axis_hires: Could not setup channel #1 (-5)[0m
[00:01:29.269,531] [1;31m<err> ads1220: config2 mismatch! 0x10 != 0x00[0m
[00:01:29.269,653] [1;31m<err> ads1220: config2 mismatch! 0x15 != 0x00[0m
[00:01:29.269,805] [1;31m<err> ads1220: config0 mismatch! 0x3C != 0x1C[0m
[00:01:29.269,836] [1;31m<err> analog_axis_hires: Could not setup channel #1 (-5)[0m
[00:01:29.277,557] [1;31m<err> ads1220: config2 mismatch! 0x10 != 0x00[0m
[00:01:29.277,679] [1;31m<err> ads1220: config2 mismatch! 0x15 != 0x00[0m
[00:01:29.277,832] [1;31m<err> ads1220: config0 mismatch! 0x3C != 0x1C[0m
[00:01:29.277,832] [1;31m<err> analog_axis_hires: Could not setup channel #1 (-5)[0m
[00:01:29.285,552] [1;31m<err> ads1220: config2 mismatch! 0x10 != 0x00[0m
[00:01:29.285,705] [1;31m<err> ads1220: config2 mismatch! 0x15 != 0x00[0m
[00:01:29.285,858] [1;31m<err> ads1220: config0 mismatch! 0x3C != 0x1C[0m
[00:01:29.285,858] [1;31m<err> analog_axis_hires: Could not setup channel #1 (-5)[0m
[00:01:29.293,609] [1;31m<err> ads1220: config2 mismatch! 0x10 != 0x00[0m
[00:01:29.293,731] [1;31m<err> ads1220: config2 mismatch! 0x15 != 0x00[0m
[00:01:29.293,884] [1;31m<err> ads1220: config0 mismatch! 0x3C != 0x1C[0m
[00:01:29.293,914] [1;31m<err> analog_axis_hires: Could not setup channel #1 (-5)[0m
[00:01:29.301,666] [1;31m<err> ads1220: config2 mismatch! 0x10 != 0x00[0m
[00:01:29.301,788] [1;31m<err> ads1220: config2 mismatch! 0x15 != 0x00[0m
[00:01:29.301,940] [1;31m<err> ads1220: config0 mismatch! 0x3C != 0x1C[0m
[00:01:29.301,940] [1;31m<err> analog_axis_hires: Could not setup channel #1 (-5)[0m
[00:01:29.309,631] [1;31m<err> ads1220: config2 mismatch! 0x10 != 0x00[0m
[00:01:29.309,783] [1;31m<err> ads1220: config2 mismatch! 0x15 != 0x00[0m
[00:01:29.309,936] [1;31m<err> ads1220: config0 mismatch! 0x3C != 0x1C[0m
[00:01:29.309,936] [1;31m<err> analog_axis_hires: Could not setup channel #1 (-5)[0m
[00:01:29.317,687] [1;31m<err> ads1220: config2 mismatch! 0x10 != 0x00[0m
[00:01:29.317,810] [1;31m<err> ads1220: config2 mismatch! 0x15 != 0x00[0m
[00:01:29.317,962] [1;31m<err> ads1220: config0 mismatch! 0x3C != 0x1C[0m
[00:01:29.317,993] [1;31m<err> analog_axis_hires: Could not setup channel #1 (-5)[0m
[00:01:29.325,744] [1;31m<err> ads1220: config2 mismatch! 0x10 != 0x00[0m
[00:01:29.325,866] [1;31m<err> ads1220: config2 mismatch! 0x15 != 0x00[0m
[00:01:29.326,019] [1;31m<err> ads1220: config0 mismatch! 0x3C != 0x1C[0m
[00:01:29.326,019] [1;31m<err> analog_axis_hires: Could not setup channel #1 (-5)[0m
[00:01:29.333,709] [1;31m<err> ads1220: config2 mismatch! 0x10 != 0x00[0m
[00:01:29.333,862] [1;31m<err> ads1220: config2 mismatch! 0x15 != 0x00[0m
[00:01:29.334,014] [1;31m<err> ads1220: config0 mismatch! 0x3C != 0x1C[0m
[00:01:29.334,014] [1;31m<err> analog_axis_hires: Could not setup channel #1 (-5)[0m
[00:01:29.341,766] [1;31m<err> ads1220: config2 mismatch! 0x10 != 0x00[0m
[00:01:29.341,888] [1;31m<err> ads1220: config2 mismatch! 0x15 != 0x00[0m
[00:01:29.342,041] [1;31m<err> ads1220: config0 mismatch! 0x3C != 0x1C[0m
[00:01:29.342,071] [1;31m<err> analog_axis_hires: Could not setup channel #1 (-5)[0m
[00:01:29.349,822] [1;31m<err> ads1220: config2 mismatch! 0x10 != 0x00[0m
[00:01:29.349,945] [1;31m<err> ads1220: config2 mismatch! 0x15 != 0x00[0m
[00:01:29.350,067] [1;31m<err> ads1220: config0 mismatch! 0x3C != 0x1C[0m
[00:01:29.350,097] [1;31m<err> analog_axis_hires: Could not setup channel #1 (-5)[0m
[00:01:29.357,788] [1;31m<err> ads1220: config2 mismatch! 0x10 != 0x00[0m
[00:01:29.357,940] [1;31m<err> ads1220: config2 mismatch! 0x15 != 0x00[0m
[00:01:29.358,093] [1;31m<err> ads1220: config0 mismatch! 0x3C != 0x1C[0m
[00:01:29.358,093] [1;31m<err> analog_axis_hires: Could not setup channel #1 (-5)[0m
[00:01:29.365,844] [1;31m<err> ads1220: config2 mismatch! 0x10 != 0x00[0m
[00:01:29.365,966] [1;31m<err> ads1220: config2 mismatch! 0x15 != 0x00[0m
[00:01:29.366,119] [1;31m<err> ads1220: config0 mismatch! 0x3C != 0x1C[0m
[00:01:29.366,149] [1;31m<err> analog_axis_hires: Could not setup channel #1 (-5)[0m
[00:01:29.373,901] [1;31m<err> ads1220: config2 mismatch! 0x10 != 0x00[0m
[00:01:29.374,023] [1;31m<err> ads1220: config2 mismatch! 0x15 != 0x00[0m
[00:01:29.374,145] [1;31m<err> ads1220: config0 mismatch! 0x3C != 0x1C[0m
[00:01:29.374,176] [1;31m<err> analog_axis_hires: Could not setup channel #1 (-5)[0m
[00:01:29.381,866] [1;31m<err> ads1220: config2 mismatch! 0x10 != 0x00[0m
[00:01:29.382,019] [1;31m<err> ads1220: config2 mismatch! 0x15 != 0x00[0m
[00:01:29.382,171] [1;31m<err> ads1220: config0 mismatch! 0x3C != 0x1C[0m
[00:01:29.382,171] [1;31m<err> analog_axis_hires: Could not setup channel #1 (-5)[0m
[00:01:29.389,923] [1;31m<err> ads1220: config2 mismatch! 0x10 != 0x00[0m
[00:01:29.390,045] [1;31m<err> ads1220: config2 mismatch! 0x15 != 0x00[0m
[00:01:29.390,197] [1;31m<err> ads1220: config0 mismatch! 0x3C != 0x1C[0m
[00:01:29.390,228] [1;31m<err> analog_axis_hires: Could not setup channel #1 (-5)[0m
[00:01:29.397,979] [1;31m<err> ads1220: config2 mismatch! 0x10 != 0x00[0m
[00:01:29.398,101] [1;31m<err> ads1220: config2 mismatch! 0x15 != 0x00[0m
[00:01:29.398,223] [1;31m<err> ads1220: config0 mismatch! 0x3C != 0x1C[0m
[00:01:29.398,254] [1;31m<err> analog_axis_hires: Could not setup channel #1 (-5)[0m
[00:01:29.405,944] [1;31m<err> ads1220: config2 mismatch! 0x10 != 0x00[0m
[00:01:29.406,097] [1;31m<err> ads1220: config2 mismatch! 0x15 != 0x00[0m
[00:01:29.406,250] [1;31m<err> ads1220: config0 mismatch! 0x3C != 0x1C[0m
[00:01:29.406,250] [1;31m<err> analog_axis_hires: Could not setup channel #1 (-5)[0m
[00:01:29.414,001] [1;31m<err> ads1220: config2 mismatch! 0x10 != 0x00[0m
[00:01:29.414,123] [1;31m<err> ads1220: config2 mismatch! 0x15 != 0x00[0m
[00:01:29.414,276] [1;31m<err> ads1220: config0 mismatch! 0x3C != 0x1C[0m
[00:01:29.414,306] [1;31m<err> analog_axis_hires: Could not setup channel #1 (-5)[0m
[00:01:29.422,058] [1;31m<err> ads1220: config2 mismatch! 0x10 != 0x00[0m
[00:01:29.422,180] [1;31m<err> ads1220: config2 mismatch! 0x15 != 0x00[0m
[00:01:29.422,302] [1;31m<err> ads1220: config0 mismatch! 0x3C != 0x1C[0m
[00:01:29.422,332] [1;31m<err> analog_axis_hires: Could not setup channel #1 (-5)[0m
[00:01:29.430,023] [1;31m<err> ads1220: config2 mismatch! 0x10 != 0x00[0m
[00:01:29.430,175] [1;31m<err> ads1220: config2 mismatch! 0x15 != 0x00[0m
[00:01:29.430,328] [1;31m<err> ads1220: config0 mismatch! 0x3C != 0x1C[0m
[00:01:29.430,328] [1;31m<err> analog_axis_hires: Could not setup channel #1 (-5)[0m
[00:01:29.438,079] [1;31m<err> ads1220: config2 mismatch! 0x10 != 0x00[0m
[00:01:29.438,201] [1;31m<err> ads1220: config2 mismatch! 0x15 != 0x00[0m
[00:01:29.438,354] [1;31m<err> ads1220: config0 mismatch! 0x3C != 0x1C[0m
[00:01:29.438,385] [1;31m<err> analog_axis_hires: Could not setup channel #1 (-5)[0m
[00:01:29.446,136] [1;31m<err> ads1220: config2 mismatch! 0x10 != 0x00[0m
[00:01:29.446,258] [1;31m<err> ads1220: conf
# end=2026-10-01T18:17:43.4806559+03:00
